Time (sec),DMNa,DMNp,SAL,OLF,STR,AUD,VIS,TH,MOp,SSp,SSs,HCa,SUB,CTXsp,BF,HY
0.0,,,,,,,,,,,,,,,,
1.0,,,,,,,,,,,,,,,,
2.0,,,,,,,,,,,,,,,,
3.0,,,,,,,,,,,,,,,,
4.0,,,,,,,,,,,,,,,,
5.0,,,,,,,,,,,,,,,,
6.0,,,,,,,,,,,,,,,,
7.0,,,,,,,,,,,,,,,,
8.0,,,,,,,,,,,,,,,,
9.0,,,,,,,,,,,,,,,,
10.0,,,,,,,,,,,,,,,,
11.0,,,,,,,,,,,,,,,,
12.0,,,,,,,,,,,,,,,,
13.0,,,,,,,,,,,,,,,,
14.0,,,,,,,,,,,,,,,,
15.0,,,,,,,,,,,,,,,,
16.0,,,,,,,,,,,,,,,,
17.0,,,,,,,,,,,,,,,,
18.0,,,,,,,,,,,,,,,,
19.0,,,,,,,,,,,,,,,,
20.0,,,,,,,,,,,,,,,,
21.0,,,,,,,,,,,,,,,,
22.0,,,,,,,,,,,,,,,,
23.0,,,,,,,,,,,,,,,,
24.0,,,,,,,,,,,,,,,,
25.0,,,,,,,,,,,,,,,,
26.0,,,,,,,,,,,,,,,,
27.0,,,,,,,,,,,,,,,,
28.0,,,,,,,,,,,,,,,,
29.0,,,,,,,,,,,,,,,,
30.0,0.07827116079137544,-0.04906166793312816,0.212568274173489,0.08016116818449721,-0.0636513248921713,-0.030759619166317514,-0.07950935599945896,-0.11133588926381084,-0.053796138306570235,0.15477257853640955,0.06291999469513014,-0.04555316223179489,-0.003943404387841166,-0.09770202105868514,0.009358925253472209,-0.019651566948202567
31.0,0.10193709584108518,-0.013175186688083623,0.15118673234628952,0.08517367899416652,-0.0748843705013731,0.03271120257256221,-0.045481587395971815,-0.11534715020302946,-0.07819392963548837,0.09648176620677398,0.0391374625532171,-0.02089671855464818,-0.051725965492705105,-0.1086412694739748,-0.010690602970707055,0.031032641009710833
32.0,0.11951095958315348,0.026226208557965234,0.07741565730744276,0.07865486661152914,-0.0769052215243413,0.09962596199630183,0.0009403868916752059,-0.08983669328092056,-0.09332216570486135,0.03273432297886359,0.014955796251957672,0.0050211869474509245,-0.09604534821681977,-0.08281632336392994,-0.033516457842413354,0.08455203350687503
33.0,0.12173258297349296,0.06277381484500529,0.000685738187292713,0.05997430619055668,-0.07408212564406008,0.15522130121113087,0.05346318969024976,-0.038143835805316974,-0.10627446931350464,-0.030767341980895074,-0.01368105267323616,0.025561509087861523,-0.1193047406419025,-0.033649841752354685,-0.05810160289042083,0.1335548613250977
34.0,0.1033916527688402,0.09129660366785466,-0.07141353729734358,0.030602045524281987,-0.07141143206183793,0.1898071116322104,0.10576821208922332,0.02990689298244831,-0.12274281590358724,-0.08625046506921259,-0.049274785537952843,0.036470370237403495,-0.11091655594563295,0.019379054436708024,-0.08365632903320185,0.16929859948459455
35.0,0.0649437598119897,0.10692257433512105,-0.13285502639014637,-0.005015366298375483,-0.07323926487729925,0.19992227390468156,0.15035761664574454,0.09963140961888431,-0.14117064168883156,-0.12532960412557312,-0.09108790286939467,0.037532198373006816,-0.0717238380077609,0.058799719366102246,-0.11034545879820631,0.18456623145835896
36.0,0.01291980257575039,0.10459063350677965,-0.17675784351616192,-0.03929516341177145,-0.08160423298280196,0.18737719013133117,0.1773031961508249,0.15349084789861012,-0.15329604091674182,-0.14186221405145202,-0.13359519572717693,0.03201029585866974,-0.013524209472651493,0.07486638418229494,-0.13781080785862418,0.17543238153044213
37.0,-0.0419489167783502,0.08009851893498086,-0.19550675575953372,-0.0634092546102912,-0.09493922376762182,0.15758812088054985,0.1761927402387024,0.17532168256482136,-0.1502546995104087,-0.13468198587019664,-0.16716858556777475,0.024161709584991795,0.04680495291983156,0.0664505311468875,-0.16332569368082592,0.14235096045300524
38.0,-0.08844721373644744,0.0333291405559424,-0.1848090074423826,-0.07081124309687449,-0.1081627719057728,0.11784244085285983,0.1415557795609558,0.15628298846107572,-0.128777054730282,-0.10772449285092608,-0.18139468663453664,0.017033927258121057,0.09616226556526293,0.038823321028912956,-0.18250948380802576,0.0910116393675116
39.0,-0.1181967127178328,-0.02787305115026978,-0.14744518318856842,-0.060105665345535964,-0.11432589410625668,0.07559582388769165,0.0784014728721475,0.09905844971378697,-0.0929808123148329,-0.06737458433244202,-0.169881726457208,0.012354894449756725,0.13151336125596508,0.001036458019314454,-0.1922142429371746,0.03207853350762164
40.0,-0.1270737465392366,-0.0868578212385537,-0.09276903965260025,-0.0352252533405282,-0.10738680315207391,0.036752243079234075,0.003568984891580259,0.017760038098592237,-0.05196740000250165,-0.019829284832219077,-0.1343188297360707,0.011735347073968642,0.15909769913906127,-0.036466401936849836,-0.19216464591305968,-0.020933962757514354
41.0,-0.11498147907522226,-0.12274604699770057,-0.03317888152876981,-0.003098407177621504,-0.08522260398169669,0.004245262738818008,-0.05930342767601946,-0.06617217828405905,-0.015964334412924164,0.029207903573019164,-0.08530636373755089,0.01717051278948406,0.188058780974023,-0.06481888884498127,-0.18372304075341497,-0.05539596664897149
42.0,-0.08490396266813571,-0.11871840430162288,0.01947449108545481,0.029147824617039377,-0.051293607778265166,-0.02241124286539516,-0.08906770013691928,-0.1304622283177739,0.007544530212039913,0.07339376172737842,-0.03886722527939815,0.03027339333443705,0.2243576508319954,-0.07971552301230284,-0.16766580354788346,-0.06414081505186235
43.0,-0.04198684851369969,-0.06944973427139163,0.057128042630981014,0.055689029517128265,-0.013373034712200667,-0.04567318583639697,-0.07517732885174933,-0.1587323136201497,0.017098902039505953,0.10579709336931967,-0.009637820629487722,0.0512732588900669,0.26861918228933973,-0.08179603119154837,-0.14364035651574925,-0.0488297083503004
44.0,0.0068523114314720905,0.016426655109978643,0.07838264327688514,0.07231447576045644,0.020350047668307922,-0.06644979453307237,-0.020878874733642038,-0.14493703946163408,0.017992540198347787,0.1210543056171427,-0.004106293514971124,0.0784785035987308,0.3169541726700182,-0.07353103093049759,-0.11186489741322861,-0.019065158895861634
45.0,0.052820086748441596,0.11950876291513136,0.08849465589479198,0.07673380937880538,0.04485271155407895,-0.08105041433651707,0.05800714689771817,-0.09429850237269184,0.018784748964034335,0.11779521795497397,-0.018343424182650905,0.10811120309536781,0.3623266953820821,-0.05603569151909304,-0.07536058420694006,0.012992244614916364
46.0,0.08573603225823459,0.2158029800936647,0.0946640039304173,0.06918984332658537,0.059003435656808656,-0.08219902058405969,0.13743711219694962,-0.0212838564668457,0.02537111497369239,0.0992734824601143,-0.04144877813692741,0.13496184545865278,0.3956828590179026,-0.02941235691519537,-0.04077232260465483,0.03855181850118073
47.0,0.09644532295118255,0.28328252407033894,0.09996444577349133,0.05263422644690079,0.0641714792509594,-0.06391320937571832,0.19269894621740866,0.05474493915838677,0.03694961006320017,0.0722598229028029,-0.061337468527025304,0.154277840091598,0.4079114581517065,0.004813405975797806,-0.016883554058552065,0.05475764661832382
48.0,0.08058039734970447,0.30728854825872143,0.10165811686888297,0.03205841838949133,0.06274936599900645,-0.026198132095864652,0.20728679406460773,0.11523204074693393,0.04671800085617856,0.04506810229014663,-0.06935651465418946,0.16360458069816844,0.39345221178563267,0.04335042881829937,-0.011238799955701918,0.06353877569402851
49.0,0.041007864624300505,0.2830085360070213,0.09504242812173952,0.013275274813260388,0.057119104315230214,0.023154332184320423,0.17814351284135635,0.14754301763151634,0.046449900381816504,0.02469475472040167,-0.062916881214147,0.16308714811165143,0.35399477433337845,0.08329800685358167,-0.02654545819674503,0.0687939713216412
50.0,-0.012873826673682028,0.21483305192735794,0.07847101827429974,0.0014347795765179486,0.048895515345080506,0.06988856594130914,0.11446854628232304,0.14827123759470223,0.03177504044631496,0.013752968715877976,-0.04598288610523955,0.15486925748018845,0.29903947746451975,0.1230629785546317,-0.05856356376258587,0.07391478439835518
51.0,-0.0682679167309455,0.11482139835086479,0.05534258760708733,-0.0005025458957988742,0.03883777886904305,0.09810568401498658,0.032589934819510925,0.12431783787493464,0.00524806661071864,0.009460709752204637,-0.026752577068162732,0.14279806614177676,0.24191346693112667,0.16038123921890354,-0.09649996382655027,0.08032321838361854
52.0,-0.11275055071165159,0.0014067357245053948,0.03243289400605026,0.007432233870831967,0.027446094386547548,0.09775647828437617,-0.04971888603081492,0.09053697660365258,-0.02408873292624042,0.005645336141321643,-0.013326784396216687,0.13178403864842236,0.1938380442340508,0.19034434966714014,-0.1263745318389689,0.0866020606953441
53.0,-0.1374381405387721,-0.10293982654385136,0.016068772608122003,0.02283173274840613,0.015405141504380528,0.07073645484955204,-0.11834026552683066,0.06349891923033975,-0.0444760492062462,-0.0042944382246056095,-0.010196577804389534,0.12591352427745367,0.16040262667781788,0.20632745790013068,-0.13638842256672393,0.08846466882830627
54.0,-0.139075651048745,-0.17613277205776395,0.008218810543519221,0.04208308509130934,0.003537048446539598,0.03127698109955471,-0.16574658839694412,0.054299412018731286,-0.04702868060827906,-0.026049643842553934,-0.017744668442496017,0.12632329692684918,0.14225687806090737,0.20303058954377637,-0.12163512074498416,0.08102398766112544
55.0,-0.12081352571257718,-0.20234328827155773,0.005019978650988564,0.060645823458475336,-0.007374559380849701,-0.0004016160270338337,-0.1902478727593413,0.06488859893238438,-0.030230444766914947,-0.0649638232410292,-0.0345010043200289,0.13033217478903633,0.13765575622656873,0.17905265260188857,-0.08556116904918622,0.06322174371284704
56.0,-0.09101687999944785,-0.1773337811592935,-0.0006098055729588128,0.07297927014093045,-0.01716573271357338,-0.008408409595844775,-0.1933124961806842,0.08949571827625062,-0.00047403424270147786,-0.12629853786737394,-0.06024112266996349,0.13233060944927702,0.14327520424320644,0.13789871121624672,-0.037716212718347596,0.04057881747147524
57.0,-0.059652999418254804,-0.11049320471193083,-0.013782300127497024,0.07394601056119397,-0.02737442774848573,0.010191404132604357,-0.17732936305281705,0.11885495108669422,0.031748633874390884,-0.21239640120856879,-0.09734519601749975,0.12637527345670432,0.15300394906265405,0.0878627315775619,0.01025234488213953,0.022392946500476196
58.0,-0.03375342643003772,-0.021828429968592987,-0.03394044706497479,0.06169325683533264,-0.04110538327604359,0.04423213078224789,-0.14375337765298535,0.14396451777080357,0.05727811663763328,-0.31650191423016777,-0.14821379411285895,0.10953576643415323,0.15783274778460776,0.04075447686475493,0.04825373075978067,0.014829030887304095
59.0,-0.014907466938455183,0.06485459084534412,-0.05521938534369325,0.03973940132548152,-0.06041484131401764,0.07638332169314387,-0.09222995117414091,0.1575785785508074,0.07155572965313461,-0.41778038408377616,-0.20934081374645433,0.08384877121856026,0.14848323051626522,0.008492320106381252,0.07036219137907958,0.01563183950734464
60.0,-0.0001936819701428513,0.1292374287478894,-0.06989388784159105,0.016002367393872213,-0.08355167400747618,0.09476970831466594,-0.023024130864043316,0.15411248291258037,0.07425157164066905,-0.48415935655454434,-0.2669117397689698,0.055461558410067495,0.11864780537099225,-0.0022844215849731676,0.07581600459249167,0.01483599865097006
61.0,0.0146949572129145,0.15924900649514268,-0.07247494985730592,-0.0014203428125590062,-0.10554874323149042,0.09915850154968282,0.058020627480506716,0.13047662283228448,0.06727214515890488,-0.48472324727779204,-0.2997126063641605,0.03178240801860648,0.06657143707812871,0.005447970590677164,0.067644638843248,0.00123286187251636
62.0,0.03212936820220216,0.15214127438141453,-0.062372206895471904,-0.009207914801024319,-0.12171106078123728,0.09790243537606713,0.1369004530333428,0.08871644396506255,0.053577769984356885,-0.40504864312350664,-0.2895750626296255,0.018359901131518055,-0.004809943454454685,0.019468677552155953,0.05002899408212787,-0.029774620382029902
63.0,0.05055486165161009,0.11317693036928507,-0.043812321474790805,-0.010867765143241764,-0.13010697054712214,0.1004067304316254,0.19444637058340256,0.03797652064736816,0.03695818927956442,-0.25573962876852674,-0.23225898950792517,0.01666167986732876,-0.08824035999634755,0.02368766432303925,0.027281075439734116,-0.0722170154919212
64.0,0.06493240856533308,0.05413234225234233,-0.02339255291194698,-0.01426694025603709,-0.13107182108055312,0.11122735853093932,0.21338335241478007,-0.0069774764535625285,0.021709507505240706,-0.06922904857139789,-0.14069863470601393,0.023530743866415044,-0.1729728459985712,0.005353472369020399,0.005215688956396487,-0.11171282382083127
65.0,0.06921909744724258,-0.008618481844754805,-0.007217410197877721,-0.026410953135957073,-0.1254720785935734,0.12759807683797073,0.18576990153296807,-0.031087740351348776,0.011063744735106273,0.11269132949680616,-0.039060857766681494,0.03242818802998598,-0.24655754064300084,-0.039464016837723145,-0.008295254523210904,-0.13213989772391435
66.0,0.05886425200585558,-0.058535962291676374,0.0008029884394494233,-0.048818588409417746,-0.11399300440401233,0.13994917463008305,0.1170604924409569,-0.026314651878338497,0.004377472636828357,0.25370428257686045,0.04708930816276004,0.03566083966226972,-0.29782138694251653,-0.10403335057216442,-0.006247743074729373,-0.12359009102566605
67.0,0.03230846482219989,-0.0851481725770843,-0.0005770572203947149,-0.0760586823689453,-0.09779340534441454,0.13540891571933655,0.024423727845239777,0.002839923242604347,-0.0040065444833590055,0.33323258881817186,0.09848648328830287,0.0269868165269497,-0.3201748986362491,-0.1730071420129902,0.013199941373533133,-0.0879338478950166
68.0,-0.007815712315484894,-0.08791265897165443,-0.010095926357113984,-0.09809667269788276,-0.0794609716692173,0.10379544110494573,-0.06962804763457213,0.039723688967941824,-0.02143836017031098,0.3484744648836158,0.10548987292861409,0.004354825400147964,-0.31357738787004114,-0.22746990123074323,0.04464997023089434,-0.03885778447383938
69.0,-0.05410243178974262,-0.07494296091454007,-0.024622403592772915,-0.10511649722213717,-0.06284426889716821,0.04371762897327135,-0.14438715926494997,0.06294402039110934,-0.051118598849563594,0.3095126928341191,0.06786814920181637,-0.02831106167162206,-0.2839033064073932,-0.2510805247913608,0.07650084149528899,0.00429990811393119
70.0,-0.09618593519124502,-0.05813889936630733,-0.04036392866925818,-0.09235660593100949,-0.0509233947213244,-0.034773262621942934,-0.18567264967467792,0.0570057901928546,-0.08847810381601497,0.23269004178949682,-0.006931264798472813,-0.06197399941503107,-0.23973105916288223,-0.2351486242158301,0.09477277973141943,0.02629182221656952
71.0,-0.12505084449571968,-0.048350048093501734,-0.05419752921508052,-0.062483068665538294,-0.04286189230574719,-0.11342130082832637,-0.1881222314212976,0.019819013324567567,-0.12238203592681604,0.13654936346655544,-0.10485185622304373,-0.08638104907553208,-0.1885508819823265,-0.18168366735514238,0.08901616479836179,0.023847688190855705
72.0,-0.13692288583523118,-0.05270867554499566,-0.06455175840693343,-0.024095404837939326,-0.033335846855441977,-0.1737562995898962,-0.15618799737120415,-0.0371689715553659,-0.14043854813555845,0.040116456791427876,-0.20539084512939115,-0.09501848570674519,-0.13552343912166795,-0.10380922498885076,0.05738195707954629,0.0061933341645581804
73.0,-0.13381728907372037,-0.07353473023281684,-0.07184020706254811,0.012709305513433654,-0.01602379517468923,-0.2052249578541344,-0.1029352549238584,-0.0956951416228074,-0.13562493210468113,-0.038877485468221076,-0.28348279078281535,-0.08804430743419343,-0.0858843721802382,-0.021921135397177275,0.007584506052238513,-0.012198701734890878
74.0,-0.12106805526956206,-0.10771123331774778,-0.07839613724570531,0.04077243434571565,0.011048711560967449,-0.20884639027264815,-0.045584500822529885,-0.1400994483588223,-0.11055973014223748,-0.08679709337165696,-0.31542642010833694,-0.07162703462732127,-0.04820673063554967,0.044398899042609255,-0.04642484002386413,-0.020984686252436106
75.0,-0.10435678631941471,-0.14741202208515813,-0.0872608534924589,0.05782433594471155,0.042814725930203495,-0.19455299130367545,0.0003673370428611409,-0.16452709278364605,-0.07670532699353662,-0.09756005031382063,-0.28747998606345493,-0.054973128163750204,-0.03436709226894003,0.08435353674973803,-0.09000733210593571,-0.019336934860966586
76.0,-0.08772211541632637,-0.18314370931369178,-0.0996558169076416,0.06553773367714259,0.06921834831811828,-0.1737972577950217,0.025562191670494755,-0.17436356773600156,-0.04859913389350075,-0.07549875282558868,-0.20272982939224451,-0.047287225007040544,-0.05486369978825542,0.09839322198469852,-0.11308761554802223,-0.015023484489344225
77.0,-0.07245279378458938,-0.20718187453668865,-0.11299049792181086,0.06684412872862101,0.08060958787002531,-0.15237616820898092,0.02853863935950446,-0.18107300412771535,-0.03642167243521675,-0.0349061066975262,-0.08169465916076848,-0.055207011010267704,-0.11192519073377022,0.09433814973142597,-0.11232375780732193,-0.01841810790220091
78.0,-0.05697157486853896,-0.21478685661695227,-0.12221880466031407,0.06343445674360974,0.07344483540743332,-0.12859265736577288,0.014956834297905845,-0.19363627005280637,-0.04166429619154355,0.005309253357036769,0.0449830426981987,-0.08051486717621915,-0.19452367547900368,0.08123432555425346,-0.08933871982152536,-0.03486474533377616
79.0,-0.03825195043493182,-0.20362533261250979,-0.12385226526633249,0.055231986249960695,0.05284545713530579,-0.09685000358049033,-0.005414248671267094,-0.21246118878164225,-0.05810088438525576,0.028927137563352735,0.14854346331806734,-0.11919365471025914,-0.2789604109654522,0.06535607263577749,-0.047968111044522345,-0.05956065658974242
80.0,-0.014190993714807221,-0.17385859961264152,-0.11763132063532339,0.04184307898984243,0.029776670117186613,-0.0522730955590076,-0.023303280650041468,-0.2294666455715872,-0.07575026959933068,0.027064800260220855,0.2126018927741206,-0.16255349378237022,-0.3365171998803178,0.04967012417243728,0.006076932618711021,-0.07820753516282773
81.0,0.014789002383138418,-0.12953038726349897,-0.10351261130499848,0.02403482794558847,0.014449720823355083,0.006861350733896242,-0.03416097063796508,-0.23314877081295093,-0.08475985766436377,-0.0006715393387225614,0.23718360362206678,-0.19948532425285714,-0.3455468080165748,0.03539616405246928,0.06356919762264772,-0.07411696029932273
82.0,0.04575712649531894,-0.0790009576914463,-0.07849334185492306,0.003844938417888183,0.010992121712321565,0.07831720658538179,-0.039311336755317665,-0.21467855433976865,-0.07862080566431015,-0.04633337087755566,0.23495673593226754,-0.21913598480298474,-0.3011573819856797,0.023509497339672975,0.11141580066984882,-0.0383061882603977
83.0,0.07408697882029745,-0.03258714673474948,-0.03859908656342245,-0.016098930990004107,0.01699318206104227,0.15452886984556255,-0.04336863752464717,-0.17147978253111815,-0.056493084769303106,-0.0946720293430281,0.22222429565347657,-0.21410362733216948,-0.2162124614637802,0.0145442100459549,0.13583388499630905,0.02403548056978516
84.0,0.0942978459443305,0.0011620588779024644,0.01498881622749508,-0.0330619026822697,0.026813450337797935,0.22079826669353078,-0.05035778469251701,-0.10720854895530721,-0.02353765168622387,-0.12694908721669693,0.21020167571960793,-0.1833774842635192,-0.11397922993625122,0.0069771156671106045,0.12836676703912825,0.09540083808461139
85.0,0.10131995289415406,0.017734597093583594,0.07187363020333645,-0.04443160386974446,0.03524016915480544,0.25717885487270487,-0.061467705494774226,-0.029918022795374116,0.010789991224082057,-0.12786700864156067,0.20163351200027904,-0.13346454672793548,-0.01838200813365949,-0.003263607620948611,0.09125887205041887,0.1545098112092291
86.0,0.09247997705443356,0.01660621028440257,0.11524191926770472,-0.04817213064128567,0.03927628946073879,0.24670500540389076,-0.07495342999108395,0.04947006461612619,0.03566054444955449,-0.09289137976062203,0.1931298462049092,-0.07701235948489644,0.053031531459240375,-0.02051714793233358,0.037717265854193736,0.18531169392388366
87.0,0.06926865475349306,0.00012047674368157894,0.1303430135289607,-0.0437449849093986,0.03782545970583395,0.1850884028774052,-0.08686832833902118,0.11846742671332483,0.04261593880045395,-0.03210671696522753,0.17916860004160542,-0.02939291661254216,0.09192738909574558,-0.046284335193999604,-0.014275092339505658,0.18149062049442918
88.0,0.03753434872672623,-0.02716028669950225,0.11238847524429474,-0.03314561048870067,0.030462116848490383,0.08433311749359979,-0.09210120003215837,0.16543774059776545,0.029113923570182547,0.03221668403482568,0.1545263257685744,-0.004119015806764307,0.09810948070069368,-0.0783679358450422,-0.05038906262286986,0.1460567643100255
89.0,0.005643694683953149,-0.05779641786061835,0.06774039835747321,-0.021234823367621985,0.016982951225553777,-0.03133607136309441,-0.08579482914355334,0.18343147544048174,-0.00024583107011095937,0.07449491959866403,0.11569421163922189,-0.008153714522178586,0.07594657179984342,-0.11255092527735394,-0.0645472562077451,0.08846037509937911
90.0,-0.018657224298496755,-0.08011914324699168,0.008090307274429777,-0.014601443261867192,-0.0016472565051898088,-0.13365157833942012,-0.06409114309216438,0.17394176137155223,-0.03599370662871821,0.07733574759382547,0.06266008483700727,-0.03871335402350656,0.03140399446381165,-0.14427441242770275,-0.05782005843002582,0.021518261415965665
91.0,-0.031075877244250535,-0.07892849346516269,-0.056342065465054006,-0.01897457099246835,-0.022361372930008627,-0.19908188714158803,-0.02393388611712826,0.14797688577793094,-0.06805973214733932,0.03930391150421149,0.0003105868278153366,-0.08377309563760156,-0.027994448110453842,-0.1684992598010292,-0.03483307220664123,-0.04117679948413616
92.0,-0.031694964815498834,-0.040935947743493434,-0.11887753657334323,-0.036369494073608545,-0.04082866203176082,-0.2158409707533033,0.03583569775558465,0.1224522192443475,-0.08876955587899887,-0.025404310120749965,-0.06216262674827747,-0.1273928919642756,-0.09172084297727226,-0.17912637476106877,-0.0012710564294793805,-0.08772232858021342
93.0,-0.023887608565467656,0.036600102305529035,-0.17419526791502105,-0.06360075286236984,-0.05368085730781548,-0.18702042368679617,0.11095042733042401,0.11259536539496848,-0.0929564804709777,-0.09421816198255938,-0.11400290431230059,-0.15732932977325484,-0.14663310363258017,-0.17021050473717003,0.036518528198998715,-0.11023688420205678
94.0,-0.012564957382235332,0.14018012574060232,-0.21632657206494063,-0.09314002665430843,-0.060039626227734025,-0.12866620363036183,0.1887768493986122,0.12430805046412022,-0.07711865226179422,-0.1451980794576128,-0.14624507303788145,-0.16978046910953842,-0.18018876863981798,-0.13879239215601685,0.07074417981995393,-0.10664711288881683
95.0,-0.0026186177141670135,0.24291209014793536,-0.23945078251778637,-0.11615915979166154,-0.061106369616774625,-0.06371524701313941,0.2502549889296237,0.15155630416949717,-0.04001158177464243,-0.163068530405411,-0.1539277927025899,-0.16831391693710593,-0.18422579723967988,-0.08746313708109749,0.0925521413692175,-0.08144632020985804
96.0,0.0023775098838807055,0.31553280239492326,-0.24040910042870267,-0.12632545776848225,-0.05837130893275128,-0.014493074635785206,0.2773240922978816,0.1809956523793823,0.015853906877234245,-0.14093793414596653,-0.13647834628674413,-0.1588436523831847,-0.156455168708514,-0.025099304732195876,0.09501365831828903,-0.044390722062384806
97.0,0.0008360292528617238,0.3391218730181501,-0.22064471504158364,-0.12231079427659299,-0.051829511070402366,0.003831039518889434,0.2616305982817994,0.2005729365146724,0.08375017930811898,-0.07962891520605087,-0.09689562709241195,-0.14502697940620093,-0.09958875746901359,0.03495723131785222,0.0760941719671488,-0.006634059236022512
98.0,-0.0070765555657246295,0.31232453670501686,-0.18642530610102695,-0.10774223048946631,-0.039556377624449884,-0.012236853158584578,0.208904595101406,0.20581919767017967,0.1537441658425138,0.012760872451805223,-0.040923971595353166,-0.12698180730852585,-0.020673782514753,0.07882082638603252,0.03838174963246601,0.02386738604422997
99.0,-0.02007255413479868,0.2500275659089906,-0.14675139221673564,-0.08866353764883028,-0.019320776814154342,-0.053250923429893446,0.13608186982609252,0.20003274917444547,0.2143265190691778,0.1208405285768457,0.023111489221342416,-0.10307790574459431,0.06842084950682106,0.09638108311686203,-0.012877132384185214,0.04463005924959906
100.0,-0.036246470598212406,0.1752787204496413,-0.10901130250643674,-0.0699328308698854,0.008742665022839512,-0.10039867577729415,0.0629960436489802,0.18953507284465212,0.25452922292359903,0.22357573447694354,0.08452391949169732,-0.07287950604967261,0.15165468822830042,0.08430700202978507,-0.07031106926143992,0.05717249994119082
101.0,-0.053189556590027116,0.10958638819507126,-0.07477949067113104,-0.052841882575899196,0.04074450223373182,-0.13332140864944206,0.004101683921885159,0.1782485524515896,0.26727783951942086,0.29903178584891354,0.13245716430381216,-0.03928200985481009,0.2125897232100048,0.04719060659923824,-0.1239870563028656,0.063641227084076
102.0,-0.06752344014530608,0.06655700249100431,-0.03907854211483315,-0.03541458404369282,0.07033113994868792,-0.13835185075711262,-0.03484776986279778,0.16543438082007486,0.2527643564565902,0.33103936506744086,0.1606384494261227,-0.008231586095360881,0.2401869890964541,-0.003005688404251493,-0.16192060990306748,0.06524048050409394
103.0,-0.07451193641136142,0.05017518079780434,0.00595661075765956,-0.014896746966696371,0.09162914853302898,-0.11266827919844068,-0.05443313302027004,0.14717223431572415,0.218107010112226,0.31471003406868964,0.1713546707897728,0.014180381613318591,0.23334104603649486,-0.04937572052366442,-0.172238682015124,0.06332298623891276
104.0,-0.069071779377141,0.05649119408419664,0.06501044150755626,0.009458268646847021,0.10161588709041243,-0.06313890895532227,-0.05679411888451857,0.11931322754596636,0.17240632384547405,0.2578840002001045,0.1740071518889769,0.025316385648119208,0.20132531583715627,-0.0745075004347983,-0.14755128662221223,0.05991260117211396
105.0,-0.04821411150828997,0.07747391300722777,0.13452121053373362,0.035371196005813545,0.10040976168438666,-0.002644658772288139,-0.042618516982064404,0.08013329685099702,0.12194718786194494,0.17788424603850048,0.1782416633043848,0.027922982516406628,0.1596780885137389,-0.06613521452603845,-0.09056658168404193,0.055999804975479885
106.0,-0.013190545421232235,0.1050097228341883,0.2020372277053059,0.05899271577845017,0.08957288026268372,0.053631672733759,-0.01201411135345209,0.03238923587421157,0.06999066553020025,0.09549972765637388,0.18715960533892784,0.02943788396237851,0.12342988124981281,-0.022307176746933277,-0.01652283591572837,0.05019264064014628
107.0,0.030374834871734455,0.1322889449726846,0.2514201585570814,0.07753990569491853,0.07015465262746465,0.09225018353753178,0.03173091799654827,-0.015915630765809135,0.019849948406955368,0.028719157113317583,0.1959490149189763,0.03897614301529424,0.10110770206115353,0.046588616115965084,0.051525346534133695,0.0399951081832785
108.0,0.07440889857935508,0.152428558911579,0.2709852899374549,0.09086741816913256,0.04259869598466001,0.10537902576176293,0.07905254944195317,-0.0533150376266811,-0.02296347634812643,-0.01209972769358479,0.19618486136038685,0.06292873421423995,0.09292654721763864,0.12130355797011988,0.09289475273566011,0.024563609383414606
109.0,0.11075693240075513,0.15732036815373,0.2587931149122474,0.10058537455071138,0.008773667821383165,0.09185943380888416,0.11513356072917554,-0.06945500862073307,-0.051310058597106696,-0.026383108269868397,0.18158806683600853,0.10088340806459853,0.09361261503272189,0.18160565911526522,0.098682578170344,0.006208508375623156
110.0,0.13273603688302035,0.13906468182426499,0.2221772977481907,0.1077117483794352,-0.0259901550139468,0.055266085606027596,0.1250682745468081,-0.06046116098034684,-0.058470571645618995,-0.021832425831265385,0.15086762744675103,0.1442273852270697,0.0964590434261926,0.21415980867557166,0.07496095908453661,-0.010823659313494976
111.0,0.1363053042066181,0.09384515450149229,0.17378112677401306,0.11140285974516116,-0.05308259640280992,0.002040780627351616,0.10017235980627744,-0.03140175383733014,-0.04042234560151612,-0.009719618609452318,0.1066474560450088,0.178963298944001,0.09552437014752829,0.21666629640882737,0.038533884453644196,-0.022996435843691997
112.0,0.12133830806793292,0.026230857491388412,0.12727771519893055,0.10978446163606366,-0.06329633802072901,-0.05898867178928921,0.042535418873815276,0.006126348248471198,0.0016370045086219148,0.0005715967354110522,0.05283517426580563,0.19190496455958644,0.08670412388205653,0.19692640497920524,0.007831328727862255,-0.02872043849906845
113.0,0.09204170659696909,-0.04959172749407855,0.09367876556221662,0.10154246213865521,-0.05069428665833736,-0.11759731346950787,-0.03403712259874569,0.03919939547101624,0.05921427118582076,0.0051303813237752755,-0.006406166306425683,0.1772045117261175,0.06936687804786015,0.1674777900649698,-0.006274942817210963,-0.02732286769069433
114.0,0.055535629169948274,-0.1142053906904984,0.07833313779520473,0.08688412927444518,-0.015898904092287464,-0.1644790449759013,-0.10793270876759128,0.05792288403281628,0.11743385856746144,0.006188428228010292,-0.06516478316734704,0.13952911145331723,0.04736396392285226,0.13872161264270225,-0.004789628094563871,-0.01805876575644137
115.0,0.019216260987916945,-0.1509735502019983,0.07913688329009284,0.06770900837579023,0.03289135914336117,-0.19298860073218763,-0.15793232626272868,0.05713028982864386,0.16048616056172624,0.009965256320678283,-0.11424139564666785,0.09183414181564592,0.027136964449290573,0.11482010634411836,0.00195375701795215,-0.0010820698053928906
116.0,-0.011551824768733778,-0.15254751921116025,0.08678948114670394,0.0472573035930802,0.0821833046305667,-0.19919456686108697,-0.17201438204069236,0.03596656781167188,0.17861027080572778,0.02239691051435733,-0.14239611670438554,0.04902641806300113,0.013431630220919298,0.09455803952177519,0.0015814976721869505,0.020926142803818715
117.0,-0.034302514774505036,-0.12274373442392457,0.08835106567448921,0.029341231043252616,0.11820774702180623,-0.18146437768580898,-0.1516155764593456,-0.0028577219320615457,0.17090115546569315,0.0446761640695808,-0.14033191519404914,0.02137515913512574,0.005903837934030615,0.0752737706499461,-0.012454723790318421,0.042675861331494695
118.0,-0.04880479613891475,-0.07402711862860512,0.07389824292386309,0.017195118013688514,0.13240793897864095,-0.1402665820219462,-0.10886909988605424,-0.053050563505630165,0.1421042436620079,0.0711591519969826,-0.10520151032626443,0.011193679739315517,-0.0003488168538706369,0.056169396506879556,-0.03640171704623149,0.057836911318709675
119.0,-0.05605068231076901,-0.022123951433848446,0.042168734688451046,0.0122100251977597,0.12452358136430736,-0.07788358630078186,-0.059330998094485006,-0.10494463551853146,0.09747672252566122,0.09092733707355422,-0.04317496469377662,0.013814128506500378,-0.010225928940584739,0.03886931327315041,-0.05733999223670019,0.06106513686673738
120.0,-0.05824291878175754,0.019779372833356696,0.00043037850710694967,0.013346186305956428,0.10156756073267582,0.0010013859973319504,-0.015387207266814975,-0.147457832512106,0.040188049637086165,0.09232021403295897,0.031328279958194725,0.021475828280933484,-0.023592959092671593,0.02552088714685071,-0.05937744129450064,0.04963568807008831
121.0,-0.05917095220090502,0.04434972836005972,-0.04059774718757417,0.017871352047724588,0.07362701832019385,0.08746356896344976,0.016467955699902132,-0.1711462524019056,-0.02791976808181784,0.06865446245852255,0.09957686796620555,0.02775382538059721,-0.03437763986103423,0.016524845265025505,-0.032117685004693,0.02416723552302573
122.0,-0.06305377541419074,0.050337975732529315,-0.07133433299118071,0.022940577674397694,0.04949973065866542,0.16752783246480707,0.035120070870930414,-0.17000290706582183,-0.10341150791050159,0.02292143227040928,0.1447147865347908,0.030361657049363767,-0.03490740225361537,0.01040418920227887,0.02283032896098077,-0.01142410061038111
123.0,-0.07169980390565066,0.041392410114939805,-0.08461430195783079,0.026929734552136042,0.03453368555774663,0.22429229251022362,0.04310122740071779,-0.1416166053212294,-0.17813046477535666,-0.031235949419335454,0.15818046334833474,0.031046357723268615,-0.021778208873630175,0.005991313105146365,0.09145461832036123,-0.050143115970090274
124.0,-0.08223692132952753,0.02400325990520523,-0.07588313679705717,0.029750676901139972,0.030516991094810035,0.24283495718992182,0.04464410172994305,-0.08798581015174053,-0.23888772868127015,-0.07450427543132537,0.14238920866971455,0.03298360478687476,0.0013851743474770182,0.0038105511176059112,0.1532458185131112,-0.08300075787934336
125.0,-0.08762958547974797,0.0042997119726227535,-0.04491202242760912,0.03183839275586618,0.03606584707654011,0.21675662436632456,0.04373297439312541,-0.017607003519053567,-0.27146765092543107,-0.09167752819904576,0.1069843233629496,0.037941367481240634,0.02525209235943283,0.004083007919293121,0.1891059284843759,-0.10215791203295087
126.0,-0.08015836027894199,-0.014538034791606633,0.0016561808545488186,0.032502643429177254,0.046847502933368396,0.15301199708521462,0.042526710253512685,0.05443856300048399,-0.2663238933070369,-0.08009026593568216,0.061643461681357294,0.04548445409187446,0.03819632028603754,0.003198047988777666,0.1875424024027736,-0.104708408833112
127.0,-0.05608746853041855,-0.03209601446988038,0.04958973880434126,0.0293051785078115,0.056346681930697994,0.07076554327966703,0.04104049454777821,0.1111492264330429,-0.2221559994474105,-0.04976597554896673,0.011877230127553706,0.054379624596709225,0.030696352882999746,-0.007058170621441582,0.1480067802296059,-0.09363575364755074
128.0,-0.018801881504966936,-0.0485093161525988,0.08039910235461821,0.0193423655264401,0.05785034400699837,-0.005357189578044681,0.03829145280897315,0.14078150576081688,-0.1465466425832362,-0.014710899481320346,-0.039062730043228994,0.06451761729802552,0.000374432482582255,-0.03545858786779042,0.08069423587996444,-0.07459104525069545
129.0,0.021971849332358663,-0.06269169769408732,0.07921426151193825,0.0016067963710217957,0.04726939890035049,-0.05291627071944755,0.0332174954185924,0.1413703815483707,-0.054799372399810684,0.017305325813595743,-0.08498296488030427,0.07762033203488433,-0.04467591978151407,-0.08453220729951755,0.003113851557615038,-0.05140825415422386
130.0,0.054754802488298816,-0.07229408051305161,0.044004867322406556,-0.02117585914955311,0.025601039439419843,-0.05733916929413956,0.024237821965227543,0.11982521773237667,0.032997554257825246,0.04798697878978575,-0.11412429930029189,0.09621592855142885,-0.08744293255334833,-0.1459487392840419,-0.0645629571716549,-0.024828075913810903
131.0,0.07147796038797205,-0.07479185208354334,-0.010674136365044964,-0.04262924743995461,-0.0004998467489301557,-0.015444356319167473,0.009381796109836056,0.08723692486712306,0.09705579177467444,0.08302525335437859,-0.11327732651312908,0.12172996196098418,-0.10859901259507922,-0.20212301426512802,-0.1040789462333087,0.004549821519048773
132.0,0.07005769264945594,-0.06847469341519619,-0.05963837945184434,-0.0550737141220957,-0.021212129875066366,0.06406326669712367,-0.011311285611603937,0.05395586474893405,0.12358560028643274,0.12386467028323397,-0.07681682692486838,0.15290603307142028,-0.09456902065145546,-0.23308230928976612,-0.10389852691699077,0.03287557748308357
133.0,0.05419954797260236,-0.05308340825467033,-0.07911722622206491,-0.0529716087927498,-0.02839301188880447,0.16379501079225187,-0.03348448487929478,0.026664547370490753,0.10859810632750977,0.16405154790980914,-0.013140449799110937,0.18508564239161807,-0.04286873449252304,-0.2240790100356503,-0.06378422445299939,0.05340907015263247
134.0,0.0318972052992955,-0.030567567356986573,-0.057279438148693275,-0.035695354067901135,-0.019912523058834466,0.2629045893392266,-0.04990023748391871,0.007522409216281483,0.058729905126493204,0.19212011236923462,0.0577105097651109,0.21063851701235384,0.03704154168643447,-0.1710538686578025,0.003231763169505757,0.060461736052113114
135.0,0.013265770208289143,-0.005274734733003447,0.001570682873088985,-0.008379386961865482,-0.0008857457110312647,0.34194053334169,-0.05505823006213782,-0.00510528925150563,-0.010486023540682371,0.19726412979803118,0.11355403207030065,0.22122935637347566,0.12688328548180974,-0.0832977116145212,0.07330672147344507,0.05317870958988697
136.0,0.007601984648481958,0.01759886406898967,0.07964983899238098,0.019656508248425006,0.01863805859979629,0.3859422455504655,-0.04850087466701628,-0.014570232568100795,-0.07837080270681747,0.17330466273083986,0.1392066513207167,0.2117021890064667,0.20542146687570204,0.017876618933214728,0.11819571354284475,0.03610209174491369
137.0,0.020191949455723262,0.034429883360029036,0.15315377048739387,0.038579428957929,0.028280014027527983,0.3852829423117154,-0.03424363154046627,-0.023682303131968126,-0.12469567221661729,0.11937414673123231,0.12973409855834314,0.18316622310208522,0.25513091895838136,0.10548818493680556,0.11438798506822011,0.01615391067019032
138.0,0.05022295334030189,0.044514065532115704,0.2010612087963033,0.042197098549733233,0.02206621571657679,0.3355818378098494,-0.018068760756489447,-0.03410433835759547,-0.13619622614414895,0.038387924782979845,0.08805107941766223,0.14257595643936527,0.2673323315137365,0.15638564323221057,0.05299549059508854,-0.0018123978847164944
139.0,0.09101944840740815,0.049632163915367414,0.2115529187116805,0.030185301571963655,0.0008526276146293771,0.23966333173813387,-0.005090056394612682,-0.04753420671387407,-0.1113201267220845,-0.0646292498166791,0.02078963604025983,0.09890961660243282,0.2443722232904769,0.15932647615383627,-0.054468410703714984,-0.01745148519277873
140.0,0.13256416413664812,0.05210738294065902,0.18397714903141765,0.007096267036118582,-0.028916156645407795,0.11171533868559819,0.001815691383988075,-0.06688348470120065,-0.0604885229211215,-0.18262688759478948,-0.06371045363018339,0.05889035522254922,0.19829888050915265,0.11777371172755641,-0.1794478169880356,-0.03387227102482259
141.0,0.16499232762727772,0.05231485296767297,0.12715237118248512,-0.020669244140548593,-0.059029592872907564,-0.02143161730845828,0.0027577962213415487,-0.09587530873238531,-0.001699067941323574,-0.30460276746927667,-0.15479432331565596,0.025262224017372183,0.14605321649016026,0.04708043210383666,-0.28769858128559783,-0.054848430483627086
142.0,0.18149041501214766,0.0474857019009693,0.05606660507822786,-0.04747390199106209,-0.08305518070722316,-0.12667852289872109,0.0004999532497886869,-0.1366777804091915,0.04643496010971445,-0.41330149268531047,-0.23918967128291913,-0.0018443244190834034,0.10282213119034248,-0.03142937093764078,-0.351401680541795,-0.08193613116261211
143.0,0.17935425258199492,0.03307392823510565,-0.012163912777725584,-0.06924757633432424,-0.09775125661089233,-0.1769654086059895,-0.0009530294708786633,-0.18659736402889915,0.07134719600457103,-0.4858969173011704,-0.30297949172906447,-0.02256758405304244,0.07658797908595934,-0.09691712329603067,-0.3560113962196055,-0.11160145507891535
144.0,0.1589730418467741,0.00608498439885261,-0.06292218326515876,-0.08285560223623678,-0.1027398048674211,-0.16280507453482757,0.0017399260463764749,-0.23666067148312572,0.07016129190850919,-0.500134342819978,-0.33481422543713923,-0.03626285603863329,0.06632333522600019,-0.13446396884203676,-0.3012064584640045,-0.13390741071015466
145.0,0.12215726281399457,-0.03162293131917397,-0.08821468191416489,-0.08539002755909474,-0.09943316602731948,-0.09694027801047332,0.009644381593954126,-0.27445323533352606,0.04911396091902929,-0.44418068774847913,-0.3292935836350008,-0.041952967141197714,0.06454305967277323,-0.1382008368943137,-0.198038333935595,-0.1357093970815659
146.0,0.07155057986717786,-0.07211961690254474,-0.08907048098954266,-0.07478236771398257,-0.08983835625651702,-0.00981199431522436,0.021180679415826974,-0.28948926642227757,0.019738663126177135,-0.3242041562167481,-0.2898593374749911,-0.03916546674126839,0.06251542140368378,-0.11138998716346558,-0.0645476284898898,-0.10813017008480745
147.0,0.011418426451287062,-0.10329417812458545,-0.07540279798647587,-0.05185215193355572,-0.07592157701348666,0.06218251834104426,0.03360450723957088,-0.2769242218236468,-0.005934629745596495,-0.16434925381138707,-0.2285296703114451,-0.02875351166845388,0.05435571013349262,-0.06417526089392263,0.07783216544705689,-0.05329955972527866
148.0,-0.05134114943451898,-0.11354647472314554,-0.06207601783266674,-0.021819821455444158,-0.059727161764702975,0.09048463801835124,0.04515110035778024,-0.2382426614898646,-0.018930585655909854,0.0007649309864048452,-0.16053900708225058,-0.014096085976651494,0.03756174320828614,-0.010280167216628529,0.2064504898741524,0.015157821262165302
149.0,-0.10740697690030511,-0.09745777700324494,-0.061630942700656006,0.006903562113885291,-0.0435035933940799,0.06439970299409692,0.05559177217962956,-0.18061196117826675,-0.014848776576472742,0.1366861550916118,-0.09740468423510106,-0.0020738690436322314,0.01172435643112284,0.03691976380645931,0.300374166568089,0.07843465538069193
150.0,-0.14686457686941023,-0.05951650247227378,-0.07799572772533629,0.02624324592730461,-0.029302075448028927,-0.006666424457549068,0.06475356901912803,-0.11579305758570864,0.005728130172227208,0.21887714301509817,-0.04420645227012711,-0.0020210486733730614,-0.02152727267296287,0.06838877046619457,0.3454293801982887,0.12067884421306421
151.0,-0.1617947375040739,-0.013736732406104351,-0.10528526314069346,0.031679174950744925,-0.01839672946923333,-0.09929943947816415,0.07087622478669106,-0.05806589960725231,0.03722271034143819,0.2389872748534793,-0.002143165143128701,-0.022044326789446178,-0.05765300911358002,0.081739873269268,0.33853323803061824,0.13374810353738706
152.0,-0.14851081150944956,0.02105707484757903,-0.13116604103248192,0.0233447871845694,-0.011056440228497328,-0.18700456589127473,0.07066215528080697,-0.02107764298654002,0.07005743149218177,0.20565350448967187,0.02754374338817966,-0.0644927522511831,-0.09014384150198845,0.08065791951996576,0.2874622530827469,0.11762513093882754
153.0,-0.10877277633385275,0.02898341884320899,-0.14189755764981749,0.005360172969273702,-0.007093757237021783,-0.25002793781535193,0.0609182415704481,-0.014157438868090972,0.09323361828933498,0.1394036937262789,0.04243502771996211,-0.12324860698577084,-0.1137595529673777,0.0719838379978504,0.20613122263270042,0.07847825965761505
154.0,-0.049937200804094126,0.004891934155912101,-0.12750837154767777,-0.015640258446508383,-0.00743117349777373,-0.27948608788764245,0.03988418171740545,-0.03877778594044278,0.09787965929176339,0.06381568415482522,0.04148031699367985,-0.18483881439108005,-0.12744061946594276,0.06171026342870092,0.10884554603354316,0.026034242500357276
155.0,0.015720376782645977,-0.042384089301320614,-0.08655444177497604,-0.03254969062897148,-0.015600054248853884,-0.27589190669643804,0.006782616769918331,-0.08640115050829297,0.08014756250059445,-0.0030497330108988827,0.028030915977245982,-0.23365305920561436,-0.13464397272775294,0.05166623753676706,0.006853191004060949,-0.028825756435687685
156.0,0.07300488767200387,-0.09415640676740103,-0.02875470477787434,-0.040084559198702005,-0.03667104496207167,-0.24554229865322214,-0.039216966502545504,-0.13928412136154866,0.04163157151807418,-0.0528889533338403,0.009338240931687516,-0.2586214030261482,-0.141347883154847,0.03926790160996783,-0.091065007016234,-0.07549965029741677
157.0,0.10790272785251796,-0.13112494878387046,0.027149281104923217,-0.036344884633022594,-0.07275941422871818,-0.1976522093486592,-0.09807677198209422,-0.17502967329248917,-0.012799274482465987,-0.08573767438125121,-0.007464312559597399,-0.2570114510887233,-0.15311986141049064,0.020885259755782957,-0.1745525972154,-0.1043539520098468
158.0,0.1127291267319381,-0.14219966158084224,0.06086687089374255,-0.02308592771581054,-0.11828297105685304,-0.14289252709352207,-0.16567591247797844,-0.1742260440990581,-0.07729501180292739,-0.10540549246403468,-0.01910604307715033,-0.23352718244858,-0.1722862910782292,-0.004097075337797983,-0.22788892802125119,-0.10792685403048793
159.0,0.08916675064988121,-0.1285562111847675,0.05987848236264452,-0.005015960620997852,-0.1595420873778369,-0.09182753570806769,-0.23102122584700088,-0.12861876559079288,-0.1452033547708439,-0.1154072867222941,-0.026834792447809605,-0.1968793832404547,-0.19632403749536914,-0.03199212330334801,-0.23166727269321546,-0.08329741303642692
160.0,0.046634612762019724,-0.10153132523139739,0.025046955035710815,0.011564393522822729,-0.18001166542706962,-0.0517776102921379,-0.27722467173221715,-0.04590999067233257,-0.2079779787441311,-0.11715913407477105,-0.03440827937958042,-0.1565144243685188,-0.21859646151840711,-0.05678291285662464,-0.17228405105100084,-0.03462221204255502
161.0,-0.003136406736113155,-0.076171396154182,-0.030875897393559434,0.02071050669677586,-0.16842503216197394,-0.02455292903021024,-0.2875094841188518,0.05176270983496287,-0.255412086223036,-0.11017834801596013,-0.045305697479040744,-0.12018093256834027,-0.2312663530770977,-0.07326256087223293,-0.05452675798191329,0.02645891796883161
162.0,-0.0509971187091525,-0.06483886969446663,-0.09008576754649054,0.01916602731080653,-0.12493763744051116,-0.009030291370344121,-0.25393728050685965,0.13571778566608936,-0.2779271554680144,-0.0932053824411481,-0.06055809233242968,-0.09245634703828934,-0.22903212678746943,-0.07902110676703486,0.09283008019339375,0.08426400972033696
163.0,-0.09105992890779814,-0.07411913723422818,-0.13692180613125232,0.008223501936451319,-0.06190142738263535,-0.0067331731536283985,-0.18344021381763745,0.18170234048833586,-0.26936670218760994,-0.0652989859144061,-0.07760419808077904,-0.07487973191406883,-0.21216361887683696,-0.0744944333065045,0.22517156312916645,0.12498645351179768
164.0,-0.11847950477730076,-0.10416137263019457,-0.16231929888879176,-0.006434452260935819,0.0013952443525014607,-0.023642366207791143,-0.0961086679064538,0.17869304144681336,-0.2292125537997382,-0.026589611023014412,-0.09010815236770492,-0.06730007328774652,-0.1870182305803117,-0.06221096357931263,0.3005559174781863,0.14133692580409918
165.0,-0.12883235192628625,-0.14814835940684715,-0.1652462128632519,-0.01743403738547752,0.04745700205173446,-0.06513021825568227,-0.01589793402387628,0.1319688929961448,-0.16379201109752442,0.021057667062860358,-0.08920423081965984,-0.06865239425715644,-0.16259973236655748,-0.046457298269905016,0.2978036953508781,0.13351581151314165
166.0,-0.12070890114427849,-0.19223965547356972,-0.15116819269821108,-0.019123247446687086,0.06803777680362455,-0.12796302208528695,0.04006601942733528,0.06059583164490601,-0.08524156377683663,0.07324850320045403,-0.06664166923078682,-0.07644185548023821,-0.14509181975462634,-0.03288676120565613,0.22448007820664503,0.10701376026416726
167.0,-0.09827650304661668,-0.2182916375721444,-0.1280814274298448,-0.009407800192874342,0.06636409076494519,-0.1963333273593532,0.06705393362356857,-0.009141629578076444,-0.007746178753880528,0.12284434484302424,-0.01856145272905296,-0.08633614450571943,-0.13521947547855398,-0.02695175568604311,0.11186260308487132,0.06936087022715373
168.0,-0.06986105363349449,-0.20986299361860675,-0.10221514113070773,0.010258031580262903,0.053636095245683336,-0.24669666967261344,0.07179533477698362,-0.052929650910662304,0.057134835835533075,0.16168467676452855,0.052446861604584304,-0.09317165452263731,-0.12994572603646434,-0.03142693732740083,0.0006067893367281431,0.028154524681786048
169.0,-0.04287975992479264,-0.15922812874060574,-0.07582094701697492,0.03540926512082951,0.042638694681374684,-0.25982628229753213,0.06751103438825229,-0.057254817081922274,0.1035033964101839,0.1838813534675471,0.1375639638592725,-0.09282910545638078,-0.12511185468021746,-0.04484965318784274,-0.07541141615188388,-0.008978382401948872
170.0,-0.019910930149069927,-0.07219636129896205,-0.04816071912096392,0.05900570009233158,0.04200440458153912,-0.2317464535212952,0.06743620637542573,-0.023876286960616687,0.13116730746480698,0.1878952505233945,0.22271762272682172,-0.08361473478586753,-0.1169922282812005,-0.06238292256174359,-0.10000546791594868,-0.03451158507095891
171.0,0.0003187133312078469,0.03196993165465963,-0.01850114018205846,0.07269880200195027,0.053132817530827936,-0.17533333343282934,0.07884996827396779,0.03194327565417412,0.14315669912860549,0.17548412283862658,0.2898160095730522,-0.06664048005604553,-0.10384035384293555,-0.07824039382903365,-0.07746831783551686,-0.04344509498362021
172.0,0.01856161356353121,0.1263871117896658,0.011929113408658954,0.06988752067067304,0.07038560493173346,-0.11214728445245901,0.0997296173923319,0.08875954785401874,0.1426528264657758,0.1489045408859224,0.32010034388504577,-0.045491174912396425,-0.08704513479067864,-0.087235282938382,-0.028071457464990866,-0.03715481663667782
173.0,0.0317198047210204,0.1859706977804171,0.04068861250181486,0.04950234496592621,0.08442853299658969,-0.06101338843009501,0.11965977072533471,0.1291359711158912,0.1314412218804511,0.10910739044017598,0.3008494474380563,-0.02527083409615578,-0.06988106420137961,-0.0847385666492078,0.021523167931762094,-0.024963847770701184
174.0,0.03341279147828001,0.19629203385185498,0.06595004798006514,0.01757830053303746,0.08722721444479319,-0.030210233792527845,0.12509023153720047,0.14716847703698138,0.11070571341506263,0.05620717360989515,0.2325328204962012,-0.010780754400450456,-0.05425228780869579,-0.06675123527051735,0.04912611871091022,-0.02051225304243185
175.0,0.018543323313440132,0.15808309659692033,0.08731673928910576,-0.01515629965669157,0.07607629225696169,-0.015831014390922146,0.10672445949748915,0.14812811177419785,0.08350373743096239,-0.008300555105007084,0.13081353481296523,-0.003941096212431329,-0.03845665851499317,-0.031106564023939718,0.04431476981348967,-0.0344582928640661
176.0,-0.010828643190843024,0.08587273429980131,0.10571265585266242,-0.03791346159084133,0.05466366751583882,-0.004894629709430009,0.06511680424520243,0.14138837711835547,0.05710350986239166,-0.07909307306588406,0.02092362943379352,-0.001912809733651717,-0.01831142341820752,0.020978436020570125,0.009672312445767816,-0.06873061881575163
177.0,-0.04341189296098883,0.0019612086693622144,0.12310641634154262,-0.04361732869606574,0.03083999303205978,0.018579926994566547,0.011026437293639448,0.13337837941146605,0.042600166751658834,-0.14645004234889933,-0.07221737584939743,0.0017306479654109173,0.008670820719753482,0.08359052470315541,-0.0429526995605448,-0.11594773162473815
178.0,-0.06392088374994637,-0.0713772817181934,0.14164471919264096,-0.03073142931105421,0.01229593916453115,0.06552322570939938,-0.039891063370470846,0.12561557385951963,0.05063113515868956,-0.1988567967339833,-0.13261349293222718,0.012688377702038215,0.03914998338238117,0.14578159423527598,-0.09848405825517692,-0.16306748553522638
179.0,-0.06279175576325317,-0.11821625943100834,0.16169843006150342,-0.003529299698605408,0.002437232417455061,0.13479725353921715,-0.07434123428365408,0.11710577653181187,0.08526989850192693,-0.22734256965348226,-0.1573007584166787,0.03202419160998462,0.0642352629202902,0.1941181348661785,-0.1441994746412416,-0.19631199900133192
180.0,-0.042881174387786915,-0.13167488646812045,0.17982623243797521,0.029114276671588706,-0.0010251219469770054,0.21211136903199412,-0.08559273394648864,0.1072474496053201,0.1398532698886866,-0.22826103146530777,-0.15542910546595706,0.055890090218395416,0.07550318228955809,0.21805287325241693,-0.17307416689525126,-0.20553759704455837
181.0,-0.0178834501242527,-0.11306068323095342,0.1885015153998563,0.056442407392168964,-0.003705241232646916,0.2766843306009634,-0.07326232723975902,0.09684246486854972,0.19755522716671564,-0.20277429886203877,-0.1427461955315487,0.07810736098377398,0.07199183153449108,0.21440142005285903,-0.1847523644291437,-0.18730819645759503
182.0,-0.0037166751720964846,-0.06916936506655665,0.1787588791267138,0.06941794000509212,-0.0100970819836977,0.3114478992395928,-0.041382367451742584,0.08752566113151981,0.23721132487802946,-0.15480824099308796,-0.13309162909217015,0.09280307378594259,0.06162805994393365,0.1879155695424353,-0.18450029955031313,-0.14557005028685205
183.0,-0.008988319206888456,-0.009675121041072866,0.1450578019590332,0.06388479597617903,-0.020270359886744433,0.30998229620886614,0.0029311978017628813,0.08088382319498394,0.24184361206243205,-0.09064314238166965,-0.13123798465215528,0.09605307520795614,0.0561828564065706,0.14833315507099895,-0.1797756173669511,-0.08911651344728605
184.0,-0.03065270282884796,0.0544576823464647,0.08944087350670621,0.041962714503314,-0.029643057817080175,0.2768596246950528,0.05040788797935536,0.07814232457208203,0.20532708401698743,-0.02033480648733011,-0.13191024386044164,0.08743173815575098,0.06453942263762046,0.105560784152298,-0.17496043885279272,-0.027506436104190977
185.0,-0.056852690243970015,0.11229108109317902,0.02159443529504297,0.011039370734617155,-0.031648300422736544,0.2233918650234079,0.0910646379929272,0.08032678019067828,0.1338278967809261,0.04241532528471348,-0.1254515912671198,0.07144651259063492,0.08851886806673491,0.06511537767075448,-0.16787318864636327,0.03135574006639569
186.0,-0.07403249570054772,0.15526282018430476,-0.04584527783245486,-0.01955337288957118,-0.02194093494372219,0.16262655399050108,0.11630634461351318,0.08800385258070258,0.042208368154258366,0.08428581179946337,-0.10552444286424408,0.05672609302458834,0.12247670248464784,0.026535913116458955,-0.1519695719354967,0.08124539125038763
187.0,-0.07343879376800953,0.17999115167172725,-0.1030530194609871,-0.04290095477193466,-0.0019162737445529157,0.10595174216996421,0.12081365132627783,0.1002533911212838,-0.05145171883417234,0.09841798667252093,-0.07305674778073368,0.0516888412577291,0.15626271641591502,-0.014219995360285634,-0.12315230443981316,0.11737737614387152
188.0,-0.05402730998195665,0.18872173933119638,-0.14497871966838025,-0.057136427877002044,0.020959184027002725,0.06163201422560354,0.10302898685371184,0.11347322331946923,-0.13030277219063377,0.08845201437327391,-0.03401813828553799,0.05905921632635106,0.1793421662152446,-0.060239674844393847,-0.08571067340597979,0.1368525589250488
189.0,-0.021686773825068412,0.18598392994422042,-0.16903586097433387,-0.06439021723786988,0.03664719966981522,0.034405212893028676,0.0644986180317718,0.12096812300099703,-0.1819063389557775,0.06753848218439859,0.00579461210341765,0.07338204418682401,0.18330225089713847,-0.10972951104259215,-0.05255822090274854,0.13889928621779846
190.0,0.01405844195581146,0.17445988088383993,-0.1724120110162646,-0.06749412271963341,0.037760436221017116,0.02549650998731157,0.009631137820402482,0.11465570916648873,-0.20096670135588046,0.05229578212271248,0.04352016326309209,0.08362375950903397,0.16280573845332494,-0.1548002857693341,-0.038418472038495334,0.12497645836956618
191.0,0.04413813966010432,0.15414779482828103,-0.1522456180430916,-0.06773330342884391,0.023375943557565736,0.03302146367511119,-0.05386487074243827,0.08921158138789956,-0.1907765480575512,0.054635340126976926,0.07810941232215791,0.07918045699884459,0.11706332385677515,-0.18432252871377489,-0.04968249376292303,0.09919570317293883
192.0,0.06259866283802566,0.12467420556745411,-0.10883749553535334,-0.06518316541994464,-0.000806690030889284,0.05234339054080109,-0.11526604090964518,0.04618624129672697,-0.16164248181415736,0.075849219903869,0.10837266344717433,0.055279142333403024,0.05199694820080632,-0.19016443894316304,-0.07902437259199381,0.06810940942385184
193.0,0.06709075664777824,0.08757771650280065,-0.04917510629974735,-0.06029481782647401,-0.025994432620685452,0.076076359031361,-0.1626745689035216,-0.005173334452772433,-0.12618928652548628,0.10655095536682566,0.1324532287735802,0.015123674220848562,-0.019176304836188873,-0.17257161290355616,-0.10972820916707764,0.0389851712431598
194.0,0.05852784103574222,0.046910748637249214,0.013187961842026004,-0.054392510590324655,-0.04492016083719712,0.09493413597144877,-0.18599486870062595,-0.05129723824083121,-0.09392299289670683,0.13276600342440928,0.14814663620237087,-0.030834427167988378,-0.078849804987034,-0.14009124817706867,-0.12545740474761902,0.017387498285134376
195.0,0.04077967250921488,0.008662837523532717,0.06275431244046,-0.048428273585944794,-0.05452640520406023,0.1004801222715702,-0.17991373583285158,-0.0800230984027809,-0.06818310696174353,0.1440674039848849,0.15325453221276053,-0.06775388108739736,-0.11068044760168991,-0.10431358279679724,-0.11761862195274246,0.005661322588988441
196.0,0.019911192733052096,-0.02043187510439556,0.08774844570557593,-0.041611360100942865,-0.05593708160165468,0.08803682470760858,-0.1451941174465492,-0.08568187801325411,-0.046709713269877245,0.138049918120336,0.14603059004155047,-0.08166419563969284,-0.10514138601969689,-0.0738510764782594,-0.08755275983369985,0.00282095231619297
197.0,0.0027902718834510822,-0.03502417997345164,0.08373203917830524,-0.0315926221460719,-0.05275188265547363,0.05716269402611585,-0.08757804090069858,-0.07132042403757649,-0.024799743833872057,0.11886859985887782,0.1255834324043722,-0.06572547486761382,-0.06246289596472263,-0.05127534692120947,-0.04535750454931418,0.005035771953948081
198.0,-0.00447426921425403,-0.03411958014890917,0.05514518218467005,-0.01634649370510666,-0.04883386764714164,0.010598963112232605,-0.016012758973017495,-0.047311769678576185,0.0007264579588364415,0.0925106096762435,0.09219719675542956,-0.023709653287451078,0.007731120480901579,-0.033774563221883755,-0.006755091686351576,0.006500190520657331
199.0,0.001895376357221378,-0.022605611075770686,0.015027580919100583,0.003296329821402453,-0.046716834839686534,-0.04565056672979165,0.058212577619750946,-0.026654189057647926,0.028606825203701558,0.06279894461157708,0.0482051971032543,0.03171181359585475,0.0892593149046092,-0.016146545774044837,0.01210884391061031,0.0015471275813260087
200.0,0.021674958837651272,-0.008857315686793158,-0.018642756507975533,0.022457157382791675,-0.04736492951874269,-0.10223670191699645,0.12257659085739213,-0.01879042509710608,0.05271776674919737,0.029895804077110833,-0.0007963605876623684,0.08451381099609094,0.16336631555435482,0.0056138944056860155,0.001553868552427292,-0.012203070086583154
201.0,0.04953187350033184,0.00021616493881549138,-0.030590943714612514,0.03423315789340291,-0.05070520769024762,-0.14938453048526196,0.1659783337735164,-0.0252600136506487,0.06443781842419087,-0.008921239458191621,-0.046220633932242176,0.12139120242835257,0.21292221146238574,0.03126595607688882,-0.03589956767622516,-0.031615078997994095
202.0,0.07598928905042489,0.0027580217393949123,-0.016236355634504887,0.0340339400738599,-0.05576220623319776,-0.18100591209191866,0.18185504982657766,-0.039874630482631214,0.056772202058279375,-0.05669610397934009,-0.0791113339443325,0.1358915478790348,0.22657633294687032,0.05513179976987271,-0.08505505900426878,-0.048644544314116904
203.0,0.09096107704814117,0.0024550806997380805,0.015501836227956051,0.02256198679108204,-0.06027312788557167,-0.19483998550509385,0.17023736900654152,-0.053475929432554116,0.02804377926547958,-0.11292479309622314,-0.093289890974675,0.12972389793717304,0.2024808970343018,0.06836641388588784,-0.12384814755170281,-0.05399367946573598
204.0,0.08803761799847595,0.006695633993542877,0.04675011928824921,0.005079094922803825,-0.06078835959032882,-0.18823298828917495,0.1379883168979504,-0.06034772801037866,-0.017075513621243404,-0.17012116523221235,-0.08685186065069238,0.11115042351597268,0.14981543001215925,0.06434516984283566,-0.1321079582759476,-0.041898796455771874
205.0,0.06702214667565749,0.023041426686799395,0.06000901117983906,-0.01179625391195897,-0.05377363644993884,-0.1554601221664241,0.09673835152786114,-0.0619578881266849,-0.06934194964648896,-0.2139343371334949,-0.06184370281730335,0.09104729999121404,0.08597027384607471,0.04382811350685388,-0.09908180160854042,-0.01318787213837601
206.0,0.03364746143350588,0.05481378789074355,0.04700348666062895,-0.023212632616502263,-0.036876612575687785,-0.09110117958704254,0.059330312922895284,-0.06542574674505458,-0.11782623458339875,-0.22820160446294446,-0.02345037957824071,0.07827711739757853,0.030086536029411765,0.016210543241313626,-0.027014941546520916,0.025113238943043188
207.0,-0.0031202427504045793,0.09802861483865023,0.01192605634105659,-0.02761323172235658,-0.009449081878615885,0.002918190851525332,0.03656821461041658,-0.0780007181014801,-0.15284653921822444,-0.20225686634539922,0.020151979587250537,0.07628967929766278,-0.003145188060510449,-0.004053806052185939,0.07047281485992107,0.06318341975148797
208.0,-0.03466544218742503,0.1416787893323352,-0.031967121282048,-0.026155943123774793,0.027560024001320266,0.11284666961845417,0.03440356785770391,-0.1015595106752161,-0.16873591448722686,-0.1362622096934588,0.05807554225087647,0.08234288873435512,-0.006428398922520888,-0.0037828673138979754,0.1742598596208541,0.09270218453491715
209.0,-0.05496229616054975,0.1710729117303732,-0.06851689073362861,-0.02050342839101444,0.07174654516424642,0.21543810795652246,0.05097449388506152,-0.13033065847522896,-0.16542943640757943,-0.042175750752727954,0.07962534214357404,0.08993068729571696,0.019821162544384943,0.022977916066686196,0.26630541813651304,0.1097206426919644
210.0,-0.06078533606915951,0.1728727758295159,-0.08370812748445618,-0.01070057829867922,0.11895149248991937,0.2862818631457429,0.07566990119633478,-0.15231329763958512,-0.1479160044249678,0.05986397043647943,0.07984823312303578,0.0931834591479246,0.06827472627678811,0.07188499785153066,0.33354628938494996,0.11493951191981477
211.0,-0.051766544876417166,0.141032845538672,-0.06926229454017747,0.004899406244108041,0.16264966561502153,0.30916459265584206,0.09318480143736108,-0.15308675452321457,-0.12416158480063705,0.14841504293096647,0.06300380829636969,0.09028300636209459,0.1269394700342359,0.12933696531275607,0.36880472622631294,0.11180263137139476
212.0,-0.03123735754603128,0.08198452525542879,-0.025604892961933176,0.027242447193832394,0.19423331757279874,0.28161926231243406,0.0911223751401607,-0.12043899137808016,-0.10218981460194582,0.20817807052409004,0.03990708566076908,0.08382167623564613,0.1826753829141036,0.1771917777215619,0.3703653545543976,0.10417654723510571
213.0,-0.005882891381323407,0.015088437258350261,0.03679506660522389,0.053714158497575284,0.2052867870007597,0.2149661255247496,0.06596392692923572,-0.048867117837201025,-0.08652799315066181,0.2345856438998201,0.021676451757006866,0.07839225949767514,0.22371865672379385,0.1992552322662132,0.34118402867764,0.09521701630204543
214.0,0.01693170216576937,-0.034663623136234945,0.09973119364634099,0.07763285893778553,0.190923573079745,0.1297150939315675,0.02407617266856138,0.056599213133262806,-0.07599900035187188,0.23290485193976285,0.015580577292000911,0.07706114836853022,0.24035264928365088,0.18706036233098441,0.2879743949321312,0.08697004279569938
215.0,0.03208366412426701,-0.04840049882992726,0.14342306972404886,0.09094539494879755,0.15196784843912095,0.04845786767050932,-0.021491273166877458,0.17891484130436133,-0.06544287688021097,0.21257270715262008,0.02439024021066766,0.07909292054228545,0.22601808520363775,0.14258033331684447,0.22058097605271476,0.07954726018701135
216.0,0.03762536690241164,-0.021645489042759564,0.15404210438770405,0.08846421459291234,0.0951712788410709,-0.011404833105400351,-0.05630123124264099,0.2922883690045992,-0.04999259136469409,0.18136428299824653,0.046589154601604704,0.08070353638599066,0.1802871041574935,0.07670596357919801,0.15178053701160305,0.07085531148748604
217.0,0.033958542962802436,0.03510356505108916,0.12909866279911444,0.07101676904100895,0.03201710100229881,-0.0431067428408129,-0.07029545537185172,0.3701550125532173,-0.02733081300401419,0.14331548843145914,0.07633861896089733,0.07774925854752734,0.11100702468704053,0.004606633898164504,0.09632006584033535,0.058556157713729455
218.0,0.022626812326392565,0.10119228000763285,0.07795540636056106,0.04526036470527994,-0.024153288456929246,-0.05202220615913332,-0.06188751779760844,0.39418762187572154,0.0034919380823921612,0.09956547009973411,0.10428241293658735,0.06766907899397698,0.03206889803125743,-0.05978402233366222,0.06696519315196685,0.04299922586445698
219.0,0.005486010496590219,0.15263809355641927,0.016836895472190718,0.01975156972235524,-0.06266029987206505,-0.05189079981793476,-0.03819059611181254,0.3599071168389585,0.043025690570583766,0.04931343013254742,0.11941948504665652,0.04994341277826497,-0.042181362135615096,-0.1082946471308338,0.06802376606499612,0.02805327324199379
220.0,-0.01546436351392328,0.16986222530525713,-0.03876075467378665,-0.00011202863601101963,-0.07911308113316448,-0.05734860187351335,-0.0114593826668631,0.27668075179276097,0.08930270466316112,-0.009211755415712989,0.1117837244713547,0.026011072286306988,-0.10146989285374472,-0.1399976808704285,0.09140871897884699,0.018797489087610777
221.0,-0.03749455665848673,0.14494318629614367,-0.07943736078117986,-0.014288864367351075,-0.07550068348282982,-0.07683473838185675,0.006084630525746847,0.16300788997879603,0.13508208976344013,-0.07606711882332368,0.07617917898026394,-0.0012307200098822932,-0.14112604397629055,-0.15846718098924448,0.1194768093340877,0.017563086246439367
222.0,-0.05649231773702765,0.08469710851463427,-0.1030606009821465,-0.025924925739457542,-0.05744539428356583,-0.10949294020325501,0.006914357014172575,0.0400904067474589,0.16863914367274832,-0.14569300286478226,0.01554568423211827,-0.02881370436220446,-0.16164531558116974,-0.16707598897169312,0.13342322677272156,0.02102048878408526
223.0,-0.06756399734892732,0.007028781394716116,-0.11350266094716717,-0.037286168102565256,-0.03141337185599486,-0.14710831025604496,-0.009066448545765925,-0.0733458779092659,0.17865741727854653,-0.20517583923627902,-0.05887399042970458,-0.05541462494777764,-0.16674799899330361,-0.16602974232970338,0.1225009351053947,0.021052482876718816
224.0,-0.06705341144207541,-0.06673415762414638,-0.11829058962643446,-0.0474621709342509,-0.003391040583078057,-0.17897740879449983,-0.034527811706101835,-0.16357409026795516,0.16030449451133646,-0.2376263660309546,-0.13103205740766005,-0.08186159122665129,-0.1603629742771764,-0.15228106346765413,0.08861038597022622,0.009512298727472463
225.0,-0.05439890158863804,-0.11875420264589857,-0.12486393448538244,-0.05327217198189666,0.02146887183743905,-0.19620937646757694,-0.057410240935767035,-0.22211086486342102,0.118868665665916,-0.22976922937021724,-0.18511513269205845,-0.10939080214122951,-0.14463278422877912,-0.12169894788818186,0.04318770079585789,-0.016772923184000234
226.0,-0.03270108643144322,-0.13951682842838165,-0.13640957325536823,-0.052063808266349695,0.039272900657362574,-0.1940147174125442,-0.06562665181247622,-0.2452210300362319,0.0685408024342789,-0.179033185952065,-0.20999929086872432,-0.13666553553870603,-0.12062911978935513,-0.07298421354213629,-0.0006885931064988825,-0.054363456768320266
227.0,-0.008246283322043763,-0.1306646029279956,-0.14987179001596163,-0.04409589169240559,0.04820635120714759,-0.17279829410616795,-0.052557309053138206,-0.23434725506749227,0.026600456299846108,-0.09552720921658059,-0.20160714024039436,-0.15838366749739952,-0.0908113308048046,-0.011372109434915949,-0.0346858162019694,-0.0950662836514325
228.0,0.011157401304344953,-0.10390443234046805,-0.15748160667293407,-0.03283346724515578,0.04889568417136848,-0.13814084193319254,-0.02107046590040428,-0.19762215490522106,0.006112685275494849,0.0017497257434937645,-0.1626046906442242,-0.16724631284093988,-0.060724946969253284,0.051202783041294046,-0.05672481266216408,-0.12921113090205702
229.0,0.019455517280426143,-0.07521180170143985,-0.15079233063511005,-0.022835243846852496,0.04360000035227245,-0.09878372998379684,0.01660246234932808,-0.14985759117868813,0.011167514993673276,0.09172250641368353,-0.10043348661338197,-0.15779366578249843,-0.038042365910460396,0.10037198232242994,-0.06814506688710144,-0.1486311885646598
230.0,0.015784905491198296,-0.057484451512435066,-0.12497027732036464,-0.01644588440471339,0.035223606829646224,-0.06305489063940341,0.04411862440641354,-0.10816960754499387,0.0367777909421242,0.1580779886022772,-0.025054465339479075,-0.12918609041959384,-0.0288830785283644,0.12529830533791353,-0.0691711268644465,-0.14857326105133736
231.0,0.005298337079753465,-0.05575833186592512,-0.08098523568337697,-0.011736517697986735,0.027218114377780944,-0.035705694015696704,0.049343477813036,-0.08475516596965513,0.07245310921198359,0.193826756931701,0.052951253243940725,-0.0858620566590205,-0.03384044053330633,0.12306103121512739,-0.05669071357920989,-0.1281743348264699
232.0,-0.0035490435357097014,-0.066782142167736,-0.024689680998824928,-0.0038141489880343005,0.02354073597285491,-0.01667368904261937,0.031185301618329393,-0.0820964589003824,0.10719690875620654,0.20190548969144087,0.12385068937868887,-0.036705589924011614,-0.047193642030857755,0.09991136502270781,-0.026774386362357638,-0.08973215439796099
233.0,-0.0032347427585666753,-0.0823103257022812,0.03589522946000365,0.010985678936805241,0.02750696759926764,-0.0020063795724231245,0.0001823187547327557,-0.09397301539003745,0.13397850098240704,0.19197175294845686,0.18002910256679866,0.007210155337122057,-0.06064632357257187,0.0691443104933656,0.020233696837678103,-0.03793078273866798
234.0,0.009582835763016481,-0.09387513611499268,0.09273066161467955,0.031374086723288744,0.039878947354248864,0.013301613252760004,-0.02816198276590879,-0.11065792809548851,0.1515164592624985,0.17537172573583237,0.2168292749733678,0.03637255275552099,-0.06923556118135085,0.04612475217160318,0.07652880031989745,0.020174895814998393
235.0,0.032631950624344576,-0.0963806538840795,0.13821933719602603,0.05117203234564895,0.05738593715537952,0.03144336572561458,-0.04217554547832605,-0.12390391765895696,0.16196302126619558,0.16034625490219534,0.23206421055701518,0.04642462276619275,-0.07464094707122407,0.04231011455595726,0.12791015536272698,0.07520169809934256
236.0,0.05844975881176982,-0.08941072538869563,0.16502441305730486,0.06330510632415909,0.07273248375982967,0.04911429724173043,-0.03845211559813184,-0.12856431527971843,0.1662904209877366,0.1489690252358025,0.22432073945218425,0.03916220079761788,-0.08264614209525875,0.0609948896035779,0.1584961175591904,0.1167972546619921
237.0,0.07702939620001457,-0.07689933043767581,0.16715313874376303,0.0645692498211493,0.07673246021131917,0.05838539101684915,-0.02108713691526463,-0.12133294528689453,0.1616667570384709,0.13693719205385077,0.19198657159728444,0.020161461554776095,-0.09698741291312836,0.09664944309697207,0.15672433196476054,0.13653291981747528
238.0,0.08020990869271026,-0.06542335619046412,0.14260114136514723,0.05746127360323173,0.062254086385172165,0.05147284706256752,0.0010510273577103166,-0.09980014157480735,0.14345149690239978,0.11643833452454912,0.13502846828199286,-0.00509946525787359,-0.11558395501193501,0.13759531939483463,0.11933184522990538,0.13096360603856544
239.0,0.06562599368171451,-0.06074911367603327,0.09570197153339093,0.04788519746184219,0.028187033551023213,0.026672728506536944,0.017615551081791817,-0.06379289408173336,0.109970263705999,0.08089311146260594,0.059072921940824114,-0.033456750601679894,-0.13230044235715419,0.16990048752355524,0.051698318576447945,0.10284438884709882
240.0,0.037994998940664174,-0.06387049017717279,0.0370193332834941,0.040871920756639125,-0.01894354638081928,-0.008853459965029661,0.020590757647929434,-0.017271824768280118,0.06584206042855156,0.029416495120153808,-0.022000698787594256,-0.0632001254357681,-0.14163723067697692,0.18062625779828484,-0.033914340816562354,0.05989514187602781
241.0,0.007387156217241555,-0.06955939409516475,-0.01974636948392853,0.03764185078483823,-0.06685139899799197,-0.04164157438645576,0.0070826757363653,0.03194060212867816,0.02151616841805881,-0.03130656972503406,-0.08891071764685529,-0.09186070212997628,-0.14168572165021245,0.1606410511926245,-0.12073091657955551,0.011972837261759746
242.0,-0.014428599594189507,-0.06953023359205888,-0.06200483358171426,0.035683063792116526,-0.10202308986063453,-0.057949398593975285,-0.02046240840889069,0.07451224976759183,-0.010583483386810718,-0.08930510524469232,-0.12472480957645166,-0.11517281551411855,-0.133214885684724,0.10780350171221316,-0.19062781315212998,-0.03244342871403487
243.0,-0.018318661644917113,-0.05860936545230771,-0.08109061248143454,0.031071196159743384,-0.1146861198027469,-0.04964298522104195,-0.05621049950908035,0.1019159530470381,-0.021619565345248344,-0.13276634917670996,-0.12221367240736795,-0.1280355546384039,-0.11669703191585835,0.029259062067979152,-0.22813144428545018,-0.06886335930522006
244.0,-0.0011828130790318505,-0.03886632826172121,-0.07331551463443314,0.021194003152225183,-0.10173190277574871,-0.017385933584334982,-0.09321391059536795,0.10778379521667064,-0.010571159699413838,-0.15465021378748012,-0.08571956786008643,-0.12657474910243707,-0.09085796428103532,-0.059646550319483356,-0.2247807461098399,-0.09628165523433592
245.0,0.033311902533148724,-0.01813404351035686,-0.04084260152724896,0.006478498580343717,-0.06661855629066546,0.029907199224548115,-0.12431421903593601,0.08927082902324847,0.01620605293970722,-0.15350108042867608,-0.0276761562404119,-0.1099849161279368,-0.05434791468334863,-0.1403602250769624,-0.18273115479694146,-0.11390458642367911
246.0,0.07662695781773597,-0.004668575585817079,0.0077202710243395485,-0.009578277743865387,-0.017534242047023054,0.07846012218735633,-0.1422514138968726,0.049480326187888335,0.049915439506125696,-0.13200312703507627,0.03575360689602688,-0.08154403502225457,-0.00925064854623527,-0.19739364181574193,-0.11533561352457017,-0.1187689127037253
247.0,0.11816815744098375,-0.0023965682872968473,0.05927533225418994,-0.022044207036996888,0.03456701178918193,0.11346563612963963,-0.14131253629424426,-0.00038130511433219445,0.08415177944909674,-0.09647280954692329,0.08731244301436805,-0.04848653716184625,0.03629790722168654,-0.222052576814061,-0.04333486604810784,-0.10708432210247122
248.0,0.14768457083519015,-0.009712750667708889,0.10143247182498019,-0.026889164671042177,0.07809997277305988,0.12198499079376984,-0.12039219793666867,-0.04290316399337241,0.11539952968473642,-0.057556219138372756,0.1113889326750725,-0.019763225678229673,0.06972155955973486,-0.2120713213544691,0.012036051771937083,-0.07798971843030343
249.0,0.15689227254284516,-0.02212687999246399,0.12768549602064352,-0.022828461319876786,0.10374943010573079,0.09528150708367408,-0.08426634682675549,-0.061828471353829725,0.1398278355126929,-0.029700525041778784,0.09839888284203181,-0.0016742475317103526,0.08081212031390518,-0.16963280722425236,0.03612283972279133,-0.03604809326345231
250.0,0.14069233811226886,-0.03632817865071141,0.13829622650075088,-0.01194595459202193,0.10724800065316092,0.030934070882956972,-0.04157496659866453,-0.05050338920358162,0.15071514487176282,-0.02722132408955296,0.04861939308776926,0.0056563082960816805,0.06879950151622821,-0.10109832873256878,0.02541112631533671,0.009500086162426653
251.0,0.09876464948975884,-0.051953653472281466,0.13687481952951153,0.0012052811545603921,0.09022106085523222,-0.06522218021080486,-0.0012781291666194377,-0.01526155804302683,0.1399223469572084,-0.057441607523850885,-0.027465223073143637,0.00769023517783983,0.042767784701784814,-0.018252819170078684,-0.01192007285363716,0.047701587799966444
252.0,0.037347076113102264,-0.06976256234274707,0.12681334131172356,0.011591435217204734,0.058530927408535854,-0.17762421829728592,0.030311138537225373,0.028440509597670235,0.10279937001429873,-0.11500805538479977,-0.1127116326666513,0.011342286645685314,0.01504803392572363,0.06185766524166111,-0.059570449282430854,0.0692225246400108
253.0,-0.030562143474533995,-0.08864884754599997,0.11026310734751169,0.01564995115000144,0.019525623259092618,-0.28167157856183694,0.05088868081280004,0.06418462972984511,0.04280191898578828,-0.18205686887163997,-0.18877524875348434,0.020709609733392004,-0.005740459255530235,0.1204977577932597,-0.09965482102056455,0.06924901124881411
254.0,-0.08817347516367999,-0.1042951490055423,0.08855313281615587,0.01240731346690865,-0.019830987379895665,-0.3482762656793734,0.061943126400033646,0.08204513658680136,-0.02763918849311134,-0.23455426273931876,-0.24061469760717968,0.035204797886523524,-0.016609651118801236,0.14344736642318606,-0.11974115783681828,0.04947956880561322
255.0,-0.12074867157652047,-0.10995967306325674,0.06247085512911039,0.0035725288013519576,-0.053564742912078335,-0.3517441128276363,0.06786089115831628,0.08182855612990103,-0.09112612922897971,-0.25105320930121916,-0.25848522461068685,0.05050021434278501,-0.017764176896381288,0.12641726953291385,-0.11742242599008575,0.01825615999735107
256.0,-0.12203731430536159,-0.09887826110622858,0.03257500363182322,-0.007433730238284281,-0.07754228543211068,-0.27913108913428153,0.07435038267500696,0.07113956623587657,-0.132494830167421,-0.2201935966917,-0.23874324504630542,0.06111312715084095,-0.009651091172212748,0.0760637935737023,-0.10040551619139494,-0.011763940056075393
257.0,-0.09775404757132557,-0.06782433052851937,0.0001923424476424434,-0.017073145131645595,-0.09118068355224283,-0.1386231076528857,0.08524339994585634,0.059729414973620415,-0.14503449596462864,-0.14505739166233736,-0.18564803617035483,0.06297883376020548,0.0074149330583412765,0.0063477194715682445,-0.08182137682627703,-0.02823857072943239
258.0,-0.06327031170163624,-0.020263427614561312,-0.031092236616928167,-0.02300044036848812,-0.09807119979291778,0.03770646703152597,0.0990325830964716,0.053493034508638626,-0.13208173986031632,-0.04335425366484019,-0.11312684174953948,0.05489404810458989,0.030915832730778952,-0.0665097542170323,-0.07287434922391763,-0.02478350102385743
259.0,-0.03639325794027301,0.03325780376468098,-0.0547806531296978,-0.02481315923483262,-0.10382728054804155,0.2018868547959071,0.10877871119283151,0.051322477361038045,-0.10416277337267522,0.05759179126536453,-0.04228359268783387,0.038273742542559934,0.054198377247211785,-0.12767937522812517,-0.07740997839668207,-0.004396184171835229
260.0,-0.029584542505120583,0.07822175192584101,-0.06353232874523577,-0.024401327666529197,-0.11226722379119554,0.308290305852583,0.10643965262649861,0.04585737119369765,-0.07446339345596793,0.13102712362641122,0.007204944739720654,0.01534943824652048,0.06755494847388795,-0.16642013438704076,-0.09194008316648207,0.02206410461577466
261.0,-0.04555255187866022,0.10113700217970531,-0.054064605822353756,-0.025332031342677214,-0.12249432601504384,0.3331869727825953,0.08810955977817639,0.027380182603542358,-0.054913159406500045,0.16204439839342477,0.02716845579057259,-0.012744039469075555,0.06132638675397965,-0.17887763217859068,-0.1097557341359279,0.04106941406600999
262.0,-0.07748985662492919,0.09433829985021958,-0.03151155409567319,-0.030596635269077358,-0.12894172931034426,0.283393894008792,0.05607644038669363,-0.010250753311093404,-0.05386475551875512,0.15264475439981925,0.024297155478495966,-0.0460042044675999,0.029491257124779027,-0.16923309246565763,-0.12489269569460221,0.04190667993784781
263.0,-0.11312532708820715,0.0591164209242182,-0.008837767783965505,-0.039588754714100116,-0.12486353210770951,0.18854391036872725,0.01704691224889565,-0.06378461197560788,-0.07521646725267181,0.11720480508322928,0.012888134447805802,-0.08346461159033453,-0.026394148642464994,-0.1470381414804466,-0.13369925537705457,0.02046727664648131
264.0,-0.1401904387513989,0.005901786802004825,-0.0004140605116737662,-0.0468839731441553,-0.10714234630645915,0.08375601914435173,-0.021119650305979308,-0.11906312964337407,-0.11792428394233806,0.07302730117607542,0.002633567629841924,-0.12110937622415682,-0.09495004302322488,-0.1221052942979087,-0.13451380763922433,-0.019596950353027668
265.0,-0.15046472182762172,-0.0489699149728995,-0.013762406353876518,-0.044870468867405554,-0.07871717091813693,-0.004835701598188973,-0.051763168460584895,-0.15641778866464176,-0.17531036877079495,0.03322551893194308,-0.007745518180230154,-0.151907061550975,-0.15757306028194676,-0.10031003929443126,-0.12656107637593908,-0.06860700800276015
266.0,-0.1411424652361733,-0.08866234183862781,-0.0449067412349992,-0.029027564970147593,-0.046540655497557426,-0.06505266166791926,-0.07023481193702787,-0.15978823886982357,-0.23513062837435442,0.004480098118298861,-0.02586589138752802,-0.1679050112628338,-0.1949394048624137,-0.08214240871197892,-0.10876846626820509,-0.11420452588204938
267.0,-0.11409778688885243,-0.10102339955707094,-0.08000619940327917,-0.0019480864266510206,-0.016822138061277657,-0.09621161889836599,-0.0738729495132344,-0.12344199846958305,-0.28177508075534785,-0.012416941025163367,-0.055818011314350845,-0.16290771313901595,-0.19335217143804376,-0.06413370658872904,-0.07908974797730908,-0.1448154319660333
268.0,-0.074284229682631,-0.08150790643663419,-0.10210816295094682,0.026945533393325363,0.007856144318573666,-0.10407019909145215,-0.061885552447959,-0.05351526713647483,-0.30048636063078016,-0.021258215133107064,-0.09293061070566945,-0.1345049084638792,-0.14881874004344567,-0.04234298570869459,-0.03536366071780226,-0.15273966929281937
269.0,-0.02851774818925653,-0.03350304405059285,-0.09911932846556447,0.04595628372948147,0.026999851435476903,-0.09602122906618862,-0.035662342177654134,0.034263175473973805,-0.2819752752797094,-0.028337066732411983,-0.12636521039112897,-0.08515050784868591,-0.06879032823554351,-0.01563497525216768,0.021510679047309196,-0.1362538210750781
270.0,0.014952125953459416,0.0331460507410548,-0.06885311830770822,0.047194098786649076,0.03906982799786229,-0.07778683151679239,0.0003536361133407031,0.11909740931836298,-0.2257584517580271,-0.03912508020421461,-0.1449130592040591,-0.022392529821469418,0.028925126168554798,0.01388595222253965,0.08363878745844437,-0.09950064487977277
271.0,0.04734753153776028,0.10512726938440002,-0.019507196847489253,0.030462993540703347,0.04093717282644997,-0.0523581139676717,0.03854396119411872,0.18150917143403938,-0.14126446617351854,-0.054770310681098985,-0.14116221486099953,0.04230057950419805,0.12071065808938429,0.043249640219315655,0.13494669675035023,-0.05015774304613688
272.0,0.06214998005819989,0.16977370210983558,0.03359426505431158,0.0028584442193140378,0.030130650447266184,-0.02097151794687933,0.07040719022440342,0.2099203575724178,-0.0461256363283561,-0.0708198459175507,-0.11333596041515712,0.09679925386669785,0.18463927536979896,0.07096638481249683,0.15518469047807015,0.003062257465832988
273.0,0.05862700603588998,0.2184671971778122,0.07334392475416901,-0.024925160635370654,0.007286281278640102,0.014820344195231453,0.09008635281811198,0.20406039247982222,0.0386444834157066,-0.07934464535722181,-0.06583085542574192,0.13263319327715686,0.2084197079316811,0.09710809236046009,0.12896697422720785,0.0515991450513151
274.0,0.04277143759308063,0.24700694361752507,0.08665978520026507,-0.042944378233621565,-0.022914997296030828,0.051183411283023936,0.09574725485836363,0.1733882459413874,0.095400770072465,-0.07283807620567852,-0.008336737364697496,0.14770870419643967,0.19325916466063944,0.1213662403863683,0.05603828933945878,0.08768694611538233
275.0,0.023994007976485997,0.25283168892241736,0.0690681056482276,-0.04509025059545511,-0.05261502511511544,0.08155803900144659,0.08810311975782059,0.13207753515949106,0.11542942571419403,-0.04754318183325476,0.046939137087246424,0.14554547705527768,0.150671418090233,0.14101535808446602,-0.04451661571416598,0.1052292819769648
276.0,0.00998539217704185,0.23279816042290996,0.025926249686289263,-0.030453225297532024,-0.07312645266298404,0.09835405054912626,0.06921477758321574,0.09349652884450185,0.10086435086872929,-0.005522039079977066,0.0888110242421644,0.13184575860441272,0.09521762779647802,0.15098883079558523,-0.14075877468800727,0.1006520360214344
277.0,0.0037017141637451863,0.1853919039578806,-0.030608610551335482,-0.003233590940898675,-0.07779195401535745,0.0962000297905705,0.04347966443317642,0.06600787931606193,0.0631032269800623,0.04459526150519447,0.10960659597858925,0.11136861582490881,0.03957244857445912,0.14662297301012592,-0.20159741510635518,0.07386085467325941
278.0,0.003976896571084852,0.11574088040669815,-0.08649539291797476,0.028597934829371986,-0.06411673139415515,0.07543592416515096,0.01853646953672009,0.05058652130946314,0.018707375385470293,0.08946640429573048,0.10648730931798699,0.08753117739384265,-0.005869713881363971,0.1271018393603425,-0.20957036966612913,0.029198012927297293
279.0,0.008122022737073829,0.03745171032738516,-0.12948865898339085,0.055584110825363034,-0.03464596214210291,0.04342168726265007,0.0031130898615848407,0.04077149826943903,-0.016488360659081613,0.11634683029796733,0.08253971280121103,0.06402232285598987,-0.03245402431196815,0.09703074292792861,-0.16648699426039812,-0.025001300369464102
280.0,0.013796145318375275,-0.03192366864492704,-0.15133706199737665,0.0694547836704308,0.003236002726983461,0.011694347024513729,0.0022270305166177044,0.025689171530210535,-0.03322076976657536,0.11911219867711173,0.04697630371591704,0.04547217403909964,-0.03486545554982069,0.0648814681046776,-0.09064491046394117,-0.07893798885265256
281.0,0.018886485999487015,-0.07857818436848521,-0.1496212112224339,0.06562664883104115,0.038769673575297925,-0.009463660304140305,0.013543176314751252,-0.004288907811033457,-0.031978531753559795,0.1002146167666432,0.01257400896275023,0.03578120835789558,-0.013537034253932044,0.03865414679986116,-0.00853204105727164,-0.1241629439451678
282.0,0.02073984554667959,-0.09749905013550847,-0.1282172006832783,0.04489110199379932,0.06123823272586848,-0.015266518971434925,0.02838113467527235,-0.05142405440625225,-0.022124159394539645,0.06727385114145096,-0.009237537926840188,0.03581448217392592,0.024658231707184973,0.021244255374890945,0.054877056595264435,-0.15411246595508593
283.0,0.01680741480881836,-0.09211282777297561,-0.09461645284787933,0.013672118976188016,0.06466976492287503,-0.00747966944505904,0.036771006011032774,-0.10719696355796521,-0.017340490821937456,0.02827012588188126,-0.012483080519304201,0.042771586389771334,0.06816166231810551,0.009503655259106833,0.08369997837487976,-0.1624444180621861
284.0,0.006601775447722769,-0.07023927849234407,-0.0557053809958284,-0.01752858246231801,0.05086411308884644,0.007410133729501135,0.03287133221340781,-0.15446526446029335,-0.029039904011799556,-0.010044606198228431,0.0022866215201144072,0.051638043778428726,0.1042570379174018,-0.0015981769390889591,0.07394210846869674,-0.14284009552918933
285.0,-0.007165163750252956,-0.0401883066596832,-0.01583649437690808,-0.03761617650406547,0.02824781079179644,0.021906987909959427,0.017643608287603137,-0.17504055848514496,-0.06039598954603809,-0.040621046860776694,0.029508499479798982,0.057404654546627416,0.12274795495547214,-0.013715817141620635,0.031370787891370974,-0.09284073123785289
286.0,-0.019685059800766663,-0.00951452454865224,0.021962214436333134,-0.03950519666877947,0.007293048628666173,0.03146245737298593,-0.0024666590210990075,-0.15823332905836968,-0.10393400824683297,-0.055577842933959454,0.061404488668162886,0.05658654333076821,0.11820235552358274,-0.02406059489211737,-0.03246684692975097,-0.018362512070873874
287.0,-0.026540696395372394,0.014439702662497816,0.05423168599160199,-0.023696515407318486,-0.004641430876417806,0.03645882042054604,-0.020153567549849684,-0.10550241152774965,-0.14432501701022957,-0.04884326207102774,0.09112801646928939,0.047631144071981366,0.09065638255464363,-0.02878589126187044,-0.10260573765820079,0.06644448508098148
288.0,-0.025568005544718924,0.024900878890349584,0.07670900879952425,0.0014386076479242498,-0.006439254170402382,0.0407791072868127,-0.032338717267418084,-0.030174932546182667,-0.16560494499894457,-0.019725607534464198,0.1149719386807723,0.030951154325735027,0.04545015630990305,-0.02669327450069602,-0.16089815555513057,0.14396532493297615
289.0,-0.017178681444445672,0.017927431403606642,0.08533730502900075,0.023396254009068217,-0.0028043388791853733,0.04743752518257014,-0.0420871260832573,0.046388401219313646,-0.1594750336461117,0.025714200423413738,0.13221009199164657,0.009230703359861045,-0.007392688211518833,-0.020167949904986004,-0.1871751491901015,0.19834762088480865
290.0,-0.00402739668157164,-0.005090672982123488,0.07808737509366472,0.03155758260943126,-0.00041304207755952745,0.05415323766426779,-0.0556605160904692,0.10130814401928707,-0.12993695076160766,0.07651460871159661,0.14301389944060436,-0.012577276644406013,-0.05435886223324888,-0.013449109557848966,-0.1645524090227645,0.21908332209682618
291.0,0.009241996390176511,-0.037110456984435186,0.05665111243856172,0.021962653804417257,-0.003067321428012693,0.053129693825366635,-0.0769852651185326,0.11784815910447964,-0.0910814884897728,0.12076889961750809,0.14686499850554682,-0.028655743247376412,-0.08181356226327564,-0.01037688325673402,-0.08756979318877076,0.20323801821355925
292.0,0.017091466830616624,-0.06845833827218135,0.02711365067068883,-0.001763764709225212,-0.009402001289817054,0.03653797990142873,-0.10429613441670404,0.0908792426706218,-0.05912255765825621,0.14888149672735104,0.14262908827596704,-0.03503332304933094,-0.08272291518458652,-0.013743349840045967,0.03236892217512289,0.15602571985099942
293.0,0.015872059916130526,-0.09188114789463338,-0.0007708446463844122,-0.031123727388634084,-0.014735214913913308,0.0033709390117249004,-0.13140309176839543,0.027881363755947037,-0.04336723442430719,0.15395663977995894,0.12897289498670958,-0.03181754996313986,-0.06250516216866657,-0.025792646147882004,0.16836405029308024,0.08937781151518662
294.0,0.006918540954972009,-0.10611957335122033,-0.016270386817034535,-0.056917705540536115,-0.0150796667910643,-0.03850189087425066,-0.15147649947024394,-0.05394247863721466,-0.04132039036437307,0.13070001388553187,0.10443934648945875,-0.023011381729719366,-0.03679719185885898,-0.047396298426174883,0.2858371750819773,0.019033521397848557
295.0,-0.002868509317696222,-0.11528926509322882,-0.012066308762777802,-0.07242068255361961,-0.010010859683341386,-0.07629209783615344,-0.1600559912162634,-0.13301984132098865,-0.04094150418248742,0.07613402915686064,0.06840923842088487,-0.0139679522713843,-0.021265485779242182,-0.07555303305755,0.3540155469375372,-0.0394637941648119
296.0,-0.004218350072117036,-0.12455565797407024,0.012407086436698137,-0.07433807946981037,-0.0027909078801850525,-0.09814452796818952,-0.15642376803919875,-0.18970649150743865,-0.02882049477455866,-0.006795515323708252,0.023216887240967113,-0.008369870613553721,-0.022414082398178055,-0.10216924083663738,0.3573150006742182,-0.07526938533066342
297.0,0.00972155927826877,-0.13492834992913819,0.05142416080601237,-0.06242010906974975,0.0018853295918780696,-0.0968709044756179,-0.14397041720484235,-0.2112699448156154,0.0012405297576875973,-0.1052245219230115,-0.024573958973236432,-0.006278548017304783,-0.036080597909039135,-0.1166931026154326,0.30169856871316336,-0.08553824216304953
298.0,0.040260042590058005,-0.14075636882464346,0.09624752285635975,-0.039342267549260825,0.001193353612688725,-0.07109496327225305,-0.12913801929517743,-0.19400344797490754,0.044978281471461795,-0.19635401906559088,-0.0656957118647943,-0.003950546852079927,-0.05206606624626776,-0.11159195658700095,0.21211780051537646,-0.07578210722145547
299.0,0.08244122644249285,-0.13245393442041237,0.13784348691037515,-0.010924020663891343,-0.0032549147273437913,-0.025303977856770174,-0.11828886491199492,-0.14279113036647326,0.09133217209176611,-0.2538730758235069,-0.09209323847140265,0.004114919803142901,-0.0605021921704345,-0.08685966823305966,0.12186851438972615,-0.05681782315539719
300.0,0.12591286057984047,-0.10307844543533864,0.16781834787350572,0.01471556019336022,-0.0050400558229382,0.03087848776342001,-0.11393717017329999,-0.06905870095285815,0.1300495177737454,-0.25844913128524666,-0.1003397091324901,0.021544633455788276,-0.056848341969242974,-0.05030111095153974,0.05966247737366884,-0.039218589533979095
301.0,0.1575969540326471,-0.053760030549802676,0.17932883367339858,0.02988097109352473,0.0047995625487264725,0.08526933853717503,-0.11302145185164766,0.01231634593013609,0.15806516157890027,-0.20675339719902822,-0.09167689854670223,0.04699003478233355,-0.043106814763362915,-0.013434720647845141,0.04073988684296755,-0.02762461722447844
302.0,0.1662698190449245,0.0057309822023647004,0.16913966237687106,0.03081136805184023,0.03332734488753,0.12715549777217816,-0.10845869978851201,0.08646096111156312,0.18041038668793982,-0.11416298239253339,-0.06896441658423723,0.07350628931932618,-0.02507372429984525,0.014325111303177663,0.06461680248276679,-0.018525930670758122
303.0,0.14715819596916285,0.06085031606809402,0.13958181047660786,0.019645646009997166,0.08078863502687009,0.15020185673136147,-0.0930445994031036,0.14139192946605464,0.2051538764650816,-0.009220165339891765,-0.033903970052842854,0.09090829169213041,-0.008787825432915265,0.029605500188646147,0.11839199634269824,-0.0036688320788118346
304.0,0.10399391142186004,0.09810256321640522,0.09851658043649142,0.0032420151723205905,0.13825199043908348,0.15278921839690487,-0.06340116269004051,0.1697082125806913,0.236083485577352,0.07795769584027898,0.01263565887478366,0.09005756595372807,0.0009063848898258701,0.03482154185020637,0.18288798402098463,0.02329035465446307
305.0,0.047559633726151934,0.11011894749446549,0.05636313510956639,-0.010542136758354715,0.18990422347036787,0.1371509922396209,-0.021721979088368544,0.1692155831221101,0.2684297394942636,0.1274326605315791,0.06785313850688864,0.06698532435972769,0.0002091935450095511,0.034679847049214584,0.23856594853820157,0.061655860822197324
306.0,-0.008527776220397985,0.09746531338723334,0.020945763612969046,-0.016759063683222542,0.21892554380486257,0.10880426379309015,0.02506155153596007,0.1429117462629668,0.29050900032949756,0.13525118475392175,0.12499073508353357,0.02475504856452663,-0.013067546768579323,0.03274582599195192,0.26935324971080843,0.10250755965520764
307.0,-0.0531438740126231,0.06683075588474496,-0.006823211023178311,-0.015128736334828655,0.2138433533267452,0.07577232369559049,0.06749058296969117,0.0982206061823094,0.2895261585104279,0.11127823752901803,0.1741252830862052,-0.027822145795354237,-0.037615351148059244,0.030128329662893555,0.26449269125906105,0.1313000105710415
308.0,-0.08159829525912288,0.02809569824678672,-0.033121925663209595,-0.008965891279977345,0.17255652385940354,0.04664183374174477,0.09654821179892091,0.04519039539110912,0.2574148442737806,0.07213732853187918,0.20451444789962214,-0.07959345491373478,-0.06691979398513442,0.025736929597917697,0.21947982369059893,0.13359135972978733
309.0,-0.09580440884769485,-0.007835060997267378,-0.06663199714701036,-0.002680922419766056,0.10256446467882549,0.02807524495250926,0.10695929919850618,-0.0058907595383952994,0.1941855520871611,0.03399354465834178,0.2061943508136668,-0.12049334331304627,-0.08967572362071716,0.017099648511260356,0.1371502780948783,0.10194885969327158
310.0,-0.1008400917013541,-0.03109607361958424,-0.11180250237627133,0.00016231354700902906,0.017739947893868537,0.023395796499790615,0.09905701009615156,-0.04683834838460818,0.10847329105317191,0.007689190693861539,0.1715653731295027,-0.14377650934114283,-0.09413217570570859,0.0018102793365759697,0.02911978269697296,0.040247847046094555
311.0,-0.10104790412208105,-0.035185995463401384,-0.16477755620304543,-0.0023751521464211297,-0.06634082423378827,0.03237824165018072,0.0781251619189871,-0.07363134313606212,0.015395634334522018,-0.0036449663277693784,0.09930918386110839,-0.14705464215106795,-0.07553135105053436,-0.02039858627503365,-0.08418338623750621,-0.037135284938363704
312.0,-0.0986819466707768,-0.01821001332863607,-0.21550273858218613,-0.010353444656669736,-0.13620711936449656,0.050637306820552945,0.052768863219533016,-0.08736594013871198,-0.06811570940747709,-0.004547795574844348,-0.0011695539522845935,-0.13211591678979887,-0.040446344595102775,-0.046315235321285037,-0.17735163494809897,-0.11016110690555003
313.0,-0.09506482664796992,0.017466290915625807,-0.25380844833141974,-0.021972231545052352,-0.18239492894624434,0.06886449558977908,0.0338357648677709,-0.0928641581932845,-0.12895146646076347,-0.004376419009258292,-0.11012893090907949,-0.10343008060579068,-0.0024486491940240926,-0.06996050826400058,-0.22746101613328124,-0.15936950779357034
314.0,-0.09194273512487218,0.06601423934038034,-0.27370559918902415,-0.03425792549561742,-0.20004409554388505,0.07479371393147133,0.032767099402718526,-0.09532444333740275,-0.16145540362949665,-0.012403951024036478,-0.2043361783686682,-0.06610453219856723,0.027474799992294754,-0.08490780669100616,-0.2221588843810923,-0.17175935788274263
315.0,-0.09135241762253063,0.11880390596596495,-0.2735505338605541,-0.04423353530819517,-0.18946021895655324,0.058654970893583167,0.0577707208749866,-0.09733987673064096,-0.16708325047224462,-0.03316455141238528,-0.2656958833985199,-0.024652798317195277,0.04728191829029294,-0.08683222675483938,-0.16552746081711892,-0.14519652974984332
316.0,-0.09421774263053978,0.16542615081462034,-0.2545982483385168,-0.04971073246845229,-0.1568423868134806,0.01869697569950092,0.10877915430069622,-0.09811392217286227,-0.1511073087184695,-0.06395462926996702,-0.28587732630519785,0.016857107028089947,0.06312343393654059,-0.07504844537073425,-0.07906833382021786,-0.08990542529420562
317.0,-0.09881881709495287,0.19515270660391631,-0.2204613776129247,-0.04945687586933419,-0.11383949784195325,-0.03715199536136609,0.17439419142630697,-0.09481187331331413,-0.11941081559126339,-0.09517849660248666,-0.26579795061456696,0.054021570879892566,0.08336663149474809,-0.05202282843389027,0.004824302064241737,-0.025232061236470652
318.0,-0.10018056942202594,0.19868200165172428,-0.17682760761102898,-0.04324595489485718,-0.07468723428517869,-0.09450974180400923,0.23378986542479105,-0.08501156678104185,-0.07726658858488249,-0.11380201237420004,-0.213253866673354,0.08178059529212965,0.11127453214256702,-0.021196207810785076,0.05573404819972328,0.028239011935633274
319.0,-0.09119510626817245,0.1707975667535445,-0.12975508234710187,-0.03181062330018712,-0.051304345573171026,-0.13890050831445377,0.2639649038332621,-0.06876177795378516,-0.029246489585024123,-0.10900636192733357,-0.1410825933053003,0.09517390734152441,0.14077892191932012,0.01469500376734683,0.05798894072783434,0.0571037871279157
320.0,-0.06584227298580232,0.11371203061940124,-0.08308809257515032,-0.016143352766701726,-0.04840176244517138,-0.16242734561193561,0.2492198090588683,-0.048799218608238645,0.020865615396340076,-0.0773643265220892,-0.06501082757318312,0.09123635201088406,0.15861978165161833,0.05330040532778335,0.01626529785621728,0.0591797948822801
321.0,-0.023453905603904427,0.03872037339481154,-0.03735494860279582,0.003525731491197248,-0.06140508939490683,-0.16749643127567695,0.1880003169616339,-0.029047462354757067,0.0697020181888305,-0.025022846161446954,-0.0004337430790743379,0.07108351967226317,0.15177435727252017,0.09139812985784174,-0.048576045360992685,0.0420298259148094
322.0,0.028850272419124322,-0.03575377363895387,0.00861152076022894,0.027605842662787494,-0.07882393920618512,-0.16467855822282737,0.09393078836512127,-0.012835738247595875,0.1134506986995103,0.034275934863148914,0.04098840711562385,0.0405192103603617,0.1154004864855789,0.12440907142718727,-0.1105141991511538,0.017806120607304417
323.0,0.07829585837181754,-0.08914098364519496,0.05480749064619968,0.05518318593069114,-0.08759451563469477,-0.1650294189273589,-0.008891660458115153,-0.001590057418064474,0.1475296562243879,0.08519169997704161,0.05432962233783291,0.0086725852073637,0.05702404739938193,0.1469776001539376,-0.14981107725758094,-0.0028154332197894115
324.0,0.11269758558184301,-0.10506302130258868,0.09868589493698776,0.08183112828800461,-0.07788286292686208,-0.1717416301185812,-0.09390607657680716,0.005980743347866746,0.16701798770562215,0.11797587640857474,0.04360127032552487,-0.014309957877859984,-0.004762920238123533,0.15415265850729692,-0.15878018615779685,-0.014098869883729041
325.0,0.12656916364221396,-0.07728172361855788,0.13618096801015855,0.09977630650399678,-0.04548680032842462,-0.17737132561021815,-0.13992599064524347,0.013678815298963646,0.1676625628588615,0.13209296757290961,0.021355235667593845,-0.019760025005655685,-0.04662961021908728,0.14308046057962612,-0.1407043811849519,-0.014433671786033705
326.0,0.12278507175870845,-0.013222726812665621,0.1633559176854625,0.10114911744293287,0.007486779816318906,-0.16949209599536688,-0.13629747210232235,0.026269259703861944,0.1477688129494589,0.1342937536271918,0.004117553119317317,-0.003290510416039539,-0.050061740175697624,0.11498418749196239,-0.10570645381093534,-0.0038075018429303163
327.0,0.10978235737832119,0.0669031198261572,0.17714332408642114,0.0824967193556971,0.07331198079412005,-0.14094905729891313,-0.08525663583987235,0.047512019151902465,0.11036930737884247,0.13360157326027364,0.005572821746778268,0.032359882937383816,-0.0113512354603831,0.07613295143005917,-0.06663615513127254,0.01704402710135079
328.0,0.09748561368496184,0.13634352565931337,0.17606622779117,0.04785004931578338,0.14137859114513437,-0.09608520038191422,-0.0018077301264188958,0.07872188739844156,0.06394651827699531,0.13651997939070684,0.03153127851703548,0.07637553758072754,0.053342828212639644,0.03623953193242818,-0.03482380822881582,0.04565512294208535
329.0,0.09351458729198242,0.17166485817956606,0.16187241205836195,0.00828163573834272,0.20208960785631583,-0.04772541508848507,0.08984264214706585,0.11787917345830937,0.020855065025017876,0.1442182146903936,0.07830032748106948,0.11308046459269454,0.11383725356904692,0.0046188317591619,-0.016050903872817792,0.07684956470192604
330.0,0.099472008775377,0.1615510087316666,0.14049553230388148,-0.0223085460655223,0.24917749668885078,-0.008579472123199271,0.16326816280658032,0.15943264577145866,-0.006016775209754237,0.15233838945789188,0.13370622816882594,0.12849974713351628,0.1412080271977875,-0.013229052207284318,-0.008797238740383986,0.1030964960711393
331.0,0.10916590479298914,0.11032301896656423,0.12037903729296458,-0.03308001145447095,0.2790819461057363,0.015106403788057264,0.19763590315942278,0.19531052813984515,-0.007754566541046038,0.15315771591396793,0.18071838317568423,0.11622981898289167,0.12201337575709387,-0.01629756712810106,-0.005843056961553838,0.11661190594722252
332.0,0.11153762137138772,0.035115004222837774,0.10861077146951675,-0.02076947201337599,0.28902200476089884,0.024016490634729458,0.18366599628171015,0.21697774598644368,0.015842256045092713,0.13898318618794195,0.2034631369816118,0.07931676225918814,0.06248792512963733,-0.006492605375510212,0.0015117005175876105,0.11237572636903992
333.0,0.09705298820792796,-0.041762971113849634,0.10717229399558482,0.0092042074109333,0.2760071164978399,0.02262527598941841,0.1265144043778787,0.21760160842294649,0.05413839542648614,0.10528778688041106,0.1928910642589473,0.02788646579870937,-0.016926565915302685,0.013035870180798263,0.018340545985909267,0.09021254476618773
334.0,0.06291253599653704,-0.10183809902149057,0.11162881967385811,0.04541513053778335,0.23743736341486943,0.015843623496512832,0.044409482334192424,0.19341706018710753,0.0889154803163173,0.052288257408649404,0.14891007666358755,-0.02559698488367007,-0.09124017662689327,0.038364166186166476,0.04240576950899456,0.05481464168145838
335.0,0.014287673462312746,-0.13647387924601578,0.11311447277617144,0.07544232862140583,0.17316388461187232,0.007166069381376698,-0.037635429532872605,0.14433606465894414,0.10183348700069687,-0.015293173355101683,0.07905503910197817,-0.07086795153582354,-0.14018196101614608,0.06447571582203754,0.06421474955481994,0.014159817157033315
336.0,-0.0378694498018039,-0.1473132797312782,0.10276771212570693,0.09052766097485461,0.08857770942555396,-0.0010047226043456356,-0.09681601620321836,0.07479980661695065,0.0819001885839715,-0.08930133143779813,-0.003950294715598894,-0.1022629148870693,-0.15393794474849892,0.08515691485131904,0.07196108269697851,-0.02278200113256535
337.0,-0.08085058879105651,-0.14209736949256557,0.07665811857155175,0.08769810156814756,-0.0034765081730549533,-0.006060139931064961,-0.11970773693908217,-0.005306441912085393,0.02962040626443859,-0.15881367301129284,-0.08503912665491292,-0.1187827663635759,-0.1339492064349829,0.09351495215395579,0.05954242197171874,-0.04853220385202006
338.0,-0.104491051936458,-0.12882030583284576,0.03831504779542144,0.0691376022797873,-0.08495280369751552,-0.005746529578303243,-0.10448114681626164,-0.08179600232954908,-0.04330068573159475,-0.21042838889442017,-0.1507868097267559,-0.12280341017155166,-0.09022740616143242,0.08332650878841427,0.032080214391918875,-0.05924910054756983
339.0,-0.10426537722661469,-0.11128285817834149,-0.002984717353421851,0.04030972148497261,-0.13894154616148857,-0.0008204294356221198,-0.05907159343960827,-0.14016709673477598,-0.1184851074429031,-0.23021100617665852,-0.19324810460432043,-0.11833577051489905,-0.03770112748469866,0.0516765745303915,0.0031696464432182415,-0.05584910709253943
340.0,-0.08228140780484576,-0.0882372068601988,-0.03659566473406126,0.008264360902692532,-0.15629123996656813,0.003973222256674897,0.0014182213879991596,-0.17011203210644008,-0.17796972981205889,-0.20871111080506655,-0.21083828098651716,-0.10939713990884135,0.0074518457318965,0.0019250310517541377,-0.01521633547341769,-0.04369995209823118
341.0,-0.04610819992180631,-0.056557388290300124,-0.05464577967077321,-0.01993589809144954,-0.1387917968685913,0.003227566585850797,0.057100294717847555,-0.16798021127825338,-0.2102306077490377,-0.14659643443427425,-0.20589891898816806,-0.09910581480828201,0.0320741723165092,-0.055857791700178745,-0.021308017989847397,-0.030909089638618256
342.0,-0.0061360720354890486,-0.016316186855314448,-0.05476079259760356,-0.03921469087214017,-0.0980215113816651,-0.0041599629702176524,0.08794058353928727,-0.13669386812866763,-0.21203606535558142,-0.056717440550011954,-0.18192022632233779,-0.08985510666036035,0.0309145194110873,-0.1083627616196789,-0.022621786241119043,-0.025213273210284604
343.0,0.02750482356177525,0.026162674284320554,-0.04072764859326106,-0.0481320895130072,-0.050991952342375454,-0.01317316797505514,0.0814894129525379,-0.08402628644632112,-0.18688872939309992,0.039098602364812995,-0.1431150170999962,-0.0838471780458647,0.009548053743469924,-0.14410714622582865,-0.027373106238929624,-0.029871296582865976
344.0,0.047752249675069726,0.059905712898184436,-0.020105981707103503,-0.048812328461757745,-0.014301109810537288,-0.015473241811384295,0.03903238434435817,-0.02051790810121354,-0.14292572645370555,0.11731284135471268,-0.0957374422778754,-0.08261886527536329,-0.01810242109729301,-0.15694665555059265,-0.03737867269309918,-0.0408506063067433
345.0,0.052578778376854325,0.0743309918775094,5.939389011693453e-06,-0.04514050505614771,0.0012727286075027578,-0.004359232243242321,-0.025482766528376614,0.042166074806411415,-0.09079574231466724,0.16093703821636318,-0.048538974161472466,-0.0852788370417558,-0.03708342934739489,-0.14725997441633204,-0.048237624640426684,-0.04838557179679121
346.0,0.045249903004507624,0.06424163877873183,0.015744428339917963,-0.04060262344066584,-0.006108523432855056,0.021456286224485668,-0.09319097652267724,0.0927356349599549,-0.04039905172468762,0.16459953878672137,-0.010845268823863646,-0.08697165560973354,-0.03838695067830119,-0.12136957197310394,-0.0542928293312594,-0.0429043234648538
347.0,0.032170952941966785,0.03230773616056465,0.026547359301306563,-0.0370478463448887,-0.029588805011915076,0.057298791766450335,-0.14868858026592177,0.12226707927809631,0.0020770125954680326,0.1337353604930015,0.0110104958945752,-0.07955206982214327,-0.021192898799957213,-0.08901759698523201,-0.052994126782745316,-0.021298827347967744
348.0,0.01886906788822973,-0.011616282004862592,0.034262530631284295,-0.03469233358540709,-0.05699534726119612,0.09516269595369671,-0.18411500505249975,0.12640121622126452,0.03398756000703825,0.07953172046504171,0.01662243269673012,-0.05499665055461888,0.0090003929730015,-0.058799692619933105,-0.04621703857586467,0.011056308107312863
349.0,0.006405051131421277,-0.05413608554687574,0.04240498846836153,-0.03290098503681367,-0.07586353799659712,0.12743939794721204,-0.19831523465147655,0.10657654978287051,0.05373830959675587,0.014235759715916098,0.011722525342161649,-0.0101622364347727,0.042979878134533724,-0.03356668491512004,-0.038928181327891116,0.04381666288134126
350.0,-0.009015441198937072,-0.08355868989923901,0.05462416715827172,-0.030969113438286365,-0.07817857938575633,0.14911081730779582,-0.19366655731342933,0.06945583713662529,0.059730681582310444,-0.04996740253438866,0.0057511153982803395,0.04965019235249765,0.07033431672054302,-0.009417051478298868,-0.03630176472174485,0.06775014023746154
351.0,-0.03235021963689508,-0.09370981025137841,0.07209023298494667,-0.0283046234729234,-0.06308607390778018,0.15777374600925326,-0.1739392785681404,0.02500416218277184,0.05211916746244292,-0.09941239806507876,0.008686891980999817,0.11109914625383893,0.08341573728690331,0.01992825136959952,-0.04056952640148788,0.07908722503451306
352.0,-0.064003552765711,-0.08425113321006786,0.09172587362725802,-0.02414591119039105,-0.036469323189790015,0.15328294478094387,-0.14416049936272698,-0.015962282799087776,0.03521926235351713,-0.11907400501695256,0.02798804119653923,0.15788110209176848,0.08121611837650097,0.05605445727321604,-0.04934788571199609,0.07980079192790142
353.0,-0.09607203604232024,-0.05907579894060985,0.10727830642143249,-0.017591588420532475,-0.007933257395895362,0.13825551082638401,-0.11047346320280017,-0.04487262891547028,0.01768067062784658,-0.09813112452966147,0.06508551297402737,0.17747860374601518,0.06891147094285009,0.09162327998902355,-0.057026959292325805,0.07405196057643645
354.0,-0.11401891154822918,-0.02535618493226173,0.11264873347268999,-0.008336474272800872,0.012814566093643155,0.11826257691693455,-0.07871347575125008,-0.05867945480792321,0.009036434369991181,-0.03884447632976727,0.11250764028189256,0.16577043545326647,0.05293115970515283,0.11259136822420628,-0.0587413709096872,0.06344983386138625
355.0,-0.1038262833018006,0.00708780257588296,0.1046728797209485,0.0025941845597423287,0.018698984124269652,0.10036034237518787,-0.05306768534173191,-0.061048348809515623,0.013843825236236824,0.039322673434057445,0.15440551359182425,0.12817541237850594,0.03667405152305809,0.10557243298475491,-0.05362021224896325,0.04529049023739112
356.0,-0.06052091462175983,0.027838710009359887,0.08315107698675563,0.013163024308118857,0.006798416616427612,0.09049323928678811,-0.03607395885969181,-0.05995404138638353,0.026958095027179423,0.10628893183255254,0.17139550547386515,0.07749436060315187,0.02051199985834292,0.06595386478323981,-0.044420236162124926,0.015879857480791668
357.0,0.007486440711882299,0.029230642380643,0.04875553045962269,0.02164523487664,-0.02128090977373415,0.09090899204002288,-0.02917202766457307,-0.06280360535830384,0.033771280232772656,0.13541734201761602,0.14823230764918385,0.029046071056336043,0.004414329902141549,0.002384335157695055,-0.034371170904869006,-0.02400736531446316
358.0,0.08117237412213829,0.009236362249817465,0.0015843512594107161,0.027771667588142774,-0.059760409998375945,0.09872880472811313,-0.032334989013322865,-0.07159900217017943,0.016916268739429474,0.11547100126244748,0.08190479066091283,-0.004798072306109934,-0.01029447815350146,-0.06548763119384621,-0.02421457971493657,-0.06705253519799713
359.0,0.13888760994070232,-0.027553988833905068,-0.05782742404369141,0.032737848551027314,-0.09941716682629205,0.10722026966779154,-0.042503269514259964,-0.08087988993916992,-0.03345150825016338,0.0535152046260624,-0.013974744771934543,-0.017937576940071514,-0.02121852338640778,-0.11587563037183544,-0.011626791422171885,-0.10283174422162467
360.0,0.16470876541964632,-0.07108312345240568,-0.12599862056306443,0.03810092301275412,-0.1292182934432979,0.10917109751132541,-0.052738971919452725,-0.08016100906662606,-0.11229375327712152,-0.030539876981005843,-0.11266072659900844,-0.01097814899172314,-0.02609972099673238,-0.135098628493982,0.0065625775565555265,-0.12358012724829771
361.0,0.15321399310398578,-0.10869842768022105,-0.19492034616528126,0.04421352044288837,-0.1395275133512601,0.09875923042660552,-0.05466568284396494,-0.059848901164592926,-0.2003516609471933,-0.11268423240034627,-0.18470704046473213,0.0100798439130564,-0.02380460056589076,-0.12246206844238815,0.03107020157331017,-0.12765438938860257
362.0,0.10958953930097712,-0.12920477782093673,-0.25315400530433246,0.04918753890492083,-0.12604834868140447,0.07046917833985747,-0.04348108570949942,-0.017342351682224966,-0.27207378894443773,-0.1731181583531238,-0.20952637321779044,0.036096516746385664,-0.015004189513794003,-0.08746251808917842,0.058502526569495,-0.1186827183621516
363.0,0.046361109978429065,-0.1266909510132821,-0.2890766181771365,0.04939726039953527,-0.09203604585619954,0.018616526656996243,-0.021311111123382753,0.040048239689596365,-0.3056282346574003,-0.20236451306745906,-0.18264549395708954,0.057701675441809555,-0.002776680327497245,-0.042546405597797744,0.08251691629013198,-0.10199183638635756
364.0,-0.02109829278450626,-0.10218176230572096,-0.29393196084155193,0.04149551060788336,-0.04689844838851518,-0.059350498427617866,0.003876181198992076,0.09704677774883712,-0.2900534694537776,-0.20308360310907908,-0.11597050698894001,0.06782533465807464,0.007249752162773194,0.003039182424228318,0.09674886162382201,-0.08172147122006523
365.0,-0.07883413579415115,-0.06251421463316045,-0.26377463459518885,0.02449427308744772,-0.0020700607686097577,-0.15833128420070952,0.02246775572766572,0.13630825654090004,-0.22746752845793095,-0.1864494930061152,-0.031508524649268906,0.06270519904030294,0.008088280418336312,0.04445086953701475,0.09777902735895012,-0.060488836908257265
366.0,-0.1176214143339895,-0.01762499689485048,-0.20146698849736017,0.000636203681179684,0.03328225649603282,-0.2648312651454819,0.027661122627469153,0.14527396813419366,-0.13085945394623616,-0.1652482176930368,0.0473673257872645,0.04184164398269536,-0.005778127903203582,0.07833269016510509,0.08674640315041349,-0.04023971672712365
367.0,-0.1344527760216352,0.022240158147221807,-0.11830627689487715,-0.024923607772888448,0.054889706881580944,-0.3607758306740107,0.018443920561349324,0.12094743721300558,-0.01944367918972921,-0.14766450581027962,0.10249260519925638,0.008384924815186877,-0.03505346579071783,0.10024109471536798,0.06874557215100462,-0.02211106630970326
368.0,-0.1318691692977977,0.04875986375362538,-0.03270292960449805,-0.04550752915579031,0.06344712374958233,-0.4281677168059593,0.0005678475943593648,0.07091126111767534,0.08590482007815425,-0.1347185121804134,0.12441312675914784,-0.030252949999227806,-0.07397476932510905,0.1053102654014408,0.05018218787550948,-0.005460871597381664
369.0,-0.11599248159203485,0.057306139716043335,0.03473668709314981,-0.05554874480477859,0.06215180527652749,-0.4518998743170378,-0.014774806049917875,0.010415820544423452,0.16601906452232004,-0.12198564019227773,0.11400882249773371,-0.06362596941068176,-0.11206524587622878,0.09067477009604052,0.03550158075265382,0.012212798185101027
370.0,-0.09413219997666812,0.04814447704213515,0.06733360212002068,-0.053394826624708513,0.05360419297323035,-0.4220603629876808,-0.01516191482993158,-0.04304917731166735,0.20704912897466518,-0.1039206266340654,0.08161227673555081,-0.08201092870261958,-0.13854771891989948,0.057212307351556746,0.02522526860656082,0.03366651471764669
371.0,-0.07259435213019326,0.02656096195184662,0.05741698802701983,-0.04229747655420523,0.038529464253525464,-0.33763804875117315,0.006564010732404013,-0.07557530155144246,0.20486132572918056,-0.07806297091729505,0.04251685848401564,-0.08083952353521658,-0.14643614658348628,0.010427354112426672,0.016603783613546447,0.05925011861125783
372.0,-0.05570282050773122,0.0017082788929185426,0.009227890855788687,-0.02893767891921784,0.01699629617352474,-0.20986369470741634,0.0471994238850273,-0.08150369202342783,0.16693963478120208,-0.04671007601557775,0.010672800401316128,-0.06333899837730991,-0.13404384060875796,-0.03958031429538921,0.006620764894803138,0.08485875297815822
373.0,-0.04616606545840147,-0.0158023551862693,-0.0618094887585523,-0.02045636276148478,-0.009138837022001512,-0.06178957366361005,0.09387066018972895,-0.06527306355218113,0.10880441117852745,-0.015100582594081313,-0.00592007370815761,-0.039469396990236306,-0.10406415289887705,-0.08049087296539449,-0.004829674506012366,0.10258373603516367
374.0,-0.04532938766635816,-0.017443653499892808,-0.13408328997380708,-0.02128995713370011,-0.034637626041497636,0.07643164847044391,0.13064438718841878,-0.038667647859778116,0.04719101744775468,0.01226749790142515,-0.00632197784774739,-0.020854077318476685,-0.06175058470856154,-0.10244419160996424,-0.014542745019411543,0.10473050640124182
375.0,-0.052437906134992496,-0.0002659938734923522,-0.18695233707566986,-0.031098447655987505,-0.05172120979272502,0.17498935529929452,0.1464522746128391,-0.014481760584297653,-0.004998050012663207,0.03407910832368297,0.005095229947452078,-0.014477653675951526,-0.013512881362833044,-0.10219999166626384,-0.019278401815177027,0.0889056321093607
376.0,-0.06404760109043986,0.031636937156815585,-0.2069173767676911,-0.04506914274222271,-0.05333910437033511,0.2132201864751921,0.1395767396772642,-0.0008487755440766207,-0.03985558729208216,0.051836635926347345,0.021558317105516225,-0.019492980350146356,0.034050091225183474,-0.08392538702118783,-0.01982766469600953,0.06030755723664029
377.0,-0.07495091087322447,0.06859254784393888,-0.19102136736990694,-0.05695426612913844,-0.03720566897699485,0.1872074797144112,0.11716281686196656,0.00015697956351572046,-0.053813233134151484,0.0677947526567547,0.03662935173518996,-0.029309939988644975,0.07547758737198806,-0.05624932266801892,-0.02162556430276793,0.029197123802266703
378.0,-0.08040557521841307,0.09895158549428747,-0.1466513017301729,-0.06315792535731446,-0.008182568011882383,0.11186862775676353,0.09090590530616291,-0.01045629147223319,-0.0479990873975685,0.08336619046880528,0.046345245215451907,-0.037249397742811545,0.10771500339398919,-0.027613474736079474,-0.03103842106318385,0.005135831917725244
379.0,-0.07816111203050288,0.11323486931389579,-0.08752624866607663,-0.06481322341783977,0.02271111170207147,0.01541424142838419,0.0712624918070613,-0.032673549132052934,-0.029299338355697514,0.09916973791020077,0.05042956206870144,-0.04148888687079439,0.12982593527495503,-0.0028566380092074953,-0.05092264050930576,-0.007964339228732036
380.0,-0.06863289597750284,0.10733184606694447,-0.027819465952459724,-0.06623150509522459,0.04252747055086436,-0.07064947672492233,0.06303734479011808,-0.0683126944178063,-0.008993112621487463,0.11607043961264657,0.05179319879922807,-0.04563706289605477,0.1413839008776301,0.017010321027554096,-0.07912024447632368,-0.012713841973720625
381.0,-0.05313476602754912,0.08362934261959824,0.02199465197541146,-0.07124712200982881,0.04197845220223841,-0.12057409548812117,0.06453524309486272,-0.11729244711153898,0.002005553270492156,0.13545477814024293,0.05420332468278626,-0.0549145085654251,0.14163037661991684,0.03244677742511363,-0.10991251996344463,-0.01512307542918555
382.0,-0.032218602842898535,0.0494066156970393,0.056386893528343605,-0.08027105724494245,0.019810183174394747,-0.11994770819051993,0.07014739635166382,-0.17275053398342655,-0.001832812822118463,0.15771243372407062,0.05939563729106207,-0.07135808392193937,0.13005214140035207,0.04320685032184824,-0.13629685295634575,-0.020135397810237272
383.0,-0.005782656689545482,0.013175717524482832,0.07552558274739739,-0.08947693482859084,-0.015935491119449766,-0.06818181714073528,0.07401199383684669,-0.219951333428934,-0.018388430274236478,0.18007502421266583,0.06542116069040509,-0.09141609618814917,0.10694201035011668,0.04867094714110802,-0.15171519996258007,-0.028828747331835897
384.0,0.025685271632163185,-0.018617245027915695,0.08648813284537359,-0.09197993630690773,-0.05037710024633241,0.021605640636513976,0.07231573077514003,-0.24118430383113917,-0.03896037408803365,0.19620426835080812,0.06733353000614084,-0.10684609472861767,0.07322771554664743,0.05001543339930288,-0.15117685817759996,-0.03886950517590956
385.0,0.06017781594740591,-0.042485859488498416,0.10146782755695372,-0.08050413972863538,-0.06746028486659972,0.12547891763794994,0.06358132975927913,-0.22445400787041211,-0.052295714694084006,0.19849216673012327,0.05962224783943168,-0.10800149994378737,0.030240356801199682,0.05085478035125281,-0.13212788787550347,-0.04703591538753601
386.0,0.09427977431660126,-0.056938899765400036,0.130880743741531,-0.050841709232615176,-0.056805093564215654,0.21454014481111405,0.047936030915186494,-0.17043977483565811,-0.04993083848044002,0.18161809869279455,0.03852113097262633,-0.08787359617964532,-0.020021652534215187,0.054342020603024385,-0.09503294408265577,-0.05103195077233392
387.0,0.12408719084024844,-0.061731589673748054,0.17619518536432652,-0.004752062086442258,-0.018345488105514243,0.26319551191145796,0.026368890246462447,-0.09268132894482937,-0.029776849042958912,0.14522365663730366,0.0035496917227353145,-0.04504972739858981,-0.07377328561515054,0.059241671936971045,-0.043494715181778096,-0.04950292951010837
388.0,0.14575576188571016,-0.058168006430005664,0.228963595692354,0.04942207946804392,0.03772068899342301,0.25795735830300925,8.260304497549893e-05,-0.010738350907352378,0.0036349088544468497,0.09470038746291715,-0.04088222127695722,0.01555219670867451,-0.1237684957977531,0.05937198665556678,0.015909688201276896,-0.04179610516738839
389.0,0.15508940034830063,-0.04911453325593486,0.27590773640752536,0.09931405254718044,0.09537179282501863,0.20348028272541965,-0.02983169250767121,0.05874602079862405,0.04142184144943903,0.04048147709082682,-0.08443561509611187,0.08395379253951939,-0.15942630163015822,0.04773663768901926,0.07451403042137258,-0.0286360874479704
390.0,0.1475745059593064,-0.03733145661273661,0.3047252149460984,0.1332909770914208,0.13908566760427496,0.1218438354910905,-0.06172323906576015,0.10735803129780905,0.07395026106878115,-0.003458646438549976,-0.11254820155689278,0.1473049635855848,-0.17135479851323995,0.022289830889746405,0.12399203150117398,-0.01242633208353771
391.0,0.12029032075647957,-0.02338167340087873,0.30732614113031076,0.1450056797605148,0.15900168729591663,0.043467957546490764,-0.09215243753538412,0.1348430373524585,0.09446896219396678,-0.022389921384282533,-0.11174481177881064,0.19232829027429746,-0.1582537161282633,-0.011172680120605785,0.15866613432948434,0.004021912894164326
392.0,0.0748201245444077,-0.005806565381476656,0.28127301453909126,0.13550686405746937,0.15291240238451728,-0.006204504480571982,-0.11549832256460513,0.14583113631713043,0.10092311362682409,-0.006001056330315633,-0.07686858079861998,0.20836354761819817,-0.1292069452547433,-0.04083195407422314,0.17478335226007677,0.01902676643035832
393.0,0.01889686071129959,0.016249436724782452,0.23046093512737992,0.11210164701123815,0.12508697528017615,-0.016399273730500447,-0.12484563891941682,0.14570256647715263,0.09528556518115504,0.045177778983987685,-0.016276050600139647,0.1908674467611473,-0.09749395512506599,-0.05372165889889123,0.16840598117132016,0.03193428938475803
394.0,-0.03483242705862372,0.0405692095472943,0.1642193077275242,0.08478561393559668,0.0834225430602464,0.0077855761226971595,-0.11384918292102132,0.1369172661843428,0.08161343350168876,0.11611552461301453,0.04921761404009253,0.14359652894575198,-0.07141633932035489,-0.0414057340924732,0.13684782908858392,0.04149174484643799
395.0,-0.07295397660951351,0.06143619086682669,0.09441084428634086,0.06201129771023453,0.03643640287619736,0.051406095734476485,-0.07953116720417362,0.11775402109019492,0.06401600406157285,0.17992070602270124,0.09426502901362231,0.07784430863438105,-0.051204522080271715,-0.004754308354602965,0.08349493651084373,0.04477831146984847
396.0,-0.08657981598782853,0.07112362381032104,0.0317153552135473,0.04762049761818873,-0.009089360011445446,0.09821231888055888,-0.025139392251449046,0.08477675411469462,0.044981301500070826,0.2065245059341036,0.09977878554208579,0.008939667397249601,-0.03412647739589909,0.04447022347133294,0.019997736650038,0.03871058978625976
397.0,-0.07488680748311677,0.06270385981898828,-0.017394211339452993,0.04011315140940874,-0.049430716096823986,0.13668555289359868,0.039148902576782704,0.037078456788759165,0.02481300971887928,0.17357088669211362,0.060811417432437086,-0.04857691849989802,-0.02122438675623649,0.08704790288937138,-0.03786369126103571,0.023502663576533116
398.0,-0.04501579000838841,0.03314816049944526,-0.051473698901183265,0.03436177689084665,-0.0840628844920486,0.16062710596868893,0.0987144879915525,-0.021207468089633856,0.0026846879664147658,0.07505372279041131,-0.012549077641127835,-0.08532312361256288,-0.018615600521262814,0.10392115093698241,-0.07778959629121265,0.00445968670043529
399.0,-0.009002071549477951,-0.0152904284603634,-0.07214751133426682,0.024870439874961778,-0.11461373494945935,0.16559773474567527,0.138350113491659,-0.08157740267600107,-0.02183160143552572,-0.07522622267593469,-0.10094983258700657,-0.0993796788817568,-0.03303138532030558,0.0847261437035809,-0.0963172153192557,-0.010651170891760679
400.0,0.020491950570682677,-0.07614958298459452,-0.08133430726688445,0.009087960949450666,-0.14252900528656665,0.14629118704590915,0.1456330568245443,-0.1341025922269899,-0.047865893479976766,-0.24644627270524094,-0.18348831318946981,-0.09577881316145966,-0.06635872063491617,0.03320660112220082,-0.09863873596828948,-0.01688436672392047
401.0,0.034461483884158775,-0.14033697408861517,-0.08016839123701998,-0.010910810551660509,-0.16609161492429475,0.09938613582459714,0.11452681062501222,-0.17087190270584335,-0.07219452627396025,-0.3987873650220144,-0.24239314753053365,-0.08335102811985155,-0.11302588470816594,-0.03375657710138984,-0.09405908128721994,-0.015551801073938455
402.0,0.03043374244864724,-0.19654679595118948,-0.06979532760512408,-0.029454310564425747,-0.17922080016267203,0.03027098776903652,0.049547397304187744,-0.18782122278277832,-0.08828412922627904,-0.49439662842086024,-0.2644677335998629,-0.07014299170123635,-0.1605734658698288,-0.09366530997894665,-0.09092344207284773,-0.012885859571949397
403.0,0.012229519505663497,-0.2318611059403345,-0.05263979207573763,-0.04033446843229496,-0.17418450614585151,-0.04431925895524161,-0.03276745395574058,-0.18374804686837207,-0.08825414578350942,-0.5090329997260132,-0.2433638663699274,-0.059834472638633986,-0.19236020242842844,-0.12807102541836773,-0.09402571932675127,-0.01484236824880251
404.0,-0.013141782610329002,-0.23501363864127625,-0.032861523593152225,-0.039823741167371356,-0.14687049379802886,-0.10297357883709657,-0.10875595379269076,-0.1582206670512959,-0.06812855680650058,-0.4411952783408162,-0.1838248877694718,-0.05124640156686588,-0.19229655825187802,-0.12883503813344285,-0.10460920338600004,-0.022340046729189645
405.0,-0.03890795029501809,-0.20191859411921603,-0.015462955438159667,-0.028058359700775307,-0.1005069190694817,-0.13034234009991202,-0.15754384164174579,-0.11152078584944958,-0.031886139071840645,-0.3138810742475681,-0.10273623448323087,-0.04070668132701593,-0.1510928886974211,-0.09916535262603594,-0.12106027957949879,-0.031066346886992367
406.0,-0.060009961061399976,-0.13926113879025237,-0.00461728866182698,-0.008610388285057908,-0.04477816003619898,-0.1227977334030086,-0.16983491567854622,-0.046813218728002655,0.00963674252614991,-0.16614521315035832,-0.022996008763450874,-0.025078362252307612,-0.07107409695844676,-0.050693126604221934,-0.13875438624019604,-0.03562266721553226
407.0,-0.07270065919058322,-0.06220326453222023,-0.0024329740145974024,0.013001913811229336,0.008946126921846875,-0.08711163200686778,-0.15010193614997147,0.028295200609541916,0.04412074107096692,-0.037698181060809695,0.036126057292363685,-0.003415253691425836,0.033898964096025844,0.0019080576168720414,-0.14928862537540674,-0.03376393557457404
408.0,-0.07415098054672838,0.012626004281311023,-0.008952741913112076,0.03085818465895688,0.05248507686919481,-0.03646023960410659,-0.11171496779023347,0.10245455567470838,0.06362590693253264,0.04565315598715196,0.06563567032757078,0.022958832532885883,0.14387573103195783,0.04648987536116262,-0.14109158534894695,-0.02726591151984237
409.0,-0.06325856195774182,0.07350097270426235,-0.022980859371234754,0.03975176061873855,0.08258958450424053,0.013465119048002579,-0.0692108291513898,0.163115366625647,0.0675896326044556,0.07892809709685566,0.06811722704367089,0.050721409890835685,0.24020897177196296,0.07633385041373468,-0.10352761726789918,-0.01983690418431854
410.0,-0.041516257378260965,0.11581362535501298,-0.042470502175632224,0.03640584400594751,0.09964331081167187,0.048553772451937476,-0.03254895782604875,0.2004999751077326,0.06187588794809725,0.07526205960213171,0.05498803870080552,0.07478569507031883,0.31017341895860245,0.08975705543521495,-0.03354877677808703,-0.014343626399506128
411.0,-0.012217488904544757,0.14097005661877277,-0.06398020935372628,0.021223470180974518,0.10561317197525669,0.060578136568530665,-0.005408841792014681,0.2115840841525937,0.0550657877626429,0.05630368370778128,0.041032256961367856,0.08956351189582583,0.3470448093758781,0.08831029630695136,0.05980949518480818,-0.010934030415855075
412.0,0.021442079257033276,0.15400512495613825,-0.08193229280653785,-0.0005366202272698404,0.1028814902500597,0.04974597756145952,0.013216712261222955,0.20068454240161607,0.05403445369388707,0.04128105042202381,0.03764893188559426,0.09150557507132581,0.34822356189131903,0.07543630063013364,0.15731042928457034,-0.0072100201882148085
413.0,0.05700821899705514,0.1609855764103145,-0.08887593178446877,-0.019947651479575813,0.09413321350741648,0.023317109938620198,0.026124430877214166,0.1755808728596544,0.060671153611679934,0.04021148255076501,0.047748294643304635,0.08126846159524316,0.31509029725600235,0.056088269363445895,0.23754288717531535,-0.0006710833310738936
414.0,0.09132953072362171,0.1667581949194622,-0.07810913052833525,-0.028127163509300362,0.08262945127151283,-0.009391750711678037,0.035551992793119,0.1432868188550893,0.07094305179589583,0.053235375387393674,0.06472617122647129,0.06362378501276132,0.2549674078246799,0.03666276340522776,0.2865195072593081,0.008509563234710638
415.0,0.11906748044756492,0.17337208257399858,-0.048276845539633975,-0.020420446855742548,0.07183701600635212,-0.04209378856050023,0.0421385928003831,0.10927091613782611,0.07669337617053927,0.07385373710866064,0.07536735011473758,0.044902605331769846,0.18145173175943843,0.02393583729045964,0.3029661899931028,0.016858197419392356
416.0,0.13346645905779228,0.17959016708298695,-0.006587644262656772,0.001398387349110586,0.06433688124141647,-0.07259798222998899,0.04517360006274194,0.07862148367995875,0.06983790349488908,0.09287690447700796,0.0656455608517095,0.029837514300426676,0.10999512373454333,0.022309727747147744,0.296339909514227,0.019557398558969617
417.0,0.1293171174997373,0.18191899259304148,0.03232809512131,0.029926525259408962,0.06134069195761727,-0.09924503826779042,0.04384230470812301,0.05604174277244533,0.04730786750195523,0.10199669168191018,0.02843249532264153,0.020004708535039512,0.05116319076043227,0.030593199137431956,0.27955965655905585,0.013378017313944161
418.0,0.10618631817644261,0.1767019879056741,0.05172755508790401,0.055398271619208676,0.06339974091768542,-0.11689435804197543,0.03871480260371111,0.044579279805404125,0.013951199436028664,0.09730746421285091,-0.030020252328287016,0.014426757088904901,0.00760787965233885,0.041106422773102856,0.26155000477784973,-0.0010278989266279189
419.0,0.0701478178026167,0.16227730058616693,0.040109729490022936,0.06994584607823444,0.07102982807962223,-0.11708958056333996,0.03264196024907068,0.04474368894882609,-0.018542321857223824,0.08203142308410527,-0.08951353557007491,0.01141345870401621,-0.02252654852995313,0.043147720851228456,0.24420965456856888,-0.018260027688984742
420.0,0.033064965837277305,0.14059398973143108,-0.00251971195937181,0.07076718451238459,0.08408817105061062,-0.0926218746970698,0.03064144469585799,0.05454652180582292,-0.036560447901684494,0.066405714156213,-0.12295741194059766,0.010179833621735114,-0.03965076541789403,0.029191372197857,0.22474214696943404,-0.029729687062607674
421.0,0.008771291657156066,0.11739763488307008,-0.0630784309496982,0.060388013889336574,0.10052077560159708,-0.04334237907800923,0.038471505516318,0.06978190459244588,-0.031411682522515846,0.06346177145202872,-0.1080044498189389,0.010905093259241692,-0.04033736203378021,-0.0006742321381069978,0.2002625752997097,-0.028000312715154286
422.0,0.006755039580661759,0.09982636325160749,-0.12002242134619831,0.04406767128625617,0.11603224670588655,0.020244567388553115,0.05989255342104829,0.08452641600298039,-0.004746179769527826,0.08189492170963222,-0.03802385025841216,0.01318040909608128,-0.020390645950125096,-0.038684384142304115,0.17059868137847511,-0.011294233595301358
423.0,0.026860717733799368,0.09231306890785433,-0.15200412656863854,0.026548839853398797,0.125280714877052,0.07844192680901882,0.09365776666026088,0.09307627973958083,0.03077023223464469,0.11979956569828316,0.07248909600611156,0.014419317694636868,0.01981073351254403,-0.07260788737389372,0.13755389022906234,0.01562878683703544
424.0,0.05929093786480309,0.09410143119593216,-0.14644506223908962,0.010565253565457955,0.12361369480864015,0.10935082385524124,0.13192245029849375,0.09351144244691248,0.05663467715062854,0.1637217871037368,0.19147344240163494,0.010112123196500344,0.07217636130358283,-0.09012849649959218,0.10213051907551149,0.0449761434397195
425.0,0.09025417080039454,0.10036876299871501,-0.10405720670755643,-0.002574952251902978,0.10835088316106307,0.0980070148381019,0.16140215878469788,0.09020278373121332,0.05774171245206155,0.19468205187684604,0.28203167565682513,-0.003519015633238929,0.12213270527730725,-0.08331862504901429,0.06259805498378815,0.07081467438521842
426.0,0.10894579537151645,0.10508143897849831,-0.037142453692003786,-0.012127487431067521,0.07993916050385688,0.0426545596804015,0.16786649273704665,0.09168855120986572,0.031216043227874052,0.1978659804517935,0.3192161384698075,-0.02626681818722419,0.15284727814968546,-0.05231445391811835,0.015304990093589769,0.09119303360482393
427.0,0.11124259449594706,0.10262866249153288,0.036985807749434434,-0.018253184108913377,0.043064856286418714,-0.04461029133096242,0.14302497251955165,0.10388303813904975,-0.010761657518123968,0.1697981918516159,0.301333105117767,-0.05307914822648091,0.15008594466823427,-0.006400712378531897,-0.04180255116727326,0.10588536353922061
428.0,0.09877791150293073,0.08806914528086311,0.10301355017559273,-0.023054531449403105,0.006203901856174104,-0.1420774179524768,0.0903665526657666,0.1238130018997645,-0.04685502679222766,0.11892766769105376,0.24821918176586905,-0.07637928525189676,0.10746171044182218,0.03911348130688125,-0.10523624092564551,0.11296669589060089
429.0,0.07509978380001613,0.05788725810776536,0.1511902956705537,-0.030717332881484396,-0.02152727216060185,-0.22483941385754722,0.025421127816142884,0.1397112089895724,-0.058184157990952834,0.06033401621153562,0.188214386734917,-0.08935150647292754,0.031564220716768995,0.069335553464277,-0.16556490175921598,0.10890125250859553
430.0,0.04215121502073149,0.012014928185626102,0.1770492621627862,-0.045770734057354476,-0.03473975597072776,-0.27066470138758814,-0.031180170510542636,0.13784831039696266,-0.038677330816247996,0.008301082108593044,0.14368486539383749,-0.08828042059842724,-0.057119291469044646,0.07587982991700774,-0.21238455925094912,0.0923222954243718
431.0,5.6532083543553965e-05,-0.04407009110400823,0.17947410610934914,-0.07009274695453944,-0.034310717471692,-0.26425936865786737,-0.06374620794859902,0.11106680948650524,0.002234456564785962,-0.02910585946777989,0.12374816996701818,-0.07397609659916406,-0.13088169060268445,0.05924577042198068,-0.24043867214420184,0.06713223014307411
432.0,-0.04955791829020405,-0.09910605247669312,0.1594405990836226,-0.10069810041704018,-0.02652671009858764,-0.20090047124716331,-0.06805482793154828,0.06343949330383629,0.046194327166328486,-0.05077288249874799,0.1254350474362629,-0.05213685883538958,-0.16635365627273338,0.027159768821389957,-0.25045837000953336,0.041635523563144296
433.0,-0.0998133796685774,-0.13909264580385128,0.12055997941353154,-0.12987466033948872,-0.019729992421139493,-0.08978421826734231,-0.05183339188675694,0.008435633662765816,0.07726088538383769,-0.05898069600794543,0.13924609981865244,-0.03148765569975093,-0.15480549469545926,-0.009343778334721902,-0.24445324877489688,0.02450716828263454
434.0,-0.13833766625444843,-0.15280260207866306,0.07065866291672535,-0.14738505719243375,-0.02009642729165642,0.045545951506973395,-0.031168354634666592,-0.03815218052895968,0.09048982195553146,-0.05486960676965164,0.15466146162621308,-0.019748516638095768,-0.1062972244255131,-0.04025335567452277,-0.22158451631228668,0.02038141878569769
435.0,-0.15197087426234804,-0.13636495168904078,0.021790158737785684,-0.14379021620911428,-0.02824887956119805,0.1726880799376924,-0.024369067026100772,-0.06590571353851729,0.09247879437833172,-0.03673182187382729,0.1634843405338276,-0.019673839909942283,-0.045109120629588426,-0.059741025156228644,-0.17916231077844713,0.027578746872814478
436.0,-0.13388360923015918,-0.09427693222481344,-0.013269627307273891,-0.1143780705665121,-0.0388752977348519,0.26075176403624967,-0.043938480703354134,-0.07326591736903947,0.09408693450202144,-0.002855582244989287,0.16103697552528556,-0.027563403260589748,0.0019321977485857302,-0.06700287170026203,-0.11725576309124061,0.03935294186857084
437.0,-0.08848811954496555,-0.0376317338987649,-0.0265477849725347,-0.062394568351927845,-0.04423653505614739,0.2906159724011497,-0.0899629157207377,-0.0658827814187301,0.10060932825471812,0.04285593979043205,0.14559946457469689,-0.03497911073618149,0.01747029380505166,-0.064912576072152,-0.04185394061180865,0.04752980889870166
438.0,-0.030792589730974915,0.01847454381160955,-0.018367850115516556,0.0008818866236647168,-0.03926669764749217,0.2603629030369925,-0.1497272310397853,-0.05285342856869873,0.10615804730087333,0.08718170243618219,0.11661522006238796,-0.0327813207398722,-0.001202071722730474,-0.05790269985074533,0.037067043157578194,0.045573515956426454
439.0,0.019856163570740416,0.058257985773618584,0.0038873472546643354,0.060335285125939296,-0.024548131964644112,0.18419707784840644,-0.20425377113654794,-0.043806431940407654,0.0958264881630797,0.11026475423320208,0.07320364179294664,-0.01571651488528549,-0.04541734875551934,-0.05045285483308833,0.11080970239174083,0.029702867477445213
440.0,0.0483024546687233,0.06980907834483985,0.03014997111221576,0.10333508143940806,-0.00562796264864686,0.08553726593002474,-0.23704594191405362,-0.046978856494095736,0.054054820285209484,0.09477727360472663,0.014390317628244713,0.014368622507963188,-0.10222529972902372,-0.04635404061755602,0.17477416181909655,-0.0006904559991391045
441.0,0.04952885919960386,0.0493740953746954,0.05131040786102202,0.12435863910401163,0.010017170996863731,-0.012647345584244527,-0.23992192185622252,-0.0670722202310208,-0.025823205581331422,0.03607781986121012,-0.05902275209966785,0.04819818002501001,-0.15962354851674493,-0.04801534895594393,0.2261342032948215,-0.04204059443130374
442.0,0.0289861078291022,0.0027793543379351277,0.06072840767588099,0.12557534081007168,0.016552089003441527,-0.09467446280541501,-0.2141463185803323,-0.10322530258551237,-0.13633051314365027,-0.05365086044919276,-0.14196398795177345,0.07219741709819677,-0.20856027020581047,-0.05546245544990598,0.26020348649272507,-0.08618899823910531
443.0,-0.0017483040256989965,-0.05657652456756768,0.05463963157898999,0.11398263342312466,0.012555446119497169,-0.15265151996790996,-0.16756907361919313,-0.14891412208917326,-0.2577990842466726,-0.15012362181116073,-0.22388770053266543,0.07418191341936634,-0.24329860474200157,-0.06564872503866348,0.27019174825382913,-0.12281641580491118
444.0,-0.030645954461461847,-0.11158059385615718,0.03194422857605493,0.09740369007707185,0.0014333065501363918,-0.1832337112285478,-0.10981238121378083,-0.19447256300459023,-0.36568461449605755,-0.22741208497478207,-0.29106221794224135,0.04922771041927099,-0.2605160682404581,-0.07297155605298558,0.2501446380776925,-0.14382043684195847
445.0,-0.04965415818189419,-0.14602955776271523,-0.006085275158874049,0.08131992082947641,-0.011267560884753808,-0.18549101414371372,-0.048573302375098826,-0.23062127757305179,-0.4383273462271566,-0.26793884070284235,-0.3317648140229076,0.002512606929818551,-0.25758960140039505,-0.07131850019761342,0.198074061563086,-0.14581435003675858
446.0,-0.056701573024705076,-0.15005607219636932,-0.05517170060265256,0.06723258627063106,-0.0217481927221408,-0.16152248906668412,0.010643004612288193,-0.2507045573434884,-0.4619046281854277,-0.26712222783385575,-0.3405086473945958,-0.05312908709485664,-0.23265641291397166,-0.057213989948288246,0.11780513387836908,-0.12945700075273248
447.0,-0.054943487307414524,-0.1246488664889602,-0.10738713203984933,0.052681225456259896,-0.029724623688321416,-0.11787308198849032,0.062384099307016196,-0.2510983765108234,-0.432678206410899,-0.23172627286874026,-0.3182490684959603,-0.10350905743659801,-0.1874425896785762,-0.0327212643298019,0.01968730984141512,-0.09787771928833594
448.0,-0.05016503118730451,-0.0815574576381153,-0.15269612272885208,0.033220444711066194,-0.03679966685629579,-0.06500744513922817,0.1004480135023974,-0.23120219785249901,-0.35706065720457775,-0.17442581602085358,-0.2692854374703836,-0.13849975959861935,-0.12949513854490804,-0.006042559613048861,-0.08008440890478948,-0.055973259680291446
449.0,-0.048033808076630304,-0.03763997452838807,-0.18243450867111097,0.005894934588393229,-0.04358847242996859,-0.014456789411459408,0.12036602329718538,-0.19402805313737653,-0.2489963746757663,-0.10820790820287558,-0.19827573728487946,-0.15344769861686522,-0.07024425646069528,0.011478887105928296,-0.16251121712132327,-0.010318515320763031
450.0,-0.05202494637404213,-0.007316260758282798,-0.1918856242649606,-0.027739486912971675,-0.048560467977338276,0.024138938147384895,0.12286863655039358,-0.14642374979531625,-0.12524666772620735,-0.043220058455542415,-0.1101203496791515,-0.14785769762231096,-0.01964448088772095,0.011079645592531944,-0.21120907719974363,0.031472855399826874
451.0,-0.06200461342328589,0.0026212859598373764,-0.18059744178565268,-0.06116228229428293,-0.04928648631148155,0.04480256016986382,0.11470400734406289,-0.09735233908501661,-0.0009625569287735462,0.013376789904460337,-0.012078150937871502,-0.12397027915905852,0.01892195366259015,-0.008049581133533388,-0.21850873164084814,0.06264228108664169
452.0,-0.07396429879591486,-0.0059435220172545,-0.1520022906195005,-0.08549755811700768,-0.04466523054694106,0.04659412991653911,0.10541277358876044,-0.05464780110650198,0.1122469472892319,0.05587731212153658,0.08465115993360818,-0.08618393302798832,0.05019568185277787,-0.037505215598415534,-0.1895118850885926,0.07957585311084249
453.0,-0.08163445847786853,-0.025095953923671376,-0.11334706678692213,-0.0936023456616567,-0.03637539533280319,0.034341193230316994,0.10173805438265533,-0.02284768860606898,0.20568251149527658,0.0788407188648713,0.16555230640256624,-0.04091585786064878,0.0833525779797494,-0.06399056734674737,-0.14114797825812453,0.08291685122044698
454.0,-0.07934390781344554,-0.04551993821741468,-0.07434670693360436,-0.08324066763062762,-0.028597105746085726,0.016971852929633942,0.10353558240849554,-0.0036823202435985157,0.2727648370485919,0.07771766084238788,0.21578505000201503,0.004014359545366283,0.12462109232061426,-0.07655535919810408,-0.09538643715669917,0.07668379391562688
455.0,-0.06421944775151382,-0.06100526296429926,-0.043529185063631494,-0.05794643315143877,-0.02630654372019185,0.0036014982011120253,0.10445647075066805,0.0024970192620297903,0.31022580859273924,0.05143175896601516,0.2247448144458885,0.041389839682482596,0.17181129145598414,-0.07204418697700544,-0.07002733645310619,0.0654202930903383
456.0,-0.03676126838278157,-0.07081466596934248,-0.024799253966225187,-0.025622179578591642,-0.033084079450333426,0.00018211097090350495,0.09691899609058988,-0.002970750892098476,0.31999343105036904,0.005412556425031119,0.19012099501339177,0.06761893032121531,0.2155543250594447,-0.05552442109442785,-0.07251361708047233,0.050775848507269065
457.0,-0.0006102345095671386,-0.07882212186856288,-0.017611199483076233,0.004245630638736287,-0.049189159378571864,0.008644006915474668,0.07756331007988827,-0.015111715864721917,0.3087548775118728,-0.0473218390954181,0.11953008667891254,0.08444914817860814,0.24541536368187947,-0.03586877779273393,-0.0996660095353223,0.030404404991693265
458.0,0.03793436681362435,-0.09039312686773153,-0.020064459898699923,0.02365585282213448,-0.07081044377794081,0.02713136640202505,0.04942567307585306,-0.024582045299364162,0.28475219912417077,-0.08889442959171799,0.029387714557680113,0.09725421978979121,0.2547586687267598,-0.019758504665733874,-0.1420501783373577,0.0007373756644237448
459.0,0.07131130300348498,-0.1088167487223506,-0.030641832250433515,0.028536207436314336,-0.09151407777372944,0.0496303972711796,0.019772637857871624,-0.0204710264741056,0.25443327942294097,-0.10304048570714906,-0.05897474063248801,0.11098594924285388,0.24158837074631534,-0.008025230544442196,-0.1894724454488471,-0.03843865174319048
460.0,0.09293170393071423,-0.13238830948775782,-0.04636838441523784,0.019746552827699198,-0.10571119924176987,0.066834705867319,-0.004111121701578167,0.004012542378207885,0.2213375709298454,-0.082716499608204,-0.12597622330144,0.12706838146634622,0.20757183795827264,0.0035838704308741773,-0.23448319549079263,-0.08130787217816754
461.0,0.09879584905438701,-0.15383677849436114,-0.06023215107791525,0.001996539013153113,-0.11204849236678709,0.07058347834259762,-0.017751628336888314,0.04666906705571709,0.18705782958337022,-0.03463861102695012,-0.16117136366749393,0.14275076133111106,0.15732737680717443,0.01984427814983852,-0.27271813322915434,-0.11725263141568185
462.0,0.0877818290196478,-0.16375994790500276,-0.062459199099945045,-0.018916835213832205,-0.1140539632666738,0.059426351337594566,-0.019798045460710182,0.09626145730309581,0.1526323512185095,0.022738262150052983,-0.16692177259680205,0.15212932400944407,0.09747658717471233,0.04099612534152651,-0.3015186498545804,-0.13529653619548954
463.0,0.061411455990117235,-0.15612673217169715,-0.04639320789085723,-0.03883913594225219,-0.11731788600477655,0.040365916108497275,-0.011126287667936904,0.13751974392098693,0.11930203616996846,0.06750026666686312,-0.15538662355249544,0.1483729803838955,0.0348462659199325,0.06123648041252474,-0.3192120011861365,-0.12931539841649078
464.0,0.023912042895753254,-0.1313061552927816,-0.014324572388935223,-0.056181201937643824,-0.12524172221821753,0.025398015176143707,0.005875404520872111,0.15759218999370744,0.08844463891630394,0.08390787525881226,-0.14109348876644728,0.12711172551523567,-0.02479652286256256,0.0720276547656607,-0.32505656255065074,-0.10112224608487992
465.0,-0.017648013685867155,-0.09468181461789589,0.022333875306515726,-0.07060578080059325,-0.13633275065494654,0.02524141278270711,0.02721460171899823,0.15069628760860385,0.06085944043375009,0.06789753756209768,-0.1346947008231592,0.08945108221511497,-0.07579259365003421,0.06780643866535516,-0.31813420741405296,-0.05980595530696144
466.0,-0.05428035288939795,-0.05294473508600505,0.049695849028410496,-0.08077813654797539,-0.1449231957423232,0.04301946935840379,0.046593396173529596,0.11964596168025529,0.036105185042217026,0.026870071780895795,-0.14107969429463982,0.04237636320075428,-0.11090243823090284,0.05020401921669492,-0.2960014737893069,-0.01811792853665559
467.0,-0.07782298502035913,-0.011161561137854482,0.06044580170694439,-0.08334350435944661,-0.1449342200460466,0.07081040073820209,0.05556470588720719,0.07382838182679695,0.012679827509032649,-0.024283439062858923,-0.16050916275625624,-0.003924097301310332,-0.12225720707312784,0.027744939675393095,-0.25594873859283207,0.012086812391928624
468.0,-0.08441944686278016,0.027666010042050333,0.058433874188254666,-0.07437122001363228,-0.134055672274044,0.09205181076292045,0.04600982120614619,0.024863666279886214,-0.01118603033297728,-0.06851737312026754,-0.19015694133668767,-0.040201541009053994,-0.10523847359219392,0.010967822852079246,-0.19881603420101648,0.023750919742973046
469.0,-0.07646328399075311,0.06095320188277382,0.0550945587420105,-0.05233237139366192,-0.11547137045867657,0.08949746776649722,0.014210550143087424,-0.017238400006745296,-0.03703481647373606,-0.09179065560730304,-0.2249909095111634,-0.06122649265618285,-0.06239328023891559,0.006733393556880147,-0.1316674020233568,0.016766867370093825
470.0,-0.06163947178805843,0.08524046422738062,0.06058181825554533,-0.020279028065808072,-0.09615856762600251,0.0541176206896234,-0.0360164973239211,-0.04583611955523113,-0.0663516804966836,-0.08686687533615907,-0.2582226740088823,-0.0659483951257082,-0.004988501974263641,0.016214671505198834,-0.06612947320386352,-0.0021339255258529025
471.0,-0.049320561952898405,0.09729167845458381,0.07673280995120302,0.014523014950601845,-0.08286263885006682,-0.01003922102240233,-0.09351409261542111,-0.058205417409136435,-0.10074439687088177,-0.05487968371539259,-0.28207867961239097,-0.055567863839193515,0.0488154354903661,0.036916230474781236,-0.013012934105249138,-0.02187076499823576
472.0,-0.046001717648339074,0.09634191208915897,0.09699125695354296,0.04341852352564455,-0.07815664034327977,-0.08722237596488205,-0.14411635415394486,-0.0562270794345577,-0.14088750004733588,-0.0044778895532547715,-0.28977033606467334,-0.03239359777676458,0.07918444606455134,0.06488686709775263,0.023013459978694167,-0.031655246784682116
473.0,-0.052360045883652534,0.08450907979766407,0.11205235655997012,0.05978930085833627,-0.07901913865098587,-0.15671773221369828,-0.17682225279621985,-0.04686752186408425,-0.18389287914056468,0.051283276443539104,-0.27812423538986997,-0.0006170447428593233,0.07151004807992169,0.09468273928677633,0.04533392250865157,-0.025981179032467293
474.0,-0.06370123701101583,0.06489742459275369,0.11542479235307225,0.06095789678181341,-0.07853081909007624,-0.20108922115768463,-0.18739026414380763,-0.04055463735221134,-0.2210664123281716,0.09981931777037173,-0.24844809336493606,0.03291904853034078,0.022172033791671254,0.11893005242026379,0.06306590871206136,-0.007021260443361953
475.0,-0.07335041738828801,0.04006542079036807,0.10480547694426649,0.04807993523196784,-0.06917765093289437,-0.21116778067666525,-0.17742041751286564,-0.046310168458610086,-0.23912787237055125,0.1339348924507087,-0.20447463006962083,0.05996112769194765,-0.05867927956703715,0.12986156630983592,0.08572700692582758,0.017053417250699556
476.0,-0.07669553822441418,0.012718797083818293,0.0801538920383992,0.025055436795694015,-0.04602227711162972,-0.18632180090631217,-0.15123546908097713,-0.06583947096436303,-0.22576311701273044,0.15395454870208927,-0.1495694910019945,0.07370273652929378,-0.14805179791246248,0.1223553027195226,0.11748001463331384,0.036645305605313504
477.0,-0.07298456684783779,-0.012954801931199432,0.041805819947695395,-0.0026444969669458516,-0.009194663845090364,-0.13261131969293294,-0.1137005392635315,-0.09169107368864557,-0.17658106428055817,0.16542210849193587,-0.08611362096549524,0.07118950519031683,-0.21602543989804776,0.09666841074926256,0.15384864464176032,0.04521918368844811
478.0,-0.06368459387493372,-0.03196303744922929,-0.009327549232269146,-0.02904687547737457,0.03458064702310794,-0.06166808377649161,-0.07005987916851875,-0.11213511938339064,-0.09919636009975484,0.17402072076198674,-0.017681973847290883,0.0536334846562167,-0.2371080590776106,0.05954080574184814,0.1827405314622299,0.041221370348944124
479.0,-0.049596880538910135,-0.04106457710931625,-0.06979459064939968,-0.0487639798029131,0.07289744900624141,0.010156605584030412,-0.026813635678604095,-0.11856858465228122,-0.01216911329727415,0.1814170652013388,0.0481454256011097,0.024924474366792956,-0.20310743096387454,0.02267079929011061,0.19024124312895455,0.027424508557444036
480.0,-0.029929155433152388,-0.040232598092971174,-0.13148538778266947,-0.058197056971031565,0.09233126314064695,0.06515699861916832,0.00826443505493524,-0.10905754011745501,0.06088941324127985,0.18434920939066912,0.09993369954705004,-0.009901401014874134,-0.13009326223825815,-0.001627865376651965,0.16899731735475876,0.009228748776954829
481.0,-0.0037633564220772723,-0.031329814910789885,-0.1812066500718615,-0.056535949453856156,0.08519493069536396,0.09048156303677064,0.028128673774931966,-0.08686720069397987,0.09988759328039844,0.1766533015729557,0.1269574976662274,-0.045202753475529114,-0.053623603934580336,-0.0058740245111636846,0.12375744947903006,-0.00725846335614188
482.0,0.028084976575879952,-0.016041177186975137,-0.20372459896137415,-0.046009501785378853,0.054489476876830124,0.08348742002486162,0.02973064279192884,-0.057166139495134424,0.09549331868503477,0.15249303182175428,0.1251349944582653,-0.07513318621158925,-0.01234349150537963,0.00900797802181687,0.07000630629039518,-0.01731162845800672
483.0,0.06222191805221569,0.0043007744696157224,-0.18866825499454426,-0.03139515464419308,0.014548367343514433,0.052900988332321874,0.016411047335348525,-0.0243158904472802,0.05126187216003152,0.10909375369175743,0.10005908344100913,-0.09487831814971094,-0.02761340991884406,0.03375995288516244,0.027524339593290623,-0.019354289949558495
484.0,0.09297280359344089,0.027441336392608928,-0.13759172819065188,-0.018917667753448955,-0.012505470314049227,0.01554685613082591,-0.0026476229335062993,0.009507784386869627,-0.01900016055327016,0.0485617834085664,0.06574494950273778,-0.10197007760523051,-0.09123915420922979,0.05413616045701539,0.013851085607881657,-0.015517517294653692
485.0,0.11388283767477317,0.049721818819392284,-0.06465415790872214,-0.0140472626856698,-0.003687051238934536,-0.010185134992216856,-0.01626275526782553,0.04404364868389084,-0.09528025786131294,-0.020969095513239566,0.040094052963177806,-0.09649944888316218,-0.16946597607859512,0.056771164764785595,0.040469072192307734,-0.010641560381342688
486.0,0.1200630596244138,0.06739007055464803,0.011018032819765095,-0.018523887920355225,0.055314658877693164,-0.011904986806428708,-0.016266084808742847,0.0793223939622662,-0.1557961262618933,-0.08587378431725073,0.03860017734481194,-0.08046218240702725,-0.2207711146089731,0.036272587064091824,0.11094170542743764,-0.010136683661612684
487.0,0.11010448863111388,0.07885748872445933,0.07490155743723713,-0.028756414568539248,0.16103022880610665,0.012042059850462201,-0.0007056897873961961,0.11369856246764891,-0.1831431772709869,-0.13072457600286572,0.06808506279817728,-0.057033479175899716,-0.21634793002599398,-0.0004494745347616214,0.21878078265664472,-0.017384837717748097
488.0,,,,,,,,,,,,,,,,
489.0,,,,,,,,,,,,,,,,
490.0,,,,,,,,,,,,,,,,
491.0,,,,,,,,,,,,,,,,
492.0,,,,,,,,,,,,,,,,
493.0,,,,,,,,,,,,,,,,
494.0,0.0658962578559462,0.21919993435977292,0.09317295129988198,0.08714173230570758,0.07803491326997854,0.11069697759533927,0.15384004484053415,0.050240202092662986,0.16814810310802347,0.07464188831067213,0.15740185275618115,0.05253830039136128,0.33154926626135484,0.08874491448687527,0.2359673345359704,0.08481492965398657
495.0,0.09546730057281162,0.22248633879365712,0.06589823285447041,0.08893663088785203,-0.030147206093615868,0.0683489327014105,0.16151229571740264,0.028560661230479095,0.1850388793319,0.0644130788827459,0.12485174673382313,0.048704973490517126,0.31589217850351614,0.0709290361799809,0.13657034675436994,0.11689577307264215
496.0,0.11405037017786981,0.2019567192891108,0.03806289399701896,0.07086092856483305,-0.07047486758574854,0.009288298814690886,0.15792504158460444,0.02228445220459422,0.18194356532539863,0.03642141596957325,0.10973560860592572,0.0376061130376831,0.27550073713800705,0.018749575305755325,0.09145099161300341,0.1213405770219316
497.0,0.11542625228274424,0.1592039438860737,0.009777255804580278,0.03742819406852058,-0.037966970887295025,-0.0647301504677553,0.13846377855801084,0.03247765517267539,0.1621463871444247,-0.0010267262127235798,0.1115923367746732,0.019275190071517328,0.2167564660758847,-0.056288568118103226,0.10404277169492265,0.09689907539167406
498.0,,,,,,,,,,,,,,,,
499.0,,,,,,,,,,,,,,,,
500.0,,,,,,,,,,,,,,,,
501.0,,,,,,,,,,,,,,,,
502.0,,,,,,,,,,,,,,,,
503.0,-0.059531487929393195,-0.18957178044064213,-0.03561102044321755,0.02382397679346859,0.12523615298351598,-0.07840921498281651,-0.0979360789638867,0.057429965992048436,-0.05051664689283366,-0.08793002683720733,0.23379165121846557,-0.04116833446647759,-0.03345814944803929,-0.15678979994511918,0.07454898937866312,-0.051048019759542096
504.0,-0.07184498394449405,-0.22457782353397154,-0.01260449202201108,0.06383962935282066,0.04221943259449951,0.01819779303116322,-0.10528440760931765,0.04143328125296629,-0.0920984522506095,-0.09791673081151268,0.22362119132527558,-0.02679688771672085,-0.043122744428365375,-0.09863556204585788,-0.014226904804599046,-0.0123272365049318
505.0,-0.06772412572999294,-0.24006567155983488,0.014462708062104897,0.0961400979503211,-0.03139876875439522,0.10196685288339263,-0.10355915783698953,0.03395107155756754,-0.12263421008275513,-0.11437215991589934,0.19184459811119908,-0.010676346903289986,-0.05654873175808192,-0.03989198495343286,-0.09029457027539017,0.03949309869941662
506.0,-0.04715225200875558,-0.22658195701389808,0.045538672154236334,0.11305167355744113,-0.08169964632843615,0.1578857889666722,-0.09802309355936467,0.03514171966860863,-0.1337794723112938,-0.1330851916411694,0.138193028896084,0.005092930257671219,-0.07087766129998635,0.014426679175001011,-0.1490636832848675,0.09223608013557472
507.0,-0.015902147317909985,-0.1797071450078818,0.08076728688806986,0.11090773220305636,-0.10589914363632882,0.17822427083098086,-0.09192763455010958,0.04143673127480971,-0.12416595592704323,-0.14758632823564444,0.06906114284306186,0.01818411526597855,-0.07934562732863801,0.06092146874358203,-0.19603535410836442,0.13197986194340766
508.0,0.015288043061898498,-0.10522711315738709,0.1176569505212278,0.09137046483803699,-0.11045603418386808,0.16153476565133296,-0.08470303588370723,0.04805067229447431,-0.10108149332591523,-0.15081670458265978,-0.0017319405647941602,0.025353282966327204,-0.07612578447608075,0.09650866762307989,-0.2394131372695961,0.14853599363199685
509.0,0.035120100147126194,-0.01889630300992083,0.15004564152857447,0.061131106612801224,-0.10651795355792529,0.11281871742957118,-0.07266801821157899,0.050327200572415014,-0.07621145354002651,-0.1374408129976359,-0.05653945022284309,0.023696780862486364,-0.06005869151290969,0.11830045073764733,-0.282872595935979,0.1395132579287385
510.0,0.03746568848729781,0.05911845625441469,0.17032608985482026,0.02955821332248632,-0.10448192094505562,0.044115906142249396,-0.05228507369922181,0.044089564308881966,-0.05851901774799052,-0.10596587229573087,-0.0810818426752684,0.012947565184973002,-0.035574317695361915,0.12448986181854484,-0.32279100656511106,0.10996147478862373
511.0,0.024712058054066937,0.11164626608469125,0.1731658914687268,0.005218739157707226,-0.1096872582482343,-0.027749655656629946,-0.02346690394926621,0.026481181341102732,-0.04957570129336324,-0.05901878275463201,-0.07084394303288816,-0.002961070730466224,-0.010323679673616656,0.11538509561112303,-0.3506611096758297,0.06796055015916636
512.0,0.00623196086214065,0.1302596765922648,0.1571689690803137,-0.0069853141163644175,-0.12126508238687239,-0.08657761933099731,0.00975622750604498,-0.0022045441042519323,-0.04396809962245325,-0.001584704150564181,-0.032673454064322635,-0.016211614819472843,0.009029535822002057,0.09368764052384991,-0.35858315892407705,0.01966155007575013
513.0,-0.00722728273214387,0.11748614300782788,0.12351410331683323,-0.006692586568487008,-0.13428657651380327,-0.12150677536898359,0.04148934130909859,-0.0371128087092431,-0.03313680263459976,0.06128144629302345,0.018331825725379773,-0.01799379165073848,0.020042746447650046,0.06390073396654705,-0.34417730230578014,-0.032323137199142406
514.0,-0.009326665943997281,0.0849499454863848,0.07444802947136346,0.003094455526201098,-0.1433225617209229,-0.12799948651007526,0.06715026969034266,-0.06997118765254862,-0.009433914049084566,0.1259743541968319,0.06470467838968469,-0.003411668782697684,0.02523858036592456,0.031214505235038208,-0.31203397912512315,-0.08626718615455224
515.0,-0.0002874117772314153,0.048083487834585534,0.013980240856976084,0.018075172137461792,-0.14556909554248684,-0.10660990043677791,0.08530964417342965,-0.0928518640183472,0.030933556128714512,0.19031643293047967,0.09331054793431036,0.02468915180790816,0.030852399379294237,0.0002488900962134347,-0.27170134266169066,-0.1369343119825378
516.0,0.0150552018651578,0.019715054454917606,-0.050447315642018126,0.034198150125458786,-0.14222086078678955,-0.062263332709020236,0.09752785595149871,-0.10169570140383952,0.08539187543142729,0.2511191888950401,0.09925775053778418,0.05625714623901137,0.04419613027835721,-0.025746198537719756,-0.23373669741415048,-0.17349645690865545
517.0,0.030704818023711247,0.005754339761502548,-0.10768263352747018,0.048191848685769936,-0.13693187965583672,-0.003680254166225618,0.10674920426757703,-0.09712515716178079,0.1432728283532564,0.2998986606368633,0.08395510348118314,0.0787579916051203,0.07013730575648801,-0.04480386038691226,-0.20475140852821072,-0.18283385558529658
518.0,0.04188198737293023,0.004717226946559745,-0.1448611344750531,0.05763784569850159,-0.13212213264195602,0.05863252272351957,0.11471401052921663,-0.08316675282967718,0.18753726905474105,0.32041705834048567,0.04961306888056777,0.08286784061699866,0.10784451713027135,-0.05552957672929245,-0.18311097178075667,-0.15697053293860186
519.0,0.04578675287895908,0.010249309715334335,-0.1516362374865259,0.061202133336716105,-0.12642659654796679,0.11520998617234203,0.11933057764298703,-0.0657472119992419,0.2015010057812597,0.2925768617132015,-0.00365997250145087,0.06586566147869873,0.14865259201019682,-0.05640680370357683,-0.15878164269234563,-0.09899813217764498
520.0,0.0413648930819961,0.014799316094114789,-0.12597984494984155,0.05890838204802325,-0.11574989967741683,0.15923110471517493,0.11422154765604477,-0.051584129121872414,0.17745390776441622,0.20292546130903977,-0.07500863714399025,0.031417361019033516,0.1760469098360644,-0.04579699391181444,-0.11934918824675703,-0.022950841443408632
521.0,0.028740247177236097,0.012943299183994937,-0.07828565140381515,0.05187638113639382,-0.09689980025056816,0.18627035986025522,0.09210324339959299,-0.04724140293766222,0.12155004642295375,0.05586316155459944,-0.15783268293579122,-0.013188191777222694,0.17029988740439297,-0.02319608170224548,-0.05944865026294811,0.05168135163509776
522.0,0.009124104301271299,0.00293658800828731,-0.028453060461922933,0.041453051626589375,-0.07075432037862166,0.1935995169488401,0.05046730454479805,-0.057797502233777026,0.05194539614308392,-0.12206242560466266,-0.23867332697655172,-0.06002357228893101,0.11822857962224356,0.008759111284960716,0.01263693563795799,0.10694348211421088
523.0,-0.014510097701264737,-0.014213385707566218,0.004834094682778663,0.02854545587741766,-0.0425466320867911,0.18015121014053329,-0.004546607080022388,-0.08441944454162927,-0.0087348303741033,-0.28848081002485954,-0.30120835535328266,-0.10183023379471749,0.022568056472907893,0.04360074958292578,0.07676592484608168,0.13147940804051989
524.0,-0.037104800442998555,-0.03662899906270455,0.0149204742118861,0.013825397894225348,-0.01896118223161729,0.14698092839167962,-0.059027670491060655,-0.12199229246427823,-0.043167956302408515,-0.4000183819244897,-0.33178816530505145,-0.13148819889561808,-0.09571772119236055,0.07307836838478045,0.11167146426825156,0.12209681524773502
525.0,-0.0529146597254296,-0.0619082085160853,0.008901057238345406,-0.001568642637415321,-0.0042088955572699505,0.0979836603426837,-0.09651406124873825,-0.15985093453108332,-0.046685029137314316,-0.4285216907944176,-0.323678643336225,-0.1414381705971166,-0.20350612013544664,0.09052259032218435,0.10828215789567072,0.08253020324663524
526.0,-0.058178217122934806,-0.08584686946814234,-0.000767908092356811,-0.015673331053157966,0.0018803467088861227,0.04063896678486742,-0.10503717948098834,-0.18623160983555356,-0.027982514020867193,-0.37048965790808075,-0.27901293403930544,-0.12513004607728123,-0.26718631208406274,0.09319088803620651,0.07615909372164735,0.021816011494304868
527.0,-0.052898286936170505,-0.10195639310856827,-0.007161534388245529,-0.026051026832568755,0.002620584853608571,-0.013855413111516748,-0.08275272159070028,-0.1930195875579465,-0.003081530076632584,-0.2464484296307654,-0.20733854847519417,-0.08046015543676134,-0.2659947953552364,0.08299728761414059,0.03795507270631848,-0.046018243109908846
528.0,-0.04028256640442736,-0.10329896834883553,-0.013629896659342574,-0.030523685356224402,0.001615781069829845,-0.05220776024724533,-0.03881813539892652,-0.17762353315532847,0.012874960480723962,-0.09295265625051417,-0.1211547623571412,-0.012752783694697765,-0.20151164464642252,0.06575516719100269,0.01557979893160589,-0.10232340655839056
529.0,-0.02468095720954201,-0.08570699411934699,-0.029765094597486403,-0.027649824066306658,0.000720075122334851,-0.06349407772865961,0.011623106438196812,-0.14207848839524648,0.011505303113893112,0.04915646035843347,-0.031649647584731086,0.06511650087999413,-0.09780889887359774,0.048865490653212884,0.01769435945821778,-0.1275368838545004
530.0,-0.009995925639500738,-0.05030179065836046,-0.06277752331391252,-0.016832204389525138,2.952198031927612e-05,-0.045158041075654846,0.05500157454841154,-0.09113371813212608,-0.006460968609088574,0.1473707742243885,0.05258391256823963,0.13581050807159242,0.008668280273733488,0.038216078789553645,0.03604411984862483,-0.10898028632999712
531.0,0.00035271979133009133,-0.0036860802707558197,-0.1107822744879691,0.0011534315760624797,-0.0010015499061936436,-0.006399120577457188,0.08377849788177205,-0.03084328095185695,-0.03237217886343865,0.18662065887940968,0.12425447497311672,0.1826353912360509,0.08381083597801042,0.035504622429946855,0.050948058129138996,-0.048644010586676
532.0,0.0025172676681814465,0.04393836897531478,-0.16209214507168135,0.022933915427457624,-0.0028768827027729855,0.034135538166083154,0.09534192378151034,0.03165849982144105,-0.054520201798818814,0.1708665906626878,0.1758749221945566,0.1948240792144426,0.10709507175264263,0.03698086830595689,0.041885736301592036,0.034728886421543224
533.0,-0.008032881749052501,0.08098391129222783,-0.20034370787558142,0.04209628814859678,-0.005886047589229968,0.055515176874132814,0.08859827665124788,0.08801234569588574,-0.06494824842633096,0.11762375627956653,0.19987857665115916,0.17083693156434127,0.07592028698706359,0.03477577106807469,-0.0012711575111011412,0.11162158301438166
534.0,-0.034910208180526724,0.09663115162241116,-0.21190970875642043,0.05107583906211529,-0.009711902417968465,0.04358152627092516,0.06319949794022052,0.12980394978954854,-0.06409129757200002,0.049457229714364725,0.19063692656908854,0.11832071186559048,0.005061640012118335,0.021331550184986243,-0.07147768008668254,0.15342835728114634
535.0,-0.07774986389175198,0.08403084209457864,-0.19142520147091305,0.04472095347404718,-0.013068166197067516,-0.001545240306551501,0.022064736430051024,0.1511046172161087,-0.0601472642703946,-0.013495034025568302,0.14774222854347077,0.05124860617715706,-0.07734382597492184,-0.0047448386952972,-0.1465651928548439,0.14455137884925476
536.0,-0.12974201406025163,0.043592097856969624,-0.14325225674880385,0.023099827381225343,-0.01420173235716401,-0.06385173440168769,-0.02675638029403854,0.15023307919067078,-0.0639252989334908,-0.057687960119880935,0.07903890513149074,-0.014165022750066526,-0.13877536655725145,-0.03548962151384574,-0.19922045250594772,0.08913619486385546
537.0,-0.17799150907013064,-0.016315981600510725,-0.07910863381626326,-0.008442899161613665,-0.012227592240253563,-0.1185437171121779,-0.07231244264643363,0.12959181418062587,-0.08217852666302183,-0.07676682100967325,0.0007309576906606966,-0.06345398148421252,-0.15521937746196865,-0.0569082293950052,-0.20882480619001506,0.008869764237619959
538.0,-0.2073165987312401,-0.08139465979155155,-0.013437609326554602,-0.04184097961106218,-0.007909247702763932,-0.14475156984426935,-0.10600153107086259,0.09510097340547347,-0.11221347866695007,-0.06984370651443632,-0.0671811431882237,-0.08690825664364793,-0.1214184217373409,-0.0577728460873855,-0.16919616098182474,-0.0670346576142602
539.0,-0.20586234890595742,-0.1344241058699698,0.041316116345945696,-0.06953042185211228,-0.0025272071511901178,-0.13546018721986602,-0.12550205006197304,0.056180492455438324,-0.14060764649647378,-0.03905076217833318,-0.1081001101442705,-0.08108943101236735,-0.05205261419579092,-0.0373165542156045,-0.08986639788072347,-0.11399722349268254
540.0,-0.16967829123875378,-0.1591392763667086,0.0776654460587278,-0.08656200101116095,0.004201371727283782,-0.09846660526157985,-0.13439222186423097,0.02450766952256872,-0.1482172648551079,0.012235424016941955,-0.1142273376075526,-0.04908719280080671,0.02634888143093823,-0.005756263196349744,0.008172417497004177,-0.12028366575638709
541.0,-0.10409310608631991,-0.1451828966458988,0.09382644950025512,-0.09131915319469813,0.014417924563749341,-0.05033332492132116,-0.13829919141288216,0.00997717648073137,-0.11997672384287114,0.07916660557595183,-0.08807404511013395,-0.00018206138211859614,0.08780433266784195,0.022169824859623682,0.09999537911010284,-0.0888343663729637
542.0,-0.02164110907111272,-0.0923354982871063,0.09286353509328006,-0.08545752901470001,0.02973845484658811,-0.009965063647883974,-0.14033689952160175,0.01563836648251096,-0.0540374926417655,0.15300758885131008,-0.04153008001049654,0.051252607644278685,0.11791275299859817,0.03518679074958655,0.1649327058485116,-0.03352124119383889
543.0,0.061993254867789865,-0.011838882459672524,0.08071229713477956,-0.07318087808811416,0.04861510571774902,0.005540640183033008,-0.1384106061699188,0.03563520079262509,0.03530052600423573,0.21909407926181668,0.006557040718989783,0.08882304557805785,0.11894312261653459,0.029908093043145914,0.19199473219036595,0.02801566649424067
544.0,0.13192392022697935,0.07634868590926024,0.06364122861150376,-0.059476865098560726,0.06613963304866548,-0.014532440097123981,-0.12643494935529234,0.05838426329034,0.12268422615664837,0.2588875497719444,0.03565067982809689,0.09946508018379924,0.10624180923081501,0.010616259033810532,0.18000786353137696,0.08123130695729022
545.0,0.17669492752362945,0.1502687280069152,0.04633119127283142,-0.04794461990712564,0.07606167218702929,-0.06850249281090325,-0.09939442678019557,0.07313006178652308,0.18236324161271766,0.2568621560728027,0.031724463282653055,0.07886946531573126,0.09771326991351743,-0.01405143498950392,0.13403156733390328,0.11750069345251754
546.0,0.18991101647892508,0.1937371383783061,0.03137130783000107,-0.03989668185576016,0.07304042232128255,-0.13936216655188868,-0.058660569725817874,0.07560557679074975,0.19943825628967765,0.20855736732313754,-0.005526186313358361,0.03364183120557547,0.1031164467456537,-0.03553929601444039,0.06263319090288678,0.13292759832727194
547.0,0.1713439228100774,0.20029623692918364,0.01969079688149001,-0.0352974098431088,0.054368462149386614,-0.2000473376914954,-0.013324038431877861,0.06922316126808,0.17591618979434548,0.1244983673265033,-0.06191114855049007,-0.021434352067082496,0.11966203392053619,-0.04860528423096746,-0.021712246852221947,0.12635111987449557
548.0,0.126946289326687,0.17144005619635233,0.01103612677433382,-0.0340932677411481,0.02148370315275092,-0.22555936686170033,0.02325691827245103,0.06131395564677691,0.1278641762579867,0.026911934427213124,-0.11608927023856865,-0.06988626182718546,0.13476139496709408,-0.05140425361480311,-0.10184869820700865,0.09880535969736443
549.0,0.06719963063827378,0.11264270038105595,0.004345933978451693,-0.03648092176467576,-0.01928910907613169,-0.20412194798346772,0.039255119400095725,0.05762183885166289,0.07598799065295145,-0.059001355065134306,-0.15014645209748662,-0.10073367657226276,0.13245922338528304,-0.043226497659513745,-0.1587028253291832,0.05427054007995038
550.0,0.004481607743620862,0.032016236277674096,-0.0015610032466903386,-0.042334472841995305,-0.05788849685442743,-0.1405325600025156,0.02978241309186474,0.05933009803239828,0.03666257910951802,-0.11377147488954797,-0.15584258285626218,-0.1125260097415967,0.10055948416299705,-0.023322344513253355,-0.17742194257676935,0.0003176654684080263
551.0,-0.04936169116387241,-0.058141994558147815,-0.006775975224396345,-0.05076113805816724,-0.08357854377505171,-0.05162244415966522,-0.0002580725720097867,0.06414023439737947,0.018142016116104553,-0.12831237903710238,-0.13343012956993008,-0.11178409956384287,0.03678494750245606,0.007419901325221105,-0.15319822513587317,-0.05275676363303196
552.0,-0.0849302540739567,-0.14120066484762703,-0.009173211816820497,-0.0600679731752245,-0.08894716473293447,0.041636722859883464,-0.03773177827456321,0.06911987142852195,0.021007255085734117,-0.10490629285941204,-0.08688855715510063,-0.10737799406606845,-0.04841868884424287,0.04417934095982403,-0.09352202669215882,-0.09459012716024709
553.0,-0.09702579112638027,-0.20024115582462615,-0.004792117383477727,-0.06794606800674494,-0.07361281714620957,0.12114577669673984,-0.06714274063752995,0.07208700620626833,0.03977418281122459,-0.056459518685303176,-0.02172450912959814,-0.10527889346245323,-0.13488064110542575,0.07797050302028825,-0.01577909962192535,-0.1179154174196811
554.0,-0.08614320510994604,-0.22401953077411102,0.009623113744278518,-0.07194842946903919,-0.045630562916446814,0.17552566794376998,-0.0776216990068695,0.07105408336516593,0.06434402365611804,-0.0039951842225501724,0.052856179741913985,-0.10674174507111137,-0.20105950232918096,0.0977646288553331,0.05883617431640555,-0.12023534724937773
555.0,-0.0587805632475944,-0.21064765407173358,0.03345580911658736,-0.07038652061121631,-0.01851834889181411,0.20006522172062022,-0.06710688621144623,0.06375569791304965,0.0819954675823095,0.02909903449905794,0.12142060958172163,-0.10961908414725453,-0.2331000634594088,0.09416257861614388,0.11273415271132323,-0.10307694950208042
556.0,-0.025448595567989403,-0.16719131718880234,0.06079399935148267,-0.0632236546822182,-0.004714056198141167,0.19379759595813495,-0.04209764262914737,0.048138325873863456,0.08096892808684424,0.0257392045616,0.16433060380265646,-0.11088120536620638,-0.2285067933220372,0.06318890704915348,0.13763908931978017,-0.0702894006663739
557.0,0.003622009897442473,-0.10630669633109724,0.08214011993934127,-0.052215995914209105,-0.009584759739156904,0.15674292276966786,-0.013931770894898764,0.02290373026070847,0.055449019950453544,-0.017201416198152884,0.16491291156231466,-0.10861397279248804,-0.19292610509862534,0.008268570931732883,0.13546760699480706,-0.027771542851816742
558.0,0.022973455921158084,-0.04207312301524615,0.0889104776899273,-0.04011255236793151,-0.029632545299477377,0.09033881154461067,0.006424223838892304,-0.012069648516530251,0.009661670519332675,-0.08725571853950902,0.1175563659796056,-0.10243446420058136,-0.13507971553794523,-0.060079089323705745,0.11381340258606777,0.01576053538929036
559.0,0.033576207490097834,0.0135525824597117,0.0779882158187948,-0.029491181975595512,-0.055308166108058304,0.00041503697952971925,0.01314017226057295,-0.05497367224489342,-0.042624768393108456,-0.16217117761550107,0.03125931510524233,-0.09250619705309428,-0.06501954728762971,-0.12609184686195826,0.0804455425517014,0.0502903468175379
560.0,0.040383974331168755,0.05333736427457361,0.05313563904184226,-0.021777134770090325,-0.07624836243238516,-0.10112556076837266,0.008210969595135993,-0.1014137540226489,-0.0849782574141643,-0.21966614236111398,-0.07365890732927133,-0.07856406063203224,0.00540004217037037,-0.17248060711015728,0.042055384691968845,0.06930521552553212
561.0,0.04763788771494451,0.07591034863803132,0.02310215923133861,-0.016701587652324875,-0.08569910888329835,-0.19795594281298914,0.0006588390381280292,-0.14446352624397343,-0.10769129277518008,-0.24575194866683805,-0.17310140584093311,-0.05999082488151899,0.06427375085834515,-0.1863758471604715,0.00657642085363301,0.07370675529814182
562.0,0.05551225786765496,0.08442149271013386,-0.0017434176880413948,-0.012629592985734897,-0.08177227067468386,-0.27276187085973574,0.0018082554346616614,-0.17581023924530262,-0.11203858548017272,-0.23768571405701736,-0.24614533931151755,-0.03666101324252427,0.10398421272280935,-0.16523923817325253,-0.016343194423981446,0.07038575337603414
563.0,0.06044953365656786,0.08329158015935248,-0.013350600201634573,-0.007907832447182227,-0.06586313813640862,-0.3101439113358911,0.0187172550178481,-0.188381476604015,-0.10574905110092496,-0.20074750981489237,-0.27848415007537813,-0.009887334973982668,0.12391989450365354,-0.11874461475495739,-0.019251258488879198,0.06638887353386395
564.0,0.0582410185370369,0.07547782221610502,-0.009825573862363471,-0.0023498444696475806,-0.04061985500629285,-0.2984064339035715,0.049860941544784876,-0.17953492246599795,-0.09472871609879703,-0.14210027480473897,-0.2631740343569248,0.016819285941244898,0.12871170736421983,-0.06473672851723894,-0.0019283988719754443,0.06369787311774261
565.0,0.046951575226735986,0.06194868694677417,0.002572587353549629,0.002302808574779069,-0.009421894249864858,-0.23196475891909304,0.08587870362686496,-0.1526386278489435,-0.07944788324611787,-0.06744254260096287,-0.20166195577830923,0.03775774520142521,0.12362346680751432,-0.021477342453799345,0.026930726780130938,0.058610249723985965
566.0,0.027906769944427427,0.04334031319736939,0.011215758420427062,0.003214247394694551,0.022975463212675674,-0.11602842687564358,0.11457861591179343,-0.11611552948355873,-0.058453271094032075,0.016654952392886578,-0.10678487571149026,0.046872492516609555,0.11108757655207288,-0.0004937407625048325,0.05291430456129119,0.04564053839202246
567.0,0.004850357343898152,0.02253156823267614,0.003046850653501022,-0.0019069009921593367,0.050536212115928854,0.028924184603056086,0.1267796814603456,-0.08064253650588858,-0.03384361827475416,0.09822952003282631,-0.004749882503783978,0.04121223912734305,0.09067081336020394,-0.003105932702722808,0.06261657860125065,0.022463339292587675
568.0,-0.017864963166508502,0.0056114440351686425,-0.027832209290243683,-0.01303575482953695,0.06742258415238069,0.16894827606880528,0.11970668262251828,-0.05540945496951552,-0.012648154220185951,0.15968570265305967,0.0702459621108494,0.023437832297807926,0.0610823906550224,-0.021365965893777223,0.05040591839239171,-0.007854103631947308
569.0,-0.03682575159445017,-0.0007616787347422941,-0.07545029220974683,-0.026769713216194303,0.06958170944421938,0.26741755896988645,0.09669796650991504,-0.04472329182132349,-0.0030654151087243023,0.1843110358072847,0.09036871026835848,0.000866943301738314,0.0217638134795055,-0.04261163068637135,0.02080186988340014,-0.03847993115700499
570.0,-0.049819195252298124,0.006048665936605502,-0.12344200472355302,-0.036936457482396705,0.05570171562521914,0.2996765851022182,0.06437890478757922,-0.04659295236802067,-0.009245401656844277,0.16536998380586357,0.04922364805595999,-0.018267388258080712,-0.0262308537969182,-0.05562611585671802,-0.01510209540839252,-0.06240623786977206
571.0,-0.055243824894494656,0.022570551291773037,-0.15221067518077774,-0.037128136387087736,0.028093707108439052,0.2632137216031062,0.029975159024418264,-0.05401522140676197,-0.028762307328153193,0.11081160586096854,-0.03360472190352656,-0.02844210067024172,-0.07930427177717767,-0.055278434408388664,-0.0458729886970707,-0.07511306715409714
572.0,-0.05199754820532642,0.04167630501974311,-0.14783645470054313,-0.023791050532224647,-0.006544012504692068,0.1785258560849574,0.000554640348876774,-0.0582102931089138,-0.05388490312639076,0.040089812314777304,-0.12164974824953444,-0.02847668671717297,-0.13112578779972983,-0.042926993376269054,-0.0640894765013435,-0.07505441057012047
573.0,-0.040053363818576486,0.05687383191196278,-0.10808071222467572,0.002271441651163197,-0.03772853370529825,0.08065356212930175,-0.016991033495374876,-0.05194973644732515,-0.07481833009839522,-0.024246551345431033,-0.1775894109934037,-0.020961319798474595,-0.1745806500314776,-0.022954029970692066,-0.06697594406126876,-0.06287016418673139
574.0,-0.020859050797658055,0.06499290750150702,-0.04296319231433669,0.036667151936308484,-0.05415943403583418,0.004799166500666827,-0.017695344125164488,-0.03140312063243469,-0.08285864660330038,-0.06471072659233827,-0.1777120272477314,-0.009849649793865885,-0.20489187931924568,0.0007214880003824461,-0.054406094441000225,-0.04082505985349479
575.0,0.0027609361567380902,0.06661015034093874,0.029719938185424656,0.07334880578557329,-0.048383293340122,-0.02773340842805577,-0.0018498547642007816,0.003198144839082475,-0.07277291536172953,-0.07328121563630896,-0.1199607208594031,0.002600551143621238,-0.2208265009415689,0.025096222761465843,-0.0270039498640049,-0.013122546994035308
576.0,0.027092552870396868,0.06501308740672866,0.09148386566562156,0.10652028773140687,-0.020658690335091885,-0.016270972166429216,0.023618473151616786,0.04712889144237894,-0.04441428550382366,-0.051728749706637066,-0.023124009839867246,0.017491785656288776,-0.22265804813514767,0.04665040511383557,0.013415508091574286,0.013615385048148841
577.0,0.04871201779300911,0.06438439236168919,0.12931113912327927,0.13196214871588488,0.02077426443849678,0.02313315599331088,0.04855957577798266,0.09172714518946887,-0.0035134970814347756,-0.009504079732493365,0.08252044703462982,0.03819395034822596,-0.20928659955215648,0.0607812578806955,0.06190576607047517,0.031188634016708478
578.0,0.06590306187456513,0.06792763737011602,0.13798724439862634,0.14738713005080126,0.06364629970479124,0.06874598811307263,0.06560484337069776,0.12700312340851805,0.03889398146457979,0.038999180321388036,0.16784517102706356,0.0670113455953999,-0.17790394984891733,0.06283030158140376,0.10985744917315347,0.03248130750183282
579.0,0.07840190399907966,0.0763578629174206,0.11837339516527916,0.15174174674592178,0.09726984755154543,0.10332273345124257,0.07352372955049812,0.14492908524638684,0.06940479515168761,0.07771301239343761,0.2136551973573507,0.10176470332410772,-0.12687384137232488,0.0495772548686422,0.14664126659011212,0.014444463027473292
580.0,0.08494800788899197,0.08694995569970453,0.07436265700943807,0.14430399735523536,0.11614091980729542,0.11759829926512785,0.07565777657007544,0.14122464263276308,0.07726349427735607,0.09360346171809926,0.21259111811269932,0.13487088921336535,-0.059394005472212526,0.02036174499311222,0.16179373292599658,-0.020638521376796205
581.0,0.08150191681827716,0.09379713001150712,0.011990472131997222,0.12481464235819133,0.12011352124404528,0.10823275173158792,0.07583770230347785,0.11590442003914914,0.058843593147758666,0.08172628173471572,0.16675491362105088,0.15631072951237865,0.014859759840092255,-0.02145778283481876,0.14784287786490607,-0.06606098143869608
582.0,0.0629353014971215,0.08984977374126192,-0.05902226642384761,0.09468756668882962,0.11260402564162982,0.07549853583502572,0.07560209774192318,0.0740836217570331,0.018766032122772423,0.04735865548356409,0.08535381688616826,0.1591885451940487,0.08135342354824318,-0.0664728348204813,0.104857051783207,-0.11249929816392103
583.0,0.02715295736066877,0.0702884814886145,-0.12491655481699825,0.05801115900052538,0.09854858381399338,0.023661889951328095,0.07427934610192487,0.026286085422597593,-0.032821728299428116,0.0034901261240432606,-0.016364026033161585,0.14388970406696341,0.12561128343862776,-0.09948916264607267,0.04359058019208663,-0.14952085868710574
584.0,-0.021618595332320086,0.03567310065587119,-0.17132495200006467,0.02122578458175483,0.08248239254899276,-0.03740416049015619,0.07039241041592763,-0.013980294744432135,-0.08472653508062897,-0.034193934519191595,-0.1185340866018863,0.11755560497469136,0.13985909532511284,-0.10489888232315848,-0.017682659605513906,-0.16726393561228042
585.0,-0.07262469326028187,-0.007152312450474051,-0.18855758633141112,-0.008776260913740844,0.06703627479619068,-0.09247624823349092,0.06273460800506758,-0.03517960423775857,-0.12816327566604785,-0.05159445991579262,-0.19940795791384916,0.08996488106648752,0.12753202948080014,-0.07465404185315304,-0.061738969337846304,-0.15919926379700686
586.0,-0.11202883507468006,-0.04725199806850467,-0.17516990580871009,-0.027574776347700433,0.052831203934418584,-0.12486479207978583,0.05140337855809776,-0.03202976749304456,-0.15756715828739926,-0.03892092760893074,-0.23880707968170248,0.06938958047554324,0.1020008595658286,-0.0130439434479779,-0.08020718841710915,-0.12495118507001181
587.0,-0.12861470981215395,-0.07363242751283963,-0.13806305715646075,-0.03544258928966536,0.03996136080084636,-0.12277180513410275,0.03865716521666857,-0.006463868377924324,-0.16888107264660054,0.007141145137668045,-0.22195418151422117,0.06012855735609806,0.07979073922689285,0.06442602006041152,-0.07536762337958965,-0.07108051721953805
588.0,-0.11820238538915759,-0.07911436433719189,-0.0889232928061047,-0.036719330216986416,0.02968019686701093,-0.0848347781159881,0.027919090211222863,0.03422886625746259,-0.1573095341735163,0.08134068775828135,-0.1438994262474638,0.061422703437446276,0.0726360647228161,0.13664405608385982,-0.0551700430944871,-0.009251158330016922
589.0,-0.08389577176258561,-0.06277559417785838,-0.038045063526994424,-0.03616242228344718,0.0247278219651588,-0.021921954865858576,0.020702186538651256,0.07980397755536543,-0.11779387603539496,0.16869405252577596,-0.013764613028598108,0.0676959446758637,0.08309429875610733,0.18448970777517953,-0.025948993948549704,0.047135228462976256
590.0,-0.03326256109174391,-0.03043264984255001,0.010792505565986796,-0.03509557270248777,0.027977847431632695,0.04611941475056641,0.014217239864216028,0.11899995465111901,-0.04950275465769786,0.2460345757429353,0.14405676739856413,0.07056831963621511,0.10517092528775944,0.19733790092084685,0.010853177382731801,0.0868944582431345
591.0,0.02412646294055382,0.0070061876170943276,0.05991810463107158,-0.030823443006348983,0.04026661833202625,0.09767082775595641,0.002655912559976299,0.1418162067581355,0.03924372551778225,0.287761472346563,0.2946727986690521,0.062458071363275275,0.1279103722667399,0.17525941985693136,0.05586428391004466,0.10528883949560713
592.0,0.07765205477511246,0.03694073489869192,0.11190265428920067,-0.019900623597909062,0.05881907245469723,0.11680305076715743,-0.018386372964826453,0.14232310491409259,0.13114897420394003,0.2748191345040542,0.4030279836038235,0.04020074028905106,0.13891777925571533,0.12658218133507418,0.10627183521404793,0.1065942009666358
593.0,0.1167748964748705,0.04901344854128256,0.1635947697619027,-0.0022655748141833538,0.07758018317088702,0.09767427255023906,-0.048436646616773375,0.12041867522266102,0.2062751349223757,0.20292876176947322,0.44590870744564864,0.006379648845833866,0.1266208966538012,0.0634730485375016,0.15293010361161058,0.1013324311108279
594.0,0.13354860241711772,0.0382210002944839,0.20505201896905478,0.017195523264699634,0.08963668803974154,0.04551894714633086,-0.08249061645611011,0.08127184617478568,0.24985916086811782,0.08578103647585072,0.42060997375408654,-0.03253883924848024,0.08282804876738992,-0.002167943796918066,0.18313183130176938,0.09827908710316767
595.0,0.12548164128215097,0.006397477547156564,0.2240635108129559,0.0304819680127246,0.09023928699053199,-0.025133602904327187,-0.11364181115400143,0.03343508086385546,0.25668040204315457,-0.04861991812014702,0.34595733008355395,-0.06963460446250822,0.006832012783564399,-0.06122994532382768,0.18713082289459568,0.09754976001043099
596.0,0.09660737332603402,-0.0385667259561049,0.21339125719909416,0.030307094179771062,0.07839177783392699,-0.09488793573247134,-0.13525880017827244,-0.012588841896628676,0.2311352264593302,-0.16746436825428748,0.25424401655249257,-0.0999883371477643,-0.09141804871359366,-0.10721688434929257,0.1630214263276831,0.09083634186133269
597.0,0.05582599979738391,-0.08578992616564057,0.1760212763912501,0.013998934668124904,0.05630356213720136,-0.1452917518497293,-0.1423824604329727,-0.04564625058249444,0.1845347341652317,-0.24508720947873444,0.17748017351012227,-0.12103056532905482,-0.19324118752317054,-0.13430147234083106,0.11645951414771466,0.06858190534875279
598.0,0.01371904605312271,-0.1251953685349265,0.1244735223143803,-0.014460175380648812,0.027672227865986432,-0.16380704860156092,-0.13302227955351822,-0.05724856999819048,0.13074902167939625,-0.2722241267245416,0.134689755614649,-0.13160363032213565,-0.2788946633597278,-0.1366980515306291,0.056761758334192856,0.028452269631781768
599.0,-0.02050188432700823,-0.15005650587176345,0.07445121111063305,-0.04566646554694603,-0.003955178820976071,-0.1466025932715941,-0.10909474704894002,-0.04676883692361455,0.08153083315521532,-0.2580928487285292,0.12606079445380985,-0.13134961628924482,-0.336179335335587,-0.110766476353425,-0.0067464363471814795,-0.021453321439303525
600.0,-0.04126414663216835,-0.15804567027185865,0.03731179563798318,-0.06888907024127237,-0.036175625559053265,-0.09855265819688735,-0.07656216933366171,-0.02408932660917182,0.04335815487550289,-0.2243550149334511,0.1359416197182065,-0.12115838543145892,-0.3633203285768146,-0.05831029265076022,-0.06640736394590195,-0.06696092017900449
601.0,-0.04778858603071961,-0.15193701278033397,0.01583324206642178,-0.0766868805305715,-0.06785622143154078,-0.03051674260187238,-0.04464568331217151,-0.005428924927799212,0.01642417829885111,-0.19431286179848434,0.14250608991623925,-0.10384626785457615,-0.3642747159283596,0.011215009777620466,-0.11679416780466802,-0.09569696302930725
602.0,-0.04357368302843732,-0.1396274266862192,0.004662344388725103,-0.06774493594740018,-0.09825952522976415,0.04461515108627244,-0.023688742926647237,-0.004092448660938149,-0.004775927191190182,-0.18282100488477177,0.12872144791400272,-0.0838057416440437,-0.342109139435247,0.08164782049968285,-0.15512777045453327,-0.10248024238544115
603.0,-0.034132502132839825,-0.13122752804943005,-0.005431357026316542,-0.04713007181152068,-0.12569902732514304,0.11517288574399007,-0.021393007440997747,-0.02304637299762256,-0.02903655301707566,-0.19105037470440925,0.08914726970751068,-0.06539557913579294,-0.2972179063099643,0.13524490852926954,-0.1815592188654197,-0.0901108118137279
604.0,-0.023779218575388953,-0.1330149690083756,-0.021272568980635672,-0.02404598230625498,-0.14695835336275395,0.1722578933328821,-0.0387255321683458,-0.054454175871844666,-0.06342874476014326,-0.20706653879884002,0.030626373530741647,-0.05097110510485466,-0.23024618588818851,0.1599467427332551,-0.1988675985559818,-0.06720692433932804
605.0,-0.01302040384004036,-0.14224084816425867,-0.042234512269079955,-0.0077012331396575,-0.15811729898004226,0.20989563254832344,-0.06821940556366214,-0.08520050817892505,-0.1074139484182819,-0.2111387537627026,-0.03174646186171836,-0.039892014754990095,-0.14450563068969902,0.15422779360658528,-0.21124543913480145,-0.04466343422267454
606.0,0.0015838097943208882,-0.14745565767688087,-0.060229865346660826,-0.00316574246807219,-0.15616459895903262,0.22484791492511585,-0.09658149617032477,-0.10397562713124003,-0.15087484562500864,-0.1843402395683843,-0.08131110718355057,-0.029542728787647878,-0.04570164058805066,0.12630567528864253,-0.22240278778679903,-0.03143266516323734
607.0,0.024402807520152076,-0.13503992179486257,-0.06537071592928215,-0.009499291867177281,-0.14046821109917113,0.21655321057042484,-0.11093441242850247,-0.10647538109833286,-0.1789187919597841,-0.11801522421655533,-0.10703299187215108,-0.017957236768339716,0.05872326921237066,0.08846732266396518,-0.233841466382998,-0.0314027769066855
608.0,0.05639224310256066,-0.0977643335396093,-0.053386263281731634,-0.020665464422608578,-0.11351897947195584,0.18672680886587495,-0.10536907757974126,-0.09708763733793646,-0.18025498030645348,-0.019531351424764316,-0.10823164000127958,-0.00588027127776459,0.15928699178702269,0.05029122169903871,-0.24419397875123386,-0.043129166404336554
609.0,0.09268410630506299,-0.039530552819549425,-0.02928362868641863,-0.02799729303914517,-0.08036033548929437,0.13892618534615012,-0.08356613716915783,-0.08639693605557133,-0.15275967836195056,0.0900649627861679,-0.09393300636581163,0.003717753668839724,0.24506947996211068,0.01510490310870223,-0.2494522800330093,-0.06119186681933086
610.0,0.1240701955817109,0.026852820369011023,-0.004632275576314935,-0.02327181757749074,-0.04642448464186407,0.07956197441060608,-0.05561438856977616,-0.08539737148246057,-0.10274770621462313,0.18599256055026092,-0.07676437640538002,0.008397552580889003,0.3070236306920873,-0.018008293032779916,-0.24322398193148728,-0.07691401640784575
611.0,0.14141394615257982,0.08698384305683894,0.008949435083848075,-0.002066389726404145,-0.014929765777978147,0.0196862688734816,-0.03137875151376205,-0.09919887549178745,-0.03986181947633737,0.2510254734924233,-0.06566591342984279,0.009029897058224169,0.34226418366776834,-0.048858801020342596,-0.21752637816555956,-0.07938734069676268
612.0,0.139917414914018,0.13156417061524875,0.005354675751331131,0.03367008028169458,0.014060780308484476,-0.026465489603293726,-0.015066536674288604,-0.12358457787981042,0.027733431866884917,0.28106510964297143,-0.06270360382711963,0.010342846543405212,0.35479986460632656,-0.07278311052801664,-0.16541931808603197,-0.05928749093839699
613.0,0.12060685168389494,0.15782581090141112,-0.01354004862141673,0.07547055065591295,0.042231495233477814,-0.04795072311083717,-0.004148994608108422,-0.14676305164897321,0.09469076852644197,0.2827098227866215,-0.06516576437670671,0.018674237934487452,0.3509405275048591,-0.08189582155287375,-0.08478479790526908,-0.014403554492454345
614.0,0.08870427612575359,0.1666518685240538,-0.03824907663781868,0.11123646813441923,0.07068113094095636,-0.04422783804710914,0.0077165490576744464,-0.15590519863682303,0.15676714677177797,0.2663991088041561,-0.06972096787673832,0.038275499631692904,0.33376001002892625,-0.06879794509903203,0.01918924388993645,0.04764589742449926
615.0,0.0505467353333335,0.15991306915649128,-0.05519026573194262,0.13000971896312016,0.09817859934590797,-0.026915192535197526,0.026130203491250042,-0.14460938432014567,0.20869108857653934,0.24095508960050585,-0.07498673520784004,0.06846039449875058,0.30215601927475305,-0.030169957634796876,0.1341393458566526,0.11216422324988051
616.0,0.011178465444844405,0.14035441998115628,-0.05314597491253199,0.12641104184619312,0.12028459791949131,-0.014515410459547337,0.051908355653235067,-0.11660770645894768,0.24365751479639103,0.21240124602339136,-0.08136442828890471,0.1034407222774739,0.25490963151193446,0.03028216067710446,0.24238691514820349,0.16331918274812599
617.0,-0.026249334243875336,0.11275465812263949,-0.029455281199319287,0.10269498513385844,0.12958030411702276,-0.023562307911240657,0.0794476812078795,-0.08361920736216931,0.25489043498115704,0.18507438245684293,-0.08944414520241037,0.13492408159738556,0.19566772919623296,0.10069185197567465,0.32362820973442624,0.18903603404818914
618.0,-0.0596650021616394,0.08392396431411553,0.00839417367809281,0.0674918157640813,0.1181230715320389,-0.06162587518104856,0.09884391460156698,-0.05873105788115944,0.23880283447533715,0.16190479408073158,-0.09908024119427047,0.15565631234968522,0.13447705861129194,0.16370875614842806,0.3594204880148984,0.18310199138031547
619.0,-0.0870552475721155,0.06028548760952965,0.0471609463041672,0.0318627658953479,0.08231360138364144,-0.1252218904495759,0.10076669550845543,-0.049000897660689866,0.19824206936895494,0.14375858608328168,-0.10994157210943432,0.16182833541342,0.08403282139595161,0.2023254175274235,0.3399534486569913,0.1456875194483686
620.0,-0.10604799752647255,0.044492629033867574,0.07563469633337647,0.004674588311433477,0.02754362307398348,-0.2016202062641146,0.08100160903683942,-0.05131953475435274,0.14341079614536686,0.12947319078245736,-0.12181783877586105,0.153682086603524,0.053085894913794215,0.20571718174274506,0.27010831830173837,0.0837435125976978
621.0,-0.1141874199595295,0.03421696969808789,0.0908299463443258,-0.010453706169165812,-0.03133086882610022,-0.27212841844069036,0.042372873399486005,-0.05392379518762515,0.08902211232768305,0.1164866454882199,-0.1329864348498603,0.1347535648869596,0.0425032663467716,0.17265283837687206,0.17034327233592866,0.01090489341706458
622.0,-0.10993796184094476,0.024227197947491397,0.09820434316496192,-0.015486415914867447,-0.07540407493288041,-0.31629656422974256,-0.006133696545083834,-0.04288172740150029,0.048469665236624264,0.10077837129633938,-0.13881952363637184,0.11015348472414778,0.04701073202209298,0.11137385227489661,0.07056640237291935,-0.054991619448617364
623.0,-0.09433779780391678,0.009797515272791848,0.10587516541140578,-0.015904804225994475,-0.09058295882312054,-0.31758938585715807,-0.052310046523203334,-0.009799166478801944,0.02767475861633108,0.07669030413612486,-0.1338348720296978,0.0844796756830835,0.060021495841739055,0.03606119185671535,-0.0011378519803183543,-0.09748751397975448
624.0,-0.07233345383099514,-0.010676464767350756,0.1174875624396928,-0.01759543879960486,-0.07476692695330327,-0.26880623208030185,-0.08437083956523361,0.043576741502830085,0.022063003399952687,0.03858044140940035,-0.11565724105239829,0.060534389391178445,0.07706171295452409,-0.03814335306350323,-0.030067966935610094,-0.10777187317243206
625.0,-0.0524017479641147,-0.03451207841833687,0.12863387693635056,-0.024322069470515864,-0.03880961612661163,-0.17433406678516566,-0.09331009881176311,0.1057212403384116,0.01883981391900393,-0.01583201521538975,-0.08694033768903348,0.03947938086752777,0.09622031942370646,-0.09894818861068277,-0.020492250044761757,-0.08801896233485812
626.0,-0.04377375875888482,-0.055240283785104406,0.12866430191358944,-0.03660409214390637,-0.00027712586247729615,-0.04932232267651233,-0.07362049628704813,0.15989648933817296,0.003634038284525628,-0.0829028378007395,-0.05445338578803821,0.021728046043888883,0.11709795427781354,-0.1384915500971621,0.008552448343537876,-0.0498967029856166
627.0,-0.05199124195082114,-0.06496595082695444,0.10683360842358428,-0.05172722955520717,0.026086272126631893,0.08253949314044379,-0.02430646348978405,0.19101484431869498,-0.03207976574789402,-0.15296215835543497,-0.027028463054279923,0.007507030034759706,0.13987896183066323,-0.15347524564037407,0.03492464356759366,-0.00905676222105327
628.0,-0.07523884573977058,-0.058180085004516865,0.059227332031784416,-0.06450968020279083,0.034725019344470094,0.19334535888099558,0.0489473638507183,0.19229278157547092,-0.08681025679063256,-0.21249752089934473,-0.013360013673810655,-0.0033244796862841168,0.16442046183803258,-0.14501023212371766,0.044791942979378066,0.021378597043500383
629.0,-0.10427267060508087,-0.03579264294506992,-0.008070823562480317,-0.06905281294689739,0.029014519984646894,0.25821785989209844,0.13217360020580493,0.1687519181077941,-0.14988320974494576,-0.2477089345650034,-0.019381299853950894,-0.011846160927224347,0.18839124225948764,-0.11855003420523706,0.03655518178896397,0.03545147866961967
630.0,-0.1266399356473169,-0.006983910296786375,-0.08127227620359644,-0.06149256677340311,0.016751867554712366,0.2627845445515287,0.20455033061883554,0.13521126315600804,-0.20565400550154056,-0.24826561633081293,-0.04521878275193264,-0.020006685283962718,0.20526754879873535,-0.08333916064522627,0.01683364817547205,0.03616765417468475
631.0,-0.13294592205238512,0.01408123406699837,-0.14426113952302366,-0.04245526255367752,0.005916890073067522,0.20740472596582168,0.2442022429824477,0.10898252622247778,-0.23866879969452384,-0.21032406946724203,-0.0834546409229267,-0.02902717299422291,0.20527138052562516,-0.05022773827931035,-0.005697458841693814,0.03378633554423953
632.0,-0.1215506697270574,0.01642009866592146,-0.18367304122257877,-0.01730830217263044,0.0023462216780798678,0.10728427257212629,0.23676436091411338,0.10118494370962107,-0.2391154554424761,-0.1385194097349448,-0.12076542470627415,-0.03712414497369612,0.18047140520488117,-0.027673512682059826,-0.02412523496978651,0.040069311532313905
633.0,-0.09889354058079806,-0.00045485771274087817,-0.19208747960490669,0.006387328081732994,0.008357602142346671,-0.011311635457971618,0.18217406125502617,0.11204553433349311,-0.20765898349767267,-0.046235737845977606,-0.14258232186654704,-0.03898144719110994,0.1303082082754394,-0.01813299091000805,-0.035146507777131804,0.061167521692314805
634.0,-0.07504603855434498,-0.026216392438399492,-0.16966462198163687,0.02270047503602814,0.021858341460563434,-0.11833762930304736,0.09562852629519046,0.13257715650920623,-0.15639236009974491,0.04705337623216759,-0.13821594398041842,-0.02859727618525859,0.0627086209951401,-0.01779505357429349,-0.03984247241249885,0.09390011040041445
635.0,-0.05741218248172528,-0.046376131468974124,-0.12476635141266014,0.029816224542420815,0.036497164226643244,-0.188281474708846,0.0019177016531244794,0.15025861673003998,-0.10388885150149704,0.12114377138182339,-0.10409830616807113,-0.004423053812734563,-0.009622327389694735,-0.020351191362599032,-0.042653687909242365,0.127455648975235
636.0,-0.04751022798078324,-0.050514232129265826,-0.07276292223101902,0.02958291497649443,0.04338763902000894,-0.20626266971079504,-0.07428711360079701,0.15463500959197013,-0.06752778657509596,0.16098256417110132,-0.04419673660332528,0.02675554886364231,-0.07427944130106941,-0.02231299259595314,-0.04876580786314619,0.14876801549538674
637.0,-0.04309541723005515,-0.036960982830397573,-0.03195871722543217,0.025069800365554,0.03439629053954393,-0.17087914437206203,-0.11754927561723069,0.14067113963387093,-0.05814626128761835,0.16034230362329416,0.03187538900742479,0.050689385551748886,-0.12289349655960155,-0.02572294748355932,-0.061198958416448075,0.14814598358469805
638.0,-0.042340780216289314,-0.012306180678826571,-0.01761389701945288,0.018492618675841087,0.005990508883662851,-0.09418742176396429,-0.12583427677643003,0.10941733489051006,-0.0783860902619666,0.12165950591898568,0.11134055069056267,0.05142387292929426,-0.15314848287287372,-0.03589788948432087,-0.07857897730373643,0.12245071217424265
639.0,-0.04524366365358105,0.01294095316284027,-0.03678307751810283,0.010670346689791287,-0.0382361861850095,0.0015746622319772804,-0.10826407325595576,0.0660225043010778,-0.1229163942339504,0.053301157642885115,0.18033694643509315,0.01855040904446555,-0.16882327082662196,-0.056338484568800924,-0.09464842175546055,0.0758751682671253
640.0,-0.05139012046599728,0.02992272480092456,-0.08590326679400122,0.0015037899280261734,-0.08775910911184066,0.09098825964054992,-0.07884598798480251,0.016566488124554857,-0.17939990222297938,-0.03258931524035233,0.22669569862363045,-0.04753413481515504,-0.17717838707145794,-0.08526839211214034,-0.1002316569154716,0.01962354539214425
641.0,-0.057207506336029626,0.035473333739730994,-0.15134682771002286,-0.009371600288634293,-0.12820602393124636,0.1542906416497427,-0.05040587341693394,-0.03344893970500475,-0.2306672451133662,-0.12081869061616066,0.24380177054773067,-0.13407689863869557,-0.18481180361817,-0.11604107401810741,-0.08721657199961691,-0.030535233462045803
642.0,-0.05615254304366461,0.032609076992184356,-0.21284508243717595,-0.022139241682605126,-0.14665175082097096,0.1835477669633702,-0.0311418701824536,-0.07806742644323103,-0.258645598686349,-0.19459624943819098,0.23284574543563172,-0.21919327971777708,-0.19474253676156414,-0.1402517072363674,-0.0534693181689878,-0.060463167792346034
643.0,-0.04252160335624583,0.027274457352264556,-0.24975969483079774,-0.0363379517668743,-0.1370547155814509,0.1825017756565264,-0.023414059181088968,-0.10974735727381485,-0.24970994152962264,-0.23880920722644927,0.20105701998720696,-0.27971914834224415,-0.20622767331650338,-0.1510143036220904,-0.006243119952724494,-0.0647464331676781
644.0,-0.01607265802726958,0.023703933513382812,-0.24857055601950617,-0.050167170222854614,-0.10251256706222645,0.160738700847448,-0.024144690281220967,-0.12054803055582682,-0.19977993147353398,-0.2437434974514283,0.15740901600191487,-0.3001694714025757,-0.21660781007721625,-0.14481112139484473,0.039445503177488905,-0.048922869995643506
645.0,0.01661163350290821,0.02219350516128356,-0.20800753263260935,-0.06023499625920576,-0.05285955336188789,0.12658335675997578,-0.027049675581492412,-0.10534169774160057,-0.11637915886314912,-0.20813941085849885,0.10923791176534825,-0.2776162846141397,-0.22315512716887764,-0.12201949684443546,0.06770058682749831,-0.025126989314666854
646.0,0.04577245448545781,0.021070904620348465,-0.13914570526813955,-0.0626339681341714,7.640741890667523e-05,0.08342697717753349,-0.026002067574298283,-0.06506454820060034,-0.01602489370809466,-0.14141697942418835,0.06138379373456054,-0.2206137281028433,-0.22320558437564664,-0.08643317280172311,0.06896655882537481,-0.00503457498060494
647.0,0.06483417953458263,0.02047771521167622,-0.06103599540756826,-0.054974826049790745,0.04607637012580724,0.03124302812701316,-0.017593039712631698,-0.008082449459437495,0.08166927406366639,-0.06365656204083801,0.01719407860014578,-0.14481997921614045,-0.2134290479230155,-0.04374795073830308,0.04280558594060958,0.005219433414549657
648.0,0.0746299775745585,0.02396070965077784,0.005740196905485548,-0.03796491365011748,0.07784810904938284,-0.028797143489166826,-0.0015220270216088614,0.05150464734146844,0.16020206816116478,-0.001199772250460563,-0.020134677733189364,-0.06836169243721013,-0.19083643565977237,0.00021863324843045525,-0.0035043871874071157,0.0061916115370314875
649.0,0.08191101657992031,0.03605895354986951,0.04562819003443661,-0.015581203794064684,0.09127806412670612,-0.0905417270226731,0.02078755400979881,0.09850020287444201,0.21027416074650404,0.0216064474893032,-0.04763542750138809,-0.007601544107062044,-0.15615436541270153,0.04059224164256733,-0.05768734344950709,0.0030866260717264597
650.0,0.09332196237257312,0.057391854082582495,0.05309538512881387,0.006152575733586434,0.08581149743587232,-0.14270234851096397,0.0474854802007805,0.12199649227932441,0.23052354563298494,-0.008923805857914567,-0.06455184947571259,0.026622909342526587,-0.1167851522928337,0.07353364889496215,-0.10558504868163532,0.0026574492728501206
651.0,0.11013658326406951,0.08139974716647003,0.03398477779131806,0.02137075768416983,0.06465249414060302,-0.17247258046549582,0.07609215973890819,0.11835204574705183,0.22550573945011487,-0.08995485285493758,-0.07392687232202323,0.03122064396813754,-0.08555291623758322,0.09553418994448223,-0.13506821086874385,0.010666378750670804
652.0,0.1276841385615307,0.09665418857347895,0.0018445955404193576,0.0266974403988447,0.033579068648888016,-0.1709154097108005,0.10256772863384506,0.0907706462079671,0.2031933827594521,-0.20077594565719378,-0.08099780361228046,0.010779685394269599,-0.0744614524826309,0.10295375468934573,-0.13985768298631795,0.02977362693347874
653.0,0.13842050220758076,0.09402541804871101,-0.02890885635212274,0.022324692570590353,-0.0016781251310113675,-0.13722113014149068,0.12142435498209844,0.04719512345931181,0.17357455109965467,-0.30709674691621514,-0.08884983218083366,-0.024237421433155083,-0.08724985223286161,0.09306660364330684,-0.12130123538227433,0.0574916147175198
654.0,0.13562644857761627,0.0730638837730043,-0.04797725949257907,0.011021749445715812,-0.03742397993025061,-0.07920322178063745,0.1274427513775245,-0.0018135779223893806,0.1476302233207111,-0.37113310431970997,-0.09499931155265436,-0.06025322989337908,-0.11612835690149248,0.06609057871761909,-0.08668432503322854,0.08551865677807034
655.0,0.11648622736944345,0.04253821714654924,-0.04926766349996241,-0.00408997489785484,-0.07155817286684271,-0.009408464446099739,0.1181018943590612,-0.04481822373555472,0.1350979439354948,-0.36478417162736,-0.09206227608121531,-0.08397267667072215,-0.14519555623113994,0.026441647085373318,-0.04504531768131292,0.10190840029932807
656.0,0.08398615453031025,0.015697834961612343,-0.02854601407704734,-0.02113114530342114,-0.10161173974498902,0.060424156312101046,0.09521830253142581,-0.07113406302706964,0.14072090059532413,-0.28046420768244296,-0.07219399782075353,-0.0859013590620208,-0.1580490684487453,-0.017687861703456927,-0.0036651878267004627,0.09515629885482839
657.0,0.046081959439185735,0.0047373621598721435,0.017154788095863273,-0.03936732590581585,-0.12335543839252293,0.1225689629812129,0.06467176394654497,-0.07303047260852237,0.16081587803348446,-0.13430154390995996,-0.032276014456030296,-0.06297489289100876,-0.14416924132679632,-0.05622454179733816,0.03347481265678434,0.05802240364231336
658.0,0.011788132168966691,0.016902712458907686,0.08740262896661466,-0.05794023378184302,-0.13099113031885778,0.17299372313344297,0.03440225224616151,-0.04864813057160221,0.18313763236772532,0.04033914290777017,0.023232633754652045,-0.01927932945262042,-0.10053302583142995,-0.07976174351022104,0.06665105448707422,-0.00977067488814047
659.0,-0.012979042814422057,0.051509901610459596,0.17555912045342373,-0.07454080480131907,-0.11913375539444615,0.20984957049148872,0.011825100133599829,-0.004208799368004553,0.19151654497573042,0.2060895870063474,0.08338392928337238,0.03565585706038535,-0.03006314820139432,-0.08162170619352595,0.09992186527337639,-0.09996523558049976
660.0,-0.026682398092289075,0.09852489606380126,0.2679417459404148,-0.08489713118217125,-0.08601879073913704,0.233022930672066,0.0018013294547949746,0.046666629539393316,0.17351938315034193,0.33466373415290235,0.135320347063596,0.09064106436733299,0.05898117086415202,-0.05903163845875646,0.1367798065537606,-0.19618172834778586
661.0,-0.030692248972383148,0.14156534813125213,0.34647438841174977,-0.08378234600328271,-0.03582589562866822,0.24379423381891313,0.005812421784566805,0.08763302474660024,0.12710118886192973,0.413521798667293,0.16947228716289764,0.1373090205777871,0.15246789353689472,-0.013888376071375913,0.17454507215942144,-0.27734425871009966
662.0,-0.02722573734839002,0.16549437856638557,0.39388216406277266,-0.06761235940099762,0.02181605919467663,0.24284099387279887,0.021956998618962463,0.1064966495697985,0.062324934759222725,0.4444825508043027,0.18163728930539388,0.17317673978815698,0.23286399259634527,0.047080615347779575,0.20350381116593835,-0.32358342030144127
663.0,-0.017920580417175126,0.16390080292659312,0.39862942110162203,-0.03728833901991822,0.07476144510552192,0.22812135603955777,0.04490489354121695,0.10012470325239806,-0.002937300474721876,0.4371196672945325,0.17115361395636672,0.20140920336728746,0.28589193087645404,0.11347643686232974,0.21169229444104457,-0.32240132370110347
664.0,-0.003078596905144404,0.14094361605330172,0.35772177687336826,0.0008571318890187573,0.11209948853212545,0.19554009156431165,0.06632288544987992,0.07443115446909489,-0.050634162359665155,0.4018933784810599,0.13859785874029354,0.2270035618252378,0.3062174788126318,0.1734398557380505,0.1909186219555301,-0.272306557101927
665.0,0.018183402002893912,0.10668248099349885,0.27766480874512767,0.037290205281152795,0.12747174698054486,0.14242081629809542,0.07738083518760262,0.040109837516949305,-0.06960590558021207,0.3469439138681374,0.08632109146862421,0.25161431814211144,0.2972427594686971,0.21622701256858606,0.1408239959767945,-0.18242186505633293
666.0,0.04636286535474424,0.07084603140414149,0.17393118384365183,0.06375452982634269,0.12083695665105863,0.07118354860408387,0.07324608536937505,0.007418074028651018,-0.059409801413488596,0.27870837282153055,0.020807276205040665,0.2708048096457882,0.266558612231018,0.23464196921162278,0.07005989076252607,-0.06942395115066821
667.0,0.07937859007407967,0.040397174033042715,0.06733497767247008,0.07694989457470153,0.0977083259707997,-0.009640758872073805,0.056401004379199496,-0.016982443504803033,-0.029346379941614254,0.20353027471212073,-0.04674299267141267,0.27567679219580715,0.22174083147571894,0.22626009277607642,-0.006435695568706244,0.04584583871017445
668.0,0.11203496204081945,0.020420516477275493,-0.023421497911288506,0.07871931513132473,0.06610745181851245,-0.08805523619693591,0.03514817571654624,-0.030872264094652282,0.006836235921061488,0.12776640891541796,-0.10351992105159812,0.2571558921409468,0.1681476348643519,0.19297468201700202,-0.07344791103243388,0.1418665951152638
669.0,0.1379896004101106,0.014025553774936958,-0.08875872973579456,0.07313379100241495,0.03314330939662338,-0.1528459594143274,0.01764207385249408,-0.036352053824476774,0.03697672324167905,0.05617110864203581,-0.14051877754699746,0.21034736288070582,0.10818169091073074,0.14025390479865235,-0.12102833387082888,0.2008112864171786
670.0,0.15218593326551824,0.01989020451642801,-0.12909703284533416,0.06338924118502216,0.003328838736483702,-0.19638254846130754,0.0062315302505063395,-0.03883495303757005,0.05343231768745691,-0.009678257902638295,-0.15665339178183088,0.13776772069936477,0.04249327723723804,0.07715558583347572,-0.14632482909254244,0.2129802915305367
671.0,0.1519884636779974,0.030356846793310934,-0.14984218193034962,0.050934418827923156,-0.021044256013217914,-0.2147690513596809,-0.003353744432616635,-0.0446898726612227,0.05249900864429853,-0.07074670826300414,-0.15851329251286236,0.0503149817299322,-0.026819957207283564,0.0158745775850625,-0.15218340053980153,0.17928105424135513
672.0,0.1376925275563142,0.03353238986030881,-0.15582640063734216,0.03683083039292257,-0.03867728014508906,-0.20630361408933184,-0.01772583176508984,-0.058517481044205184,0.032853296610070325,-0.1273149252577818,-0.15592747988771516,-0.035074236462171886,-0.093292660698226,-0.030918923012911482,-0.14480596002055193,0.11059331178637775
673.0,0.113004781599546,0.019371040183993157,-0.14897942347187723,0.023486609099668848,-0.048046905411059944,-0.17032512133487168,-0.04036999720450218,-0.08136247105854022,-0.004822253568585896,-0.17564656442314533,-0.1564122954112218,-0.10029526643374784,-0.14659051533840736,-0.054695050866457255,-0.13119289500911688,0.02472419144420468
674.0,0.08435032380565623,-0.014851681624839035,-0.12906165194956715,0.014937934175475504,-0.0466659695631838,-0.10820523913953745,-0.0695046950121353,-0.11036613053771563,-0.0573565238826749,-0.2080210382329289,-0.16184206474690607,-0.13156904838813335,-0.17737380736501074,-0.05512600283447959,-0.11615390113919911,-0.0575828948891249
675.0,0.0580331094525112,-0.06414715213518042,-0.09584101210768568,0.015269869971280997,-0.03208760734210466,-0.02630794859752968,-0.1000736162637453,-0.14019299588807815,-0.11925731870831612,-0.21702608156927664,-0.1689790628347061,-0.124192438958895,-0.1828872387649802,-0.04074860478541033,-0.10072209202772807,-0.11723066915476836
676.0,0.03636785083405427,-0.1197179146084976,-0.05139152870550805,0.02617206487954682,-0.00527908495629598,0.061305233956469786,-0.1268256772796127,-0.16567841521504106,-0.18344424874056367,-0.20121769972672726,-0.1731549950779224,-0.08519741311271106,-0.16767626383327588,-0.02540087921174781,-0.08420124445882671,-0.14187460272958546
677.0,0.01605002088474462,-0.172966534001168,-0.0011736579376688543,0.04521018999089166,0.026326430041345165,0.13308931440722158,-0.14586580943733357,-0.18364198158278713,-0.24125237697077204,-0.16772569769646753,-0.172055057561861,-0.031867649993711625,-0.13880562900670348,-0.022218284719360312,-0.06775023704253712,-0.12966703957227643
678.0,-0.008709640226067322,-0.2172161566303728,0.0468727130393039,0.06604320659764304,0.050257166977470055,0.1648578042257768,-0.15477596507681526,-0.19276318023225492,-0.28198169054360034,-0.12916601808092965,-0.16624009304555332,0.014699615479260296,-0.101181503164572,-0.03817812311136629,-0.05493127937295645,-0.08915012368897918
679.0,-0.04051076426591081,-0.24811008244842161,0.08433617609934739,0.0806705192600524,0.05533652166408149,0.13870049235417292,-0.1527324276746478,-0.1931754071741999,-0.29395181831793277,-0.09646202458819794,-0.1564458794160787,0.038211817406376955,-0.057619104775449924,-0.07171781583920475,-0.04877643654312069,-0.0351759350299374
680.0,-0.07578906768259817,-0.26437137638976266,0.10410406299976985,0.08261481796799548,0.038469161917250104,0.051716992444106005,-0.14145250096657672,-0.18755542930352342,-0.2680349671412772,-0.0728294917998334,-0.1413747027035748,0.033005690638921024,-0.012168054100687968,-0.11427749329559941,-0.049579942425596386,0.01671448274447221
681.0,-0.10651570971922614,-0.268597028505981,0.10190879004583378,0.06957334625376652,0.006854894222726813,-0.08129470445168946,-0.12609321936368872,-0.18243889023133078,-0.2024049952724325,-0.053499653508705454,-0.11873703949781261,0.00405541663375252,0.027557802436530353,-0.15424825898358405,-0.056101640831265655,0.0546769826889431
682.0,-0.1242314541694066,-0.26635008373183033,0.07834354286966974,0.044455706278568735,-0.0255657003611132,-0.2328913360792733,-0.11424408190021157,-0.1867469924244203,-0.10621425981292906,-0.03109788578946476,-0.08803622814623031,-0.03754754688087562,0.05108844348566383,-0.18067038133199192,-0.06753346750898964,0.07236129439910802
683.0,-0.12393123080474977,-0.2631242504751148,0.04051199701378608,0.014400059455509087,-0.044592796869460744,-0.37161217785661727,-0.11257792485343066,-0.20675770658229636,0.00022248891991535986,-0.0022288169528054073,-0.051546940881582015,-0.07988815731368339,0.04870474135010079,-0.18561462389978903,-0.08212776852924239,0.06858802235115939
684.0,-0.10645799953613697,-0.26105740824818047,0.0009104322355548425,-0.011949395956748031,-0.04163026332464324,-0.46931906885764674,-0.12302693817048156,-0.24071782192711336,0.09079889681724436,0.029677418957408178,-0.012288028161675683,-0.11378319591224936,0.01666115285323635,-0.16606800311048733,-0.09356516116106649,0.046389510720647245
685.0,-0.07806871746464525,-0.2575858037942214,-0.02728804376471506,-0.027908935390205076,-0.017032699945019266,-0.5062403289305043,-0.1409453916529936,-0.2777028387082581,0.1437667898073797,0.05688898988169535,0.028735538471896548,-0.13458876419400756,-0.03905078305044815,-0.12528568750045513,-0.09108700649019878,0.012303954435170199
686.0,-0.04708713773966951,-0.24681990740857188,-0.03596162518780391,-0.031397058812224606,0.019941112856525715,-0.47509802068057133,-0.15666181858614778,-0.30239231195010857,0.1513509247940419,0.07298714644241623,0.0729715526536597,-0.1430243728542495,-0.10375351514422394,-0.07207275696497054,-0.06649903965043133,-0.024632011635425458
687.0,-0.01997079485949369,-0.22319697488611953,-0.025102026805840037,-0.025485399369997826,0.054854337437427604,-0.3838778256004539,-0.16011249376244382,-0.30291351022221147,0.12278870141006441,0.07766101073842298,0.12166098832985651,-0.1446799216140887,-0.16008694474047117,-0.01768463471490383,-0.022864247355266404,-0.05515786369626027
688.0,0.0006143020191487098,-0.18570431302386192,-0.0017092406370410346,-0.016725130305920665,0.074250290755855,-0.2543860093097565,-0.14617674140274747,-0.2768395604909085,0.07946931610013035,0.07759436907933115,0.17255590352536687,-0.14719554275454738,-0.1953669102365362,0.027835565148407498,0.024336327294056853,-0.07311149191288205
689.0,0.015015678077356246,-0.13991940412479595,0.023922604522445007,-0.012028752419464111,0.07159271340810647,-0.1153739893998442,-0.11747667462008585,-0.23179420971268838,0.04525710499265621,0.08240283220011763,0.21933647564511566,-0.15575428255906448,-0.20650066895446978,0.05785975289715256,0.056864601245309114,-0.07811572745219311
690.0,0.024092439167452538,-0.09612665769069903,0.04172860490686645,-0.01554987404606324,0.050093663422678875,0.006942044005088405,-0.0829615341417258,-0.18052053262009857,0.03590134572687809,0.09737586431394339,0.25377357938302925,-0.16973093821997917,-0.2010303278856507,0.06928759588796844,0.06645765660127538,-0.07564258480533194
691.0,0.02700359106152813,-0.06464621641288505,0.04396272894874586,-0.027332478445867652,0.020490283022936227,0.09636857013354795,-0.05306171657777676,-0.13367689906916,0.05172475586422776,0.11766561624930523,0.26777513082659665,-0.18304619966830918,-0.1939743151425215,0.061836928903201374,0.05914386353872479,-0.07362898678520935
692.0,0.021425384672464593,-0.0514901456705322,0.02682322400560226,-0.04434462069182399,-0.005284660888891849,0.14898235920238362,-0.034126064310298264,-0.09475789665232567,0.0780376325029403,0.12873566139555329,0.2543958387950143,-0.18801102095292074,-0.20030594051971085,0.038167762158257776,0.04856998069136537,-0.07700755154690647
693.0,0.006187643363816871,-0.05656191080793755,-0.007535774801425707,-0.06261746029856104,-0.0202766887769663,0.17007734518451867,-0.02539291779918782,-0.05950247119716224,0.09400297001382651,0.113750960267284,0.20969375396920653,-0.17969400271811573,-0.22538436572401124,0.00447996150394353,0.04634623738824469,-0.0835642638501033
694.0,-0.01674067300064965,-0.07437925470590466,-0.050281513978089463,-0.0788155386857732,-0.024550338987824372,0.16887618703944357,-0.019983322230780344,-0.018912612959972156,0.08402597287099262,0.063489704777913,0.13581702628258538,-0.15794102672531826,-0.2592501147432239,-0.029965370836121594,0.05725664043544882,-0.08425961568826336
695.0,-0.043639025926689626,-0.09625294417662485,-0.08944471440985434,-0.09067414191136716,-0.022996165307914852,0.15454857691921156,-0.008836233629445666,0.036301267011575364,0.043953419502419266,-0.017036876139881064,0.042697517290910945,-0.12701478695195031,-0.2797787457947012,-0.05489728621856312,0.07975324102731464,-0.06815236678548425
696.0,-0.07222023353748466,-0.11275935942408516,-0.11697808162380344,-0.09678925691273253,-0.02166640925970566,0.13496202720840064,0.014639073654966327,0.11118086480289818,-0.019907692278786127,-0.10831105645309626,-0.05382283958994508,-0.09427499248115317,-0.2634852486236506,-0.062336343454329896,0.10802509670422379,-0.029140075112288423
697.0,-0.10265571347422052,-0.11579680572416368,-0.13345976146968763,-0.0965323131314993,-0.02500572332091237,0.1170062318843804,0.05114789344413408,0.202903527877734,-0.09515686841743985,-0.18242122011766806,-0.13659620212280868,-0.0678954554901895,-0.19786185845903356,-0.05030823751697859,0.13338818186614723,0.029226544820282
698.0,-0.13555362426199044,-0.10065887311862438,-0.14632660618726895,-0.09036678663222547,-0.03461150508789564,0.10607865459033336,0.09453551759556542,0.29979073291681013,-0.16716007119979093,-0.2139370484988457,-0.19183288213012625,-0.053278314643867127,-0.08879514961717337,-0.024871823085559512,0.1457592598007665,0.09378177299629699
699.0,-0.16971171355101966,-0.06819787501893568,-0.16414216301735124,-0.08009397212728989,-0.049184198907548764,0.10392665061544193,0.13389364603823714,0.3841749187498172,-0.2216590695634683,-0.19111207539323508,-0.21156994868849746,-0.050080256219529426,0.041258209157028755,0.001734516999939953,0.13675328016728674,0.14689865044767886
700.0,-0.20168887328384055,-0.02520373735683183,-0.19149384556270582,-0.06839340312348931,-0.06521657424085767,0.10684530401772128,0.1583044644083131,0.43847705653842084,-0.24738272263135683,-0.12109858492646838,-0.193777981040125,-0.05247543298379943,0.16389604555542495,0.01673585365039439,0.10348053422155011,0.17392307100776058
701.0,-0.2263541112438599,0.01842695908087764,-0.22648023257150188,-0.05742486768503324,-0.0779020453157414,0.10649043317726824,0.1615736099538414,0.45212917039976336,-0.23872226201998373,-0.02649316879679016,-0.14205820083293552,-0.05252989724161835,0.2574980579256758,0.013350886918616096,0.05023830504973332,0.16916746540437128
702.0,-0.23741942030248048,0.05431704463939814,-0.26069767152760215,-0.04701639468112155,-0.08185107261777748,0.09348966958981697,0.14379262926020386,0.42643415009039476,-0.19650164900952258,0.06390557891592055,-0.06635808420882308,-0.04398629971098589,0.3138455013416828,-0.005524442892244519,-0.012733960484553927,0.13796296311802794
703.0,-0.22890455774098875,0.07937916234271368,-0.2809293787901405,-0.03392295369558554,-0.07209457688977115,0.062337685840052115,0.10951076721603585,0.37494782916116315,-0.12647486707128586,0.1252986363975878,0.01649123088171682,-0.024218837344863846,0.3358130828755972,-0.028467751248278914,-0.07209247500863482,0.09408297799116061
704.0,-0.19828945124925093,0.0967658715272157,-0.2723656423055548,-0.013474874781276503,-0.04622409922447051,0.015628309443303682,0.06515474863287171,0.3181769320833398,-0.038040366481238694,0.14417105365899655,0.08515166548788997,0.00584148054792124,0.32993303660328155,-0.04087829287284884,-0.11532721559592655,0.05392128327999274
705.0,-0.14931749120893253,0.11312629068170652,-0.2242034386175962,0.017021332462006947,-0.006893838800577739,-0.03474167781317035,0.017750186272698303,0.2743875814145708,0.055998899560739696,0.12071461261339855,0.12040861992225957,0.0427640435894063,0.3002056205297402,-0.03183260760784319,-0.13541909259278515,0.030344058087435323
706.0,-0.091262155780728,0.13351224576580692,-0.13623653296745264,0.05554842503277912,0.03770892293079234,-0.07181009930556577,-0.025577201650564544,0.25185685525649426,0.1408875447616932,0.06653465221308089,0.1132582804969536,0.08158989525306944,0.24765686859796882,0.0011517970135832653,-0.13351735182714425,0.02874552013088043
707.0,-0.03446598050142182,0.1577684075202075,-0.02149890501770305,0.09524525026910463,0.07663845635135845,-0.08196728825714177,-0.058700098794139934,0.24719405539863337,0.2035747512928867,-0.00062896338735106,0.06884704521280015,0.1164856275708436,0.1753547997014723,0.05194100238138694,-0.11699593684115871,0.04600049066188178
708.0,0.014291193053522588,0.18141162091818439,0.098052909266723,0.12678456548751263,0.10065850681784885,-0.06140045637350098,-0.07793284634789535,0.2497308662608883,0.2364934122903049,-0.06258249250220926,0.003504708880149927,0.1418291181373004,0.09348305694209484,0.10980422993970189,-0.09409244258650612,0.07201061667964005
709.0,0.053073831489396796,0.19964075119120867,0.19970056172171982,0.14188814765407717,0.10572599582223044,-0.015883858303656174,-0.08251786058744173,0.24856120341996676,0.23886509156342878,-0.10499877262514451,-0.06251349198685015,0.15401970294638886,0.01838061302317407,0.16443402257950943,-0.06909265204461713,0.09379722714508305
710.0,0.08240511475631712,0.2104180226378817,0.266734839831715,0.13659327462787654,0.09390713722123535,0.04436444458271924,-0.0739632269083826,0.23795102163059442,0.21475763714459675,-0.12038024570005874,-0.11201530096313875,0.15284887558303908,-0.03486520347863515,0.2084677679074926,-0.04084202948274952,0.10136253442198895
711.0,0.10176281497913675,0.21481768545205476,0.291662337829971,0.1130702463285369,0.07178502649606591,0.1095652550361948,-0.0550678595894874,0.21820009665593215,0.16983175260220182,-0.1094808073021353,-0.13466695140755988,0.14139088087880328,-0.06013175858041662,0.2368974218544231,-0.004658243114476306,0.09247636020871433
712.0,0.10830715914824339,0.21602287216338445,0.2761352524197227,0.07912517461177072,0.047306589832452034,0.1717304998121539,-0.029179514387326234,0.19270462278021305,0.11030143876442329,-0.07974676176308278,-0.12694116411727976,0.12480051443624106,-0.06184516419647776,0.24564663061488415,0.0433597442714425,0.07302123211396132
713.0,0.09935270603449169,0.21789416441411286,0.22858334636499933,0.045417127096975755,0.026270731265851274,0.22333710311157515,0.00016261365891454704,0.1646095759363215,0.04520755527693524,-0.040762278897281776,-0.08975229147545132,0.10883146602737875,-0.05011284118074376,0.2315378612971061,0.10107753202359995,0.05239745413797634
714.0,0.07639033035739454,0.22253683236573477,0.1614954598335315,0.02130998174629291,0.010213316623361935,0.25599350242934077,0.029388262028004326,0.1353642532315853,-0.011677975778718805,0.00033426810564721166,-0.026719623654118178,0.09839689785185253,-0.03441846712640502,0.19408728477785003,0.15770242506015628,0.037521015686301805
715.0,0.04668696513212041,0.2276609379447366,0.08979816089108245,0.01100010541862531,-0.0026927438763024807,0.2608028472200178,0.05544457575951994,0.10511928808309592,-0.04457760418700618,0.0405068602625992,0.05557209925096284,0.09626508578179106,-0.02001512705852264,0.13776400445612313,0.19739756518662094,0.029671885552633698
716.0,0.020943623779436895,0.22654809985221588,0.02915974101231874,0.012096408661947482,-0.014481413348712039,0.2313531731229696,0.07664711508144594,0.07382302984559945,-0.0423407406951389,0.07962309738916655,0.14707798418300666,0.10201613683485841,-0.007444407384410589,0.07212437110115778,0.20737947362303882,0.02514647983799997
717.0,0.008847413772492789,0.21214139611895766,-0.007538930908179587,0.017873328744452088,-0.02486213971727193,0.16879430111314545,0.09272793212099209,0.041942970143930385,-0.004256605455312879,0.1183571621449564,0.23572781108821947,0.11149189720605479,0.005751862706718537,0.008170128177243281,0.18445098072129565,0.01790403151131044
718.0,0.015149898890849478,0.18277859245741856,-0.01464223274179969,0.02184289366099782,-0.03127005823598993,0.08508366593411126,0.10370155707002554,0.010600351739635139,0.05866912170480909,0.1561768071245492,0.3103230429175308,0.11740216096770856,0.02237040802105015,-0.04714978128095933,0.13606293794033925,0.0027578925232360813
719.0,0.038015586177540535,0.14505163792448084,0.0036410801660809455,0.021587549123398046,-0.031110182131818126,0.00015776684470815197,0.10886943536088074,-0.018246538043418824,0.1272987863801446,0.1893773619544662,0.3624957469193668,0.11203770038880154,0.04415517540773449,-0.09350455133463907,0.07666945919269062,-0.02148438378746401
720.0,0.07020924439307723,0.11164278391449944,0.03424411761614448,0.019572987930256396,-0.024049846451157597,-0.06594823253680066,0.10729024299273764,-0.04138788993900364,0.18061135438656745,0.2101849344180158,0.3867479887146013,0.09176416323539946,0.0725970704277509,-0.1338945224412651,0.022651215723849698,-0.05000977162778441
721.0,0.10236549394608192,0.09559504405030013,0.06025422139342746,0.020946154915262697,-0.011779119581466196,-0.10050558709636762,0.09922622885444964,-0.05439520177092188,0.20200979835826977,0.20887337984186444,0.3802827361762199,0.06061806950296251,0.10951921332542854,-0.1679702060263178,-0.011546900047373661,-0.07259493260484369
722.0,0.126703757210848,0.10422240391815794,0.06832190841507355,0.030157922865818705,0.004954507944945621,-0.1010140934463651,0.08699778080144081,-0.052882333922881795,0.18425094551194715,0.17928705694324354,0.34410152297098656,0.03006324684006354,0.15513223706497892,-0.18756040058775741,-0.015751738572987267,-0.07751009542920269
723.0,0.13948921146433854,0.13577592806867542,0.054512602410607965,0.04823490912207302,0.02834502428991833,-0.073818695785731,0.07451948971420387,-0.035609200160890274,0.13208038068297193,0.12496422826781135,0.2842383321580668,0.014437051001372483,0.2051222812095728,-0.1785350003581748,0.014121901881583411,-0.057564122468124646
724.0,0.1411666946575123,0.18021931593594637,0.02509144386918621,0.0714955632190125,0.060920740437535516,-0.030280977571948448,0.0660159349362306,-0.008656734949064989,0.061219578019686804,0.06076122072545077,0.21112534978663128,0.023954897481977554,0.2501704370618384,-0.12908370719616538,0.07414387891923961,-0.015085132960560079
725.0,0.1344724409903185,0.2231086842211111,-0.007632346050105542,0.09210562850844188,0.10010590314867224,0.018126805789469094,0.06489406800894902,0.01303014244880296,-0.006976876366383718,0.006599536721365219,0.13665856339235816,0.05854936162348927,0.27903885935215866,-0.03973436724174254,0.1508601139348915,0.03739816159457325
726.0,0.12221368263798628,0.2505718917611442,-0.031524105909086074,0.10048136744942666,0.13577543000824793,0.06385901328556931,0.07353269891146047,0.010429488197097941,-0.05368672050949422,-0.023723974717075814,0.07029311462007201,0.10633443382748461,0.2832457384636441,0.0719851769779892,0.22222974024929693,0.08149241199257092
727.0,0.10642491276942402,0.253436733607372,-0.03992666910922364,0.08863224666480582,0.15370749084095697,0.10359102888968236,0.09340527738542433,-0.03004955762432164,-0.06989699045092221,-0.030460183449188383,0.0163532250362464,0.1480582237983491,0.26014742228806864,0.17596923648534196,0.262834578942902,0.10046722578134004
728.0,0.08903512663216,0.22873950980542065,-0.033805258826720724,0.05335450386963617,0.14216315388424905,0.13437927330339136,0.12372469050524512,-0.10858149706915962,-0.05895600734615751,-0.026460038785662988,-0.02577749742171173,0.16501209429845423,0.21257254467404477,0.2403935719382254,0.2523410872017712,0.0869017137459077
729.0,0.07249623099700903,0.17835967588034746,-0.019476834093253913,-0.0015153144021456625,0.0973851648875108,0.14965114210589744,0.15866190023835475,-0.2103049631041112,-0.03358343300390944,-0.027734480519349493,-0.059029596853531215,0.14672245288009603,0.14590839681668408,0.24340726782035135,0.18403591304566877,0.046642425172479976
730.0,0.059100961239207696,0.10722314753650654,-0.0031048818728276755,-0.06489785793956364,0.02598858517516712,0.13983738999638295,0.1864897447145329,-0.310302010262708,-0.009807583611853183,-0.043047313877564705,-0.08564633562221897,0.09563160756943105,0.06575522946613867,0.1814134764091973,0.07014793037572677,-0.00372483238647534
731.0,0.049700625238516795,0.023519025661066503,0.014058473591220064,-0.12125503109381315,-0.05613398261654149,0.09861309980407516,0.19327797661481086,-0.38210364735815233,-0.0004775563780758309,-0.06931942327805089,-0.10536162624614709,0.026650057398844008,-0.021184910828445508,0.0713927128702093,-0.05939663260094165,-0.044658906880723104
732.0,0.0434164251500492,-0.06042673549857658,0.03595523477965363,-0.15580458110632367,-0.12808861194277485,0.0301435940421061,0.16933210522218578,-0.40573463171424246,-0.010116682814858871,-0.09460064026932952,-0.11553962976806074,-0.038735564527916856,-0.10442395780298601,-0.054380814756587764,-0.16658257055713954,-0.06191432201909055
733.0,0.03874337171090592,-0.13005452301428355,0.06737215740883998,-0.16009045372619518,-0.17040717088793275,-0.049311226516699905,0.11436137144191584,-0.3729276584757546,-0.033432159556781006,-0.1052037995663247,-0.11351581991323605,-0.08098555551675542,-0.16955333798412528,-0.16017207611627135,-0.220163741369096,-0.05120631793593507
734.0,0.03496769070470236,-0.1733881707499006,0.10800536725967788,-0.1353740879503433,-0.1716694666227489,-0.11740719127762252,0.03896671103612685,-0.2895898342086446,-0.05892533627183588,-0.0921157277520385,-0.09945405899168706,-0.08939635119661911,-0.20171924325737237,-0.21993763327846397,-0.2085823219074394,-0.018523965290689594
735.0,0.03244847084523621,-0.18516233076238967,0.14864624453442332,-0.09224145109351509,-0.13254544286282724,-0.1551192089041596,-0.03804809098240431,-0.17550145645333348,-0.07531304412805408,-0.05372033647527327,-0.07720124907162325,-0.06495229524306183,-0.1902352772375924,-0.2255681506659535,-0.14437504576230847,0.02254754337090482
736.0,0.03135824783703158,-0.16791077124113069,0.17217183516336487,-0.04666101072996951,-0.06534805565697932,-0.15424232170407953,-0.09602848425896691,-0.0596911553662894,-0.07634276585839468,0.004832989719107615,-0.05324505227188306,-0.01938081768055403,-0.13334596976840438,-0.18739820063342802,-0.05809733265760964,0.05505346104842077
737.0,0.030300694178305443,-0.13089713545302936,0.15972996635075862,-0.014061270663589346,0.010160703534388882,-0.1201614534332985,-0.12041674438065021,0.02869267595429096,-0.06200455637730806,0.07322410428306349,-0.03567952701591365,0.028833084551486705,-0.04230141341532169,-0.1280649090118231,0.01465111583640678,0.06385047520629024
738.0,0.026559759268434534,-0.08795013573156808,0.09946424490003487,-0.0035822454230288307,0.07261588288521478,-0.0687616133714312,-0.10871082324701013,0.07037957702685017,-0.03750307470458318,0.137342437288138,-0.03311165127509453,0.06094225263597323,0.0590405873343122,-0.07304923594065743,0.04683314405903804,0.0409768720685753
739.0,0.01768238675704971,-0.05403657779312637,-0.006188379482826039,-0.01493893178485719,0.10520023652886684,-0.01822268872965559,-0.07144058767616011,0.06178366386921666,-0.011565985730078332,0.1812378090721204,-0.051962649638148686,0.0649392379964456,0.14127487720768436,-0.04184649235367158,0.02914400430421635,-0.011160418044308819
740.0,0.00259635968291457,-0.04089712878018942,-0.1378614293121588,-0.03947003206489587,0.1008241651871597,0.019715331667048305,-0.02763352232152446,0.014385974372417102,0.005837387011486917,0.1901768690033982,-0.09281411314906327,0.03957131602357977,0.1797155324581905,-0.04230083662302849,-0.027908450425761358,-0.08085849305431494
741.0,-0.018297138492153434,-0.053040652626728586,-0.2635178990366547,-0.06472167569561964,0.06413229020831346,0.04291572030482692,0.0032047280632781245,-0.0509141860302072,0.006515040817328309,0.1546333488691758,-0.14894889238157438,-0.006555496969455087,0.16258159648556503,-0.0689983656488313,-0.09999711180318585,-0.15149711689966625
742.0,-0.04300695465391014,-0.08552956178531029,-0.34929247209849396,-0.08002955213423885,0.008908577671572543,0.055282275226368076,0.00890301029470905,-0.11176114170790903,-0.012977576173828482,0.07467545021476507,-0.20904953255334077,-0.05925803989410558,0.0943722597146877,-0.10626855224706973,-0.1612488516457761,-0.20682280874068978
743.0,-0.06746168861135009,-0.1251134468745364,-0.3720437688498603,-0.08038586609414843,-0.04777479536265764,0.06118213138781075,-0.011466865228628482,-0.15182059746910823,-0.049867877605333136,-0.03734904340465866,-0.2621290248369643,-0.10362370276214472,-0.005933308739049786,-0.13516302090997123,-0.19594628832443292,-0.23569722041775165
744.0,-0.08571692346975347,-0.15550882233137897,-0.32685177436206936,-0.06713591693245678,-0.09155212305078626,0.062227004944638876,-0.04914869954086843,-0.16489788664691665,-0.09614058546127657,-0.15864616486293986,-0.300518503887528,-0.127990174728905,-0.11077078451950575,-0.1414023344673962,-0.2018742491147473,-0.2352655280366651
745.0,-0.09155736312620555,-0.1646727964831573,-0.2264396366767184,-0.04582381988116862,-0.11469855578201522,0.057134922427052814,-0.09093210155175092,-0.15396395447024938,-0.14126577142940103,-0.2624344033607743,-0.3191762282618797,-0.12667679740070648,-0.1914638126538012,-0.12065966288188268,-0.1853570761355007,-0.2112909290893853
746.0,-0.08077048682087037,-0.14969519229260608,-0.09476645256589841,-0.02299809417537369,-0.11748380945233297,0.04353086268622798,-0.12431720756913503,-0.12647474189493207,-0.1748128471234603,-0.325836284505037,-0.31416658089846666,-0.10089953363936714,-0.22491290461407207,-0.07931095768770735,-0.15534280414670407,-0.1751716314333451
747.0,-0.05270120433396139,-0.11683514385142904,0.04109396057138723,-0.00394143824382092,-0.10680847543117167,0.01991122278534606,-0.14054242074530723,-0.09008451798378594,-0.1879129217499961,-0.3360033225763363,-0.2837365247272268,-0.057476032060170844,-0.19924079415097742,-0.030921809487625143,-0.12095126337191102,-0.13901368783963017
748.0,-0.010383033036700387,-0.07790976630646652,0.1577496264746814,0.00820858494259211,-0.09201387639484764,-0.013408267951321641,-0.13624048816235426,-0.051543030216299315,-0.17440796554891055,-0.2933462579995284,-0.23111074392493475,-0.0059396356458413235,-0.11879944720534637,0.009865981550358833,-0.08997471923003068,-0.11126462553758903
749.0,0.0402373841162099,-0.04567870540809577,0.2397402883391116,0.012702780481654942,-0.07933555035948504,-0.053767000313884004,-0.11443823285926556,-0.017286787708393446,-0.1328003021528329,-0.21151103394527304,-0.1650681947067239,0.04431765906680855,-0.006338254384486333,0.03360719158235081,-0.06619277566187627,-0.09426131919508438
750.0,0.0912663643991392,-0.030171170413506334,0.28159134079526665,0.0109980621571232,-0.06860322081289374,-0.09564620224904906,-0.08401105177076366,0.007222354594415793,-0.06824128196554216,-0.11358883391174993,-0.09685276517514137,0.08535241181397134,0.10205956258035394,0.039477765715592805,-0.048473234752156834,-0.0836850605633592
751.0,0.13389690884639882,-0.03663526464029491,0.2879230660606858,0.005761491550063407,-0.055055693546018726,-0.13109051955261208,-0.05696092359294794,0.01950530293564801,0.007497508230290155,-0.025237132815160605,-0.03625850740224569,0.11065038608997031,0.17034038492138392,0.0335054124806972,-0.03373825687333116,-0.07029831339360328
752.0,0.1597308912532757,-0.06463994869933651,0.2705842620083935,-0.0005412950417779209,-0.03481738636362279,-0.15151129345204475,-0.04413353530276066,0.020979398730273255,0.07876713844417703,0.03294549088503063,0.010219703051562615,0.11529877639388506,0.17757377534737256,0.022998037344307477,-0.020464796909268092,-0.04436007335794347
753.0,0.1626699450007911,-0.10785949125972992,0.24250677832036954,-0.006383895460627503,-0.009032766652673913,-0.15059595770481018,-0.050596948272333735,0.01517629398573486,0.13021970202166516,0.05115247508423663,0.03924310027611217,0.09675092720607496,0.12517652097058538,0.01222710641977243,-0.009350835992258668,-0.0014104706553513479
754.0,0.14099155317905687,-0.15511442319495294,0.21097381114403976,-0.010794045749005795,0.016855027438238555,-0.1274811599058578,-0.07273998279829336,0.004748454621213004,0.1509205311005779,0.03234640843438837,0.049650884973509106,0.05550831244648723,0.03320670425590479,0.002439578990830958,-0.002053939715988675,0.0536176787139351
755.0,0.09843130774745638,-0.19337125513375858,0.17470242495414942,-0.012499313142937608,0.037335286621849456,-0.08788125207362345,-0.09941872505846236,-0.009490179076391537,0.1372859507228659,-0.010026146238591722,0.04155840502666537,-0.0042717365828404165,-0.06915954769024872,-0.005563748606439659,-4.435433542944759e-05,0.10707477980941271
756.0,0.04369406169306615,-0.21181952644843668,0.1271493121729195,-0.009625888022483252,0.050491406068747594,-0.041872500520149576,-0.1171205526372291,-0.026518052667851726,0.09400953569251845,-0.05727585918930733,0.01680347763458749,-0.07428138544076084,-0.15297216424172336,-0.009377804854740896,-0.003595545508999594,0.14261678344657133
757.0,-0.011512544805357936,-0.20504451651709038,0.06371971693894708,-0.00045618323920834284,0.05852624020172865,-0.0006792778825611667,-0.11599033064057228,-0.042957607578276,0.03272438317973972,-0.0915024657910731,-0.0193020473765757,-0.14282573540999063,-0.19657631833531256,-0.005192414431219076,-0.009941519910524445,0.14896418859500357
758.0,-0.05618458309525647,-0.17448563172709533,-0.01280226747354769,0.015041506141083648,0.06539296218418472,0.025066339279830745,-0.09329808037375498,-0.054221651979336975,-0.031713428985718675,-0.10120196011265516,-0.05768600021322988,-0.19756088238524783,-0.19064219966309934,0.00958669250358436,-0.01171050080376562,0.12427060055921725
759.0,-0.08467428844899554,-0.12858878825313014,-0.0924759572335913,0.03383255459604253,0.07327937881323429,0.026596559011537516,-0.05328398487053042,-0.05852668948735142,-0.08671774126278693,-0.08578741265562782,-0.08872195684939738,-0.2292246608414616,-0.14084263102366457,0.03325508507052441,0.0005803610723084653,0.07504173284665808
760.0,-0.09919595044145238,-0.08123447806416582,-0.16291572456511622,0.04991123277475125,0.08028494580855998,-0.00031735911665270455,-0.004529500783305573,-0.059621070479168835,-0.12638437997717084,-0.05679757540015091,-0.10672403236125233,-0.23439735024500108,-0.06639770878451352,0.05934079527950073,0.030964507567840117,0.011573288914170579
761.0,-0.1076380170774205,-0.04736098202207116,-0.21422464094206511,0.05674338535112599,0.08131579550649015,-0.05189156315242095,0.04320734071702997,-0.06498374320785931,-0.1515895724075327,-0.032963841497305454,-0.11166498105612803,-0.21569521266077427,0.006908141190725795,0.07956447998581073,0.07156922031634204,-0.056256342608792406
762.0,-0.11785705123600736,-0.03667505775653068,-0.24099564267408893,0.050844408620913606,0.07176837162209937,-0.11488960846811888,0.08130056580543582,-0.0807063855775467,-0.1659542962982374,-0.029989838393304356,-0.10675789193469871,-0.17968968367829216,0.057078557729201534,0.0875342710938137,0.10477323051820127,-0.11989921324074071
763.0,-0.13245435460481175,-0.0491447212891351,-0.24198794857241682,0.03351267358809933,0.05081036753954666,-0.17017458973028401,0.10348624017395115,-0.10717078798570238,-0.17125987320779695,-0.05078657634838541,-0.09390423150772946,-0.13456296530233325,0.07375312192728302,0.08015541825592773,0.11389737097935854,-0.17057383930373773
764.0,-0.14736238602726354,-0.07546393275976915,-0.21967203125443432,0.009523135606665317,0.021928092558728816,-0.20087442134537292,0.10647836756117529,-0.13836406699095194,-0.16581358045844,-0.08252139030673727,-0.07019124125008754,-0.08854479137635107,0.05873026506876992,0.05698210578960937,0.09458207796034321,-0.19908030354747672
765.0,-0.1545470833869332,-0.10186722107038552,-0.17954382207867306,-0.015025459903112576,-0.008271314156539889,-0.2000143069399469,0.09037564620819165,-0.1644982307239412,-0.14651183015350902,-0.10280832907515515,-0.02855825921007171,-0.04847521525086292,0.02035652888845824,0.02019054717973372,0.05840108957503775,-0.1985926733998618
766.0,-0.1468415920223882,-0.11603700071212512,-0.1284884137035395,-0.033578665202068814,-0.03126633395674589,-0.17235546308482036,0.058704936076932134,-0.17572701521055129,-0.11257638956536392,-0.0917432970382633,0.036312218801916034,-0.018332401547052818,-0.03229243028529446,-0.023629139082655532,0.026277007967193608,-0.16768818589654233
767.0,-0.12245068925953462,-0.11109043852927594,-0.07377847651416977,-0.03951206489613002,-0.03838452915565224,-0.13000931667409854,0.017618244518666813,-0.16494780924039992,-0.06807096044315714,-0.042505389824218344,0.12068738572523706,0.0014841161679204457,-0.09113417978441639,-0.06215013758838161,0.016437887103069374,-0.11102039066829461
768.0,-0.08684280434646857,-0.08634254040369967,-0.02367689367235675,-0.027922664896243836,-0.024495425414245472,-0.08559544448360877,-0.025442425094189355,-0.129264641701632,-0.021475438898116865,0.035632967196963274,0.2092427698438713,0.013591855867894354,-0.14781957364246615,-0.07987179308996226,0.034505022189717335,-0.03822281424686739
769.0,-0.05085836532634875,-0.04600920398745002,0.012580496444234052,0.0013447039935854028,0.007822191066776564,-0.04755221530612554,-0.06272521337667018,-0.07097941266096376,0.017607220981622058,0.1222126165928167,0.27962763808962804,0.02169465405759411,-0.19339083479954808,-0.06483642107186649,0.07109671284853948,0.03783185935306509
770.0,-0.026291118224475888,0.0018669199324229911,0.02743867207249909,0.04189040845418694,0.04768546759508085,-0.019893920177506314,-0.08718407838646428,0.0017609265772114174,0.04291648727542516,0.1940281321900804,0.31133876179764897,0.02780502686784837,-0.22059477588227885,-0.015355398065232716,0.10771432132567405,0.10396436949349201
771.0,-0.021498990229364627,0.04615231740102947,0.01865650221867869,0.08225462689649572,0.08045503117623612,-0.004848054024646485,-0.09479550472543957,0.07578436900466576,0.054537243099822684,0.23292904743594825,0.2940730546723817,0.030206328836004912,-0.22709639186289932,0.05810316470297135,0.12689596588706292,0.15092799633362494
772.0,-0.03838515340686424,0.07506862325047683,-0.00938114649256013,0.11020062347510873,0.09389647316350551,-0.0045180750756524625,-0.08721561798280712,0.13590878131213588,0.05872460997980792,0.2311195215913292,0.23135937487652664,0.02390208506141899,-0.21691629327179057,0.1369099094366434,0.12006675277053022,0.17641670891049316
773.0,-0.07106557051148453,0.08063135108536452,-0.04755587148394345,0.11727203373258742,0.08176564991590664,-0.0191176518551186,-0.07149453240024442,0.16978442226800822,0.06468048389293202,0.1928903653918315,0.13841918250323246,0.003731768794727947,-0.19899010760058086,0.20129445834716714,0.08860420687474554,0.18392100416606286
774.0,-0.10721438823383096,0.06219382854813146,-0.08521922422729741,0.10139346352148235,0.04449593047216061,-0.04361845563023157,-0.05577057644314729,0.17293043581986245,0.07938152500849882,0.13209637304434757,0.03694866920166797,-0.03182377539319634,-0.18350762990174993,0.23691720376315323,0.03925245241148448,0.17849251947389783
775.0,-0.13271060883460606,0.026493556522935623,-0.11275821869528249,0.06690549173386721,-0.011387608279779858,-0.06727436918079319,-0.04418577633604238,0.1510606502661371,0.10270126271478357,0.06645677992471415,-0.05044722210992556,-0.07866990095134463,-0.1773405902206441,0.23871737656323752,-0.02088060588094198,0.16403095940603582
776.0,-0.1376896368187873,-0.015274972857848273,-0.12340671391730279,0.022608854095131047,-0.07479898025577054,-0.07782973590251896,-0.034842450158576774,0.11796196592654264,0.12624190996363693,0.011137901528094355,-0.10613070457271369,-0.12783569767388037,-0.18005391093780607,0.2107799620278217,-0.08552965279415602,0.1443693073630263
777.0,-0.12052903005281951,-0.051097834776719274,-0.11525552947304075,-0.021144212278715543,-0.1326285057732933,-0.0676898183586226,-0.02165652807081544,0.09033348226312596,0.1375577168116309,-0.02619263265422375,-0.12337800427206946,-0.16809834104985746,-0.18264575206250716,0.16245397836416312,-0.14701525844260582,0.12527540196766854
778.0,-0.08767247318420403,-0.07100246447698982,-0.09283055921312135,-0.05512235340860333,-0.17233048039223925,-0.03773579958012049,0.0013822104046761407,0.08223949384217323,0.12760206562578263,-0.04691049388679149,-0.10878337013129076,-0.18931363333775272,-0.17118743765927494,0.10314364354856573,-0.1942123153744768,0.11371172183219039
779.0,-0.05013992840120047,-0.06898679772883318,-0.06592411430019242,-0.0729628102217955,-0.1839492197648026,0.0038017371360238726,0.03585719129519501,0.10093798564221279,0.09686766568109229,-0.05820095098050918,-0.07751459840417296,-0.1853193166228549,-0.13485992735511432,0.03919064166571107,-0.2137918329421473,0.11437710394856272
780.0,-0.01944131365644158,-0.04429778460887488,-0.04542614801580588,-0.07225084887742081,-0.16223142009742783,0.046091526805166136,0.07691406917540576,0.14496801361616696,0.055975161538346765,-0.0666023156274295,-0.04377999805441511,-0.15545291984236245,-0.0737888584307937,-0.025656106527083805,-0.19480388271621998,0.12655228154434167
781.0,-0.00448817400690558,-0.0016826050576628769,-0.03862934607129212,-0.05521534275128804,-0.10901217791350362,0.07977406094597575,0.11485503796829802,0.2047796572872572,0.020063109993169133,-0.07287994485951246,-0.013865690376045018,-0.10438976160742232,-0.0006348687000515488,-0.0879111190217952,-0.1342296634669572,0.14395355245185393
782.0,-0.00888284785209256,0.05010138422271673,-0.04584782168581691,-0.028371632263588298,-0.03426861579138001,0.0980859619247071,0.13950772707517367,0.26572167917253153,0.0015710093590186839,-0.07180089166361778,0.013449023000577523,-0.04037364922010781,0.06638627105110533,-0.1426552218020116,-0.04021785852843939,0.15749776977496704
783.0,-0.028690421079942196,0.10089101439258444,-0.05937868843693259,-0.00042314011179180267,0.04598510418382577,0.09718289009870935,0.14494322994751713,0.31270955329374944,0.006625349292956658,-0.056403735970513146,0.04142261189535993,0.027742502222387576,0.11391083333170425,-0.18326552865506074,0.06927466350948523,0.15892794475587557
784.0,-0.05300483189303179,0.1411722320744817,-0.06639509664177791,0.02100671952024215,0.1146495303402268,0.0778685310999703,0.13190022795387096,0.3350821574272732,0.035339440403541436,-0.02331470556948501,0.07094337463520207,0.09304348829497454,0.13845280700165952,-0.20246305647062535,0.17180902102151033,0.14404112935209568
785.0,-0.06831215361475644,0.1633588136912603,-0.05536409509749531,0.03232388418136203,0.1589213878382867,0.04735188213231007,0.10681830449140159,0.32977442271003865,0.08306850963143707,0.024384851383724752,0.10051716664317993,0.1509269406516002,0.14353599760171634,-0.194766742053504,0.2465344704318844,0.11506550981791729
786.0,-0.06408450067507258,0.16369087346355796,-0.021908124137578058,0.03502841474744608,0.17376990096368788,0.018401995225210868,0.07850928360504714,0.3015233460957572,0.14102877849943068,0.07807531810145717,0.12901272515650783,0.19776320943877843,0.13498285467613885,-0.15975148889520993,0.27835515612521666,0.08069034273192156
787.0,-0.03631150751698497,0.14493001326503363,0.029816653590768585,0.034138899985121825,0.16256613411092055,0.005203342412018664,0.05453248550056148,0.26001811440203315,0.19701849275693376,0.1273060916482638,0.15768996034738747,0.23020742092023844,0.11970824477485986,-0.10421046152004222,0.26033919290234936,0.05217877399787903
788.0,0.012204694114953675,0.1174953416939446,0.09014231768206266,0.0349100885226792,0.13483461830982643,0.017765683276069928,0.03907642779472773,0.2153987516267393,0.23760469425741162,0.16398866749409433,0.18935599091620278,0.2464586874781932,0.10655195589194635,-0.04144431299204436,0.19537239993713373,0.03718506430154205
789.0,0.07386327101681839,0.09647285180019416,0.14821600358653117,0.03990407666414721,0.10203597977800975,0.05806581991573294,0.03275356649275054,0.1743911079307109,0.25178414987841363,0.18487977012558768,0.2249329620144064,0.2478429795007782,0.10518908786133596,0.01237322942956162,0.0964474026974492,0.035893758801490275
790.0,0.1386272290179539,0.09480751039040275,0.1947697469254775,0.047969653479764604,0.07349621955741727,0.11952300901178212,0.033217444202499995,0.13893608437147995,0.2341799549130369,0.19146233976518132,0.2600568379259672,0.2382691381710512,0.12219266365935814,0.04344932076457727,-0.015640875919209516,0.04215689596154843
791.0,0.19567644440388224,0.11658269059626947,0.22281815020517765,0.0551475019551122,0.054225807009758875,0.18884751803183117,0.03591358618207037,0.10793908763021363,0.18622962267038226,0.18783782096064428,0.28458712011021603,0.2219860267303129,0.1569173268655472,0.04557194580947212,-0.1170117532619318,0.04770785035603614
792.0,0.23524301161089362,0.15498980701597798,0.2279372010768572,0.05638928091301589,0.04460812552872913,0.24950872399131865,0.03567991456255482,0.0806001864982869,0.11602995036761762,0.17824985828581943,0.28576791859828565,0.2020722356981822,0.20099076840736183,0.0229549233363494,-0.18620781676345363,0.045899276805353904
793.0,0.2511110673573738,0.19606564291182782,0.209396056107078,0.047278802515664096,0.04107246703778739,0.2871607820957632,0.02929112744922184,0.05788823021480219,0.037410301722797204,0.16572151567386414,0.2537120757596492,0.1800459997376658,0.24248019855015193,-0.011631340034723998,-0.20907632603934984,0.033278725136979284
794.0,0.24224731235597266,0.22525168732975492,0.17113042407241263,0.025730000432612258,0.0373473108376222,0.29540698690804107,0.01716640509870831,0.040625772976519786,-0.03301480544358035,0.15184272907015325,0.18697299930618572,0.15565833547412664,0.2715339819619689,-0.04317938289356225,-0.18252006118516428,0.00989062642556284
795.0,0.21256864027876002,0.23298591824678755,0.12090980348890777,-0.00647010094017342,0.02666486132723261,0.2777951218377446,0.0026644216168321393,0.0270869255827503,-0.08104450783372569,0.136909064421004,0.09537832582144352,0.1276768456489168,0.28336717492841546,-0.06134657380450259,-0.11602159022165034,-0.020130805801218402
796.0,0.16970283464322028,0.21709431497374057,0.06771438417719053,-0.043017219440265306,0.0050791971955552895,0.24398952227634021,-0.010431194600714741,0.013677073332528506,-0.0996606271405893,0.1204130376285933,-0.0023391738099913144,0.09624800812362674,0.2773421867278883,-0.06369444100623123,-0.02918243983450204,-0.0484969673014719
797.0,0.12318698632389803,0.1818781862814056,0.01862749307918423,-0.07431504651693892,-0.025708022819658085,0.20296270233609748,-0.020198911302763432,-0.0019617941179373224,-0.09070096150986227,0.10234309597000159,-0.08569313079990845,0.06466946837858016,0.25454510944657205,-0.054380608214013644,0.05424696544092273,-0.06570876688567302
798.0,0.08177372121995531,0.13556420697709984,-0.023017501381870233,-0.09093391010276998,-0.0586284413923692,0.1579224556537062,-0.02696933807685555,-0.0191493522003529,-0.06338870430388786,0.08488362351673963,-0.14019056347002581,0.0384119563721718,0.21722104040253387,-0.040439081686612276,0.11281810296956216,-0.06632156338246402
799.0,0.050604789031930705,0.08813922894622406,-0.05651459293135728,-0.08806701272178798,-0.08498363858035403,0.10560828228533027,-0.031656907664994086,-0.035457787121261956,-0.031004511799622256,0.0730532152163048,-0.16116033907877847,0.02211333718386137,0.1700500837854334,-0.02777464395083474,0.1324835219995692,-0.05228254829886739
800.0,0.029874566064242995,0.050019992794900936,-0.08040725004248771,-0.06824739584053456,-0.09880506978557937,0.03995749703730384,-0.033499806758564094,-0.049148299085894055,-0.006552395045244225,0.07283096762447747,-0.15280462205273324,0.016784284480453358,0.12036096878798032,-0.018276897626349615,0.11050122543354621,-0.03179248971618474
801.0,0.01589224359849654,0.030092189432979907,-0.09089079785446846,-0.04019694170121166,-0.09914702838609406,-0.04188153390491222,-0.029151077591973124,-0.05994706066941481,0.0018224591728971378,0.08737829749582547,-0.12477480788699456,0.01885093448656506,0.07620862712438728,-0.009693075615705697,0.05661551404732565,-0.01490366663603088
802.0,0.0039403304231411486,0.0321570430427739,-0.08460298322280627,-0.014469842651839857,-0.09017060957843066,-0.13486488773926966,-0.014188282229416779,-0.06796397868072186,-0.0059377624327356,0.11432166556465505,-0.08860025875885372,0.021467728164001876,0.04339557309404888,0.0014111689619135351,-0.011471891792330996,-0.008576658742500406
803.0,-0.00906926556267287,0.051523709467372954,-0.06321711368024718,0.001257130305010987,-0.07966606427754112,-0.2255239828725744,0.013315411126826613,-0.07311115802755272,-0.022054366823405436,0.14633409834750347,-0.05494402886428942,0.017384881917574094,0.022433000694150662,0.01606694731424733,-0.07708171283515428,-0.01387576987136569
804.0,-0.02380335585928069,0.0749353128712817,-0.03511717193583539,0.004798140224074805,-0.07595583401593209,-0.2951426071119229,0.04926969336174024,-0.07614193623395857,-0.035256660193913096,0.174279899641986,-0.03172539556218391,0.0021113676033316336,0.007276817821514078,0.031779726884311195,-0.13141629544697156,-0.02674125126723279
805.0,-0.039136257608794967,0.0854079521445487,-0.012171567175408831,-0.0007450874156875899,-0.08395677518302248,-0.32465365772041993,0.08303248627387161,-0.07936115322151123,-0.036790040892373595,0.19055227037971756,-0.02284588580176597,-0.02371360710690881,-0.012166645276521625,0.04474905998539797,-0.17339115624389526,-0.041484201270138875
806.0,-0.05285998495202236,0.07005063710272665,-0.0038089593478322086,-0.009411905312337541,-0.10269536970037974,-0.3001138306171737,0.10090231131274416,-0.0853357641407208,-0.024630398466176803,0.1904941682134135,-0.027731342985115207,-0.05390046973364394,-0.04475392410002434,0.053287879961153646,-0.2043885157523075,-0.05470930877887267
807.0,-0.06241271412708347,0.026210721080345382,-0.012710512899260966,-0.015644999996814672,-0.12602422600878505,-0.21814999626821313,0.09167498168387464,-0.0948978330904647,-0.004469574465662431,0.1709672676507694,-0.042640681742156135,-0.07945392639487193,-0.09309432057838155,0.05892852440391194,-0.22362376940109077,-0.06718732088336364
808.0,-0.06618145099517041,-0.03767430582350457,-0.034628673010903076,-0.016687261205829168,-0.14597389472177036,-0.09015102836017033,0.05143668140288063,-0.10641996652584196,0.012221633836018363,0.12744057659264857,-0.06383450710485021,-0.09377029466523962,-0.15102773772091485,0.06413048320863804,-0.22756332751144984,-0.08205121555489296
809.0,-0.06482021714426965,-0.10609055557059685,-0.061117810766098686,-0.013004888993679969,-0.15652602623838763,0.05778104182773983,-0.014022119610507658,-0.1163304877021375,0.012670668441044454,0.05306465890578681,-0.09011680661733552,-0.09640801343695601,-0.20454372506982427,0.06944252644209159,-0.21274686219758332,-0.10052058171608806
810.0,-0.06143436676225078,-0.16249927570062844,-0.08255453039002418,-0.006952171809070468,-0.15587919923743904,0.1920939751083732,-0.08985655124380505,-0.11992584893270966,-0.011172468446618539,-0.05773897572704075,-0.12164408003400391,-0.09200208186233971,-0.23631932915616957,0.07337525964211278,-0.17945998775513713,-0.11935084691849897
811.0,-0.060415314552625686,-0.1950731150554551,-0.09040868083134587,-0.0010428696823452373,-0.1465726032836462,0.2840196489999808,-0.15630523840790725,-0.11260977443065473,-0.057997990530331514,-0.20256622588008114,-0.15566100595112284,-0.08594958370771942,-0.23316345107460107,0.07465478364259306,-0.13398296584954467,-0.1328075409600397
812.0,-0.06570200764025988,-0.20015193820910163,-0.07918809791828894,0.002889357201012919,-0.13385816251776825,0.3195034749159691,-0.19564793177363637,-0.09193672681114623,-0.11727343644038898,-0.3662744842470498,-0.18393603679183193,-0.081368888505107,-0.1934961924316199,0.07375527470340781,-0.08801612920700122,-0.1367011572504655
813.0,-0.07904820003108594,-0.18186264208696987,-0.04812562180694265,0.003623260929570172,-0.1233441513961497,0.3016722998402766,-0.19922499474884,-0.059513994503875726,-0.17432378381351563,-0.5230324972559771,-0.19563176408806734,-0.07894621155394167,-0.12989334930484236,0.0721518064705816,-0.05515043663352636,-0.1300342818051126
814.0,-0.0984402267353726,-0.1485277143571562,-0.001989412085745937,0.000446342188288928,-0.11923154854406068,0.24618605529376314,-0.17066954434179152,-0.02116553410038136,-0.2167794848688014,-0.645006504450635,-0.18412399087985218,-0.0781112992634631,-0.06419850792400536,0.07068640766684978,-0.04607766921969567,-0.11393360028014944
815.0,-0.11761228803123534,-0.10837000063941007,0.04944918201301798,-0.006576724944718833,-0.12372013543624077,0.17267130860502058,-0.1233796114520086,0.015148023421074882,-0.23870852569716355,-0.7120881866788088,-0.1523197665876708,-0.07835296015806892,-0.01848938208169347,0.06866372508287442,-0.06486270308020156,-0.09095516899041142
816.0,-0.12782982583255495,-0.06676048005369663,0.09373064500200705,-0.01632730964373528,-0.136675637386745,0.09670852728309448,-0.07402114565339613,0.04228792898939795,-0.24099333586895802,-0.7165879206447122,-0.11161958189338082,-0.0804169341087781,-0.007307788625258797,0.0641876099715493,-0.10725821650903357,-0.06570667903075843
817.0,-0.12119594313122789,-0.026253531571270784,0.1199787628496463,-0.02672122609176036,-0.1547266560532184,0.026910301393702592,-0.03591782889938283,0.05558430096044874,-0.2283185766810822,-0.6615149244601669,-0.07463490316224593,-0.08661655867877882,-0.03366120019677759,0.05543946173920719,-0.16125469233578268,-0.044701381722200347
818.0,-0.09366424619030717,0.010773447041478007,0.12347489425577525,-0.03521104059945544,-0.170825690048223,-0.032362923936770815,-0.015217766851473627,0.0525567740451843,-0.2048048530770613,-0.5565509842296367,-0.047543940317609945,-0.09917464510480258,-0.08831514237557914,0.041480376596790026,-0.21032001850334345,-0.03410762342323751
819.0,-0.047025134177599834,0.03947503884220304,0.10793962607131263,-0.03953297691421929,-0.1756629034654636,-0.07715486038648413,-0.010648648943655619,0.03248369926155785,-0.17152026353709265,-0.41643425546176027,-0.02837015886714365,-0.11675083959768869,-0.15175587974965846,0.021887519291762716,-0.23852297965263175,-0.03654761700287933
820.0,0.010513309165074885,0.0532729730480178,0.08466822990667702,-0.03838669282624413,-0.16064854662344463,-0.10350214831084975,-0.01606734184431837,-0.0023051881856501885,-0.1276663338561741,-0.2614132508829001,-0.011275099890384523,-0.13183702188888288,-0.19944845087035123,-0.0032035542535028046,-0.23485591970596245,-0.049202357594728435
821.0,0.06631143314053475,0.04797008503734526,0.06901892456101298,-0.031845940495113224,-0.12132597739741714,-0.11040868018518911,-0.02432515435542057,-0.04419038919808579,-0.07384848187623994,-0.11584605322798934,0.008105763303447734,-0.13276471135564852,-0.21072663046329806,-0.031959458291518764,-0.1948752433831649,-0.0646042217782995
822.0,0.10810965273425127,0.025272888809934536,0.07492856854595022,-0.02135865743916058,-0.05982158309162224,-0.10206259460612677,-0.031004259185404854,-0.08036797182007371,-0.014180659386730406,-0.0032557412875053563,0.029917938753335947,-0.11035647225888866,-0.17833635446083543,-0.060375329836624615,-0.12026959868502879,-0.07362149279016658
823.0,,,,,,,,,,,,,,,,
824.0,,,,,,,,,,,,,,,,
825.0,,,,,,,,,,,,,,,,
826.0,,,,,,,,,,,,,,,,
827.0,,,,,,,,,,,,,,,,
828.0,,,,,,,,,,,,,,,,
829.0,,,,,,,,,,,,,,,,
830.0,,,,,,,,,,,,,,,,
831.0,,,,,,,,,,,,,,,,
832.0,,,,,,,,,,,,,,,,
833.0,,,,,,,,,,,,,,,,
834.0,,,,,,,,,,,,,,,,
835.0,-0.03315444774174014,-0.11332898284293387,-0.11903578525027227,0.06899095646490096,0.059778597626082806,-0.22559941654432378,-0.0039842889332765245,-0.20012693075836668,-0.04853301024846924,0.1361113633340738,-0.0749613707150159,-0.04717352524934372,-0.09530197444101828,-0.15976951125784034,0.07722228925916477,-0.05776055937911196
836.0,,,,,,,,,,,,,,,,
837.0,,,,,,,,,,,,,,,,
838.0,,,,,,,,,,,,,,,,
839.0,,,,,,,,,,,,,,,,
840.0,,,,,,,,,,,,,,,,
841.0,-0.014876334398903696,0.06400638821058324,-0.058626420068529576,-0.01727953785319604,0.009887564117905128,0.20227071851252298,0.22518410605991152,-0.1381414204766505,-0.11361787863948224,0.05072330775488311,-0.022171073291530775,-0.043906062148748044,0.06573731668816073,0.12834894963317123,-0.11865928037666607,0.058876184016171146
842.0,-0.027963268239239378,0.037393706424619325,-0.16093025950902035,-0.078168499041233,-0.0183332320932612,0.17788621177282493,0.2549720098383923,-0.20034640459610398,-0.15388071002089113,0.021602149774681542,-0.020697793422516965,-0.09578373506030086,0.07507978108290146,0.18011397887387653,-0.15099445157040237,0.04388747965633424
843.0,-0.047511666000240295,0.011680065600790381,-0.24376036254429936,-0.1341846044295532,-0.034485004014933006,0.1259222383534776,0.24647170156784864,-0.2605675912639227,-0.18083238050191763,0.0077337373300488885,-0.015372613377289719,-0.13268240016590632,0.08189975273078133,0.21985912211321793,-0.16219706008114992,0.012871391684675743
844.0,-0.06605207336846165,-0.005765586513380097,-0.28512055663832364,-0.17289584104763184,-0.03008017962412043,0.06721892493687284,0.20064584843424446,-0.3006023094004798,-0.18563400217675427,0.017396462811127954,4.608135292846549e-05,-0.14160912513282406,0.0911081803703228,0.23974176496713315,-0.1423152573624888,-0.022630467499731077
845.0,-0.07442101571937167,-0.016448481676930145,-0.2724813835496452,-0.18287133007161005,-0.0031733861459447353,0.02128603993270803,0.1279490623552596,-0.31026765644746596,-0.16880768628961043,0.04879836470282401,0.025584922403853214,-0.11954582223074424,0.10432701947800863,0.23465141060866465,-0.08875305593836935,-0.05215981585432271
846.0,-0.06525462611018326,-0.02745304896441399,-0.20795624277572472,-0.15907438110093247,0.04126942828087314,0.00012028553447018602,0.044675039372487985,-0.28981044215595947,-0.13784175413904243,0.09043820912326953,0.053782291285197494,-0.07480774138177922,0.11615702387421442,0.2058579319683059,-0.007657088647320144,-0.06869131767593518
847.0,,,,,,,,,,,,,,,,
848.0,,,,,,,,,,,,,,,,
849.0,,,,,,,,,,,,,,,,
850.0,,,,,,,,,,,,,,,,
851.0,0.15137299383350336,-0.04697329432500135,0.08499298232556975,0.08107945786731299,0.13522743385756458,0.054369543707396016,-0.10252377013614951,0.07018532437240453,0.009461875499770584,0.04826997677422471,-0.014989601692638558,0.051764563570222855,-0.07640504383367938,-0.01833639500362424,0.2706366529781317,0.048404824480996714
852.0,0.16399404624754152,-0.016214291516151183,0.049892492841910246,0.08207780526317457,0.09386762463614644,0.022569643022634204,-0.09466996301630824,0.16617701481738661,0.02722752415576986,0.003404526670371289,-0.02756944420577041,0.06094650134912304,-0.12676220173031164,-0.05841652424151951,0.21537330905612717,0.07284785939846256
853.0,0.1479694441263514,0.015710332965258474,0.009626152560661416,0.06858196645461781,0.04183802722241151,-0.027610998441933335,-0.09595434061570511,0.25361913155744314,0.03959657033240748,-0.03253544773883377,-0.022813561345603736,0.07813648958946522,-0.15503438110783777,-0.09772093416860844,0.12018445610050146,0.0825200672785762
854.0,0.10639235187101481,0.039655475121505544,-0.016836172868082266,0.04656828927882225,-0.01498441389528997,-0.08572721027100687,-0.10635215910169613,0.32252254052212953,0.04658683958755438,-0.05596677310625296,-0.00889814096806526,0.09761197923223965,-0.15913546622124006,-0.13004195231007679,-0.001389825153659956,0.078247837149549
855.0,0.048996094959656136,0.05086249551017686,-0.01871289283911269,0.021560783357368656,-0.07115518316286917,-0.13962996764366917,-0.11914515664351494,0.3649679844231225,0.04914423103857482,-0.06661285902073878,0.004489768769002214,0.10938317121126474,-0.14166403781117043,-0.14738225623401233,-0.12796819721903296,0.0652302004155701
856.0,-0.011465574974348157,0.050943350137993684,0.0011234935855396091,-0.0016735666063081634,-0.12123846195814451,-0.1797490567941736,-0.12295327475900276,0.3763016213249938,0.048006840104924176,-0.06595474977389504,0.011280441519746233,0.1047329532597545,-0.10641440665408435,-0.14438110702908313,-0.23423305262868685,0.04949636565306305
857.0,-0.06356908443666574,0.046558074720775285,0.025691259748126676,-0.01930410684252524,-0.1596098474373661,-0.20129459384469434,-0.10514695510141704,0.35588405397721307,0.04364181836142781,-0.05616306124356823,0.009559612056426197,0.08073714337398923,-0.05651205119718326,-0.12075053601715989,-0.29748265803299284,0.03539226191306741
858.0,-0.10012905338782783,0.04544978755572675,0.030824217294260308,-0.028695743958788905,-0.18084207183315082,-0.20342718008934388,-0.057461136296275715,0.3082192862843045,0.03724056989753137,-0.039860798434831965,0.0005819790598650555,0.041968520333942404,0.004620180352433353,-0.08101073345942554,-0.3050595340858515,0.025332892666906387
859.0,-0.11895708372695941,0.052322610322905236,-0.002590178006023334,-0.02877484256911643,-0.18159215539488488,-0.18788044151263147,0.018074593077117552,0.24396537625708006,0.03103868927629604,-0.020410681436296447,-0.011678580901079138,-0.001145439267613676,0.0703093915851223,-0.03279404340203284,-0.26027188932418055,0.020678303614412082
860.0,-0.12246962311856154,0.06641257971996296,-0.07682058985051711,-0.020564846559820476,-0.16301031553434467,-0.15967547893152834,0.10692773639829971,0.17867622851914264,0.027372750663675036,-0.0019031646154781237,-0.021516275820333778,-0.03634026245657345,0.12893443564804297,0.014645995393283127,-0.18299813838986048,0.022745192267607576
861.0,-0.11700657369763409,0.08127743163286344,-0.17347713379341867,-0.007638336273016581,-0.13093774908629474,-0.12799976702278826,0.18636083412305043,0.12787767274907294,0.027648234664154257,0.011479258807519389,-0.023858596957308784,-0.053988252115847374,0.16707485973071176,0.051510306353549196,-0.10236923197113466,0.03304489894882246
862.0,-0.11124463236768858,0.08757138045468746,-0.2617341725085195,0.004298578978231596,-0.09327781264197155,-0.10302040661615976,0.2352281613509471,0.10048050628587704,0.03225436823843295,0.016419866508187143,-0.01686713092751662,-0.050356463607755045,0.17737391074728284,0.06945302241600919,-0.04458378482033787,0.05152310017083831
863.0,-0.11306088259695979,0.07872515789653194,-0.3138397391985523,0.00927674837865067,-0.056945484903482294,-0.08912375898635057,0.24380091473606783,0.09519039743889447,0.04121653375147733,0.011771909079200248,-0.0028807364785558855,-0.028721866956263484,0.16475936945696926,0.06510060819311254,-0.023013836727014292,0.07373345362398992
864.0,-0.1259721635355051,0.05606041619637246,-0.3174774304776826,0.003853453749831245,-0.02655068524386771,-0.0803087906908089,0.2169412342670232,0.10282941438795531,0.05464688264499434,0.00015756028827734717,0.013285785580206225,0.0021501565596156306,0.14353583113746882,0.04289580484326106,-0.03508854163718055,0.09055336659789993
865.0,-0.147149726343977,0.028697589216598554,-0.27816825059857364,-0.010793026744814218,-0.004713576242408815,-0.06255140364179211,0.1690269598355526,0.1126312907173209,0.07221414514161258,-0.011558137762359588,0.02748571292529565,0.031610947191372106,0.1262881961619987,0.013949937110199376,-0.0654400842451334,0.09242970973437564
866.0,-0.16808688523620519,0.0077665522654094266,-0.21299810376723738,-0.0290872773047829,0.007348053255821553,-0.02280851487859695,0.11544549794471858,0.11775963395171353,0.09186493916716527,-0.014453316693742516,0.03817637195973768,0.050843085826325525,0.11476494364416118,-0.009377690200941428,-0.09302603353110885,0.07523347277600777
867.0,-0.1778890973017247,-0.0005152530625544569,-0.14149702747660464,-0.04372231177975493,0.009794299792180446,0.04072739271592204,0.06634915524101959,0.11677355645037346,0.10917244827057818,-0.0015906275978385155,0.04568354890825205,0.055021858635271856,0.1012551898260939,-0.019458537414693108,-0.09999024566114278,0.04251123951149136
868.0,-0.16823438243990402,0.0021408166600377244,-0.07852596843241483,-0.04890087248432336,0.004336422747713229,0.11425482796564589,0.025056597463803305,0.1114957245907904,0.1183289428918133,0.028534508260223485,0.04982287459618945,0.04380436633553016,0.07797091699155585,-0.015895594855131475,-0.0790279005458333,0.00235656035093795
869.0,-0.1378028299600502,0.008188916401911812,-0.031017523300108454,-0.04207500229178903,-0.0061932048204069706,0.17356359407457997,-0.009429047716897471,0.10419651751720951,0.11410410842913439,0.07075913644372425,0.04843500900309201,0.020639950236157487,0.04456382369448568,-0.003793415782317109,-0.035119288093812095,-0.03746429591319776
870.0,-0.09361610996678729,0.009084460839983387,0.0015067875889122524,-0.023963846833308884,-0.01911036759237106,0.19585404293962635,-0.03815114643255724,0.09622145591557538,0.09376881247155215,0.11476334283943537,0.03866708060499044,-0.008706863065860658,0.00787872108521538,0.009876151907403631,0.019638130281816962,-0.0716347529310965
871.0,-0.04844370877580807,2.014944848124986e-05,0.023724989198850494,0.0019481642610402802,-0.03321734616934549,0.17063582862435084,-0.05936121945512506,0.0879192680279848,0.05908584429610276,0.14918660964763306,0.020035795335970243,-0.038001303598724945,-0.02336613871519112,0.019319821570687817,0.07332611893866608,-0.0964446508783251
872.0,-0.015695873129183698,-0.01733294635776778,0.040563755241123135,0.0297974561493557,-0.04888142712125642,0.10390530697181546,-0.06912008291065551,0.07870464352632336,0.017867459508457577,0.1664407646731395,-0.0034839229091999575,-0.062406189246555256,-0.043446458433625386,0.021450831581059003,0.1171502244988052,-0.10917340971510583
873.0,-0.004083744195439773,-0.03551927828005204,0.05444095392092173,0.05228467697348074,-0.06644646465873257,0.015460339923822829,-0.06488152011721537,0.06681457958226397,-0.017063396825961977,0.1653153422597973,-0.023932685732395886,-0.07984978587831562,-0.05177376342624014,0.01574209019038966,0.1435243131652241,-0.10954527249606077
874.0,-0.013988208479430156,-0.04567078407373355,0.06459654300950166,0.06293394495180119,-0.08416643445224074,-0.06784900828255715,-0.04930966722810745,0.04957175042768848,-0.03272257855107765,0.15061443903821362,-0.032368910604797796,-0.09082396381119205,-0.05243626064766261,0.002569175652896927,0.14471204732104032,-0.10131978554738548
875.0,-0.036703432701814795,-0.04303066374945493,0.06855344756726892,0.05895944435107112,-0.09737271751922431,-0.12062106809950794,-0.03054982996964789,0.025108636222770885,-0.022361009264985694,0.13124523057855444,-0.023318488088535927,-0.09615877354501827,-0.05080280938618589,-0.018417978114053456,0.11569753169882054,-0.09068789789402733
876.0,-0.05707897110999026,-0.029464554809528736,0.06524183991017453,0.042777649615085754,-0.09993065822356047,-0.12683454146861195,-0.01756493349303016,-0.004991560134330666,0.010890351729591125,0.11747939504128975,0.0019392201358057392,-0.09446334447774168,-0.04846216494113064,-0.047537887378376074,0.058750066789771856,-0.08149677610748139
877.0,-0.05950554282689326,-0.011327553460928792,0.058025005579551626,0.02084711621476022,-0.08752164991698085,-0.08428743186478888,-0.014331355008309647,-0.03437820531196925,0.05524805228014783,0.11722490119190647,0.035643363247263984,-0.08184439533361562,-0.04139514478480616,-0.08199172461502406,-0.01502612767014594,-0.07173353603514568
878.0,-0.035255139465626244,0.004447624996917279,0.054560914741177476,0.00040924638626231086,-0.060720672746652174,-0.0038094306608222692,-0.01831448383207831,-0.053754636452881074,0.09471323948982206,0.13233306966674643,0.0669903028901861,-0.05455862550161108,-0.024539939684425208,-0.11402842882213074,-0.0885522486569343,-0.05517122824317066
879.0,0.012894805626395896,0.01246663249262113,0.0622745877142953,-0.013870595259042441,-0.025923063173149824,0.09561460890540345,-0.023951446758141107,-0.055061094508385776,0.1141987201982205,0.15688389157357738,0.08652806518046145,-0.012716177677467076,0.001494810973218585,-0.13324325400711476,-0.14442955629225587,-0.026847643545723943
880.0,0.07162860135249811,0.009145456986768124,0.0826111515722977,-0.021403239811894983,0.006397126944981258,0.19293630519436156,-0.027111674574835515,-0.03562353588464701,0.10421356679397671,0.17825747453290328,0.0895200499776596,0.03767641586554853,0.029011044140008057,-0.13143841713966525,-0.1715280622297559,0.012584083577548784
881.0,0.1229412226341126,-0.006781068735460943,0.10874832590260296,-0.024840653574396993,0.025370116422267802,0.2704210622643559,-0.027084581751463485,-0.0004265416879805402,0.06407589376888033,0.18042453539106443,0.07705374667761158,0.08584733354515524,0.04829980976579881,-0.10646337557911618,-0.16997534315042792,0.0565404202284335
882.0,0.15166986675615662,-0.03308991537362916,0.12834331575237912,-0.02782231801918157,0.02390301750635539,0.31770371048407314,-0.02597699593974026,0.038470591704609876,0.0018939119092536319,0.1488194982098392,0.05491415810554364,0.11959621591806013,0.05291072919353045,-0.06345043030199837,-0.15061065567613885,0.09474143007958943
883.0,0.15128598065132107,-0.06363868476637244,0.1292130034288294,-0.0323911068055149,0.001719529820239154,0.3334633810758119,-0.026865512292882178,0.0655127418298466,-0.06902663653471382,0.07622631849754359,0.031205623060018867,0.1287040988525945,0.040554811848671546,-0.013733372696162708,-0.12764146701984724,0.115921894597572
884.0,0.12591185936748983,-0.0893637478955649,0.10469724467508972,-0.0371727991850847,-0.033954159428246894,0.3234210464432663,-0.031678135035394156,0.06727073865400275,-0.13480599943099197,-0.0319928397690239,0.013304225984818343,0.10778283850944546,0.012147283532606284,0.028290525669462576,-0.10962557485366727,0.11133398788359215
885.0,0.08799703048968549,-0.10007062989592089,0.056607690623197676,-0.037704756863891124,-0.07059896057255063,0.2955763889351103,-0.03980093335072941,0.038469070905593435,-0.18386513196632923,-0.15624375297963206,0.004689046255392873,0.058927441928445005,-0.02786282174930215,0.049778014698844,-0.09579910536269834,0.07897502464079686
886.0,0.05235548218019055,-0.08679443852631968,-0.0046082897834955555,-0.029409855790203665,-0.09515813282569076,0.25607570478532504,-0.04841748805904397,-0.014147436174698436,-0.20808416735973295,-0.26702142814694985,0.003349497675363653,-0.00718891403098569,-0.07150978931367928,0.04345699731904716,-0.07950694638627812,0.02605614791543065
887.0,0.02951616569745613,-0.0451940270214602,-0.062265567048875904,-0.011353590870181068,-0.09962788666238769,0.20848660076840997,-0.05428646152934994,-0.07306790062280134,-0.20369438762091902,-0.33473068461970357,0.0033459141746942957,-0.07404441562666797,-0.1100979774875433,0.009364622902934439,-0.05503539610433414,-0.032381169202057754
888.0,0.0225609692680785,0.02088422882551905,-0.09856246199255508,0.01237617602964835,-0.08446935692421734,0.15587172044402256,-0.055297142507954804,-0.11679358197775148,-0.17206336693522895,-0.34085971091940837,-0.001122700084459514,-0.1252224666561038,-0.13816916941016413,-0.04488011638700367,-0.023010789204331417,-0.07822523847517658
889.0,0.028651293566201608,0.09825292173183403,-0.10183382634049566,0.034846633480768795,-0.05752668161280002,0.1024045128410247,-0.05069372942401447,-0.1289009267809902,-0.11994803069836556,-0.2851186203284108,-0.011867818347055508,-0.14989636512183957,-0.1545048331436055,-0.10469935436553243,0.009042657419143101,-0.09648006253493253
890.0,0.04220971435996093,0.16759837236257466,-0.07273743482224414,0.049922978603996984,-0.029201779446705375,0.052261264903589136,-0.04055445937593199,-0.10479410467552933,-0.0591634956133934,-0.18546972728846794,-0.025686997849234634,-0.14476616017379032,-0.15872444999199473,-0.15174299683302406,0.03159433733356015,-0.08074885593643227
891.0,0.0568104109198179,0.21038001362803968,-0.024909647718616684,0.0545536030252059,-0.007013039120060678,0.006952978829927849,-0.025666582165220376,-0.052720469200383285,-0.004548652783199922,-0.07136922325802106,-0.03651978706618247,-0.11250316455617951,-0.14743327191327765,-0.17012811001530415,0.04009013737934762,-0.0359914954495792
892.0,0.06638195655869432,0.21620536961297063,0.021275693969478347,0.048891177483069474,0.007630129089077888,-0.03579230100681204,-0.007949711278712555,0.01101328794196685,0.03102390092012378,0.026876036257027856,-0.038755582251237146,-0.05918733108928686,-0.11496756876308498,-0.15263467533862535,0.038391417222796036,0.022904240753774587
893.0,0.06734491732227081,0.18675298514422317,0.04827262794624026,0.03527768721011758,0.019063884308690392,-0.07989408738388429,0.009295306906427263,0.06916981216915398,0.042634087879386384,0.08810535287956985,-0.029311296815904813,0.00708442846292659,-0.05881447086096028,-0.10280262709149005,0.03556614421419226,0.07641285159233142
894.0,0.0605115407117483,0.13395583909868358,0.0484558919768096,0.01725686853847472,0.0336100984867843,-0.12715731721159806,0.021702400593928466,0.10915722244729037,0.03581091014739112,0.10522441282749644,-0.00795452361020217,0.07641403140184419,0.01469856341744277,-0.03208044331353756,0.038744323463277865,0.10697237722317283
895.0,0.05043981670995496,0.07355773684257759,0.0248781379910784,-0.0009188804247184169,0.05455614448547082,-0.17536861445040858,0.02467208653489635,0.12495157394086016,0.023117769977464713,0.08327592131763742,0.022615303070319465,0.13726271529119002,0.08890776503014285,0.04504007178082157,0.047960302854421696,0.10405683466691124
896.0,0.042621248464817504,0.018166037912489608,-0.013013291029123847,-0.0145700247023774,0.07918825069019868,-0.2194722067000407,0.014861232986553707,0.1156552287412085,0.01724743027304492,0.03311270825463868,0.05578835186466931,0.17737662508631666,0.14179324995622536,0.11516557216476135,0.05639420153126466,0.06672144335411337
897.0,0.040724161455973004,-0.026118997775572105,-0.0535483315401943,-0.019424888159632392,0.09999655323902663,-0.25348438420712033,-0.007837710610100029,0.08361662540795771,0.02561488754052566,-0.03420301590960111,0.08074912074165017,0.18635979434807953,0.15601900825091278,0.1690163803401608,0.05501309600922423,0.003936079148132439
898.0,0.04507470230424231,-0.05845265175011751,-0.08441732403384669,-0.01326968002750953,0.10912156617510631,-0.271412086088515,-0.03884002341085322,0.03473331366279496,0.04911715123007384,-0.1086693114486921,0.08547270609509523,0.1601970124951941,0.1279847233777623,0.20284841260204,0.038462145331541506,-0.06733745608367842
899.0,0.05262095821366633,-0.07951115271693708,-0.09431763257719653,0.002572024540441533,0.10297248099180328,-0.268459352743503,-0.06924719574806602,-0.02034560328582405,0.08399142391567915,-0.17909809343264502,0.06254681493002491,0.10541721429325825,0.06952823681502954,0.21728969428891454,0.008991452489868572,-0.12668117031414436
900.0,0.05848161131062566,-0.08860501464111453,-0.0767182888219399,0.023282458848324784,0.0844503845613421,-0.24319033024291795,-0.08877022179662267,-0.06765146006783226,0.12443539088971367,-0.2314964725374398,0.014000069525346404,0.038889594929477384,0.0017877529092855018,0.21472732031606775,-0.0239034747632091,-0.15671788253633417
901.0,0.058468175729931425,-0.08380737561229491,-0.03334633600011366,0.04227091228977739,0.06163972899211846,-0.19876713724619569,-0.09013192388878977,-0.09540595014740334,0.1642771048840808,-0.25162781109667065,-0.04826881249453239,-0.018484675309721678,-0.053875940976449335,0.19790592913769106,-0.048375090410587455,-0.1493657503797273
902.0,0.05131691644621818,-0.06458921552126021,0.026098667839038404,0.05344981258038826,0.04327205776611101,-0.1423396297450322,-0.07202609878984483,-0.10065361867196734,0.19733912998945646,-0.23134840951730967,-0.10688542621898985,-0.0510204702838257,-0.082816125215117,0.1703096239552933,-0.056633386138386914,-0.10890833894367431
903.0,0.03942560540942568,-0.03457326143239382,0.08848480134486521,0.05310085369004991,0.03378459104005353,-0.08358478822279432,-0.03873152349667082,-0.09131151700932909,0.21755488431634926,-0.1746413922466546,-0.1458144068353122,-0.05422649711810767,-0.07992172675018296,0.1365212690259579,-0.04832733149789691,-0.05007150802570723
904.0,0.027607958213605375,-0.0024199036074629555,0.14321161855392672,0.04120521792409831,0.0318426382564152,-0.03224032797709357,0.002009627135639473,-0.08113135702832094,0.21990785067266383,-0.09875888031710293,-0.15589643867681907,-0.0339614918174937,-0.049434110667477354,0.10149684312092785,-0.029268598676841156,0.007903336526370843
905.0,0.020742876736217112,0.019950210737727722,0.1854359866567545,0.021933360022216443,0.032917195634175826,0.0056522846643575,0.04041145125861716,-0.08158143269257619,0.20198669994832064,-0.02849068818812692,-0.13677917366670747,-0.0012020201674320563,-0.0030367105427078927,0.06931547575441807,-0.007887435164335523,0.04820951890036069
906.0,0.02179348836380124,0.021840674636437504,0.21414211542403744,0.0022065444273431305,0.03276145919316749,0.02984737508012696,0.06599430195501033,-0.09645349325737705,0.165199614131241,0.013962038141485467,-0.09592629472396225,0.0326265930799856,0.04420107127319044,0.04177086620027728,0.00796135540466717,0.06185528235010987
907.0,0.030737245606009402,-0.0004460656855361746,0.22739835859609045,-0.012064935842812131,0.02907541345886209,0.043232458437119946,0.07078550091774906,-0.12147848226757184,0.11519162100059123,0.01784104639478591,-0.046260852044056194,0.057580646346324135,0.07937011038093082,0.017065297172007686,0.013486160817239074,0.049939392623093264
908.0,0.044228781644392215,-0.03999544350193276,0.22050641332181578,-0.020111623146911933,0.02138239711050588,0.04687589694564625,0.053230011494356765,-0.14767694543184878,0.06137085728631418,-0.012943788752683783,-0.002433075039579335,0.06582264983599398,0.09563727126493832,-0.010026169225296207,0.008746059181693251,0.0221162392012226
909.0,0.056187282076183204,-0.08116022667305235,0.18971349462259027,-0.027359653426069348,0.01028662328688182,0.038649373762655474,0.01911549806002768,-0.16567751528599936,0.014732088222698786,-0.06277358410800109,0.024235456316346903,0.052955341699712534,0.09270120414902201,-0.04532265653359664,-0.001516369936787282,-0.00780243549629175
910.0,0.059769736366613944,-0.10679086924101322,0.13776738391189822,-0.04162167748772145,-0.003115970210958793,0.01701175800017131,-0.02182438578389874,-0.1689666594904416,-0.01645078416921954,-0.11140063053686258,0.030068020836046202,0.02009574986275021,0.07515737518483905,-0.09028475103155334,-0.01072535283458856,-0.026650171674102736
911.0,0.05042937800675853,-0.10639805585050452,0.0758067643292403,-0.06669026434872556,-0.017297156828552464,-0.014498597885657674,-0.060436642286657086,-0.15580537609679238,-0.03068788209735426,-0.14162382189677664,0.020096313486215576,-0.02505187719461128,0.05045877120551015,-0.1373949192140275,-0.014356068535285753,-0.025221821772602036
912.0,0.028345382221485062,-0.07987318053855813,0.019953772605792702,-0.09833032800339772,-0.029956301898224822,-0.04674750794212444,-0.0900663675647837,-0.1298085637400183,-0.03351761135053117,-0.14399019980962252,0.004940805517839505,-0.06981528692040993,0.026459253841171395,-0.17002323056506247,-0.011766728969039374,-6.1020048337578435e-05
913.0,-0.0016697428477485796,-0.03517618731260057,-0.015125462590422151,-0.12597862083402914,-0.03807657513744286,-0.06858278197423553,-0.10578864040356739,-0.09842095697150145,-0.03366166193153872,-0.11746921949098536,-0.005426608091989183,-0.10105111080770011,0.008280016097115588,-0.1694051148532276,-0.00457987393394724,0.045658080473563185
914.0,-0.03259921950557161,0.016865564845312833,-0.022189536070189062,-0.1386654163626521,-0.03904748045910087,-0.07157677016212338,-0.10338243917902962,-0.06909741552311065,-0.038459131333134486,-0.06782327204640659,-0.007741801704940182,-0.11065887033634221,-0.003985121941712771,-0.12528737161334186,0.006252155153745622,0.10247066851712335
915.0,-0.05814660245081962,0.06649761627559439,-0.004123205066141166,-0.13056298427275134,-0.03238389794120483,-0.05368944425327434,-0.0798262355157538,-0.045165266050606404,-0.05167404707278995,-0.005618018772369318,-0.007033920289370669,-0.09893428275976174,-0.014155794545832814,-0.04302334482859286,0.02197391089561842,0.15680297540566168
916.0,-0.07501869388148873,0.10601761431415525,0.027430568266887015,-0.10290237371663188,-0.020722659249570716,-0.020722151999405948,-0.03534894086355591,-0.024880365923353905,-0.0740656157271179,0.05577758386318203,-0.012370263704219384,-0.07380446878029184,-0.02556256896698148,0.05717172813944515,0.04578843736001011,0.19452924319728937
917.0,-0.08401413099593168,0.12877429462427453,0.056518953859228366,-0.06243201399243058,-0.009327174543314774,0.014981992559648983,0.024567660382790114,-0.005033311912524675,-0.10491538186746421,0.10299287159096801,-0.03018442010949048,-0.04708880954721241,-0.03776389838608151,0.1480493148469054,0.08065628282588724,0.2048871887827408
918.0,-0.089107353341759,0.1287808163968878,0.06877486662120026,-0.018447783699520538,-0.004232928269761573,0.03782449967604412,0.08942553852809654,0.014307572305304994,-0.14212488601176249,0.12651481934741307,-0.060017859785804865,-0.030150696487366655,-0.04817429045377938,0.20588297012756027,0.12451808450540812,0.18396819642964596
919.0,-0.09501815188928939,0.10326115977280438,0.05691160656430912,0.02012273104331251,-0.009520848103829378,0.03356754344224163,0.14670182996398937,0.028920748956872674,-0.1802722581920805,0.12421788479145662,-0.09470165891788296,-0.029974586171103837,-0.05647236654201712,0.21814918217525478,0.16607688607061996,0.13667919105839618
920.0,-0.10520847642739771,0.056977667557087,0.02380573149748599,0.04732796019380828,-0.024911589016406853,-0.004624548461918236,0.18552852655488558,0.034450036129058816,-0.2093747483478994,0.1024269211272959,-0.12358136436816868,-0.04616560980907352,-0.06646744309553591,0.18561532191229435,0.18711946850044195,0.07586168990867867
921.0,-0.12094532205029046,0.003586088359113562,-0.018476628487687094,0.06216404398140779,-0.04531810139610721,-0.07134419869130515,0.19872210523669687,0.03151178148027473,-0.21767141256988903,0.07353718671764989,-0.1362592129157449,-0.07015404353200966,-0.083447180532919,0.12031436963105385,0.1724112385783848,0.01827294135577387
922.0,-0.140342229479869,-0.039084990298282385,-0.053837644539862166,0.06865381934218007,-0.0628312327609606,-0.14966422918170677,0.18319529765288817,0.02744957298279997,-0.19749823492733068,0.051016560966994,-0.12544107527333617,-0.08763075997185008,-0.1092512772841706,0.0415887784886439,0.12032808954496636,-0.021152855655579218
923.0,-0.15748806149248262,-0.05726323535072482,-0.06921224145865734,0.0733037932158992,-0.0700199968234856,-0.21717271080646477,0.14054996218824584,0.033364961031069194,-0.14981619457680218,0.04371007481239557,-0.0889070760649524,-0.0837605435182475,-0.13838159915674877,-0.029143385380555935,0.046113832093114725,-0.034097676288652796
924.0,-0.1637643074288792,-0.04731508091499954,-0.05990525080568598,0.08117429474804601,-0.06286563537060377,-0.2531534986646154,0.07855678978971109,0.058468390442428235,-0.08452905144845252,0.05194959094477995,-0.030911458023275475,-0.049410306117268155,-0.15808411897546748,-0.07450056935169849,-0.024259136777658192,-0.02056206097590629
925.0,-0.1520349062029482,-0.01618140579579899,-0.030834040490916224,0.09294181843207,-0.04208937986576117,-0.2448296805377453,0.011451154214399078,0.10508788471675493,-0.01678336620385695,0.06793811752236824,0.037486958719649834,0.014087459144466605,-0.1536413638874536,-0.08646692936891409,-0.065404487798819,0.012307457066642286
926.0,-0.12076383618310997,0.02313890649630895,0.006255972176547221,0.10480059447609918,-0.012538810241032322,-0.19202996931159771,-0.04380483847517301,0.1663910022395322,0.03917400242734393,0.08076860997970703,0.1003816886514344,0.09413777427522889,-0.11655185343320745,-0.06834157987979186,-0.06314171927127302,0.0524971054629445
927.0,-0.0746310973588538,0.057792685392730886,0.03802871979058138,0.11134220095659458,0.01888190593577705,-0.10774658513102074,-0.07448785342005725,0.22733446413223177,0.07561050753482042,0.08285124999079524,0.14167140447405943,0.1711592436821187,-0.05081302092184684,-0.0318662872135305,-0.019985557857763087,0.08582758247545631
928.0,-0.021664177497714827,0.07971895326006993,0.05467857844960534,0.10949791334546463,0.04571507707414701,-0.012832459769388061,-0.07734187954793559,0.2690238229308872,0.0927034868861589,0.07352656918152659,0.15076162782569708,0.22612697650799027,0.02676481846298356,0.008775292101492827,0.04617681898663263,0.09986835631650326
929.0,0.030446221323558235,0.08723618054134347,0.05216614007937668,0.10077644516363728,0.06385756471109437,0.07266021190062641,-0.05844025478865135,0.2755164166179939,0.09512884240298981,0.058740161573486376,0.12680416201217173,0.2473192472783086,0.0935098748671686,0.042143048861542014,0.10888152278760602,0.08876969386666667
930.0,0.07673032973770058,0.08390960579015606,0.031119965792945407,0.09024693874532047,0.07238666200548903,0.13674346761818115,-0.02892298866597427,0.2398581310948897,0.08780262594242841,0.0484939140834793,0.07991101021470239,0.23294721422805995,0.1322904738874165,0.061458432741767405,0.14294013351346346,0.05603748522101784
931.0,0.11531714781270681,0.0756038375900124,-0.00510354826998734,0.08304640476229999,0.07323581300358387,0.17795056740558138,7.734719057840194e-05,0.16623144417094476,0.07448783216794122,0.05312414104074173,0.028602036804335148,0.18931516687525926,0.14033861788041457,0.06415097963736385,0.13438487685025838,0.01235801143571233
932.0,0.1457408735014925,0.06665776604008142,-0.05077934557043889,0.08094087030775977,0.06998800522540084,0.2023314928150357,0.021223403536635103,0.06819568497574272,0.05832105944150919,0.07832885242087902,-0.006576720873929368,0.12678468305823698,0.12891270784525996,0.05084791402346746,0.08591151921483736,-0.03027414987440902
933.0,0.16625812334840276,0.05701064222854036,-0.09701805802941142,0.0812409454591262,0.06647288730570412,0.21733181509306748,0.03242776933604215,-0.035151307177663724,0.04130532174556061,0.12041247235667463,-0.011442937997274538,0.05619515542712128,0.11429407346048943,0.024572979916766213,0.01448904660418083,-0.063890285817477
934.0,0.17263475996090413,0.042327916091896955,-0.13262523500009754,0.07824406526819283,0.06550648723220832,0.22685795847942797,0.03528074215949405,-0.12434909480236629,0.022691784511925973,0.16493408017505398,0.01533733466457278,-0.013421289950125424,0.10717000516553214,-0.009659377695386594,-0.057334641130347315,-0.08666793849532133
935.0,0.16006535106461206,0.017144277666642577,-0.1481812365935339,0.06573302152136017,0.06754692988722866,0.2308838908172374,0.03147905640646246,-0.1851856278782883,-0.0009129052514093046,0.19081491589043337,0.06153413205794883,-0.07612241784793598,0.10708874946534884,-0.0452915125267577,-0.11157357212201013,-0.10155626916992512
936.0,0.12714768670548268,-0.021130663035044923,-0.14073436828133534,0.03956392345488437,0.06979575179868198,0.22880312542881479,0.020677212022491745,-0.21191376382550886,-0.0317685160114719,0.17904581413147513,0.10727271823770511,-0.128832606403551,0.1041846752950493,-0.07532047035638814,-0.14125651844446518,-0.11219679407073581
937.0,0.07899241510547467,-0.06970595754545757,-0.11488640572125756,5.65633168631919e-05,0.06708252879530854,0.22183727196779462,0.002038326889489781,-0.20659664578692516,-0.0659706388939548,0.12219410587805235,0.13426780988287215,-0.1694881291613888,0.08606091115923992,-0.09360104019580645,-0.1498891525126875,-0.11882941327738451
938.0,0.02696025217992133,-0.1204147260908037,-0.07938994169295892,-0.04687531763688358,0.0546897503854263,0.21180230460997532,-0.02262276598808457,-0.17643005281893537,-0.09286349701633528,0.02936851420682122,0.1331480061090468,-0.19527990861150993,0.045308862787627587,-0.09594124655687769,-0.14506982782828812,-0.11792178507879339
939.0,-0.015708003383204314,-0.16184192542386544,-0.042156648369581086,-0.09113835063002695,0.03133027262485345,0.1988413940006307,-0.047855865809977374,-0.13084133920239874,-0.10121174982302532,-0.07667390537668194,0.10582804291479586,-0.20266814731844718,-0.016347016648300596,-0.08163997701811336,-0.13143765223947113,-0.10579960776233908
940.0,-0.04065965824549708,-0.18291166863870986,-0.0073086294683404295,-0.12208140283868646,0.0001541062816267752,0.18096275227840486,-0.0667581279157954,-0.07882357522840971,-0.08730627926347341,-0.1686700196156007,0.06326571358810144,-0.1891862461575745,-0.08896805191513861,-0.055156489569013985,-0.10762302401155491,-0.08225598600879176
941.0,-0.0492969073118949,-0.17698395703074288,0.02379921763973274,-0.13241096569456412,-0.0327443913912514,0.15525619431884494,-0.07415087433469805,-0.02743884889508089,-0.05840313689364734,-0.22487951616408092,0.020068726129965013,-0.15585393854640736,-0.15906204760213044,-0.02569263669251498,-0.06849494808311221,-0.05115282401374893
942.0,-0.05158173453779142,-0.1445973024502997,0.04906348228823238,-0.12061822901823109,-0.06094700044040335,0.11997247185415695,-0.06812613809631789,0.01785133579184924,-0.029468630654432892,-0.23487667251803218,-0.012196327892841773,-0.10842433263795992,-0.21434891713387466,-0.003438173038037684,-0.010866748305861167,-0.019054868519630473
943.0,-0.05914372523541958,-0.09378968061780986,0.06379542873777748,-0.09137009784205909,-0.07980934002512424,0.07606055573458931,-0.04982697311496966,0.05211799630139549,-0.015614743990907447,-0.19968193608653903,-0.029469394644683452,-0.0564602971773632,-0.24623648770063425,0.0053167464618418155,0.061137063026082385,0.006299354665427081
944.0,-0.07751706256341921,-0.038540204923147296,0.0630920494157675,-0.05404333583498256,-0.0876251751829433,0.026860428133215722,-0.023296651007475286,0.07096821048581996,-0.024504138220548064,-0.12876305485104503,-0.03394653284876462,-0.011101078042675221,-0.2508267696067412,0.0004760336383646733,0.134514891489311,0.017845415784008577
945.0,-0.10257485434869976,0.00480825692506118,0.04618735004642556,-0.01974678152587562,-0.08599767700227996,-0.02264910983645661,0.00435156919400451,0.07221444436043951,-0.05328413456043433,-0.0372033994197689,-0.0284325458029711,0.01721511645529174,-0.22982823626417473,-0.013408195440779997,0.19076311912450672,0.011665670896869842
946.0,-0.12350595437946173,0.02356911122433267,0.017966088469247098,0.0021122665253037053,-0.07886625590268011,-0.0657983850021722,0.024287299183152804,0.05751474287730305,-0.09201910621617662,0.056250443549957854,-0.012659049669112429,0.020994519942152005,-0.19066603551721664,-0.030607558820821744,0.21293395862730735,-0.011119768144958665
947.0,-0.13029590387631998,0.014680177410572332,-0.014489245252251768,0.006309503509088142,-0.06998599119046131,-0.09561732904827648,0.02948579056835243,0.03170166267080754,-0.13053128803643604,0.1321860044371583,0.014419985949399257,-0.0019111276667651193,-0.14402903820149698,-0.04715705304412764,0.19314641222892903,-0.0443792293760568
948.0,-0.11978817801751337,-0.013636893435078604,-0.04704827435807058,-0.007049675448164645,-0.06052385917677289,-0.10910057037363241,0.018343973644347176,0.0003745941994708174,-0.16283124883921923,0.17564420861687957,0.04967316327363642,-0.04669006127631188,-0.09927660569392038,-0.06192435692760243,0.13649184426148178,-0.07911833998948316
949.0,-0.0959343468299479,-0.0460200935404248,-0.08023883208723773,-0.03252962127245758,-0.048914949694123015,-0.11070818452837873,-0.004480587845361701,-0.03136379579507858,-0.18623348317121557,0.1809134244731985,0.08408671861056981,-0.10218433864368931,-0.061101540818735985,-0.07582098638852719,0.05932794395410797,-0.10695085055228248
950.0,-0.06560381321465696,-0.06740672507782972,-0.11611762128638901,-0.06091056037903817,-0.03298350171594715,-0.11038497556341463,-0.030942502691812025,-0.05827290108984011,-0.19751890127639962,0.15260275846299162,0.1062422929680013,-0.15382859305112762,-0.02992929871640077,-0.09005899370911577,-0.016617487525385867,-0.12314043590905452
951.0,-0.034263908560355216,-0.06954937164555124,-0.15339167064957387,-0.08226680338307377,-0.012220969379581222,-0.11680913759013291,-0.05405672037903626,-0.07471077576840855,-0.19057326937005475,0.10266292506246794,0.10800893600529683,-0.18732332984094194,-0.004712788654938152,-0.1040326919788893,-0.07159939333312887,-0.12749980916291018
952.0,-0.004123214768847249,-0.05328155090285825,-0.18502254606264634,-0.08912919934667785,0.011469857072906977,-0.13153168736558318,-0.07041536222280279,-0.07644851027913159,-0.15810785848720482,0.04529877286719616,0.08771969057356324,-0.19152102622967504,0.014882177568141069,-0.1136111389455378,-0.0945419635516919,-0.12318376308246116
953.0,0.025219642598440617,-0.02614407336327503,-0.2006120425199313,-0.07827884569476005,0.03447639336499793,-0.1482059864972724,-0.0792008045974844,-0.06360278411436121,-0.09691757723259897,-0.008465127016795648,0.04885750268455279,-0.1604337144862133,0.028823028287010246,-0.11193214632307333,-0.08707969761147591,-0.11457138409344457
954.0,0.05452237877587775,0.002016785786184149,-0.19203188711190267,-0.05115736229759175,0.052922798646047396,-0.15648658471649352,-0.07944689499672718,-0.04181607502170099,-0.01313319117155039,-0.05440965814567371,-0.00313461306188714,-0.09497643021464172,0.03909504777540577,-0.09349546110301492,-0.06276292305366764,-0.10489886180794411
955.0,0.08238588804871222,0.022766845379917147,-0.158038121769636,-0.013572933809697178,0.06441101646806972,-0.14785292334900205,-0.0685915591429928,-0.019278927079149636,0.07706733816651966,-0.09453668487241075,-0.06260901527510579,-0.00420563647139182,0.050742980827767056,-0.05847579663840421,-0.040900170888581174,-0.09455180679620312
956.0,0.10455952427291514,0.03143179913445313,-0.10480560841436903,0.025319320903552014,0.0694021430109008,-0.12034892724619917,-0.043662356786807584,-0.001183832380723931,0.15317678166222468,-0.13262244989467603,-0.1237983726900602,0.09534099332477794,0.069166803772981,-0.013325971702910649,-0.03779683778373025,-0.08192777328970637
957.0,0.11613745885028602,0.028277585613432143,-0.042364951959814,0.055448869737977705,0.07138604134235141,-0.07949304733601788,-0.004034767358827391,0.013158673900684733,0.19978830816504906,-0.1691016911518768,-0.18023941182300068,0.1832234553833976,0.09649497995822207,0.03245907328406836,-0.059679439901856514,-0.06682601147563891
958.0,0.11486713334912053,0.01829874184659758,0.020709047889961973,0.06954951252258795,0.07527781393714482,-0.034915195157793476,0.046118527394368315,0.027844992123661847,0.21378428075313177,-0.19791552471292098,-0.22366708630537788,0.24088203985844434,0.13114778634365942,0.07014529811290465,-0.10035682016948536,-0.052552451642434966
959.0,0.10261184322671899,0.009265877046703194,0.08061091637541978,0.06624946857505035,0.08443933165343272,0.004270672528472753,0.09727958663994242,0.045524448881978784,0.20419084386187913,-0.2068830813026532,-0.2434609540771293,0.25764083908567387,0.16990691570001445,0.09355333552783611,-0.1442801728150219,-0.043758255300231925
960.0,0.08394212604273059,0.008166621413493877,0.136837248530855,0.05016143628511184,0.09809129354234664,0.03242688408804847,0.13696795213245352,0.06450344195780758,0.18500398238548868,-0.18321117993946492,-0.22924713009222303,0.23454198735387236,0.20887153901057057,0.09891864549801674,-0.17322248736116946,-0.042256023356319526
961.0,0.06347122275381571,0.017203593157305345,0.18698362425990925,0.028853865144507614,0.11091356240644562,0.04883551810006423,0.15451381211847476,0.07925793141324394,0.166789391658956,-0.12307394776701543,-0.17717144288246794,0.18396205437490692,0.24237398466331575,0.08441015576258008,-0.17363282467688554,-0.044924419050627516
962.0,0.04419212738326702,0.03172778802376282,0.22258149153079576,0.009266252998432449,0.11521283422963698,0.05813473628200779,0.14566842333762872,0.08339389347933841,0.15270810545123195,-0.03891954059264781,-0.09581953625845015,0.1249329206961799,0.2624963255943403,0.05081307585924158,-0.1418210801407939,-0.04457902933841416
963.0,0.027378513216273413,0.04217625722511934,0.23070685866967489,-0.004190765591352597,0.10485817458642162,0.06800521041793559,0.11425028159768923,0.07338138659013209,0.13956379454683998,0.04266134527197262,-0.0063478129196539316,0.07644024105932426,0.26144039343679437,0.003288854469361458,-0.08462561119401898,-0.03265201570797681
964.0,0.012931059952304196,0.03938725417111412,0.20143054126064108,-0.010069395289640301,0.07897450334070799,0.08364184404796389,0.0700496358519549,0.05111317906763604,0.12085487279580157,0.09278459177162583,0.06467480409654794,0.05135465739222726,0.23553065700809916,-0.047966431997703625,-0.015405987045280017,-0.0032904552485582155
965.0,-0.0004914919798324276,0.020102274465708406,0.1360796454573483,-0.009778660310085093,0.04261463948494879,0.10339913846108974,0.024642854512580758,0.023461612541180264,0.08989072453317155,0.09442510034191658,0.09626295015226147,0.05290201792220504,0.1876747865456613,-0.09000343847347654,0.051548618858169915,0.042361765044891905
966.0,-0.014873582396320705,-0.010437301491251078,0.05066517741084111,-0.0066283167499463225,0.0037999162667197873,0.1201637366530367,-0.012573061056750866,-0.001531434108541691,0.04341639781943524,0.05050151900403594,0.08245116871895602,0.07494129586613994,0.1266978372164143,-0.11115797940387807,0.10465521669841751,0.09467918430868237
967.0,-0.03130820921448298,-0.04022822179323152,-0.02827183057098978,-0.0037946623033845565,-0.030234867445084225,0.12659988887671783,-0.0370241714170209,-0.019569007685819494,-0.014524543974006926,-0.017895053902190493,0.0352830341919593,0.10560708219852731,0.06412657384595614,-0.10409389107887537,0.1359076639124885,0.13856096762084427
968.0,-0.04838343213767685,-0.056129423135545295,-0.07435284294297381,-0.0025243013836861606,-0.0546840708278188,0.11881644467231717,-0.04994988841673885,-0.0323588180611791,-0.07125319387625824,-0.08132183793093539,-0.020615945976418696,0.1318602392895827,0.00978819813496842,-0.06687364818092861,0.14051375848672626,0.15979810708645054
969.0,-0.06182828136066266,-0.05058331791768075,-0.07320033637347234,-0.0019891410487590374,-0.06677982030966507,0.09662699694494555,-0.05682888939714207,-0.0453572365713662,-0.10896649534227626,-0.11408176389579407,-0.05905620096111669,0.1430790906862235,-0.031209772937318133,-0.0032304644840271263,0.1171235153431889,0.1519558830642055
970.0,-0.06624085070439396,-0.02550862695945793,-0.02845748075451902,-0.0005866512302866352,-0.06528029095358802,0.06242844178763635,-0.06304561323617873,-0.06304879001887059,-0.11226099159170773,-0.10288083877702017,-0.06328203306364649,0.13355682478777625,-0.05793172816243353,0.07700857486943455,0.06921541044479824,0.12023833303459391
971.0,-0.05850117064899669,0.008754185754999507,0.040709162936339034,0.0026119629551963103,-0.050908439778712615,0.020277879714015228,-0.06951490339504163,-0.08560789054726962,-0.07645387394869722,-0.04988744231680264,-0.032083411856835525,0.10346065592029866,-0.07163406142572369,0.15834482402067163,0.0060615188295324385,0.07981073945390406
972.0,-0.0406439978030955,0.038652981266351596,0.10789652519255288,0.007310200685585214,-0.027128679953887545,-0.02465695821358889,-0.07202676286187903,-0.10888585589916662,-0.012214053116680466,0.029229929148059677,0.02109292211385642,0.057654042514794675,-0.07571877551107857,0.2225655939536377,-0.05891836681069185,0.048856386949831146
973.0,-0.019601130554033147,0.05377499288890895,0.1495137768683651,0.012512263619797206,-0.00013011756528449696,-0.06630856705965503,-0.06508947702256321,-0.12679562998462116,0.05740256807343544,0.11125545594496304,0.07464698205030272,0.003497296351996246,-0.07616913453088577,0.2538250673842657,-0.11228630099063032,0.039473837652783964
974.0,-0.00359714784385886,0.05038504059837586,0.1533499056030063,0.01744545242401487,0.02235243608045071,-0.09788868569771801,-0.04746489070296091,-0.13429526462648464,0.10708772154259863,0.17365337076123152,0.10749735308229452,-0.050906326775461,-0.07963183140532538,0.2433913703187458,-0.14485658508302918,0.051369026176935825
975.0,0.002300953046900498,0.03046554308631805,0.12244842010107329,0.02178427678333326,0.03301848850144098,-0.11276582114742606,-0.02538041700602923,-0.12980147440583506,0.12094193890304669,0.20197167799299592,0.10686556744321372,-0.09784233552217891,-0.09036744515969188,0.19232841600211148,-0.1538506844072454,0.07251768031249696
976.0,-0.0015951702737699537,-0.001134754222713736,0.07223148419329875,0.024680121565376165,0.02727612724985672,-0.10642991619377119,-0.010605778448499891,-0.1159650804666119,0.09884745839619531,0.19334260136591971,0.07285287596960198,-0.13067256879057573,-0.10857906623687748,0.11166586898629287,-0.14202674030901266,0.08641400068129029
977.0,-0.010930799900320054,-0.03824472467763995,0.022352114202443464,0.023573903506483636,0.005109858280091918,-0.07896317431643277,-0.013767911936358502,-0.09808527146727962,0.0546816122408648,0.15512850519009883,0.017838794992310524,-0.14451590709057302,-0.13046271868708254,0.01957533809454645,-0.11485444436638784,0.08114818297645994
978.0,-0.02079459978398034,-0.07389471369897722,-0.012011855564861994,0.014596893995473025,-0.028479995995669766,-0.03670311771415299,-0.037035934959726007,-0.08146178211012986,0.008960271289834218,0.10048512406770682,-0.03930328276713044,-0.1379199329574445,-0.14937325915039754,-0.06424414022524956,-0.07811319404747083,0.05518217961100461
979.0,-0.028550578944383655,-0.10139555549616137,-0.025016358314837422,-0.004875818288354353,-0.06508960522663848,0.008672319303415945,-0.07145342004486414,-0.0698447317442305,-0.019503139903255008,0.04376955894416759,-0.08081621947299968,-0.11505934965315873,-0.15786056529330023,-0.12481290889471072,-0.037066322165875965,0.016801641255276167
980.0,-0.03424704769564711,-0.11565227028506224,-0.020304487319700967,-0.03331243240870578,-0.09599070262721293,0.045015021385736445,-0.1009379903969191,-0.06479330706769842,-0.020066023398098126,-0.0026274642659861345,-0.09532902844908564,-0.08572534127414358,-0.1502052057095333,-0.1558594672575682,0.003384391219158918,-0.022192718988961274
981.0,-0.03884923937974238,-0.1138515738470177,-0.00806795286654932,-0.06434022697623029,-0.1152241475934324,0.06664980880150397,-0.11035041251320112,-0.06445912974638855,0.006367483174422683,-0.030614467183334004,-0.07971115958888297,-0.061527226923431204,-0.12449804509897792,-0.16005069449330192,0.03798485265070713,-0.05361452530451691
982.0,-0.04198523307481862,-0.09570597721106712,-0.00012215415870983363,-0.08917091924284105,-0.12136089899076853,0.0776300525684584,-0.0931105054393076,-0.0625736181707937,0.047841701241646405,-0.038562703686592474,-0.038951802874969355,-0.050503233236655135,-0.08348844749205281,-0.14601458950242063,0.0604559610726416,-0.07546706332169278
983.0,-0.04110320148165857,-0.06345080753633742,-0.004160929628092205,-0.10070177583567583,-0.11723713933963321,0.08735278059175784,-0.05431223415752373,-0.049918817644450796,0.08577859626245879,-0.032068470352360955,0.015121714659305396,-0.05370428894647283,-0.034118297518059365,-0.12435248285189536,0.06486471954592044,-0.08916321663868232
984.0,-0.0325250891553131,-0.021332474680416536,-0.02017821512557871,-0.09671390941587907,-0.10795282951624807,0.10158687323052644,-0.007430603368135052,-0.018580416530538366,0.10213672942970954,-0.021667444261289547,0.0665163202309811,-0.06544798782195285,0.014296268977845032,-0.10477396534631307,0.049575854232639896,-0.09467535894271911
985.0,-0.013418457926247986,0.025125367015393436,-0.04167733073794617,-0.08019032464094634,-0.09845420822758044,0.11628031228359342,0.03295482737055535,0.03330247346063304,0.08676143094024887,-0.017972879368063212,0.09936107987619912,-0.07669285154213354,0.052730393499939424,-0.09406245795385473,0.02027290535041332,-0.08780532781475231
986.0,0.01619886903820913,0.06951624164601924,-0.06044288283157676,-0.05711980459225865,-0.09195366605333187,0.11948179633081038,0.05729378472441407,0.09914507999199851,0.041718311853067666,-0.02673406495920032,0.10323933072016195,-0.07935239548961935,0.07473930490151535,-0.09353406683959177,-0.011524939854268158,-0.06217634887125045
987.0,0.052133449977115554,0.10510299759893564,-0.070910185341975,-0.03396872211344333,-0.08927919446030648,0.10059682493917427,0.06327632899370209,0.165430938806695,-0.019607481255413308,-0.046543009158497246,0.07725974663517843,-0.06913412980769319,0.07791364508482573,-0.0975040908699795,-0.033546398144707015,-0.014943023000527694
988.0,0.08651722934623385,0.12631641803973037,-0.07178872610010015,-0.015993488320505022,-0.08890300633707741,0.05949018821464563,0.05460902135281464,0.21637797460236366,-0.07818817679076759,-0.07029919670754148,0.030065278472728548,-0.046428038166611806,0.06409006595791174,-0.09599581987032597,-0.038117340133088796,0.04789535256820275
989.0,0.11062796632563777,0.1305452377747184,-0.06525951070952236,-0.005821690725500462,-0.08789493043094322,0.007303511377726347,0.037761373589900386,0.23942726797942063,-0.11658875158748687,-0.08887539389353795,-0.02443485200383579,-0.01607756252537306,0.03774724690105437,-0.08134283501583256,-0.02528771260823982,0.11074315037584145
990.0,0.11868332416414673,0.11883044655109702,-0.054696455230584216,-0.002186445281606811,-0.08354727913233162,-0.04087896499635368,0.018758486093414396,0.2295201862945546,-0.12428133896795261,-0.09435926116249714,-0.07277869099091058,0.014143542992539586,0.004459364859010753,-0.05379155353067162,-0.002175930595738499,0.1535268101830266
991.0,0.11002435398238464,0.09525460201492492,-0.04239680237653175,-0.0002364070000669669,-0.07463646774644349,-0.07412735195265759,0.002073272494914068,0.19091730829134945,-0.10001103162361151,-0.08189124265222758,-0.10593631108414589,0.03664315680721723,-0.028352178990405326,-0.021615995150667165,0.02093843809099168,0.16011333651613713
992.0,0.08819290145103546,0.06600264884529189,-0.02921436588648564,0.0056020975684111865,-0.061786198631868954,-0.08932377210054902,-0.008784279399874436,0.13590427985526457,-0.051871552353440466,-0.05076333487510127,-0.12022913685245858,0.04727456273638444,-0.050324056612631514,0.004165106770640084,0.03435974291203154,0.12576737320711034
993.0,0.058453029386109696,0.03849772979220497,-0.01591547359277442,0.017917864286216147,-0.04708066426152953,-0.09070381526767256,-0.01134783036311264,0.08081416045970784,0.0050929719192424295,-0.005139042716098278,-0.11567487934459462,0.04678005407019872,-0.05039853932044529,0.01650179235462082,0.030385588143233843,0.06062194264400358
994.0,0.026443682763620486,0.019683887259573384,-0.004161766889559111,0.034819512373409724,-0.033030510313206286,-0.08674760196778702,-0.0058116615969363026,0.04068376698448019,0.05430403741439582,0.04640678199365846,-0.09355616190245744,0.03965492070666081,-0.022370087456430127,0.015994621673051424,0.004156718361718348,-0.01246359555246638
995.0,-0.0018984635033557136,0.013268821228946034,0.0035665606673479042,0.0515306429795414,-0.021292444647891408,-0.08520516924713907,0.0038436362436998143,0.024203068598310642,0.08426462974184509,0.09347106840560972,-0.05559436140852625,0.031159191182541356,0.030228828536505135,0.009570483726170297,-0.04429667881346195,-0.06589309854815924
996.0,-0.020907007290436385,0.018300566054029098,0.004419560551854928,0.06310414124395458,-0.012088121575137948,-0.0890078682179391,0.011592628210093733,0.031115988511107483,0.09260864685188082,0.12773107191913016,-0.00562891398454628,0.02451077277951048,0.09372172643450619,0.005770506751940562,-0.10817832454969413,-0.07837716411256464
997.0,-0.026663955225926312,0.031169988764968095,-0.0035252638956469445,0.06616408665286501,-0.00477474628903035,-0.09684193776184341,0.013556575720911195,0.05355026028192814,0.0855130534327465,0.14544197836578884,0.04805590124669795,0.020175990612403567,0.1489144287530644,0.010179966309139187,-0.17428422285529074,-0.04373005436966038
998.0,-0.018458623248954108,0.049115561970290676,-0.018755778083582808,0.0595161422086214,0.0010385850699958564,-0.1073699633712128,0.011423899911905224,0.07990867298765676,0.07336140244992806,0.14686703871005272,0.09297606288993053,0.01713289280237992,0.1785247175191487,0.0233409872760562,-0.22617758365070054,0.026641065866583956
999.0,0.0004131209327561202,0.07141872704515521,-0.034800742082829766,0.04449215576533726,0.004778350719562307,-0.12122238031285049,0.012099142905162077,0.09852970924865306,0.06486785007537654,0.13453921325591434,0.11706338828607629,0.01454496692985155,0.17419155929862323,0.04135512297000587,-0.24959869262326806,0.10785097305455109
1000.0,0.023070538485922044,0.09733681530859753,-0.042340450472564996,0.024986210185958913,0.00509982224430913,-0.13823511697139287,0.02352746979660126,0.10032675049559588,0.06237171731006682,0.11294727857596655,0.1152406237290057,0.012677053570037166,0.13970525594721056,0.058443341505728455,-0.2381462179453128,0.1700163281748398
1001.0,0.04133651846030935,0.12341595047796258,-0.03466721148797563,0.006372729784518155,0.0008080624578162012,-0.15418576271842477,0.049333735972456674,0.08099369952080004,0.06076631036809107,0.08874475256685002,0.09222467877867223,0.012622599956134586,0.08843227218949878,0.07028846072162984,-0.1961712059261163,0.1883337371918099
1002.0,0.04924426100736877,0.14332313296347746,-0.013187427577463565,-0.006580719726484655,-0.008120586967391067,-0.16147695009837182,0.08552285585431467,0.04241481314945766,0.05069117631555742,0.06899373950414213,0.05887317842486222,0.015034155931846902,0.03601470901900918,0.07669728071757309,-0.13715145722829652,0.1516453332414701
1003.0,0.04540829897560166,0.15035686038015508,0.011195652640637264,-0.011655786880729909,-0.02011149198371885,-0.1529699854116709,0.12129210489462619,-0.00753687827988141,0.024674384498266897,0.05801513817239698,0.0260986828316885,0.018811888103176102,-0.007536984112137997,0.08203458397438575,-0.07839355341089398,0.06636645842691818
1004.0,0.032350070553604976,0.1401530260005412,0.02294878597399803,-0.010056209000127275,-0.03252654287495058,-0.1254320254064394,0.14360311866638498,-0.05705908451583359,-0.01659327413211223,0.055883393428807486,0.0017973874844643737,0.020978942035096135,-0.041683528322187906,0.09205192369609486,-0.03418089567962344,-0.0457092999817
1005.0,0.013471982091036599,0.11225024298420364,0.01064722266395979,-0.005907463503796216,-0.04271062699822503,-0.08051016975381395,0.14307462598402382,-0.09397002376691364,-0.062153705545934426,0.0599184577685008,-0.008878229833329355,0.018260616623819677,-0.07298829381792633,0.10824377698220711,-0.010017380512614117,-0.15486371710790614
1006.0,-0.009578139425120057,0.07085340255067989,-0.02632151313604621,-0.00456124016717605,-0.04854546290132688,-0.023081591892447666,0.11851948542298876,-0.10946679729933263,-0.09554386569665183,0.06751135279302967,-0.003348138545849077,0.009580340608079751,-0.10756453172028269,0.12458934611170486,-0.0008523178556477117,-0.23335564916402154
1007.0,-0.03667784426851565,0.02434075594043581,-0.07754824678540959,-0.010328972789038814,-0.048251180097664534,0.04162162723435593,0.07819586237907263,-0.1002910432630171,-0.103616072365816,0.07757233358415257,0.01714837976049111,-0.0021384278670633626,-0.1423240468835264,0.13049254035520888,0.005513653423887606,-0.26372005853209307
1008.0,-0.06632111136429679,-0.017129659699515697,-0.1271977727537944,-0.02443276499447107,-0.040175660450522,0.1093245222559303,0.0366613276833695,-0.06881224902952968,-0.08359067626203309,0.08921276707628482,0.047121077893971956,-0.010377977606942148,-0.16200353777187393,0.11756374713074831,0.021736515001097075,-0.2424222321026243
1009.0,-0.09343918609754641,-0.04508030892978322,-0.16126705590595686,-0.04399961000868597,-0.02302714193779133,0.1750190141770273,0.007973394780057591,-0.022438655500795657,-0.04493309488042751,0.09913537174322629,0.07887276601509645,-0.008204349175306644,-0.14689916788964033,0.08428774231727039,0.054888370979957184,-0.17877387466792713
1010.0,-0.11095301531791078,-0.0558899655569991,-0.17287841411044422,-0.06279077776929257,0.003699653589755494,0.23049686372708927,-0.0012507917271549684,0.027027457400063938,-0.005556217225885278,0.1012230387456041,0.10531094463556054,0.007365420319315969,-0.08710155105750828,0.03583491365733864,0.10452379938795855,-0.09097757728942406
1011.0,-0.11380619965709206,-0.05255834851946434,-0.16384684712313785,-0.07362176700329878,0.03937222716665143,0.2646591554289198,0.005665275525685896,0.06588438878342842,0.016404675966751152,0.08981611264386595,0.12102355338685582,0.033014528849041914,0.008041587019414095,-0.018866032255954283,0.16528404098921942,-0.0011777482581608741
1012.0,-0.10179451591774884,-0.04373456352006648,-0.14189654713260683,-0.07138570214135297,0.08193176551212746,0.2675346219804562,0.019038641803470435,0.08354945913379742,0.011304128955329023,0.06358146807767183,0.12193962450411824,0.060364044013662396,0.11322479872382486,-0.07009169639225095,0.2310983725370952,0.0696141005943266
1013.0,-0.07919206227426231,-0.039697925769674895,-0.11490564738859621,-0.05504731821961951,0.1274456010449593,0.23509745035053153,0.029110313329782065,0.07684431932446029,-0.01784802639768231,0.025683233006774643,0.10560356601314931,0.07930979171372227,0.200730127251036,-0.10967658714651249,0.29722847011831066,0.10648706183893934
1014.0,-0.05195696400187514,-0.04748423452156954,-0.08664894286923591,-0.027651302066087426,0.16958596482948485,0.17105047591482467,0.030120973440473986,0.04998926710548395,-0.0578750044790054,-0.019895688144083556,0.07220819181089834,0.08134920938493548,0.2536797587221667,-0.13285571385226977,0.3590322921340693,0.10423967624044869
1015.0,-0.024899332292953318,-0.06823940975773957,-0.057866426286771244,0.005158013222322883,0.20004605793015712,0.08516830241250378,0.020926419843859987,0.010872147284127377,-0.09261826887842264,-0.07172291113711239,0.02470391751528506,0.06209664910096935,0.27007928485010274,-0.1390262557074038,0.41014707769740266,0.06778884690154652
1016.0,-0.000776593706020476,-0.09776432900201591,-0.030670276124870426,0.03703153401025391,0.21097015655441284,-0.009232228056100121,0.004461195724846948,-0.03275509585275826,-0.11055014144724704,-0.13030265953341802,-0.0323864445225978,0.02287048592690019,0.25757092822105315,-0.13053055993615784,0.4431777960624091,0.009676795378808195
1017.0,0.01891610674968132,-0.12883098526645997,-0.010510160489671034,0.06258586449384,0.19885226948794618,-0.09738122509755813,-0.012469809375909625,-0.07444025750383536,-0.10884019626930351,-0.19410012384406408,-0.09371348041033405,-0.029003387882740986,0.22543410426993632,-0.10989996923451871,0.45250942908642766,-0.05331290143474649
1018.0,0.03316527108642898,-0.15374583187958074,-0.003261428524956652,0.0784853512345868,0.16741036567607886,-0.16534367892479893,-0.020412850149006907,-0.1082045861409553,-0.09262164730643374,-0.2560090273719314,-0.15229181791335855,-0.08173273857265094,0.17976205359581912,-0.07786242049427712,0.4367614335125218,-0.10375773044576882
1019.0,0.04152691618356969,-0.16648287486742946,-0.01057628653246342,0.08386262007933254,0.12672198242189212,-0.20296337930894892,-0.011201632305246746,-0.12849599756840113,-0.07113987603936343,-0.3032505195942717,-0.19853568132467478,-0.12249382765898566,0.12343057145332031,-0.03399556530557139,0.3992747632575097,-0.12785151090184452
1020.0,0.044684023395571655,-0.16359514706902908,-0.027456376649839527,0.08041101943540693,0.08862385657700415,-0.20703203188847616,0.016655619067452856,-0.131934339555475,-0.05327778857588043,-0.32100928897099934,-0.2213530675690527,-0.14154797922747972,0.059557212744252006,0.02068288291839325,0.3463525615796794,-0.11922094065316326
1021.0,0.04485828197155196,-0.14341209808365446,-0.04304472846751152,0.07207787159633153,0.061821928087082464,-0.18325857422156902,0.05546565559058662,-0.11872251336497283,-0.04393375041655767,-0.29838232741211035,-0.211848883589092,-0.1350696504477441,-0.004263878865176279,0.08161588219623453,0.28428109907226873,-0.08003804640243106
1022.0,0.045455201400491196,-0.10482250600164826,-0.04401924863432317,0.06386906557818317,0.04993436269928416,-0.14526203261115064,0.09174209390656031,-0.09195429767559005,-0.04184447412666694,-0.2341807099099723,-0.16811908555338137,-0.10553663296331557,-0.05486571851363663,0.14075781161352538,0.21708586146554773,-0.01898933608070133
1023.0,0.04965739532048631,-0.04794905874285793,-0.019457347186802493,0.06018295573299065,0.05221423887100458,-0.11014203113217927,0.11302295290505934,-0.056086423112955475,-0.03965172548109661,-0.1394254099672995,-0.09807597939656776,-0.060066267962834125,-0.07795372119536485,0.18876726547308267,0.14627281349668514,0.05171476218358905
1024.0,0.058694033931241674,0.02281031700820388,0.0350253351580772,0.06371429012895484,0.06480649949759267,-0.09187217186649532,0.11266786037383389,-0.016632300248279983,-0.027142024422269602,-0.03446012995454487,-0.017258621608854444,-0.007926566429538796,-0.0660799701123261,0.21824056380682527,0.07221171911039362,0.11823788727334603
1025.0,0.07088403903345881,0.0960305151795677,0.1153450948538137,0.0748807720250035,0.0816112943879292,-0.09501360429425587,0.09051399167185484,0.01920468542229024,0.0030210779350348677,0.05814708370352032,0.05796897372606745,0.041763745135616794,-0.02504393619689832,0.22603687072993345,-0.0040534219504452474,0.16663665283635518
1026.0,0.08192389102624244,0.15429798131560332,0.20896368249712524,0.09114599166389178,0.09550610148723221,-0.11198377058620534,0.05140853805697789,0.04328945092864971,0.050157509436328865,0.12104496261637993,0.11714043426756443,0.08176997939673501,0.026236862858887374,0.2131361330326868,-0.07953373454740181,0.18609652684458225
1027.0,0.08633435651239811,0.18001717829513794,0.2970776944904533,0.10680327034785353,0.10063476562269741,-0.1261479254379808,0.0034611693751335085,0.049964643348026014,0.10428925360645849,0.14657017327409658,0.15775466215641515,0.10771472350974448,0.06370701549810125,0.18271287877624856,-0.1487313923362164,0.17347174949050165
1028.0,0.0795520510171431,0.16329359029908963,0.3596468265515197,0.1144239595872088,0.09491365094004567,-0.12028779583347049,-0.04410940418031002,0.03970129295286119,0.1495282606725626,0.1371402054817512,0.18209059147946807,0.1181680379208017,0.06958398622799476,0.13853731074249165,-0.2038145376643248,0.13570713844232746
1029.0,0.059675915907698336,0.10721427737853652,0.3817173085498121,0.10793974035502721,0.0807789865748036,-0.08627230913105001,-0.08361957695238695,0.018878134783487793,0.17031250244088314,0.10192485111749928,0.19179149355905004,0.11434280386250377,0.04017632716472282,0.08487515135539277,-0.23636890504137062,0.08751551648078182
1030.0,0.028224699603042965,0.027400172211232133,0.3579483658376953,0.08574848156951785,0.06323378255742496,-0.029511180541088797,-0.11086685601008381,-0.004612865716356968,0.1575023304227052,0.05205253093037772,0.1846520270244288,0.09995799139108266,-0.014088463207956755,0.02749270821665729,-0.24106235879556645,0.045174789038774435
1031.0,-0.009903044052418406,-0.05371390125963242,0.293696623256185,0.0519408831081641,0.04661830762496902,0.0347639764649685,-0.12539751608503824,-0.025531531258483064,0.1119587108278776,-0.0018984664867041227,0.15634948304715948,0.08073298310025516,-0.07558403700770458,-0.025666007378234327,-0.21925804095923426,0.01983544895829246
1032.0,-0.047330616966803546,-0.11505105655385152,0.20303237698906448,0.014697774003615334,0.032354710512998416,0.08988445388211792,-0.12955265947949632,-0.042006872803128294,0.04473899482049655,-0.04924980772415421,0.10553448931475691,0.06246910077686759,-0.12845498834188332,-0.06596746944141761,-0.179882224970239,0.013867811419275285
1033.0,-0.07639698689508086,-0.14394381015434343,0.10458881812335986,-0.017482454052588806,0.018737023631473445,0.12542757270168714,-0.12705090699922195,-0.053987206183422294,-0.02604742929467375,-0.07926351761853927,0.03782721019893289,0.048218107460529555,-0.16409788953137389,-0.08788878094414954,-0.13642175551243954,0.021904513688779367
1034.0,-0.09181169293327296,-0.1390299779781042,0.016230703090451413,-0.039259125542379425,0.00291210798092544,0.14140112997413454,-0.12128056511388055,-0.061552547469843254,-0.08119977493343193,-0.08490107519690766,-0.03427757835530507,0.036934121089849115,-0.181362059998927,-0.09210676137641134,-0.10089604829134348,0.03531342278813262
1035.0,-0.09211206631492778,-0.10834034438671637,-0.049752630406392495,-0.04923668129408792,-0.015811088363634873,0.1478604447546691,-0.11381028186495414,-0.06385053959839941,-0.10736662906066395,-0.0676775460954787,-0.0955022594256827,0.02511371213683497,-0.1840904476732912,-0.08474165158300676,-0.07802423462979405,0.04677452196759951
1036.0,-0.07968231387260434,-0.06473235171102712,-0.08911653186322402,-0.048601240794501684,-0.03407788931020641,0.1596372960000862,-0.10414627446977945,-0.05952269360495912,-0.10165716438436052,-0.03851807221754743,-0.1338937203333865,0.009734148539097442,-0.17910209324741871,-0.07341224019680034,-0.06396599017690865,0.05215365881458873
1037.0,-0.06023697847606356,-0.021646551589514812,-0.10511405082600814,-0.03999340045075605,-0.04628418429180802,0.18800492965186924,-0.0911906205067796,-0.04891530346102612,-0.0716238207392998,-0.013115808666113773,-0.1456298484966779,-0.010230675898776274,-0.1750020582881296,-0.0634822725362106,-0.05098681861781025,0.0496491843289764
1038.0,-0.04182675170788041,0.009367439685157544,-0.10543742637028612,-0.02714489280023208,-0.04861059559002546,0.2331079959352598,-0.07579992550156643,-0.03586134937209675,-0.031685292725029526,-0.0050503233174274045,-0.13547972047735482,-0.03405519591957077,-0.18030088915897835,-0.05685381723329113,-0.03419352294451612,0.038595341796210395
1039.0,-0.03266781616375407,0.020130850378290183,-0.09815289699879991,-0.01404913876667747,-0.041819922564881595,0.28077799134059606,-0.06262027753455679,-0.026804080390589662,0.0016123466322117007,-0.020757984343114814,-0.11333418043724945,-0.05979783789379906,-0.2000277997683746,-0.05313706479010644,-0.014709806575464232,0.01950322926896035
1040.0,-0.03795072035012154,0.007746998234075639,-0.08857729389372275,-0.0036731299558841485,-0.031031122954413837,0.3062276413498263,-0.05893470188075176,-0.02800258373509345,0.01473204907322332,-0.0577073075532227,-0.09004221744367479,-0.08436024618855349,-0.232036276399499,-0.05156575794652601,0.0026920154233138946,-0.005644363606199476
1041.0,-0.05704997844784049,-0.023419028720795754,-0.07812851580373277,0.002580276746215871,-0.02311339240086462,0.28505703753383604,-0.07054646884959313,-0.0425496136549029,0.0021461278062015077,-0.10521812918825665,-0.07442194714642111,-0.10356510495434422,-0.26565254308708086,-0.052070956042322064,0.014372176097967428,-0.03380915495270665
1042.0,-0.08289955599067808,-0.06190065195001231,-0.06523052364152095,0.004516758270363486,-0.023503927074228135,0.20701971685061715,-0.09767192813828808,-0.06787377798682234,-0.031237101098566488,-0.14811844073371994,-0.07109448050543495,-0.11317756363695096,-0.2849128083078099,-0.05483032393869778,0.020535328090004443,-0.06106448033822227
1043.0,-0.10449891071839366,-0.0927103645494832,-0.047847861183217204,0.002724679496250486,-0.03415946926708945,0.08375893418754331,-0.13359895463265825,-0.09487576770919377,-0.07250714636893096,-0.1733456636026582,-0.07920908963582621,-0.1109784511780734,-0.2757670131816174,-0.0589836503311238,0.024443164015232187,-0.08211552232238742
1044.0,-0.11145875981910298,-0.1028658631657764,-0.025946667504490768,-0.0016527798938759087,-0.053370504564921435,-0.05503846646661973,-0.16652977661318982,-0.11059062644539838,-0.106726017167307,-0.1763453448537477,-0.09292971977869298,-0.09842954146672517,-0.2331679246341414,-0.062331380809614104,0.029735006697868736,-0.09097179820248502
1045.0,-0.0976428293707064,-0.08593474295338682,-0.0017546756355793554,-0.007102322006140965,-0.07710066506184145,-0.17434763336535689,-0.1836723122133821,-0.10425112295575281,-0.12229676403515738,-0.16211859693699004,-0.10353105137579603,-0.08013315827008387,-0.16354561703810408,-0.06302106864619395,0.03768900478953982,-0.083683360754398
1046.0,-0.06207930235297411,-0.04391544410098071,0.021940754198489183,-0.011934247071526887,-0.10087316660632925,-0.2478881344875557,-0.17632742734003573,-0.07333882677586133,-0.11343274479010622,-0.13984580790904924,-0.10226455704069266,-0.060938656972996504,-0.08162286947672794,-0.06159514690246615,0.04568813278683764,-0.06084370811873827
1047.0,-0.008226509852858561,0.013250103704210939,0.04298847762663026,-0.014768818291048952,-0.12114913256341388,-0.2666449152152172,-0.1439119873569441,-0.02524016363204667,-0.08120987039692809,-0.11609813883722332,-0.08366172388195407,-0.04259756823071484,-0.004398555887901755,-0.060828960318604026,0.047915450378097836,-0.027398540963353465
1048.0,0.05657367559549732,0.07007190139160856,0.05931668581879308,-0.01536884263303739,-0.13576404648177628,-0.23819013907773806,-0.094208765905272,0.027023904343127295,-0.03475254824761406,-0.0917966155004203,-0.04822391126581737,-0.022517904924859066,0.0543214862185401,-0.06342053780703566,0.03798895032825026,0.009618424099176738
1049.0,0.12115672387507527,0.1098233188265774,0.06793380756224565,-0.015051149190665174,-0.1436430008737167,-0.1787355074937145,-0.039122981451172344,0.0719021714121562,0.00919837291930164,-0.06336754521191382,-0.0023940391818074703,0.003963006874800984,0.0874162530344388,-0.07016513182348555,0.011568582901208184,0.04319870755988767
1050.0,0.17128387085410332,0.11997032747602626,0.06509936561904744,-0.01610177316479734,-0.14412768734165646,-0.10472674480871708,0.011063882959260763,0.10416026915067662,0.030892753516638238,-0.02609569270220443,0.044661529052982624,0.03866704639267501,0.09570895107458023,-0.07992640554990903,-0.0325176442570917,0.06747555672462334
1051.0,0.1925044981591679,0.09690241509211275,0.04773219993599772,-0.02069270597390903,-0.1366036101946497,-0.029822685017642063,0.05105937634131084,0.12477391802775864,0.015266442325673016,0.02186277763116691,0.0850921620081552,0.07642869510927218,0.08691238615974198,-0.09015829861842758,-0.09199874628815814,0.07848630751871487
1052.0,0.1751457496029948,0.047846237546724846,0.015252467922611508,-0.030202869983736776,-0.12151799735934735,0.03353471523996934,0.0804065593658204,0.13695908720918656,-0.041386678988995916,0.07650137044772476,0.11419335273451754,0.1054672834038077,0.07254681441312633,-0.09731022936639626,-0.16092113368519,0.07442631520186976
1053.0,0.11937034607739175,-0.011493059806671363,-0.028783638771380456,-0.04516839930471291,-0.10237451615693376,0.0741326670673443,0.10116660466184382,0.14135688599158888,-0.12875331750355942,0.1278885479039388,0.12933913444362197,0.11267855421710588,0.06356619885904446,-0.09798500572846824,-0.2303612098117792,0.05438632258448812
1054.0,0.03736364291600988,-0.06289430320550467,-0.07617177710111993,-0.06510981967352258,-0.08603320827250532,0.08676524266762853,0.11515020513562979,0.1334886542292332,-0.22453225860537177,0.1633519216635274,0.12842669525620848,0.09053979572711578,0.06595583173088533,-0.09063540477062199,-0.29122387280364653,0.016778973334482316
1055.0,-0.049417812569510985,-0.0923093946465183,-0.11604304157201684,-0.08768030244695477,-0.07965353708475272,0.07650950006553614,0.1222707760536767,0.10574395622193834,-0.30102446119526133,0.17240955003853206,0.11029991490514025,0.041662003647139546,0.07808677996121764,-0.07619074439018649,-0.33804737713884664,-0.039450315521427366
1056.0,-0.11758202395603103,-0.09398366246566137,-0.13947004842650199,-0.10812463169025989,-0.0862721313690548,0.055446770660848486,0.1213894490008476,0.05353637812865135,-0.3348955204801449,0.15115813244378082,0.07650099121968634,-0.02161224308154128,0.09141957476881081,-0.056978702105674676,-0.3704907791593751,-0.11060673708539721
1057.0,-0.15058939787396108,-0.07054481845175464,-0.144003032406183,-0.12050288139454937,-0.10248619956547796,0.033241276420347216,0.11289692630051265,-0.018498071114298076,-0.31611466613339934,0.10394769909213242,0.03170767150706337,-0.08249143794545545,0.09468521574375714,-0.035023588289256405,-0.38988206217183824,-0.18498844507497775
1058.0,-0.1448902283259008,-0.03048944337172649,-0.1342797167337394,-0.1203082391811136,-0.11971217358671499,0.010611041396896783,0.09972484015215564,-0.09520134637267308,-0.25120628051600985,0.04147035966239781,-0.018156979007233388,-0.1265672288376862,0.07966620834441639,-0.011236514489549706,-0.39297144454374316,-0.24457301076835664
1059.0,-0.11071877342352676,0.014687014630357785,-0.11786278187427467,-0.10654167514155297,-0.12802048135976987,-0.017964009826366426,0.08501657047482614,-0.15563042519265946,-0.15900635805167904,-0.023101815089530388,-0.06812447445189135,-0.14644045846583023,0.045845891983411685,0.013811255727284255,-0.3697183398977155,-0.2718026268043826
1060.0,-0.06723059093519484,0.0532662476207738,-0.10003888296930485,-0.08208231424605457,-0.12064901738833698,-0.05532360290645603,0.06909867625943374,-0.18076833352054283,-0.06178005328476431,-0.07687021834805217,-0.11410590333878429,-0.14287618364671037,0.001558071223690296,0.03822430098255489,-0.3095593588934998,-0.257689162833209
1061.0,-0.033966670010379035,0.07641469085026323,-0.08203159878598704,-0.05269015272714819,-0.09716909425192767,-0.09493888379017014,0.04972131787847161,-0.16048243851420216,0.023099204511526826,-0.10764900080969769,-0.1507488798592523,-0.12314302269845669,-0.039645476571685226,0.05796759589484512,-0.21176484909205992,-0.20654664750322654
1062.0,-0.02270495894281262,0.08074098163986984,-0.0630839407572935,-0.025191858164122408,-0.0634868975393279,-0.12181562883527804,0.025913383404613046,-0.0974538888617841,0.08703806241769158,-0.10464394472997911,-0.17034451984384757,-0.09789060370435976,-0.06609940407081077,0.06818580827344384,-0.09043352859942508,-0.13495512173375912
1063.0,-0.03406417064016567,0.06850319258497319,-0.04344859878900435,-0.005148020374800685,-0.02840551248395142,-0.12013221070881418,0.0013824138947388857,-0.006701471565144795,0.12922613419935639,-0.06263889020377714,-0.1653457672147289,-0.07772901639076604,-0.07416875665149127,0.0660661005031822,0.03041577199655267,-0.06540533842931923
1064.0,-0.05985160430239341,0.04528797089066031,-0.025878368422941774,0.0051836230375452924,0.0012870747929179833,-0.0829044737276693,-0.016383853478090057,0.0895292175439129,0.1532074477878077,0.011975045812081456,-0.1332502015188539,-0.06967345799682438,-0.06890401079662571,0.05304412295679792,0.12773706037386812,-0.017162543167345907
1065.0,-0.08792844221937819,0.017577233822666766,-0.01482294038736654,0.007376140028476428,0.024319715784965026,-0.018025968124751005,-0.020656050719370635,0.1694057250408996,0.16420956443482404,0.09967264888097728,-0.07964560247705692,-0.07407998897386853,-0.05910617662888813,0.03459387211025983,0.18897640199378682,0.0012967487291412423
1066.0,-0.1062198045076455,-0.007878598425299949,-0.01337102018789846,0.005499163870235654,0.044971126896481556,0.053153569630839094,-0.009787739554492355,0.2182196764523276,0.1686670728282972,0.1743862552182149,-0.016761773257157088,-0.08428887916389671,-0.0513836513007772,0.01807747342703468,0.21514721099464165,-0.005945160420768993
1067.0,-0.10557394315068454,-0.02432989303943498,-0.020067356920397017,0.0039168102437671095,0.06946285554322514,0.10432193538121483,0.011965221575848612,0.23165346410270857,0.17407226687777863,0.2143411044786882,0.040863713080898256,-0.09007656569621508,-0.047360909990975836,0.010217541015968383,0.216989161163076,-0.02665708684088876
1068.0,-0.08252281950965383,-0.02718965698178189,-0.029406235148051303,0.005468188810988282,0.10083904869884909,0.11539176139780338,0.037473636296886687,0.21503096680191572,0.186225447196832,0.20977867018802135,0.08049975080337742,-0.08290185016023155,-0.044314370866542434,0.014779045612143488,0.20745350886189326,-0.04713151985688843
1069.0,-0.04130719363896963,-0.017103048054959304,-0.036544743262431394,0.010556105275588088,0.13571324552649439,0.08107174671955496,0.060735294137906494,0.17978071282364194,0.20486973102505845,0.1641047895124212,0.09412685049800282,-0.05996039698332854,-0.03760558602966144,0.030947461795739296,0.19490210703128147,-0.0571193036489569
1070.0,0.006842065884444229,-0.0005277540584339021,-0.041376570246903305,0.017263227562308785,0.1652201814610339,0.01329913186772383,0.07870678904100377,0.139144779710145,0.22253645959656287,0.09055285789142235,0.08039717641999723,-0.02532217000205786,-0.02360108897205485,0.05383002523622117,0.1807372196553233,-0.051999926865461864
1071.0,0.047874505804793896,0.013823672903379504,-0.047469587585679235,0.022458045430426146,0.1798067673095508,-0.06349496435283883,0.09089270424916454,0.10433019293913276,0.22915141058383215,0.0076482220036001615,0.04523958086357588,0.012226891007590947,-0.0015408184640752283,0.07732573284827714,0.162686762319473,-0.032731057874902054
1072.0,0.07073847306461499,0.020217874142584233,-0.05728533746728944,0.023412461216379285,0.17481481022265657,-0.12254550091457099,0.0985254015022563,0.08135110457224379,0.2193901892465233,-0.06486921749250864,0.000909163200931064,0.043629793933264674,0.0267364611706411,0.09710714313942653,0.14031410842279896,-0.004006169126865237
1073.0,0.07186131755180829,0.018606801384771866,-0.06861775284122668,0.01923719259258451,0.1530309272878193,-0.14573648819746787,0.10393277995019813,0.06968179793350056,0.19722755445652274,-0.1090789053237572,-0.03596795733255722,0.06386933403930424,0.0580502500864657,0.11151069134367049,0.11691131190438618,0.028576118480800654
1074.0,0.056179912692619585,0.013439507799350476,-0.07516121336293828,0.011532273396179439,0.1226597981783159,-0.12985275160767323,0.1092959400282809,0.06411784208305057,0.17431907850205092,-0.11131096910465407,-0.047590228311905534,0.07350304283934715,0.08832528525536948,0.12056213360581967,0.09613771588583245,0.06087751499632458
1075.0,0.034585853245439835,0.010521678896885631,-0.07019073129075715,0.00376581375369852,0.09280789352002465,-0.08551636540545028,0.11450391254511687,0.05845204654395847,0.16338585472239195,-0.06524336642920925,-0.020352064615770247,0.07639890472004633,0.1123542744507879,0.1246437261806277,0.07805814357745955,0.09078642718133445
1076.0,0.019484460765334728,0.014112155333760522,-0.05024304204922318,-0.000510949652428062,0.06993021524907703,-0.031130514532453704,0.11547324584184705,0.047963683255851326,0.1710620015052522,0.024678585230939187,0.04852577215481972,0.0756924435002466,0.12424184147266996,0.12358459441471618,0.059616364038138664,0.11688887988639221
1077.0,0.020557535561625137,0.025378884409044174,-0.016609978301075946,0.0004691916734656357,0.05677482598638652,0.0141603250880972,0.10506086179602488,0.030077169334671226,0.1945853073823351,0.14237877830741336,0.14677141147095113,0.07182694771954858,0.11938823792302557,0.11624966662469079,0.0392776828069584,0.1370169854506019
1078.0,0.041745008331675354,0.042404076101061956,0.02527311152750827,0.0060617981282947144,0.052952311373156306,0.036572195795874556,0.0770087433786481,0.004520127794090664,0.22348833640177126,0.2639065150796501,0.24905728203362437,0.06422650169038985,0.09729072889187344,0.10079912799786589,0.02132984072000232,0.14864377088471722
1079.0,0.07982659794402605,0.06120170939159763,0.06753883742640467,0.014220802200613772,0.05587465611160726,0.032220753157621504,0.030770531864130327,-0.02629214808268913,0.24391001660334324,0.3642865150947986,0.32557313040326674,0.05414811955133669,0.06289030206588622,0.07580756792169716,0.01552911781014763,0.1505509299478066
1080.0,0.12507787167403736,0.07710198298290906,0.1019353173614598,0.023200996071425214,0.06177592206056254,0.008710055659836851,-0.025787359107920474,-0.0570465053267414,0.24299414252891416,0.42401929297597113,0.3529955414509396,0.0456614373091616,0.024933060909468906,0.04191326240095858,0.031076819545883923,0.14323012756550077
1081.0,0.16396264571020958,0.08590457566321338,0.12184860262214109,0.03244214581783766,0.06680155569882261,-0.017854296817990348,-0.07783788847178501,-0.08050761678479929,0.2130322235387411,0.43293725072978884,0.3223513709024534,0.044167671116177275,-0.007508854574142823,0.0028221758871632145,0.068311908951987,0.12749841301772621
1082.0,0.18322589813786477,0.08456001592037396,0.12474718755516304,0.04200055715749561,0.06757009358077058,-0.030238120549586498,-0.10922921408185765,-0.09021839070976115,0.15524313538582224,0.39120562482407123,0.24122777310144985,0.05350813546187634,-0.027976725402502445,-0.03550528556515064,0.11424072151214498,0.10400831486185173
1083.0,0.17450785211069478,0.07196475672106048,0.11481088677606276,0.051257875083122476,0.060967023920778386,-0.018391079341170347,-0.10977761180332386,-0.083807705064147,0.08116814533889388,0.30821600658126647,0.13093784104269113,0.07301703741762357,-0.033637635385201405,-0.06686283375267825,0.1464121555129771,0.0749904304704421
1084.0,0.13782859807260373,0.050000457036438,0.10312342039847486,0.058223223575318166,0.0442538081579236,0.01613478373650609,-0.08029993971937896,-0.06464377381835278,0.009234987629574766,0.19987512238535154,0.019832940247568816,0.09637773130931067,-0.024366508269984575,-0.08621657487805846,0.14432648337357176,0.04548973410112467
1085.0,0.08202705967683528,0.023529965349537423,0.10301822371980998,0.06036559498539748,0.016376351871451263,0.06170340086627415,-0.03269188129797547,-0.040419172015039646,-0.042910453115547705,0.08484194042063342,-0.06579350104163822,0.11375795953003451,-0.0012278861800319512,-0.09044822408440802,0.10168832913482737,0.02177722730023879
1086.0,0.02182953843313241,-0.001438519340270614,0.12191840215018931,0.05645443376253093,-0.020504187278341985,0.10272187498967014,0.015004054514416772,-0.01941319118346416,-0.06574646165161223,-0.01891745170529566,-0.11005420935426008,0.11644415362209323,0.03390518243349589,-0.07947574537387136,0.03094907615958839,0.00880135646852463
1087.0,-0.02699362203974881,-0.02015516867509195,0.15501248232865567,0.0473964133811377,-0.06091384109528704,0.12775889755113654,0.04632846531106773,-0.006733662332015204,-0.06025247896803619,-0.09612317326648617,-0.11113384567491222,0.10138473406109778,0.0776916475879403,-0.05685147480096587,-0.0431222857647215,0.009329261327355337
1088.0,-0.05257635028591733,-0.030195600448608112,0.18649614669071024,0.03497505187567458,-0.09779505887132735,0.1353914221532382,0.05326770709549909,-0.002689396214704609,-0.03523510162116556,-0.1356449569892494,-0.07903368742126388,0.0731959499436099,0.12514358294214548,-0.028420938735941818,-0.09618063486822782,0.024299059695070558
1089.0,-0.050415910120603,-0.030574124336860818,0.19835274438151845,0.020103531122008415,-0.12492395446237284,0.1331871909843297,0.03856416535648177,-0.003879509750828688,-0.003144839301057352,-0.133276547152964,-0.030167900475269075,0.04238689989735515,0.17031815818238344,-0.000232465360653239,-0.11574274736685532,0.052305726341663215
1090.0,-0.02396877338867194,-0.020275224580862544,0.18002321203019375,0.002811901467980189,-0.13836880660955223,0.13015815347832285,0.012223431777211816,-0.005868161651368261,0.02350753059859812,-0.09506455363205481,0.01771336994246694,0.020559448008033786,0.20704862325405662,0.022559485736255734,-0.10591867078087232,0.08789566831981929
1091.0,0.017823465356498886,0.0013207921320868292,0.13276978681390425,-0.01620993935441845,-0.13645668452573173,0.12868378184627047,-0.015261485158777309,-0.00573680453549659,0.03564727599100459,-0.037481555630046626,0.049358658399858306,0.015257667476930421,0.2289817758126544,0.03607064745704915,-0.08336202023800462,0.1206633022328833
1092.0,0.06443382069241028,0.031691930476969235,0.06793873201109192,-0.034652651458170355,-0.11930992055530033,0.12192977077674971,-0.038520286836806875,-0.0034526173756826116,0.03091385529254656,0.017938349081479777,0.055007370218392714,0.02707215803850937,0.22929480202058428,0.037968209887051324,-0.06630525172628256,0.1373739830135335
1093.0,0.10678405476791566,0.06326548872716219,0.001878767726150728,-0.04948858156882931,-0.08886746886914508,0.09834469879479658,-0.058722694319681974,-0.001876180076406117,0.014844979062397816,0.05326336333948945,0.032028452976683504,0.05011822352982733,0.20199251170401938,0.02731867417878467,-0.06307959325083778,0.12719351798977077
1094.0,0.1383456856305202,0.08521592445674653,-0.049528263258263615,-0.05868569884473565,-0.04901683614978796,0.049834898753645426,-0.08089522502280536,-0.00558543942889685,-0.0017499977929012177,0.06081672340877484,-0.015320115502117124,0.07546148465089568,0.1456591190797496,0.004087390607403155,-0.06766017634156196,0.08735262558992243
1095.0,0.15501994274353212,0.08797787900063782,-0.07528057779432853,-0.06177365339286657,-0.005411891964469261,-0.02205668528266276,-0.10934824199749114,-0.018862107654248998,-0.009105689620586216,0.04368946561357266,-0.07742770143345573,0.09521379096134017,0.06710869160389825,-0.030547057754190168,-0.06512068874789868,0.025778530657403036
1096.0,0.15503264642029746,0.06732004917979487,-0.07256548716898548,-0.05902147806265262,0.03478230127025744,-0.10527233085736987,-0.1435244333851324,-0.043596154904310104,-0.00542100618674888,0.010650622996678174,-0.14165628545001785,0.10452877392133923,-0.018197999938696353,-0.07259830838724328,-0.04313005511444581,-0.04092192785345147
1097.0,0.13902963002868274,0.02559231448824726,-0.048316562739238386,-0.05085540303273144,0.06350662487639003,-0.18108738364379634,-0.17630626404568228,-0.07788940021491798,0.0008714951270399069,-0.02995694747732177,-0.1955916660127262,0.10135831625115747,-0.08959808865797032,-0.11397048233783465,-0.0017114474707708351,-0.09351912168854631
1098.0,0.10979602178645553,-0.030047312610788145,-0.016987776454722124,-0.038288151199707736,0.07372181693267095,-0.2306346872063119,-0.19657081996791242,-0.11557768635536309,-0.0037554143155367438,-0.07341449282255481,-0.230612175139114,0.08601488132533427,-0.1277314202796258,-0.14373387796516415,0.04544528713887581,-0.11823622161902618
1099.0,0.07147987179852558,-0.09033489354385855,0.005681752171484494,-0.02323916637716482,0.06247968671760135,-0.24170270968348856,-0.19514563522547065,-0.14679865737559797,-0.02883761303897314,-0.11856663844257356,-0.24383027900989243,0.06116788367717615,-0.12216188626821235,-0.15256702185444002,0.07943834512040414,-0.11315569447668564
1100.0,0.028738709618860592,-0.14558905794734828,0.00941116960174588,-0.007882721280665477,0.03344040679650658,-0.21301246034619578,-0.16989920521785484,-0.16048761687199317,-0.07355732412540196,-0.16599211123847785,-0.2370237997479421,0.031231886702549373,-0.0761113537085887,-0.13796805411942573,0.08906420192050975,-0.08879635118855662
1101.0,-0.013830737325822216,-0.18675008452769654,-0.00703926422888385,0.00613778123807875,-0.0031306609299760098,-0.15425754437882816,-0.12636906771252182,-0.14921743227876913,-0.12701323713595616,-0.21545061330235854,-0.21398662649653552,0.0010647720445682973,-0.004964034282268305,-0.10657886878726597,0.07923824314743824,-0.06180710934347614
1102.0,-0.05217527026911889,-0.20682295839612858,-0.036396776016550156,0.017394630317739287,-0.03384950165615751,-0.08257436026423003,-0.07431824689827879,-0.11395178849250154,-0.17407217450823498,-0.26332034480932354,-0.17921692816446816,-0.02495715852380332,0.07060769275122653,-0.07219929853210796,0.0685473591428438,-0.04552508043944302
1103.0,-0.08365745967490779,-0.20252994879266398,-0.06676668821193443,0.02359621537285661,-0.0481168589546916,-0.017919259124188264,-0.023359168475807397,-0.06490999430414865,-0.20272866713326382,-0.30149000809829113,-0.13839586979871132,-0.043071055513006794,0.13266169353869792,-0.050497747299129044,0.07683006013900477,-0.043475963268770824
1104.0,-0.10794720152132163,-0.17536920154129448,-0.08703279364955725,0.021617474265272885,-0.04301068428716473,0.020967173774378886,0.019645258383226418,-0.01762371083215544,-0.20882329429214508,-0.3191995050093352,-0.09828681422380271,-0.05002950089869079,0.17084222021169557,-0.05177404206297438,0.11046680661040006,-0.04959849674466722
1105.0,-0.12674305944099634,-0.13131624404927977,-0.09098023720990048,0.009589461907613714,-0.023650001584366014,0.021169392114616586,0.05109255127344783,0.013230979584458373,-0.19610153049637047,-0.307391575815071,-0.06470640906604508,-0.04357825329087363,0.18243691303614692,-0.07449413315446364,0.15554019151282317,-0.05396578469846771
1106.0,-0.14191630800956823,-0.07875737079268137,-0.07817824846590124,-0.01061929469793025,0.0011515876506919167,-0.018145644268446132,0.07021548244060759,0.019080042352189113,-0.1726401847845378,-0.2631181002988097,-0.03975001083954603,-0.023950329004142967,0.16955181751524775,-0.10446064060899042,0.18472775883452072,-0.04947281960641504
1107.0,-0.15339172880313287,-0.02558321267238401,-0.05202507075827476,-0.033011623105250035,0.024538925230689238,-0.0814585018464119,0.0783590646039737,0.000263450060330071,-0.14642613001213908,-0.1912233872981184,-0.02009796611896326,0.004539843291911068,0.13667013219042834,-0.12191744624258788,0.17361206849399152,-0.03537346620771208
1108.0,-0.15874671630476384,0.022826915279697015,-0.017387857359600776,-0.04967998745961779,0.04467030927280456,-0.14036195304248505,0.07803912461560483,-0.03376681038808502,-0.12223464302106253,-0.1020724434753549,0.002027601891720938,0.03391398575204141,0.0900238233372509,-0.1123417995778017,0.11455089670481299,-0.01628788536505245
1109.0,-0.1550639182386959,0.06398821925739859,0.019971422056215268,-0.053937112033570274,0.06359566944254434,-0.16481744734875015,0.0721295461137118,-0.06727703595232598,-0.10074696262324093,-0.007125799149455094,0.03492461572785914,0.05584439972114466,0.03778580820850739,-0.07379893460464791,0.019519094611806082,0.0017600421840836956
1110.0,-0.1413519451772721,0.09747513141303017,0.052812823809086515,-0.04252578693491415,0.08347447899796726,-0.13585466491635292,0.06349570339458561,-0.08446958029069294,-0.08006400904032898,0.08397652989506793,0.0826701321038205,0.06594289529433836,-0.010515482333380953,-0.01689792087312075,-0.08657407749888135,0.015123057004716367
1111.0,-0.11924073329210937,0.12356133905397414,0.07355864937452827,-0.01654497434567335,0.10331467653780788,-0.053602341349248676,0.054764757067937694,-0.0771249136331412,-0.0585372013756511,0.16318724015493163,0.1420355792025789,0.06576146192103517,-0.04588716333307016,0.041696475351243927,-0.17538888690288804,0.023392266027455238
1112.0,-0.09143555380021137,0.1420239189608763,0.07809530863884676,0.018640706007321903,0.11834936283097323,0.062401932833575174,0.047943484117683496,-0.04913917038957408,-0.036983495764995905,0.2224230579449961,0.20203373174011965,0.06085256192747571,-0.062304891456610244,0.08773189505998208,-0.2238600546754227,0.026917438828522638
1113.0,-0.05992555131434761,0.1516880741327663,0.06895511303785123,0.05477650325078088,0.12185765399591095,0.181150497790268,0.04443281361736189,-0.014489146700584248,-0.01886482253822238,0.25293708791402225,0.24697745022299325,0.05653151317404337,-0.05845271817620555,0.11465981152386943,-0.22152012372177454,0.023578047641535
1114.0,-0.026176688338072747,0.15079803163722247,0.05412322346254805,0.08327833772196064,0.10826638040125922,0.27261756746696714,0.045646995976670705,0.010166591703991432,-0.008180790436068185,0.24675566519738418,0.26278332594593423,0.05460717869501256,-0.03831351760416982,0.1235560802407707,-0.17392451477974757,0.008649082689463097
1115.0,0.007067352030389166,0.1377450043003129,0.041847210986219976,0.09779415488955094,0.07651097353001429,0.3179785855869717,0.05303211638454107,0.01363340881302013,-0.006479917177394728,0.2001749527399781,0.24344055394705286,0.052698655497253465,-0.010950736330588271,0.11965492910526193,-0.09897794821772048,-0.020819251850911557
1116.0,0.03481411927821708,0.11179684490138397,0.035255020243996064,0.09576708599779624,0.032178510184175904,0.3135160702779724,0.06674546858913302,-0.004786208084517696,-0.011546626427680647,0.11802694203918986,0.19404563040235426,0.045557717970147016,0.011283326562664212,0.10882210381322217,-0.018168214035045357,-0.06042964353442109
1117.0,0.0512525267855579,0.07386894720489552,0.03034771273226009,0.07895578364374406,-0.013305075623172983,0.26870291567231125,0.08421123572125673,-0.03503069634928558,-0.018809777155804484,0.01566271972552409,0.12884480915159505,0.02752392701520027,0.017293544183197486,0.0954670520908697,0.05064507083909076,-0.09730652423302898
1118.0,0.05270060610897819,0.027172980575098288,0.01852326827798233,0.0529379055630678,-0.04681780406118087,0.20076124340258517,0.10001027077607497,-0.061097367294804486,-0.023842161842340684,-0.0841997936519769,0.06524877998532286,-0.004461799692604487,0.002648835728491498,0.08164228051034735,0.09533825534549888,-0.11589741927271612
1119.0,0.03980368598236179,-0.02283888102025556,-0.0077981632623317435,0.025396348489981395,-0.05933243662917959,0.12782605744045095,0.10724526438843812,-0.06919065835299792,-0.02411741237088185,-0.15932191109218222,0.016863527522354364,-0.048598427886304786,-0.028249809999606267,0.06710387704755744,0.10944517127554823,-0.10737215928939003
1120.0,0.017666303123277965,-0.0698830961037759,-0.049748734790505816,0.003577375338502566,-0.05041207462245968,0.0628285367250742,0.09988029093428824,-0.054763589616735726,-0.01999530427111725,-0.1966526706376962,-0.010927703912994146,-0.09863521751744368,-0.06529004965464207,0.050462576544490094,0.0932558141817098,-0.07599443973665714
1121.0,-0.005832995819049059,-0.10933424804016373,-0.10052041620805635,-0.007926252023014623,-0.028730402763639248,0.010716880122338153,0.07541889230496301,-0.024432994032527862,-0.015600314873038418,-0.19739964061881096,-0.021099056435624437,-0.14724933273045523,-0.09935962168315206,0.030893884759518143,0.0546320446358617,-0.037780297975527066
1122.0,-0.023019778485049065,-0.13973498442914067,-0.14902621560041585,-0.008011761987438179,-0.008023865876260092,-0.02940157062965568,0.03653770287595345,0.00755799870448069,-0.01899872825828347,-0.1758090399715508,-0.021780532048839618,-0.18978789557161913,-0.12796427459418183,0.009084492814645809,0.0067336167754761525,-0.012075260480317328
1123.0,-0.029924071001760436,-0.16164927827357933,-0.1856543344761623,0.0015077366328487545,-0.0006694228233845648,-0.059153922191267305,-0.009647160155094526,0.026083453003789208,-0.039712887666447524,-0.1522523840767558,-0.021842257977081697,-0.22513441368313225,-0.15520489942693017,-0.01313244127498092,-0.03647603215876238,-0.010906381465929597
1124.0,-0.028458099457254044,-0.17534717075813822,-0.2058929048503773,0.017032792296742833,-0.012111637947123924,-0.07699279036915099,-0.053993208706037715,0.022352393743276466,-0.08278360224560521,-0.14396171558425996,-0.027188559880240413,-0.2530803975256598,-0.18618729691619393,-0.03319060540324714,-0.06377374817821788,-0.032202494880768574
1125.0,-0.025455681027381032,-0.17991156757374374,-0.21018877497337832,0.03429987559941938,-0.038116753979701254,-0.07776471612244605,-0.087553918382737,-0.001362695695590889,-0.1427027630096396,-0.15719839345436215,-0.03917800464362783,-0.2707161062563072,-0.2211602880856645,-0.047092384328604006,-0.06785721640664903,-0.06142751832454641
1126.0,-0.028626171196228643,-0.17379662802904652,-0.20087396791550205,0.049396568478162324,-0.0657753235812091,-0.055512465084546624,-0.10300657166016397,-0.03173937428467212,-0.20298963163826295,-0.18382896346204913,-0.0549669681194189,-0.2712763047281983,-0.2545666191274238,-0.048945813427472826,-0.04555826161604839,-0.08086241954669748
1127.0,-0.041676925183985275,-0.15506997481389873,-0.17877552574279998,0.059373244803252456,-0.07893738539261709,-0.008594735143793856,-0.09563360239313172,-0.04940510039977598,-0.24321876267046977,-0.20440397209967143,-0.06818941886195716,-0.2468879024479537,-0.27818494971355207,-0.03291834616441259,0.0006797702258915436,-0.07951209566990085
1128.0,-0.06168649367089164,-0.1209651892080559,-0.14286523993245834,0.06255275147912577,-0.06681242477293448,0.05542110975294538,-0.06393619287064004,-0.03739458164785373,-0.24856107615898393,-0.19761922906288995,-0.06977052185707507,-0.19353531569079108,-0.2834017900282153,0.003107945962741315,0.06025739962729437,-0.0565972302459104
1129.0,-0.08028033844998189,-0.0682878518158648,-0.09337148949239218,0.05903792586897816,-0.030984072762330138,0.11954190496502491,-0.0104103195025558,0.010283404099580923,-0.21550406434276123,-0.15222045864933606,-0.05068203961851288,-0.11514449879763007,-0.26143719312556524,0.055344872064010384,0.1146224353443695,-0.018280996027885372
1130.0,-0.08746407745911604,0.004217896084373548,-0.03483057400295113,0.050861619411043994,0.014417467352537464,0.16356011676414925,0.05710934805990536,0.08494472188881755,-0.15189786737380018,-0.0746332214863041,-0.007313576571563703,-0.024507826855762877,-0.20541615521653828,0.11493774515758962,0.14331662607705922,0.027415119191356762
1131.0,-0.07582469510212972,0.09240702938961738,0.02385411708673742,0.04081195052281184,0.04995493350867512,0.17314373866680718,0.12531778345726433,0.16726988903681392,-0.07323713299336888,0.012893233723149305,0.053460570314650735,0.05959883078226763,-0.11591598851240717,0.1702881562249845,0.13327718129499014,0.07361219677813863
1132.0,-0.043875057554216015,0.18434680494788072,0.071853755072585,0.03054442930367273,0.06064464226421638,0.1460733705128257,0.17866902501010806,0.2363679386307277,0.0027700595695420156,0.08282264830860141,0.11413156155215662,0.1181700861042368,-0.005836961795525621,0.20895706902960665,0.08528306480590495,0.11534108923857411
1133.0,0.0019395443968529184,0.2612527449687345,0.09959369992975853,0.019645079567682286,0.042327687189663836,0.09162842631312884,0.20479529816734648,0.27796372663803603,0.06189387574364477,0.11506847117544829,0.1530721612370974,0.13850189756753595,0.10069947339123843,0.21949777855735025,0.013885166792076303,0.1492857754773223
1134.0,0.04804838312698347,0.30270717074764386,0.10145359629121152,0.006403065753575872,0.0018349331407814873,0.02394363797482339,0.19874852719529826,0.28748066701892117,0.09751712439265994,0.10518795736464476,0.1544591328415308,0.11888038118726221,0.1765443400876435,0.19432297492235798,-0.058507766807684554,0.17323909881550575
1135.0,0.07860612488127651,0.29450222296087,0.07720890061323253,-0.010469605262293716,-0.047826099776413514,-0.044884505902399924,0.1641144084013662,0.26778941485359475,0.11167258376718776,0.06520890268062515,0.11578853853042538,0.0692469254467473,0.20249393369208651,0.13288054483273362,-0.11013627338664196,0.1858979946054098
1136.0,0.08243355706285552,0.23530596287788477,0.032240958385821784,-0.030503887607606445,-0.09355261244034485,-0.10703305821992103,0.11106869918003895,0.22509007728661914,0.11311306847005988,0.017652407665127625,0.048897777117092804,0.007484694548556221,0.1744552092136836,0.043379711933873,-0.12710115954415435,0.18720351577895197
1137.0,0.05792017812382657,0.1388741817793038,-0.022826489531115973,-0.05110047873780774,-0.1261355957233215,-0.15743657157059,0.052358699151043124,0.16705352701147866,0.11361894297040398,-0.015017125241739943,-0.025557815009380112,-0.04693612264565016,0.10384073093805196,-0.057905046389389064,-0.10699817373576795,0.17852710643161648
1138.0,0.01342207774060405,0.03090853916482093,-0.07321726777439078,-0.0679262822492761,-0.14119230726856877,-0.1923151274570003,-0.0010906888898267058,0.10376471338161643,0.1231322285227381,-0.021685350929685057,-0.08701462520772345,-0.07946438641448891,0.013645999778549384,-0.1499731378529992,-0.05932931707175036,0.16216450674923621
1139.0,-0.03627937674687935,-0.0587263560623641,-0.10306320581187531,-0.07610927146672446,-0.13849520707973936,-0.20931058863555643,-0.0429222780327497,0.047766914873460437,0.14454274886081145,-0.00937941567796787,-0.12319199518325022,-0.0848294997578608,-0.06745877322623768,-0.21276153378800192,-0.0034911847852506822,0.14052573227974796
1140.0,-0.0753130496187807,-0.10650403113737067,-0.10097445553009395,-0.07232365735366184,-0.12153961743048143,-0.20840685539448336,-0.07154448777070228,0.009913162318022794,0.1712065522702195,-0.0008954902429665155,-0.1342579387104371,-0.06749348543119332,-0.11398197904949998,-0.23372756850854054,0.03636329780537936,0.11549347227142501
1141.0,-0.09180505367304619,-0.1043841187597945,-0.06597107281095557,-0.056945431627862454,-0.09718455904572396,-0.19252322947247583,-0.08867586375885497,-0.006891592425642129,0.19041868306495738,-0.0225801455721848,-0.1312847659342019,-0.03805708704142324,-0.11425850124896744,-0.21271593264520608,0.04018055274110909,0.08815051738988704
1142.0,-0.0813497236149422,-0.06273453540203758,-0.009525622484332441,-0.03468433567992079,-0.07377025467443987,-0.16678927846252586,-0.09763611686264544,-0.010208360158957774,0.19151781698836057,-0.08802204402847705,-0.12947532050705696,-0.007903296048553715,-0.07630726600017337,-0.1623934497660707,0.0017866996824934317,0.059048130537663
1143.0,-0.048022826805781176,-0.005003848877060438,0.048720599943577754,-0.012768726696083595,-0.057724866594747744,-0.1365619682286136,-0.101825685014787,-0.013858634790639802,0.1726498774269965,-0.1873563093024315,-0.13941490019484756,0.014693459813538019,-0.02308765013129834,-0.10332371343939495,-0.06663571231110234,0.028627502762056504
1144.0,-0.002768976323092721,0.043230862393827896,0.08944170961198453,0.0023276163869152587,-0.05089963596721511,-0.10589675508654649,-0.10320311515192421,-0.02966245282238346,0.14096376435942282,-0.2889387500920243,-0.16152740013441264,0.025739655783717827,0.020969865813783364,-0.05529810250912775,-0.1393495434951973,-0.0025178651659051167
1145.0,0.040244435691651,0.06530992512057407,0.10185897837547733,0.007331173422423653,-0.05045225079077223,-0.07708343868238605,-0.10120115492962502,-0.06026474759178937,0.10652357093163722,-0.3529621643463313,-0.18722287851038316,0.025458545956795947,0.043473281701430895,-0.028651670912567238,-0.18824821835453207,-0.03282763669882834
1146.0,0.06838734873175775,0.05942125675938834,0.0880380125599961,0.0024158045545981184,-0.05100592812020183,-0.05014621850315231,-0.09308201483706831,-0.09671225533004947,0.07528311083128474,-0.3504804474430588,-0.20539568337217937,0.018230797900223878,0.04888693996783541,-0.02033240225691207,-0.19401676787377597,-0.05835066739780819
1147.0,0.07512290194649004,0.036907990763555845,0.06098302779887479,-0.00986644715782356,-0.04749012830890046,-0.022712944922304048,-0.07587835859484693,-0.12148118829345833,0.046629886239374675,-0.27794393773815584,-0.20937859887108326,0.01144380867118737,0.05215458420419049,-0.01716557318305891,-0.15258248776326508,-0.0723246744073456
1148.0,0.06231299601172768,0.014395817617914298,0.03712062194738271,-0.02532241658865424,-0.03703736529476212,0.00822164400047938,-0.048696123871327136,-0.1157886636803115,0.016564370064711675,-0.15868272548654244,-0.19980667972242003,0.012254501849395857,0.0662063423844566,-0.0035351557306347813,-0.07494991199693661,-0.0672266721398122
1149.0,0.03860712569533494,0.004523419549985235,0.027849110684078297,-0.03858737377986836,-0.01934566637064162,0.04310817433508363,-0.013883108159904043,-0.0690356505654632,-0.016956041240615845,-0.030713829016772543,-0.18202387902341913,0.02403809342964552,0.0924271447222645,0.03141599237341793,0.01838139484227048,-0.039204907925265826
1150.0,0.014585710941401913,0.010221914688272785,0.03531154906665162,-0.044658330676130384,0.0037462601978324158,0.07776711068101516,0.023447941277505473,0.013714556994183192,-0.05074412828530537,0.07108790713759995,-0.16068715601833222,0.04533278424527716,0.12062628212462213,0.08941726787976023,0.10442399547989518,0.007130803954497474
1151.0,-0.0021468950977025685,0.024649534666319625,0.0535574323910616,-0.04138327441943502,0.028696128841360437,0.10454789406066932,0.056956669627265914,0.11129230051585019,-0.07674733221445484,0.12890381000851267,-0.13626416641244818,0.0714377718943398,0.13703404198710076,0.1619018827935321,0.16307141646645626,0.05724280698454411
1152.0,-0.008898697019111305,0.0357344908249551,0.07289345774989865,-0.030919602146665833,0.05105644685441511,0.11613055811589124,0.08094827929886346,0.1947634939017145,-0.08504812428914826,0.14660662513293662,-0.10598319456589113,0.0962511497834988,0.1327124957696353,0.23251819360043438,0.18095558477656576,0.09110772798384074
1153.0,-0.006753389873690894,0.03269353656392469,0.08477195943225775,-0.01863165841599056,0.06718764153144151,0.10935807563404024,0.09201315073931719,0.2404715956310429,-0.06799301870615214,0.1445261647809869,-0.06766483226823246,0.11330115119294101,0.10678601635270163,0.28308722002257625,0.1543473915358163,0.09181954392101072
1154.0,0.0015840657489224546,0.011854057045434407,0.08531043225435378,-0.009993088998202976,0.0762168103724872,0.08721911150213907,0.0894777383242438,0.24038629819851765,-0.02411178070668552,0.1478738541828626,-0.022711534120627395,0.11737556034307126,0.06487090914538808,0.30084025235506173,0.09008185585314163,0.053515160363580803
1155.0,0.013183264553108826,-0.020615292295721867,0.07652000097395296,-0.007573926264633786,0.08055927989842979,0.05834074001986306,0.07427274550171234,0.20409456085812339,0.03945823714204489,0.1747186247436461,0.02432729867604977,0.10726999353587921,0.015442759820092281,0.283393932011222,0.0038300188867094014,-0.015229298907262387
1156.0,0.024970643637574164,-0.0508722063744301,0.06515101752771597,-0.010014798809632137,0.0841069848583945,0.034052120812064206,0.04763736446917961,0.15199470121846914,0.10712646573215426,0.22878776968397213,0.06890424290473483,0.08752443252517801,-0.0338302224757202,0.2384840742054748,-0.08339701435532276,-0.0940766300468434
1157.0,0.033326909903167265,-0.06413834088728497,0.059353758387976074,-0.013346933200956061,0.08930773494327822,0.02443026379135275,0.011244356333103337,0.10430911376575272,0.1587382495673999,0.2996019833397035,0.10909093141824132,0.06673525427505438,-0.07773693003373823,0.17876784529143872,-0.1496451568886741,-0.15911210465861791
1158.0,0.03468380913973832,-0.05257680345226649,0.06407908078885659,-0.013494530604471386,0.0954652386644014,0.035287873930027115,-0.03172676017903643,0.07205506018072143,0.1772724848966565,0.3686361945335023,0.1452737543612348,0.05302628328010468,-0.11187816054131527,0.11576485548893505,-0.17746651799819632,-0.19283371641354732
1159.0,0.027159467762924595,-0.019408476961788913,0.0774596012871704,-0.008535864592534952,0.0995222973490383,0.06679004073450162,-0.07591440563693327,0.0537802631348498,0.15684785000536952,0.41738024358227993,0.17766511777856334,0.05012207258807459,-0.13006137480438892,0.05662090207479871,-0.15997999782951802,-0.190555084459978
1160.0,0.011513926348510135,0.02327091616736548,0.09041100786659584,0.0001777388457366619,0.09846674775945986,0.11339009112604795,-0.1138234799740301,0.03854587092957208,0.10542091679234107,0.43366432534253396,0.20420708032232449,0.05658799356495522,-0.12490932659703186,0.0035945316505699063,-0.10485163882119868,-0.16043224159771854
1161.0,-0.009425686281212271,0.060664093937429185,0.09026789019817749,0.008695921297462337,0.09118855369659663,0.1646905998509792,-0.136989934435745,0.013388136372735504,0.04000652293227586,0.41499361777185134,0.22066327417516488,0.06779123967907394,-0.09198089781173083,-0.0450801757463016,-0.03284112183788344,-0.1183046881975184
1162.0,-0.03161786933751008,0.08089249212959558,0.067490277220789,0.012928324230802282,0.07845671625512579,0.2071380666302165,-0.13907083434892184,-0.028100411491558185,-0.021974978768761925,0.36874951910601284,0.22271576053157896,0.07867184229344587,-0.03364801488612927,-0.09269681087365626,0.02978255252294641,-0.08028420630389442
1163.0,-0.0498596968133507,0.07789052943832606,0.022219122844711003,0.01128243952740854,0.061834054239973374,0.2274296475398236,-0.11977038567885584,-0.0805024164283596,-0.06944974011530208,0.3091394272021684,0.20840235405918722,0.08571305664128709,0.040015926671029295,-0.1402308312274948,0.06220558779079027,-0.05600385766664369
1164.0,-0.0579905201373741,0.05202758368975547,-0.03357716950674334,0.0052992917161683,0.04313222383066973,0.217923461159794,-0.086759075444251,-0.12808794284097721,-0.09940481445523018,0.251683458774314,0.17930957059464203,0.0874260651731342,0.11338693627457251,-0.18390617721712452,0.05860869730435771,-0.04499433737398078
1165.0,-0.05074433388413094,0.00907582337453723,-0.08058732986877093,-0.002135630668697405,0.024601218230240928,0.18077342415528203,-0.053970811538275924,-0.1529333897508846,-0.11467972598543175,0.20738412535316758,0.14006116818885717,0.08381514073275163,0.1693383654655019,-0.21655899535603962,0.03098274834534723,-0.037978559202568346
1166.0,-0.026745660387426488,-0.041958283576063994,-0.1015085678471207,-0.009167747521335059,0.008717399440288534,0.12630746687012573,-0.036770288876584616,-0.1454486782489761,-0.12054816673875728,0.17911484034173658,0.09623866481465233,0.07578434461461137,0.1938733717504503,-0.2314778556340803,0.0026284249804093204,-0.023313605188092848
1167.0,0.009902680762224805,-0.09139193094070254,-0.08958608995747998,-0.015763861920711348,-0.003024025029292098,0.06636840141895635,-0.045549288873477076,-0.1112205022614139,-0.12116553710659975,0.16193350033950815,0.05145495040690691,0.06477565852586487,0.18045497109451356,-0.22537723253631214,-0.004440646166820341,0.0044592761012269945
1168.0,0.05106616318373954,-0.1314548065677584,-0.05047165946434819,-0.022608615547227803,-0.011372548781765012,0.00824431961511902,-0.0803498120847722,-0.06934330055987713,-0.11647658023843648,0.14694187006682508,0.0058586380264445456,0.05211159890647872,0.13279539507655466,-0.19935394985345792,0.01904956876019688,0.03991503310692625
1169.0,0.08778924566883084,-0.1583568956557846,0.002941179909317343,-0.02960755592595126,-0.019019291405432414,-0.04736450569176996,-0.12971629451587507,-0.04234295862269951,-0.10181626784133958,0.12614496923769233,-0.04172392534473642,0.037881761156820466,0.06404104080247296,-0.15882707664190102,0.06548071259432406,0.07003273404475928
1170.0,0.11319570847495027,-0.17259696181077708,0.05757752295481388,-0.035228637702527155,-0.028368747616197915,-0.10486484896352272,-0.17526240715390912,-0.043758923681025415,-0.07138945176284016,0.09567267269236206,-0.08939774805472245,0.020408261067321066,-0.008164599578896517,-0.11243943723123297,0.11505422808005585,0.08312659819052297
1171.0,0.12439624273901569,-0.17719815200283404,0.10439322513920088,-0.03671153690286518,-0.039121864665069915,-0.1693516899661109,-0.1999800213139598,-0.0711823029020027,-0.023150207234527598,0.056436339274567926,-0.12999675307253417,-0.0025663685642151155,-0.0683023495206496,-0.06913487950753046,0.14613791028280798,0.07623616909505238
1172.0,0.12299098448287389,-0.17538684126358528,0.13878673976343675,-0.031039944241964983,-0.047609961455198635,-0.24033063885204672,-0.1956035683477666,-0.10863859645258601,0.038040677684078116,0.012725475480341402,-0.15364735125447362,-0.03146655050270919,-0.10798997870723968,-0.03456205871540594,0.14565365709874056,0.05562736419557744
1173.0,0.11342820821499242,-0.16929045961841366,0.15896437089796975,-0.01682827749480947,-0.048204748034502,-0.30770765746832224,-0.16479660852942188,-0.13616684616325894,0.09983474893003837,-0.030236511288866504,-0.15300280071556052,-0.06328327798945406,-0.12711775467085923,-0.009668263587638986,0.11452041421185634,0.03149004835111894
1174.0,0.0998476046643613,-0.15967961858771196,0.16443105412530698,0.003648975985470185,-0.036134127095510435,-0.35435643323456645,-0.11774369651190844,-0.1406231142700316,0.14464856448763208,-0.06850942304341366,-0.12696358211735415,-0.09230129934056126,-0.1304764981369519,0.0070045337437492205,0.0658315324517592,0.01215241601738444
1175.0,0.08368055734734542,-0.14601295149064997,0.15532944890349437,0.024249196004483494,-0.010682324130677405,-0.3652082463085254,-0.06627888311506668,-0.12194774721494211,0.15540026243496607,-0.10024327870310806,-0.08103870458018941,-0.1125469756591147,-0.12232035394995056,0.015339197385165391,0.017069507550785623,0.0014109146940291045
1176.0,0.06389661166037851,-0.12671243277959607,0.13192917679723734,0.03769325012182711,0.022896126309245257,-0.337573323292312,-0.019029046296504832,-0.0919561040078096,0.12340009540083528,-0.12488117848313945,-0.025418957667210983,-0.11996619518480342,-0.10329160491568203,0.012238479987417939,-0.01909566831000347,-0.0013338169544218344
1177.0,0.039470770431679854,-0.10006672418004726,0.0942750881978275,0.03961592950694595,0.05450200376868378,-0.28502469695965743,0.020649054744116827,-0.0666395590476086,0.05410376888068853,-0.14170645616055033,0.028424614191526764,-0.11317514409854867,-0.07143640354250225,-0.00506722994440752,-0.03961505430111472,0.0003655801925350679
1178.0,0.011692910134957341,-0.0655998439603592,0.043316068296677473,0.030789233791154613,0.07355609152605919,-0.23081329584316693,0.053860755804922215,-0.056976120239983385,-0.03327526558591416,-0.14891921406361572,0.07252538629370618,-0.09345840661309392,-0.025590444304348287,-0.034009090540857774,-0.04875088951165826,0.00206853742849606
1179.0,-0.015290110163261124,-0.025275237963726667,-0.016255046287290492,0.016072361541825612,0.07401690781408277,-0.1948764418170294,0.08354772930479444,-0.06419652113752045,-0.11221276292395412,-0.14409058870577637,0.10618689681107908,-0.0649823891281284,0.0310952698134255,-0.06537841639047272,-0.052325406760107954,0.0006538124102300583
1180.0,-0.03528388588952708,0.016073300212938103,-0.07389335583682122,0.0015175265031652512,0.056362939001629024,-0.1832065816786333,0.11168889124219164,-0.08169717646141611,-0.15766598190549055,-0.12600273068824097,0.1348042271830709,-0.03456283870529511,0.09003516962356535,-0.08752093295783951,-0.054483404280782514,-0.004361551647089435
1181.0,-0.041531634929006064,0.051729817421926234,-0.11494623800278954,-0.008112040741139791,0.025811463052920782,-0.1857653353226462,0.13770879289428317,-0.10081451376918434,-0.1535531946445497,-0.09659018865759193,0.16372347333935552,-0.00953176272950564,0.1402013578984093,-0.09207504111043781,-0.057793837221222936,-0.011268981198191653
1182.0,-0.028866170514947498,0.07568249543591442,-0.12646976992326903,-0.010428515137152731,-0.010277600205113781,-0.1835122620357763,0.15839728038951487,-0.11557483176263647,-0.09720482119765396,-0.06146182023492083,0.19244060541765073,0.005597262793665456,0.17267902634413484,-0.07615084993949109,-0.06289793740411975,-0.017608926640857323
1183.0,0.0037109761711164937,0.08561944141445996,-0.10364936789284235,-0.00542534358392686,-0.04340249527607599,-0.1599334789197737,0.1690098327229303,-0.12344003956496895,-0.0001842499427498389,-0.028575826718168298,0.21409024696263215,0.010552285659879894,0.18237624287799678,-0.04053984452636514,-0.06660657999657564,-0.020670757058507815
1184.0,0.05085517266503871,0.08414495977209045,-0.052980918176754155,0.004915037559152082,-0.06435621623954622,-0.10935860374503967,0.1654228878109822,-0.12323726231093031,0.11445182314400423,-0.005688627591442687,0.21983581754188675,0.0073002685208825675,0.16667818105015839,0.012104818492741703,-0.061958164602776956,-0.017023789718115107
1185.0,0.1004370133351582,0.0769739073847652,0.008958261616240823,0.017045527092543276,-0.0653065520725138,-0.03745137958100859,0.1466142355874948,-0.1138496881574554,0.21758595373871126,0.002181053617413176,0.204011409658526,-0.0030107718879089844,0.12453089704155283,0.0761942394833979,-0.04225170625343966,-0.0036130681253257035
1186.0,0.13615298541659218,0.0693367716411819,0.060165153586523606,0.026582639298748167,-0.04333529450707858,0.04337998778389407,0.1155740311975721,-0.09538918172626457,0.2811813429527444,-0.005946916443115708,0.16669118190758495,-0.021062525823749706,0.05777316453331692,0.14046104058767322,-0.006168140949732918,0.018913050831766937
1187.0,0.1430663483265951,0.06326905809629209,0.0800513143511379,0.02986610526005262,-0.0028539427629525526,0.11863532737802467,0.07778746788216236,-0.07114523032453296,0.2860972700761902,-0.027088752015441524,0.1132958131267164,-0.04785389671023363,-0.02679383186311874,0.1875883650974244,0.04012784912448198,0.044246623280027535
1188.0,0.11400332920834526,0.05750949783673656,0.05720564797325146,0.02595092226470646,0.045261194621008034,0.17548128575079683,0.03906498593985377,-0.047939495549772816,0.22863371000046992,-0.05483283377090177,0.05281153096319824,-0.08216573549495415,-0.11703725619757067,0.19926361019518748,0.08538294693559444,0.06285008028720813
1189.0,0.053919749892775745,0.049657009776599294,-0.004455693276529525,0.017532800277531384,0.08770027758176253,0.20668080602910854,0.004930907004612375,-0.034538234901478594,0.12325811571117336,-0.07984818547464655,-0.003957901043564439,-0.118569244951205,-0.19756948260320575,0.16523319153373772,0.11852691670479847,0.06679567128530099
1190.0,-0.02024414999728285,0.038706434219294705,-0.08495373889570533,0.009938404972446337,0.1139495394180533,0.213033405814251,-0.01868286397204916,-0.03904037158924477,-0.00043951174781606007,-0.09129529686060998,-0.04625666721157602,-0.1474333218211824,-0.253003092391969,0.09067311953529372,0.13348381296579773,0.05286056263460041
1191.0,-0.08517511773159853,0.026038878745611508,-0.15527093450997412,0.00885193646434551,0.12019605739273471,0.20164013012917265,-0.025789820975665453,-0.0658262883958819,-0.10702087240563989,-0.08024178412869724,-0.0661134540605692,-0.15820112521259838,-0.27151520103873433,-0.003767408563602758,0.13089440275429007,0.02259321115356769
1192.0,-0.12048490919375453,0.014362070347685581,-0.18992756574040617,0.017896464994530594,0.10996651596031237,0.18113497642151402,-0.012944481146201201,-0.11275104028039208,-0.16818813301070837,-0.04402171881940267,-0.06106182544340957,-0.14496459578551016,-0.24868180421700833,-0.0899870869891656,0.11641966058662627,-0.01857349357754406
1193.0,-0.11731883234836572,0.0059437149025070085,-0.17854334223259719,0.036947795736233566,0.09131766366935853,0.1580993525625651,0.017867549192426547,-0.16999342225000044,-0.1733250207973745,0.011475177870202182,-0.03470411459603789,-0.11041366580629662,-0.18992062506716592,-0.1437290656042943,0.09687970491720165,-0.061910783895717574
1194.0,-0.08168477469550325,0.002206067977637811,-0.1298232930118045,0.062001068229393656,0.07258686733048707,0.13699335814039434,0.05881381094097192,-0.2216481621066671,-0.13152805664296752,0.07336683785447752,0.0052385781493544505,-0.06494457418116002,-0.1093103098349487,-0.15308581498957322,0.07613023548952187,-0.09728113048755205
1195.0,-0.030790914725132148,0.004839958656858775,-0.0662496515966078,0.08690249123286099,0.059033493475653336,0.12215301264555209,0.09840449110002185,-0.24994541262320208,-0.06478457029377768,0.1259977623333902,0.0494463057272623,-0.0216660107132273,-0.02537976182510491,-0.12078794999592526,0.053090350423750696,-0.1168727728050209
1196.0,0.015334632691686933,0.015805277222088486,-0.013492766321120554,0.10602492937405757,0.05102775433535071,0.1186664782943038,0.12444973142837439,-0.24125567846162901,0.0023442745178253086,0.155334777199894,0.08872782872411648,0.009408882752458922,0.04352684174298309,-0.06054068789627267,0.02345707641157633,-0.11823703685630187
1197.0,0.042293089638156214,0.03480592058128247,0.009261568024303725,0.11610476104111654,0.04369672286030752,0.1302378765592515,0.12724948818954213,-0.1923140028062104,0.05101829459805516,0.15210557200728828,0.11520878209650956,0.024865373811822196,0.08294911032636312,0.009347493340700414,-0.016219876775308555,-0.10483614136625169
1198.0,0.04567783789875119,0.05704337801767768,-0.00544381482324704,0.11607740722515057,0.028509494428766487,0.15554872335912295,0.10350337884146302,-0.11378099611618502,0.07216675616293332,0.11375685011963756,0.12317251315665666,0.02741093262429875,0.08546272731408633,0.07152298991692078,-0.0655386404793955,-0.0846841056070556
1199.0,0.030063977159851575,0.07444983597683738,-0.052039423161651416,0.10550634549029497,-0.002975159171010786,0.18673538906620946,0.059243181572747675,-0.028129835055531557,0.06640707282573825,0.04556532094006926,0.10931920870330149,0.02223690201084208,0.053336594319869715,0.11305706391565809,-0.12049106380466391,-0.06758869205414589
1200.0,0.004670787458372689,0.0797535359495574,-0.11346074297175598,0.08350196820515565,-0.05408141944149406,0.2115548108125823,0.008635763621635484,0.03846120765929704,0.04090154713743035,-0.039567846309059095,0.0727141029099881,0.013335079288534358,-0.0010234777657848564,0.1272201621715838,-0.17563408435960465,-0.06151688867281632
1201.0,-0.020925533838793493,0.07006317726966407,-0.16599501057441274,0.0494711254035598,-0.11886020935016345,0.2175926816636121,-0.031704348677533384,0.06650631720663794,0.004985751358393383,-0.12347286811669626,0.015062119676228352,0.0024027133334227047,-0.058891222875631824,0.11403565082496557,-0.22551831895511557,-0.06993027098802186
1202.0,-0.03933024758140397,0.04730925072838785,-0.18732591388465752,0.005063726323603548,-0.18202438238425558,0.19640764554953927,-0.04979944667669636,0.05037600798350281,-0.033173877651006115,-0.18759101474052678,-0.05842612653788255,-0.009694069825979527,-0.1022688163844835,0.07970630144838575,-0.2652680713943637,-0.09151791487446703
1203.0,-0.04684245075499007,0.0156070897917632,-0.16494882179356998,-0.04449960993980199,-0.2247503484029864,0.14630507481622101,-0.04334997467761707,-0.0010119154201612224,-0.06750457676617978,-0.2196510983667164,-0.13809462680061063,-0.020790756830070256,-0.1196770395374575,0.034739432639187606,-0.29187220425754007,-0.12166386112135992
1204.0,-0.04466073016527347,-0.021695237654995,-0.10123585124124183,-0.09089318787558592,-0.2335766611186631,0.07279776225085799,-0.020628724971248708,-0.06917943872594598,-0.09346811539891638,-0.21940772534882244,-0.2105141036555536,-0.026777748040335916,-0.10753415161906749,-0.009028946450994625,-0.3053387513089666,-0.1538858409961189
1205.0,-0.038801233580716875,-0.06216265599895487,-0.013325130660135926,-0.12488093441998017,-0.20652580891940725,-0.013088302598489511,0.0035763284189736567,-0.13366922040791646,-0.10827744810577176,-0.19941493369112476,-0.26268118568424287,-0.023504190802857615,-0.06827057641379385,-0.04157885418352607,-0.30707635092626484,-0.1802952497504078
1206.0,-0.03762446029989208,-0.10136984239716584,0.07219612485947796,-0.1392872073104921,-0.15267385086050714,-0.09712750544430998,0.015650663598906652,-0.17873574947934281,-0.11224576020279042,-0.17899820710701286,-0.28834649916408134,-0.009817099514064235,-0.007484367592878947,-0.05711038801986465,-0.2957645260522472,-0.19199172363158507
1207.0,-0.047597601617590704,-0.13057854309124917,0.12881939135685713,-0.13140439443507662,-0.08656985440761475,-0.16353843301707618,0.010325755531952476,-0.19648556735841155,-0.10933096741364515,-0.17446227516638915,-0.29087947499397615,0.011099440498927565,0.06865560336496808,-0.055382304881752206,-0.26516169324442085,-0.18103078035960107
1208.0,-0.06951295334410282,-0.1388986088602375,0.1404463055954272,-0.10401256850027096,-0.022295510958729278,-0.1966799774658417,-0.007362141209086983,-0.18630284444292286,-0.1057820030116998,-0.19155634075846475,-0.27911564278019074,0.03293007218527766,0.1540456040215244,-0.04209238683591214,-0.20775707349495554,-0.14402221635762907
1209.0,-0.09779651044732948,-0.11945061901012714,0.1069388443121788,-0.06504784523989911,0.029211637208034973,-0.18496189791381976,-0.026421346774473383,-0.1525101364114857,-0.1080433364562483,-0.2242247750938205,-0.2598253495929805,0.048459454751282466,0.2399311832017775,-0.028161016341837347,-0.12257173400760214,-0.08523442332495858
1210.0,-0.12364374465358756,-0.07489862851108775,0.04179923375910051,-0.025938188159792576,0.05996126415660028,-0.12698029831984808,-0.0369042768561984,-0.10179572792906462,-0.12129945377589998,-0.2590011246043296,-0.23371199474928417,0.051784962990524555,0.311268521650623,-0.026760983474659102,-0.02091055935155134,-0.01664721309535719
1211.0,-0.13942485415329425,-0.0178715852387384,-0.03532383290563268,0.0015783923802727554,0.06458998136370504,-0.03564272807848441,-0.034705198528557524,-0.04094781251277044,-0.14817858318122604,-0.2816130966102721,-0.19780153504785442,0.040334006728893125,0.34740689845653855,-0.04762765490936283,0.0752303528862411,0.045799471712390655
1212.0,-0.14137247783009868,0.03450670496058921,-0.1060287563963803,0.009347527862946564,0.041662704347194005,0.06448343619347911,-0.022184152302777278,0.02448362087508013,-0.18631185578758264,-0.2825716616158274,-0.15095482770288948,0.01571344037977988,0.3292572356789011,-0.09158753485452517,0.14250921700211763,0.08826093187387536
1213.0,-0.13021107500117732,0.06839370851049512,-0.15755606203232078,-0.004382938317439798,-0.00398124927425231,0.14666790843962715,-0.005770723785676451,0.09004155234871168,-0.22575841740325694,-0.2599981799498423,-0.0972109004568603,-0.01745250006673928,0.24913117314768404,-0.14946164347580407,0.16808283909884061,0.10468752294167206
1214.0,-0.1106432784993333,0.07810464417014601,-0.1841509763642488,-0.03429288575950259,-0.06018174995125092,0.1929754996066665,0.0075432218126417,0.1512040173450415,-0.24975298895093467,-0.21934527989910296,-0.04483821751411672,-0.053557063129589695,0.11689754684779094,-0.20583983645841256,0.15628914235582056,0.09938752663724404
1215.0,-0.08981110284968127,0.06590234103435406,-0.18605314041800516,-0.06938866189749601,-0.1100724441482469,0.19950934464157036,0.01328842903234777,0.20277303980832373,-0.24052008111110565,-0.17058739697987915,-0.003033746069827879,-0.08706592674102823,-0.04136522006422244,-0.24461335890048316,0.1261402802824843,0.08462522813395608
1216.0,-0.07469138969590117,0.03899691771234449,-0.16716176938946906,-0.09627122482509233,-0.13830706514462066,0.17287861749169545,0.010846224295515173,0.23998693474687177,-0.18764183897192774,-0.12426073967479555,0.021008324733741077,-0.11243035568857815,-0.19145697867448216,-0.2536306265297336,0.10165059433440442,0.07359042721963137
1217.0,-0.06933124114972375,0.006591099619310497,-0.1332734734429106,-0.1038549555470436,-0.13768470416849493,0.1222848652031578,0.002558831572475087,0.2605543896493553,-0.09446065602915665,-0.08829658918118398,0.0236823828233566,-0.12420089217712134,-0.30223519056053283,-0.22800622741949667,0.10034609056267259,0.07235492686715785
1218.0,-0.07340759710788074,-0.022728598118706082,-0.0917924751828547,-0.08789640283729257,-0.11199081260321463,0.054496895867548814,-0.008176784535017837,0.26560469575819223,0.020851065128404095,-0.06693425197622312,0.005351347630780861,-0.1182268666292101,-0.35594009665811954,-0.1718603623833915,0.1256397365703361,0.07680058954384539
1219.0,-0.08287648374002686,-0.0430521293613179,-0.051331596419076225,-0.05287703874610529,-0.07321293255312691,-0.02547293197964373,-0.01811292551932175,0.25904874785131204,0.1305339166590958,-0.06113198423130085,-0.030132287533377506,-0.09333147466493322,-0.3539671016404026,-0.0971603210024257,0.1666334533654594,0.07749216949319651
1220.0,-0.09221453827836018,-0.05109663383749935,-0.019674770241056357,-0.009921364177628693,-0.035196092830156026,-0.11076549220340058,-0.02435462849221251,0.2468254296396642,0.20707749334393127,-0.06880978314288502,-0.07618374028643882,-0.052052237817653765,-0.3150574878322831,-0.01905553512972647,0.20461647311863104,0.06821695810807281
1221.0,-0.09708416227883698,-0.04449346691254973,-0.001326867371415866,0.028102382935633597,-0.00796114531310483,-0.1904887202320605,-0.024521783602557995,0.23675402039066132,0.23358453850945088,-0.08454879134392054,-0.12451143403513291,0.00010865732378718198,-0.26587765449646467,0.0499801391111618,0.22199052775045203,0.05093768125752753
1222.0,-0.09622202224925633,-0.021550952439251887,0.003490500756276927,0.05159625620506685,0.004603320673972563,-0.2514918928462171,-0.017408206014919443,0.2376025714540351,0.20987917095269845,-0.10006006972155587,-0.1669089855805584,0.05587728198253578,-0.22843693176098964,0.10339817762787817,0.20908045736095562,0.03424315259136748
1223.0,-0.0918586907366572,0.01619867932971047,-0.0012757800391488194,0.05711777477168588,0.004070661369301851,-0.28398588338744113,-0.003931560965480652,0.2559351177321658,0.15120795479272653,-0.10637811294983229,-0.1972328492248578,0.10679561757645645,-0.21121723368149478,0.13971906079747148,0.1669254042141489,0.027839474466951356
1224.0,-0.0885309671316568,0.061472451179652214,-0.008024163056101876,0.047335825731339695,-0.004566319798598114,-0.2879678844645925,0.012056038273342585,0.2920215570656061,0.08029655202374382,-0.096999414555044,-0.2123622362557223,0.1440248172514848,-0.20846687830533678,0.15945827884505606,0.10700564093295159,0.037469501415432024
1225.0,-0.09029412526423218,0.10253558196160456,-0.0074095614684052975,0.02862210913848416,-0.01527291335571841,-0.27501564874933593,0.024043127668571935,0.33847305559866847,0.017803685902883015,-0.069581893952757,-0.2120384620440605,0.16078564576050167,-0.20620385134584038,0.16270514562372695,0.04849234001482486,0.06321159233140451
1226.0,-0.09725367944638856,0.12862913701938689,0.007789882454733897,0.007871343045894054,-0.022915767127858425,-0.26198218386559935,0.025099127604339792,0.3831577830526496,-0.023501900669277948,-0.024605457374510007,-0.19808864721818004,0.15558375982474892,-0.18977977201729315,0.14907170375123596,0.011531828620487513,0.10090223561695824
1227.0,-0.1038397494331815,0.13535162519888674,0.038942141500367664,-0.009724632093321518,-0.024058152774564013,-0.25998752189427976,0.011321501617804245,0.41369265974384906,-0.03998239064247373,0.03671181452785372,-0.17303800338570663,0.13334405578284628,-0.14915801588774097,0.11975034079271658,0.007626286992831481,0.14409987132339022
1228.0,-0.1006927415827832,0.12585725090789093,0.08069977468815716,-0.02126571917432896,-0.01665777200337479,-0.26692670695528303,-0.015471036083436047,0.4207122825666878,-0.03603530378916514,0.11158528875833765,-0.13851570224917023,0.10298203092935432,-0.08094490445287617,0.07954200171651567,0.033668078079245434,0.18494233426460246
1229.0,-0.07935417737033112,0.10811536124623364,0.12335478092418219,-0.025641146022718293,0.00036235801080627565,-0.269001790487306,-0.04720266038773891,0.39989111334454425,-0.02154376560612671,0.192833514668709,-0.09499398108381485,0.07335592724762452,0.011928029582971308,0.036801691168842944,0.07483235523727767,0.21471194511128017
1230.0,-0.037118391005753995,0.09087277276549602,0.1565365988212571,-0.022793561827504697,0.026763516719508003,-0.24987237884092586,-0.07167498484125444,0.35310723630786184,-0.007622907683698154,0.2685399628939714,-0.04352706864751844,0.05080012983543384,0.12095122278352083,0.0012059959271005958,0.11353593830938664,0.22546792138605568
1231.0,0.02054327318347913,0.07977924488269234,0.1724187036038459,-0.013212120833117446,0.06000344245612794,-0.20110584017088975,-0.07729396198145284,0.28814316297831166,-0.0020701821639019613,0.32589989435957656,0.012473732940096186,0.039088278905011674,0.23202764514417187,-0.019353368650775995,0.13752336144253993,0.21271708309499232
1232.0,0.08140157643662975,0.07473354069553487,0.1680506372311097,0.002151504381775079,0.09462242094466486,-0.12741701646939874,-0.05902052982149811,0.2166785901744659,-0.006833276289855575,0.35651328259486365,0.0678887953337486,0.04017084505481294,0.3261076538238664,-0.02138695232908249,0.14301925653496877,0.17787984894020317
1233.0,0.13118038600110146,0.07024501472341435,0.14714776778229474,0.021635608560700133,0.12308943465624876,-0.044314661146174494,-0.02232348895970134,0.1510660592981008,-0.017962342805532827,0.35942827267680966,0.11861639735832766,0.054212880321767166,0.3831868203996141,-0.006607986866900976,0.13325583496999405,0.12870699977003117
1234.0,0.15948065504612446,0.059117055580039456,0.12042032651116595,0.04285081583898989,0.13850357931311713,0.029650653003006986,0.01828860389578828,0.10074251718849607,-0.026799414515420474,0.3400107130289258,0.16346523336814273,0.07884819921384191,0.3899224214172574,0.020114030459637427,0.11500654092923634,0.07638890991803768
1235.0,0.16455200757053898,0.03704446055335104,0.1025519993499798,0.06317645511070348,0.13797464319238242,0.08204860580982788,0.04645353128315604,0.06959794347302878,-0.022113450817603558,0.30570637300633025,0.20306656172009993,0.10853355613473648,0.3467972035079586,0.05420177930930707,0.09547560213291066,0.031119293096545948
1236.0,0.1543696887730042,0.005180588007462931,0.1059043261088856,0.08021068036252242,0.12430308943387663,0.1122791538662487,0.052562378025569574,0.055290989809085665,0.00570621426109516,0.2625562203138946,0.2367311086244451,0.135136245413607,0.26940715507761775,0.09227894597490581,0.07983012216431395,-0.00025917505422325127
1237.0,0.14251660842951347,-0.030669328229103898,0.13384032743399224,0.09173117238744523,0.10451315870954266,0.12942661351005078,0.03787460905572582,0.05032839156018252,0.058922686243018454,0.2156376002561128,0.2604246424090294,0.15018392502940578,0.18236611745490555,0.12926683453551177,0.06907516207746844,-0.014146372741854209
1238.0,0.1409291699579941,-0.06321440969411304,0.1773093440535136,0.0956814112592422,0.08605569872951062,0.14350114498566074,0.011692941260401645,0.044430301985656756,0.1288006113590728,0.1720157890456034,0.2683607639115121,0.14823403921985448,0.10967592369588922,0.15588478631227484,0.0596636193452522,-0.010354851353273317
1239.0,0.15386365150737175,-0.08650280444598894,0.2171070418663551,0.09083070418359115,0.07301471282578946,0.15774707904389348,-0.015464321812591445,0.02796930859602477,0.19742124354758372,0.14133319404004116,0.2572931476787641,0.12979544590159062,0.06686442465422858,0.1609162321190076,0.04611303292585442,0.006791325387330625
1240.0,0.1759963835368311,-0.09674964773026236,0.2312790461300714,0.07759089350227576,0.06446313174230381,0.16789839562489717,-0.037429385774494235,-0.004583287494165186,0.2443550115552698,0.13106323703075795,0.229667337741616,0.10142435561151115,0.05757236019273304,0.1370215924951062,0.024604377554146767,0.02833762661407308
1241.0,0.19526333622246056,-0.09222372709229185,0.20413028096754673,0.05773324257654871,0.05565385568602081,0.1667929210880286,-0.05363326488571998,-0.05298833936453819,0.2540753733047829,0.13908408559328803,0.19289487924569423,0.07218009060129213,0.07426361070351424,0.08549969690239301,-0.005717158150101758,0.04265900622939575
1242.0,0.19918371074468164,-0.0738304039150375,0.1331796941032428,0.03308771453508786,0.04145212440119335,0.14964420440833062,-0.06667595466228358,-0.11159310379008125,0.22034171543810385,0.1502803685981495,0.15565865135351667,0.04899492604031669,0.10204478664422492,0.017376685158366326,-0.043489000394991505,0.03921564643601484
1243.0,0.1812571560256172,-0.04593484337622035,0.03180642775577299,0.004999261877213442,0.02044284491862963,0.1175283600642773,-0.07864594100123799,-0.17038028917999978,0.14700452213384946,0.14205130390993637,0.12417561377978723,0.0344811346612954,0.12498957924142738,-0.04923388694926958,-0.0852195083484807,0.013206505245595263
1244.0,0.14365265153156118,-0.015566342198160573,-0.07416682183999326,-0.024628038923677577,-0.003043863821640922,0.07831569252717652,-0.08849197964821276,-0.21676935362248226,0.04680322180307363,0.09659232976351005,0.10068789008727903,0.027936748685534744,0.13252040625359032,-0.09501727250918308,-0.12443936137830108,-0.030913637874893127
1245.0,0.09528343565783334,0.01047754063575746,-0.15597981983844017,-0.05232973211983549,-0.02102227997946671,0.04431547001932012,-0.0920624014989864,-0.23955840789096897,-0.061130532580247164,0.011944343053479604,0.08427085376919542,0.02718933728644204,0.12165608719093021,-0.10704767201099222,-0.1521496009832346,-0.07977034030905963
1246.0,0.047420507719133295,0.028637541687657732,-0.1934771271486439,-0.07400444653428012,-0.026658149492351554,0.02721345672188266,-0.08500738372437112,-0.23389675677065908,-0.15540371054102523,-0.09517848799751001,0.07240252011031494,0.029231983348038004,0.09465076026791415,-0.08447282423959908,-0.15997106933943697,-0.11624811035968974
1247.0,0.00940807419647123,0.03915369422770506,-0.18234139568410773,-0.08724220838784527,-0.018215984440977714,0.0329600695486248,-0.06651821562410777,-0.20340265397158713,-0.2174796025572472,-0.1954997053726874,0.06250632339718212,0.030451728701304002,0.05645924425776687,-0.03893175274151515,-0.14478311440335948,-0.1271791527515636
1248.0,-0.014052083980622347,0.04382484694872547,-0.1335555798102551,-0.09266381348544864,0.00016673366753632476,0.05935221160641557,-0.04081757400750287,-0.15737501645409277,-0.2362466489075929,-0.2582179840847926,0.053782555314281166,0.027849904357131722,0.01464412061792199,0.010466033066964727,-0.11133317197502075,-0.10907241485843798
1249.0,-0.02354820140366997,0.04321693448662129,-0.06695601770586487,-0.09278862701381455,0.02084695422510434,0.0972107184210142,-0.015083765921050278,-0.1054892754688643,-0.21118978790486595,-0.2627597495992074,0.048691079642257364,0.020476917562801206,-0.0208988795481004,0.04509686244261192,-0.07016070500377597,-0.06855799085130568
1250.0,-0.02379958916055393,0.03581443941685781,-0.0032723220310370443,-0.08952360531277766,0.03646856911146295,0.13413061081733688,0.0046567480383397,-0.05419647743365263,-0.1532907375569967,-0.20761232364918536,0.052508149016678884,0.009846537603394599,-0.04108301999281154,0.054327326121214534,-0.032150661344312784,-0.01813339140862974
1251.0,-0.021359734272127628,0.019572305077475937,0.04204246262470766,-0.08283521200760337,0.04270889636308443,0.15887652502338695,0.01694080838358809,-0.0066654788083683365,-0.08179763169098274,-0.11181195969806776,0.07027088300450782,-0.00038083147835787874,-0.04186009380276579,0.039001337102309346,-0.0035339827864241764,0.029331553793700994
1252.0,-0.022016778135564824,-0.0056165630829078704,0.061579088984301235,-0.07201063727500479,0.03853458641058893,0.16465123491905692,0.02540979275402082,0.03526513365758294,-0.01661682522065533,-0.006723087402278827,0.1023189109206355,-0.00541861434822317,-0.026267837967056437,0.00873714131075846,0.01560937050643547,0.06473666184858952
1253.0,-0.02887358906993006,-0.0362313535786837,0.05499269062697463,-0.05826435684094155,0.024821643193019306,0.14986107317354985,0.035931578203043844,0.06941089915069756,0.02993374617361106,0.07787999972022684,0.1414246425302238,-0.0018432937429999868,-0.003402591350871041,-0.025393107165791413,0.028843534415629167,0.08484604913910235
1254.0,-0.04162822667407932,-0.06533954916024859,0.025988155168791768,-0.046020290759891155,0.0031797061643997946,0.11638121204131811,0.0521366653041148,0.09284091372717793,0.05699036184561991,0.1253526492919041,0.1742906466669116,0.00950090788993038,0.015259874088979634,-0.05758097928750522,0.039189075013605044,0.09174039992082264
1255.0,-0.056924384933437086,-0.08542483949877733,-0.019671260277638623,-0.041396988023367,-0.02443832020827742,0.06797444468552892,0.07240090938731715,0.10263623229558533,0.07263606307893418,0.13608407854342353,0.1872142793199436,0.0226920087163549,0.02121721664762391,-0.0885152742924575,0.04621154707237522,0.08945494858630418
1256.0,-0.06957987215107275,-0.09264929612456284,-0.07405530040175452,-0.04888199238828352,-0.05605048964687594,0.011366151349261245,0.08998768481170312,0.09688199835169953,0.0871357737074613,0.12381475194647032,0.17262586356953497,0.028711440906111323,0.013194260940476508,-0.12090324344059725,0.045653669119320055,0.07996556892998925
1257.0,-0.07430341097300822,-0.08895261614225193,-0.1268457824699915,-0.06864272320173552,-0.09002442276689587,-0.041858207561520235,0.09601178122957604,0.07513070044373688,0.10628491589965028,0.10706777631617276,0.13251369137309224,0.01886959341608554,-0.0026372987134571572,-0.1537592014454179,0.03205779860854353,0.061938055893534016
1258.0,-0.06736557348179573,-0.08003083430966425,-0.16723427476045324,-0.09628336809526,-0.12469049168781755,-0.07709917481239238,0.08374125529645746,0.03907515554134013,0.1284023258749933,0.09937149175406917,0.07667656002427982,-0.011853650636411316,-0.01677527026915824,-0.18078664479092796,0.004267098943719657,0.033255976969742675
1259.0,-0.04808782442156634,-0.07153897909157543,-0.18769884101412118,-0.12473033395885945,-0.15729999410940332,-0.08359160336397921,0.052232854695420425,-0.006135950236578052,0.14555325295329502,0.1028706818828684,0.01748342707360774,-0.06272784798317296,-0.022493930317758506,-0.1940705495292142,-0.029592556875583487,-0.00526671873605258
1260.0,-0.01968760956957232,-0.06650427993024895,-0.1866888176059195,-0.14653379136502462,-0.18379505112314576,-0.06113298392511824,0.007511802994139359,-0.05192787279591224,0.14756473509230264,0.108800382377887,-0.03445835239623638,-0.1269723437463309,-0.02012576739403202,-0.18873285821144584,-0.05306238790699708,-0.0480022114674935
1261.0,0.01140371944274013,-0.0645239508514146,-0.16738713684683718,-0.15560801266469546,-0.19987462296669783,-0.02014767972105254,-0.03921027777477958,-0.0893512152715007,0.12729426519976453,0.1042537598839573,-0.07114865799153135,-0.19307135748746035,-0.016181806862909348,-0.16400754836092246,-0.04930831739928776,-0.08525384842102667
1262.0,0.03770006725574195,-0.062476204531528405,-0.1338181978701836,-0.1485987711147398,-0.20208743995112832,0.024782453284113305,-0.07536741198233486,-0.11349196325197693,0.08523918258545993,0.08084609410899339,-0.08646978134592344,-0.24757588590197743,-0.01794449802188471,-0.12143166371627327,-0.011163816636019348,-0.10635706026988533
1263.0,0.05348788113667773,-0.05667144077487197,-0.08864663048220062,-0.12580934557214457,-0.1879758841767213,0.061734710704671736,-0.09144099249207786,-0.12607579706883504,0.03071767379288531,0.04041531467940608,-0.07684741454914315,-0.27896200070084204,-0.028610981918495506,-0.06393374092069014,0.052855865752926674,-0.10459564346941623
1264.0,0.05725899925582822,-0.04538714774987696,-0.03436487142255188,-0.0908963519886863,-0.15575874339406856,0.08439812622961032,-0.08443666529534358,-0.13459746137197426,-0.02171096514401687,-0.0046625757751366,-0.04317483909131357,-0.2811383927340333,-0.0470447108866133,0.002912671130425463,0.12011135842659083,-0.0816892427287635
1265.0,0.05212553888633767,-0.03000173161519619,0.02463539277444535,-0.049033274257966664,-0.10461735769385126,0.09174001052587363,-0.05892774336109114,-0.14826493334086813,-0.058663801463945564,-0.036377136075418044,0.008154890751535717,-0.2549737979653689,-0.0705917882696193,0.06999447425135306,0.16286451238324945,-0.04809451742435899
1266.0,0.04357768543797701,-0.014223151204821984,0.08140595310716352,-0.0046831837139208205,-0.036084286414513084,0.08631891442055223,-0.024697646065039155,-0.17255972192730665,-0.07373998753082738,-0.03944650734793943,0.06628321106305513,-0.20728466156588493,-0.09670651065214396,0.1266184925626406,0.16044650139623554,-0.017761702487849796
1267.0,0.03620486715428328,-0.0023680547598957,0.12719796124243932,0.03938595581015394,0.04403586777854072,0.07238957382905165,0.007978231592543435,-0.20547502866653844,-0.06992366991506502,-0.009495537911478691,0.11837407885482071,-0.14835171679495587,-0.12218531829657867,0.1644380209019729,0.10809855714705623,-0.0012870316019866273
1268.0,,,,,,,,,,,,,,,,
1269.0,,,,,,,,,,,,,,,,
1270.0,,,,,,,,,,,,,,,,
1271.0,,,,,,,,,,,,,,,,
1272.0,,,,,,,,,,,,,,,,
1273.0,,,,,,,,,,,,,,,,
1274.0,0.037287501764721766,0.08047671426940974,0.1056120012285879,0.17996204734395244,0.21047698684789848,0.005259299465065397,0.07540855097039527,-0.08047142923877582,0.005619982139683297,0.12582042354833464,-0.06724594453782182,0.13333320029644072,0.06981222662796618,0.1883444630485625,-0.2437167577442227,-0.05481518227646275
1275.0,,,,,,,,,,,,,,,,
1276.0,,,,,,,,,,,,,,,,
1277.0,,,,,,,,,,,,,,,,
1278.0,,,,,,,,,,,,,,,,
1279.0,,,,,,,,,,,,,,,,
1280.0,,,,,,,,,,,,,,,,
1281.0,0.11582622246458148,0.08024198089251602,0.13260608709324181,0.13709292767632988,0.17772091722814345,0.09559115621763217,0.02893242245972855,-0.1489192531224557,0.15777541388357488,0.019023909591522465,0.24828713938567767,0.0756130936022286,0.0041349895133922406,0.1422162933670185,0.09570336227379614,-0.024096993986526254
1282.0,0.10002463474535706,0.030950969819021474,0.07948665901392936,0.11900383189102187,0.15358770519079915,0.1099870585557036,0.01930950349701243,-0.13099979657752783,0.13868427889976465,0.04609107890687007,0.23700744967685441,0.006107902853870077,-0.020874795783468583,0.08205414928797912,0.16046883287412025,-0.06238882043679201
1283.0,0.08684038486841643,0.006406353849563501,0.03986498522706181,0.09926772986291933,0.1315733182844534,0.11939427506111963,0.028032780618343595,-0.08405449409017313,0.11939285810080626,0.07404351566233518,0.17181847199067982,-0.04000061381731518,-0.016588682791369488,0.04508828507614176,0.1948619197752897,-0.08715710244188643
1284.0,0.07327935172294948,0.009370564563152942,0.018111386029985334,0.08328009757081929,0.11120733038561287,0.12025164365512724,0.052165295332681126,-0.026510141961106046,0.10010658282155521,0.09156670430528277,0.0619570561001184,-0.058562392987247164,0.012292930550661387,0.03711759209798427,0.18510103888400445,-0.0941258135703834
1285.0,0.05496155774438607,0.029187742404701143,0.012206328303792759,0.07528012368262153,0.08894456921471536,0.11012702109372627,0.08078582474946949,0.01528113500779563,0.08099448488666039,0.08916319789117896,-0.06833828284844919,-0.055732406369224496,0.05281964087030598,0.05117942667791794,0.13164411236588408,-0.08537017793736949
1286.0,0.028643166828893087,0.04746339582581043,0.01589000050528449,0.0762176638215029,0.060887354456615056,0.0892979638306352,0.09980609222279008,0.019195093175898247,0.0625199016811369,0.06196689383885575,-0.18755020588799087,-0.04441798135331984,0.08796242537065116,0.07074399476808049,0.051557287720002044,-0.06711208520529645
1287.0,-0.006181425726573497,0.04790030525563139,0.02104852970871757,0.08366032177061622,0.025962836462130177,0.060583186003389494,0.09788357203885761,-0.021297849916900997,0.044225584677012895,0.009710107430180154,-0.2689860158461264,-0.03872156967923513,0.10237849009360019,0.07686031083598731,-0.02719196491296369,-0.046867945496190784
1288.0,-0.04722417123670818,0.024237922963626053,0.018609743963327614,0.09283905463922663,-0.01286380120922013,0.02745031593338593,0.07109157291097973,-0.09346251179246608,0.024169544189757374,-0.06538885955007634,-0.3013337034369848,-0.04930784587711306,0.08731224187927913,0.05629718292940771,-0.07819624610335009,-0.03083301986580807
1289.0,-0.09029074272407334,-0.017876320771049288,-0.00040333655627443213,0.09786266130125036,-0.05006270373794028,-0.008210160182456579,0.024375947393671236,-0.17175324746945012,0.0004958349059942846,-0.1599869621271782,-0.2920453549260556,-0.08072285817026333,0.04211456269364367,0.0072233509724034225,-0.08895584811070081,-0.021641416817695772
1290.0,-0.13016475361674718,-0.06511695604473974,-0.04095883664788241,0.09343224018317745,-0.08045563036228962,-0.04640885727190066,-0.03185958569544867,-0.23024608973891267,-0.025991881216821257,-0.26802917347914,-0.26162836734080896,-0.13017733682219304,-0.027707223161810263,-0.06039812856054894,-0.06582116775748596,-0.017948596592933262
1291.0,-0.16167902581249538,-0.10348012169427069,-0.0993792776202772,0.07694837858959774,-0.10179913926468333,-0.08683794542700791,-0.08815104616725007,-0.25334628638004175,-0.05097601407736396,-0.37785948662253643,-0.2325659817809146,-0.18788760866772392,-0.11294096247923681,-0.12998415352254952,-0.02905272702766923,-0.016687062777944732
1292.0,-0.1813592666139965,-0.12416575870868779,-0.1630395051277458,0.04976973206330874,-0.11596585319631496,-0.12672335447045902,-0.1399511568126242,-0.23952128447977933,-0.06891435468227947,-0.4721849674535447,-0.21971501879244273,-0.2397307798692016,-0.20166643282091912,-0.18624778695684704,-0.0016329645500714309,-0.015966234515736786
1293.0,-0.18867681183184262,-0.12578496559781982,-0.21553338765574398,0.01671563727183383,-0.1283886233042964,-0.1612772652570591,-0.18566767072121348,-0.19814416906144086,-0.0771568071561612,-0.5328797142723499,-0.22649472438994134,-0.2720619870110025,-0.28089777330504556,-0.22132964241249278,0.0016924348315945931,-0.016190344979013088
1294.0,-0.18562136442797747,-0.11269995815511684,-0.24389748821400806,-0.0158955831071441,-0.14578768998975616,-0.18582078183634898,-0.221540438171579,-0.14292930705313142,-0.07870228446973755,-0.5483414262864487,-0.24660404701608182,-0.27692198847247496,-0.3407860763871342,-0.23600135541261383,-0.019444367685166494,-0.019121533534784893
1295.0,-0.17479766665037097,-0.09174438571087006,-0.24380839435053664,-0.04264286420294669,-0.1726759974240631,-0.19712752892420987,-0.2397935305124985,-0.08598482793327003,-0.0808857185755904,-0.5188141774630459,-0.2687583657990563,-0.25481507146128035,-0.3782816870488813,-0.23671846303464672,-0.05148192030879413,-0.025758821315436543
1296.0,-0.1574575045989259,-0.06960796553796676,-0.22022033004220784,-0.06081605011360142,-0.20800945608747787,-0.19349083615848417,-0.23250810399097474,-0.03492086264332102,-0.09055765195284647,-0.45636669799924884,-0.2818632374079598,-0.21304164383280072,-0.3958401509220618,-0.2315451262289899,-0.07445549724734028,-0.03429179761744343
1297.0,-0.1328041516426311,-0.05120350706470262,-0.1834948334689629,-0.07104939623026926,-0.2440408435320488,-0.17516961264603226,-0.19713100109177448,0.007274549073719846,-0.10967070847290042,-0.37972628861661734,-0.27896806321594636,-0.16084589937848315,-0.3959246341555583,-0.22661918714013676,-0.0740480958194444,-0.03991599867692322
1298.0,-0.0992876908342095,-0.038476620896253186,-0.14375126998236942,-0.07662645398779606,-0.2689064505069719,-0.14620538514895323,-0.1388315246300173,0.04132259149534778,-0.13474917814189127,-0.30690293041162064,-0.2593860050772027,-0.10540639020992874,-0.3764638321188667,-0.22368133972774767,-0.050526950008714246,-0.03713662983535731
1299.0,-0.057428626900141826,-0.03002491639242285,-0.10687408193304838,-0.08178425508676863,-0.2724410255630479,-0.11559449717556804,-0.06902628970809259,0.0704906325678891,-0.1600525968862418,-0.24908565600573088,-0.22856073259915655,-0.051313173325599114,-0.331240962531145,-0.22006586953743262,-0.017652128438969673,-0.02294576714832258
1300.0,-0.012226674438574513,-0.02237119196021845,-0.0742836353152706,-0.08980558732965212,-0.25219968846084984,-0.09492942266831274,-0.0019445518323084532,0.0986964550856774,-0.1812965115102376,-0.20834383761504513,-0.1952438094693823,-0.0024661924216760264,-0.2549904887180561,-0.21171307616696353,0.006572892321050119,0.0011345428501948
1301.0,0.02702442429292282,-0.012576123900239775,-0.0462402389912859,-0.10169635845370277,-0.21572384566755815,-0.09323513075944755,0.049295908322400314,0.12802297823560632,-0.1971406700752456,-0.17974476530070777,-0.16682872478113372,0.036277847689554686,-0.1496814684244025,-0.19649148286474039,0.009578689884687403,0.02910306595275202
1302.0,0.05009827305115718,-0.0006174154834371371,-0.02569597661139246,-0.11593456482150952,-0.17741198907355993,-0.11281688849038388,0.07637659540296332,0.15726512870418818,-0.2085049436241215,-0.1563163057204158,-0.14576262538921275,0.059170853027197184,-0.027949988136561795,-0.17480802332384512,-0.010453513132572877,0.05270601562515017
1303.0,0.05058771229953198,0.009930743293120495,-0.019042664748112656,-0.1295048513257372,-0.15220076396841684,-0.14835249514577942,0.07813796155976346,0.18273264036226547,-0.21727115220751023,-0.1342223641917191,-0.13003925036383124,0.061260435468177776,0.08843303134683925,-0.14836418615886518,-0.04451404097805291,0.06476786740623368
1304.0,0.02884488432140641,0.01334087818567874,-0.032951777565902986,-0.13969187456098892,-0.14976279464890058,-0.18871444351658143,0.06012193402421553,0.20071844038166736,-0.22470301065520148,-0.11570300963573697,-0.11740080719618581,0.041082923431293,0.174782224573227,-0.11956933051248267,-0.07782678147635802,0.061730731982143794
1305.0,-0.00894209242062645,0.00463242735950413,-0.06989575310589567,-0.14532419384906708,-0.17157841640665344,-0.2203964201870954,0.031249293736319572,0.21002724020624114,-0.22973092226547523,-0.1080650612389381,-0.10893547988914477,0.0030814664615855655,0.21247541029210332,-0.09154949975752048,-0.09791904574148957,0.0443790182331635
1306.0,-0.05444027477787374,-0.017315938989093522,-0.12574465215584282,-0.14667733791500545,-0.21120386941959488,-0.2314788331584717,-3.272649971101784e-05,0.21270775123723723,-0.22859838784876335,-0.11866624864450571,-0.10790161276223972,-0.04225151394423495,0.19746688534945253,-0.06738313875226731,-0.10104914018844392,0.016897985201522137
1307.0,-0.10071730584537512,-0.04767873448459224,-0.190513077299778,-0.14440452356875336,-0.2565560789223106,-0.21509260447111977,-0.027722837060444767,0.21194257851516093,-0.21654593619993634,-0.1483900003414407,-0.11448324647367722,-0.08131781577490754,0.14428244475069102,-0.04858634157206725,-0.0929235113362883,-0.015408642417283467
1308.0,-0.1437830843003638,-0.07590838543315602,-0.25055467204232734,-0.13834817552406778,-0.2929353243274281,-0.17193186114799047,-0.04842893504903032,0.20868680105631743,-0.19043773912296652,-0.1878750080516246,-0.1219499636009322,-0.10208810939841208,0.0824198026672194,-0.03367199640963752,-0.08327864991552122,-0.04879213350722311
1309.0,-0.1819496221205908,-0.08962558816927722,-0.29119289061756515,-0.12702537834644595,-0.30657294354622217,-0.11129608924531677,-0.06117111300553029,0.2003062329356746,-0.15133329172627932,-0.21967643867908165,-0.11904533512982701,-0.09832272822227442,0.04509733594287129,-0.01763717122489976,-0.07800990609786002,-0.08221517816584271
1310.0,-0.2138617487986535,-0.08173108323852932,-0.3009284751754449,-0.10827666522949123,-0.28863707947258266,-0.049313440930421865,-0.0669265782533091,0.18241136657583062,-0.10606556458103088,-0.22541503571311552,-0.09763669057724864,-0.07136382113229349,0.05408586883249121,0.006488357517123817,-0.07408443192073419,-0.11590659372493692
1311.0,-0.23706533943835215,-0.056483167652369486,-0.27657066357849347,-0.08121853385066706,-0.2385148361575733,-0.0037905807673487527,-0.0669392500657262,0.15205871564939838,-0.06635587569960912,-0.19321910325210112,-0.059430530446182114,-0.02836379590646827,0.10821038878467941,0.04332521141472098,-0.06043709952930876,-0.14851275640585662
1312.0,-0.2487150962189253,-0.028904956000336147,-0.22538056551187444,-0.049078018858426414,-0.1646705352973571,0.01290289125278046,-0.06018170846150482,0.11001939147942481,-0.04475611745652491,-0.1210800848587631,-0.015847558928801915,0.022065207519205002,0.1836645705773524,0.08920291074372333,-0.024131914084682658,-0.17542428000573065
1313.0,-0.24746664289371204,-0.01654229604467423,-0.16176930026231268,-0.021054322919617154,-0.08216102733380448,0.0003430815570866764,-0.04233869727623851,0.06108336215984282,-0.04847698680180938,-0.015674009864739907,0.01922703517496787,0.0735010029187389,0.24673334318436999,0.1283142736178649,0.04216897810748667,-0.19003175719508342
1314.0,-0.23396162052380842,-0.02927570701544173,-0.10042081439818731,-0.010465175045434549,-0.007500829351470375,-0.02794129801982399,-0.008571158159421945,0.012862300544502754,-0.07436666698800137,0.11032293734512033,0.038036033497736675,0.1218146907922702,0.26949682279068615,0.13558484384236408,0.13553218601838993,-0.18723906577795013
1315.0,-0.20932117724506963,-0.063937590545495,-0.04993645946355346,-0.028530923360427726,0.04684062371072117,-0.050519611215495426,0.04081013088233648,-0.02569861069174312,-0.10896361826378376,0.24022002279785318,0.04227494985655791,0.16256810733131302,0.23883695485547454,0.08762393227905162,0.24205395260446175,-0.16646020572050238
1316.0,-0.1736158378883803,-0.10576644940107925,-0.010646067101373365,-0.07684111315498053,0.0760326288098371,-0.04996428316580826,0.09632295192124926,-0.04612117832864482,-0.1340061879021189,0.3556317782511063,0.03958653345908212,0.18941770072446507,0.15774546497443417,-0.022939121805578992,0.3394262800005213,-0.13169122403855596
1317.0,-0.12601661375986953,-0.1351150300579257,0.022585985336651335,-0.1432833293853022,0.08359953971157455,-0.022405741933353346,0.1412515933538359,-0.043177724300999254,-0.13389667090309665,0.4400642694451329,0.0373105513876105,0.19576845786468197,0.04298958640176059,-0.17864935746445687,0.4029847350837025,-0.08909249953503261
1318.0,-0.06661787065667678,-0.13698120520599638,0.055495778380344446,-0.20497422440851104,0.07899937665838731,0.021499330478534407,0.15928193317070896,-0.017046272270147083,-0.10189558647210935,0.4821211339748015,0.03869333813742179,0.17835129715512155,-0.07935387349083475,-0.34102384510092165,0.4146435826384033,-0.044534528232228865
1319.0,0.0014030567612224349,-0.10897248390572295,0.09108046148950469,-0.23785392561849128,0.07273621534679849,0.06315567317345265,0.1434259942532064,0.027486966752358656,-0.043106428373216196,0.4771230064339768,0.04311857809450102,0.14011237414366848,-0.18073016401100195,-0.46562450583192105,0.3703251260647328,-0.00238303265519784
1320.0,0.07108717587899846,-0.062001871032705956,0.1285786721208839,-0.22776215714079998,0.07160671762030704,0.0847208886934847,0.1007382262457563,0.08360597097672695,0.02751549043622149,0.42806915217583974,0.0481551771123989,0.09095369175924672,-0.23712903605174987,-0.519158381727238,0.2811912448410125,0.03488793412635379
1321.0,0.13339331405892857,-0.012728136915928653,0.16359691143209645,-0.1764864042665184,0.07690325228410412,0.0752395501542701,0.04899542263293267,0.14362420390249345,0.09179815676303585,0.3462044073570415,0.05154921222526891,0.045705851821794305,-0.2343488652436049,-0.4900999577919695,0.16914435642430578,0.06627531577066868
1322.0,0.18058318072163207,0.02603289396550346,0.18876011343613713,-0.10003686980001113,0.08603744096343051,0.03309585283770292,0.006906473723295176,0.19854717441028868,0.13588219967850343,0.24937720718981185,0.05323432869137477,0.019275837558393766,-0.17214619917441581,-0.3902434481824466,0.06038238676006745,0.09105790187751259
1323.0,0.20917651966555895,0.05001381426782076,0.19543039940477844,-0.021081009806876366,0.09581332137204035,-0.033671905427567136,-0.014884805261602638,0.2387552737799684,0.15440463760378292,0.1570353364736755,0.056793767899614093,0.02072158524656436,-0.0662930779719378,-0.24803026923500623,-0.02116904237817202,0.10826350562542078
1324.0,0.22032621587786222,0.062204479258160694,0.17703130594070082,0.04036694307841968,0.1050006360574193,-0.10841967555663662,-0.016187579217410465,0.2567811841978232,0.15005802312657787,0.08420577567347573,0.06845484717732374,0.04936382192125913,0.054551364458383815,-0.0966607498916885,-0.06048578611833346,0.11782540990373563
1325.0,0.21758068478643572,0.06874542295555719,0.133020611706974,0.07386766052461821,0.1145365783078359,-0.16961489568468746,-0.004067584875440835,0.2503047688087046,0.13031289028507376,0.03835241282960091,0.09290356982065395,0.09477542336584456,0.15713108346613547,0.03733716881825043,-0.05642518986765687,0.12248777340212978
1326.0,0.20436800152611595,0.07463592658736433,0.07111309838527646,0.08026312072792917,0.12527787222011014,-0.19761249298163006,0.01144149725202632,0.22317106388736024,0.10382615519983321,0.019906118186017823,0.12827356421051947,0.1401709582463958,0.21311255346673702,0.13968677650125338,-0.021840136278165972,0.1286322969826185
1327.0,0.1832977147465978,0.08064432853516562,0.005882490515547317,0.0682200565204595,0.13530974421346004,-0.1817575915974375,0.020407571793880534,0.1833494082762857,0.07799182004930037,0.024142613007141794,0.16471138749325878,0.16787838513937883,0.2064498708993884,0.2067962254670838,0.022491768487402735,0.14452055851163265
1328.0,0.15696403871523085,0.08338720908569895,-0.046088685959560845,0.04877204074357925,0.13987093545612606,-0.12409404477381136,0.01562322896099174,0.13906482270331802,0.05780868432229863,0.04309642376482825,0.18900350705890184,0.16581137979069965,0.13824539396694635,0.24046150230946256,0.057378617807277654,0.17585781027180716
1329.0,0.12829161698611727,0.07912298097931067,-0.07254061103215798,0.03129447476749692,0.13495980287401502,-0.03797762681808378,-0.004626323623212237,0.09638583582007672,0.045525133098714025,0.0680166952671684,0.19253947150340148,0.13303696019049227,0.029088886896989304,0.24402342256705303,0.07285907979725843,0.2208983720725992
1330.0,0.09937351619771798,0.06769388400716662,-0.07036126382002908,0.021780841323430045,0.12164916265579971,0.057267727100654385,-0.03531607973796588,0.059610298999154925,0.04049904978650292,0.09203355120924643,0.17691951819495372,0.08090952507258707,-0.08403730647595103,0.22258225484881425,0.06991755277638882,0.26837465908529595
1331.0,0.07012628519100139,0.052515950096751626,-0.04602003264695559,0.022511844114578006,0.10684244667925225,0.142905025561068,-0.06665646457991672,0.03236301386178736,0.03935708916898988,0.11158747455353225,0.15362325340997512,0.027590896893890958,-0.15947048715613885,0.18538555950207936,0.05626699776941258,0.3002663972653496
1332.0,0.03891309151427238,0.037032773448791835,-0.010853364507166492,0.032589482460830065,0.09958453250453843,0.20626885112623825,-0.0883644444725723,0.017426526510295155,0.03733599134704756,0.12607582879622117,0.1379115196271296,-0.01088667814293222,-0.16850428022936176,0.1464063829997702,0.039605428398774116,0.2989908985530006
1333.0,0.005233768467066045,0.02152143564974309,0.026115673774621408,0.04917062541793489,0.10584533016803001,0.24373211009250437,-0.09358942710191917,0.015523462667147476,0.031220001609831755,0.13657721211681834,0.1401541163914404,-0.026713822509274118,-0.10908717294437059,0.12106928197396372,0.02213672522659083,0.2558809149299554
1334.0,-0.027840850586391613,0.0032389748456331077,0.06299970265866063,0.06863669683762068,0.1251345553197069,0.26002975646127713,-0.08065341131114458,0.024285727212596298,0.022282386935306295,0.1447769824660571,0.1600760168032935,-0.020739191982440463,-0.005806486985420177,0.12043509698050126,-0.0009263428307892775,0.1761039110627061
1335.0,-0.0536943082073035,-0.02019330954287116,0.10380222284142958,0.08710497087289343,0.15050160295235915,0.2645371995782265,-0.05248796628690591,0.038428669291702765,0.016665082653937145,0.15250569356049182,0.18805103289788516,0.0005131339360921684,0.1039665464629438,0.14588855427443354,-0.03763033272050073,0.07696184453559324
1336.0,-0.06456767132394844,-0.046794723935739045,0.15187552710866897,0.10092571973429322,0.1717754909215625,0.26702695937266047,-0.014732601747068258,0.05138682070898017,0.02264130896073671,0.16150623512147683,0.21160733613926572,0.028161097674430813,0.18794265301914773,0.1875625857455827,-0.09221228402361266,-0.018879185730996242
1337.0,-0.0545875329544621,-0.06891010124340093,0.20368336778013177,0.10787362093930875,0.18061818781079217,0.27438334413611565,0.026107037696330018,0.057428003206452236,0.04672976475986225,0.17277216754375346,0.22132319386369284,0.0534806207656189,0.23039260744677695,0.22856772316568302,-0.15919230338833343,-0.09116042571869988
1338.0,-0.022211594463379926,-0.07619272078837007,0.24826536621440423,0.10834750980723179,0.17458804718765794,0.2877742992034795,0.06334262412921453,0.05282105245104479,0.09045799107386387,0.18529806355694176,0.2128034741887258,0.06976560589539499,0.23309356690864855,0.25337265598179537,-0.22255299397021738,-0.127802779524876
1339.0,0.028133230452382942,-0.061391610196940706,0.2722303330253868,0.10537889675258778,0.15722244278241454,0.30065649195839333,0.09007753231400582,0.036029943243437675,0.1483188915608502,0.1952961374063668,0.18598444167888606,0.0735324069374792,0.20792657364163739,0.2546944447075154,-0.2616686524600258,-0.127158662915613
1340.0,0.0859242763763341,-0.025458565569816856,0.2658850639454733,0.10324799103924465,0.13401844708913377,0.30015188857974423,0.10003454725953426,0.007821171686399373,0.20783342871570548,0.1974258412387876,0.14432177253935083,0.06460322640939498,0.16751207865323972,0.23441336148562217,-0.26185980526866,-0.09664551773948947
1341.0,0.13693640535295423,0.02120211737311627,0.22703103706034203,0.10541283101355352,0.10805649977386153,0.27341580483095695,0.08960877124389513,-0.02881482056024584,0.25277547554489765,0.18791320087611757,0.09450067000466202,0.04525186334798693,0.12040352612291072,0.19978378134554706,-0.22313167169551346,-0.04952033834993464
1342.0,0.16774917137577663,0.06285830211907226,0.1619322199194667,0.11261578085710652,0.07925001224112527,0.2163248864144441,0.059872790309866475,-0.06934200393067619,0.26859289604780484,0.16738554270801823,0.045299898024887014,0.019541214156239432,0.07233136094535984,0.1593877720261179,-0.1611629156584675,-0.0012652249276660955
1343.0,0.17047266548414833,0.08627548589809554,0.08423758676018814,0.12199135083443474,0.047149855720593145,0.13850961855740654,0.01730370642735597,-0.10845222318506897,0.2473847746849387,0.1413189479628835,0.004863732644481328,-0.0070647322425296775,0.02903880798241102,0.12114535296764821,-0.10008094493811925,0.03461684707302143
1344.0,0.145458872489826,0.08696207656019667,0.011717668488570492,0.12773212692328964,0.01354593530856719,0.06035088784251146,-0.027227461445119817,-0.1407017380647406,0.1904926764581171,0.11756663504001397,-0.022103139266422937,-0.029191806383360563,-0.004253882237169207,0.09133865940052212,-0.0612840533506203,0.050910503148533445
1345.0,0.10046015845879108,0.0693967210174273,-0.03963471138646566,0.12326892133799881,-0.017932030791742933,0.0033211401684950866,-0.0613552313974637,-0.16154938856150236,0.10849326447604143,0.1022871771259467,-0.035142683437826915,-0.044084623739037786,-0.026199454405062692,0.07266532791330034,-0.05441812243764919,0.0490333447374516
1346.0,0.046779047804908096,0.04242630394376722,-0.062047026993140304,0.10417874804063344,-0.04405755139989182,-0.020411119071727837,-0.07559683650808872,-0.16848819268984364,0.019326135704978088,0.09713868585473176,-0.03655962878029441,-0.05289891953185669,-0.04078099993495164,0.061670296558374485,-0.0754327963227852,0.0377014973948203
1347.0,-0.004894874966834558,0.014602811257781094,-0.05880159730852978,0.07044516165339981,-0.06313669766911272,-0.013541982044328927,-0.06732604052616699,-0.16115563913933306,-0.05538363230222319,0.09974132368438221,-0.029242001338323484,-0.059321152468238464,-0.05431083614288424,0.04912151558694562,-0.11180971342765511,0.02795658719265068
1348.0,-0.04663677618557758,-0.007601505601475592,-0.04152481620148222,0.027078353016875282,-0.07410373852002478,0.008434196730412357,-0.041630048425353575,-0.14042284063861077,-0.09621252380442222,0.10602976733826,-0.015394809598775852,-0.06661150708669321,-0.06977340103548756,0.025708929577483806,-0.14997137099625812,0.027135603103830126
1349.0,-0.07344645733995094,-0.019436262480081554,-0.0239481040934473,-0.016997460451711695,-0.0754104810231938,0.026167637526985418,-0.00816115917841269,-0.10784495695256278,-0.09243594629217865,0.1116058739552207,0.003795228816342569,-0.07529561131788291,-0.08260835392942828,-0.01069113036097259,-0.17979304785715175,0.03567478405652103
1350.0,-0.08288099128437579,-0.017692558794571125,-0.015678153306877995,-0.05169474717723316,-0.06560320626374827,0.026666804137681573,0.023598779901724504,-0.06668776265805132,-0.04577473539920731,0.11138207885454691,0.028102740370274736,-0.0829856192438872,-0.08178480252224077,-0.05302683024108239,-0.1953221175361701,0.04849892509366038
1351.0,-0.075155288834221,-0.0019476912014399082,-0.018520119288340863,-0.06951949460443041,-0.0452676561422029,0.007860808053439505,0.04725586597672746,-0.024085931947880817,0.030303672752731325,0.09904392635342059,0.05708896517007635,-0.08634517351294071,-0.056820686784606694,-0.09009246490728015,-0.19340917138720623,0.05944916276921519
1352.0,-0.053536397585493604,0.02366277865363026,-0.0265211745617566,-0.06844073392168493,-0.01850878846907673,-0.023787736818237336,0.05976351429445917,0.00834317466430087,0.11448201621326128,0.06794518619688558,0.08733925233591079,-0.08384182502963049,-0.006614963800322926,-0.11340931935642033,-0.17169543647051794,0.06550894852193259
1353.0,-0.024388959903704814,0.0505130693943636,-0.029724089177891867,-0.05226594408837104,0.007623093822493739,-0.05844329821361932,0.0607530357178531,0.018171248759943907,0.18281038010304787,0.013990100167336041,0.11041625251583888,-0.07698048111332856,0.05666542685506022,-0.12019780735995879,-0.12782479862368107,0.06772164320549073
1354.0,0.0036398396134142185,0.06860199063304301,-0.019883897241120017,-0.02872084722993955,0.02615660560942165,-0.08726045234960972,0.05204445949068174,-0.0012818871874099957,0.21499290790304204,-0.06050495848716586,0.11491360126063041,-0.06856798219142207,0.11277015596157575,-0.11162144879235612,-0.061729500297464594,0.06818421085809898
1355.0,0.021790817989345745,0.07064845402019107,0.004854978512850169,-0.006431713070661223,0.03405258768444292,-0.10531755278485945,0.03649915736519088,-0.04665981778436177,0.2014290996681013,-0.14438073245175678,0.09283042878256201,-0.059563820141670054,0.1440987667201444,-0.08981883400512618,0.020472128748615495,0.06624791521753479
1356.0,0.02439535262931752,0.054322118604428024,0.038653307517160465,0.008044438988291531,0.033791442530046505,-0.11337009476068734,0.01573644264922084,-0.10552840103763564,0.14767284903082323,-0.21912934493475983,0.04588419193085285,-0.047759368502036985,0.14306233619945435,-0.056999300886302194,0.10515940972022829,0.057958181409512546
1357.0,0.011164564481474409,0.022427460896649015,0.07083735339012658,0.012128380751497211,0.031113604406320196,-0.11759000591945803,-0.011358418728904996,-0.1608933732309716,0.07242562547596819,-0.2651017134872082,-0.013519672925545992,-0.0296350233906613,0.11139148080189644,-0.0166916013270961,0.1747075704864028,0.039349163872424514
1358.0,-0.013051980591522351,-0.017798291373366415,0.09147917902522408,0.0073475665945234355,0.03055100743080685,-0.12591366322103315,-0.046823234310859455,-0.19647254531650699,-0.0002537390464653335,-0.27024575953496444,-0.06748317043310101,-0.00392874881243193,0.055282664914707104,0.024788965060874708,0.21400433495459475,0.010352624791201564
1359.0,-0.040388242707140656,-0.05628929721282616,0.0956824529800975,-0.0020891712107831387,0.03197260326692192,-0.14205139952971968,-0.08907541740918677,-0.20130299448047928,-0.04989900422733523,-0.23691655215835558,-0.10013860320059703,0.025692186669341116,-0.0174538379363275,0.058388954816675394,0.21610125762389223,-0.02412086978810147
1360.0,-0.06252991695472493,-0.08286681532787679,0.08412048072719104,-0.011170624289020796,0.030676460084581178,-0.1614069991480018,-0.12973841041104495,-0.1727941229454226,-0.06584646818138906,-0.18248438065509642,-0.10352932583609199,0.051015741758772555,-0.09646418880037617,0.07487275753273827,0.18429780927250117,-0.05669001661962651
1361.0,-0.07306113500784533,-0.08995377939376788,0.062024338728784933,-0.01572355722469474,0.02122579638754375,-0.1724114363288205,-0.15553608004174335,-0.11730305783428767,-0.04903697083809994,-0.13213487443967672,-0.07999785824647823,0.06303059598103408,-0.16699358623638602,0.06949820514503927,0.13099399240403412,-0.0818576102548707
1362.0,-0.06900815264235378,-0.07433025748631322,0.03845870846317329,-0.013818979820928496,0.0023812436768172406,-0.16261280288938135,-0.15468369815236016,-0.04803138852272029,-0.009237721573318241,-0.10682552366018012,-0.04070057641932287,0.05664369413757876,-0.21149935767825673,0.04589439086596558,0.07470116772717142,-0.09907809915764741
1363.0,-0.0510821122887161,-0.038478238263483136,0.023662093805675036,-0.006510208586800629,-0.02045612315913698,-0.12569577518215866,-0.12358992883523238,0.018882514129633227,0.040129954435217934,-0.11342927358773404,-0.001121142330610766,0.03291528976721315,-0.2164660181264087,0.01562986628696706,0.03511402658174695,-0.1121003682820748
1364.0,-0.022966067531161073,0.008598791103840969,0.02324421803221522,0.002717594963991921,-0.037186283667554415,-0.06542079899433306,-0.06968591617155448,0.06867771733120048,0.08588596826521847,-0.14321520718245698,0.024838807194110357,-0.0022092389628117857,-0.18037065210029773,-0.00681730248554124,0.026218718702211624,-0.12564912472272202
1365.0,0.009797304903896664,0.053305772914064936,0.03341195512892759,0.009432195336059664,-0.0384264603327831,0.005360392762011509,-0.00841021222174809,0.09136444868589404,0.11671207376568726,-0.17843889467877233,0.030433052733971837,-0.04041495842700813,-0.11570693920591066,-0.01070969124242109,0.04999103430093247,-0.14272784594204244
1366.0,0.04120351379720061,0.08315152853181412,0.04277133203485222,0.009946904884758414,-0.02094382689615595,0.06950066889063694,0.04441389685979221,0.08351710041976466,0.12478001170560499,-0.20116896751953212,0.01866978653970013,-0.07278674396156541,-0.04233235821401923,0.005963547938885367,0.09490216300262114,-0.1636786367114592
1367.0,0.06634553404123039,0.0929214603196838,0.04050284304183799,0.002951522112695608,0.01068660475682484,0.11170549313956452,0.07983105295614104,0.04870824174300316,0.1083578519566335,-0.19927265001181538,-0.00038081244381306763,-0.09142848906112823,0.022412499289551274,0.035284169080755136,0.1411958562585324,-0.18596003668206415
1368.0,0.0827060388443195,0.0864920459054979,0.023975209072965624,-0.009495778003969231,0.046944765763695835,0.12413198049899944,0.09737849822406149,-0.0033129733117907827,0.07295179298730442,-0.1690704206499348,-0.016310705894710953,-0.09182522261883087,0.06860253394309315,0.06273649258491118,0.16979154356135162,-0.20447505639873834
1369.0,0.09073339843965152,0.07342454425886796,-0.00034611658251265356,-0.022551363371289806,0.07818867067505571,0.10947221532471986,0.10126049665679364,-0.05908159880608054,0.028760124705996763,-0.11588994648712003,-0.02439373508104278,-0.07477436971389062,0.09196709781287693,0.07400177293977538,0.16964305824086337,-0.21291130453509946
1370.0,0.09346739104889276,0.06422794256077606,-0.021518941555800288,-0.0307122092657953,0.09851692825652156,0.07919507310901555,0.09609869774609384,-0.10487480736961337,-0.01401554868807159,-0.051998827320936074,-0.026788122911442436,-0.046066967638476154,0.09092049648536135,0.06220290469288258,0.14133435943010075,-0.20562887985042697
1371.0,0.09500955119103255,0.06737270994294817,-0.029537342788302837,-0.03043071171472535,0.1069313826847287,0.04712797239759788,0.08552528511583272,-0.1300494543019228,-0.048428555347178034,0.008814909320736723,-0.02870759072878035,-0.014185363357128125,0.06651531582314389,0.03146351263448259,0.09688939406208995,-0.1793963579630495
1372.0,0.0979925655175355,0.08669430164300886,-0.019983525969825815,-0.02217925266662173,0.10530960393225625,0.022425096371942774,0.07248920639729438,-0.13034355072115741,-0.07115593784328694,0.05752508933894711,-0.03324312625570775,0.012081892129257662,0.02393596332443545,-0.005978701250145799,0.05519085600901955,-0.13478261985683077
1373.0,0.10154619521134689,0.11794925375025814,0.002182916668396698,-0.010942842570079088,0.09482833696279926,0.006290501823631113,0.05950415802293791,-0.11037699535180927,-0.08150063138062578,0.09229038372727415,-0.03922262225304404,0.025540066308317445,-0.027463264778327008,-0.037362553953484506,0.033302420210228376,-0.0769966523604184
1374.0,0.10177878703539459,0.14806196332235746,0.022745710133829394,-0.004189082470689915,0.07404988005186547,-0.006529031216103848,0.048906148149327075,-0.0821795896769437,-0.08087915623966913,0.11526555118211414,-0.0431898756626898,0.022838298539948357,-0.07633106898217734,-0.05615302682474106,0.037911387388267596,-0.015394525106663483
1375.0,0.09475725584545479,0.160648566266476,0.024886093134130195,-0.007791729428743207,0.040250411574146064,-0.02369275982823657,0.04305358348523507,-0.05852109486872164,-0.07289217871255232,0.12720806812034965,-0.04296657506077817,0.006317768257482654,-0.11245531721496624,-0.0636179126730191,0.06313299467902436,0.039249988005721284
1376.0,0.07940299323039793,0.14479151267304172,-0.001088546913173445,-0.02225676326416084,-0.0074866629791565135,-0.051360127702129534,0.04330449334350467,-0.045497721564949814,-0.06329543591434982,0.12465275674670366,-0.03973146403670402,-0.01672881863676677,-0.12944056666245954,-0.06548837371501763,0.09610551363784428,0.07887341031949159
1377.0,0.05791634382331261,0.10039003534843884,-0.05206374968596379,-0.041783959453388565,-0.0658562764339303,-0.09099846331335841,0.04795237401712949,-0.04033192732414462,-0.05953212385271961,0.10152983803494094,-0.03727683760687151,-0.037502527742412764,-0.12605204954148,-0.06728958626078244,0.12490340949212922,0.10068267409510756
1378.0,0.03414375233865273,0.037258304707075564,-0.11390785006952261,-0.0569902610238232,-0.1271352158757256,-0.13641135763484963,0.051375621557406305,-0.0351455062527633,-0.06878533634802379,0.05362544086506182,-0.03929683319794433,-0.049442021894844375,-0.10589126144837892,-0.07174630469229197,0.1428621237055358,0.10630081651116276
1379.0,0.011910134772479052,-0.0298191438557439,-0.1683854522347022,-0.059852228266938444,-0.18141577910053364,-0.17293537167391324,0.045968730249085606,-0.022263502504288903,-0.09391640736885738,-0.01726366642748489,-0.04693497955729858,-0.05018969490091565,-0.0757363293511553,-0.07877585910932146,0.14802387782176343,0.09891362143865724
1380.0,-0.005915418805505883,-0.08655435121913019,-0.20095546698832598,-0.04799459632554036,-0.22000622451738516,-0.1820301931769021,0.026119488640283517,0.0026741006734147085,-0.13019839357496457,-0.10190775146103404,-0.058247681347195594,-0.04132960000609111,-0.043131821541272715,-0.08643247475314186,0.13985461926277343,0.08095497631111243
1381.0,-0.018045313529166437,-0.12296309544973869,-0.20610073127445122,-0.025779282219883362,-0.23797389712526704,-0.15050563893424626,-0.007828018300029039,0.039520401659090834,-0.16690351173705395,-0.18542690572111228,-0.06947647740211817,-0.026657073189016674,-0.01393913109162871,-0.09189542670673549,0.11658908247859653,0.0537748095741682
1382.0,-0.024999650155779252,-0.13515427631787708,-0.1881608354180999,-0.0015420706414559012,-0.234633480098863,-0.0787940747974308,-0.04793103493227508,0.0830890186470355,-0.19312505972408853,-0.2512034825461766,-0.07717179516511855,-0.010457391061119332,0.009144193853703603,-0.0928228364466951,0.07596656449560375,0.01946163878849014
1383.0,-0.02845697126863147,-0.1254536196915002,-0.15779848601869623,0.017435338461198543,-0.21247404086413915,0.01747019763109593,-0.08104198868186441,0.12428092053947325,-0.2029941644228545,-0.28562627437969523,-0.08046081692412922,0.0034238209488163668,0.026829700027574753,-0.08886616014470926,0.01926581587200222,-0.016375714891113235
1384.0,-0.030017014269903913,-0.10087377038377872,-0.12635399243179982,0.029136410231629547,-0.17579639782534176,0.114037983313209,-0.09480709876797248,0.15396523230553666,-0.19681318104192985,-0.2824018184987365,-0.08224782352651587,0.012422509505948604,0.0426190362622697,-0.08186930026453611,-0.04516523258036317,-0.04322054151665708
1385.0,-0.030301071736884955,-0.0701783883985645,-0.10088962478710913,0.03724074376761372,-0.1295245516189565,0.18864195231001754,-0.08390165384155093,0.1673100223193665,-0.17847909139880352,-0.2445453331065085,-0.0874595396921859,0.016278536788645295,0.06070796204635746,-0.07372071988525777,-0.10359165251706742,-0.04806069727862603
1386.0,-0.028871090348764172,-0.040582828412230564,-0.08223713594118427,0.04731737374134601,-0.07796788432428538,0.22890623896009252,-0.05247804742853593,0.16503862941358713,-0.1517609178666264,-0.18267963379042865,-0.09829157958111442,0.01712369655193591,0.08250913598566323,-0.06363101494487863,-0.14352580533393974,-0.022170483930548032
1387.0,-0.024858927858452878,-0.015519410204288661,-0.06696952531994961,0.06175808470635751,-0.024141047257103417,0.23447551464409352,-0.011758705951230302,0.15152605345936776,-0.11817451839958444,-0.11068454645068822,-0.10971174322693282,0.018380008324870186,0.10493297175370289,-0.048065088611943634,-0.1592428260800423,0.0312456915268749
1388.0,-0.018038911411568756,0.0053500307716472725,-0.05141145953884042,0.07736388999476705,0.029179541323901135,0.21510166319410853,0.024997938984460448,0.13219206048997528,-0.07800563147343598,-0.041339095562770954,-0.10944024969104707,0.023679048249881113,0.12269885489894163,-0.023859621259792456,-0.1521377575542686,0.09489832780562076
1389.0,-0.009600372639275809,0.024023236984415514,-0.034235460841550394,0.08699128378928425,0.07720597841961666,0.18632724203437764,0.047658098830149334,0.11148440997498472,-0.03352299620223256,0.016128330119906657,-0.08408977305632515,0.03620025884460654,0.13194992066317804,0.008311037384884637,-0.12790250106885623,0.1441256507372779
1390.0,-0.0016378935441355269,0.04175108422954826,-0.016460693786612673,0.08354735250859824,0.11227922416707359,0.16264628038172976,0.053073412875164344,0.0916843015856431,0.008851720397374935,0.05638584411257466,-0.028591323822413393,0.05770865110581401,0.1313699245417135,0.042933656725817976,-0.09345000309134484,0.15900183975408425
1391.0,0.004314182664460479,0.05796897811420564,-0.0003326976160127799,0.06371881014196648,0.1260853782717136,0.15022314504972253,0.046086752066794974,0.07292897321746421,0.04003317983114306,0.07752286203409156,0.04755529403677735,0.08726312768622589,0.12093943155514289,0.07171197304100776,-0.05470443196059433,0.13414802821923966
1392.0,0.007988623658811663,0.07049121527905707,0.01193963959032323,0.02975305326552802,0.11378145353830091,0.14441507383402447,0.036651040962934166,0.05430290559603724,0.05278995800311157,0.08124612353745224,0.12253721998602274,0.12028511837820284,0.10093366559534579,0.08750391269098741,-0.016044379940986356,0.08049116493097092
1393.0,0.009638549670253039,0.07623981443007771,0.019567175804408494,-0.011319399481599603,0.07753132381349034,0.13450222478690796,0.03441336323131928,0.035177238696272345,0.046006782561929804,0.07340121788891496,0.17230855458936215,0.14847764081716727,0.07244641919955554,0.08781566062981491,0.018738583832813394,0.01897512298481096
1394.0,0.008877763184106517,0.07242460071942476,0.023720836451895332,-0.050430787182749105,0.0275117300641414,0.11121058525613232,0.04361010232281459,0.01595644768526922,0.025469676307123598,0.06261401150136363,0.18208246425478128,0.16119599132876694,0.037987968094785066,0.07561435968319323,0.04551502129579568,-0.02942559129899119
1395.0,0.003831970215501037,0.057851417486347874,0.025999926535168718,-0.07947759824502619,-0.02076450211618275,0.07110126166804756,0.0607936902457405,-0.0024414045345418425,0.000574566806334233,0.05629738956948006,0.15222836362476627,0.14880066228249325,0.0003783312516079962,0.057371136442562934,0.06033328259561423,-0.05239080764189889
1396.0,-0.009200507249959064,0.03340466660908632,0.025815253718763337,-0.09331123699806271,-0.05254044763780196,0.016628301520134423,0.07688984252087783,-0.020131365220620426,-0.020530224341999526,0.05685986578357534,0.09583121872866779,0.1071891710932535,-0.03832902049189691,0.039883989688182436,0.06126361107383124,-0.05013874942289845
1397.0,-0.03463132072181829,0.0017789213430459614,0.01968690873183988,-0.09080541012095188,-0.06056074706712754,-0.04579095401976584,0.08264586864733645,-0.039095486739811273,-0.034218147682118887,0.06162825651242605,0.03056700586589461,0.041096534279714776,-0.07526739732342173,0.02719043958220334,0.049347131066966234,-0.03349630632363568
1398.0,-0.07459871897771672,-0.03260634517390381,0.003969991055274391,-0.07505988614032699,-0.048277505241485975,-0.1079576124359698,0.07365273740972261,-0.061572713409859495,-0.04192293185824312,0.0664111034602677,-0.02944617885031884,-0.03635727866197536,-0.10497370793064471,0.01906998603008886,0.02692796656404738,-0.01784791151698179
1399.0,-0.12597252747025697,-0.06390979101351055,-0.021270050612691112,-0.052096378444323216,-0.027054075864789733,-0.16240550901615866,0.05154153146865589,-0.08663328834780033,-0.04862934903257996,0.0690550749315591,-0.07717137427162776,-0.10820927370876392,-0.12152007574713086,0.012625433183156067,-0.004291290101132771,-0.015812526151328735
1400.0,-0.1799139032306223,-0.08646592986463171,-0.05107747470186925,-0.02831346142747376,-0.009143706217781555,-0.20496889866336654,0.021771638864450327,-0.10815246257102198,-0.060491741054578135,0.06989046157085996,-0.11090910946511162,-0.15972781407197972,-0.12291953802664879,0.00583188802897824,-0.042337138205563174,-0.0311964590668374
1401.0,-0.2245452673141471,-0.09699343440151119,-0.07837720248118991,-0.00835046046288808,-0.0014966115623214547,-0.23520266750367214,-0.0090896396982259,-0.1171573038241363,-0.08247317484157991,0.0696064093571923,-0.13019676726607338,-0.18294560509534535,-0.11295739321947382,-0.0005409562027149462,-0.08269816985524471,-0.056658927443738294
1402.0,-0.24907174695043652,-0.09585043431842102,-0.09814777758682576,0.005478216956125459,-0.004334588672676595,-0.253682428731214,-0.035180513046315115,-0.10803240401542714,-0.11587422738287444,0.06733396886040724,-0.13279247760277485,-0.1784004355559023,-0.09906831718523129,-0.004542743107267071,-0.1186205029025317,-0.07707374871513686
1403.0,-0.24721937397051305,-0.08702284156606098,-0.10948904544074702,0.012507429622533378,-0.013957087705919666,-0.2592577129676878,-0.05271699483099938,-0.0844829776832761,-0.15551300642295893,0.06077740818111387,-0.11483463332648776,-0.15383829414198164,-0.08812756609968127,-0.006003010773657239,-0.14458286101168624,-0.07796309849737129
1404.0,-0.21858685297897926,-0.07685459845861208,-0.11435163390911787,0.012876088403689267,-0.026163241864082965,-0.24958508915662142,-0.060611293500185175,-0.060414704036040955,-0.18861721589752398,0.04816562575085422,-0.07455931449676002,-0.11983929194527039,-0.08229040752607285,-0.007294683784959168,-0.159390619310733,-0.05442791547998501
1405.0,-0.16775823946720814,-0.07109788267765242,-0.11408115123985695,0.007256583281535071,-0.03765339741558114,-0.22409260556616808,-0.05960211253787311,-0.05360829397479844,-0.19826800572765776,0.03032422355636757,-0.017308965186674758,-0.08439122476713776,-0.07710149785966108,-0.011082981290543003,-0.1653397308783641,-0.014600243105121272
1406.0,-0.10245887877644645,-0.07159442828979307,-0.1059919430100945,-0.003056170898380735,-0.04590646993752329,-0.18593202150241092,-0.05089252389515236,-0.07530072558035787,-0.1704601603062651,0.011071365008472141,0.04262186892644343,-0.050385947351509905,-0.06382327201499709,-0.017199634230748963,-0.16421345461566342,0.02477195637354218
1407.0,-0.03232136825253877,-0.07560073081986601,-0.0829391594832563,-0.016205552005931448,-0.04935954253461814,-0.14107791270223438,-0.035831365849785725,-0.12264807931452433,-0.10045210185129984,-0.004215961659289592,0.08616033542952803,-0.017610858998323015,-0.03551723525349803,-0.021216866127474223,-0.15452173344939246,0.047348593957518115
1408.0,0.03176852066158296,-0.07852399694598126,-0.03802225641058811,-0.029785900945812252,-0.04792516917654478,-0.09627818053541358,-0.016533727775782332,-0.17912530861220835,0.004360084348198324,-0.01043737337579528,0.09790831178981703,0.01363165545004585,0.006715295498404908,-0.01627070379161669,-0.1327904899944763,0.04503117468990178
1409.0,0.07916766256758567,-0.07742075419831783,0.02767539274601032,-0.040496486352338414,-0.042524712774074575,-0.0588292694581074,0.003696145818611196,-0.22201939329989823,0.12483744146453228,-0.0042671060418945335,0.07380778542515246,0.040810787680923895,0.05189718735591715,0.0023681939938027564,-0.0970061695208706,0.020748817414941428
1410.0,0.10229179520621677,-0.0726214789814163,0.10054578115800869,-0.044042525253585325,-0.03375660638312207,-0.03773727294136884,0.020786602162773556,-0.23227351048677392,0.2336880998847405,0.014195778393870116,0.023241772700422103,0.06004981691671455,0.08394597248001374,0.03304046702154932,-0.04858239133062712,-0.014128751828956967
1411.0,0.0992920692606609,-0.06703885665612702,0.15802488225565078,-0.03631114458233114,-0.021113415515104744,-0.04226218134592879,0.030964982327762607,-0.20220934918483596,0.30305914549008145,0.04020716970935208,-0.03566055180688757,0.06817750166067865,0.09047509928196912,0.06696216393561358,0.008210796511418417,-0.04575844165945355
1412.0,0.07455835926342706,-0.06422774188308635,0.17898148955958762,-0.01585248144410373,-0.0035197744815595945,-0.07617040570966228,0.03192319232573957,-0.1385832624878063,0.3145339004142381,0.0654750570529297,-0.08413101429242811,0.06428001265852319,0.06955202533431125,0.09162972845411131,0.06763981581770481,-0.06431935769436202
1413.0,0.03633414391439079,-0.06681217152128692,0.15455727621909102,0.014001762282624697,0.01913118765469699,-0.13171701555601953,0.02368149461040663,-0.05982049537407486,0.2664316118256884,0.08154303449584031,-0.10944047818019793,0.04989871186359824,0.030187511909274357,0.09670236776158966,0.12310438522335541,-0.06803348009811533
1414.0,-0.006840891076478959,-0.07610729959885569,0.09318540780612625,0.045604685595077736,0.04471886894615363,-0.18907050385831517,0.008584582060748195,0.012234822906310356,0.17397234127197206,0.08267465860771465,-0.10834188483838256,0.028314488868398633,-0.012451752154957736,0.07953634616404157,0.16718862396478018,-0.06267924519239311
1415.0,-0.048093876365803236,-0.09192282965545302,0.017529964757124025,0.07034270503696592,0.06910677182606653,-0.22298415120135326,-0.010129529895253857,0.06277376079747235,0.06277813532443106,0.06652010108901027,-0.08771700363298865,0.0038859006560959457,-0.043433498069391695,0.04714526051884415,0.1922576532507275,-0.05704281320249403
1416.0,-0.08195292600916437,-0.1114917726154858,-0.04458162713728386,0.08251312142578536,0.08737006844135582,-0.2135711201203059,-0.03029954342624618,0.09051388378012706,-0.04003432268575888,0.03397701168359816,-0.06185336752118703,-0.01838800443567134,-0.053255022747726456,0.0129028643171281,0.19191134197572107,-0.05728998001554023
1417.0,-0.10368151137089122,-0.12879469825899129,-0.07098832399384634,0.08121454478327586,0.09491726908278886,-0.15540666368913492,-0.051361662800796494,0.10568655569773008,-0.11325137534268785,-0.010132550572356775,-0.04610682448378194,-0.033704309112378615,-0.04047596058758812,-0.01042706101633058,0.16295000460888057,-0.0637969638007702
1418.0,-0.10962325110432522,-0.13626967988925426,-0.05342611740913545,0.06974709439861428,0.08855486386478134,-0.059745089569520626,-0.07292740546651731,0.12167175286700789,-0.1458129982125581,-0.05618430372496638,-0.04943391795404071,-0.038888203151470194,-0.011310930245878007,-0.017292877925756726,0.10753397172430916,-0.07182827153832051
1419.0,-0.09816203977106207,-0.12840707742666566,9.169238086734667e-05,0.053529039107958094,0.06787952113732568,0.05081314678038642,-0.09302615821295775,0.14685496036119874,-0.13789773669828612,-0.09072779000023554,-0.06994557777064576,-0.03362656465125273,0.02327358381109287,-0.011736149591098718,0.03457096748323977,-0.07443697942319642
1420.0,-0.07041210706859657,-0.10463580582272636,0.06925398978846997,0.03784707625826016,0.036260577770586847,0.15056004971177636,-0.10774499662490651,0.18081388498055462,-0.09930500775922692,-0.10090444293475641,-0.09663754690018038,-0.020652125515558395,0.051442542603129165,-0.004497155125549444,-0.041565605937480134,-0.0651641113486293
1421.0,-0.03029467970317401,-0.06957294819647264,0.12935225469302014,0.026337111659303573,0.00021009212157926718,0.21758334960215742,-0.11261412670980661,0.21499926467416425,-0.0456353250420182,-0.08099847118919823,-0.11628675411749534,-0.004710862603477539,0.06419310825775425,-0.007141733660123873,-0.10544925989748541,-0.03975194718306466
1422.0,0.016238140687612788,-0.030764711641491988,0.1601492759755562,0.02033530284165685,-0.03293826018412868,0.23964586836874574,-0.10463890832110387,0.237058447989848,0.006835197230160802,-0.03635699107600711,-0.12000004758682833,0.009406534540981833,0.05853044372958529,-0.02653620368223921,-0.1456436367269567,0.00248371771549461
1423.0,0.0627008833529606,0.004412719394023046,0.15333239605198704,0.018890564024896063,-0.057654879838631615,0.21925525757057016,-0.08366599142327685,0.23722736408103146,0.04595559308552641,0.019166674983799894,-0.1050805270641352,0.01877245509204196,0.03871196088964985,-0.06159918741720996,-0.15768374138798533,0.057452301135144754
1424.0,0.10308618740850517,0.03105624967386614,0.11564606564982151,0.019317550721139654,-0.07156855252165065,0.17370915957977495,-0.05294943909558847,0.2136719989576177,0.06625725257756286,0.07036657640941246,-0.07370905713321825,0.022562085880381194,0.01355218248519004,-0.10319193150098638,-0.14442553437670444,0.11653776758447147
1425.0,0.13182069994780732,0.047470951551055,0.06522491546600806,0.018218857412291165,-0.07503243963692266,0.1268890941742429,-0.019211524597125038,0.17362026292195096,0.06834261332502747,0.10663721469069057,-0.032036674032616466,0.02029905028717429,-0.008967814932985391,-0.13783208811995742,-0.11387779190994317,0.16929173585900903
1426.0,0.14416827460872114,0.05428349148064376,0.022239827080773156,0.01284994343962072,-0.06948762632263399,0.0972510699795809,0.008619235611678912,0.12937887557367178,0.056362796206259676,0.12360147929706213,0.010568903469076801,0.010040932868722208,-0.0255288041513703,-0.15407951148057028,-0.0750192137190756,0.2070284597091639
1427.0,0.13804865238029215,0.053171819418098405,-0.0007933415196517161,0.002445007033299634,-0.055878088930251854,0.09076713658828475,0.022683170934077693,0.09165253054249148,0.03592399300962705,0.12225824502259688,0.04471082265839088,-0.011238966049815913,-0.037705837532254136,-0.14783412260546197,-0.03422289433517802,0.22457123532007264
1428.0,0.11561910000492599,0.04701250198924796,-0.0032291615788124332,-0.011242156882068807,-0.034382168417388,0.10275476191717088,0.019765026793411605,0.06449268609177956,0.013068518390963626,0.10788544753581235,0.06562980536796567,-0.044856093823244035,-0.05032403157209035,-0.12349421365320516,0.004678515428582298,0.21962127987350072
1429.0,0.08290326466740373,0.04084354320130407,0.006739646842115864,-0.024832210080053995,-0.005626694778972901,0.12457092774468824,0.002372268927881641,0.04486899068904181,-0.006735275198714205,0.08811994892258065,0.07492571713608415,-0.08716677960816921,-0.06931882506621792,-0.09114401538551527,0.037463036564685505,0.19194959053066332
1430.0,0.04794650156091848,0.04086038146848886,0.01898556466860546,-0.035390705652803195,0.02775398259483155,0.148650448750196,-0.02306639867906091,0.026454320549213702,-0.019774260308253463,0.06947480631900504,0.0774462767346041,-0.1284569708884951,-0.09860499082575025,-0.06189680603588495,0.05770065164308788,0.1440529074492166
1431.0,0.018585806991561434,0.05099664134414361,0.0269392347618708,-0.042254453621423105,0.06054874753405841,0.16936142343983998,-0.04874472294573512,0.004471771054924432,-0.024560941644226966,0.053838023835708605,0.07645084636125822,-0.15552283754288346,-0.1368867286067647,-0.04370346461519748,0.05796938072876789,0.08192702620075384
1432.0,0.00037274538270635354,0.07032062842137074,0.029033971123238425,-0.04703247936154241,0.0861049503675139,0.18186356998212588,-0.06742483995919352,-0.02155389775620981,-0.02153546616065649,0.03725997821838676,0.07123129486879008,-0.1571683464126978,-0.17705334301332198,-0.03895114486233919,0.03267769816970692,0.014019508219689232
1433.0,-0.004596168223275222,0.09368849171442804,0.027109036930262835,-0.0516132117601231,0.09885242045818632,0.18186279926609158,-0.07435615229315158,-0.04777102935971232,-0.012589092004987855,0.012078758107936004,0.05846399667678148,-0.12946037865386983,-0.20857739359014568,-0.04388515426309502,-0.019127202132288586,-0.050798989557085734
1434.0,0.002435721134310712,0.11443787089386459,0.02387150804521602,-0.0558269391814745,0.0966828848558371,0.1667681570292049,-0.0692176906044637,-0.06751555835495125,-0.0005053630720981731,-0.02831738533316901,0.035613252538881826,-0.07743087293901933,-0.22082312180953675,-0.049945558059155695,-0.09201126822725927,-0.1042344143205032
1435.0,0.01757389214224734,0.1269732841100238,0.020906518267457895,-0.05676573823460381,0.08165341820029391,0.13685989629192724,-0.05647763138545075,-0.07415974308745939,0.01185208497464678,-0.08433493004302323,0.0038627680810801686,-0.012545283674053656,-0.2058963894058413,-0.04729229738522504,-0.17442897643461774,-0.13885428151416218
1436.0,0.035132345118359894,0.1286521306119256,0.01846085629237211,-0.05029844040043396,0.05900677757854928,0.09536694438825785,-0.042982235879202024,-0.06547240914320827,0.022619737842457455,-0.14767287171981314,-0.0310829468932032,0.051881593053327194,-0.16078061109071834,-0.029185316101922543,-0.2507735931112063,-0.149319832256923
1437.0,0.04921377521748264,0.1207147867198017,0.017537762885411198,-0.03363170625356379,0.0353916088354264,0.04763342179342001,-0.03386800585818547,-0.04668473200193146,0.031919823153198204,-0.2038044462143521,-0.060646595839420954,0.10460242606317906,-0.08828174127667199,0.005158717868828608,-0.3044101812682477,-0.13446190026843347
1438.0,0.05607451443861938,0.10738357252162882,0.022292230779090302,-0.007281571922530989,0.016781464604387432,-0.000267483470802966,-0.029442997134117778,-0.028235171382444177,0.04201695889548151,-0.23874206937089162,-0.07654068597697902,0.13851219490935646,0.003217342462592613,0.05021261916386131,-0.32203684854543513,-0.09853955724207612
1439.0,0.05604033950738147,0.09299371510546137,0.03895235892681877,0.02464249723329162,0.006754894596984235,-0.04324889359399026,-0.025106596097912263,-0.019125219323750102,0.05638237054112435,-0.24559296610339024,-0.07371809131041958,0.15140001538609904,0.1004439424416594,0.0959642599422966,-0.2988958334187102,-0.050652373894152516
1440.0,0.05346187104642429,0.07890752718149276,0.0707541559172896,0.0559336060190511,0.006089562283773757,-0.07794872373859221,-0.014345367381299035,-0.0218583199289895,0.07811038745711743,-0.22633780455083946,-0.05196564071729205,0.14615749769873035,0.18681034599429497,0.13147743320208996,-0.24134945488414786,-0.0025841074486185147
1441.0,0.054473931438223815,0.06292720791167906,0.11353383347992842,0.08054517078495715,0.013361841021222237,-0.10156002669872438,0.006981718072207997,-0.032876011794264116,0.10791892669157604,-0.1888116758389428,-0.01625705356789428,0.12997845318356419,0.24593953769338317,0.14884089900937628,-0.16403966433957248,0.03401005516983507
1442.0,0.06380543495901021,0.042210706357233486,0.1559904223445677,0.09430385764652315,0.025205003504272506,-0.11062622207650569,0.03727259846604894,-0.046500984690258956,0.1418757347063238,-0.14276018368243637,0.02404464386959448,0.11147581714046603,0.26576804244069785,0.14523155229452578,-0.08381792816865812,0.05023372515543667
1443.0,0.08208628289045762,0.01728050036660217,0.18356697923333612,0.09554136649546215,0.03600676095469846,-0.10243470927067852,0.0685162242504783,-0.05812869147515473,0.17018785362243619,-0.09794442856249776,0.05779713558438123,0.09642692338712561,0.24092575160383173,0.12217274869772048,-0.014339371918445233,0.04205362731680982
1444.0,0.10469116149296627,-0.006450288599498227,0.18310584790283652,0.08476343441536842,0.03833739848062988,-0.07836222306861772,0.08952681266936949,-0.06489269560251965,0.17924215195472135,-0.06359427560835604,0.07642092669629395,0.08493118792919485,0.17371393479276676,0.08343502276953473,0.03751935064660323,0.011934649262806489
1445.0,0.12298213501552763,-0.020729243874352505,0.14727680999826714,0.06366364248131806,0.02526479892249855,-0.04499994130049921,0.09219026498626182,-0.06502735511452341,0.15749510046247667,-0.046941018413000114,0.07782520599115648,0.07219020134748015,0.07489975081844286,0.033783865476520326,0.07289876783157523,-0.030507604804063344
1446.0,0.1278493249657488,-0.01864871395577805,0.07845070549748198,0.034191911103178686,-0.0058527328094503586,-0.010636814174609165,0.07669154348810564,-0.057736963685067616,0.10256496773033752,-0.05075652798714814,0.06701582624253663,0.052435928774673665,-0.03639937206740872,-0.020612024733151955,0.0985277388745769,-0.07038855191411689
1447.0,0.11359709361176715,0.0010076261476017973,-0.009731411943812126,-0.0014778084438601396,-0.05036807257818429,0.019295921224970577,0.05147726776079001,-0.043911468892582226,0.024840940130942703,-0.0718962824085255,0.052735109174734875,0.023230495319318735,-0.1354007147926566,-0.07155217666849308,0.12167617264567201,-0.09270551057141321
1448.0,0.07975860794674001,0.03145041684339836,-0.09557268381161102,-0.04026410015218176,-0.0968593218415888,0.04319476113011695,0.027901540688325243,-0.02658603281591633,-0.055643166084594624,-0.10164158606621394,0.042629862363327345,-0.012563580184553265,-0.1975011758310338,-0.11011839043651558,0.14574320936288493,-0.08880177867908973
1449.0,0.030555593479876252,0.05975736247674777,-0.15737447547514324,-0.07796091627111466,-0.13166048659452773,0.06120946821390343,0.013912889152731445,-0.010338963563423224,-0.11767884530317461,-0.12717053570706324,0.03996093455059513,-0.04764532688957715,-0.20590331610648754,-0.13029827114281803,0.16843217096121121,-0.06063390112706006
1450.0,-0.026295958639480727,0.07296901565941323,-0.18225492018693504,-0.10997951003942222,-0.14483839274783267,0.07298388060531621,0.011311700862015285,0.0002002477953065201,-0.14739233179104547,-0.13421390384312873,0.04316793179028394,-0.07281745855973076,-0.15796630909509599,-0.1326018647274277,0.18267061784447275,-0.02014328835458913
1451.0,-0.08062114411119041,0.06499578606020248,-0.17034451560009956,-0.1323193644430036,-0.13419727847705373,0.0766326041954807,0.017393722329198627,0.002372588043338856,-0.14243580180991253,-0.11128401960578634,0.048244894979944906,-0.08011587941086193,-0.06694405028141538,-0.12423223555703489,0.17979544570037384,0.016414421693241928
1452.0,-0.12158080967911186,0.039569187969787055,-0.13222851542983888,-0.1421330163217371,-0.10550719715902067,0.06929033417540757,0.028175950445141953,-0.002805947448184175,-0.11119651449234769,-0.05446412390146291,0.0524509178463245,-0.06573922586017257,0.04233855635503108,-0.11469287196849683,0.15432677537062942,0.03612121205209619
1453.0,-0.14079372667396856,0.00729171691332454,-0.08241959965407877,-0.13809496782948577,-0.06934003631158059,0.04840974948479649,0.040203811370738606,-0.010591104602288369,-0.06827798412150375,0.029538905898105036,0.05643225200766726,-0.03173817986255956,0.14171361761262322,-0.10999191475031797,0.10904708488032842,0.034936206352548925
1454.0,-0.13561820964998428,-0.02072081503439612,-0.033815889084490916,-0.12103136676679017,-0.03633654277701805,0.012674074580117852,0.050609737135173326,-0.014346783426458252,-0.028401182998617137,0.12416236363332507,0.06310468748315441,0.014459977262484984,0.20780479783313902,-0.10986095503921452,0.05691515049738093,0.01891157289582627
1455.0,-0.11051727224334208,-0.03836408025904511,0.004384612806386956,-0.09457130520770753,-0.01312926185545743,-0.03738760815572258,0.056927423738577364,-0.00842573915561844,-0.0018213877160274112,0.20791951133837464,0.0746401853446539,0.062444199907628284,0.2279572992973511,-0.10897252152831872,0.01568616085716099,0.0008599446312554079
1456.0,-0.07541908741810092,-0.04656684746430766,0.026664425729342727,-0.06467167198449485,-0.0007751618069627553,-0.09857276986920091,0.05727617919642351,0.008796818981881109,0.00694019192409884,0.26172868946785044,0.08984683388790628,0.10171331653574768,0.20355759685918318,-0.09980238671542312,-0.003255217545184059,-0.006308165864590203
1457.0,-0.041928498338603806,-0.05143313957274983,0.030973433091633057,-0.03736944974374531,0.0037235472898023893,-0.1640878456084537,0.050483468599636254,0.033401605896524106,-0.0016957700903997993,0.2757171991904236,0.10335356704785816,0.12375497665940381,0.14929477439971672,-0.07554883455534145,-0.0028244606074089105,0.003566850027193193
1458.0,-0.019239310470410668,-0.05956844507640777,0.01831573032837849,-0.01614054569933552,0.004337139194286869,-0.2232468222317408,0.036385347837581246,0.05777296551167152,-0.02297021033256211,0.25252438382830383,0.10725219824129868,0.1231875721528397,0.08713502392847977,-0.03336443049071101,0.002938990572813587,0.026873245411095217
1459.0,-0.011456167775129299,-0.0729648335414548,-0.00833664118454193,-0.0010667567305647845,0.0038010933318846987,-0.26269508529767804,0.016703834789781095,0.07466827037867686,-0.048344576932626115,0.2051871025525204,0.09488495108711033,0.09898844958455809,0.037422624634844845,0.02292455752298413,0.0005019553843193656,0.052923223557237824
1460.0,-0.01740244882720548,-0.08672076179683728,-0.045126233393638575,0.009652887822453835,0.0031255322473990313,-0.2694625917313967,-0.004300030104466771,0.07985164734733184,-0.06799091802816401,0.1505554404484089,0.06526765271526826,0.05625752691786966,0.012078693070868948,0.08289010283507166,-0.013424783399819114,0.07033280171262465
1461.0,-0.032513090165845096,-0.09142852772645323,-0.08754908836774014,0.017244472741366066,0.0020013122177083907,-0.23509000727468107,-0.020590616746833136,0.07232524377991242,-0.07470927015018201,0.10267606562486026,0.026244398810585944,0.0067167280457925615,0.01313336561306448,0.1329245364173261,-0.031151130105784106,0.07283837058521289
1462.0,-0.05097560694026025,-0.07888987466608624,-0.12989850880364995,0.020936712045395232,-0.0004904537871323697,-0.15975045411656094,-0.026804781554827364,0.054674410164874405,-0.06591486519538381,0.07053743252587745,-0.005706771178553129,-0.03439450146429833,0.035739363648301624,0.16104443783103503,-0.041220996996138855,0.06155671537802646
1463.0,-0.06693835402847866,-0.047582554776381146,-0.16475045746734396,0.01877208224958097,-0.004984122430383162,-0.05523978590844137,-0.021295250291172307,0.033977893115751244,-0.042591642710709005,0.059819472529705285,-0.010915392854910676,-0.05445140950888078,0.07189225611437851,0.16089492973235955,-0.03770765886620593,0.043467832125105466
1464.0,-0.07553903819662651,-0.004517926912377556,-0.18397577997946088,0.009856975315730088,-0.011278842467049011,0.05527170216401686,-0.00780322197430945,0.020077230546010866,-0.00804421010431061,0.07417452342217164,0.023728106146195395,-0.04910318068075867,0.11179634028117016,0.13376427401292126,-0.025204886533827565,0.027539074579655043
1465.0,-0.07451791530954109,0.0373792910532256,-0.18206445668172427,-0.004146483430716672,-0.01866348774420387,0.1426113978694374,0.005652201311580345,0.020126897147037713,0.03146956546358054,0.11287409611345861,0.09579370476265599,-0.02416233712184606,0.143566153563328,0.08807964879865163,-0.015616494531763473,0.020258334710034378
1466.0,-0.0652420362844988,0.06467551643594757,-0.15998230928939386,-0.01943968164889407,-0.026555186748932525,0.18092709344232746,0.010519048035944199,0.03389027595647841,0.06570167771865697,0.16641158735084272,0.18481229011867742,0.0072874318412381985,0.15484495133945134,0.036546425687719444,-0.018105155038776233,0.02246255283638944
1467.0,-0.051613693317375316,0.06904477023263728,-0.12637063809358057,-0.03169495173818064,-0.03427387943410265,0.15735677026203668,0.0021701627307599753,0.05449799020937891,0.08145513145020453,0.21479821247244726,0.25812991838721905,0.03107488771936694,0.13803314273064546,-0.008109553819639155,-0.029564114070319412,0.028904516895058092
1468.0,-0.03734116969011995,0.050820708063729764,-0.0946152030147472,-0.03774565889797789,-0.04004689129065921,0.0785066386781609,-0.017824708593733515,0.07315164842854652,0.06682638093125921,0.2326390720697888,0.28265055629222446,0.03824982678809183,0.09559782198289576,-0.03726762802222538,-0.03426482719084546,0.030605943354089008
1469.0,-0.023654747970200184,0.019203964277067966,-0.07714576470089413,-0.03674434089951793,-0.040824006205483064,-0.029376491599274173,-0.04295453092739569,0.08256021980873594,0.017587413228535798,0.20088446950241245,0.23797350926265431,0.028230678211715148,0.040082310812461774,-0.04856119445969135,-0.013879679721760903,0.019051920683467827
1470.0,-0.009235087033356841,-0.010882116670833074,-0.0798591925581359,-0.030327136783290624,-0.03371622013813761,-0.12837215622172013,-0.06515147085976411,0.07778952618513195,-0.0581450739817148,0.11886877813229021,0.12594371813586083,0.007144905381536889,-0.011991924171797494,-0.04490235460590102,0.04061115021248025,-0.009053917727199663
1471.0,0.007758606474946948,-0.02433300591125515,-0.09922873619480417,-0.021530130298218486,-0.01771521968078595,-0.182915537083367,-0.07808348574924376,0.057417473643736124,-0.1407546392027076,0.007600364173324665,-0.027899759491343035,-0.01699938519857839,-0.04736483362301823,-0.03136972173689198,0.12402946244111877,-0.048670191888319926
1472.0,0.027516000977123874,-0.011851017456405525,-0.12326227661257323,-0.01291644181537761,0.005936777234035842,-0.17371371601629534,-0.07895374823052786,0.025797217676571813,-0.2052354961492405,-0.09879037845037726,-0.1827264705367861,-0.03814660397194117,-0.05952727476447343,-0.012531741009659982,0.22011698734030316,-0.08748345716450145
1473.0,0.047961877927803896,0.02622688227162543,-0.13600220919778486,-0.005065747890798011,0.03437038514210652,-0.10489372017856498,-0.06845007291670144,-0.006475160421949097,-0.2295398401632789,-0.16767693821580498,-0.2974026197243008,-0.05268823089558831,-0.0487365505595802,0.008411499150305746,0.3086452566963723,-0.11139456426485432
1474.0,0.06573373568200977,0.08005621048073275,-0.12371895132105691,0.0035591502457723513,0.06365659181038974,-0.0011010710387815187,-0.049656314667494685,-0.026073278048040736,-0.20207881297121155,-0.18017651297204634,-0.34472614978616756,-0.05835238415851309,-0.021335291777720547,0.029819383499209966,0.3732671551544932,-0.11100800695543948
1475.0,0.07795454366489149,0.13410797959205364,-0.0798383129124806,0.015305214295594763,0.08952854491062666,0.10365224842177458,-0.02709808322445532,-0.023201495313992623,-0.1252187912121543,-0.13607151252390196,-0.3183079318080179,-0.053838785461933575,0.011324297054097411,0.05230840789809611,0.4071453546696743,-0.08474458706090873
1476.0,0.08386024110618748,0.1726531373997994,-0.006811389816718113,0.03136383822356517,0.10830750698388693,0.17937591657173094,-0.005826820465882784,0.0026207789322052763,-0.01351365767771092,-0.0513104510874263,-0.23111178226902937,-0.03923354543201609,0.03603960279594561,0.07861748760585566,0.41266915041563923,-0.03770746429327445
1477.0,0.08505123885565222,0.18482435683763979,0.0844165909830237,0.05032061787945547,0.11718157438850056,0.20960437375792437,0.010376838837687821,0.04027267434457802,0.11080121344361533,0.04878041157561991,-0.10950045795685864,-0.01640283558132438,0.04313245964511149,0.11098457015955605,0.3953856013413678,0.020751914836095203
1478.0,0.083792574365364,0.1681073916220689,0.17649230822007148,0.06846178517313278,0.1142170876234623,0.19456644941227969,0.021157949183895252,0.07018422314245568,0.22272989800757198,0.13717729643549456,0.014112579871049026,0.011011812051444303,0.03135817806607665,0.14758406663896598,0.35848074891767534,0.07871754061615113
1479.0,0.08065993458023049,0.12907143558309592,0.249688195941179,0.0821096587440891,0.09933466718044864,0.14818593467671698,0.030279775966401995,0.07264935939641619,0.3002658492501536,0.19194142825249114,0.10961748367743629,0.03823985624035282,0.009056129866679512,0.18158239796794984,0.3031935761594487,0.12378173527600028
1480.0,0.0737902546765187,0.08022570116097788,0.28758593430431517,0.09033298216037758,0.07561533148096006,0.09025866286483905,0.04401983457106032,0.03730063643297914,0.3303762833529582,0.20109061510343937,0.15749968973196135,0.060259333974988456,-0.009551093740831322,0.20417315842162584,0.23268778080036934,0.14663610638590632
1481.0,0.06075264874838164,0.034206059226242744,0.28246748282825734,0.0956398385357993,0.049109350929284167,0.03770629929960928,0.06800546135913751,-0.03180214064027317,0.31256922115690255,0.16466999196354726,0.15394268636378383,0.07236520791676121,-0.011354128666617627,0.2091635370037376,0.15349960673892502,0.14457598314956777
1482.0,0.04175925147102305,-0.0012779691674513394,0.23818109045784136,0.10188650501399317,0.026937252860980303,-0.00034583011455472686,0.10384194968234453,-0.11801261828479968,0.25858697468960157,0.09387592788546568,0.11015145062723095,0.07114193208148004,0.008704338179998878,0.19549750033616653,0.07316404181404507,0.1220531933002014
1483.0,0.02140380420880716,-0.025272353715751743,0.16905681937938025,0.11097380666421096,0.015147506059854054,-0.0224128200428429,0.14688351891589854,-0.19934975574295913,0.18830149637599947,0.007631137566010104,0.04632612453231069,0.05628910547573682,0.044521726170008435,0.16649168880256351,-0.0026565554215539147,0.08761425801036095
1484.0,0.006950789507855513,-0.042111938845250094,0.09488950467313792,0.1207539404237794,0.01722128726119915,-0.031635244646112955,0.1866095952244179,-0.2572452271405426,0.12237507265859199,-0.07274462352442408,-0.016434562594859606,0.03158921220326036,0.0814187231298159,0.12730398386297126,-0.07053355351641277,0.05000117588762531
1485.0,0.0042609595808103294,-0.05785440781736806,0.033951324449096494,0.12552707259155352,0.03293250992276051,-0.03216817916019614,0.21070868163534684,-0.2822966204538193,0.07420709785024451,-0.12912762838195177,-0.06265867316336782,0.0034607102183176093,0.10300763368187138,0.08262040710051519,-0.1277211695013277,0.01632522742435625
1486.0,0.014391435368121146,-0.07634229791663838,-0.002593444756684377,0.11880178326066011,0.057908315849414575,-0.026095481232036248,0.21139767601276546,-0.27478361080473007,0.045854955470786475,-0.15044571788593505,-0.08538044964660488,-0.021601464419951383,0.09845670721406886,0.035904413463674546,-0.17126538764852325,-0.007999798167523966
1487.0,0.032698791862321504,-0.09670450658557306,-0.012324531017568282,0.09683926000879742,0.08515946025305776,-0.012225312087393244,0.1896693962759366,-0.241441880031155,0.030647828212277704,-0.13465178570369002,-0.08544098567443224,-0.0385061401762499,0.06631579894286076,-0.009429066366080863,-0.19851598020222888,-0.019488642928168133
1488.0,0.050472909273388336,-0.11342467690491287,0.00042336905257042554,0.06127457119000259,0.10841732258833627,0.012353888673495643,0.15439966971381222,-0.1914776743599981,0.01976246215687496,-0.08963041866551794,-0.06896760344782528,-0.04388396066198491,0.014091997114676777,-0.048390843962770866,-0.20765412510452422,-0.017553939000269858
1489.0,0.058550789484564644,-0.11910547099532688,0.028177047047834736,0.019576562014106298,0.12497436905713588,0.04980839122034558,0.11752331844795225,-0.13368713212877176,0.007604054010648464,-0.031603455335358036,-0.04414239332255299,-0.036450192084242265,-0.04434925717402738,-0.07441410856994557,-0.19769273692137548,-0.005478024402097929
1490.0,0.05146557441223743,-0.10873146244556936,0.06398240485495621,-0.01711629159588353,0.13591965839491307,0.10024489392967932,0.08884610710741271,-0.07533828043555041,-0.006374802545830762,0.020927025475402223,-0.017387187235597117,-0.017582821736360034,-0.09202418366250047,-0.08123687472506301,-0.16886433469215656,0.009653169592773085
1491.0,0.029802894137657236,-0.08268966580039933,0.10340723137308155,-0.03815502448567858,0.143904641310903,0.16045088413700748,0.0730023447922672,-0.022815781901187864,-0.01883207142807027,0.05520442118384465,0.009037889278153887,0.008729093981289082,-0.11319387686445903,-0.06549676842581906,-0.12356596569333257,0.01877293956775978
1492.0,-0.00029231482331339885,-0.04615091218176428,0.14330491398921763,-0.0377265658786058,0.15039602875514996,0.22179832192502177,0.06898271804631176,0.01726703478460129,-0.02553704341129758,0.06824893201910688,0.03541499008978383,0.036753352807469414,-0.09881437096027133,-0.02888428894758085,-0.06716471277386407,0.013874594495093831
1493.0,-0.02950657148330366,-0.0056656285548149134,0.17855208477704665,-0.017302672533156337,0.15434704270712438,0.26976049624680726,0.07140330100200165,0.03886470894723827,-0.024723891794514338,0.0640398309557431,0.06037516376915004,0.06007965262481616,-0.050588719299892795,0.021170717813358914,-0.008240516136975658,-0.0092803725062887
1494.0,-0.04855372330445901,0.03369154096073366,0.20068622436255806,0.014981121793715198,0.15291483636150183,0.2876066416179976,0.07253048674613656,0.039634595708002915,-0.01873206775301944,0.04737041430774076,0.07881086914198289,0.07295451787317334,0.01904346038588292,0.07310851125438136,0.042613226188110566,-0.04982947024816872
1495.0,-0.05170281658360688,0.06870545931126101,0.2007067105400514,0.04782802467946587,0.14337186694374396,0.26343124687412817,0.0646436985489193,0.023201790360841454,-0.013025572639605451,0.020460616820082,0.08417443832835507,0.07238630384980667,0.09079648419276656,0.11486993025154535,0.07619067421464823,-0.10185150602028226
1496.0,-0.03980794574525167,0.09660861709666627,0.17390619050841846,0.0715306815895936,0.12463881738814293,0.1964538753107544,0.04245215644970457,-0.002538023270524102,-0.013904682035263176,-0.015369940207316416,0.07263656815607386,0.05992328558302007,0.14413054840932482,0.13764951317517568,0.08848025284074534,-0.1555087510352375
1497.0,-0.021182239543402502,0.11345840885488452,0.12288204498115628,0.08140567994964745,0.09754207597463004,0.09823405660130409,0.0048591090148364605,-0.029796354935407762,-0.026321318006164145,-0.056157349287492206,0.0452755711837982,0.040901670872362766,0.16297098287689143,0.13772221492217845,0.08133036772645053,-0.19935679468619016
1498.0,-0.00859953434284365,0.11393926472041417,0.05701207823967219,0.07820821820553907,0.06414887940779003,-0.012093105721582112,-0.04422866678244396,-0.05374705995268068,-0.05161578612353245,-0.09424086455789273,0.007359486670719374,0.021144585809267532,0.14067827785113582,0.11601238018270156,0.0589035178332135,-0.22362765564741013
1499.0,-0.012820828448921663,0.09349518226457455,-0.01091713775097932,0.06607315285542661,0.027007398044915802,-0.11515813415917968,-0.09594332625275502,-0.0717195408891604,-0.0854788246072243,-0.12104924210436406,-0.03363521994257469,0.0039502706904030885,0.08244560922950023,0.07654589038857369,0.02358710579524376,-0.22316491573416253
1500.0,-0.03643169297017832,0.05140709997867889,-0.06929528865293398,0.04985925672629262,-0.011324386442556195,-0.19683751440016672,-0.1383819154649486,-0.08097893509997822,-0.11836792003521521,-0.13154582514527285,-0.06971084320129564,-0.01056548689575248,0.002749863117277707,0.02512800639662874,-0.023710078281646698,-0.1984811908020429
1501.0,-0.07221806677413299,-0.008044449660347123,-0.11149349738655488,0.03324051824219006,-0.04883807214969563,-0.2498458563787302,-0.16140601737906882,-0.07868237635203817,-0.13957006286528087,-0.12644451155070416,-0.09358484604384423,-0.024518742794966738,-0.08158237295242093,-0.031238606163388114,-0.07897416145275293,-0.15489475182271176
1502.0,-0.10666904856859587,-0.07713734896232818,-0.1370926204869809,0.017830214535867334,-0.08500461922925998,-0.27208586221064,-0.16198317781074498,-0.0642290181757622,-0.14253015254627036,-0.1103736428063243,-0.10051126103202347,-0.04089335044102411,-0.15784285690281138,-0.08473214079737414,-0.13173295535406176,-0.10092811437065609
1503.0,-0.1258799678601006,-0.14685182256471113,-0.1499112935302594,0.0032204149816711697,-0.12099581097609666,-0.263868025937336,-0.14565289508450566,-0.040758698362745135,-0.12772280116251256,-0.08865997239961033,-0.09100322863974944,-0.06175520742467114,-0.21911340856290887,-0.12751065167307113,-0.1669960033565587,-0.046567410928094494
1504.0,-0.12088786088179392,-0.20785750938980108,-0.1541356710284298,-0.012163500871081432,-0.15797400805980533,-0.22672933974469214,-0.12280897593043597,-0.013629913515119108,-0.10150970014867881,-0.06648346038656354,-0.07227394459878211,-0.08634596553294135,-0.26202064912365414,-0.15321057422422382,-0.1714208891655518,-0.0009058397391251792
1505.0,-0.09060960728857155,-0.25091295681849185,-0.1514166144417148,-0.029733340510716813,-0.19461348249998692,-0.16517442552030667,-0.10315124111865885,0.012624463356147874,-0.07222495970873992,-0.05006586089717722,-0.05571696124080188,-0.11055895700549738,-0.2847739062185827,-0.15922761630420684,-0.14043810455655864,0.030581739279220532
1506.0,-0.041863275319327764,-0.26796681889356644,-0.14111908263007167,-0.049629679048680014,-0.2263748212481039,-0.08925564620866326,-0.09241588647419818,0.036048988996079674,-0.04608214442433428,-0.04607394053139211,-0.05090509073981526,-0.1289598900251427,-0.2880211706269092,-0.14887769788575755,-0.08289239359520828,0.04732622645887637
1507.0,0.012813725716907995,-0.25435591386651546,-0.12303123152509635,-0.07040505895430242,-0.24710627262393345,-0.01400250403179747,-0.09232950550075401,0.056774412660865706,-0.02508688692799717,-0.057592292875949726,-0.059945609237331776,-0.1383165471278952,-0.27687974285098516,-0.1315162650836108,-0.01995945141698197,0.05238298637394949
1508.0,0.058806376680242224,-0.2111803707299062,-0.099666866135503,-0.08960452869951069,-0.2514306424725411,0.04569373188865242,-0.10189241726272455,0.07547716452004467,-0.007355212352724206,-0.0801310026466051,-0.0762109141396781,-0.1397007343406446,-0.2604044587202154,-0.11948608051859613,0.02241008769645686,0.04970322664696472
1509.0,0.08413121109109531,-0.1462386481346938,-0.0759540598360804,-0.10474467387995201,-0.2367330356958398,0.08072573722768223,-0.11818937844884181,0.09235403330499187,0.011144753729209637,-0.10241460016659366,-0.0886125957287534,-0.13740386312625802,-0.24762517015345523,-0.12271007881030079,0.02408979895286769,0.042088543631199654
1510.0,0.08378575274674599,-0.07282266144249336,-0.05685867548249815,-0.11374248008480954,-0.204624892738688,0.08848997687578843,-0.13660875244790968,0.10707453451038945,0.034203032932846586,-0.11239576765339766,-0.0887408108356251,-0.1362082378755188,-0.2435062973190293,-0.1434418883293563,-0.021146909146771874,0.0312787108044077
1511.0,0.06132925688664705,-0.006936968720841053,-0.04552308778750321,-0.11459608883779528,-0.16143505797960797,0.06923220100777756,-0.15163559260782036,0.11922226569410757,0.06277969537666009,-0.10420835872657405,-0.07586682769294581,-0.13945839232267265,-0.24799387435867934,-0.1745302978958024,-0.10345176087916841,0.019840813936451467
1512.0,0.026539404400623648,0.036579317578610285,-0.043442841290762015,-0.10547845194249178,-0.11688630757796739,0.02413358217198686,-0.15907749539428925,0.12880959371567557,0.09296991693374082,-0.08156259321682695,-0.05640867383393216,-0.148252349701352,-0.2576000321145823,-0.203024252044733,-0.2000818804576795,0.01272656950861494
1513.0,-0.009477525061682467,0.04860637565258503,-0.05167944623939251,-0.08613178473475487,-0.08118872995851367,-0.04193635990114407,-0.15833378320695252,0.13647119817944142,0.11528988049713008,-0.05636138641593999,-0.03903627764667736,-0.16095996007305802,-0.266643762645565,-0.21703523318305545,-0.28226297015209734,0.016313990180225422
1514.0,-0.038977587581730345,0.029196846138481433,-0.07140273584955137,-0.059519570266289276,-0.061760923050428976,-0.1169363840584575,-0.15207441982011197,0.1426801697657847,0.11623691247364269,-0.04390738883554156,-0.029482406783501666,-0.1733128684181058,-0.2669598643276253,-0.21113354510139162,-0.32477822000710704,0.034733766063094126
1515.0,-0.05977112059347926,-0.012467970997597066,-0.10273007231787491,-0.03163354106259773,-0.06054915317238103,-0.18262394226991335,-0.14334749639341585,0.14650058903767413,0.08329272214798564,-0.05649241008224276,-0.028183730328766143,-0.17973410090635503,-0.24885944340795138,-0.18704232622613368,-0.3153941498184611,0.065909283750232
1516.0,-0.07419826559825382,-0.0619007907990565,-0.14174310678737626,-0.008987451788123057,-0.0728353534169883,-0.22104027989164926,-0.13326548256463874,0.14590514819732653,0.012474254528844483,-0.09731781745679288,-0.03157744707223119,-0.17553814240740573,-0.2062513252525749,-0.15048752757423298,-0.25865513592404427,0.1008467888287123
1517.0,-0.08617962245485788,-0.10436414314926015,-0.1779999870813966,0.004023988743663766,-0.08874722582582806,-0.22307000834374388,-0.12122312879893095,0.14035834978457376,-0.08611276015829138,-0.1575912457381152,-0.03603450324150676,-0.1589043886055516,-0.1431616641086304,-0.10763843914377419,-0.17185052093872166,0.1275544895792937
1518.0,-0.09845621450849006,-0.1285086094349887,-0.19647751507574956,0.005851375139088068,-0.09762563790391383,-0.1933149564409158,-0.1063622773773452,0.13340073512643036,-0.18968368296066673,-0.2189962566333406,-0.04158849133772218,-0.13164707986335544,-0.07508336220351927,-0.06334558963791222,-0.07734609909626057,0.137157461907086
1519.0,-0.11119756665755909,-0.1283488785045433,-0.18439803122215082,-0.0027732266679275897,-0.09292108222673333,-0.14761323355096803,-0.08861080018033711,0.1321470711574307,-0.2715000869677779,-0.2604462704411599,-0.05215835919867909,-0.09827091513722443,-0.02215722181791489,-0.020813126718951632,0.003750062917177889,0.12817279654022548
1520.0,-0.12215569403510318,-0.10442477049381771,-0.13829932924473176,-0.019113266403080642,-0.07436138378373101,-0.10499264004936704,-0.0691625234790046,0.14285297143553916,-0.3120044866614576,-0.2655495044638885,-0.0717486026549179,-0.06387265445185684,0.0018266623835374528,0.017985389198302646,0.05554292544658007,0.1064201015817771
1521.0,-0.127986207268298,-0.06376345470585505,-0.06648200717533137,-0.038354982361959104,-0.04650570989349044,-0.07864786700731564,-0.050521458559050325,0.16533465580284398,-0.3063399931188798,-0.22793182462301806,-0.09969519559192049,-0.032398396498055655,-0.0030777670336088097,0.050972405215623136,0.07002080941257435,0.08081906002418161
1522.0,-0.1256686620647669,-0.017611473350493827,0.014292435357574186,-0.05410778569440214,-0.015743835433783004,-0.0699426212028744,-0.03564190399753881,0.1908436900797389,-0.26502716429821266,-0.15316649125823253,-0.12865925468715905,-0.005972223232838808,-0.02367478628652877,0.07455310168856852,0.048930449685742936,0.05790901332976046
1523.0,-0.11290656795822758,0.02289573808920619,0.08589832149635253,-0.05998874811617977,0.012005661012746196,-0.06886410673125612,-0.026222464669676208,0.20550036142079284,-0.2081891068974695,-0.056829336878017646,-0.1467959987894929,0.015299644668999798,-0.04111049810572177,0.08419718126572881,0.003909809569323915,0.038680865949133496
1524.0,-0.08764582024669232,0.05105769402163362,0.13621906603709116,-0.052021195739582894,0.03232425419671208,-0.06127258775357886,-0.021499834937168925,0.19682397061885207,-0.156405201907268,0.04063526943130023,-0.14256468454470397,0.03314052602828887,-0.04047719300254278,0.07725173613509966,-0.046680747471733224,0.01938012615165225
1525.0,-0.04831518693543031,0.06646721667374535,0.16270405779205313,-0.03075615304966407,0.0425425905930157,-0.03767674386413799,-0.018512138967012048,0.15904786658232425,-0.12249605804198134,0.12025450607315506,-0.1091587671883751,0.04991682430749144,-0.017210422999251167,0.055564522208509874,-0.08396826360354968,-0.00461597462693311
1526.0,0.004058845519101191,0.07398385278859292,0.17014988628876815,-0.001695323494100977,0.0420114246435262,0.0023455326108011887,-0.013011481613155833,0.09504463688320162,-0.10779268622974414,0.17017580456025072,-0.04669848869291446,0.06705681724372806,0.023909087287984434,0.025681546270551296,-0.09475812995088219,-0.03390846673544648
1527.0,0.06344201308972082,0.08100356568882976,0.16491968837272947,0.02647380222219697,0.03277541927427589,0.050913511199023945,-0.00020928505236593914,0.01569839479270627,-0.10400309285697491,0.18923529200096068,0.037280328373813905,0.084765090435936,0.07606363938779548,-0.00356430128299911,-0.07462314197915895,-0.06197755019855364
1528.0,0.11934081038291018,0.09402694761498705,0.14977612484656974,0.04493269957673566,0.019535125101914894,0.09546096944475266,0.023993737259299416,-0.06225075293400692,-0.09881976781263119,0.18682326288633905,0.12818208868921468,0.10336584504744588,0.1370728465967867,-0.02464870324200859,-0.027875654090763403,-0.07704594228742707
1529.0,0.16114500839225315,0.11571531517061336,0.1224930811880838,0.04772448293923105,0.007538547342788403,0.123460703814047,0.060748298528869725,-0.12069378304924315,-0.08171125368535274,0.17793851095751917,0.20690856454845613,0.12424278519686136,0.2089903093616567,-0.03406312892250061,0.033551154989049245,-0.06921109931694584
1530.0,0.1830239799685524,0.1438306613180313,0.07930253900395598,0.033637196257496296,-0.0005708914068077274,0.12676533941093554,0.10602086024142945,-0.1468719940225341,-0.047551273943682866,0.17490748072539525,0.25575684594040565,0.148511397851132,0.29108193501412133,-0.032552401717565835,0.09195531638456822,-0.03808592217488212
1531.0,0.1854217098241529,0.17213881206631884,0.020726011608027672,0.0063760974680513675,-0.0062320545608129455,0.1036670266875238,0.15052386766288253,-0.13873076515519117,0.0017435726166365915,0.18027212176559496,0.26460009305370374,0.17463776401923412,0.3732064847017811,-0.02308172588787046,0.12794750478232444,0.004967850883003794
1532.0,0.17258031012177502,0.192385950544322,-0.04544537703769921,-0.026947403512931685,-0.013571202119860067,0.05839024342526727,0.18317539410538208,-0.10509218293230348,0.057122898413364265,0.1855292560981757,0.23316051497615195,0.1976522894506783,0.4361748037402454,-0.008617020537455262,0.12616127765482021,0.0415289994867557
1533.0,0.14900488868910935,0.19723696412734681,-0.10693143800615142,-0.0584032490223508,-0.026563263437937995,-0.00030093398993582377,0.19658830989143947,-0.06072593378747229,0.10477631944129444,0.17668948740613427,0.16940294134834558,0.21053457191756372,0.4590227504239434,0.008063237791343192,0.07992308759847472,0.054571501309280804
1534.0,0.11787059901609288,0.1838780177009554,-0.1529734612517962,-0.08195871529769963,-0.046710812014744994,-0.06038402489767228,0.1907949390607418,-0.019420155041674284,0.13138682420420578,0.14307955248312562,0.08680281996042678,0.2066564793987565,0.4281796772972415,0.022447006836144482,-0.005679615514281366,0.036403328081113184
1535.0,0.08147099863947282,0.155822240223415,-0.1786799846798616,-0.09519594446032756,-0.07178891238789262,-0.10835096786372465,0.17258883404014969,0.011454204579117626,0.13009063953880487,0.08410754123942243,0.0016962645377985172,0.1824119652579696,0.344143416235034,0.026930262187571618,-0.1122684004953537,-0.007173474364441334
1536.0,0.04166842711961238,0.12058377243548174,-0.18503377595910744,-0.09931063955316805,-0.09580710706596725,-0.1320853738492232,0.15104230863095774,0.03222874829896076,0.10344708209679088,0.01060207646136523,-0.06995959482795217,0.13925032673376883,0.22301484330980556,0.013008127540421258,-0.21125554059573323,-0.05859812350615759
1537.0,-0.00039540491349569426,0.08497411934427387,-0.1756970891277257,-0.09764472976504958,-0.11084528937928792,-0.12431055461401515,0.13206345401625993,0.047374700201613024,0.06158460040464737,-0.059157961882185056,-0.11663959242043494,0.08422410076528568,0.0910350024103147,-0.023248475822079742,-0.27338053816375635,-0.09642757840000248
1538.0,-0.044040316839378424,0.05240096588061706,-0.1539710121194707,-0.09364534456862665,-0.1103352399314406,-0.08525129850803258,0.11559447381458479,0.059423438757205224,0.01721127113128163,-0.10625441280282999,-0.1348015650126379,0.028608743832970213,-0.025772317076846428,-0.07639010495445374,-0.28017883619834094,-0.10604533888416953
1539.0,-0.08774250539607469,0.023845191206939766,-0.12241235972532603,-0.08921024383695549,-0.09203430875135651,-0.023360427630477697,0.09756982650133433,0.06500783427843185,-0.019206341688934328,-0.11789810401213421,-0.1299995706227293,-0.015300325904140386,-0.10989563090406543,-0.13152942509901086,-0.23078926798628818,-0.08684845663619299
1540.0,-0.1280449277080769,0.0001233691455154919,-0.08462519804481483,-0.0841398612153543,-0.05924879586212899,0.04690687587262065,0.07506049766477672,0.05645448971192865,-0.041756869914080674,-0.09149968102755533,-0.11413093436810014,-0.038315353585929836,-0.15392766193003823,-0.16968930726223613,-0.14133634572739548,-0.05115537404046187
1541.0,-0.15962597605892326,-0.01726246259789921,-0.04632029130276607,-0.0766820957618916,-0.019527437124356405,0.11072256286695256,0.050237994843691465,0.027534734104589287,-0.04866891136854814,-0.034229736498517294,-0.09934669617013138,-0.03758727631477665,-0.15785719136832485,-0.17577199239790858,-0.037700953863207834,-0.016107166758991986
1542.0,-0.17637050336594992,-0.026697147530164535,-0.013513224084036013,-0.06452226011429349,0.01894600186400732,0.15902262725628358,0.029796912759665145,-0.021378843467997777,-0.040669406253141596,0.04111529315186039,-0.09223996346413113,-0.017098511745384834,-0.12651505773376207,-0.14508915554701762,0.05497158717903189,0.005612980262687322
1543.0,-0.1733616099529423,-0.02694793401207449,0.01074064100481766,-0.045914947617703726,0.05124810913341335,0.1901619460089071,0.020294602551002145,-0.08197109074173886,-0.019661063462085838,0.1204300799245285,-0.09207782411474168,0.015112126902976045,-0.06828159214949471,-0.08523735669778243,0.12062307523175235,0.011070820926944802
1544.0,-0.14942713925219325,-0.017382402160373855,0.027840414772223283,-0.02086654402944168,0.07757664416583186,0.2064814143454587,0.023166569948117763,-0.14065909545120445,0.011792106891841403,0.1900971427091203,-0.09293026529597173,0.051430845709907816,0.005959693776325052,-0.012481268980799404,0.155212626658011,0.0065717185105470975
1545.0,-0.1085316984319006,0.001061035366137558,0.0420592739576617,0.008365498308455366,0.10238325587805841,0.2103250787763385,0.033279924778774124,-0.1839384591425272,0.05035744985509097,0.23705569497454237,-0.08718492674257733,0.08783070545114359,0.08399965738837853,0.05545413013637986,0.16541363951223667,0.002689358460685487
1546.0,-0.05855376950728061,0.024474117619867678,0.05696793109901876,0.03797286889089243,0.13124362563682332,0.20289757943950293,0.041774247993518164,-0.2040269214939337,0.09168275485775809,0.24972313085068312,-0.06892418135378929,0.12341093493016207,0.15344126354588966,0.10651695876165797,0.16458425113503083,0.00836595519299081
1547.0,-0.008101114191834067,0.04605914499054948,0.07215303722110872,0.06393317906758988,0.1666231418264662,0.1850314881363476,0.04069362301035638,-0.20217714992029057,0.13079155193907294,0.2210550143182746,-0.036108443164797575,0.15689716741434215,0.20325968455108062,0.13758463254412695,0.16596116707777406,0.027349560700530778
1548.0,0.036602496256257534,0.05853651040770806,0.08288444425720946,0.08333284000684635,0.20501752033684925,0.15732994131520622,0.02652609416656646,-0.18814875305938297,0.1635629717219863,0.1525685966769862,0.009481560022643167,0.18335285888631608,0.22639006662517358,0.1523061468188479,0.17546383754936076,0.05735416660220575
1549.0,0.07286781592682036,0.057374730538570326,0.08318474819300012,0.09525023306370654,0.2378525404497101,0.11955139977493937,0.0014376621224074825,-0.17559367602891363,0.1884978942841171,0.05672110999846197,0.06388105070347144,0.19410758232114322,0.22202899193847983,0.15599464387268164,0.18897168886063828,0.09049883274493939
1550.0,0.10035195401074853,0.042703009968403295,0.06979319265008815,0.10055611258517631,0.2557327351982434,0.07177531757631296,-0.027975402933472403,-0.17473835990738892,0.2072216894409037,-0.04408840487538787,0.12207329118561576,0.1802063762458638,0.19511478340290925,0.15196165104997,0.1957682632258441,0.11485905713247536
1551.0,0.11917141360107239,0.019242655601752003,0.04466092805027489,0.10074187965259072,0.2529455840555335,0.017913735890116706,-0.05420823638949468,-0.1862662316113512,0.22300394243487362,-0.12194069650375162,0.17782861795903648,0.13734150309600043,0.15326806792438818,0.14131033560117034,0.18509421265649542,0.11818517048881792
1552.0,0.12911025465346462,-0.005195630379564959,0.015169431436972788,0.09703208806791074,0.22933199118416658,-0.03218685721234346,-0.07287617005433633,-0.20084461347355959,0.23832223661319082,-0.1508084833908026,0.2237341868669192,0.06953574286589488,0.10448933777347799,0.1248622100198931,0.1517562637494783,0.0931327429183661
1553.0,0.13017938466767645,-0.022177123792943957,-0.007988376568045071,0.09060390612035923,0.18933491245330758,-0.06554408400409815,-0.08407991425950992,-0.20494359601501425,0.253469947227452,-0.11556908195767725,0.2528917128048232,-0.010309448374546884,0.05701818295551741,0.10525276033358304,0.0985491798127702,0.04090680692353443
1554.0,0.12386122044727568,-0.025570941253720926,-0.014374753013790051,0.08338164996892282,0.14029996720020915,-0.07261045910449927,-0.08993419479875872,-0.18871424655206082,0.26728913588025943,-0.018848221085205112,0.26172627699393525,-0.08308844798766749,0.01922681390728508,0.08806210922146611,0.03558898345619438,-0.02911352444378584
1555.0,0.11401520425548524,-0.013952532472928488,0.0026708800316470305,0.07824315477246954,0.09132237822317991,-0.05315919643501701,-0.0908342140121961,-0.1505895724526835,0.27897342041752227,0.11829278991053116,0.2519839349236473,-0.12850471957910575,-0.0019757677495457373,0.08101616465495788,-0.022181241403079383,-0.10279343424639928
1556.0,0.1062200575763813,0.008757395646280553,0.0435371682742623,0.07804321797546844,0.05187878451856127,-0.017187027766150297,-0.0837296715201765,-0.09640138688898287,0.2886763312934295,0.26235785685093155,0.2303249436597898,-0.13155415256809252,-0.002798033641356087,0.0908927465840946,-0.05885400752301786,-0.16480670433819633
1557.0,0.10543783784242935,0.0352169425892432,0.1016495137849735,0.08420623960357217,0.029785417676696752,0.020411490013907102,-0.06330573945169314,-0.03534884062584521,0.2959430817158562,0.3770683478772365,0.20559581001398317,-0.08871458292401585,0.017081222771679155,0.11956809574282627,-0.06275764939942104,-0.20122417570282852
1558.0,0.11348885138666592,0.058256807794676436,0.16542169772060808,0.09615186108425999,0.02948875251386892,0.04794291672408926,-0.025114448846816115,0.022807427520008864,0.29742350128264533,0.43272009638096565,0.18543971940531367,-0.01092588712085179,0.05482247851387183,0.16160098860314218,-0.031420078186134924,-0.2024293811868369
1559.0,0.12778347712903326,0.07349305482077963,0.2225256283364874,0.11169610606303769,0.051083583888347196,0.06176800268129482,0.030758449441443368,0.06811325540787122,0.2860922239216801,0.41264287345281114,0.17354621573108342,0.07882776516511339,0.10489986431658832,0.2047804698821005,0.026642238706172654,-0.1666394187859053
1560.0,0.14166980668545087,0.079007013360012,0.26443899612152544,0.12756191333293915,0.08938725757768537,0.06516434800686313,0.09720589184405148,0.09144193893332869,0.25319877244314404,0.316378970010694,0.16793056352949035,0.1529600653296481,0.15966873877444548,0.2337077675080543,0.09507989807490363,-0.10152060978607366
1561.0,0.1464942678419438,0.07304191531848332,0.2889262793878209,0.13964422004063426,0.1336679929205111,0.06437308079356784,0.1603849705825432,0.08816054475428854,0.19282441870709333,0.16037695056767107,0.16122352425846376,0.18857450713587828,0.20904943927025593,0.23558357664321222,0.15628797070511796,-0.021742467282993956
1562.0,0.13533446930950035,0.052752110526416575,0.29939610163549035,0.1437355193867556,0.17002855183392226,0.06609597252002859,0.20311507831767592,0.061860924558276076,0.10703356294747679,-0.024224816337279822,0.14398015420468624,0.174626235101956,0.2396279785180475,0.206141139730693,0.19758526324337874,0.05646555955975314
1563.0,0.10677388093814648,0.01609760906174766,0.3016179326026397,0.1372103238767226,0.18671288746184167,0.07681429758032124,0.2104988358795125,0.024220033488216355,0.008139219694046556,-0.19837151454860996,0.10984526062336863,0.11487004237486328,0.23615670582424828,0.15247752472138973,0.21439867528930587,0.12047081340817649
1564.0,0.06595173423417332,-0.034233905303913736,0.2994860356243324,0.12051256541496397,0.17933397943457874,0.10181846573864724,0.17636978425947408,-0.009892589656553458,-0.08413599885755824,-0.3257196934596657,0.059821186487042655,0.026540048283797735,0.1874975790440172,0.09033838488475765,0.21042688288980543,0.16351765676760358
1565.0,0.02207635860730416,-0.08850100487526265,0.2921891527503641,0.09665918053759573,0.15229083117196332,0.1427195699556687,0.10802482075825565,-0.02927623317703255,-0.14965258703420148,-0.38285048584398157,0.0032841635030461725,-0.06493382812220966,0.09453607015653008,0.036754163848979476,0.19509711130638868,0.18423292319503362
1566.0,-0.015600286025495817,-0.13215978182179527,0.27441481670537754,0.06903327909552785,0.11536825034837389,0.1943865155262707,0.025515657705368372,-0.03125517079975914,-0.1755488483074747,-0.36510644617453886,-0.04578007619914103,-0.13436065763601815,-0.02606602041413529,0.0023585498391344192,0.1784800607409682,0.18500710145546378
1567.0,-0.040926122288113397,-0.15196521910497052,0.23936741719832938,0.039660214134184295,0.07797756986316788,0.2441495670162199,-0.04618957607810189,-0.021834034927470037,-0.160687177340196,-0.28708534135791147,-0.07640850434531475,-0.16556747420649257,-0.14691665102206852,-0.01215408745636096,0.16594360901978983,0.17022381185259908
1568.0,-0.051980043936563546,-0.14195340353386823,0.18284071621175874,0.00908705721598121,0.044826124267065906,0.2753555795217953,-0.08863102643170842,-0.011157600982852631,-0.11516046892604052,-0.17823358321444227,-0.08715670188432897,-0.1567305263926865,-0.24185230233329266,-0.014392029664046449,0.1558961837951312,0.1447863220305318
1569.0,-0.05049124444870568,-0.10610127970913773,0.10615259374811377,-0.022765194366183933,0.015348256978209096,0.2737135385502778,-0.09789581404372302,-0.007436975713754324,-0.05654373030921896,-0.07425538859216266,-0.08645063498464674,-0.12052036931360535,-0.2977439270676614,-0.015494915663622823,0.1415637838829259,0.1133505656318274
1570.0,-0.04051383641819457,-0.05719309731766164,0.01676077159014663,-0.055373678861942506,-0.01360261666950354,0.23248780139243141,-0.08447533403413222,-0.013286643120829694,-0.005238550461949991,-0.006326204903274974,-0.08696998697667203,-0.07939370846665388,-0.31917048638264434,-0.024693001273076533,0.11544975838671552,0.07997016532849023
1571.0,-0.02690066389160513,-0.012474780261001243,-0.07314106744448493,-0.08640373696925296,-0.044446403890616326,0.15416874665354208,-0.06583290424473628,-0.025775583878950046,0.02060533356125804,0.008508566542662396,-0.09817234746131066,-0.05651477682547583,-0.3227496419847596,-0.04524388785631527,0.07442001708173292,0.04775615758006184
1572.0,-0.013948346258250244,0.01286054190361132,-0.1495636307970286,-0.11153473951821202,-0.07745571772347808,0.04928681151725161,-0.05670299977152142,-0.03908975737695262,0.01036002517805985,-0.027745826635672977,-0.12106953336550318,-0.0648911099248243,-0.3247403579933812,-0.07332731193639869,0.02262737494289141,0.018873525599114233
1573.0,-0.004880145403511254,0.011727755596544327,-0.2009136418235375,-0.1260403116315332,-0.11140228873925404,-0.06628651065205571,-0.06238532740358266,-0.04792577101727621,-0.03557233149380043,-0.09588038155033506,-0.14748488985831648,-0.10098425872691573,-0.33135174285840163,-0.09998682802853637,-0.029615635287041364,-0.005077414379948335
1574.0,-0.002091449194340125,-0.012710589992498737,-0.22195104656372322,-0.12720299770239854,-0.14449674645825095,-0.17529200724213367,-0.07788587965647202,-0.04917728455350503,-0.10607883607407431,-0.1674011826108621,-0.16370707803949086,-0.14735060806862343,-0.3381058008633588,-0.11497816717254795,-0.0700287057611715,-0.02291256928047502
1575.0,-0.00711830742068437,-0.05024635745596137,-0.2150023792632337,-0.11578346313130368,-0.17440416553016103,-0.2633526669356138,-0.09239861870949309,-0.04081344021589631,-0.1834299241477135,-0.21500985244083687,-0.15695018398440647,-0.18225905110854362,-0.33577036621878653,-0.11153624032657478,-0.08961199412616325,-0.034159480625841704
1576.0,-0.01984404759724141,-0.08970418436126841,-0.1875902189536293,-0.09563680210259645,-0.19784257496880067,-0.321074351116383,-0.09596271000224535,-0.02006565492569817,-0.24914196877064598,-0.2213456780830023,-0.12219948133106806,-0.1903125781394838,-0.31689529628664237,-0.09039326376567758,-0.08728718901108128,-0.03934613951900276
1577.0,-0.03769363731873509,-0.12325638869161627,-0.14887221106961074,-0.07180064077714755,-0.21083900032555777,-0.3431010104184858,-0.0847451318263063,0.016219712778600806,-0.2890834932974883,-0.1833354179773047,-0.06600457274025093,-0.16866370225576674,-0.2794433763068047,-0.059841436210735705,-0.07108134557747417,-0.03965122624200664
1578.0,-0.05598335400504612,-0.14663325425547885,-0.10800576457158828,-0.04834697222902276,-0.2100300952320899,-0.32702340156038084,-0.06270250409231753,0.06883043081386934,-0.29622881246279004,-0.1115864647366404,-0.004493374165386127,-0.126207875389315,-0.22673494962115012,-0.030884114159015826,-0.05370272751111033,-0.03557856765536733
1579.0,-0.06974612433886168,-0.1573426954472329,-0.07440355819354712,-0.027774969480809212,-0.19445647791604828,-0.27548661220577975,-0.038955044531160596,0.1333444172357436,-0.2709616329630854,-0.025178196745602628,0.04376054089155794,-0.07735049295007854,-0.16510151088630862,-0.011778779976684335,-0.0450525788333931,-0.0256988868675145
1580.0,-0.07589781288701447,-0.15418293674441064,-0.05708369208113527,-0.012136189621453011,-0.16682251487654018,-0.20003136404205624,-0.022259290901343452,0.19982034374234245,-0.21955742915955254,0.05641900432446186,0.06615951524651581,-0.034884646761175045,-0.10131555923609308,-0.006342784616340419,-0.04713393012160937,-0.007673310439291318
1581.0,-0.0742673822323858,-0.13849972418274262,-0.061862640267535,-0.0036535116540842463,-0.1335239946040959,-0.12088791621290661,-0.016140193691966526,0.2557359361979746,-0.1517458962235455,0.11993642970545693,0.06073615672245867,-0.005753043081506393,-0.04064853692920556,-0.014869148247849392,-0.054601215205381394,0.01822291224339967
1582.0,-0.06706487508493895,-0.11526889991738898,-0.08827831644537552,-0.0033828572746139453,-0.10326878493520086,-0.06011958148868404,-0.01820720432097035,0.2902955193481475,-0.07879273138335224,0.15944801149305166,0.03399540330349177,0.009235885821255486,0.013760748396387018,-0.0343112227764501,-0.05991937554416523,0.046406125394968537
1583.0,-0.057606418902979184,-0.09241608093239695,-0.12862259821243738,-0.009613743506085511,-0.08439931663534249,-0.03282632696221261,-0.023877232445242973,0.29768913315017403,-0.01272757230751433,0.17344052159637371,-0.005357315547880035,0.013145565355949258,0.05964283999731581,-0.05781897940523305,-0.058978366910271696,0.06724367008547767
1584.0,-0.04971254841575644,-0.07807168386784208,-0.17021285959013752,-0.018398514858955058,-0.08188502857670515,-0.04230968523074686,-0.03083354572476653,0.27857683787734855,0.03488915825534476,0.16284675134686477,-0.050372322287353354,0.010612249049403331,0.09371293428264509,-0.07648072735750935,-0.05330283785673511,0.07139110589719029
1585.0,-0.048047180668883874,-0.07637204636241836,-0.20051432013494702,-0.026097927147552602,-0.09563330532875279,-0.08018032729692937,-0.04014715540218686,0.24003562647894205,0.05602060548655954,0.13200251174860753,-0.09512993500109208,0.006707773486010228,0.1113795562539621,-0.08411031420418784,-0.04826602948827985,0.05392244218135838
1586.0,-0.05768921419067909,-0.08362334349218552,-0.21251752678850303,-0.031706739734622374,-0.12068033231414733,-0.13001977233634057,-0.05366366405824681,0.19350906440045457,0.04917143675188456,0.08978710112100238,-0.13314232001362727,0.006075313745082307,0.10921899408694945,-0.08163721313883225,-0.04898814317324695,0.016278045964376715
1587.0,-0.08170432303600322,-0.08794351683917712,-0.20705428571131837,-0.03719961411427528,-0.14863852946916215,-0.1737033511134383,-0.07082930781958345,0.15032812796084932,0.019491038892757228,0.04789334551759557,-0.15844836103801496,0.01139916623559955,0.08930520083798144,-0.07674515740024011,-0.056172553627286875,-0.033966789356705135
1588.0,-0.11814452212703744,-0.07457305277937262,-0.19108863694872152,-0.045770529523642585,-0.17008635175271059,-0.1980033126374822,-0.08797034649823653,0.1162633952732327,-0.024023423666576532,0.015939428305379765,-0.16859579523955043,0.021796650979722314,0.06193466841901845,-0.07835918070539498,-0.06466033582846696,-0.08536592130081061
1589.0,-0.15903147447143867,-0.03486568558043369,-0.17379483173474294,-0.058940868304040515,-0.17742398127611142,-0.19774490964301578,-0.10002162115743218,0.08854274799929204,-0.07177538842765877,-0.004188164293875719,-0.16689816184544182,0.032603971979000494,0.043091752572756485,-0.0900901654523791,-0.06619814352002268,-0.12685200474689348
1590.0,-0.19248146982242034,0.027096991213079066,-0.1629155773528634,-0.07426070834349287,-0.16667762418545495,-0.1742019091515024,-0.10226092596496404,0.058422013194112506,-0.11541347360076229,-0.020659842488749115,-0.16213643030055577,0.037475459604445795,0.046812306490250685,-0.10744681818441149,-0.05456749326892333,-0.15204433169358134
1591.0,-0.2071955097866471,0.09523417549524069,-0.16241008815725186,-0.08533174248240097,-0.13757760731232282,-0.13155723439645897,-0.09071027752149202,0.0187007683304057,-0.14822036595450425,-0.04735044686802023,-0.1647020198585215,0.03196291621452812,0.07700959750530101,-0.12042640311515318,-0.029489565015320754,-0.16051525390191948
1592.0,-0.19722541741014007,0.14870651902435347,-0.1707211435275697,-0.08447057099151353,-0.09333174252124905,-0.07551005129372486,-0.06287748559037407,-0.029034143062598963,-0.16522820343410374,-0.09428814560734011,-0.18032226035266113,0.01609481777803793,0.12430640905612102,-0.1192903658872196,0.003108302905965322,-0.15544532444321274
1593.0,-0.16459076628057928,0.1707178386576077,-0.17967329076533387,-0.0666714013758127,-0.04104621884896781,-0.014600983335739318,-0.020096123826645752,-0.07329103367267462,-0.16427026295172814,-0.15980456110121913,-0.2056854843808176,-0.006066958920308854,0.17016327380102786,-0.0997173975287736,0.03419097261436906,-0.140097254532358
1594.0,-0.118302918104598,0.15461655008345107,-0.17588557266234273,-0.03285128382562319,0.008548826176201943,0.03899831740825456,0.030684316117655513,-0.09883498396722099,-0.1476082516948134,-0.23053091815472176,-0.22975833985518784,-0.029548031883024718,0.19540090623968126,-0.06466646019172627,0.05516816623201445,-0.11580655412319615
1595.0,-0.07005951006002363,0.10559694190209123,-0.14587946892615072,0.009457292807777701,0.04368351643145299,0.0715709808550754,0.0783088109109078,-0.09562854491198025,-0.12194195853064987,-0.2886833183481669,-0.23981723024764076,-0.05186644394139687,0.18769168356116805,-0.022879940102325344,0.059436041623552434,-0.08263386643327462
1596.0,-0.028792166470363305,0.03845152983531108,-0.08293137436980764,0.04877981551444316,0.05609444103462521,0.07199753840040439,0.11161337505722942,-0.06435412014808575,-0.09528261581190763,-0.320884022178858,-0.22779831225880728,-0.0739502289879739,0.1450485089026284,0.014657275561426715,0.04301849815289833,-0.041584582703980535
1597.0,0.0025236173160320687,-0.026775383332917208,0.008271709410679404,0.07450536591386409,0.04511902191804014,0.03629395662153745,0.12370298859326961,-0.0154026785395498,-0.07230121411494925,-0.32270144918176374,-0.19318000434978186,-0.09753289067165079,0.07571987047832272,0.03929117653979105,0.006226265739812261,0.004060483894200729
1598.0,0.02594011265391271,-0.06979767065358579,0.11198597218030465,0.08097902225370263,0.01843122591223169,-0.028658107634017518,0.11401629926926149,0.03672413670066466,-0.0516299402870707,-0.2967260873808908,-0.1411883169411003,-0.12134651909599627,-0.004891680219681416,0.04857910849602327,-0.04504901090307321,0.04948206257883761
1599.0,0.045046064326325574,-0.07576576466829336,0.2063343710856655,0.06887748407994675,-0.011400928362683815,-0.10421978464071814,0.08770515612300403,0.07883895218038804,-0.027140651519899778,-0.24734243239653864,-0.07811797548696088,-0.1401079524968312,-0.08000057071272884,0.04663211485454117,-0.10094007592637134,0.08952705411969884
1600.0,0.06181495044451881,-0.04095601577910379,0.27012730453594336,0.0441079298375467,-0.03223417389938295,-0.16448464487329642,0.053344210281474874,0.10153399387215348,0.0076070903122699655,-0.1780135225023235,-0.007774333675862851,-0.14737950845716438,-0.13741275124275731,0.040394326255503134,-0.15177477097016354,0.11848171326306561
1601.0,0.07537534104890352,0.024757871293341064,0.2893148418755645,0.015346695022158723,-0.03637982346006751,-0.18576912414290672,0.020399696641355873,0.0998899460195842,0.054341840071456836,-0.09333884010089438,0.06783633549360267,-0.13923737740239822,-0.17190473977369114,0.03519785795322758,-0.19178501733411474,0.1299110404021767
1602.0,0.08286596793444215,0.10173739760531517,0.261369017559676,-0.009082142353204101,-0.022165779711063368,-0.15625235713177762,-0.002719244219095958,0.07438571589683597,0.10720122146238319,-0.002621815118473566,0.14458091592929564,-0.11588778240209982,-0.183600495003311,0.03283958039297511,-0.21951670581189456,0.11935970226428283
1603.0,0.08177096332208218,0.16913132437400213,0.1955974926501462,-0.024026114250788485,0.0061754802820787515,-0.08043807804687975,-0.010441184460971862,0.031404756969629334,0.15347988912005223,0.07945687756997305,0.21333974464977346,-0.0814159710007905,-0.17589176771238013,0.03232013380187675,-0.23490546611026647,0.08855992117645825
1604.0,0.07236168224952923,0.21251182188836074,0.10912416064966217,-0.028451728808003503,0.03955246746290087,0.02297406975073431,-0.0021750040015641446,-0.01850079544864498,0.17759343218459203,0.13652969687138536,0.26118053442254363,-0.04247791928512615,-0.15485695585436346,0.03189504104319297,-0.23577681164551847,0.046471290548171465
1605.0,0.05853910716262255,0.22636748992860595,0.02125753937343018,-0.024141382367502573,0.06626749113937727,0.12786577683111616,0.016499179099740482,-0.06452529267095139,0.16662905061444586,0.15684755663381653,0.27594211467882307,-0.00585745959159003,-0.12865341741338146,0.031045883326378913,-0.216808950154026,0.005050083225580638
1606.0,0.04622806480019228,0.21167696927950008,-0.051100000799363866,-0.013928758552801901,0.07593731414652351,0.20905959448200856,0.035530797313404645,-0.0994106789137978,0.11576774205352468,0.13870612424897225,0.25187866169075196,0.024253467623388248,-0.10597773020710506,0.030784759242143953,-0.1722073609871553,-0.027062555690780726
1607.0,0.0401273374660154,0.17189847720675566,-0.09654960611276288,-0.0010106693417434858,0.06403755427674872,0.24904173978966798,0.04478121516490827,-0.12099597630277804,0.03170755927048409,0.0917259652031393,0.19367740483536255,0.04747304126451287,-0.09403784720143853,0.0321434994753964,-0.10095873809410054,-0.04761468760504118
1608.0,0.04076582753381474,0.11130154621087901,-0.11100070008125583,0.011276491710059894,0.034153350526564194,0.2414761256132579,0.03913089180057115,-0.13141158852872492,-0.06803552657884764,0.03293912356694626,0.11614768164649296,0.06626516265445712,-0.09567441001068117,0.03495957005827158,-0.011501108966408657,-0.05875571266791365
1609.0,0.0437109239265685,0.036984121325344635,-0.09801792533552477,0.02018333907443497,-0.0039344546588969504,0.192389413660816,0.022046660631510877,-0.13520545361891928,-0.16055645900249427,-0.020306504071684,0.03866595897562564,0.0835672193212234,-0.10608314049235522,0.03827058222370789,0.0780078994020407,-0.0633318468069231
1610.0,0.04177953729851544,-0.038559489320638435,-0.06746029484754328,0.024404389583578982,-0.03854633615915896,0.11953291432224779,0.005100306027234516,-0.13718841419438932,-0.225283079745967,-0.05635822397706435,-0.02284572182176785,0.10066807617412314,-0.1119258866731457,0.0410686669503642,0.14559410811405976,-0.06360147052872314
1611.0,0.02952742109732569,-0.098714057169071,-0.032053450665513045,0.02431967150699923,-0.059532844008833415,0.048528490886990246,0.0022664235913739087,-0.140004824595492,-0.2499101100007462,-0.07047150933784803,-0.06098070674699047,0.1169304552069005,-0.09521985559865212,0.04212940941349868,0.1748117500695714,-0.06246860300783508
1612.0,0.0075211315347577645,-0.12836905017053812,-0.002522328234337945,0.02150350482471156,-0.05992111311075533,0.0052340869893751215,0.021677530284192774,-0.1421133447480589,-0.23183228473586803,-0.06164094998034855,-0.07552634941324393,0.13108998479524753,-0.04144003877964593,0.039668439358913954,0.16175707064271946,-0.06387921771974621
1613.0,-0.016662383794926978,-0.11995313985186404,0.016268523141380234,0.017914641549104066,-0.03709648038536178,0.006358226467563749,0.0601528770486665,-0.1378707678046561,-0.1757008299701726,-0.02932124542712383,-0.0684252783299517,0.14235407530837488,0.051516680871131836,0.03222081679494754,0.11572734975430823,-0.07054773972973762
1614.0,-0.031945623634181484,-0.07578387207979811,0.025980423744062377,0.015509621037443837,0.0060428215964810905,0.051933039193479975,0.1039654402720379,-0.12070580785073468,-0.09039974315158188,0.02661212114490581,-0.04112015934636733,0.1506911519917615,0.1685370164385439,0.02053196988100119,0.054018653284210384,-0.08124337958965272
1615.0,-0.029625422545506493,-0.006450903407171872,0.03232180170413874,0.0165266479023054,0.06138762799796648,0.1237275161830028,0.13517067143747247,-0.08802971193655028,0.01184797548511182,0.10321118791654313,0.0033658167223651536,0.15696051347022993,0.280804871564152,0.008596124468301011,-0.005345638953422656,-0.09070950074708087
1616.0,-0.007489238428553676,0.07215442921785932,0.04118378204920337,0.023392270918440282,0.11832837470021393,0.19187102205535408,0.14025000224410714,-0.04455970795517633,0.11479266045318266,0.19183434672684413,0.05737194004711757,0.16254889968257533,0.3572455088299466,0.0023413627682793707,-0.04889924466986702,-0.09227815053145111
1617.0,0.030042743310640923,0.14160245449025408,0.05581407260349256,0.03727893137204186,0.1674410921631217,0.22707402357265694,0.11680970943869073,-0.0012469912377130804,0.19892314111983186,0.27775900028727685,0.10916140513463998,0.16772413085852148,0.37833422810425094,0.00665300701923963,-0.06962556776113873,-0.08100600066784924
1618.0,0.0744403402757772,0.18435029796229094,0.07662847883448265,0.056302776400145575,0.20268262188759623,0.21193014242638716,0.07418737256356182,0.02981204800233622,0.24597691130177537,0.3428175601168568,0.1469193190681129,0.16983421053919007,0.3445690241378777,0.022976263985261283,-0.06701607192122891,-0.0560645135965179
1619.0,0.11609852374709007,0.1888179006697208,0.10229395384862225,0.07529864867384777,0.22134618335900963,0.14607693862476773,0.0274492171352085,0.040823856157917275,0.24575640719287695,0.3706710221543008,0.16250503633165925,0.16363005801033786,0.27425360544715044,0.048633906173728175,-0.04656382893182047,-0.02221359820610172
1620.0,0.14688328756145824,0.15449745646122326,0.12910284043082854,0.08774605043239928,0.22292686945433457,0.04474582614558415,-0.010452822592772967,0.030500032367241338,0.20078784890427318,0.35307802554244166,0.15317832734857412,0.14415445597388032,0.19187496679515734,0.0770344069418245,-0.017785178315146383,0.010695492552467933
1621.0,0.16156809465490227,0.09321129810047721,0.1491005117583702,0.08868980424697807,0.208012054359974,-0.06661798535838397,-0.0331960388410193,0.002769406316861441,0.125989700124072,0.2940941017072133,0.12256271932018203,0.11021707972114725,0.11515227888417774,0.098231596871881,0.00932515971357231,0.0313606503290679
1622.0,0.15810826048115587,0.02437637268649063,0.15119181538437504,0.07676376261337091,0.17778256545817464,-0.15958682757163706,-0.04164767779640757,-0.03582519250842489,0.044392071808380125,0.20938483283073187,0.08116229033861339,0.06608271240625592,0.04942566660307299,0.10097199462582844,0.026858493569800503,0.03257636567022993
1623.0,0.13787655418020447,-0.033244566131743994,0.12680260304230803,0.054074444638287984,0.13455241396131368,-0.2114503514313654,-0.04258339148246518,-0.07857654884131783,-0.01907605810757223,0.12078291129499828,0.044028614517053435,0.02033904087311455,-0.008208910564041706,0.07719889619547429,0.02939792839664032,0.015249165647352094
1624.0,0.10614966520944714,-0.06873202789015993,0.07599558080463079,0.02459940824815127,0.08295569051537899,-0.213786261741905,-0.04613755611200079,-0.1206594122105034,-0.04481553998107703,0.04920205037621966,0.024454468667663185,-0.0173877834802671,-0.06017775812710085,0.027569367999260547,0.014832334178623726,-0.012032013024734653
1625.0,0.07106202442465208,-0.08229517374124297,0.008881189523952303,-0.007112962393676569,0.03038796005472191,-0.17612385634197023,-0.06126005813719485,-0.1601588729538905,-0.025412405135652846,0.00915120591957489,0.02744146322862237,-0.04014143192408874,-0.10318730855915716,-0.03579494575288829,-0.013069667874884307,-0.03794776557564122
1626.0,0.04023291900212088,-0.08367778192027295,-0.05872311301548815,-0.03620128194862222,-0.014321784393397723,-0.1207453151589336,-0.09055534428322465,-0.19676622156528925,0.030904220644023088,0.006072797992359872,0.04812403444873199,-0.04611985316907412,-0.13031431737829619,-0.09288640968742422,-0.043823874953171214,-0.054776761148992374
1627.0,0.01761351812841665,-0.08599077469548731,-0.11193867183255936,-0.057707645645261846,-0.043620501338382994,-0.07094904478462805,-0.12808653632940706,-0.2279330280766422,0.10320073016266951,0.03613769953909543,0.07595341863086819,-0.039046399325601944,-0.13712603470284784,-0.12527878292229233,-0.06456673881615485,-0.061567251385578815
1628.0,0.0032564369594539106,-0.0977531754131139,-0.1414248861868448,-0.06802286277975868,-0.054045647747195245,-0.04018193064391916,-0.16212148750408112,-0.24522868755255864,0.1671737485215177,0.08808431878095802,0.10120735118784285,-0.02631369272990923,-0.12590052261288207,-0.12582134385761173,-0.06723870798817211,-0.06193343533122293
1629.0,-0.004830709684870865,-0.11776476251093569,-0.14445691504869904,-0.06706527330802854,-0.04772686130896098,-0.027843164580802826,-0.18096857687592438,-0.23535593116182205,0.206143697842262,0.14690686784642243,0.11987606561904603,-0.015676439690134072,-0.10489332812090066,-0.10186045174847652,-0.05261690448074186,-0.05891771371717175
1630.0,-0.009287208942186103,-0.13573826092578994,-0.12393977437903164,-0.05897277395534684,-0.03144494357256699,-0.022385795569158297,-0.17811216870775226,-0.18730509816982294,0.2165814309417195,0.1981663648132713,0.13416900233191106,-0.012152863006219313,-0.08339648163948943,-0.0700937777538696,-0.028143145865168712,-0.05153831270521392
1631.0,-0.012985847881774377,-0.13803586355478795,-0.08674531563675199,-0.05007044345007596,-0.013300488851309293,-0.009639199939149983,-0.15395619284364612,-0.10102325933474694,0.20487889613520166,0.23072335261758972,0.14828437353662582,-0.01672234953202478,-0.06610749981322603,-0.047227785732116126,-0.002572322216194981,-0.035612651899478966
1632.0,-0.0184780297318444,-0.11569896720241445,-0.04163043827009357,-0.04554752550589904,0.0011417738378156,0.016736319049150322,-0.11399400044146786,0.009351625902404211,0.17944812409643984,0.23707475252307025,0.16250433498863667,-0.02721051442936754,-0.05118346460169144,-0.04246090331681583,0.01721775238074106,-0.007751295667226815
1633.0,-0.027046214527498155,-0.07097977491775556,0.002492386436974766,-0.047375078096300954,0.010404462678923835,0.04840577776344393,-0.06559504788155478,0.12011770527580742,0.14527396410009344,0.21269553756666082,0.16974764064485956,-0.04054818769648217,-0.0337157508119274,-0.05515841910060942,0.025792454039325452,0.031287215632452535
1634.0,-0.03816484582317275,-0.01806719002007139,0.037266438723610094,-0.05462386894940996,0.015099945605242172,0.06527333419814825,-0.016031276987935904,0.20727135849531422,0.1040247202550552,0.15586320157262923,0.15673340240853278,-0.05492342009358874,-0.011971528322921187,-0.07759581664582087,0.01859529359362557,0.07668708790308905
1635.0,-0.04965365826949458,0.02380209111217585,0.055910178401965265,-0.06496562016953768,0.014759284430982024,0.048110664005000824,0.02794750054137453,0.25543476199701476,0.05730185920297455,0.06833037395730736,0.11017164785780621,-0.07036204951895125,0.00871426088850061,-0.10028323021757257,-0.005428277199933589,0.12186398291197384
1636.0,-0.058183993618588385,0.04072833664010198,0.055598004897711835,-0.07531452331392957,0.007231418731276361,-0.007319450281547218,0.060542672414370426,0.2626582220739593,0.009174500968377167,-0.04338765881579133,0.02622389230906197,-0.08735845092808041,0.017983132915602086,-0.11637733181976025,-0.039731349233430115,0.16016099254300484
1637.0,-0.06017064231203256,0.030546161197218948,0.0394275866661858,-0.08167461340680866,-0.008867253242928405,-0.08513891911942767,0.07803482187481396,0.23982168993632422,-0.033729585047085245,-0.16710361189484327,-0.08278220322769346,-0.1044956301914129,0.00742286699095555,-0.122938554850945,-0.0696048016878019,0.18564807674486622
1638.0,-0.053110050718689066,0.0015954378893809165,0.01591566221289006,-0.08006319624666283,-0.03172861809429968,-0.1570318499236124,0.08023971675518012,0.20579620231451085,-0.06412245314875453,-0.2855472057588121,-0.19086093924045827,-0.1166419397892078,-0.02225096629804544,-0.11961432421031551,-0.07745385035192417,0.1945479388506969
1639.0,-0.0367204253324189,-0.033177586396615215,-0.0035367644790712093,-0.06869805706905738,-0.056350482532001936,-0.19623390128594864,0.07164647026270105,0.180243540576736,-0.0763999923871006,-0.3782159933905443,-0.26934283867928965,-0.11552425578247724,-0.058798032999828526,-0.1069497724439354,-0.051423454699746865,0.18743538086390427
1640.0,-0.01325958417981445,-0.06156451970461433,-0.007802788063123245,-0.04946726869292221,-0.07636879067895687,-0.18782211899293585,0.06083015523564152,0.17607638126509556,-0.0677734244498794,-0.4241202201979806,-0.29856352082635434,-0.0935307173473108,-0.08322089228071167,-0.0859480857157715,0.007289809800570382,0.17000696918677366
1641.0,0.012747268671545565,-0.07443578031561211,0.010541879271198427,-0.027391482821075053,-0.08613554520566565,-0.13118947144687965,0.05706810930249164,0.19457304682716403,-0.0381551238751367,-0.4066273571722499,-0.27370352203104886,-0.049003997420494015,-0.07913940160697892,-0.05896832791995162,0.08295403359641844,0.15038283434535557
1642.0,0.034934362373491526,-0.06632397136460544,0.05188655294122105,-0.008506662393594037,-0.08255547725977411,-0.03758703762283457,0.06553433618542596,0.2260758483918876,0.009601193551533313,-0.3208067711311367,-0.20433284352858244,0.010677084320795482,-0.04045839384308674,-0.030470803544933107,0.1515545244215512,0.1342898311053571
1643.0,0.04615467765439265,-0.03638435201489642,0.10783829064781222,0.002811350550727516,-0.06651908355251206,0.07348786793329849,0.08404981781103008,0.2560299261568296,0.06869744303155914,-0.17964915668588582,-0.11054360867098416,0.07099021066941197,0.026801310830432197,-0.005924682137908378,0.19165019646000211,0.12191931382472397
1644.0,0.0410355536628136,0.010296580018524482,0.1624646588379373,0.005989944388088968,-0.04292791874916209,0.17855391845035304,0.10336281702090053,0.27184955479432654,0.12809991338415602,-0.013469230987884962,-0.01724157402086936,0.11653364994387116,0.10797662880163801,0.010646826423023838,0.1936548702163677,0.10863416074390142
1645.0,0.01919505863320056,0.06308620308746879,0.19697063157784309,0.004754536380662423,-0.018545274637832735,0.25583876775564085,0.11104847399944187,0.26572219890004856,0.173928979090117,0.1391160937517524,0.05322850470851814,0.1377217698140361,0.1862164069738272,0.01856840192509636,0.16300087895018595,0.08883353675213429
1646.0,-0.01361418340126685,0.10892143368417369,0.19700874639067162,0.005367883234844042,0.0012768611775179988,0.29122260633863467,0.09737094586375085,0.23326134170142476,0.19230065030584734,0.2438345243757757,0.08830655458172919,0.13357361218527466,0.2484915934955289,0.021041509809781766,0.11627028124119555,0.06056400766203787
1647.0,-0.04794344411056483,0.13635939768911023,0.159640403110563,0.0131878695767912,0.014571459215145587,0.2818442721560372,0.05991249919017801,0.1721615372084212,0.17311608986615973,0.28056789379050767,0.08867755169398989,0.1095061121406204,0.28723562758372734,0.023942322132128893,0.07276574215497275,0.02742376683231053
1648.0,-0.07491713438816448,0.13821909307415492,0.09583469466788767,0.029377392166485525,0.02198553801279036,0.23597119401074187,0.004336763597468335,0.08358924366514359,0.11388040632274747,0.247012368942645,0.06589473671703153,0.07303871799128568,0.2975396705791234,0.03237581892777524,0.04616101398586741,-0.004236234101532091
1649.0,-0.0893396589447574,0.11294706548073716,0.026533917434640883,0.049764843577991186,0.024609420861135496,0.16980828522902736,-0.058263917198322156,-0.02504200075835689,0.022039593140580037,0.15664508427184945,0.03593220047469616,0.031150806889175212,0.2744460252195006,0.046661369783699495,0.039982385271344636,-0.03015124445419254
1650.0,-0.09033227066286498,0.06601321865075928,-0.0261718332104521,0.06651814621313071,0.023072441196820323,0.10269242579513847,-0.11485053900188637,-0.13855561885529946,-0.0856182152931144,0.03389314548545202,0.01273229416151473,-0.009952116676490388,0.21422854081337292,0.061394015189059695,0.04779408109884232,-0.05000538993523832
1651.0,-0.08026947623310554,0.010561076150023625,-0.04873498410387076,0.07176282463756616,0.01847019549656375,0.05201471857534786,-0.15312318572840278,-0.23531408860332367,-0.18708066575965437,-0.0909344348226513,0.0044188611630185904,-0.04463816232277729,0.11915245196391967,0.06895519654923614,0.0574288397474043,-0.065247566786389
1652.0,-0.06330272358774139,-0.03527105529304178,-0.04165118458457662,0.06160993563990236,0.013189813780534694,0.029128878986946355,-0.1637835260668613,-0.29236460344278825,-0.26159402539774856,-0.1872350619820575,0.012109535139619087,-0.06830075327912896,0.0017396911385123006,0.06478593067275595,0.05779506504858616,-0.07662287434027483
1653.0,-0.04420849132495212,-0.0552338486788797,-0.01761017925338408,0.03880122676745515,0.01025515763222348,0.03670195372838495,-0.14313403076070033,-0.29427172398467366,-0.2956252027038706,-0.23158726887978268,0.03030365864695169,-0.07773263155712355,-0.11556583585276357,0.05070425680188245,0.0447635252125245,-0.08421937840554578
1654.0,-0.027555524447857995,-0.04296446277844699,0.005947105991000735,0.012206464471087223,0.011743843327395292,0.06772005332275326,-0.09539218492735052,-0.24188507727205982,-0.2857691313663772,-0.21545132821415403,0.04851587716265328,-0.0713424154258369,-0.20652003577199832,0.034518756342725665,0.022343904223640135,-0.08887637417689034
1655.0,-0.016814811968474747,-0.0059486152506769184,0.014762545861166999,-0.007286220708202003,0.017269576703477754,0.10746802262691278,-0.03277810620278562,-0.1548565686214668,-0.23852010914943886,-0.14848587712012737,0.05474021595011008,-0.05008999608949347,-0.25082913165507253,0.02632900768238791,-0.0008182236444945543,-0.0929070606074564
1656.0,-0.013740504584161387,0.03759681807112262,0.002257797834279887,-0.012469000860897379,0.023314283752920963,0.13868248003531633,0.02780625845670059,-0.06486598214464467,-0.16821748828954097,-0.054965017696561036,0.04076570974225446,-0.018794975322238235,-0.2432003464685901,0.03345394217664325,-0.01620022639328607,-0.09957519186060487
1657.0,-0.018652778599398036,0.06733126660499023,-0.03013361243131328,-0.0035871721297650082,0.024257440850607437,0.14715802249535606,0.07005588701832377,-0.0029869632588814857,-0.09370353967680901,0.034248060167483274,0.006691278488408876,0.013724960727273193,-0.19672696726636182,0.05666389699531032,-0.01905795075813474,-0.11164458922523128
1658.0,-0.030829939448649434,0.06965311016200795,-0.07517491246084679,0.012141570049317232,0.015025082967712097,0.1255296006114466,0.08286893044100517,0.011964844206649646,-0.033867319654456295,0.09011063463965105,-0.039198173560171586,0.03656719147608255,-0.13783884236884433,0.08927611401449569,-0.010803297254262429,-0.1299703310747198
1659.0,-0.04765508159136873,0.04208643235768597,-0.12251470970725843,0.02473331153332151,-0.00602149468039358,0.07527603658664507,0.06318570596236532,-0.02089121360461014,-0.0028452692578921565,0.09248481103834356,-0.08547093170853862,0.04036567367600292,-0.09458825170952562,0.11907821617231426,0.0008691137278027839,-0.15312866434252007
1660.0,-0.06316780393303095,-0.0077130700301542105,-0.1609733151029463,0.026693425105447532,-0.035230430397575084,0.006805893136787851,0.016914743944271525,-0.08597398200092626,-0.005614274499437133,0.035672624993280166,-0.12317601261381347,0.021210195910351674,-0.0842090221874694,0.13291365714120434,0.006129214869560191,-0.17740726622142924
1661.0,-0.06851009190415303,-0.06631753618045572,-0.18070021404222064,0.016469428292688878,-0.06368442169505721,-0.06304720421261321,-0.042682055981969856,-0.15821461157286487,-0.034824538575836665,-0.06888363330551282,-0.14776948725865138,-0.017148330879677272,-0.1069251476677128,0.12278927182838724,-0.00011097556952462345,-0.1962670557514149
1662.0,-0.05548778555292379,-0.11954048442707307,-0.1755757356537757,-0.0012879922649455375,-0.08003216043314425,-0.11543785181810234,-0.09901351224975108,-0.21229769149966585,-0.07098754474431426,-0.19455932384510133,-0.15718508517166363,-0.06382556527837104,-0.14872977661392967,0.0897118368151895,-0.014561807223751016,-0.20083082693306453
1663.0,-0.02128000470051305,-0.1558834006023116,-0.14512695767657405,-0.01825113565947218,-0.07569422368581286,-0.13425657177669353,-0.13694169909109238,-0.23053122317156943,-0.08863513030797956,-0.30632100525361994,-0.14932777488911136,-0.10347401578109572,-0.18940932422184206,0.04237082138644344,-0.028516846015232106,-0.18285862163011923
1664.0,0.028910261524419487,-0.16791456830940435,-0.09446125109947742,-0.026262239708579056,-0.04958606275298336,-0.1104117001159307,-0.14665174841042,-0.20683817790608186,-0.06823279124930723,-0.37063740392321803,-0.1222018364785518,-0.12044916629872965,-0.210510123463348,-0.007398618831158621,-0.03419081040044303,-0.13842894261510136
1665.0,0.08289909248056207,-0.15266817274899172,-0.03243018731615029,-0.0207603148794671,-0.009187193787856138,-0.045489882775132225,-0.12581463163820825,-0.1466078795269893,-0.008059194986230754,-0.3659349921255209,-0.07685897189220063,-0.10426649249111457,-0.20084043887487643,-0.0488877810422004,-0.029399746215266833,-0.06981156623100851
1666.0,0.12605193437423526,-0.11178694473363325,0.030262267004271003,-0.0024457833915204497,0.03285597023853208,0.046356625553488025,-0.07968608544151236,-0.06371273319042509,0.07248908620388715,-0.2902253974978869,-0.020164538440923186,-0.05476677815088245,-0.15844036832917444,-0.07545211437989743,-0.018248763345454805,0.014777524908922987
1667.0,0.14761344207477936,-0.05116533212228722,0.08284825869489222,0.023201122196298017,0.06458375670318751,0.14059304603976147,-0.018982937644494696,0.02415106062624557,0.14173655274914587,-0.16271986051901316,0.035695973219651136,0.016316374833848526,-0.08823448304141455,-0.08579750437885292,-0.008293324594954677,0.10276411798386324
1668.0,0.14543232457102243,0.019884977129892397,0.11710367804492518,0.048067694783061825,0.07966540914207192,0.20930474911817487,0.04404124204095764,0.10058879153915971,0.1714096121916183,-0.01796829983042226,0.07725448689246651,0.08928408484198616,0.0025269104880865987,-0.08266614447810867,-0.006470470649852802,0.17991612404139593
1669.0,0.1257777928146743,0.08928305195248522,0.130124531117018,0.06442916377788807,0.07881994775967956,0.23031616846079228,0.0995651138518722,0.15419875809165698,0.14959103456131925,0.10627603636838986,0.09523700258902544,0.14385242719463423,0.10640178842761285,-0.06953140351072627,-0.0164155713983351,0.23394370160228448
1670.0,0.09840901495563603,0.14278169473675736,0.125325553648317,0.06792399337108308,0.06722454728024355,0.19452758197723274,0.14188410876643257,0.17994353730183227,0.0845785625253773,0.18273437694959946,0.08856631869264454,0.16594032460306832,0.2136902471616887,-0.04794741213172452,-0.038206419968833526,0.2577666278315866
1671.0,0.07096196592907761,0.16627963314976563,0.11046157169439619,0.0592082303455422,0.0498097810763569,0.10931736482501717,0.16880594403707064,0.17887802985531012,-0.0003498340159557519,0.20337000214341538,0.06442544669939643,0.1513047228085144,0.31006365478699005,-0.017532963223584542,-0.06947970287838816,0.2507924715036024
1672.0,0.04686562356018096,0.15088039645307866,0.09355584715382875,0.0432048882239217,0.02804177930616783,-0.0031688764049566365,0.1810259029029287,0.15666251449658272,-0.07690017391734134,0.1799411663257143,0.03426687538976912,0.10574718833103472,0.378657467239063,0.021748837073245573,-0.10587445083811725,0.21789228938705293
1673.0,0.027264067472122778,0.09851770242470266,0.07940450103255718,0.026401338566191587,0.0007960288692782052,-0.11358829051320053,0.18208397198082832,0.1209692688662647,-0.12136652967554114,0.13784729391213296,0.008813728159535123,0.04287384786217883,0.40630095191996124,0.06693480536951163,-0.1400717994449819,0.1673763729346761
1674.0,0.013797134559539655,0.024042250127385492,0.06892055670987764,0.014040587683045027,-0.03205853582960194,-0.19627961794774382,0.17725329826822617,0.07887245230159987,-0.12087822906497107,0.10626197268047247,-0.004549162989887191,-0.019462327063650822,0.38948314051675137,0.1111403873295043,-0.16160039140022514,0.109326502946431
1675.0,0.008963388102700079,-0.04907666033942055,0.06100162656016469,0.008795425404048134,-0.06728933721205431,-0.23756516986485454,0.17097578550676049,0.03564090319822442,-0.07596463189272387,0.10690951461142983,-0.002149051043955661,-0.06362046125924421,0.33614424695201256,0.14544213985180793,-0.1600190697533147,0.05444427228025935
1676.0,0.01387992447981719,-0.09844193712609292,0.05452105220406771,0.011215065397122678,-0.09893934634639996,-0.23726501383294527,0.1646257843162231,-0.00501065077456201,0.00028476005715540883,0.14482477772558716,0.015169782477981278,-0.07726928700195011,0.26164323057332667,0.1625947849319413,-0.1304780740651841,0.012240780560918317
1677.0,0.02627496179771072,-0.11230277017762058,0.04870356601696941,0.020699973374633297,-0.12039540449052408,-0.204287602974229,0.15615010990901868,-0.040269740850703166,0.08671318128591043,0.20562753480093912,0.040908674222674184,-0.05767565993647952,0.1806650526261641,0.15987967727335567,-0.077598352833917,-0.012233313120717886
1678.0,0.04114084322933561,-0.09298453091291832,0.04209973182437232,0.03528800590736725,-0.12621715044386833,-0.1507823993082639,0.14182537078130317,-0.0679761576462538,0.16109728942321658,0.2612924278518222,0.06437517124546696,-0.013085072125769807,0.10066873233383178,0.13899802542256542,-0.014658958523228025,-0.021240668775413207
1679.0,0.053297586170169185,-0.05322331116458946,0.0313526489868038,0.050386326131020134,-0.1140334862716514,-0.08889730763050653,0.11953264024679035,-0.08713928680551959,0.2064023273252583,0.2812694515113897,0.07466647380909575,0.039611085109792186,0.021581397072396317,0.10364933101746471,0.041506348496299514,-0.0235395031016623
1680.0,0.05923216949148976,-0.009171015834298706,0.011361531315609451,0.05867742096346088,-0.08667530015636975,-0.030534148782334097,0.09162490592019316,-0.09899258251642278,0.2138911939434782,0.24348628585880613,0.06388596549763678,0.07992545377817968,-0.05952371197791183,0.057423484649592356,0.07671737898573194,-0.029165015382835533
1681.0,0.05697576644941574,0.02610453536566807,-0.02201812176009869,0.05268418452694846,-0.052656245819426385,0.012631414190906952,0.06458366832039915,-0.10726642447143907,0.18361509015617294,0.14194379251361008,0.028712579931421837,0.09000445056250382,-0.1436794032577238,0.0038814791694068477,0.08368161324808326,-0.04307376427847055
1682.0,0.04517725586845878,0.046373803098760616,-0.06816984506247299,0.028651514625292474,-0.023185559412411263,0.03131796875401252,0.044992094937567804,-0.1165442528752349,0.1236179133256067,-0.009862964700075298,-0.02815366543694383,0.06067675381866932,-0.22797513100508668,-0.051849978880539944,0.06383374723858855,-0.06236420352380015
1683.0,0.022936858515559155,0.0519505395242946,-0.12031502881258323,-0.01117031383595857,-0.007068030907401144,0.02210210556599499,0.03513039672435187,-0.1293811337399041,0.04764829829950793,-0.1806443130902924,-0.0972349801564028,-0.004691202128654575,-0.30586147998099966,-0.1022523162648259,0.027258328092014415,-0.0787173817784902
1684.0,-0.00920198374317201,0.04613731055148243,-0.16818426066398023,-0.059335538394295145,-0.007171754918727377,-0.011500027121444009,0.031728684955107375,-0.14391409600707478,-0.028786899020296356,-0.3293900940373347,-0.16437315543244374,-0.09088263094664643,-0.36904802297071004,-0.13884666909494806,-0.010275829128620885,-0.08319223202218226
1685.0,-0.04780957943460927,0.03166694848306415,-0.20265135457989508,-0.10591039576897784,-0.020426392520162425,-0.061730325955840375,0.02810955018050697,-0.15343906170306407,-0.0923707963519837,-0.4185143971350799,-0.21543012008230272,-0.1761594650629199,-0.4099862153951407,-0.15537077772486005,-0.03305244847487554,-0.07001379151563437
1686.0,-0.08639219736285221,0.009961598956062589,-0.2189283742277892,-0.14111628558871614,-0.04008942770164627,-0.11957919544753298,0.017638025017068494,-0.14890556915438194,-0.13462397492929468,-0.42722462284433094,-0.2407145338939903,-0.23951686905674707,-0.42282588905966617,-0.15079520739165894,-0.030977462591207393,-0.03878071881556005
1687.0,-0.1176133128807283,-0.017019108620726985,-0.21696075873692683,-0.15734392157979663,-0.05848588695708607,-0.17509855253712767,-0.0033437580366908353,-0.12366386724752254,-0.15374500102175132,-0.35912106295273216,-0.23723161665990383,-0.2668792528670861,-0.4024385075113055,-0.13017229479778122,-0.0025448073928230025,0.00472988052477302
1688.0,-0.13624289010864993,-0.04485896939490386,-0.2002359314032568,-0.15084181843757785,-0.06958722791051432,-0.2171217592343888,-0.033963891423963374,-0.07753756438103143,-0.15544114615481433,-0.23987787800341373,-0.20919605459133842,-0.2543351809803669,-0.34467721304159216,-0.1024377334666732,0.04507653889527394,0.05000736784083654
1689.0,-0.14033975101018395,-0.06702003965716002,-0.17453030175782977,-0.12287566298314508,-0.0706800928792693,-0.23548684856191007,-0.06910060365567892,-0.017442139331962345,-0.15097196335764637,-0.10566776898439156,-0.16706123352977517,-0.20769049771125933,-0.25022228834850807,-0.07614539579802256,0.0987942868448597,0.08532849420292052
1690.0,-0.13084310318599066,-0.07791018230702763,-0.14682882213527657,-0.07971499242610879,-0.06222112753641864,-0.2251877070472529,-0.10159006297137103,0.045464105298960854,-0.151989794388573,0.010828205245837035,-0.12415411787164181,-0.13953861829970168,-0.12951875367391735,-0.05582580995114496,0.14462662795359543,0.10174336636468163
1691.0,-0.11132801727769066,-0.07673161383395523,-0.1241597518643893,-0.031148887285997812,-0.046466881401679455,-0.18936070081678416,-0.12543402567053244,0.10005732596611722,-0.164907198293108,0.08896127253779548,-0.0913282119283513,-0.06597973410432739,-0.003981293271398838,-0.041555496755524016,0.17271359047482393,0.0965033810284874
1692.0,-0.08809485556461462,-0.06859228565828726,-0.11217104511832245,0.012112561662713149,-0.026430954990614538,-0.13841598524372456,-0.13826025077057463,0.1390621563558971,-0.18836412619892953,0.12176609608734464,-0.07216336333327965,-0.0033412742442295936,0.0992695477492131,-0.031153460049606882,0.17997806174484915,0.07493179398123019
1693.0,-0.06905941045569608,-0.061165021865271646,-0.11331884530865362,0.04140563027169002,-0.005587712281422427,-0.08534204664013961,-0.14175489311319991,0.16105240645710334,-0.21462068876769816,0.11429416111967172,-0.06147469844053909,0.036129493311135866,0.15769294335114817,-0.0217747721466344,0.17011432622290024,0.048932240224888374
1694.0,-0.060615889785172954,-0.05967391309057611,-0.12527273364596767,0.052498891922579234,0.01254244415572767,-0.040469150997235324,-0.1398493528484484,0.16949814650732822,-0.23279546643557786,0.08025807808538273,-0.04887173756990803,0.04850236590945535,0.16305066406696223,-0.01011230406139262,0.15177687350501684,0.031885516218867455
1695.0,-0.06404586163701045,-0.06459468548697904,-0.14059472470731227,0.04652665568934394,0.025522707549453648,-0.0088630375226807,-0.13581030261716792,0.16936376438631792,-0.23231404355690655,0.03635621531900602,-0.02632648652619183,0.03919304750271764,0.12416469970130754,0.006444812036965113,0.13550421657934872,0.03234760451437284
1696.0,-0.07436568545638401,-0.07287765515978224,-0.14823807317704318,0.029293562653077435,0.03323646590406758,0.009240649636981475,-0.13064281418671017,0.16411485048490715,-0.20688211359415118,-0.00431380987588215,0.0054514906774934665,0.01980018472634003,0.061047840222718135,0.02759109736356244,0.1294581169102399,0.04966333971676296
1697.0,-0.08290611449913712,-0.08016941520743996,-0.13719698344434755,0.009258420890288074,0.0379068930419314,0.01584207245995462,-0.12416710939397888,0.15537202454043,-0.15858227570670577,-0.03631392010079475,0.03725020358392102,0.0028734085581122296,-0.00488180470905259,0.04972421320227822,0.13467897755758035,0.07385395744642742
1698.0,-0.082018077439049,-0.08230204412043905,-0.10186891355262381,-0.005500715026232559,0.04235485386326629,0.011850131699901248,-0.11718054828495618,0.14417468659405414,-0.0991167207883175,-0.061078404514463065,0.05802679915518767,-0.0029234168290276632,-0.05821346238754182,0.06811091632367984,0.14268140972885826,0.09037365671821147
1699.0,-0.068992679606934,-0.07621747831644822,-0.046278004262751915,-0.010452358037146043,0.04770199650286637,-0.004206487054059671,-0.11188312777189155,0.13153849474975618,-0.04562556098613861,-0.08206552597302287,0.06255321136325502,0.004410640460498846,-0.09201400901338329,0.07896740474612904,0.13879228002578395,0.08740527802266011
1700.0,-0.0471825946166482,-0.06073163208453445,0.016401928472522368,-0.006224980928600725,0.0523186466328236,-0.033428047842337195,-0.10960009069927357,0.11785285847038668,-0.01269804726757326,-0.09978004682874238,0.054629867197953014,0.02042004465108047,-0.10671621576361356,0.0798563809486927,0.11004406982344785,0.06158623346849222
1701.0,-0.024065535016124753,-0.036963458699539015,0.06945984164999663,0.002392624716277313,0.05251429449806905,-0.07189042976097196,-0.10799864531121542,0.10214816989524685,-0.005312885245445371,-0.1107726467219618,0.044464636212250455,0.03700185350255006,-0.10738364662663237,0.0696612481512726,0.05169468321154254,0.019276275917486433
1702.0,-0.00722408045719628,-0.007940003924501053,0.1003499094393295,0.009328204455088652,0.044377844637571696,-0.10908752383798233,-0.10127367395306063,0.08198119327317147,-0.016507281664929624,-0.11081668647041569,0.0426801558365142,0.04650826503475961,-0.10010917280340915,0.0494182617673628,-0.031117488375885453,-0.026561939412879248
1703.0,-0.00010170449258102744,0.022802606491771068,0.10636836140025918,0.010294241613883889,0.02636794089517762,-0.13189760617413793,-0.08402013334574293,0.05444637985411993,-0.0308074995042663,-0.09854457453539697,0.054813624855000416,0.04559821662610032,-0.08844954065860301,0.02344846438136212,-0.12451083968691236,-0.06181724816492647
1704.0,-0.0002881069415905616,0.0528129651404647,0.09529276899531558,0.004699334100336303,0.0017510385177423788,-0.13135517500715346,-0.05552050502086837,0.018465648747003648,-0.03201213436239474,-0.07616135651773916,0.07923230978327257,0.036757185217104284,-0.07187756909381172,-0.0007181198012912287,-0.2077039020243344,-0.07710073454039305
1705.0,-0.001789609976121231,0.08101770536341896,0.08080678871152441,-0.004522499247806487,-0.021297087284760922,-0.10731117948387361,-0.020885478193884123,-0.023052463530482244,-0.011659398719592335,-0.04747685298618558,0.10891684700344585,0.025924617997846223,-0.047764925281442466,-0.014809304180770779,-0.2577149929488574,-0.07229540083939574
1706.0,0.0009271893526013497,0.10642832738383233,0.07552791338311919,-0.013270597245675574,-0.03294954817059625,-0.0677672073343221,0.011471526011831483,-0.06328657862683448,0.026594724542404878,-0.01576367804620827,0.13532129333129952,0.017664911206178902,-0.01593659569546557,-0.013915576123075521,-0.25882323526208206,-0.057381516918486586
1707.0,0.010481580030361159,0.12720155513679,0.08544801413968678,-0.019248289803399134,-0.026302351127945964,-0.023247858322424812,0.03415807499947075,-0.0940385391352897,0.06938412167380616,0.01709122561799792,0.15228418524013762,0.011935081161096449,0.018233604171550257,0.0007093630866359312,-0.2120811616499737,-0.04812726936934729
1708.0,0.026189233374874367,0.14143401095468827,0.10807447426058499,-0.023246130688871176,-0.000641240734912473,0.019499661417421786,0.04428215984739949,-0.10896687913491791,0.10104423663164544,0.050165030613267804,0.15834109374241054,0.005218951663812186,0.04621649338281662,0.022243807853028447,-0.1365459030467302,-0.058262780502681716
1709.0,0.044227120132794936,0.1477844987889047,0.13408883129619675,-0.027940314661148363,0.0375451333458278,0.0591145570549115,0.04393865856741445,-0.1060063934867355,0.11127114075628143,0.08223191572379732,0.1558346567161983,-0.0054999064789417575,0.06266663053071436,0.041272740880754014,-0.060092226656489174,-0.09225212536259036
1710.0,0.05824631157205528,0.143911100663233,0.15114403443251842,-0.035525985815698616,0.07617366053504902,0.09552331534100444,0.03793668869582266,-0.08855763822059183,0.0990332917604919,0.11060843499661221,0.14718154231459774,-0.020144503424816718,0.06918126681266107,0.04885548739298296,-0.0066812910323842635,-0.14308712004278135
1711.0,0.061555001172423705,0.12488598265913074,0.14826860475935041,-0.046024635941145996,0.10177488641095665,0.12456119994401049,0.031039319961773826,-0.06498066592980978,0.07162200651676952,0.1311090791974881,0.1314067524869732,-0.036394374948454496,0.07191184836929382,0.038884167115762355,0.01160397106815366,-0.19659199891259535
1712.0,0.05052138176330288,0.08519990357349311,0.11934759599859175,-0.05700068462033875,0.104518106808856,0.13642441838859007,0.02622941663007562,-0.0457032028318535,0.040532594967307004,0.13907711124489314,0.10368809395895441,-0.05193178302935941,0.07608616600738963,0.010142690696776847,-0.0047499352041508874,-0.2386398064376885
1713.0,0.027061769442325665,0.023964261757089322,0.06519715231200923,-0.06432493921309265,0.08166473183333714,0.11984891670706849,0.024138744316051914,-0.03835611161927763,0.017249864263860878,0.13110361859942818,0.05816892552661651,-0.06515490925502944,0.08257303215974815,-0.03230330346124424,-0.04634365404749842,-0.2597758478804816
1714.0,-0.001680951793358804,-0.050814599344737164,-0.005312520888077349,-0.06336322391316433,0.03857941276301736,0.07019968659110161,0.023729443697854145,-0.043032195990129966,0.010854476528615441,0.10750356178108281,-0.007225175125456836,-0.07385944504658917,0.08887113259290838,-0.07755031910876592,-0.09911963371301763,-0.25561708773561864
1715.0,-0.026530609254882015,-0.12260913252286443,-0.07560534793312008,-0.05025052991860106,-0.012707572578441921,-0.0034824905851298838,0.02402695803594597,-0.05084323940742692,0.026820430936914635,0.07485545821827178,-0.08621280407839343,-0.0737843008596172,0.09292466561874602,-0.11178533091999807,-0.14774512434671108,-0.2260443278960249
1716.0,-0.04029192611458164,-0.17217738331932472,-0.12494996719282858,-0.023200814056017222,-0.05746564359974921,-0.07841709201427352,0.02524545979465628,-0.048111094560684825,0.0657009718997831,0.0460993871012974,-0.16291403532212628,-0.05932363760543802,0.09571087602138244,-0.12331733933607524,-0.17878268682255588,-0.1760369821866291
1717.0,-0.04001612586845351,-0.18605540273673393,-0.1360202601572869,0.016388844014654676,-0.08360840259996108,-0.12709170203333298,0.027253026565004702,-0.02460710501036212,0.12204395940319052,0.03599716576431896,-0.21572965550615886,-0.0266935806981293,0.10011055003744236,-0.10775677022299378,-0.18411465445935687,-0.11682201985078976
1718.0,-0.026788818154541514,-0.1627498901687629,-0.10366336345719908,0.06363284751484181,-0.08561888378935928,-0.1303575360721028,0.026283552338929893,0.01964137071692773,0.18497116140130762,0.0536813089746769,-0.22485838012043405,0.022861433113882505,0.10784311578169152,-0.0700935923785891,-0.1633573764473647,-0.06375639721587747
1719.0,-0.004334315606627193,-0.1128140923438105,-0.03888812111981938,0.11098930927116747,-0.06499864473974702,-0.0863243497492122,0.01421110394361576,0.07355018595972447,0.24106753598794703,0.0976057955013548,-0.1800586595683441,0.08230131308143321,0.11804544550070534,-0.022004310344277342,-0.12355429443926,-0.030294151507169825
1720.0,0.02230546210649184,-0.052812579688803256,0.03565024979133332,0.1499600104094939,-0.028024873007003816,-0.010610161548659076,-0.016787845914392446,0.12015772165601567,0.27860954797675214,0.15638861505038568,-0.08578031964606186,0.14055174951168847,0.1286082278423458,0.023515141834519606,-0.07583892218030204,-0.021558510519514466
1721.0,0.04801920543782155,0.0031494291695445885,0.0960826861938521,0.17314820739876233,0.016862035623460662,0.07065062063285232,-0.06682235648681464,0.14432126263615153,0.2910857449677346,0.21387874674162685,0.038576324848750086,0.18572778256700634,0.13841536755689932,0.0565852969598434,-0.030504179229337132,-0.03182575762415173
1722.0,0.06890996417977191,0.049428279869449795,0.12722272078472943,0.176234969621513,0.0611304271240332,0.13120088185179576,-0.12412883629683386,0.13913484147589394,0.2783263754862338,0.2550008840929964,0.1646173968319256,0.20908618031458673,0.14831736686352018,0.07253981026748028,0.007078979461691029,-0.04767470804026214
1723.0,0.08278073913510292,0.08923787621206478,0.1267653064179914,0.15933624632099994,0.0981883006663777,0.1546474227640682,-0.16822055631622226,0.10865165298871776,0.24506200722018492,0.27075595122169216,0.2649217414719278,0.20806958987236454,0.15980740483810646,0.07230260100617578,0.03762136782163733,-0.0548972883429108
1724.0,0.08829079173242398,0.12952268330258357,0.10309444079235187,0.12694044006580624,0.12480348062214078,0.14049933800987874,-0.17912014156501407,0.06593092754507945,0.19826349798684628,0.26127407495493127,0.32126507147326067,0.18617005056385652,0.17194594933711102,0.06121754694358505,0.06571907204989537,-0.04506925037149642
1725.0,0.08373340586608223,0.17345684158571578,0.06969471066941298,0.0859713702910977,0.14040459828468974,0.10396358319894265,-0.14733212737988632,0.026987697280506123,0.14512248504805905,0.23507073565049497,0.32717405472247924,0.14989824070060906,0.1794193638516952,0.046314288585141396,0.0956650027315758,-0.018521537415318083
1726.0,0.06688611988685553,0.21548364290541275,0.03955627115807156,0.042888346154584825,0.14455218855690918,0.06932515472774546,-0.07897563118688863,0.0035232676848596864,0.0922640350036725,0.20402248013469945,0.2864218575245344,0.10592540098497251,0.17466678803091126,0.033080665837195,0.1275624368099498,0.016947585732064802
1727.0,0.036423830908358525,0.24260414727206522,0.021451372738227687,0.001828639271618309,0.13530154795409186,0.058892844560510166,0.006630007576766597,-0.001251577746655444,0.0451656794641702,0.17679907630328937,0.21106088575430298,0.06043852010535161,0.15290823806612666,0.023163926965849454,0.15602573243885057,0.05034943073844175
1728.0,-0.005980601315213369,0.24139543576476996,0.01872719664419583,-0.03494725084720789,0.11080472148170711,0.08253808912671314,0.0854105282446144,0.008525181626580752,0.007283606003358501,0.15505015227389085,0.1192955967915161,0.019808204021239104,0.11592120583847416,0.014183623312200558,0.17255848284347747,0.07276388103769163
1729.0,-0.05434775061987875,0.20621712819125368,0.03053446429956883,-0.06519119253349667,0.0730832416350532,0.13407760993107148,0.13810442302631856,0.025751584181885757,-0.02016394749972433,0.13445631704364647,0.0314269163300269,-0.009329979961879262,0.0723426627524547,0.0020118710694936714,0.17025412613627705,0.0813476539587966
1730.0,-0.0988648715895328,0.1435952309588339,0.05433261261572427,-0.08568941894241275,0.030027332269789438,0.19625267875914185,0.156244466190164,0.044029339990220656,-0.037415976069663945,0.10895985132450155,-0.03540922794718776,-0.021381683514604257,0.034753820858375375,-0.016073920995420727,0.1477920873503363,0.08017652531826708
1731.0,-0.12835859471741531,0.07048674652570462,0.08734222410629433,-0.0935305892221102,-0.007140320802030448,0.2501015790870245,0.14293551718847525,0.05849377659830919,-0.045832414351785755,0.07466393406495407,-0.07134915141772481,-0.01400771796782091,0.014097652554496918,-0.0394896053531229,0.11044059694452592,0.0771458270602556
1732.0,-0.13412887738826368,0.007287359401844291,0.1253808168957924,-0.08862959254899457,-0.029615367944138885,0.28287051747743813,0.10925577841878414,0.06468813543511116,-0.04892987072947092,0.031200701842853663,-0.07632044907638363,0.010195376816320907,0.013829978195194223,-0.06417638110976837,0.06778838425275671,0.07843093917828832
1733.0,-0.11351155068642052,-0.031077150069607453,0.1605380779032308,-0.07519029867805917,-0.035785280954318884,0.29075872732017594,0.06863208953797893,0.058211845799339954,-0.05271556952333464,-0.018728929751339066,-0.0610918106992432,0.04419860023231993,0.02849330616784076,-0.0836870448145543,0.02955380490788201,0.08436686810935175
1734.0,-0.0713473543634583,-0.04114073096466441,0.18128123042007113,-0.060332732229321805,-0.031337724988717584,0.2764864249496762,0.0325054418763295,0.03680069468516262,-0.06256701524262841,-0.06969083421326118,-0.044768096876183994,0.07928235204306565,0.048079141797400575,-0.09109026341845797,0.0017286691652576495,0.08976886997130668
1735.0,-0.0185441055759377,-0.03074072432768851,0.1768609037864514,-0.050227722706207324,-0.02454127711314215,0.24457977239223772,0.00877833690331886,0.002807797262695048,-0.07811652340018668,-0.11366225156314941,-0.04692631101207755,0.10809317873646929,0.06374329265558949,-0.08118688192197256,-0.014743780358556278,0.0879068726931954
1736.0,0.0317083706851993,-0.013963039190036951,0.14365182890187853,-0.046577030349034855,-0.02055383695987268,0.19801584667569577,0.0014378073083154714,-0.03737849262864069,-0.0912134841959831,-0.1415367898733606,-0.0772583674951315,0.12624916089262014,0.07055206574738034,-0.052826744489856026,-0.022305177829410393,0.0752037852656158
1737.0,0.0686344885461773,-0.004699602998708491,0.08907677839382033,-0.046223202485012146,-0.019104957930733413,0.13880572184249065,0.009821777224411543,-0.07665964047235435,-0.08964434123989203,-0.1456700317456887,-0.12921085560587023,0.13248421296610693,0.06763795140391866,-0.010901737629294351,-0.02402687720280223,0.054290708703134974
1738.0,0.0876995702987389,-0.010849543313211056,0.030523302548580572,-0.04375071082665104,-0.016400117241274218,0.07165622855413122,0.02853241113102815,-0.10958331142809213,-0.06409580998734335,-0.1213687315468181,-0.1818245652636326,0.12819016784755582,0.057864695102917606,0.033732850287774806,-0.022168574374236864,0.03387011581779033
1739.0,0.09180412102511697,-0.030537734082622732,-0.010833815890446793,-0.034909356221736326,-0.008776739096774407,0.006168657686440192,0.04953429521949597,-0.13222626424453743,-0.013698324411676671,-0.0676465306954303,-0.20869725189018687,0.1165033555249991,0.04666600643808866,0.06763468958385645,-0.018736466629938414,0.02507089724110621
1740.0,0.08901907255087105,-0.05274536451648718,-0.019086490052802916,-0.019029712342603488,0.004674679662166246,-0.04580345156874358,0.06564779651646642,-0.14163569355538647,0.05261664980500708,0.010289273456180565,-0.1899358172463172,0.10055294207147249,0.03865211495164487,0.07954470398748645,-0.016498901993452938,0.03637543444781487
1741.0,0.08792771668774084,-0.06349909862493357,0.008987608455372945,0.0005370486536987746,0.02161613284732166,-0.07581235144121738,0.07303247650722422,-0.13651739028885854,0.11869233070157086,0.09766448297202256,-0.1218503512667889,0.08136153017535598,0.03332199310933828,0.06354959588230127,-0.018388401617082474,0.07022478521878359
1742.0,0.09317850593257185,-0.05484095523062221,0.06230421872910647,0.018197078263944354,0.03766384950371846,-0.08281452975846522,0.07117382581656496,-0.11863106912214888,0.16627911777252732,0.17078513896402436,-0.0189731378052457,0.05695251318212314,0.023582903229683462,0.020551442747421177,-0.025296213557624413,0.12212020426907486
1743.0,0.10383400814027857,-0.030776510924947396,0.12014486084333086,0.029287181826437227,0.04833229121196908,-0.07291332800587633,0.060947714678857,-0.09359115163801061,0.18155464922985698,0.20451557185197075,0.09313030039642174,0.023863349886427472,-0.00044442230885408855,-0.0402098900466097,-0.034602410700461016,0.18096181491326765
1744.0,0.11522204345434378,-0.0054748078766353745,0.16029885490830753,0.03280069721073195,0.050847525703437896,-0.05582559599925834,0.04311651721714209,-0.06996681736611543,0.16093717756797435,0.18305228932265324,0.18887602031128964,-0.01942213057713759,-0.04359971978499482,-0.1007529137738374,-0.04112309666507214,0.2309775648404196
1745.0,0.12239600180144644,0.005436410695410003,0.16737216022312024,0.03191585729952498,0.0454420313737252,-0.040613876088582704,0.019074070181601625,-0.05609308476542962,0.11292327917888216,0.10706352457153337,0.2502022426788914,-0.06928893148291863,-0.0994966410118983,-0.13872139017080798,-0.039596122434447455,0.25669616538664575
1746.0,0.12257037716201882,-0.005961053106979055,0.1385977060624026,0.031956573896945055,0.035824028623905275,-0.03285080222467471,-0.0074161017714022386,-0.05580078034166971,0.05407658789635206,-0.007115736113201642,0.2684168851397229,-0.11648623687788863,-0.15229203823041795,-0.13666597559586705,-0.02717270004707404,0.24896058825967235
1747.0,0.1156860080505237,-0.03658835455996819,0.08459894001559135,0.03699204775697801,0.027878496952000714,-0.03407391064635687,-0.030323040622442524,-0.06593587836118467,0.0012864649425934481,-0.13512525348180013,0.24294462213294804,-0.14910261902928962,-0.1860004497035605,-0.09098032327515548,-0.005217654826390454,0.20743156082389216
1748.0,0.10394304360526278,-0.075771158921345,0.024072359901220773,0.047245187795442734,0.02629368895167326,-0.0427129054764501,-0.04398533683333737,-0.07770613084926603,-0.03460896645588393,-0.25398063098245804,0.18000580203668087,-0.15758298787232367,-0.19375071969080485,-0.014634517942753555,0.02031626156182247,0.13844456962020496
1749.0,0.0909519614762613,-0.11105215312621626,-0.02497819327768947,0.059115900089584006,0.031181751545308722,-0.05530228427938394,-0.04582488797517535,-0.08132453029030397,-0.05038386752991097,-0.34743269712488173,0.09221146142894493,-0.13920250343664675,-0.18064299912888881,0.06779775515229446,0.040537577512903926,0.05169176267575366
1750.0,0.08051366327435075,-0.13208121893901387,-0.05248359696463884,0.06762227685774658,0.03783452779403846,-0.0676858055577818,-0.036391504372531545,-0.07103068278371831,-0.04817187622931669,-0.40496435840124373,-0.0022110671352660134,-0.09966184042958942,-0.15960412776893754,0.12959376377265783,0.04708745274336101,-0.04093737376350199
1751.0,0.07539097303670246,-0.13190504704299946,-0.05853534184172331,0.06923232682950972,0.04030345242834699,-0.07589429587277861,-0.017269444787548882,-0.047240754402268346,-0.032598261542118256,-0.4183466557698879,-0.08233138107770983,-0.05099353391026351,-0.14309036507135572,0.1515522259816038,0.03655717146722463,-0.12487610628410993
1752.0,0.07661230311997867,-0.10757423048942914,-0.050834482713184595,0.06315812825875637,0.03569713361991614,-0.07643317133702847,0.010109814769715892,-0.01528850839878062,-0.009299471393258943,-0.3822316999374245,-0.1295900346508641,-0.006980842689768297,-0.13581184789462925,0.12898592854541951,0.013610617388220786,-0.1839644216187849
1753.0,0.08317573654839829,-0.061227425592637615,-0.04004848095320915,0.05073624787931512,0.025603688307724873,-0.06699842503176365,0.04334825622394135,0.017069143743345453,0.015494278770101223,-0.2997912205082272,-0.13324424513151517,0.021877714133807902,-0.13361088101804913,0.07337958605136555,-0.01008583085856048,-0.20488345617872747
1754.0,0.09210867426722519,-0.0006966271520644623,-0.03516508700341329,0.03412283514196619,0.014289813624032146,-0.04838163802447242,0.07734263778652362,0.041840502850445896,0.035752222009487855,-0.18704820546221781,-0.09395035874794375,0.03197678820156726,-0.12822916213919092,0.00715605933656894,-0.02161997719466536,-0.1830292592544212
1755.0,0.09917436337913312,0.06181467384254158,-0.04005932461636219,0.015759629625993917,0.005575429199479401,-0.026377196041962453,0.10450538527521055,0.05301313359539773,0.04677230784193649,-0.06996835994792158,-0.023974675754205265,0.027145211118760174,-0.11301273005305175,-0.04588353437754031,-0.01411921887018874,-0.1260730990667941
1756.0,0.09973024753267414,0.11276988500466886,-0.052996461390779265,-0.00127391988523708,-2.225359036132927e-05,-0.011814376234108337,0.11756898378362528,0.04871904079545348,0.045039226211968625,0.024473500742884114,0.05604655871355126,0.015729393096414572,-0.0861476632704798,-0.06920327515079903,0.009208455448544364,-0.05279187225586188
1757.0,0.0892799251739133,0.1402937407878995,-0.06929868268802947,-0.013187867181186556,-0.006380949761213984,-0.017318437922369975,0.11268598982271472,0.032046629514999196,0.027063272909006425,0.07765676057803748,0.12281842072116073,0.0059199825015528494,-0.05110674932115703,-0.05776468412293897,0.03695183229540573,0.013034886221607134
1758.0,0.06448336326142902,0.13626427424353596,-0.08438107480253072,-0.016748575022359134,-0.019698828196125125,-0.05048651198635285,0.0905993665814123,0.010108228156931387,-0.010194948834971526,0.08481724038654258,0.15718580567657028,0.00181805799108523,-0.01465053347328826,-0.017356260948279346,0.055510322631152506,0.05186574586775282
1759.0,0.025032163280413914,0.09834505696631837,-0.09510906985088148,-0.011523878081494675,-0.044049909578378885,-0.10651498901100137,0.05654615117860417,-0.007900492950860769,-0.06660759749222389,0.054797597817889204,0.14964519440451257,0.0017589417568848187,0.016530681254633507,0.03944810364559266,0.055007422436204274,0.05637746030188694
1760.0,-0.024805257688158507,0.03194637425339907,-0.10054016583500323,-0.0013099229939162553,-0.07800459003659865,-0.16675079520203745,0.019841209588650717,-0.013782256750786433,-0.13650989952563566,0.004361319152135291,0.1018283793137873,-0.00071913899353216,0.038358337097786604,0.0979040992925678,0.032380437695538056,0.03323795918028884
1761.0,-0.07630123865047012,-0.04950736343863202,-0.10292659971524967,0.006799351438490355,-0.11525554652478526,-0.2064784478082686,-0.008207511979786522,-0.004412930844216119,-0.20893598086277942,-0.04952257069759844,0.02401271050234065,-0.013423114823387757,0.04999569913414987,0.14412943350781446,-0.008173525510735496,-0.001849582149652668
1762.0,-0.11836499429917484,-0.12693764567571605,-0.1077578510298952,0.005487138557395702,-0.14848197729304924,-0.20672055397418193,-0.01864480282562669,0.015835173413967934,-0.2702357695349699,-0.09519635372553499,-0.06835659365890485,-0.04075556859927331,0.05298335082161208,0.16669291509234024,-0.05623730946960015,-0.03138547148461082
1763.0,-0.14133222908796678,-0.1802377501994855,-0.12188262076407425,-0.009151127066756571,-0.1728675678869457,-0.16172085013233858,-0.00887822444214621,0.036892974827936534,-0.30819012214372715,-0.12833763071978674,-0.15735880002779476,-0.08040416948105031,0.04906253183581863,0.15805264559819682,-0.09783642049121934,-0.04134222970593738
1764.0,-0.14117649787299277,-0.19432288516457452,-0.15022336154664526,-0.03519509023635782,-0.18695584082760863,-0.07913896142943853,0.016429594432059994,0.04796981883124073,-0.3166602284580421,-0.15121895801472832,-0.22535940335495735,-0.12395636595405085,0.037552995027580235,0.11658267446706848,-0.1201947879239999,-0.023943937129508333
1765.0,-0.1217014747930955,-0.16491419941806176,-0.1920566983273302,-0.06493837195016251,-0.19157299612918705,0.024459684153570322,0.04761278006770187,0.04245485860907183,-0.29834084761156215,-0.16949957951161018,-0.2587308275329661,-0.1610021245080726,0.015091016794937687,0.048734280353651536,-0.11695505707884951,0.020234969325743278
1766.0,-0.09325080105808962,-0.10122227241749476,-0.2383099664637054,-0.08756762911302889,-0.1882830060263401,0.1290820406004209,0.07366765352907063,0.02051093096664764,-0.2629302216681836,-0.18762864288036296,-0.2517559171238352,-0.18363093302886388,-0.021124376896955753,-0.030581599870430628,-0.09078436516206918,0.08056721154370601
1767.0,-0.0687300102986966,-0.023146650095086412,-0.27222781768277987,-0.09342124859132815,-0.1778889001697521,0.21539093772776333,0.08569520791392794,-0.01124291064985711,-0.22112823460887565,-0.20564347116261275,-0.20877353419759667,-0.18860734265578524,-0.06964676199775133,-0.10135815623156857,-0.0513859196515767,0.1381272285491278
1768.0,-0.058508052479522434,0.04635279492097814,-0.2748876338598538,-0.07794303142260407,-0.1595484201892547,0.26738129549924394,0.07913236350935758,-0.04214906152294286,-0.17868980152691313,-0.2192067245820671,-0.1429281081124585,-0.17700923377917652,-0.12344191188297692,-0.1448136449586688,-0.009786949903566907,0.1732446662568498
1769.0,-0.0657242287972601,0.08986298286174178,-0.23366021805283438,-0.043579261002601524,-0.13140600812627015,0.2751337671409546,0.054466567082048736,-0.06021022377176075,-0.13508405662564585,-0.22178945371191183,-0.07145670422203844,-0.1528756605573963,-0.1704738407998613,-0.14935454273433282,0.02697721544146876,0.17522139623164884
1770.0,-0.08415742710935958,0.1010164474935234,-0.14907109341939095,0.0011096927465446484,-0.09257362898629143,0.23771191504033043,0.01659670024236789,-0.05461233388434105,-0.08732082841517583,-0.2069328566714727,-0.009273094013188547,-0.12200718845090805,-0.19618361319375116,-0.11408615564061364,0.05663433498342858,0.14699688274564232
1771.0,-0.10064375695725115,0.08495433259258627,-0.036252768045423066,0.04457165186641205,-0.04484357578523373,0.163747511317613,-0.026711240247478427,-0.019371097910480826,-0.035196686123672674,-0.17035499679537705,0.03597141225527883,-0.09074554317338927,-0.18859252983615576,-0.04974023236980876,0.07861270398813983,0.10152782995432708
1772.0,-0.10153895826595227,0.05441525306768298,0.08007863852816476,0.07621929869578724,0.0072861911571020935,0.06832633250020766,-0.06652761267111679,0.042572208272534856,0.01625066649147188,-0.11236766708184025,0.06439037566655618,-0.0642727558894773,-0.14376263659314847,0.02395070532921798,0.09188156535692986,0.05355353179512611
1773.0,-0.07971560088848416,0.023938104951157165,0.17493680381605883,0.0896711872327,0.05786981243276973,-0.031192897384453917,-0.09439919508048042,0.11812662734934841,0.05839825508541574,-0.039167707733659705,0.07993581538209904,-0.044934871177543814,-0.06804713244541095,0.08518938962783701,0.09625562888755361,0.013046871872713863
1774.0,-0.038040600598484735,0.0045928651295678285,0.23166538152668223,0.084175925967732,0.10057736159533784,-0.1177017117371503,-0.10466412603431184,0.1874766607156697,0.0831659178716587,0.03878883142390534,0.08534711502042112,-0.031839767854585165,0.023454418717994394,0.11844809551642334,0.09453281210228531,-0.016747583194418096
1775.0,0.012513297145568873,0.0005992909201131562,0.24560004285036013,0.06397734627223117,0.1292290127479489,-0.176526488312362,-0.09711704917092286,0.2306426472316595,0.08707685992229267,0.11069869796764917,0.07968185654069691,-0.022081563364070914,0.1111146972452113,0.11946379358623058,0.09149235857960718,-0.0382280460988176
1776.0,0.058721765648828354,0.008826698553194488,0.22281051332306917,0.0361852357962929,0.13893538124770966,-0.1993064956185787,-0.0776825224698021,0.23428093784801587,0.07342642625012732,0.16899058168262293,0.059926126953138974,-0.012583527836834795,0.17679628265284444,0.09476173690313747,0.09008482751809387,-0.05716089957392753
1777.0,0.09098592156625566,0.021372342529578373,0.17612484953113752,0.008221489034179155,0.12843079297126414,-0.1880221948437385,-0.05578011930016011,0.19597157841754376,0.05154353535013358,0.21007339596505828,0.02513870414616086,-0.0019196039567824748,0.20929918102007014,0.05686357574949898,0.0892462919471862,-0.07944068082714494
1778.0,0.10562215314368975,0.029680306396475856,0.11989822633750456,-0.0139009994438858,0.10219672915246493,-0.15551669159881346,-0.040079290622073646,0.12440363148803311,0.03309005283541215,0.23231249229335424,-0.02052821536105337,0.007940032700877462,0.20630958484184922,0.018147233872473294,0.08562692952012142,-0.10757898744003143
1779.0,0.10336591621480509,0.0281147753955911,0.06533454692578562,-0.026069822276965686,0.07004131250027344,-0.12037469240315929,-0.035176720763997735,0.03588614477468969,0.027119013372144063,0.23450415222375223,-0.0686869285190272,0.01134935341421985,0.17314951857512853,-0.013398730669879727,0.07651317119864905,-0.1386314355938122
1780.0,0.08662199359662792,0.01578249365140103,0.018710251642012368,-0.0263685490454134,0.043371029272446966,-0.09778709906019493,-0.040491032986542316,-0.05105842320515442,0.03662078892804111,0.2176342268439575,-0.11044284944561437,0.002085332370852208,0.1208254392812226,-0.03512761159050299,0.06078171310033349,-0.1648181548566289
1781.0,0.05761391262723804,-0.0039627982128872825,-0.017397480816687294,-0.01591178074182682,0.030196327839954722,-0.09218134975424752,-0.051489641382527866,-0.121297927528269,0.057758181871106165,0.1880050327158355,-0.13947307748976448,-0.02129296365902338,0.06360356650454659,-0.048338465855216416,0.03843143043042689,-0.17687505758972977
1782.0,0.01817733422593109,-0.02586639221657923,-0.04227503555039496,0.0008549701362706184,0.03210684385940413,-0.0970720708693121,-0.06224078529245963,-0.16741272313703784,0.08114900376681344,0.15698620735010285,-0.1526583107628851,-0.052235880040493086,0.014552732271222831,-0.05598030879832645,0.01084928163870427,-0.16869979268536653
1783.0,-0.028879568712347422,-0.0448558761160225,-0.05635429067261951,0.01775952615314974,0.0446625323634952,-0.10084171499923134,-0.0675145583123954,-0.1911400719056377,0.0950915425977511,0.13626832597142596,-0.1493234844829563,-0.07844378699110888,-0.019529410908882692,-0.06044453675599284,-0.018474556162923487,-0.14107315618004435
1784.0,-0.07806611138597788,-0.05653335866029256,-0.0612728504762546,0.029757194876455974,0.05991764317882179,-0.09256259193378512,-0.06357805384303114,-0.20087071522031238,0.0907716007237343,0.13244340204995797,-0.13067586044478716,-0.08823612298314099,-0.039668026770770075,-0.06250604275854456,-0.044707360321120604,-0.10255714132056468
1785.0,-0.12131539179460758,-0.05740138891231162,-0.059530074859538526,0.03478618096201063,0.06930767965285797,-0.06520731766877295,-0.04847765321638089,-0.20593795505524115,0.06699137086562094,0.14433843087046783,-0.10009574685567359,-0.07654141029992537,-0.051610279903818855,-0.062108075261923426,-0.06338319491548498,-0.06629840095981412
1786.0,-0.15090328374899062,-0.04610266674652215,-0.053294889778183245,0.03336229345380536,0.06635248531162168,-0.017429384121136662,-0.022596857593671773,-0.21051136222704084,0.030937508898708405,0.16361207328428556,-0.0634135045870696,-0.04684334749133921,-0.06152353763931279,-0.059921933980668474,-0.07069980199645129,-0.04335596230147845
1787.0,-0.16347885166507173,-0.024849926900018502,-0.043841722082678156,0.026751435205634885,0.04858240227125211,0.04591363058933881,0.010806357418402971,-0.2106378435156125,-0.00565676380211598,0.17816515800799704,-0.027469000035610668,-0.00839296819707043,-0.07380967498669432,-0.057457990312366314,-0.06304409405507959,-0.036470948888152346
1788.0,-0.1620293676354532,0.00023819791061960356,-0.03312538346914711,0.01537993014541836,0.017558793058857585,0.11544886692497795,0.045494343696037144,-0.19646556080687158,-0.03223685770337192,0.17739862525885922,0.0027401553700479226,0.02931851172294278,-0.09060723452384256,-0.055164637311478984,-0.03877328303207495,-0.03888178091207789
1789.0,-0.15384783512727945,0.02044629665540772,-0.025721113772690183,-0.0014299553834619006,-0.02272766992024757,0.1798365017522029,0.07273158718028942,-0.15853928167960046,-0.04322546930501928,0.15722942665599343,0.02583091632079903,0.060998574223461687,-0.11087948858955125,-0.05084649372368231,-0.0016780103579185019,-0.038988939472419874
1790.0,-0.14566752672947983,0.02753104581037101,-0.02806924725361896,-0.024315465226348944,-0.06730757820968225,0.22648870913456218,0.08282939788417364,-0.09444395830566006,-0.038028226104553725,0.12253007786808118,0.04355735221871951,0.0856232666653469,-0.12949994102242077,-0.0410993899522577,0.03788494855319322,-0.027655729142505962
1791.0,-0.1395567615419109,0.017735585747063538,-0.04520989712091999,-0.05222290495655261,-0.11070209788358769,0.24119407240767468,0.06799926236743938,-0.011920006522706628,-0.01930238279273543,0.08535534539469539,0.058881670527471036,0.10301265545816826,-0.1387242279190518,-0.02505478227296863,0.06563592559541716,-0.0038681167002546355
1792.0,-0.13268592005572724,-0.005613301114766597,-0.0779507409583994,-0.08172319588216458,-0.14727744071232562,0.2107751891590575,0.025688407194111945,0.0730927576564218,0.007137071849311939,0.05885471638629284,0.07328042065603604,0.11128861510216966,-0.13203931686876544,-0.006562820247194878,0.06819866337647272,0.02445233304291789
1793.0,-0.1210255554711058,-0.03343633793296384,-0.1224543602005605,-0.10809121541203509,-0.17227835777484987,0.1302500506128346,-0.03921774553839147,0.14199345996573423,0.031043285653540933,0.049563970611587446,0.08426501018392572,0.10753472367007716,-0.10768205323711248,0.007601032474401088,0.0385874300298106,0.04490273196686146
1794.0,-0.10389339363935782,-0.05612103512997343,-0.17177305680897736,-0.12717882170703818,-0.1828862111844764,0.009812290043084506,-0.11484710498911882,0.1797800960422479,0.038878635587286006,0.05282196654955368,0.08528125691796978,0.0897820944384802,-0.07018199373015875,0.011882713703047294,-0.019806474812536955,0.04739665754688339
1795.0,-0.0855148584246928,-0.06919037568314516,-0.21800923368220582,-0.13646398399767012,-0.1782143669705178,-0.12523968499577393,-0.18560863144548262,0.1799323404795298,0.019243191414117653,0.05476403262472529,0.06939595396783299,0.05840495877393965,-0.0298436714633378,0.004786532091179883,-0.09354897616370592,0.029434665663034598
1796.0,-0.07227126718202549,-0.07522612196620516,-0.25433261421682124,-0.1351363560307886,-0.15866416661255012,-0.2434056757262761,-0.2367835409556864,0.14678917694510782,-0.030501296109153874,0.04025868776440181,0.03497461350214016,0.01736455118484283,0.00013017220037742173,-0.01190005981224882,-0.16418318968871584,-0.002363092036374904
1797.0,-0.06802093043536575,-0.08088658980632232,-0.2758165982344328,-0.12425865676632117,-0.12600529357457138,-0.3190889033387348,-0.25888021609314205,0.09452984302267423,-0.10128936372949353,0.002055147897088242,-0.0110502689717432,-0.02487537545063136,0.008300512119653386,-0.03616966079498208,-0.21494108747036617,-0.03466387313502444
1798.0,-0.07119859407909165,-0.09162990363199014,-0.2782533750724616,-0.10710271495467001,-0.08382385005310079,-0.34067039035908603,-0.2505127584048776,0.042748286786632374,-0.1749317958461203,-0.05454445389092551,-0.05519345945038974,-0.05681365124832938,-0.010335781141286618,-0.06723529751610555,-0.23511653432565205,-0.05263224527514465
1799.0,-0.07554311362618071,-0.10771798051166226,-0.25666745725933293,-0.0883844974804848,-0.03662587720982489,-0.3120667818020891,-0.21813474312566627,0.01033414321421559,-0.23041586253990456,-0.11383428583294032,-0.08321381945918904,-0.06823176554954348,-0.0507345430738373,-0.10327409125620311,-0.22048252200965351,-0.04618077900500697
1800.0,-0.07371659144814667,-0.1234139519975225,-0.20666512838213466,-0.07179892226236542,0.011901608682125584,-0.24922740321773457,-0.17227724213116172,0.009911036916985068,-0.25094272252628863,-0.15655310569686715,-0.0859810185626105,-0.054718800988978265,-0.09695238989423385,-0.13811221561241224,-0.17233532693410542,-0.015039019243369176
1801.0,-0.061374875224782494,-0.12947134366000765,-0.1287733544714883,-0.057557508634504366,0.05900422603289582,-0.17299197652772602,-0.12276058818150189,0.04396665170084979,-0.22902783055256043,-0.16769731030519455,-0.06270309348034957,-0.019534795322755177,-0.12712893851036614,-0.16115641545734113,-0.09823333791346103,0.029949819497184997
1802.0,-0.038791168909143456,-0.11802648637299944,-0.031912925038237915,-0.042372877501190995,0.1012567974050426,-0.10006417047359673,-0.07590908729886198,0.10308893844380987,-0.1681515495310907,-0.14262107900141036,-0.02068418636157919,0.027957744769533575,-0.12366994574259556,-0.1613031083720235,-0.012901183369685971,0.07086746238114469
1803.0,-0.009057176927168363,-0.08769359062428164,0.06784947591605293,-0.022114444627343712,0.13380563560366016,-0.036551078850797385,-0.034668013308614465,0.1673384291960329,-0.08098301282790447,-0.08956765011397619,0.027714461203358912,0.07614113781170373,-0.08223416323359987,-0.13199307522320836,0.06467118981304398,0.09114041536117416
1804.0,0.02478289335337275,-0.04523318577238874,0.15325508202079396,0.005043444890383524,0.15178224540111512,0.02150179207138839,-0.00014011512584776587,0.2120784092432157,0.015185023014054716,-0.026902978227676056,0.06962780934611107,0.11518003528622897,-0.013426776967851729,-0.07480336944147024,0.11809069242458972,0.08439638850797516
1805.0,0.06064424594521311,-0.001677356036459655,0.21270450793132206,0.03709642295219979,0.1527798903952497,0.08139423891312413,0.02761627173425433,0.21772628404290773,0.104380925042634,0.02484489864353596,0.09618410776809766,0.13965655896481294,0.06323315805061418,2.6411237833954433e-05,0.13983059530721537,0.058117210929310326
1806.0,0.09604456081866287,0.034326525852552685,0.24354983961791704,0.06885303284212514,0.13844829993419958,0.14647600244411604,0.04996416781782067,0.1794352860349367,0.17644749255765532,0.05227169014802847,0.10488355248349845,0.14936071257936243,0.1286644456658264,0.07699093449407292,0.13228403500640415,0.029064288753326655
1807.0,0.12645023842947456,0.060408944870469446,0.2502987519935862,0.09405763995658845,0.11390196190186379,0.21304097107593947,0.06961858594839314,0.1108678836212197,0.2277837565083092,0.05404230881360389,0.0988284073212009,0.14806449361279486,0.17155308063635652,0.14082225888230995,0.10332690168549587,0.013335064137498914
1808.0,0.14529400035334708,0.07936723382373535,0.24002937718263415,0.10784553988409061,0.08541726422917008,0.27177596479412514,0.08891329638052006,0.03864692268537819,0.258514111621021,0.03881193514192664,0.08428533901101024,0.14032844200242964,0.19043275146851069,0.18047294192180421,0.06069045357200912,0.01738785979173262
1809.0,0.14635351662508408,0.09574080367001571,0.2185875906596359,0.10846314317041049,0.05821267922880775,0.3114066268508193,0.10751590818654379,-0.010322632643302592,0.26844175843883133,0.01854906218445697,0.06866072689554732,0.12798748436562796,0.19043802275034447,0.18997972647493544,0.0097822478891985,0.03499528953677922
1810.0,0.12734786350906716,0.11293230296856667,0.18954656332027314,0.09744345239603946,0.03531542896268251,0.32262665467476387,0.12188267270563688,-0.021672120554171597,0.25531688529644136,0.00216278122483641,0.058975776739074226,0.10904577603064523,0.17762658965136074,0.1674400073287883,-0.044503236975402496,0.05126344078719965
1811.0,0.09206585161087152,0.13099380049448195,0.15521512623412673,0.0781982550605681,0.017181914107434724,0.3012740510538194,0.12709321156213063,0.0006508972338197958,0.21744040152270228,-0.007399199128730908,0.059733329922692424,0.07996367742508691,0.15500174948695034,0.1144215333772101,-0.09557927420281476,0.051276420963228264
1812.0,0.0490718333457965,0.14519242545352012,0.11747291694392807,0.054353883273959534,0.002062223353462377,0.2500119125435419,0.1194482268071362,0.03819532283890076,0.15833385628784802,-0.012611069619166474,0.07042241924458158,0.0395545387264257,0.1227560241824113,0.037390425628909624,-0.13587112912831498,0.02862828108072026
1813.0,0.008080456005838331,0.14710728713635166,0.0778366195178012,0.029156375761720237,-0.012379374087325713,0.17815746504731475,0.09836366973616953,0.06830037073659212,0.08892579875682838,-0.018603465830035682,0.0843556860548538,-0.008253326565466856,0.08218058321650135,-0.05011903976117932,-0.15980349700833021,-0.011079782450616173
1814.0,-0.023236031701495404,0.12892985816455804,0.03836711624726583,0.0055547274109487045,-0.027063635853251465,0.09929008704431537,0.06746724223329982,0.07487084896315852,0.02497700987312771,-0.029204792638038032,0.09001776125070252,-0.054584942935749996,0.03978001918392505,-0.1281491908046009,-0.1661217960945983,-0.05380068619923976
1815.0,-0.04065859389145162,0.08874496882962525,0.0036523302966646946,-0.013930659647888826,-0.040890008739585204,0.026805480788036323,0.03466584436766755,0.05462879989411338,-0.018839952546934918,-0.043837295625785866,0.07500333608877303,-0.08857907937723214,0.00712204690180411,-0.17538805512544053,-0.15797605090412048,-0.08498856745831407
1816.0,-0.043313188921495376,0.03339650072924303,-0.018726850366742723,-0.027381187583937885,-0.05150641539343792,-0.030831669937095116,0.010100648278634817,0.016952646024269758,-0.03483571867027455,-0.057892936020732935,0.03163554692750495,-0.10131012569822026,-0.004970289425654659,-0.1765781043465154,-0.14137181938931392,-0.09642561197131605
1817.0,-0.03273348168076612,-0.023084613951051245,-0.021262972817356632,-0.033389771798473855,-0.05601628911649677,-0.07284324214293408,0.0019008918946560253,-0.02205571907655889,-0.025110979431682976,-0.06633650181180001,-0.03815934437627851,-0.08884553932587509,0.006163187406530098,-0.12891060938515095,-0.12295880343238887,-0.08820045199693123
1818.0,-0.012057271686705876,-0.06471690943407281,-0.0015805285549316075,-0.031169903449187627,-0.05141869812774161,-0.10527312382619407,0.012116988909646577,-0.048692403497409296,0.00013358484963915484,-0.06678566188100044,-0.12162685020527514,-0.053671669572486584,0.03251143152279786,-0.044521467236279644,-0.1075440462686732,-0.06656735984431203
1819.0,0.014202527328560496,-0.07924471363110921,0.03418419695395019,-0.02126369498827759,-0.03587160671647824,-0.13605513329843874,0.035968101760663944,-0.05905247115167868,0.028178963356907935,-0.059162227759505956,-0.19882996281836712,-0.004096637556574209,0.06093575028921973,0.05277625934748382,-0.09633474463201203,-0.040357793058963747
1820.0,0.04066669033334409,-0.06145568316659483,0.07214873139904196,-0.006206199424563388,-0.010794783728003441,-0.16830079082047544,0.06507035954576466,-0.05986978579576834,0.0502734701026563,-0.04305372886580703,-0.24981015157218267,0.04855040855016129,0.08278478629154068,0.13598120666440364,-0.08745677064412101,-0.017357574102999037
1821.0,0.062642551850916,-0.014420953985820656,0.09574351406522308,0.009962522681684944,0.01805695588256117,-0.19665111424270207,0.09181821027432506,-0.06253298593916698,0.06468918311267399,-0.016382683165632194,-0.2616264698383743,0.09395157179811832,0.09908580063733899,0.18482131900660592,-0.0784072205112335,-0.0015794011151201842
1822.0,0.07798134102018155,0.050174254638923874,0.09323231807747583,0.023184891829813373,0.04216574564553893,-0.2097518705738077,0.11147122366001602,-0.07490425280712973,0.07458659910498347,0.02228773105901238,-0.23148353483102688,0.12600938589217267,0.11678779714256952,0.19194103340298946,-0.06814615715284383,0.0070248832247775915
1823.0,0.0876688157823911,0.11405235133180275,0.0641788226926904,0.030449831500954545,0.05373004525007467,-0.1969246322685595,0.12166192802719447,-0.09606412132927884,0.08333849963956798,0.06908352790291661,-0.16560520907321608,0.14358124577924175,0.14058026467882956,0.1628805044997003,-0.057108254484944644,0.01028399534867628
1824.0,0.0943457250073166,0.15840493441629222,0.021478985639964022,0.029913120941232094,0.0487360437954181,-0.1546908267748353,0.12147415591852305,-0.11624985172466776,0.09099309493494423,0.11169030200632177,-0.0770251628577361,0.14885050263165453,0.16822132772709622,0.11166839040877236,-0.04504313414722391,0.009573835673080833
1825.0,0.09973795317392994,0.1714929987980362,-0.012498623048146274,0.021094614862560975,0.02819515279004308,-0.0898485834242761,0.11096521345206764,-0.12130169774163238,0.09372576151324406,0.13130439423512158,0.015965333890488344,0.14515050163491353,0.19210228519096398,0.05516153679424075,-0.02824861265055731,0.006159829674814263
1826.0,0.10319495723919146,0.1528889234781041,-0.015022845137553352,0.005680269515612487,-0.002083667969338464,-0.01740476396177397,0.09058207368304351,-0.09915335135544957,0.08658439144685944,0.11027925833570433,0.09292893590527351,0.13609023538175877,0.20400771062301953,0.008101803840956318,0.0010481586680284533,0.0032081235732582323
1827.0,0.10281126098361465,0.11240172991137062,0.02614057549672286,-0.012176176977232589,-0.03256999154531435,0.04574768152701842,0.06092880958739623,-0.04577494285399556,0.06802257371554757,0.04202865562546037,0.13753333917115873,0.12595619266606625,0.19954156661080974,-0.019855958343194417,0.051674334458435986,0.006093148512062241
1828.0,0.09815257608174208,0.06544676917182239,0.10582088539917636,-0.027147893494485768,-0.05217152130819342,0.08756952572302569,0.02385387690426383,0.031196504169821237,0.04286670002790563,-0.06254038114648043,0.14390428839788486,0.11948728223165084,0.18073006562483282,-0.024888190587599942,0.1285464007741059,0.019450411657648724
1829.0,0.09165974212264331,0.027110673610387815,0.20183653361721984,-0.0350670679240092,-0.051600594635611,0.10429068246057609,-0.015863437542564907,0.11305054434100274,0.02108621019156774,-0.17612393873040746,0.11880333170086717,0.11969991207350177,0.15565892336958892,-0.008875101069985332,0.2288208169085178,0.043538300183815645
1830.0,0.08710661307980161,0.006509562590373147,0.2813771975117777,-0.03478513761988951,-0.02703063906493001,0.09941720649880474,-0.05014303934121866,0.17621673273394886,0.012704312704922381,-0.26379735387911024,0.07843659875317348,0.1251430684467696,0.1340670677983529,0.020692772020154408,0.3406717203845869,0.07362222842891811
1831.0,0.08675913535125288,0.003572420669105415,0.31113021087371195,-0.028480781620894773,0.017771166899774943,0.0798627943244171,-0.06947296159461035,0.20186697353399405,0.021819123530797107,-0.29609387072618054,0.041568099260586105,0.1292217093630611,0.12081641268503131,0.052105765784573585,0.4450088095272913,0.10278913890652253
1832.0,0.08980667457574422,0.010123404502367532,0.2698934253932179,-0.020141382249352108,0.07244990360688146,0.052136752115818086,-0.06643114311465577,0.1835307634324058,0.043572135310452835,-0.26090343439777264,0.022068488449304327,0.12235905531643469,0.11210346795446938,0.0733372678877902,0.520770352382537,0.12512562208059358
1833.0,0.09289192823255855,0.014701797301826722,0.15960508638340967,-0.012923250844587978,0.12380292880418023,0.02069421410781127,-0.0393969593301771,0.12882640107303764,0.06626884706073256,-0.16881367221505864,0.024006618174794814,0.09560626253342623,0.09759292467262913,0.07685053527631666,0.5525239291241452,0.1365006454212917
1834.0,0.09206630097566962,0.008650490773688617,0.007600265519011693,-0.007069019031360545,0.15995445765078561,-0.011489442124992415,0.005806069508067843,0.05565318161574199,0.07744556547559155,-0.049121818759847724,0.04087214906360373,0.04437860094939028,0.06739705535789671,0.0625320242242769,0.5357168984814838,0.13362560359820153
1835.0,0.08488819001126159,-0.009068483756301812,-0.1432760717026473,7.948878804041245e-05,0.17331303354794506,-0.04152643423511461,0.05821046756542357,-0.014296280285202797,0.06999501481647336,0.062008381815615576,0.05927513253232547,-0.028186317143226947,0.019856717451049992,0.03754638941135309,0.4763208662131133,0.11417782694121417
1836.0,0.07119686581878355,-0.03086020371728572,-0.2517637558952462,0.011884731412495653,0.16214965940224807,-0.06622359877848535,0.10669722982533773,-0.062481114433257545,0.044458296335647955,0.13576584204869518,0.0658123793352164,-0.1095855191554518,-0.03497327451627393,0.013433549678113907,0.3867929362965883,0.07874070422736369
1837.0,0.052263390218185664,-0.04457359621772766,-0.29321816614349777,0.02954703070392809,0.13070167521146797,-0.08269461029865771,0.14371020246648272,-0.07935115788049686,0.006656712615613977,0.16053183197284998,0.05329910188154608,-0.18051681569970218,-0.07953817255905982,0.0014602704932230026,0.2820289248241166,0.03238737645576013
1838.0,0.03004462885541773,-0.04002078935241698,-0.26588755660256974,0.050712799649920585,0.08761811170928523,-0.0880146339292463,0.16564565593853461,-0.06671379204838053,-0.036244325660113735,0.1432131446545954,0.023088582651330947,-0.22203396966086442,-0.09888220015646514,0.007887173226154977,0.17664960722287346,-0.01594856079313212
1839.0,0.00791740972620516,-0.013384162078362257,-0.18756017183994111,0.07065602682298183,0.04329328679634937,-0.0779249588078186,0.1715755554555514,-0.03529402723389141,-0.07746158256421422,0.10286192081844271,-0.016188579967641007,-0.22333843584046037,-0.08975401298328872,0.030985029902349887,0.08302881897511631,-0.055614114859178464
1840.0,-0.008776757390217667,0.03185370244778174,-0.08632260962090968,0.084968948466851,0.006922935405906336,-0.04757082500801886,0.16220819346209175,0.0005101230971292964,-0.10975696953956224,0.06114640991916711,-0.05159834991090893,-0.18550692642876287,-0.06248095375776079,0.06117323759763982,0.00912033772208856,-0.07633543848285869
1841.0,-0.014788987015306745,0.08610483761865545,0.009530935989520919,0.09155325498105345,-0.016080813942563752,0.003987262509240585,0.13917284678140845,0.027053966435488144,-0.1251446374395169,0.03444701575885136,-0.07012299595388216,-0.12036434110847319,-0.035404153061269567,0.08478652401421756,-0.044216212046196385,-0.0707923772821513
1842.0,-0.00849361021681344,0.1366525093685583,0.0791342039939646,0.09069948423450104,-0.025380241323130496,0.0684798119621811,0.10436787239971111,0.03312268047718781,-0.1174109302465836,0.030008598787545016,-0.06383854864847746,-0.046616186972748865,-0.02658349371935569,0.08998692144672256,-0.08447885626303997,-0.0388305319674829
1843.0,0.006646086678261894,0.17223861354607464,0.1131042720119147,0.08379254036223148,-0.02486109312334252,0.12827264713470624,0.05973755446710173,0.010190421228280108,-0.08552647338797773,0.04627577652534883,-0.03340336646431614,0.015389995614050241,-0.047061672165183095,0.07149776721399896,-0.1241347480129504,0.009274284372952793
1844.0,0.023971015879810077,0.1868000991993313,0.11364209524236141,0.07198184719769771,-0.020149887209607663,0.163164457567312,0.007973840703772411,-0.04558374352454333,-0.034534543517441896,0.07612366644256342,0.013351479439194219,0.04965210588310824,-0.09707203893983199,0.03213574575257967,-0.1729363103046142,0.05519341112516383
1845.0,0.03704489826486166,0.17967870644151027,0.09095388567997094,0.055854769822051106,-0.015938969699832738,0.158888394084853,-0.046160244531466665,-0.12904255305721343,0.026020131434304376,0.11098733278791065,0.06668597178714106,0.04946089883240759,-0.16523553186788126,-0.018154267829263222,-0.23135298827251366,0.08048161868345491
1846.0,0.04244805012584321,0.15314543405960332,0.05782631378859377,0.036216484580728465,-0.013923730290866658,0.11218666372926579,-0.09540146405437812,-0.22373613168948198,0.08376405049795682,0.1440217440139255,0.11923067369264827,0.01915759732166146,-0.2307802901313528,-0.06489400693759707,-0.2895081501664853,0.07446874007248598
1847.0,0.04096760730584963,0.11063041724913728,0.025015513518084675,0.015065889354612245,-0.011867145206966901,0.032556307398467536,-0.13173469829104179,-0.3064814851016378,0.1253617130225713,0.17102938145297622,0.16674344245847236,-0.027965903020396816,-0.26907317901415784,-0.09354313034232226,-0.3309887278476454,0.03731248516597395
1848.0,0.03656782177694802,0.057132514173172236,-0.0009271356145401956,-0.004254359448596651,-0.0049940017559064985,-0.05872949829062806,-0.14960013400449615,-0.3576097695099191,0.1401514123785274,0.1889567801943565,0.20665783517933645,-0.07499826069434402,-0.26055975962875566,-0.09547679962360915,-0.3393084426478592,-0.02191068937365586
1849.0,0.03314762042896743,9.325233074329683e-05,-0.017483953186486993,-0.017975532162036765,0.010149463705702168,-0.13421279075175815,-0.14823142347541934,-0.3698008254221231,0.12452486982309845,0.1935802399303203,0.23585139547173956,-0.10839108605805764,-0.20041259126848732,-0.07306521569715735,-0.30531752771548454,-0.08927643397275059
1850.0,0.03130954276411414,-0.05130580263112507,-0.024809126218533137,-0.023423752000512436,0.0320341826198942,-0.1702120257276461,-0.13118554411572975,-0.3495057110598546,0.08408129713788252,0.17885926786785056,0.2486660974200616,-0.12345636741851304,-0.10271866943535814,-0.04001000514922779,-0.23265702884743805,-0.15018033507588144
1851.0,0.028019894726934606,-0.08854546941543227,-0.02457079476282603,-0.02025239627507014,0.05373151653752138,-0.15612068119196215,-0.10337786897514036,-0.3112966157412378,0.03172563941813199,0.1390257952405959,0.23718076260170515,-0.12490698128827503,0.0047615687658144135,-0.014902686368083517,-0.13837147177182813,-0.1933194109914351
1852.0,0.019064458410190183,-0.10651467793040026,-0.019447837708828755,-0.010486776756971626,0.06596263834809787,-0.09774829392215664,-0.06833751826026244,-0.26983918369434773,-0.017876500342195734,0.07248653791374547,0.19497272965121545,-0.12177755093761028,0.0918799251642604,-0.011121345071109541,-0.04811508708369766,-0.2133853292216703
1853.0,0.0016944407486081333,-0.10527917953290196,-0.012256924336573738,0.002698449852813999,0.06142779652420402,-0.014060741394309071,-0.028308432927896542,-0.2340083603580296,-0.05484960032677018,-0.014784992055998829,0.12275174802656968,-0.12030176591178247,0.1362749615927383,-0.02963154611353929,0.012613889001520755,-0.21038030039763378
1854.0,-0.024214547052383052,-0.09033474986450367,-0.004318024066790029,0.016498282771635366,0.03813439933977849,0.06977153187216888,0.013141030202574422,-0.20542948641960024,-0.07799833647720124,-0.10916986099269091,0.031747929738775604,-0.12030169060241332,0.12865107627029862,-0.05917747359294793,0.027911213496555242,-0.18652276948570357
1855.0,-0.056197186184427046,-0.07137515581038943,0.005038285721636549,0.02920874508056419,0.000494410379948143,0.13041036473392006,0.048927799156166324,-0.18109633700128083,-0.09370374278037098,-0.19355679561301656,-0.05871261652210243,-0.11789159744777429,0.07358161309477566,-0.08301517916726547,-0.002705240255222846,-0.14471104191496706
1856.0,-0.08971853339425422,-0.05997629631105113,0.01626703221448227,0.03998005715566254,-0.04218248745141933,0.15373928708155413,0.06939906565401545,-0.15751500762399845,-0.11038080453739854,-0.2534387967160521,-0.12862524522013102,-0.11145893623540341,-0.013260146976608744,-0.0874114202924632,-0.06441255771840661,-0.08998457064996253
1857.0,-0.11913602795727009,-0.06669360171170581,0.026642654699287397,0.04811753645315196,-0.07935361508960571,0.13916292459830432,0.06687320291730252,-0.13356275519532118,-0.13204387789858213,-0.28165617946185995,-0.16496597369892846,-0.10489675461441013,-0.11068081137709727,-0.06725675749054034,-0.13277266644048916,-0.030977486061638276
1858.0,-0.13914028438040366,-0.0976499887689615,0.02998265267499052,0.05237741531466416,-0.1034471340312423,0.09837852365330874,0.04118366676514391,-0.11091883046636673,-0.15538586822146133,-0.2797951585175267,-0.16549163139707812,-0.10530700336446855,-0.19825498403922892,-0.02728312151601202,-0.18310406447095706,0.02159956085478823
1859.0,-0.14628707292906978,-0.1509741596412224,0.019636202332563576,0.050548551281638356,-0.11249645171609048,0.049183297144890684,0.0018130260428636728,-0.09232078861988206,-0.17201686339349867,-0.25569445053239725,-0.13791769475257365,-0.11775140961668391,-0.26085771063840263,0.020041848207080208,-0.19989953613391853,0.05856275182392904
1860.0,-0.14026541442573348,-0.215015537055248,-0.007642640199480186,0.03982300540005072,-0.10993007275012769,0.008662871193003732,-0.035933771002885424,-0.07852860168317798,-0.17377177567639726,-0.21846924887694816,-0.09609136177708494,-0.1414105285591825,-0.2907363045846566,0.0588607516797806,-0.18156112671173907,0.07490773021588469
1861.0,-0.12447023570420611,-0.2708420744774299,-0.049226680831223786,0.018171966847045126,-0.10181411510842356,-0.010516739128868606,-0.05885918082504139,-0.06621648302820637,-0.15751416701681664,-0.17460021913950333,-0.055187259444741225,-0.16944626357290846,-0.28817575556164743,0.07585709355585303,-0.13827155228798227,0.07005455444631548
1862.0,-0.10500875928953249,-0.29948775738745453,-0.09671971381200489,-0.014049521170849672,-0.09355813902371063,-0.002060443215457063,-0.06286997577805162,-0.0493559213058974,-0.12678025485234018,-0.12774031513044107,-0.027435748181413203,-0.1920645624051016,-0.26146636818539715,0.06548145199548269,-0.08546736270424193,0.04685301707062289
1863.0,-0.08807714963530984,-0.29098567555767535,-0.1385232044309292,-0.05322883150010211,-0.08832089875194724,0.03084092054989184,-0.054649180037086714,-0.023601859774812155,-0.09008860505616449,-0.08134275248295798,-0.0196132890473497,-0.20062020937640537,-0.22514867111102388,0.031031049309785175,-0.036962597827925575,0.011220541207242894
1864.0,-0.07743020866440044,-0.24982471756609337,-0.16337077644155,-0.0926418795657425,-0.08715990287120337,0.07375948109241398,-0.047441643001572185,0.00985738572475849,-0.05799606100789533,-0.04115067398159438,-0.0328894879720244,-0.1905648207521673,-0.1950585646095535,-0.018862919003370886,-7.151201049891824e-05,-0.02770621209848424
1865.0,-0.07356186157409483,-0.192737374197072,-0.1636345944255421,-0.12390348887832553,-0.08931744704103609,0.10580533767371618,-0.05380667575043486,0.04392440764219531,-0.04064179987086536,-0.015209380061901782,-0.06446794897896778,-0.1622480990173644,-0.18103748319190707,-0.07456106560176215,0.025592202472774044,-0.05904265253090112
1866.0,-0.07436219391904746,-0.14008934848153273,-0.13820711467631555,-0.13984355367197387,-0.0923012361471711,0.10922563372858826,-0.07912652919028455,0.06899826349900859,-0.04556377205837657,-0.011148606816720152,-0.10981261277066283,-0.11985927433214245,-0.18174330844112913,-0.12719058491984186,0.04430679586610947,-0.07408556321855812
1867.0,-0.07634673186487233,-0.10692401390464842,-0.09413241636450062,-0.1375089032362188,-0.092713287154877,0.07639038782506004,-0.11908170479588653,0.07793639841061574,-0.0751286210898725,-0.03252423889742248,-0.16385783404549412,-0.06958643155863907,-0.1862357840451661,-0.16864228997223585,0.057984045703372705,-0.07036409595566978
1868.0,-0.07611349331821843,-0.09857725887037794,-0.045393756347813945,-0.11942411688796577,-0.08770625727022548,0.010745540886062652,-0.16222538873620124,0.0693896906013411,-0.1242360694429283,-0.07604833620805843,-0.22040868418981996,-0.018153984240784515,-0.18164959709007544,-0.1921710424927944,0.06366831028665539,-0.052718592816476076
1869.0,-0.07165626937935328,-0.11074782182368137,-0.00842499743141156,-0.09268852943537274,-0.07606616022709041,-0.07582612713667464,-0.19550364365283157,0.04812571324303951,-0.1798500045919904,-0.13028519260972726,-0.27137961036987146,0.02819630537044575,-0.16079478885513082,-0.19378011994044117,0.057348167523984576,-0.030813412172444023
1870.0,-0.06291888450571158,-0.13171062806262157,0.003978096669261067,-0.06660799849723045,-0.058654680613404904,-0.16639194454044712,-0.2093295132018105,0.023255780030918962,-0.22367249710733902,-0.17650225601124245,-0.30770052378740226,0.06506468416995326,-0.1247988847244573,-0.17312342756904853,0.039353514811473304,-0.015039587567725502
1871.0,-0.0516327183642497,-0.14621780575487722,-0.01272648710397818,-0.04934541634306514,-0.03839122038488928,-0.24252324150663665,-0.20052664667287806,0.005397670132843615,-0.238475406951098,-0.19335318443729083,-0.32130163083008173,0.09099001843543823,-0.08167438634805972,-0.13375691614308421,0.01531753462162212,-0.012952081128855975
1872.0,-0.04094465709986844,-0.14156131245105216,-0.054084320739926715,-0.04442851555475777,-0.019761454156975444,-0.2886201989177795,-0.17292924661800407,0.0032606433780747613,-0.2164292979103348,-0.16553596157308556,-0.30688516686172584,0.10633229908283263,-0.04374208302680014,-0.08327048099525698,-0.007976897673273909,-0.027115196429607455
1873.0,-0.03463707229215002,-0.11380297321222756,-0.10918906993314965,-0.049158146805146095,-0.007738039779628737,-0.29639681728026007,-0.13559085317672712,0.021003874564878212,-0.16457716224750288,-0.09213963045368431,-0.26303216187804906,0.1103134055878572,-0.023951105739621215,-0.032495439624306,-0.02736472778736118,-0.054320793605034494
1874.0,-0.035462005276199526,-0.0699858292872191,-0.164078026525846,-0.05641528930378152,-0.006095323003350067,-0.2668915206180404,-0.09900478493392405,0.057888389586431784,-0.1026615417694596,0.011291660749453132,-0.1926933585103964,0.0998198722842643,-0.030396465027888682,0.007718776202805228,-0.04395519521479865,-0.08641974119136635
1875.0,-0.04317753701711666,-0.024038052231133637,-0.20487771324238221,-0.0586800069728525,-0.015776682875048458,-0.20866570946424248,-0.07078858349833303,0.1096099172867023,-0.05380308295478288,0.11847211601066057,-0.1036644456300199,0.0722006051376619,-0.06140426962714443,0.03104847429839489,-0.059548335088862675,-0.11332058058294671
1876.0,-0.05389933033499814,0.01132519384248253,-0.2207799636830659,-0.05157586085771881,-0.034483142812454695,-0.13433958189178877,-0.05281386172140408,0.1697639043930087,-0.033865511375412855,0.20210486705094993,-0.00882361095078903,0.029784157441916016,-0.10430089440282954,0.0376292968664539,-0.07308839213806459,-0.12709711120156822
1877.0,-0.061868099969079354,0.031221126365847698,-0.20673504440084925,-0.03536492295094511,-0.05774698065968329,-0.05742159258344483,-0.04108219724814681,0.23145401650277278,-0.045375928826719904,0.24302484974670596,0.07611473270041476,-0.018142484679283248,-0.13871008168734095,0.03176996746099284,-0.08052797431778061,-0.12419068372472637
1878.0,-0.06267910046534249,0.0392331007654518,-0.16586863131101878,-0.014466604165373832,-0.08053351470180024,0.011020573358814904,-0.02823237821645875,0.28917815183072204,-0.07778565012544217,0.23597133651404137,0.13816728103098957,-0.05811112080496499,-0.14371650921533585,0.01863567417104091,-0.07741210189059396,-0.10409750957278291
1879.0,-0.055637636316606176,0.04259479110188231,-0.11070547182379958,0.0043428135604842225,-0.09845097446847625,0.06509786438777254,-0.007233136940791819,0.3397194074300125,-0.11227410060673684,0.190774884534109,0.17224164008924578,-0.07837394981708458,-0.10671145829628682,0.003154521165655252,-0.06175428106822015,-0.06660259931675268
1880.0,-0.04393793342873428,0.04701932772057025,-0.060766597523521176,0.014538614086103402,-0.10834672677479094,0.1039048191504088,0.02557454011241897,0.3812224861919755,-0.12878083810754465,0.12842516334898718,0.18139635845698554,-0.07367848819086717,-0.03001266770385298,-0.009489883691127677,-0.03521077242200452,-0.010746100652057462
1881.0,-0.03311708017321151,0.054962357892518514,-0.035773693989110615,0.012523587904420597,-0.10847902428022821,0.12885230497611447,0.06896967464306218,0.41128103302135677,-0.11368413464318665,0.07230318289222215,0.17227303853550704,-0.045921469106860145,0.06818744681537253,-0.014281294637463336,-0.0016929305160319167,0.06331193153329201
1882.0,-0.02859484965604966,0.06653780912502093,-0.047315871592390694,-0.0009593427024137341,-0.09864298329215991,0.14136800847343187,0.11687889748422726,0.4257347876288488,-0.0655225341827026,0.037769679392248824,0.14986977704616386,-0.0016337730128024898,0.15985568544751608,-0.0084184705576013,0.034697545271674596,0.15046348678720992
1883.0,-0.032959198905363335,0.0808675579100396,-0.09330235244922358,-0.02147848856295748,-0.08047408864542116,0.14210449663156355,0.1600484020364572,0.41954874601980796,0.00468089206439006,0.026372558169169346,0.11590417688222857,0.05074781575989542,0.2186532976757919,0.006849674394967209,0.06954985350232688,0.2375434491589432
1884.0,-0.0443253798155262,0.09692560681772422,-0.15804112125269537,-0.042827939969109906,-0.05738489304555801,0.13087434865931652,0.18909887067647543,0.3894457678203417,0.07889836309843899,0.02866101478710127,0.07180275956919686,0.10245452533400601,0.23204667467323045,0.02659634029010705,0.09662741624876425,0.3047999237263732
1885.0,-0.05710954542979526,0.11392802233258649,-0.21736722042237824,-0.05875013907551096,-0.03317937119552567,0.10694239703156076,0.19773799948451734,0.3367097528153463,0.13961325859871676,0.03281373948756168,0.0233641453009599,0.14547617957709993,0.20706775434024888,0.04490321164695165,0.10847670710793615,0.3333423402281524
1886.0,-0.06468452114796054,0.1317569367578087,-0.24604693642433634,-0.06387435389686975,-0.009784678175941813,0.07039461571299632,0.18478501388709326,0.26888716258020895,0.17544790109630654,0.032489882389958355,-0.01745027412705741,0.17387727168240713,0.16539772963445643,0.05825361596636858,0.10023598796523916,0.3145341844983902
1887.0,-0.06176317415447333,0.1513088655528725,-0.22565547685855755,-0.05433784790235096,0.013611933494851482,0.024800992478787903,0.15407023751018215,0.19920302772100432,0.1837808353881396,0.0294771098396175,-0.03620325327591239,0.18512604987139822,0.1306623094678696,0.06731707703656126,0.07400376456438917,0.2550497781963174
1888.0,-0.04509408116887223,0.17369170320144436,-0.1513392793687406,-0.028607226677217427,0.03874888285246842,-0.02067985404758787,0.11213105660922774,0.14292590130190747,0.17076100342327227,0.031043375915413597,-0.023622375416791682,0.18079989708218305,0.11688528202455092,0.0757010678561898,0.040380797700542655,0.1746456835332007
1889.0,-0.013334718466475876,0.19807258589629734,-0.0343076497445364,0.011735241513352888,0.0655777274309584,-0.05255318293811267,0.06531801552624389,0.11206904597331044,0.14891379495935747,0.044577642489600035,0.017957688882539288,0.16605803453648246,0.12532943414898756,0.08638257465400927,0.015368705605848727,0.09838981341647798
1890.0,0.032127992595311024,0.21995762329639018,0.10180056911568275,0.06171462035769656,0.09119018433272881,-0.05829189492880173,0.018575398738852462,0.11123631665098853,0.1325912324955282,0.07270060713888982,0.07437612458473901,0.147741106701171,0.14931756690551135,0.09820568344221928,0.012968814269437858,0.047347917944279366
1891.0,0.08573194020746669,0.23196506037341957,0.2289612438686389,0.11343558107773406,0.11098311227092983,-0.03275205616048276,-0.023523811438406254,0.136427109819141,0.13268696934702007,0.11155845297744031,0.12649680088804,0.13199986715948633,0.18116493464513547,0.10519461430876208,0.036900179989809136,0.03157039791802948
1892.0,0.13790857966253323,0.22711301186127048,0.32403388733289984,0.15758043551106946,0.12110818515427922,0.018462300074704025,-0.05529706282084204,0.17694067233051253,0.15321789647499576,0.1531352997874185,0.1602120420942648,0.12286325060639708,0.21583142869738847,0.09988185910765465,0.07747352179359167,0.04796078684426768
1893.0,0.1778072490276618,0.20234560444492172,0.3761834195891597,0.18578021005886786,0.12081208299567883,0.08014551013082716,-0.07068690072086738,0.2194037188246692,0.1914329211146103,0.18946194331975377,0.17336669053176712,0.12217347034751053,0.25019750633904114,0.07865478367419544,0.11702938634381747,0.08343754167901145
1894.0,0.1972682330902581,0.16010251452333954,0.389297983192843,0.19288683196103218,0.11313495307783736,0.13191115836983341,-0.0668158769585519,0.25217246582513403,0.24025232034415264,0.21560492346147492,0.17499907888412802,0.1300278395252896,0.2809629242209437,0.045059755769689264,0.13981564666179172,0.12112728417987881
1895.0,0.1938446375761293,0.10795655333649659,0.37773981915080546,0.17819892731761497,0.10325220698739758,0.15480097869430803,-0.04728799077629128,0.2681648846960284,0.29035442620665286,0.23013143152180204,0.17757807083322927,0.14497537702803406,0.3042359381493615,0.008549443646766547,0.13825052239008886,0.14645269446117035
1896.0,0.1708692766102482,0.05721320242043866,0.35769867270830524,0.14538510014334885,0.09562776024140185,0.13896684916989496,-0.02137702081519182,0.2652559235951201,0.33076438416682696,0.2335884958540994,0.18793419098205602,0.16409812815279803,0.3165153081904854,-0.020068150322884726,0.11223274291287663,0.15127504158892735
1897.0,0.13444776993602403,0.020201492682639568,0.3393137663058714,0.10140868506510782,0.09211584219606915,0.08927314135733871,0.0009563577294154847,0.24489685382319257,0.349341439762559,0.2263094766329403,0.20313612690099994,0.1831406736265397,0.3153548359766544,-0.03319491624723917,0.06569250352582202,0.13533582149680695
1898.0,0.09024966647165197,0.006112345634462107,0.323549093411767,0.05501300411529531,0.09210740329463528,0.024710577474704426,0.014360622449093358,0.21008162232005598,0.33520957970891213,0.20709260676560992,0.21333319239599302,0.1968003766966757,0.30000676771915513,-0.02856862160819829,0.005725788892847916,0.10501243524268616
1899.0,0.04309810831367306,0.017098218854128766,0.3042526460995198,0.015169472219702603,0.09406325795279905,-0.029710913060676938,0.0198774764429398,0.1635277936271425,0.2830488126327059,0.1737527698627381,0.208287348811902,0.1999615285421885,0.2730498160786053,-0.00828631084061563,-0.056212902588577085,0.07053178489346036
1900.0,-0.0013341248547920205,0.04694992655674645,0.27332908763042657,-0.010529291408727654,0.09666675208421842,-0.0546146331613634,0.022548481428542776,0.10657255267059518,0.1966125177539271,0.12553349152326415,0.1830330567736104,0.19009515002885766,0.2418289832372241,0.023912436679458363,-0.10566614183054962,0.042863052086756864
1901.0,-0.03577540295146802,0.08315739972424181,0.22634066003230174,-0.017464040073087942,0.09845686656690168,-0.044375816595377364,0.027335097581768338,0.03881110789322297,0.08906907584957939,0.06626231694144954,0.14067271819261473,0.16898642845735729,0.2171459483165306,0.06470679945050291,-0.13053465373879772,0.030345827282832614
1902.0,-0.05290647109069002,0.111417184854788,0.16600117789107025,-0.0049495458852918724,0.09723194845701873,-0.007491920904806724,0.036436983936392,-0.04116238766983759,-0.019633812776715567,0.005962505562785177,0.0919409913823613,0.14178594739300135,0.2084242559965689,0.11136597543087771,-0.12666236080178142,0.03496471469521611
1903.0,-0.04817366015801744,0.12094177725384539,0.1017033745308793,0.02381453832253717,0.091269095565342,0.03930028672290811,0.04909819086392303,-0.13319083892260009,-0.10674885234428728,-0.04133134370517643,0.05146669689967035,0.11427861345247309,0.21831652652700714,0.1603063206760119,-0.09937120211948015,0.05029335820834214
1904.0,-0.02210645066501178,0.10865551421820017,0.04524127815991382,0.06221047419889637,0.08157055973948928,0.07911927367933254,0.06287186959872079,-0.23223442688040563,-0.1514976763835913,-0.06349546716741272,0.03206829216324523,0.09109720541212502,0.24120074030997746,0.20524335830746154,-0.06030415266059323,0.06405979919942441
1905.0,0.019344185802976418,0.08033970450435533,0.005390840238845792,0.10050339016096246,0.0722791379973983,0.10188811031401063,0.07514866671555821,-0.3273241398177098,-0.14106449489537481,-0.05681224610122232,0.03948537114497248,0.07548839619656576,0.26623604425475095,0.2369178675453333,-0.021784138431052005,0.06443329006102923
1906.0,0.06689121378314884,0.047920978198640815,-0.015661325169395123,0.12668944171813853,0.06825656937365579,0.10724390158211455,0.08465547000650644,-0.40440528589877744,-0.07652829116095444,-0.028613795408935182,0.06943543047252222,0.06886761611575556,0.2811139093998506,0.24559956972586602,0.00848888277648889,0.04518526656219653
1907.0,0.11127161790197101,0.023896428982896525,-0.022742280644435748,0.12934463474989127,0.07163727495004478,0.10156339481912935,0.09226928457848503,-0.4514874894376856,0.025212150027128753,0.006406432446194885,0.10847931502397963,0.0694852453371202,0.27378499558645003,0.22532112620423755,0.02955371233032419,0.007102286447880771
1908.0,0.14588501307566462,0.015288767470922102,-0.024897609441484864,0.10240141788975402,0.07986207807227519,0.09130918807482813,0.09974744573393132,-0.46315969209464697,0.1364016297028578,0.03437120478760099,0.13923619793075576,0.07196746174357646,0.23408430028689273,0.17731969723663765,0.044634481529210686,-0.042643097509283606
1909.0,0.1674001702391603,0.020274707593326217,-0.03039237208227414,0.049112529682747284,0.08651321995731774,0.07864339989016018,0.10670074190669682,-0.44239484057653794,0.22825634303339573,0.04944180653424426,0.1477228900843294,0.0695057196765849,0.1577187701039805,0.11030719958014057,0.056048701886020284,-0.09213919962536703
1910.0,0.1746925117651674,0.0295246424605059,-0.04225427410231765,-0.01800170301403329,0.08446553953772891,0.06284690181888675,0.10876157837911903,-0.39940347815936744,0.2802362475229507,0.05508019788868271,0.1288091194803074,0.05756427685448258,0.0503849468458702,0.03697589877489465,0.06195600732201548,-0.12904927600736504
1911.0,0.1677003166866317,0.031125995782358196,-0.05728756981745002,-0.08176859124758572,0.06958281770018848,0.04429015679410573,0.09920623153634935,-0.3487258395444544,0.2843222390539113,0.05875525493143567,0.08717157827078097,0.0360047024068762,-0.07240411787167912,-0.031052890171082332,0.05739387564145755,-0.14691459215188415
1912.0,0.14715256403083593,0.01588491790063986,-0.06880628239747531,-0.12708534457235954,0.04303855798298516,0.02533685002735731,0.07305078535370811,-0.3055974187760959,0.24345070759182413,0.06419639871304739,0.03381596134442915,0.008313136981921128,-0.18989859352437818,-0.08649153661830737,0.03828121840792483,-0.14851323247134476
1913.0,0.11479090939637927,-0.019219121839285095,-0.07040852290663609,-0.14629428730426342,0.010980661343200651,0.0077183865819102585,0.030917447099528036,-0.2818941371133796,0.16701097485277533,0.06676827726784526,-0.019592545528345377,-0.02083756798332096,-0.2815977306753939,-0.12657744119638384,0.005107697295713108,-0.1430651997743554
1914.0,0.07398172383254506,-0.06977990105986008,-0.05837606052756996,-0.14077272708233707,-0.018306245586764868,-0.008990371225552104,-0.019677179584574715,-0.28235184872184055,0.0675251595989652,0.05510463860658137,-0.06522403254599904,-0.048030199246174396,-0.33209158386048004,-0.15173174613925652,-0.036040812186505636,-0.13983209332529706
1915.0,0.030668625528939047,-0.12483386702101731,-0.032726383468433824,-0.11853228273098285,-0.03776869399734358,-0.02549195376570083,-0.06660898061494316,-0.30255076207375636,-0.04029968173109978,0.01763147296391266,-0.10026414032578314,-0.07235929450278752,-0.33545007522987125,-0.1645666271610108,-0.0754024562189176,-0.14301282176214294
1916.0,-0.007262605914178037,-0.17007074789743332,0.0022488239906797818,-0.08985674809458559,-0.043479256732607,-0.04104483472143654,-0.09776087596857581,-0.3300076108245865,-0.1407405774801275,-0.050638246894952,-0.12568322808950821,-0.09486364709950769,-0.29753741225186847,-0.16925217817718818,-0.10334828528344499,-0.15085885332675428
1917.0,-0.03354764888517541,-0.19291927436756695,0.0382778494865523,-0.06353992039875535,-0.03507607784334909,-0.055275575235571806,-0.10550475542831328,-0.3487195276384093,-0.22038836993474764,-0.14505383942908612,-0.14478533868020652,-0.11657115375370211,-0.23407279367431658,-0.17020940913182972,-0.11424058977479996,-0.158646211357787
1918.0,-0.047002182238407755,-0.18758217167929103,0.065159327638743,-0.044935845508734105,-0.01592569668475251,-0.07086141746801419,-0.08955300126718975,-0.3458386346842089,-0.271378922093556,-0.2526963099835626,-0.16248502103472368,-0.13663618013746723,-0.16489693920844883,-0.17028929390507502,-0.1082022700744573,-0.162689326146186
1919.0,-0.050901115585553484,-0.1573849404485699,0.07441075299271731,-0.035628240642236256,0.006828547851431229,-0.09232461798982887,-0.05738064155440538,-0.3172324439188571,-0.2913315251551649,-0.3561542874214809,-0.18466724042292523,-0.152181341538655,-0.10746138986976471,-0.16982458350446675,-0.08978459480545331,-0.16258764384913066
1920.0,-0.049259098041042726,-0.1129790979056895,0.06277001923503145,-0.03405607131911582,0.023640574653085628,-0.12089388982950831,-0.021493845899912753,-0.26857270366932606,-0.2807785953145788,-0.4371960915887264,-0.2160271236734011,-0.16021609117942281,-0.07289480376992863,-0.16708584573352386,-0.06473266591123666,-0.16047958866597822
1921.0,-0.044234251630116316,-0.06768411469465856,0.03369329445331554,-0.036540088591791225,0.0262752142563839,-0.15002773014673373,0.005565245376967656,-0.21157979158546403,-0.24155996436101748,-0.4792644510404839,-0.25608141271245105,-0.1599002432022712,-0.06551101382108362,-0.1594705018793933,-0.037173853739305186,-0.15772689368720064
1922.0,-0.036220579948533185,-0.03305088504938681,-0.0036502864157757294,-0.03848993168743515,0.012165718404664322,-0.16627259820599302,0.015789630465267598,-0.1584067747121238,-0.1779203104458351,-0.4702452060051144,-0.29653738811255337,-0.15287010305866164,-0.08360977779084224,-0.1449213159138979,-0.00839361607227684,-0.15168963684259956
1923.0,-0.02476266294815642,-0.016588636603654793,-0.03717351948626849,-0.03563310047823279,-0.014078344346000459,-0.15644697394634452,0.007704676019424357,-0.11740868202379506,-0.09901006395514012,-0.40739824293950005,-0.3241173351015881,-0.14178234739651585,-0.12015730956182846,-0.12318851037128185,0.022990340267844158,-0.13641390961166233
1924.0,-0.008950069200960822,-0.021060772577111052,-0.05545035069943612,-0.025043159996676674,-0.04366651125646849,-0.11702068286606598,-0.014352830446811073,-0.09158847701935958,-0.02007689886452159,-0.30237475866741675,-0.3286195209326835,-0.1294634169761403,-0.1643895430252172,-0.09619039718165265,0.05943019380231787,-0.10819237763065749
1925.0,0.01174408956352016,-0.043755095044759044,-0.05152030032005692,-0.006215328400375002,-0.06890511040873154,-0.058464703271497595,-0.04227410284125242,-0.0794191586177812,0.03949412128935279,-0.18069551722207705,-0.3102267334707146,-0.11956063685310223,-0.20488137137753834,-0.06722331749448937,0.101526776605549,-0.07178711902493301
1926.0,0.03549314423633265,-0.075634904839195,-0.026295579868085346,0.01757596762081869,-0.08657986739997989,1.921629231206744e-05,-0.06621283292524872,-0.0767972543272661,0.06124597329974088,-0.07295663102083567,-0.27935774127804985,-0.11667371358647019,-0.23297548238432456,-0.03978229637019706,0.14535625593860446,-0.040943178961638564
1927.0,0.05678032342204307,-0.10230280128114183,0.010129420834249595,0.03879568008558274,-0.0972365271251028,0.04190819610282218,-0.07668430283396585,-0.07863700179090072,0.034593393380712954,-0.0016924260144931872,-0.24885513121383884,-0.12425238942973069,-0.2450260404174288,-0.016859669391998046,0.1822504151090278,-0.03103148493622386
1928.0,0.06779790862366857,-0.10829605834707492,0.04097689420546016,0.04778234474923,-0.10210977498373676,0.06170873963395732,-0.06721753696805088,-0.07945754181690677,-0.03665800634429149,0.02832386554043646,-0.2252500862183838,-0.14180436433502044,-0.2420952545370888,-0.0007974022756916476,0.20185242176835458,-0.048931052521981655
1929.0,0.06186151549613484,-0.08348974157358716,0.04887416664896917,0.03734149434913623,-0.101185628641009,0.06458578848818092,-0.03682551059382313,-0.0735394600609387,-0.13213819515581243,0.029931135715839642,-0.20584874036022305,-0.1644861680383238,-0.22745047927730297,0.006887344964580966,0.19698342319369563,-0.08775141998951372
1930.0,0.03611634610790849,-0.028504447491253183,0.023149831807615914,0.0073155208503468796,-0.09386098263745071,0.05941637474290647,0.009066227891734422,-0.055919341214419216,-0.22070398379027062,0.023206392215170558,-0.18305233671585977,-0.18574218446231122,-0.20426232444699552,0.006177082279160813,0.16734752332312292,-0.12944283141624147
1931.0,-0.007699566401557947,0.04356171012059009,-0.035184116089590704,-0.03395378058101698,-0.08074486613571759,0.05121123661729755,0.05977803238775934,-0.024400195879685605,-0.2733351160840045,0.021925764134936895,-0.15196499015394663,-0.20053605976666,-0.17499239800038846,-0.0006087877596951431,0.11958045292803968,-0.1526841903269408
1932.0,-0.06345551019740803,0.11056126653767048,-0.11345996589337169,-0.0729092456658554,-0.06442575767110492,0.03811624885296069,0.10244774580384756,0.0195146652452434,-0.27625696047433956,0.02639707232940006,-0.11479617553071296,-0.20656058459195642,-0.14161534101017922,-0.008626659756612864,0.06389682307070445,-0.14160349964652644
1933.0,-0.12129041861782161,0.14960866118310812,-0.19203709355910567,-0.09728771140680884,-0.04856364041361477,0.014512400843456005,0.12628483815788505,0.07217058223575079,-0.23589894030496292,0.02670302817863875,-0.07837151008718436,-0.2031992894444286,-0.10568371233187185,-0.011202941801078206,0.010649590907701371,-0.09201035949982807
1934.0,-0.16971476099765562,0.1467587177382531,-0.2506810698946753,-0.10166140585811959,-0.036395082068509194,-0.023403816648227112,0.12598955614660118,0.12956840787640822,-0.17303181960955114,0.011963913097693953,-0.04814222129321933,-0.1901620292752062,-0.06885142706934734,-0.0013462704069937945,-0.030650885460724715,-0.013364691652975078
1935.0,-0.19933187414220302,0.10257296142965545,-0.2742608333026363,-0.08865819465688499,-0.029808651220176414,-0.07429598844134654,0.10226298529091683,0.18670089414332408,-0.11140595533190384,-0.022074762800917323,-0.025222431776692266,-0.16765855007472175,-0.03483329135856335,0.025467542301764658,-0.05144560044347582,0.07416976669680382
1936.0,-0.2064514260542832,0.030623497296391973,-0.2572815539758025,-0.06611486651137709,-0.028941606460516786,-0.13119957082453987,0.05993692111805689,0.23572930464280786,-0.06838859792964244,-0.07108982263473541,-0.008072859626337265,-0.13797821667500929,-0.011462167472648282,0.06747836019180406,-0.04601238498524233,0.14678818068379876
1937.0,-0.1946585332008305,-0.04912228639516885,-0.20654232816406484,-0.04291771444545157,-0.03182885734959801,-0.18218721877346283,0.006227584631026333,0.2670700636742475,-0.05077193125667276,-0.12464705355530874,0.005114177923655857,-0.10656782069179674,-0.00915829887815872,0.11418626849455259,-0.014285085989328667,0.18542998608757627
1938.0,-0.17343194510468346,-0.11746170726871966,-0.1397412349452277,-0.0258813589699127,-0.03438826273842946,-0.21263989289204813,-0.04980684423763359,0.2747374028324887,-0.05501890063094008,-0.17006596610450953,0.016397789038584493,-0.08081981719694327,-0.034402577837913964,0.1483557114919712,0.0373860245221868,0.1821481351142286
1939.0,-0.15394690714526085,-0.16068512455925793,-0.07885736279769802,-0.018315244167357858,-0.03148756249913477,-0.21029138786225718,-0.09799743697416358,0.2618999497666868,-0.07077111059497386,-0.19571672289061742,0.02914896783891101,-0.06657729174009298,-0.08256560329025345,0.15297266605190804,0.09820806235713546,0.14280297881835755
1940.0,-0.14370379890796103,-0.17297966296401013,-0.04105039709371002,-0.019984526558569214,-0.019374278663682777,-0.17166022733706401,-0.1293128684244418,0.2409559471366382,-0.08611767694997946,-0.1933802979683763,0.04753093755625571,-0.06448520181352929,-0.13651036910729836,0.1195992774803285,0.15548850699368622,0.08541519978749425
1941.0,-0.14282079860806376,-0.15719920259455356,-0.032284052281184764,-0.028023034871014714,0.0015604972216072693,-0.10640240280567881,-0.13868562084739533,0.22700663221742104,-0.09191877516241874,-0.16008057982809765,0.0740286970702517,-0.06898148692503055,-0.17324631842498955,0.053177052281073556,0.19655274787177932,0.03349620872640081
1942.0,-0.1441049531821224,-0.12355744855367178,-0.04681203633268597,-0.03823243993599041,0.025915864788283418,-0.036189808201878636,-0.1264871065838576,0.22972501728300468,-0.08322421131848885,-0.09940876763852372,0.10673376085261506,-0.07098250373001684,-0.17528867840333193,-0.02915463364083367,0.21118562263292814,0.006194545431350626
1943.0,-0.13700760721984348,-0.08596548664628714,-0.07163626761365435,-0.04643981606789045,0.0454331335293779,0.012946009253982114,-0.09811948266611548,0.24950581827853321,-0.058639073496691195,-0.02148660026989503,0.13853504472072142,-0.0627105013079012,-0.14018669077515222,-0.10433503236212424,0.19489673995411755,0.010533538516097512
1944.0,-0.11361190668132126,-0.056980234847207566,-0.09277041597061962,-0.04980353622801221,0.05269132083959428,0.021744686619371414,-0.06228819336380652,0.27901751438982964,-0.019864558673801935,0.059434157519636065,0.15976395974600566,-0.04186343395545987,-0.08202790675323292,-0.15169465647509267,0.15085387289833435,0.040096401324917486
1945.0,-0.07346098884936196,-0.04321681571189876,-0.10021957065113991,-0.04731226695569141,0.04424557120871633,-0.013450202677540476,-0.02825580666386289,0.3070242217378305,0.027758103032705376,0.12950115948251112,0.16325005407464221,-0.01289775046577052,-0.023478422794018114,-0.15932484865641364,0.08851130569829622,0.08003852941371302
1946.0,-0.024366185308927153,-0.043474076152294164,-0.09013777142281305,-0.03876696974416645,0.022028336020229997,-0.0788391714104355,-0.002792369735734182,0.32161599128363205,0.07511070544079743,0.17981996379294174,0.1479028150912589,0.01516941115875558,0.016384952774170555,-0.12614646150262465,0.019772712742658613,0.11477276865631258
1947.0,0.021344364090581776,-0.0510328258397424,-0.06445424119503301,-0.023260083766076144,-0.007635475615922206,-0.14927399592492366,0.011396375035350346,0.31255883316839833,0.11178594028021259,0.20838609652187312,0.11851218693067843,0.03340634203296569,0.03056565199269734,-0.06055472959423558,-0.04472610253224489,0.13377175129650276
1948.0,0.05299862586871312,-0.05867195709573263,-0.029162910897174887,0.0008465869614465452,-0.03692928037742828,-0.1990101635758246,0.014867173845563745,0.27363652732146276,0.13091745298625207,0.21841589271714126,0.08349379535090155,0.03793407107368629,0.024593539191033954,0.022326098005385216,-0.09780423985318422,0.13272594041437988
1949.0,0.06661409347213722,-0.06224414093181889,0.007678436139030362,0.03384688534421761,-0.05951020069603188,-0.21099033010169,0.009800661694400957,0.20497552573918462,0.13239043408703663,0.21457706086294742,0.05245192335774793,0.03257744088048286,0.010821337115626726,0.10393176720920391,-0.13644428012881624,0.11132182116542855
1950.0,0.0659330027637588,-0.0601259060908519,0.03786189830089291,0.07215078644398033,-0.07207373693157858,-0.18007846016505558,-0.0006673122983648854,0.11417307923739295,0.12148130042560726,0.1999641806560627,0.033248672507784516,0.027384515836190285,0.0023351370259196745,0.166020857334201,-0.16097630315121686,0.07176824719070554
1951.0,0.05930506780788622,-0.05049279611146482,0.054942790630391335,0.10772287249572557,-0.07445544774340539,-0.1111733433521475,-0.012554683406210397,0.01507075910245817,0.10491745718007085,0.17605881666598902,0.028987488013170228,0.033562873170584706,0.009882114097594964,0.19471078332837888,-0.17303165800407583,0.019966897332490605
1952.0,0.05461428846651602,-0.030424122830942903,0.05587422287169558,0.13047796175666163,-0.06881808403731579,-0.016315447755467612,-0.021978581948451932,-0.07572852052270307,0.08801492034192247,0.1454454857363563,0.037176202127137646,0.057728084035350964,0.04000594785217124,0.18419169110292277,-0.17400166437051987,-0.03361741864629376
1953.0,0.054915088906179785,0.0019558703168174644,0.04170953098701518,0.13236626849273872,-0.058489176387821404,0.08781931538462871,-0.02686727127952001,-0.1433277347330846,0.07381763783787698,0.11430222430089589,0.05229049556811314,0.09863837591297175,0.09191533840423398,0.1386428969151427,-0.16560104489093924,-0.07690263714748069
1954.0,0.05714624280178394,0.04475941973909721,0.017279705535097865,0.11109301722158577,-0.04692823493868663,0.18342985474893034,-0.027745899773431167,-0.1786157691085279,0.06326522092383802,0.09161575579298453,0.06986701495970823,0.1476714873706776,0.15456238392099322,0.07080212535154767,-0.15160885652200898,-0.10186104318288601
1955.0,0.05492713535320425,0.0919012481195185,-0.009634330119003267,0.07188118688032683,-0.03698470985106963,0.25587795602936775,-0.026258227729034665,-0.18079720421840972,0.0560154729844764,0.08539799997477668,0.0887069298315158,0.19225355224830087,0.2082886216006894,-0.0024565869431401456,-0.13818022621238737,-0.10815679993727653
1956.0,0.04339730427932357,0.135290277803451,-0.029389338657516587,0.026243669099204683,-0.0303491016116216,0.29665065298525245,-0.02237389266048871,-0.157026340065565,0.05189428330174119,0.09901220156722318,0.10973257461936946,0.2204947005623641,0.23323460646275354,-0.06544514129646851,-0.13155840828260695,-0.10149135864007765
1957.0,0.022411785253582922,0.16783401732117864,-0.03260810859105919,-0.012191549906695482,-0.0270751974232873,0.30412208099087873,-0.012828594095578273,-0.11852591076432809,0.05210649434004122,0.12963229931644443,0.13331774247056766,0.22514630984490083,0.2201783154166181,-0.1078201878589081,-0.13486630241583658,-0.08813867624110555
1958.0,-0.0034706066616878527,0.185665391523243,-0.014236331269366178,-0.033022655341821264,-0.025242197328555264,0.28316948874022957,0.007511395818129919,-0.0751719876965279,0.058965126186500204,0.16833649030560482,0.15756752206542154,0.20549241250898195,0.1756994916087602,-0.12608498006298516,-0.14669050234240974,-0.0702627062253635
1959.0,-0.026880426104924582,0.18902851359546877,0.022255935713320373,-0.03280441450857331,-0.021331923582724732,0.24419651655897326,0.041595287924845036,-0.03246314146886452,0.07374363808459447,0.20156399882664358,0.17816998932699027,0.16677230872113935,0.11819890713725159,-0.12210825395961089,-0.16187937413323922,-0.04528147860275683
1960.0,-0.04004200381184546,0.18133469899511023,0.06467431838821772,-0.015389107744288895,-0.01194196470548252,0.20043891726336213,0.08572125765501376,0.007239416621214336,0.09384633081979156,0.21514946830276738,0.1892899833310399,0.11794809703491545,0.06872411140030363,-0.10047951503305053,-0.17271466833380694,-0.008967084668373808
1961.0,-0.0375263819456459,0.16669425321331907,0.09767272087562597,0.010671975136013721,0.003809308278288831,0.16366713247996229,0.1284513781703125,0.04171961630017219,0.11175061364093772,0.20045163261494026,0.18535667254344254,0.0693326359906245,0.04249815081345036,-0.06703198152190766,-0.1701645702807383,0.040128551530970426
1962.0,-0.018693619186846963,0.14796521406726224,0.11094666608338292,0.035943064208709456,0.02316055600657698,0.14080113228430116,0.15498151347205005,0.06796715558849623,0.11741971517755281,0.15864415520551509,0.16361592452446952,0.030805270104918202,0.044295172931180536,-0.028669193701245647,-0.14674432069862245,0.09760938829514684
1963.0,0.011760816425186055,0.12645166453976717,0.10448998843146609,0.05371632462883894,0.04109663395660249,0.13270601082281938,0.154395546116675,0.08360768511060893,0.10332798705512189,0.09969864551607514,0.1262363043032375,0.010029320539783414,0.06829892576406958,0.007076259252707154,-0.10057485595709513,0.1531677235633694
1964.0,0.04591311165535404,0.10204716000944031,0.08760044186241672,0.062449493055135925,0.05321436039122108,0.1349538268115811,0.12504019651606646,0.08825143743420451,0.06942609387426596,0.03730916272820683,0.08081476737993405,0.010426446406532031,0.10178410175355829,0.03377377713345136,-0.03773223493772513,0.19309580946234736
1965.0,0.07615910583210643,0.07338676832649119,0.07309640770622416,0.065947987907139,0.05794353965909229,0.1414859416989928,0.07544481945278349,0.08401622800101005,0.02521088484837214,-0.01567746243092058,0.03952722960102073,0.030116618336374548,0.13077432994187727,0.04873006453347078,0.029389268361105773,0.2044274079575839
1966.0,0.09768578235500223,0.03899784013922411,0.07072680262164738,0.07075069456565942,0.056912065606834636,0.1496986506182073,0.020739428271113587,0.07586090516902046,-0.013165839723298524,-0.04874688093477363,0.016449188320574567,0.06291064089420265,0.14525178613581374,0.054724034707401406,0.08713293844230922,0.18036727614424164
1967.0,0.10836970013553622,-0.0008669037812271021,0.08302560134225777,0.0819546535730811,0.05367796601479835,0.16119222097713817,-0.02421208326307295,0.07046281280709908,-0.03041298364109802,-0.05418428677722489,0.021555806414267353,0.10065513619363763,0.1418157527835556,0.05857956980668033,0.1261386130981549,0.1248921419263171
1968.0,0.10734768191684169,-0.04319121361515061,0.1052973414272758,0.09985043535408561,0.05165276747618791,0.17650228944732954,-0.0517658844974465,0.0724368269457758,-0.020213784136587473,-0.02970138391058646,0.053568830619470084,0.13529534620886272,0.12276596322693038,0.06638776092144905,0.14421709719349318,0.052687310630064925
1969.0,0.09453018406979716,-0.08273490110647673,0.12914454411599904,0.11887105093799219,0.05208551522467465,0.18989627436675965,-0.06416084175516967,0.08035315848631808,0.011456713827223006,0.017792909798516873,0.097818418268102,0.15981633933374143,0.09304405963001551,0.07848155826641644,0.14510898000395267,-0.01658399134140303
1970.0,0.07144918168876033,-0.11401189056132711,0.1466510248567622,0.1291156628235299,0.05339303586109622,0.18977327138954755,-0.07020727926359686,0.0866300887079104,0.05010689788309363,0.07207933265475383,0.1323817139490712,0.1684677445474361,0.05807812604335339,0.08819826438831126,0.1342857354830967,-0.06626836364195218
1971.0,0.04205982300021082,-0.133555726061938,0.15271431320402962,0.1203403998932272,0.05281133015598729,0.1645250520742117,-0.078651027389542,0.08236507800571224,0.08072003927510116,0.1137465216391791,0.13896227812880052,0.1574475314470338,0.023575343936799827,0.08582052525657738,0.1146989626674895,-0.08831692769186152
1972.0,0.012472011789181786,-0.14058717692185993,0.14547163662266124,0.08738971852158094,0.049118513498148955,0.11016869081087866,-0.0925698285581279,0.06376601139963074,0.09418890669952565,0.12918075224662728,0.1117075115213909,0.12676264734551354,-0.004095361114669902,0.06516020366527203,0.0854630964973155,-0.08403857921818363
1973.0,-0.010343216542634384,-0.13553318787175092,0.12604597835852094,0.034305550518511876,0.0436760726558049,0.03441368877534902,-0.10798431963488273,0.03532298604934252,0.08854488288053979,0.11615930753956082,0.05906846258448531,0.08192233143783673,-0.01810803958990498,0.028013228847551943,0.044446889444165756,-0.061130060785665026
1974.0,-0.020520757165172432,-0.11822422890826582,0.09805537496789471,-0.025766362455220834,0.03888611622060924,-0.04650407722645677,-0.1172605990413193,0.007627397589811324,0.06639790258852994,0.0826089177528256,-0.001909126068028556,0.03295170472550473,-0.012756311884809786,-0.016691321874963205,-0.007736500457651754,-0.0298486705697261
1975.0,-0.015581806100610033,-0.08785305977320285,0.06632136034253991,-0.0754026361184813,0.03592600988803274,-0.11600014891931604,-0.11471482689522317,-0.008329280341036633,0.032515105002922116,0.040441118543716625,-0.05535194506367554,-0.009611407401763054,0.013177769667183401,-0.05754592488674368,-0.06611821020295797,0.0002008977148765411
1976.0,0.001927719829185417,-0.04483229555217809,0.0349712722304652,-0.10017525110675125,0.03380832725566771,-0.16408962192320775,-0.10031821575670385,-0.007167524083907219,-0.006752280723557684,-0.0007735783433070545,-0.09448350832300649,-0.03897113176585043,0.053275634514153576,-0.08506209067350233,-0.12288418161574204,0.023014292214958692
1977.0,0.025035624312139668,0.0069432294595246045,0.006583587151945468,-0.09468639529931637,0.030063710809093504,-0.18909751616414533,-0.07932299999218992,0.007331935423036147,-0.043787790988971065,-0.037132732756449426,-0.12292316338554254,-0.05362386276694653,0.094226077823716,-0.0939366924206228,-0.1695932497313034,0.03854663641652991
1978.0,0.04576954667651207,0.05930821798556753,-0.01691098879525318,-0.06442095085546258,0.022109320270403382,-0.19511878853521455,-0.05908503155205154,0.023468294052403867,-0.07138555549673148,-0.07064077950959073,-0.1492642736411173,-0.05586903951935375,0.12124920539373232,-0.08392710348501288,-0.1986194089047893,0.05215639773899166
1979.0,0.059376101429739654,0.101787621300455,-0.033069524301328736,-0.022908090237667024,0.008484121963173517,-0.18858460803816016,-0.04588279649826964,0.02807438602806164,-0.08481086894351055,-0.10711316529063569,-0.17934497286190107,-0.04921078154282035,0.12479970922660553,-0.05989460982701557,-0.2046973488628283,0.07006549824904766
1980.0,0.06603361752380377,0.12562663759013576,-0.0389951046077826,0.013894582919098774,-0.010113545240785256,-0.17592167919521604,-0.04318186593415472,0.014895464317101896,-0.0824908488788785,-0.1520285984664658,-0.21143404124300935,-0.03655867606548245,0.10478556836622852,-0.03064251960690867,-0.18673204086138148,0.09430177260324085
1981.0,0.0690497621613786,0.12727986799621988,-0.032849716371227806,0.033230755270363954,-0.030179367479595712,-0.1621357928806271,-0.050965000847241676,-0.010696057940115236,-0.06552902986719907,-0.20570065625862718,-0.23701522112017637,-0.020029958544565716,0.07070456849256809,-0.006356714623676754,-0.14824110594496287,0.12146885940854975
1982.0,0.07179375430132755,0.10920156373071808,-0.016505605179077825,0.02925626215753886,-0.04638852595716711,-0.14970970846451925,-0.06573244276566209,-0.034567179293591585,-0.0374791652897657,-0.26072243288223623,-0.24611492499385576,-0.0021621907383935456,0.03744630427847321,0.004666546136601694,-0.09610042860130731,0.1451674276788915
1983.0,0.07580927054636902,0.07774776737995029,0.00224086024655805,0.004206388686595577,-0.05467820173641078,-0.1378716871216054,-0.08163059382157037,-0.04307420195648507,-0.004654179795617252,-0.30373700182326974,-0.2334994087201066,0.012787820597213688,0.017877206516125965,-0.0014694306078660876,-0.0393646138586326,0.15863471839010862
1984.0,0.08046190638909193,0.03980217809684051,0.010814546028660036,-0.03293928098589781,-0.05497625578052619,-0.12282087758625887,-0.09281309946826082,-0.03253384829664574,0.02437195164433339,-0.3206445089406488,-0.2020905256551131,0.019090091442168403,0.015681663579411333,-0.023537730298830394,0.011075981939134113,0.15560827994433504
1985.0,0.08337609650027149,0.0008699338801716729,-0.002577067744798984,-0.06992278004213939,-0.05071801552150028,-0.09975144098290784,-0.09573880707449092,-0.01234697869604947,0.041031161369346585,-0.3022696106162908,-0.1618316503743177,0.01158514011701125,0.022886025793484848,-0.055726974574722546,0.04372701110932282,0.13084038877947435
1986.0,0.08108048820477527,-0.03411155536839865,-0.042102620180829414,-0.09561064313120834,-0.04582840040737417,-0.06665102106900196,-0.089832208494306,0.00019948069588159698,0.03999585015795275,-0.24782220721017068,-0.124847425092523,-0.01170881683764505,0.02408851140845066,-0.08874375892904957,0.050490506817604655,0.0828100853244969
1987.0,0.06968280172331927,-0.0596774856997715,-0.10101927125489728,-0.10340463313532884,-0.04219528914511602,-0.027295768716259397,-0.07660591197201581,-0.010134287303244763,0.021838273344728352,-0.16534256642852665,-0.10010579759389283,-0.04793089997628712,0.005035685099904556,-0.11200011789523803,0.03193096115522911,0.01759111874595707
1988.0,0.04611871883703754,-0.07126459642262904,-0.16408553738339504,-0.09246436222394293,-0.03923373916861014,0.010050939346444946,-0.0585942543876403,-0.04787299763353038,-0.006276841740036929,-0.06964690371620304,-0.0905477566987263,-0.08950635953980093,-0.03946289947359731,-0.11718800115306115,-0.0012218274663392589,-0.05067694729919829
1989.0,0.010493472732288732,-0.06778496507270008,-0.21376594096942717,-0.0671677668615866,-0.035057638710727854,0.03790851101681997,-0.038410155711952165,-0.10398766664722288,-0.03276333707904222,0.021650769992444058,-0.09308568674897104,-0.12583327599963248,-0.10192751066036544,-0.10191295537878153,-0.03342125151911427,-0.10472823991635961
1990.0,-0.03198554878206522,-0.051874869582197516,-0.2366644546541768,-0.03571314146206313,-0.028170526955766013,0.05429535587937558,-0.017176845733994223,-0.16014586827627922,-0.04611869332815748,0.09317129468962494,-0.10057187572945277,-0.14569948417618095,-0.16388279954286444,-0.07143936915409717,-0.05300073505440806,-0.13192406268182197
1991.0,-0.07203594752956882,-0.027523956379692266,-0.227597495472879,-0.008094575067959126,-0.01871839526844504,0.06330697773946975,0.006982218199410312,-0.19764758450050854,-0.03986645004748473,0.13603092453857127,-0.10486449189873934,-0.1402207726610784,-0.2027700837085712,-0.0372900733940941,-0.05727158251060673,-0.13077762557501055
1992.0,-0.09989060988706448,0.002075166699572692,-0.1899908749724177,0.006663248419579487,-0.008512293639906533,0.07166330468548139,0.038217009764071296,-0.2058831031752262,-0.015576492157051241,0.14946053134053625,-0.09944473206826152,-0.10640755860487719,-0.2023587724029222,-0.0125360992946661,-0.05060487967439007,-0.1123529028100416
1993.0,-0.10835420518473741,0.03452657424557583,-0.13279171205924872,0.0036951773205822365,0.0003384201675294139,0.08366449738654429,0.07962375912237545,-0.18571621801802,0.017879162310237732,0.13913509159313991,-0.08050050726780839,-0.04990631227502779,-0.1613936539059129,-0.005523816229030736,-0.03835699482514609,-0.09443483853227926
1994.0,-0.09424643124988397,0.06677117388516411,-0.06655406935262881,-0.015330549820775044,0.006992605180875858,0.09796596998256595,0.12985599137416917,-0.14724475332726625,0.04837159319884329,0.11305048088644869,-0.04763352768867345,0.01572910991603448,-0.09452151160242547,-0.0157470477113374,-0.02230679169814783,-0.09112244529917078
1995.0,-0.05964569504823752,0.0940746362808942,-0.001748450649517103,-0.04237389815689996,0.01211838376842524,0.10869197461603015,0.18219365740788845,-0.10482371504243387,0.06494890095000015,0.07722540563771907,-0.0053490444079341585,0.07382844769993105,-0.024573676565556764,-0.03459640454635991,-0.0004602232367100258,-0.10448687510617766
1996.0,-0.012830522854759777,0.11055162362472792,0.051017935710485844,-0.06618822543851516,0.017054045039123774,0.10979235431863374,0.2262837615652698,-0.07221759587634444,0.06055268783400424,0.03414493773187172,0.03626564950766949,0.11071232025902251,0.028135267759554328,-0.05004133143207912,0.030473088995239393,-0.12394115930778374
1997.0,0.03315540526400787,0.11066283748705207,0.08179250862305813,-0.07680628912380368,0.023287320073385635,0.09862165543085981,0.25127277395132014,-0.05918406868400536,0.033553975858416664,-0.014938470199130529,0.06429379424754621,0.11951114582248538,0.05226315096535729,-0.05215535759681391,0.07247362436761987,-0.13361010539053375
1998.0,0.06487554255632194,0.09079234704717945,0.08406681030386319,-0.0691692339691906,0.03229755533539909,0.07627684127858095,0.2492389435151305,-0.06985730472185082,-0.011388606426772457,-0.06604064955076543,0.06913183174290922,0.10014871246206958,0.04530374026880336,-0.03720750783346506,0.12372212685099374,-0.12271904851968363
1999.0,0.07359601325003778,0.05096778006196787,0.05722841837646493,-0.0449425864683831,0.04483951163325589,0.04586651696919408,0.21826084799802348,-0.1027629329759586,-0.06444013817711357,-0.11042715536313102,0.05000802635585386,0.05692480851007921,0.010333173700336734,-0.009074086459964074,0.17642840321728945,-0.0924733067015786
2000.0,0.05820069509359313,-0.0033591847812953165,0.006729557481863539,-0.012084424259074416,0.05997672021412754,0.0107058000049183,0.1641988434662198,-0.1518599262359291,-0.11401459599045359,-0.1366571568261398,0.015149426499039168,-0.0034563121229392417,-0.046060653149759205,0.022984012163650182,0.21757789862911464,-0.05537765292432703
2001.0,0.024523064881616305,-0.06087692308034817,-0.05721841012187886,0.018270587829365616,0.07491321714968373,-0.027118978599270135,0.10012109981556744,-0.2079881924637423,-0.15034655350933882,-0.13602092925343742,-0.023571751887457693,-0.07205691895862457,-0.11386315896758337,0.049589635664652555,0.23424478643042893,-0.027888433955425087
2002.0,-0.01804451367280371,-0.10703019900579629,-0.12145871132909748,0.03652551640540865,0.08561886998369926,-0.06759249205553715,0.042899675901204866,-0.26047992886632415,-0.1674507346032206,-0.1080082516534499,-0.056869975148664174,-0.13743519087539177,-0.17968273121149575,0.06639032251661922,0.22027940838868645,-0.02133472735712076
2003.0,-0.06029643990789225,-0.12972888503572427,-0.17266372140955305,0.03817883063564007,0.08764122812602052,-0.11205249785357273,0.0075330448965123175,-0.2990098095671811,-0.16400598679792835,-0.06181395048537186,-0.08087887892142435,-0.18720210292795988,-0.22844911132499535,0.07539775507848791,0.17920596435977323,-0.036216947350400354
2004.0,-0.0952929090064492,-0.12537759697724335,-0.20056841481765125,0.02437487106209094,0.07720975850985617,-0.16060403019793834,0.001301587273430431,-0.315767052634097,-0.14389390582712885,-0.01266671077088205,-0.09606664135380466,-0.21169679575217537,-0.24685660320503944,0.08174218015801865,0.1218603425375359,-0.062278037488413505
2005.0,-0.11854154310486063,-0.10089593886562373,-0.19993671651426279,6.58157720247096e-05,0.05278353439571041,-0.2085214662840917,0.02107633864717664,-0.3076387105208474,-0.11547538719820198,0.02475159096412838,-0.1042901992088306,-0.2075182055432814,-0.22754877058457634,0.08881295539563198,0.06124395112731902,-0.0837905751569149
2006.0,-0.12752644553076434,-0.06956054629259863,-0.1709718869242602,-0.028351995993136245,0.01618091263888841,-0.24361058693398635,0.055604994734390276,-0.27707305064936305,-0.08838297060720611,0.04245847611430179,-0.10625898616481864,-0.17856784607728574,-0.17253838656904064,0.09568177402922375,0.007581976521328973,-0.08754511326579784
2007.0,-0.12169514021222935,-0.04331635646092282,-0.11898547415996276,-0.054587548854962364,-0.027573457594759654,-0.24804517616414798,0.09089091702817179,-0.23024810818989375,-0.06861192247331996,0.042055922495142804,-0.10076873655108363,-0.13414600382119343,-0.09411715141224329,0.09829582469776202,-0.0340763595921364,-0.06979037709267964
2008.0,-0.10297435975199493,-0.027215829775084896,-0.053121788457525375,-0.07301137719935892,-0.07154932252034825,-0.20684192759216705,0.11505079214596262,-0.1737918201130162,-0.0549159190942246,0.0326771048531431,-0.08578547847644362,-0.08523931873572818,-0.011984204122612205,0.09308953041418074,-0.06278329470648922,-0.03805471490986115
2009.0,-0.0761127435853384,-0.019454033245907974,0.01642218694909308,-0.07893211358512067,-0.10862756862710118,-0.11883867374529211,0.12082165012589938,-0.11314851373234845,-0.039569857570226956,0.02524351802602837,-0.06007437382899441,-0.04089246407430503,0.05289758103188346,0.08024214734104575,-0.07893635927854936,-0.006418960676377087
2010.0,-0.0477773472400694,-0.015111934313788515,0.08188179359620276,-0.06926436862669783,-0.13270775228709691,-0.0012158294250729572,0.10600776071941077,-0.05324431591971442,-0.013815136541333263,0.026947270534550025,-0.023733966068820795,-0.006369428429749877,0.08508773556742252,0.06418344255405536,-0.08232300103894337,0.01217625156653066
2011.0,-0.024071080445550057,-0.009561896211518135,0.13994151921106823,-0.04343454008006615,-0.1391926241379736,0.11684744394173648,0.07260228604842166,0.0008294923719160101,0.025528174657969274,0.03859946390504735,0.0222556912062492,0.016557187239895327,0.07929381768191839,0.05130872627509258,-0.07185020434367081,0.011092574581669477
2012.0,-0.008108494089836705,-0.0001818353459577664,0.1906322203900821,-0.003975460547981909,-0.12560157704897054,0.20593420977362237,0.025364780887228093,0.04461471381617636,0.0729701957134535,0.05477860755783305,0.07573529840813785,0.028404710584057583,0.041770658315432266,0.046928733061902185,-0.04696349568188399,-0.009292911520645679
2013.0,0.00023252074243733392,0.012715775322356094,0.23384396325405954,0.04345924905486631,-0.09243663849087673,0.2453020089604997,-0.02931496318192753,0.0758371176463876,0.11642054953401515,0.06675825650994137,0.13199966546216652,0.03120851740789419,-0.011479507898951323,0.053085612974252565,-0.009362042982686428,-0.04322774724605082
2014.0,0.0025976689888954738,0.025434123870811037,0.26579069471391986,0.09081461555644486,-0.04338181926122592,0.22638665590501794,-0.08400459083286863,0.09542257358923803,0.14237270825025022,0.06791316556877144,0.18353983326341122,0.028221021556677144,-0.05951244827988201,0.06782127711919711,0.037308721872596214,-0.08159657749929436
2015.0,0.0005166300591112078,0.031665925858978754,0.2776565771738542,0.12928987550238666,0.015167555015404911,0.1528641274618587,-0.13062031853121742,0.10735659373320024,0.14111143468394574,0.05820570835854973,0.2226563966172138,0.02332350282245827,-0.08343668275534712,0.08611375844224226,0.08881315816530057,-0.1144210389403903
2016.0,-0.005283666406117079,0.02527467562375901,0.258152491616855,0.15168021534712312,0.07463783830824611,0.03913054071141404,-0.1611487729337646,0.11731108816411463,0.1098498443283163,0.04385810002133247,0.24550725299785192,0.019940030734027402,-0.07360897879278841,0.10187248011412316,0.13974906933166206,-0.1339321008136861
2017.0,-0.015162574764116324,0.004439690025205234,0.19999511113105886,0.15432342790350945,0.12532619536638823,-0.09218984834475176,-0.1690405385572285,0.13029903706615126,0.05353817927393413,0.03285099382972054,0.2541064128917274,0.01996533353899958,-0.03377775883612803,0.10980820986181389,0.1822104613759238,-0.13648650844524546
2018.0,-0.030355576399454794,-0.025708477761663413,0.10665021624326301,0.13758996969087942,0.1584420532202409,-0.2143367203031074,-0.15126754406851453,0.14828386979152003,-0.015900222372370668,0.03018642553920709,0.2545759240842775,0.02327624952439477,0.020289566798206614,0.10671175521534507,0.20709816146669083,-0.12173331882684287
2019.0,-0.05179210954011638,-0.05476032925444135,-0.00594588661036428,0.10515648765198934,0.1682180047495048,-0.30274389404086316,-0.11048868496600568,0.16925576142837437,-0.0821633253400708,0.03555013678837294,0.2530829321405592,0.027948698513706197,0.06678478717955957,0.09230873797201264,0.2076250229003011,-0.09043468074838254
2020.0,-0.07864433144691389,-0.07238064249779828,-0.11414418914543183,0.06305188625715541,0.1532047590268078,-0.34167978351609823,-0.0557465807321391,0.18853813882329482,-0.12966586736053765,0.04395548769578777,0.25192370801190717,0.030953200451872043,0.08593506621618421,0.06962306251565004,0.18208393523386426,-0.04397040201579958
2021.0,-0.10772591925559781,-0.07357428039849227,-0.1944720567330488,0.018599926736918262,0.11689109440320214,-0.3277210336890213,-0.00018771465988083388,0.2014765568505052,-0.1495630620658931,0.04900803569071538,0.24803138359206153,0.02923705758256618,0.06799074752252766,0.04440969613321372,0.1348152374330972,0.014007898100736117
2022.0,-0.13384105824709455,-0.06034146373886322,-0.2305454235669563,-0.02123870372089172,0.0673992347681159,-0.26874084381646596,0.043492000618525636,0.20603203841124243,-0.14299350265561198,0.04708544628102663,0.2354633240066134,0.02121054845789532,0.017838133203249635,0.023364872997583688,0.07563040525077,0.07616690821709195
2023.0,-0.15062332463221467,-0.039074959595237636,-0.21642664095726113,-0.0517221483929714,0.015537052715574063,-0.18024817303922555,0.06740901510016065,0.203963378034411,-0.11902339283753559,0.039652625342717816,0.2106764255385283,0.00806162537217272,-0.04648252220309947,0.011678597131677274,0.017137552213385997,0.1319095713897637
2024.0,-0.1520230269050569,-0.016130870284548876,-0.15621830137978332,-0.07109629416918845,-0.02824966825226024,-0.08215240792960651,0.07058654913377908,0.19967221530377138,-0.08898293091042349,0.0318484040562179,0.17661025594437949,-0.0064106362885857325,-0.10027993225745391,0.011311762883199428,-0.030006762501158604,0.16939655410506915
2025.0,-0.13492043735374853,0.0049664782624548615,-0.06250729035477572,-0.07981707079326791,-0.05642861651609871,0.0031947331526897753,0.05822466875053754,0.19731743809988114,-0.061916172884757974,0.0284583550578313,0.1426155756646734,-0.017903011439891637,-0.12072177905475033,0.02099500278389403,-0.06139195495316365,0.17912738060926156
2026.0,-0.10187318322765314,0.023134159407957596,0.04459700291766873,-0.07936347012444624,-0.06570496111666004,0.05483548772885692,0.039074828516552085,0.19811404913888733,-0.04353306638266041,0.031058369194878095,0.12108418532976532,-0.023929148684967743,-0.09510043044454224,0.03732553774171624,-0.07972067200487962,0.15855120405237205
2027.0,-0.06139956746262033,0.037633198416107606,0.14033826900327728,-0.07192245337423275,-0.057382963957047214,0.060916827313160664,0.022220521689717852,0.1990547376849779,-0.036260664774362045,0.038601538764641195,0.12331876056765144,-0.02422376895786449,-0.026350974572118477,0.05554379578655212,-0.09166804917732535,0.11472541870621723
2028.0,-0.024497685181584322,0.04684092138607083,0.20252350339064104,-0.06087981882551396,-0.03678269871806582,0.024994764281988144,0.014017752348483178,0.1935180600781617,-0.037987681399549264,0.049211377361164474,0.15535729603954332,-0.019411266101482152,0.06701846525044333,0.06998358186119723,-0.10254883794800082,0.06203022326358192
2029.0,0.0007504916440102857,0.048847895895819095,0.21989329766089916,-0.050929438310736354,-0.011686184096017104,-0.036276283670410574,0.015936884165259582,0.1740956763067929,-0.04154411861397895,0.06003515136177684,0.2137566890131337,-0.00990267352831937,0.1571159222696441,0.07533058151939606,-0.1122026222544301,0.015900013255958648
2030.0,0.013070121170146437,0.0427612422566661,0.19583675484198654,-0.046691264051638565,0.009729489335275192,-0.10269178122600871,0.024456074566527198,0.13689268172987282,-0.03793918242086736,0.06580958870723125,0.28374266840099216,0.004126901570688723,0.21675623553666087,0.06886578784808413,-0.11523151551567515,-0.013554638204543095
2031.0,0.017863198712288947,0.02945760505069314,0.14548740796342058,-0.050180895843829634,0.02104036410096733,-0.1590357457707531,0.033400886697476914,0.08516502947358201,-0.021870329778831896,0.05927426248712489,0.34260895080012194,0.02257405377903954,0.22968170773078414,0.052580495068169544,-0.10523219436488387,-0.024922600377429042
2032.0,0.02340724494621087,0.011895009938927928,0.08863209482410486,-0.059222505849671626,0.019113959436424483,-0.19793245607452098,0.03735923428972621,0.02986317967161555,0.0051359845730806625,0.03473470249261595,0.3676352227879407,0.045423895225306675,0.1962045707031937,0.03336930856068538,-0.0795993283247099,-0.02457417634763204
2033.0,0.0365501023231501,-0.004534203408437318,0.04171309583037556,-0.06865452172211725,0.004162797052959132,-0.21837289233441673,0.03435307331759276,-0.014070601784541668,0.03631128880879904,-0.007243337309070776,0.3449088467412544,0.07219396239750088,0.13159682211181228,0.019975884602336923,-0.04199162725909121,-0.021947636356761377
2034.0,0.06048437684178674,-0.012478527308791168,0.012087769966658168,-0.07355192770193911,-0.021046347700862077,-0.22228326554740224,0.026720385138463507,-0.03386425239228027,0.06408585731103515,-0.05758639387416396,0.27552259942616103,0.10092775664504253,0.058988821504159725,0.018233208372347112,-0.0013732569749836073,-0.02393204362257632
2035.0,0.09445610264973209,-0.0053486995440485,-0.0025023311122323445,-0.07151893739015754,-0.051304078425488564,-0.21076847374464122,0.019350082458596197,-0.023624355738580658,0.08366726292529132,-0.1013609341620098,0.17619173628186097,0.12810943627000604,0.0006349207207628886,0.028400255329035836,0.03146982417425212,-0.03214442894962893
2036.0,0.13435973795674017,0.01840271890694759,-0.009356609508958589,-0.06222633117859703,-0.07886164524875405,-0.18217052192473449,0.01568792605763286,0.014612571967495462,0.0934543209221699,-0.12463463801394851,0.07276852923675324,0.15003769730674338,-0.02896996833991551,0.04618049528907854,0.04736008165113927,-0.04425815437010392
2037.0,0.1736590892637633,0.05252099903016305,-0.014738150869189219,-0.0456213019486834,-0.0950860467093521,-0.1336678878227176,0.014573716801746591,0.07229572515370657,0.09300582971930162,-0.12158581442361022,-0.010504642871390042,0.16430368252260807,-0.025833254525610163,0.06566884913880547,0.04100836440817161,-0.05680012169375118
2038.0,0.20451058625856033,0.08437216167017152,-0.019404663157183123,-0.02139882023331142,-0.09389839611751136,-0.06560105770508014,0.01075624110218435,0.13650896605392943,0.08134522255160338,-0.09738313885445062,-0.059674594260307454,0.16989956158448544,0.004569065632898403,0.08230289225297509,0.013410782174864848,-0.06638214729444478
2039.0,0.21974745917901775,0.10048658865934844,-0.017239869602525503,0.009858155107068844,-0.07450264150216707,0.014862137649197773,-0.0013295556457854222,0.19279227752234745,0.057777921478868725,-0.06580807375286765,-0.07388081585086427,0.16653720029332938,0.05000019082242625,0.0945479577948424,-0.02633150249333994,-0.06941300369272886
2040.0,,,,,,,,,,,,,,,,
2041.0,,,,,,,,,,,,,,,,
2042.0,,,,,,,,,,,,,,,,
2043.0,,,,,,,,,,,,,,,,
2044.0,,,,,,,,,,,,,,,,
2045.0,,,,,,,,,,,,,,,,
2046.0,,,,,,,,,,,,,,,,
2047.0,,,,,,,,,,,,,,,,
2048.0,,,,,,,,,,,,,,,,
2049.0,,,,,,,,,,,,,,,,
2050.0,,,,,,,,,,,,,,,,
2051.0,,,,,,,,,,,,,,,,
2052.0,,,,,,,,,,,,,,,,
2053.0,,,,,,,,,,,,,,,,
2054.0,,,,,,,,,,,,,,,,
2055.0,,,,,,,,,,,,,,,,
2056.0,,,,,,,,,,,,,,,,
2057.0,,,,,,,,,,,,,,,,
2058.0,,,,,,,,,,,,,,,,
2059.0,,,,,,,,,,,,,,,,
2060.0,,,,,,,,,,,,,,,,
2061.0,,,,,,,,,,,,,,,,
2062.0,,,,,,,,,,,,,,,,
2063.0,,,,,,,,,,,,,,,,
2064.0,,,,,,,,,,,,,,,,
2065.0,,,,,,,,,,,,,,,,
2066.0,,,,,,,,,,,,,,,,
2067.0,,,,,,,,,,,,,,,,
2068.0,,,,,,,,,,,,,,,,
2069.0,,,,,,,,,,,,,,,,
