Time (sec),DMNa,DMNp,SAL,OLF,STR,AUD,VIS,TH,MOp,SSp,SSs,HCa,SUB,CTXsp,BF,HY
0.0,,,,,,,,,,,,,,,,
1.0,,,,,,,,,,,,,,,,
2.0,,,,,,,,,,,,,,,,
3.0,,,,,,,,,,,,,,,,
4.0,,,,,,,,,,,,,,,,
5.0,,,,,,,,,,,,,,,,
6.0,,,,,,,,,,,,,,,,
7.0,,,,,,,,,,,,,,,,
8.0,,,,,,,,,,,,,,,,
9.0,,,,,,,,,,,,,,,,
10.0,,,,,,,,,,,,,,,,
11.0,,,,,,,,,,,,,,,,
12.0,,,,,,,,,,,,,,,,
13.0,,,,,,,,,,,,,,,,
14.0,,,,,,,,,,,,,,,,
15.0,,,,,,,,,,,,,,,,
16.0,,,,,,,,,,,,,,,,
17.0,,,,,,,,,,,,,,,,
18.0,,,,,,,,,,,,,,,,
19.0,,,,,,,,,,,,,,,,
20.0,,,,,,,,,,,,,,,,
21.0,,,,,,,,,,,,,,,,
22.0,,,,,,,,,,,,,,,,
23.0,,,,,,,,,,,,,,,,
24.0,,,,,,,,,,,,,,,,
25.0,,,,,,,,,,,,,,,,
26.0,,,,,,,,,,,,,,,,
27.0,,,,,,,,,,,,,,,,
28.0,,,,,,,,,,,,,,,,
29.0,,,,,,,,,,,,,,,,
30.0,-0.18916622125901852,-0.006614551277667252,-0.4790975043969011,-0.0586776443687247,-0.0021086796965520582,-0.0788346649349171,0.15605375511801134,-0.0822802021016076,-0.16730680767805106,0.029861164848640726,-0.21483422910355962,-0.0730183367915248,0.09663808417725002,0.09695766841593788,0.06607661021519622,0.09154897412224022
31.0,-0.1766432671389206,-0.0032068275970262524,-0.37434810617751213,-0.018091904624806785,0.00117053122008567,-0.11707571332029959,0.08524348619995537,-0.038846341214198825,-0.14452112560899155,0.02651712387644201,-0.1772510869414043,-0.08704294172782126,-0.030476520229662275,0.08919574235415152,0.07287936076133418,0.11595172855404924
32.0,-0.15565050520718518,0.02539820396443726,-0.27816073291013177,0.02047733042553634,0.01404855088410641,-0.14494054021116073,0.04292572345999574,-0.0020701826658023207,-0.112044574250579,0.01984641006695007,-0.13777384417104246,-0.11246432988923888,-0.14668264493752053,0.07212857017196564,0.08357870597572978,0.1198697178518552
33.0,-0.12099883943041741,0.06825580639075261,-0.1930315277406775,0.05172515078450147,0.0318543175199968,-0.15893514454328023,0.021397728978797975,0.021224348691222805,-0.06852806335092719,0.019450822358572623,-0.09861867602651737,-0.136728541688817,-0.23337230268669748,0.051024534020287726,0.09822438512885256,0.10715780419262882
34.0,-0.07237396237527298,0.11343271450039105,-0.11499967607724726,0.07304435013238506,0.048587805694386164,-0.1587299435949703,0.007610398308205723,0.029468846520602957,-0.015329126010465998,0.03157668471271378,-0.058512158949950314,-0.14579805994110293,-0.27615677164528946,0.03399368286990255,0.11516616439073651,0.08286867350568311
35.0,-0.016036617499911386,0.14971280910353058,-0.03961324136585948,0.08404708871872102,0.059288677373430694,-0.14730499340283504,-0.008897719040564677,0.026875983247647207,0.042141174171164475,0.05447777495372314,-0.015626921078356445,-0.13111822261424333,-0.26985771636878275,0.027786893225332756,0.12987107014352778,0.05066277066500008
36.0,0.03684425064420814,0.16770168424442164,0.03277888227246896,0.08566292330772958,0.06161733585590281,-0.13072351780014188,-0.030100784262843426,0.021087951288443204,0.09455326616004392,0.07793809034572728,0.028358488110046178,-0.0940206941862545,-0.22021087612302417,0.032832823038321704,0.13532382981171653,0.011932305240003981
37.0,0.07493131827682475,0.16142490126644224,0.09664879974722457,0.07923217484888073,0.05573886619622778,-0.11576480852746271,-0.04959549256222401,0.01912896454160012,0.13192257771633084,0.08918686137334465,0.06846672287939107,-0.0448191681289296,-0.14216215159127418,0.04197122784973357,0.12490669673531596,-0.03300973918730329
38.0,0.09226964574756541,0.13001760642558444,0.1448293442327636,0.06608529725825095,0.04312863940466895,-0.1063406070570322,-0.058452620855879406,0.023503569214080648,0.14826447971757015,0.08103576029221796,0.10036092507381672,0.002878998502440015,-0.056077666267789664,0.04495661445619496,0.0959126145619442,-0.08283954246532375
39.0,0.09078668564747305,0.07827984484915411,0.17195259183534317,0.047671333996488874,0.025603955447979155,-0.10151974326590901,-0.05199119386621159,0.030514671517692316,0.14392128327012718,0.05569208055397996,0.1230983799717225,0.03913657671546149,0.01767848625243571,0.0354121491031683,0.050542736366429995,-0.13383961014997559
40.0,0.07798601930795253,0.01531184492545495,0.17653378681313275,0.02560995780152786,0.0054980748224916455,-0.09668898029747197,-0.033227778038731975,0.032347568279831,0.124669008789049,0.02251730326179788,0.13906972357929231,0.06203933426935278,0.0650266535059296,0.014540960993593609,-0.005866524852775083,-0.1798272522438134
41.0,0.062129227512326114,-0.04826439695200887,0.16235355064678295,0.001484156860067226,-0.013520586190214609,-0.08616754808252797,-0.011689834367013454,0.022215326506250997,0.09937947949448912,-0.0073978771574761,0.1524984673439727,0.07725451667891924,0.08279694387405884,-0.010731280541947469,-0.06643717667425184,-0.21306796480491924
42.0,0.048412050130713306,-0.10270725904999654,0.13783662521864834,-0.02316042670609624,-0.02659428233671897,-0.06501679206860886,0.0016372009142638746,-0.0007033006717670193,0.07696809223300566,-0.02653509083858024,0.16696647017996158,0.09347532096337277,0.07949887919025764,-0.03229712126867043,-0.12265033071545481,-0.2260172374421162
43.0,0.037775344610990524,-0.1400354152081804,0.11266132236131775,-0.04652889333105184,-0.029452258735480605,-0.030540552920001494,-0.00011995675792846423,-0.02977153668805911,0.06256143248767182,-0.03386449797452566,0.18274919656967809,0.11683814830492874,0.07134825729742537,-0.044163648981127464,-0.16472629316370066,-0.21414567426981582
44.0,0.027812479298383225,-0.15434791024940972,0.09416105034741935,-0.06652736539642264,-0.020571742101635808,0.015522835300728914,-0.01760556322856964,-0.053469901495653116,0.054709109916392024,-0.03440518970180697,0.19610528625857232,0.14719559597541454,0.0739649478932645,-0.04383451986608173,-0.18473349159274777,-0.17893271373804348
45.0,0.014379676908422236,-0.14299644783944931,0.08599143090829311,-0.08117034839109964,-0.0019598930027790807,0.06615060990171856,-0.04666196196313723,-0.06025693431257366,0.046181271398954525,-0.03594453150114901,0.2015445129960943,0.1774731344098518,0.09334273963066343,-0.03283947134159386,-0.18060656350552387,-0.12841887298264118
46.0,-0.0066391943109933875,-0.10826474824516723,0.08867733220604074,-0.0888705735308541,0.021730588959958053,0.11169355797112392,-0.08034270669856511,-0.043261825607563226,0.02832084692489873,-0.044558635710437444,0.19562336433033972,0.1964349738837354,0.12195817649819923,-0.016058336425288568,-0.15690313318054938,-0.07403979791387466
47.0,-0.037000604258315035,-0.058056045124855474,0.10049376760985834,-0.08834120421501725,0.0443333013027187,0.14395970064556488,-0.11032164234489236,-0.002989227379711015,-0.003647534826530538,-0.061407911610284645,0.17940469393966046,0.19415413855597882,0.14330227748462507,0.0004329028448037246,-0.12133231180875136,-0.02585721237001492
48.0,-0.07377746519424379,-0.004689674942582508,0.11752811974027198,-0.07897072964730531,0.058677475425051084,0.15817337663515094,-0.1288803894043818,0.05242149246525371,-0.04728388192341691,-0.08263147727734706,0.15758818932467616,0.16762150025635142,0.14232571657472556,0.01126635662775995,-0.08081812249017398,0.010815399900773376
49.0,-0.1090864175784853,0.0380466279477496,0.13325862159867255,-0.06200468142723048,0.057696641881116964,0.15270633129099684,-0.13207895563606206,0.1088804287805745,-0.09342827426426832,-0.10150414026487282,0.13533021746745333,0.12324721772011994,0.11451716093025202,0.012535453176736638,-0.04071460768106971,0.036133059337691106
50.0,-0.13285235611801577,0.058395972556256386,0.14006702363172321,-0.04104051799036533,0.03743798727215054,0.12898940508978968,-0.12285318261118575,0.1501080861878303,-0.1301549008420009,-0.11061831158175509,0.11599698351357497,0.07479568178225927,0.06687201403590319,0.0029892522868002203,-0.006112519170930934,0.05390008781930075
51.0,-0.13695363396452287,0.04929741713896525,0.1335636218662197,-0.02061379292446308,0.0005390115230629506,0.0927631601056323,-0.11148692789048097,0.16376370645707958,-0.1472760613138854,-0.1034740159611022,0.10173023597710382,0.03793077042336346,0.011076252367188089,-0.01415931599492727,0.018198297090348654,0.06820392907891336
52.0,-0.1183160411384669,0.01021519081632419,0.116183366774276,-0.004001076875615842,-0.043368335379198146,0.054707890172604676,-0.11138227434174983,0.1474769509294442,-0.1389328482464216,-0.07620517456001177,0.0952871128413849,0.02391691507971923,-0.04377868752891164,-0.03166459552252297,0.029725946551657223,0.08061249563750643
53.0,-0.07990977250572853,-0.051544641763595474,0.09633304384315089,0.007806994822006934,-0.08206323917278228,0.027184936520590623,-0.13135290338877795,0.11025464989493201,-0.10505362840852324,-0.02927935342584467,0.10024466605759345,0.035144241801768894,-0.09268400378178492,-0.04194200702812032,0.02982382966219059,0.09001315712219833
54.0,-0.02983043936894948,-0.12127851362820123,0.08396715176325499,0.01548149174586956,-0.10715014034477044,0.017691356485201013,-0.16931255568579684,0.06772788355318102,-0.052651162014866214,0.0316025225449709,0.11847379642123088,0.06458918059950232,-0.13120306526508155,-0.040764830270957335,0.022953799621520374,0.09489806661461113
55.0,0.02102536834446863,-0.1803154530383081,0.08639531035810105,0.019901156311360628,-0.1175136267593494,0.024764606172807,-0.21211627821667814,0.03458737060097809,0.00519189071733958,0.09565876950893246,0.14654213665219115,0.09943126122246647,-0.15243332208087346,-0.028015522245749273,0.013803879526629249,0.09520317301838356
56.0,0.06208118498550581,-0.21151445851177547,0.10651116537629265,0.02089069316573893,-0.11777566635008399,0.04048887620053736,-0.24220079200953296,0.01882295753925181,0.05416162492001625,0.14896613451942672,0.17440368916507823,0.1265118692895796,-0.14840730508076191,-0.006531315224452505,0.0037840407592520213,0.09149287402909216
57.0,0.08620743554533031,-0.20482850015126453,0.1429037130683119,0.017122848365489975,-0.11397583816602641,0.05671541862686373,-0.24707011894566103,0.020012979301410265,0.08462343214979853,0.1791408815670889,0.1888471711964069,0.13660414476720792,-0.11517050210274643,0.018581848999775916,-0.010441510875193578,0.08317598702504868
58.0,0.09188606689650969,-0.16132182597650216,0.19107097451565552,0.007605527945061926,-0.10966565247820222,0.06914008380532174,-0.22593392076596278,0.031149481031784398,0.09485133745449835,0.18093981393408196,0.18023074725303018,0.1262151893666439,-0.057817442964629984,0.040032052596163825,-0.03416154535403975,0.06866499126244373
59.0,0.0835569506445012,-0.09361946571258076,0.2453036158131999,-0.006302674186797813,-0.1039990326271936,0.07734373409480805,-0.1895481733320549,0.04222870128152779,0.09037500151205244,0.15845065550081702,0.147370744869813,0.09764394261069215,0.00809532849406587,0.04915385663730355,-0.06856730228342252,0.047238172018429725
60.0,0.06986503579648219,-0.020862471556780737,0.2996080719791781,-0.020361999312346418,-0.09229382743181788,0.08274074805440693,-0.1534221931068925,0.04407543793499777,0.08027057444159816,0.12189575654751969,0.09651338676247953,0.05804162400855772,0.06074181150738879,0.03770255813230909,-0.10614192297808893,0.0201236435673493
61.0,0.0602748884676774,0.039893647729933264,0.34685933154781906,-0.029299722473139563,-0.06921284369847609,0.08631681893126046,-0.12894006300556948,0.03162197733938587,0.07233531168516204,0.08191400644016303,0.03569403537868835,0.017299943109598637,0.08065034774541624,-1.3652422796545804e-05,-0.13242075321080285,-0.01020793536806
62.0,0.061121759808369557,0.07986539383997021,0.37876152804735913,-0.02962626267346661,-0.03327765787670767,0.08735345168211357,-0.11807555798770342,0.0060145739985846295,0.0697217563368643,0.045729526819593844,-0.029865869272591418,-0.015065378711790804,0.059029672172604096,-0.06447765033739428,-0.13410123371269692,-0.04106988556880992
63.0,0.07275173739575434,0.09824209513036382,0.38899427581565554,-0.02117902624647943,0.010448918703361476,0.08375699340726658,-0.11441432442547818,-0.025534461920235483,0.07061222580536675,0.016587566889853193,-0.09728431295281018,-0.03314768327719963,0.0008744558174585864,-0.1480012179243189,-0.10757534556036286,-0.0694956268949593
64.0,0.08953540032302769,0.09705074677256012,0.37768602728912815,-0.00677937483466074,0.05163430041696778,0.07289602236981098,-0.10931928000224833,-0.052849103024548094,0.0705673174483648,-0.0051880339565753796,-0.16232254172785768,-0.037024897835937765,-0.07840641038581715,-0.234086255660205,-0.06173169486378086,-0.09202377880292328
65.0,0.10323860409498065,0.07650429444844248,0.35349363665934574,0.008989633620758998,0.07872189226084095,0.05197757472886228,-0.0992610428895316,-0.06773431688293442,0.06616849012284645,-0.02071077613827042,-0.21693819391580937,-0.03274336913013549,-0.1598880326477238,-0.3015104352518518,-0.013569833607316112,-0.10586082546159267
66.0,0.10786070079122437,0.03525125584912573,0.33134880566252584,0.0212292226408088,0.08334279212566563,0.019495151362416516,-0.08929686236029596,-0.06800215691432188,0.05807877659902401,-0.03078682878956247,-0.249838019401674,-0.028693156557699124,-0.2272229547539791,-0.3317720738272953,0.020529659874810088,-0.11076996723212972
67.0,0.10263319605845425,-0.0249943493683591,0.326217991119855,0.026366320531692248,0.0636829643723817,-0.02141244016744473,-0.08999566723948606,-0.057886133695096334,0.05127153035026733,-0.03494388220907851,-0.24958748217057009,-0.03013692433068302,-0.26978391609834357,-0.31603057675523893,0.03290667589533519,-0.10954539112092117
68.0,0.09116166540991981,-0.09557313650673649,0.34539356041399577,0.023549780562648278,0.02574958484743762,-0.061102874461211064,-0.10992012886093071,-0.04444027332006345,0.051754991387211194,-0.03204046075900919,-0.20965214456190293,-0.036059349234582795,-0.2834908080110717,-0.25826696867554,0.027770311816004343,-0.10618487988065449
69.0,0.07777045417246742,-0.16200474321776193,0.38329156459231645,0.01516244467883196,-0.018626487168131124,-0.08685195860972715,-0.1489514420061373,-0.032793584805931524,0.062236609269400965,-0.02123532594636064,-0.13330613697341215,-0.040894329251968266,-0.2704529189244158,-0.17353319499490785,0.01807698338815409,-0.103469190506129
70.0,0.06408633963278361,-0.20920489157594338,0.42189955924200023,0.006044252275016592,-0.05673411507543213,-0.08985002572053354,-0.19656753477378627,-0.02395136970791491,0.08005163101720628,-0.0022091742298204617,-0.03485857895869843,-0.03953076138418401,-0.23782228525301008,-0.08274688078528261,0.017871845480791848,-0.10227681725117072
71.0,0.04835528345182591,-0.2268227667237692,0.43748090379734067,0.0012186329892385113,-0.08014369341754603,-0.07006037278340073,-0.23545521529308913,-0.016212051450425657,0.09839823017940892,0.024405409329439846,0.06459894088692707,-0.031170437184380412,-0.19597131256087041,-0.0066305058537798256,0.034184795772608224,-0.1024062898901017
72.0,0.02777281501645545,-0.2123321730389545,0.4109725547809446,0.0029096863517791647,-0.08712100586049136,-0.03529846282205282,-0.24821570003359547,-0.008181057525464998,0.1097701429159018,0.05570660456858561,0.1445813509770229,-0.018970570868237942,-0.15558958762501218,0.03966992826519616,0.06304038798208268,-0.10305371933426725
73.0,0.0019341217372005625,-0.17173716479628548,0.3369608506515446,0.008964648109766911,-0.08152784409237258,0.00411362986489102,-0.2245078555024942,-0.0003178796063819896,0.1097249687347325,0.08574539727376264,0.191140070181753,-0.006756169198081887,-0.12335893256376813,0.05052492267106394,0.09150303566829619,-0.10301477817705254
74.0,-0.025119211809509184,-0.11768054976037018,0.22666647503233517,0.0141964971569187,-0.06934340803578401,0.04062120722034952,-0.1660128526350866,0.0062917420024807815,0.09857291223240915,0.10677530635653516,0.19894054368064887,0.0034762349442622863,-0.09836742624729514,0.03101526422846385,0.10420071593805189,-0.10177964632740566
75.0,-0.045690954005316115,-0.06463985840973077,0.10386665789559839,0.013608818128161495,-0.0548785260800512,0.07151910878142273,-0.08653246399863412,0.012138765780988907,0.07969321357861874,0.11222132651701036,0.170754304443219,0.011512524288315423,-0.07315297819115685,-0.005499246788626672,0.09084587665851394,-0.1005751182462676
76.0,-0.05187545406937819,-0.023006572769215892,-0.003931486618707958,0.00501849963519922,-0.03910539219563407,0.09781148462220478,-0.006545429098486698,0.019824759471078555,0.05657595111396122,0.09963649410124013,0.11627824511831376,0.017808149381852493,-0.039880766094990104,-0.0425335946436935,0.05132140352705263,-0.10134145882535782
77.0,-0.04026674935388254,0.004051964386914083,-0.07516132666165157,-0.010341710773862757,-0.02120460876572983,0.12037694811369269,0.05470965432332135,0.03239162773827085,0.031776189827843804,0.07170182689407063,0.0501957148973293,0.023165907743855157,0.003359043615871766,-0.06647882380154843,-0.0035707227575698095,-0.10386284269435486
78.0,-0.015483668735203222,0.01898091169096783,-0.10091797816359949,-0.02904853202244213,-0.0016999628372421334,0.13541100649576823,0.08558901619296634,0.05070508895459946,0.00791207348922152,0.0349522999503293,-0.011424943534530227,0.02897405296157103,0.05170828938924022,-0.07129782016064401,-0.055919489340595575,-0.1038138770910543
79.0,0.010455216266009754,0.026019378489175304,-0.08649723267922864,-0.047511226289507505,0.016074324597109217,0.13417336262109883,0.08528884759486602,0.07154664527288664,-0.011427392070049839,-0.002235298995685747,-0.055339002371870595,0.03679653692692493,0.09797600934427433,-0.059568644539200494,-0.08794164309902894,-0.09402000024280147
80.0,0.02368923485026419,0.028631874227407508,-0.047936748598603154,-0.06347586726891094,0.027847683556067628,0.1088359489762378,0.06382193785023159,0.08828295270014971,-0.021885303046641647,-0.03155614284977442,-0.07343357599605055,0.047343851268506085,0.13718341488717267,-0.039412409288570656,-0.08972149314174968,-0.06821619174391497
81.0,0.015607252946875391,0.028609184983272702,-0.005441629897407171,-0.0760736113671261,0.0316617363300543,0.058825330568534166,0.03790987204549563,0.09481727107018441,-0.019406006087031073,-0.047200376749036974,-0.06284937825436147,0.05969885633192737,0.16745471379287352,-0.019881868515272665,-0.0632288387436883,-0.024826845285538742
82.0,-0.013247052070510803,0.02582169314430178,0.024138234740613128,-0.08447894325389456,0.02908791582733809,-0.00799544807813682,0.02321502188602186,0.0904611268838331,-0.0021789556354965167,-0.04852669772617619,-0.026114366346064677,0.07106251265370164,0.18765149981357268,-0.007602720293063203,-0.020106420816790427,0.031098628396585025
83.0,-0.05424983251316533,0.018709528485768605,0.03311054167198668,-0.08646376172176866,0.023468379748637094,-0.07821638755587518,0.026964044553603482,0.08182694071947806,0.026863916341603056,-0.041148676335651654,0.02823632263937663,0.0772462790131388,0.19433824758658938,-0.005471011592965465,0.024986850313942127,0.08879127079961517
84.0,-0.09519096716615813,0.005703639791887977,0.02412720547435858,-0.07870142652040692,0.01703858488326538,-0.13595967936873551,0.04590780116585562,0.07966333300668021,0.05898166552380949,-0.03480410046324799,0.08687577114273194,0.0745225409765602,0.18097759960791784,-0.01316465724691759,0.060756774051848914,0.13524798870844099
85.0,-0.12533087245255384,-0.013289151050164696,0.006733043880354958,-0.059269001113798556,0.009136225086476229,-0.16582899828662154,0.07022777321662982,0.091807723551947,0.08226409169815593,-0.03817063601122047,0.1357117497656607,0.06217733067165298,0.14061861282220472,-0.02880348141514095,0.08179853578366289,0.15927782655589384
86.0,-0.13855309832217175,-0.036228315858541714,-0.007283242497580647,-0.030170325010560772,-0.0032518028227322532,-0.1574421401943629,0.08926073430490498,0.11656462252629442,0.08729132733026906,-0.053229591787242715,0.16448474905624758,0.04366400549559569,0.07033443686616252,-0.05024221540998388,0.08756168441693998,0.1544058289947676
87.0,-0.13366260186679577,-0.0592944483359259,-0.00720076927042736,0.002850721766591529,-0.022660696102287617,-0.1105352206077621,0.09506583232719441,0.14179907963059088,0.0719125907371247,-0.07331235300284179,0.16959231861817994,0.025216328241233855,-0.02524853566350553,-0.07470190480495832,0.08046431853401821,0.1208102493927514
88.0,-0.11290192387342125,-0.07810889505987056,0.014176075924447093,0.03320683952422298,-0.04791156950515847,-0.03737610894285366,0.08363293533709042,0.151383618160316,0.041758922305307984,-0.08703543212625428,0.15461950641788888,0.012822021097466602,-0.13241691426400254,-0.09739911520650299,0.06464690469380123,0.0663322810509806
89.0,-0.08061581712610645,-0.08924225778940618,0.05813832240042597,0.05637687504784091,-0.07306761993357677,0.04029272985583802,0.05566773548860538,0.13482468110423604,0.006639780203890069,-0.08550942845311035,0.12867309237392208,0.009445528403823194,-0.2294734190036772,-0.11099108872402537,0.04482154356279432,0.005232120977685009
90.0,-0.04275234030451818,-0.09101994413873454,0.11858180379432622,0.07068388268534545,-0.08947113858913924,0.10017880160991081,0.017173236971731964,0.09348155101154583,-0.024166940294279713,-0.06761006859432997,0.10276742442781722,0.014296565816297497,-0.29165990557350563,-0.10684982656559955,0.02469145060341612,-0.04586450616433229
91.0,-0.006430491764640791,-0.08305582065484246,0.18280017125137518,0.07633030017254089,-0.08943266100661369,0.12978388604818208,-0.02192769049519922,0.039605970510702436,-0.044668804527814805,-0.04019152133931121,0.08545224418116806,0.024357187802557106,-0.29944225347830067,-0.07824164728800764,0.005728038280250943,-0.07338654834768679
92.0,0.021112938975693187,-0.06511311707272988,0.23491439030282632,0.07439571389768741,-0.06946585748335177,0.13068181440326557,-0.05132195284325711,-0.010225030993666392,-0.05223050326832379,-0.01376589330600628,0.0798202807502864,0.03592026594720668,-0.24697122915986275,-0.024532708835801338,-0.012352617134705273,-0.07124261228977215
93.0,0.0342066465272772,-0.03707191041811696,0.2605326434434551,0.06663471084539882,-0.03168662583810357,0.11396538052775179,-0.06374353124729942,-0.04229114522625604,-0.046780240086814265,0.003259118464007017,0.08357206432644777,0.044370374471694514,-0.1464998305855062,0.046138365833012424,-0.02950870172242297,-0.042005069544166156
94.0,0.030603936167597535,-0.001146152550358458,0.25092837307228427,0.055411471597932124,0.017028843900076935,0.09222425391073247,-0.05682857936827948,-0.049649261897055236,-0.030733087869506518,0.008104250535074553,0.09175091582004216,0.04392258227310976,-0.02561782706221064,0.11851916444963165,-0.04380164277435447,0.005639766085046045
95.0,0.012561457184311547,0.03572646513853702,0.2063531814943709,0.04299732412864214,0.06753796970957947,0.07480925029634929,-0.03364273515367583,-0.03265707453414263,-0.008662698408319331,0.0034667320766638312,0.10004955216734802,0.029689496933344595,0.08251301190279842,0.17632776612152803,-0.052060078178176074,0.060686093863392555
96.0,-0.013804976917771954,0.06306249436968793,0.137572760889989,0.030736103091307712,0.11118677786789448,0.06728782334498223,-0.0018801481276204371,0.0018247828142344442,0.014373812473138698,-0.004684082040288209,0.10649511959635555,0.0011218664551119512,0.1517562219804248,0.2094599081943553,-0.05187358242044385,0.11211401165256327
97.0,-0.04078026541576919,0.07186296142594895,0.06303706517989473,0.019170008913681223,0.14160700749148067,0.07168235887287723,0.02854855918080478,0.041574292048883126,0.034415978317549896,-0.009259164752537902,0.11035186695096491,-0.036122680764887165,0.17264021011345007,0.2177776760502762,-0.04254392702768426,0.1501589280776841
98.0,-0.061527106483378884,0.059545015977533304,0.0015469526720946142,0.009126279535690616,0.15536825918341404,0.0854625455800652,0.04860690366032335,0.07174329959401228,0.04861494957752153,-0.003865138016191481,0.1095396326666338,-0.07144288541658565,0.15438085183749276,0.20889485170250002,-0.024205428786641538,0.16848003117148294
99.0,-0.07134585353360365,0.031452605567292166,-0.03521809602373028,0.002534677154207015,0.15191534262128,0.10072162435310919,0.05245783969173371,0.08018284701166649,0.05460921590834168,0.014974885947707142,0.09993145464333181,-0.09310562285969763,0.11827504834705846,0.19176739881001761,0.0030618289952518427,0.16666905967945395
100.0,-0.06781696862729003,-0.0010590105928097214,-0.04609905599458458,0.001980390000060691,0.13304023235492654,0.10633792044089832,0.039003885364566275,0.0632385305727943,0.05065836480818563,0.045715249789829784,0.07782455180650157,-0.09297923161046268,0.08674472148443711,0.17133651850409606,0.03818119147669954,0.1503031806021755
101.0,-0.0511209089078086,-0.024744655567103688,-0.0392365849251522,0.00920229726218693,0.10220706112379732,0.09361082685260975,0.013124788665031459,0.028069916072034087,0.03640860141543345,0.08175306754416047,0.04305350569462436,-0.07044309348172811,0.07430717576355814,0.1480597920474141,0.07707320303524505,0.1276577638123661
102.0,-0.02498205925811689,-0.02979327362253631,-0.027810425211121346,0.023613139960977244,0.06430085616500564,0.06183799293266188,-0.01507241770027883,-0.010217732401996561,0.013230056586917675,0.11409157247866325,1.446413096626808e-06,-0.03377591415437515,0.08341235577873896,0.12114722016582294,0.1126821348667425,0.10569333840362649
103.0,0.003175870613189855,-0.014367669911904126,-0.02459763076090532,0.041818410257571166,0.025555268688664083,0.019491996476376134,-0.034764191381298805,-0.03481437362620674,-0.01609452564064877,0.13473055714315751,-0.04384125865836664,0.002412830325041176,0.10490699879636546,0.09137064509616852,0.1377584417691252,0.08802334787876291
104.0,0.02459010543767991,0.014633988684957387,-0.03732878906972392,0.058287736287547846,-0.007421658683937974,-0.01980798036046167,-0.03972487442694699,-0.03387810337018624,-0.047162386189284915,0.1388807906861285,-0.08061826962979193,0.023527932984095487,0.12281744376620238,0.06103690389589141,0.14771484050446212,0.07508893695110724
105.0,0.0335802241671827,0.045717038456027766,-0.06650444507060714,0.06689505228398043,-0.029601450458938573,-0.043983116242035096,-0.029493402085356224,-0.005649199217342097,-0.07289568078372846,0.1259121459255032,-0.10448897697918867,0.02194317353529169,0.12259123588838756,0.03209266935716377,0.14119045957656323,0.06543311344328054
106.0,0.030882456559439206,0.06897697895675803,-0.10606620094374643,0.06311999372824517,-0.03904841658131611,-0.04855614885048631,-0.006797219968684876,0.03980744488565686,-0.08388526868733097,0.09905472708454349,-0.11246783035551923,-1.6391543475195504e-05,0.09898383752497107,0.00464997037578199,0.11878615952203832,0.056830471703254566
107.0,0.022681372225201463,0.07984018189920293,-0.14617175541098665,0.04621383644493035,-0.03676240902113224,-0.03928929658301481,0.024208254557993237,0.08426608218443794,-0.07243621139566205,0.06339712532576602,-0.10424929979950774,-0.03277451987945974,0.05819155111910591,-0.022756535253140264,0.08200038576548739,0.046578853819003584
108.0,0.015639428333672115,0.07867524396637711,-0.17712529191446816,0.020043225378153184,-0.02527293360848889,-0.029856183938608227,0.057560021870359454,0.10951511600898264,-0.038639719842149735,0.023148389874386957,-0.08226248645302116,-0.06498427168123555,0.012682345348406688,-0.0513202892657926,0.033721527878856156,0.031629708972622086
109.0,0.012084614686305556,0.06858980351212055,-0.19333118230290233,-0.00816453267544066,-0.007613844418358228,-0.035073722190582975,0.08569067966705728,0.10502166628770793,0.00692944378699116,-0.019414525683775267,-0.052001751498103016,-0.08762580157970568,-0.026647532840517196,-0.07986950440506106,-0.020737219524961003,0.009527826124293245
110.0,0.009318736948390473,0.05433172212590546,-0.19548623988724584,-0.03067228864222523,0.012749381397652382,-0.06241186259870966,0.10173774399940926,0.07096076290073647,0.04739471759698333,-0.06227506196296735,-0.0218113058659728,-0.09515415244318953,-0.05487845768948895,-0.1043946775571166,-0.07426388710376516,-0.020083792825037243
111.0,0.0029298456965441513,0.04235738470614963,-0.18943177486038604,-0.04208541741296432,0.032410790080585415,-0.10639594172600944,0.10233790620342784,0.017041161345757002,0.06772627823112881,-0.10129200596207998,-0.0015211074887073453,-0.08516382310191382,-0.0718990766604293,-0.11955227526150487,-0.11983182523535153,-0.05413000604342466
112.0,-0.009251126996188245,0.04006132307812833,-0.18214823164858857,-0.04062090912588216,0.04939623338905159,-0.15036093633469955,0.08891555959404361,-0.04091505309100093,0.0607819246808088,-0.12992370347954924,0.000421639632574188,-0.058659707277982774,-0.07836727542569394,-0.12043632308361293,-0.151237432791968,-0.08568657423555935
113.0,-0.02532839328323587,0.052960435103918034,-0.17784486391905066,-0.027664969366023834,0.06335405641799396,-0.1753739082664565,0.06717804591655623,-0.08631605748137341,0.02876987987480294,-0.1413512957137475,-0.01906735633581809,-0.020824285961019432,-0.07341992119537119,-0.10381856164188037,-0.16288916692216457,-0.10588380959712503
114.0,-0.040051224379679035,0.08078385970834896,-0.17695520856597535,-0.00684066425225953,0.07356574850674094,-0.17004843196526429,0.04526608271300798,-0.10851963597360002,-0.01829610372341625,-0.13115884964058147,-0.05493829963551626,0.019713993299077845,-0.056028633363514095,-0.0700407448856851,-0.15098001923770726,-0.1083170119681672
115.0,-0.04722808458694822,0.11528887369646898,-0.17774202581239593,0.01650144585050831,0.07742079152247523,-0.1346840439440133,0.0308979494274954,-0.10764158849713432,-0.06590853039364535,-0.09933026231169308,-0.09531845431891083,0.053678229943891334,-0.02729024351708061,-0.025297437128632586,-0.11597701649821127,-0.0927908643124457
116.0,-0.04276506303830795,0.1423294320861843,-0.17804099256561096,0.035675813434198546,0.07189023255344956,-0.07907259084498573,0.028633419723983294,-0.0935704300815365,-0.09978265343150552,-0.05117529534749036,-0.12654625512364998,0.07410579746740291,0.009476644141330653,0.018365587848211035,-0.06382081912048591,-0.06498840575682754
117.0,-0.026789386878732512,0.14778503147253605,-0.17594491431131762,0.043969844625276755,0.056283559175705745,-0.01768468753953062,0.038834994422581655,-0.07932507063349101,-0.11062769795736498,0.003390920121868595,-0.13844532204205398,0.07776893386796062,0.0498550347407,0.04661408224391853,-0.004594649157391492,-0.032782021717267996
118.0,-0.0035441228161525408,0.12416950207767637,-0.17032811465042286,0.03722829471672562,0.03278881975875384,0.03524810412027809,0.05859193333317633,-0.07351867973096146,-0.097349769361515,0.05257000915997717,-0.12757187131887443,0.06527530379943039,0.0881012607344953,0.04814852445954786,0.049791471159203175,-0.002874481978699988
119.0,0.020568411379613478,0.07428304246859796,-0.16188157415439747,0.01618142710769579,0.0046033780241357,0.07039265605628485,0.08347043066214835,-0.07698134467250953,-0.06749161524868197,0.08672307092181415,-0.09837067977276728,0.040667691483906025,0.11670499567899047,0.019257321904170968,0.08734698161902335,0.02006331041706894
120.0,0.03933166060153643,0.010089691797728008,-0.1537606563278132,-0.013666969291379056,-0.02554632567200669,0.08625123190563265,0.10873815439483646,-0.08495162771777978,-0.034070256656689536,0.10175601181200622,-0.06201405508726555,0.010463902189218732,0.12887522126955248,-0.03424795039850291,0.09809662557567053,0.03305464201106129
121.0,0.04870338375171572,-0.052101959112332154,-0.15093640666405245,-0.044823619049422635,-0.05513438316020468,0.08776747960080712,0.1292956218410707,-0.09224925465341252,-0.009918078885051976,0.0998165560586484,-0.032424085396637714,-0.018337202093767636,0.12274966670825178,-0.09883905845649114,0.07801216077626166,0.035401407078900014
122.0,0.04815007606567286,-0.09742893013729036,-0.15858696158478125,-0.07125072993754777,-0.08115020494104086,0.08093251335061484,0.13899589505776258,-0.09710586899873479,-0.002679366328128864,0.08741917237180362,-0.020433353472620163,-0.04090955541929927,0.10238426695581673,-0.15805501132558172,0.03340399886120526,0.0297495277818209
123.0,0.04072357963680722,-0.11715437713444214,-0.1798454126643478,-0.09007572195607898,-0.10027571655240798,0.06782503894160748,0.13143760838602833,-0.1009071644411544,-0.012811494267494488,0.07272064279713643,-0.029051761619385507,-0.056387383916948856,0.07403893679655998,-0.19754991079371903,-0.01822703246083496,0.021676740653289266
124.0,0.031616371238150164,-0.11110780909142418,-0.21293598921797163,-0.10074664223903501,-0.10962830648301715,0.04601407956581557,0.10331906824301627,-0.10494099944983369,-0.034665984496155655,0.06277126960137026,-0.0527339128474347,-0.06745136385177605,0.041834549006262454,-0.20833045876898784,-0.0539406591666869,0.017427284771438768
125.0,0.02571816866512042,-0.08677467348216712,-0.24924624507003326,-0.10315236865887198,-0.10754429611009386,0.0117629768927062,0.05823099125744132,-0.10801563672982469,-0.05918725235803625,0.06091866365923343,-0.08059996257954818,-0.07804131307849674,0.0067790646983026835,-0.18821460714089883,-0.05619041436879915,0.021017149539738936
126.0,0.025530343266348156,-0.05510082990028245,-0.2744113609893236,-0.09685799472363381,-0.09437096792489255,-0.03623061098731993,0.006854444542132114,-0.10754333146809408,-0.07646393517169711,0.06562104636019242,-0.101239238062721,-0.09077120211436872,-0.03142017019201539,-0.1419375323135256,-0.022320020960544824,0.03206165786308335
127.0,0.030927278963364994,-0.025860027505228932,-0.27230208265265643,-0.0818829495063946,-0.07286430783830651,-0.09475677125052648,-0.03813434994679661,-0.10252337488401883,-0.07767058188254629,0.0719431184032214,-0.1072245496409219,-0.10537660062697866,-0.07282398850046892,-0.07938480514805663,0.033687759458565676,0.04535707796874406
128.0,0.040538267265865305,-0.005549096409706422,-0.23071555598925667,-0.05983802031575833,-0.04762235800876657,-0.15578388890887387,-0.06884674664986198,-0.0947552697763063,-0.05733236879472161,0.07492332360026291,-0.09802628125982892,-0.11850217892726207,-0.1168752968264882,-0.01206615971660384,0.08801792967495708,0.0525033909110077
129.0,0.05280419042472987,0.0027839544648286755,-0.14788505776884947,-0.034187689488413824,-0.0238703669966283,-0.20761790081839196,-0.08483100663443634,-0.0871020088001413,-0.01618678173654245,0.07253937399147023,-0.07939423714124408,-0.12451107290938813,-0.1614301815085549,0.050120611310158,0.11774389752524674,0.04500015100831115
130.0,0.06562798398056713,-8.904425922531593e-05,-0.036731792380726,-0.009397315492716374,-0.006324988146352921,-0.23796275788006588,-0.0900088314227554,-0.08112980594268289,0.03693513795532444,0.06662136728284958,-0.058692968040576575,-0.1171267023393572,-0.20061899287279808,0.09975402379484664,0.10982814720571817,0.017923006748238733
131.0,0.07573332078170093,-0.009165749335322203,0.07798179976883488,0.010211039725683567,0.0017965970012222947,-0.23786149699271586,-0.0876719758174382,-0.07651144994660894,0.08676414969551197,0.061407246026046275,-0.03932708557712922,-0.09171901799916701,-0.22377337391199814,0.13101118450453295,0.06484131264233481,-0.027258248815437158
132.0,0.07935218955009854,-0.01646776733122783,0.1698135059298138,0.021381770944898557,-0.00029545654702446044,-0.2035585877726947,-0.07816383507789479,-0.07184297750013263,0.1178351468605481,0.060331742055165685,-0.01875341540134921,-0.04767576015339064,-0.21846106137892443,0.1398301463486069,-0.005126774400693358,-0.08255011644568615
133.0,0.07417490809284502,-0.014403747450965319,0.22160491018269662,0.02310255634409919,-0.010707151482178988,-0.13599129005329735,-0.06097656701445621,-0.06518030356772007,0.12231375771963038,0.062432905753290135,0.00808489798203784,0.009938852227489836,-0.17795937045873392,0.12620335971487348,-0.08195801866095988,-0.13648700568889444
134.0,0.060956886163321865,0.0004711953908114329,0.23058681867579223,0.017875319339112027,-0.025641219150872228,-0.040834921723418766,-0.038824323362477355,-0.054202391569805164,0.10381459337658121,0.06065350780208999,0.042465790975348555,0.07051891386423248,-0.1083046291369206,0.09639498548125343,-0.1471706032360726,-0.17877978868074962
135.0,0.043553604758926896,0.025697830536487484,0.2061995971904638,0.011593162485344402,-0.04036269179904755,0.07051635474510888,-0.018827773150261407,-0.03711585983342936,0.07432955143788576,0.044168086500788815,0.07802148989929888,0.12061695951707613,-0.028007779386477628,0.062345612073104656,-0.1860281300836426,-0.2039393157746141
136.0,0.027436289992165148,0.05410566262682678,0.16335256816021998,0.010962277898930553,-0.04962427848507607,0.18178145728593476,-0.008660475517214525,-0.014011528058285145,0.0468689079344544,0.004724161858953018,0.10267651752276495,0.1483628401857598,0.0409825925270443,0.037582743471285415,-0.18993992159967774,-0.21179035587630568
137.0,0.017488615309137014,0.07701919054450294,0.1155837016511231,0.019586128221248528,-0.0484738341569684,0.27507371785817997,-0.011170699752278676,0.012709074792023376,0.029092165872084217,-0.056223483016838646,0.10507589448060059,0.1475486539386061,0.08419055262740739,0.031454515312333516,-0.15769001148782932,-0.20522375581657626
138.0,0.0161224351482977,0.08764639189543907,0.07194173400621218,0.03559026958053838,-0.034476326904751727,0.3348385561068569,-0.022459551084924985,0.039062978654117564,0.021343306379824446,-0.12447810177657113,0.08160972401806689,0.1198777569349032,0.09892296655172471,0.04511541785519141,-0.09593491455734114,-0.18756194320410668
139.0,0.022580899540834563,0.08297903944993341,0.03781875854025004,0.052784544690638924,-0.00990555447146543,0.351632902073705,-0.03406050158365806,0.06064962208608667,0.018801815291467457,-0.17724921200899918,0.04014442580241137,0.07476392305836037,0.09109130709671252,0.0716559410690518,-0.018378179813929425,-0.16112798163403674
140.0,0.03350673892254781,0.06381213993107086,0.01680440262614715,0.06434501059877974,0.018825697999836844,0.32511977305766526,-0.03631899918395207,0.0739571040792209,0.01529016546664929,-0.1932600922046958,-0.002360897474086745,0.026481021220336624,0.07070826094658497,0.09954134725630523,0.05735291313218017,-0.12723054575555012
141.0,0.04414080470630719,0.034128850482381186,0.010927263899876345,0.06596337258598023,0.04449088313552243,0.2644584157085134,-0.021187431311005235,0.07757412867139785,0.006666444231255837,-0.16355113427715162,-0.02781185257327207,-0.010670680720218328,0.04988064755998256,0.11675237076037175,0.11424005142719518,-0.08728860766754605
142.0,0.049900915142704005,0.0009737173094165231,0.018930933874347827,0.0565129251859985,0.0619689014129131,0.18549355652289157,0.015122536340569577,0.07251640697042719,-0.007116065908963302,-0.09666215130885308,-0.02571348844149613,-0.02734470847881987,0.041009550774016655,0.11427712585447987,0.13965347050342775,-0.0442413922710418
143.0,0.048572468867285105,-0.026134721708389368,0.03470387759942799,0.037065023593654225,0.06871132974743063,0.10643833511750006,0.06935093454523578,0.061121392189805196,-0.021713840754282322,-0.015135798502407764,0.0024323567731579054,-0.02197736349354047,0.05269022621825107,0.08904699835555475,0.12794879716066174,-0.003351847820632433
144.0,0.04213996174357045,-0.037837710872397526,0.04879846786534824,0.010164526432331412,0.06403569797639559,0.043680656064915224,0.12996449281560374,0.04516086261010871,-0.02993580611557094,0.054260055382871375,0.044545215540717664,-0.00013685903421528149,0.08514932129323445,0.045782652394189334,0.08228523986972273,0.028252471168669774
145.0,0.03598257191286744,-0.028887562641668023,0.05304531744823461,-0.0199710334691002,0.049062571078774396,0.00790887928155569,0.179936077621801,0.024895472843280753,-0.0249597607540625,0.0907890479533718,0.08350891798541722,0.02862693994303524,0.12870969299764662,-0.003739936566181503,0.014424272287537662,0.04407015602857717
146.0,0.03491321065634382,-0.0008763626711409428,0.044431020171910474,-0.04721058368638738,0.02718426403320244,0.0009701035711188931,0.20319034581716136,0.0002530161768358801,-0.004637777888676852,0.08573478858624774,0.10414521965579054,0.05410834334396584,0.16633376806279668,-0.04455030275500897,-0.05818734475444674,0.04209149740816847
147.0,0.03907584202592375,0.03781774234487829,0.02515492352734288,-0.06464676862535594,0.003945231425184452,0.01541907060105304,0.19101186314295976,-0.026936818823586364,0.025485075548072604,0.0433333134694096,0.09901162316908778,0.06787424495031692,0.1792485191381245,-0.06393685036456369,-0.11641425868024297,0.027159739565475283
148.0,0.04326312091704208,0.0746603639134717,0.0003028326491838794,-0.06715282246837034,-0.014241952479084049,0.03743475917356212,0.14501145262349985,-0.05184939803041969,0.05355583348975128,-0.021697846538505986,0.07097672121133956,0.06520204400598228,0.15466679025167102,-0.05578256608689052,-0.143279101576834,0.009732531611107216
149.0,0.039821339622045565,0.09709425661158283,-0.023806414773434748,-0.05310267421558079,-0.022058481689332256,0.05047742191731664,0.07577671255816198,-0.06766015856799604,0.06694996119795545,-0.08918470210478442,0.03139860566352146,0.04631610452151405,0.093023397558713,-0.021765859224623797,-0.1279941703094295,0.0018471948087932196
150.0,0.02241314201983825,0.09689938296901633,-0.04086134255635631,-0.023745884457050673,-0.016786859241516357,0.03860905376830312,-0.0015377495967228718,-0.06820011540680462,0.057842601020764606,-0.14066138923968802,-0.005967439386251764,0.015866435465730286,0.009252132091999668,0.030159748367064705,-0.0699938244425774,0.012245297440087951
151.0,-0.011305188394782747,0.07340467436250042,-0.04717283514487532,0.017807320446093677,0.001216632139231022,-0.00807071929747535,-0.07200158418993395,-0.05119095559488445,0.025445425671554757,-0.1663700313120664,-0.03283986186161094,-0.019072280860672544,-0.07459120000528288,0.08785149350218234,0.01863162457682433,0.042395951481303845
152.0,-0.05806094535245605,0.0338182094856861,-0.04407366246190183,0.06590886862433766,0.028687474876518255,-0.08719304943951667,-0.12405707425738415,-0.020234879102540484,-0.024683348716267546,-0.16857196240444838,-0.05119307764507532,-0.05087147516166079,-0.14000550081654448,0.13703757791149093,0.11436021088237641,0.08511980386954768
153.0,-0.10859522164901865,-0.010524804012268279,-0.03691568302826756,0.11159854069420254,0.05987638473270383,-0.1834955781898012,-0.15143569512300284,0.01617515475523835,-0.08213008462409076,-0.1590561204348794,-0.07123263898134566,-0.07275835798462231,-0.1781207879645366,0.16467866179072677,0.18821294698743718,0.12687640610978143
154.0,-0.14960633285522257,-0.050156117430142255,-0.03068276671008555,0.14448779122734248,0.08754602949701706,-0.2760683213979931,-0.15474089436110144,0.048267955947555785,-0.13357462576400825,-0.15191002438008358,-0.10399367696190362,-0.08062599228676226,-0.18921491780987426,0.16327440557892675,0.21528274150846055,0.15326981290694788
155.0,-0.16789287780090553,-0.08086961506664693,-0.02570896723778265,0.15703849257609692,0.10476338677534576,-0.3481638456049169,-0.14141171145732234,0.06860604373169206,-0.16634504578173515,-0.15565800247295955,-0.15373581940337103,-0.07480356735622151,-0.17901596110338888,0.1331980414902433,0.18425267832815706,0.1553448212521983
156.0,-0.15499238465877666,-0.10190212732316581,-0.017556276174098717,0.14814376359321557,0.10669326923807369,-0.3927326344008218,-0.1223722008932732,0.07361038622321765,-0.17274024906368474,-0.1690099833331552,-0.21401434735145114,-0.06017873513102734,-0.15512402455345678,0.08122502281017405,0.10252897385836626,0.13303745119146904
157.0,-0.11073386324503542,-0.11215178260836695,-0.0018198214923045635,0.12330102687572678,0.09140776824754786,-0.4110970450247835,-0.10685715722737298,0.06341859573437743,-0.15217177628348405,-0.18159694461018228,-0.26835711077487406,-0.0440654909343848,-0.12516291569114363,0.01731658585147342,-0.005968605495382401,0.09379871066902112
158.0,-0.04469079958843719,-0.1091919445681586,0.020327603024699232,0.09148206214147615,0.06001445578643878,-0.40745461919032666,-0.09892987319623081,0.04145506220674722,-0.11026918022369138,-0.17871018538245872,-0.2952901865784326,-0.03279906434625753,-0.09645822619944683,-0.04694637212600192,-0.10993236785129593,0.04799570911768288
159.0,0.025686266423443047,-0.09160809078378931,0.04073977746012178,0.06100579781061718,0.017044480807081593,-0.38395913811462434,-0.09712803830843636,0.014027004341621234,-0.0570215781056308,-0.14843486485962118,-0.2765361080781934,-0.028705013046544128,-0.07504335839388321,-0.09872842713481803,-0.18245461456643305,0.004725166907823216
160.0,0.08081509128824718,-0.06187476453127148,0.047626200045455126,0.03640300530135711,-0.029286166041344302,-0.3397604915361774,-0.09624977328829896,-0.01064802380270807,-0.005024446469181443,-0.08848670446719888,-0.20557229413698933,-0.02898938215707951,-0.06260399219410642,-0.12682317023163234,-0.20986111558296963,-0.02965150232150543
161.0,0.10639742061843996,-0.02743349457920142,0.031017340847022963,0.017225210910387014,-0.06843290990211032,-0.27464390282484125,-0.09046562760246221,-0.024619782457620424,0.03296213189055376,-0.00897152641900376,-0.09291799932518735,-0.027448427993638023,-0.05396510337830318,-0.1273657612941973,-0.1942318269799631,-0.051161840502477844
162.0,0.0982025669415354,0.0009441582216593097,-0.011804400699997088,-0.0005270285231375862,-0.09080503676086109,-0.19383492658085527,-0.0770138408213948,-0.023299048045288494,0.047289279194462394,0.07100913698256059,0.035147056209710516,-0.018516711322327628,-0.03934338169424163,-0.10706327387048274,-0.14972698329429143,-0.05815872578623294
163.0,0.06191507346862507,0.013219482589019057,-0.07279260713482277,-0.020935125720249477,-0.09140680469618626,-0.10852703656193177,-0.058052904687739965,-0.0073772383110369405,0.034942566983680555,0.13142707568959516,0.14561673034410116,-0.0012842991452094775,-0.011574836623696195,-0.0796010199190999,-0.09535649798709282,-0.051498924835590536
164.0,0.009641615527353991,0.0047729549881356395,-0.13428711295658052,-0.04494131855362447,-0.0719868607377499,-0.031328732684973166,-0.0386337886788018,0.01844715770990664,0.001963936493933785,0.16010559901286658,0.2116083386687195,0.019606913485157813,0.026958801216716934,-0.057675512540105785,-0.04784434584610453,-0.03368674241500205
165.0,-0.04432292372590973,-0.020828063230697462,-0.17593298735560137,-0.06896865757363319,-0.0406729176793281,0.02876931234926195,-0.022614306110333725,0.04886864763984606,-0.0381704194803763,0.1574928104710208,0.22124715851594298,0.03686713833566051,0.06387172015374323,-0.04687652145188244,-0.01706934842209179,-0.007430009319721528
166.0,-0.08737720203789273,-0.052629182330122384,-0.1839876669670059,-0.08552452171767967,-0.008858359194816956,0.06888134569153324,-0.010392169443731449,0.08038348523177316,-0.0710947607461329,0.13443112566204993,0.1783810362676981,0.04456611139598973,0.08403276124723862,-0.04504458201889875,-0.004534331858231968,0.024932599462771352
167.0,-0.1117509587250678,-0.0766002563513131,-0.1570966304677273,-0.08614090933080257,0.013695091183615778,0.09304566475410324,0.0004297805253383443,0.11107970026956898,-0.08878815429549701,0.10454646179944485,0.0980975392025903,0.04058869441870787,0.07951253181460939,-0.04613665346418701,-0.00470076316485412,0.060908157061143484
168.0,-0.1160979643964712,-0.0815382134041655,-0.10516465662784019,-0.06626574849135188,0.023053742858558397,0.11152760247644894,0.013500243711165025,0.13885704584749345,-0.09245173115794172,0.07682697583637506,0.0018542993143156842,0.027195886337231006,0.055057414523753075,-0.04476879138689178,-0.00854190091291357,0.0970218312995139
169.0,-0.10482298451470255,-0.06351635536929576,-0.043418476365714956,-0.02913230262472043,0.021962881954127943,0.13660521356799848,0.03258270587297735,0.16021506590564677,-0.08979847792566506,0.053089518793461174,-0.08651922852078876,0.009992126983192712,0.025455793716150588,-0.03809020992449283,-0.007351588138934717,0.12842207737400899
170.0,-0.08540749732227225,-0.026804434497270723,0.013363473658582222,0.014728645554260192,0.016675351914569037,0.17520648185835558,0.05992365657229022,0.17063788531577115,-0.08900237712720603,0.030640344751930226,-0.14522333177611657,-0.004501685623853691,0.007064889893091154,-0.025224615563572646,0.004683142748745451,0.14938670275033056
171.0,-0.06501678390596348,0.01852655676950946,0.054075568970472235,0.05227018919436861,0.011930489517759582,0.2233904084497269,0.09391643314648015,0.1662345393450901,-0.09315558597157791,0.007103970290790293,-0.15955039610792593,-0.011437242246882003,0.009379477069530016,-0.006908003785643726,0.02885351042360762,0.15475767947718785
172.0,-0.047917832057271986,0.060555500908014974,0.07319444710640598,0.0734474255428671,0.0077798245292327005,0.2673823537844097,0.12783693685914715,0.14617400698163877,-0.09864905409881317,-0.015854761141981512,-0.1257448798235507,-0.008976303089330418,0.0315252621416645,0.013665463688978322,0.061285668824522334,0.1417207249422462
173.0,-0.03471963463740477,0.08908596314494342,0.07232451591446892,0.07411715216021694,0.0005048577368574556,0.2898822595736664,0.1509613320043073,0.11469533051879528,-0.09811900487797343,-0.03190273239325075,-0.05151882769124857,0.0016887648964693262,0.06442841149751208,0.030468224861536306,0.0941806983885872,0.1113056773605647
174.0,-0.023552423731541657,0.09787361600026498,0.06033029768784962,0.05611826919136196,-0.013449226792238407,0.2762780484061423,0.15173057181822577,0.080179395703354,-0.08524715724855472,-0.033130483785238495,0.04693499420510109,0.017101986201152507,0.0960987653010559,0.036709547544344134,0.11847495565663697,0.06926992337759812
175.0,-0.012251000096800533,0.08566527010122325,0.050580513754300796,0.025952366708217583,-0.03366938740416263,0.21845122031324418,0.12245820843349475,0.050721393529418735,-0.05792353995673641,-0.015286077336021784,0.14958053318494588,0.03288651899465025,0.1171070201124251,0.028835570659954925,0.12644340802706108,0.02556313640933373
176.0,5.2520349143741356e-05,0.056265910370118265,0.05500932492437897,-0.007760835104935092,-0.05480974837304431,0.1182138296823669,0.06459686867916843,0.029798731521739116,-0.01861734359289284,0.01869946270728583,0.23701994230219298,0.04538390053712871,0.12420558511928997,0.009138935435163567,0.11381014968315328,-0.00847900704829279
177.0,0.012747224838329477,0.017532978700813242,0.07733674524219313,-0.03809149674471076,-0.06929749821851622,-0.009480785474637484,-0.008685069502414107,0.01606202297967411,0.027036970439698313,0.0597985322107136,0.29419156149144127,0.0529300151621155,0.12054941947867649,-0.01577549902701901,0.08154148138197968,-0.024327863105530607
178.0,0.024211220761410114,-0.0205747227396059,0.1100158663997403,-0.06283319424777552,-0.07204466811349455,-0.13725872979322476,-0.07611253572744275,0.006791739301319886,0.07223534043689504,0.09761158480774938,0.3130368586848302,0.055878373960930434,0.11253446645667714,-0.039297751791876015,0.036522638916542276,-0.01958593066149579
179.0,0.03201091738154791,-0.04860506693434051,0.1378823362468732,-0.08416993228042338,-0.06355574169200197,-0.2323109920438019,-0.11725872115275472,0.0008030021092128516,0.11062495346246404,0.1250129878826303,0.29369832733695167,0.05522372407904547,0.1059141765861614,-0.05745341901723101,-0.010322156671694262,0.0010907078391622714
180.0,0.03315291962410045,-0.06041802022091743,0.14671179471807194,-0.10503676781922681,-0.048763188932275464,-0.26794724258524927,-0.12158869405115696,-0.001852947003482604,0.13694034283920056,0.1394782543212687,0.2439268276382768,0.05116649257406477,0.10371874974735705,-0.06746165319601666,-0.04813061477498077,0.027914427893851602
181.0,0.025192714828631283,-0.05528402813218026,0.13119192876146737,-0.1252417626948422,-0.03272565052537107,-0.23495482229246142,-0.09257896588281259,-0.0018493543774872128,0.14712106530354419,0.1409513739427018,0.17680953994239085,0.042980526961635325,0.10559236585101618,-0.06497993726552338,-0.06945264154885379,0.0503861453827878
182.0,0.007978092199446873,-0.03838735452697377,0.09748284530203126,-0.1406181739798886,-0.01714395156657997,-0.14617158637900157,-0.04532829537795281,-0.001243598413865565,0.13893887758826395,0.12945240733351396,0.10733072519809395,0.02996348055434781,0.10788871034978822,-0.044725285514846495,-0.07076176598191791,0.06213682031263428
183.0,-0.01542889062015778,-0.01924469889847034,0.05983218077619996,-0.14557368118715422,-0.0005138300313155479,-0.030418499765998773,0.00045078632452373693,-0.0020188444866217573,0.11325761784539247,0.10541268664366232,0.04836716495740625,0.012286528658799525,0.10558747129729956,-0.005046600627209246,-0.05163989529322556,0.06301121502476185
184.0,-0.03953524648705707,-0.008008468251887143,0.03400397443330192,-0.13645125859945284,0.01880838637120909,0.08063776669661189,0.02820725916444603,-0.004416547191607751,0.07486228529187523,0.07178183565223385,0.007248535759328625,-0.008943588148780778,0.09549841025866354,0.0479027436284489,-0.01491478209293627,0.05703967256084384
185.0,-0.05793699042966305,-0.010752281565474678,0.03055333751626806,-0.11313576327667743,0.03966111356804463,0.16432612686004103,0.029885444835181903,-0.007161461729341285,0.03169595198801089,0.03458553686234942,-0.015359426601095967,-0.031854333938032026,0.07787010518007921,0.10056209854433855,0.03254110175030615,0.04799108263805039
186.0,-0.06476863535709346,-0.026154801760289823,0.05066309013100915,-0.0786659182126699,0.05779447219787744,0.2115853659289989,0.007648887287577767,-0.009130174386082946,-0.0074937116780817515,0.0006478533695938512,-0.023887847896718304,-0.05324948896109294,0.0555873691857939,0.13706962235508843,0.08028906560380157,0.03587708758583259
187.0,-0.05682993150834146,-0.045834317534760284,0.08640986494402707,-0.03849078672823648,0.0684275382958002,0.22487899352513982,-0.027790079336813427,-0.010505335143372487,-0.035781961480256884,-0.025878849551134415,-0.0252883491589285,-0.06797758293536962,0.03288905485561061,0.14602599992104337,0.11689901386087007,0.01713111776403934
188.0,-0.03597119628089195,-0.05849762570329516,0.124655563367601,-0.0003623930614376163,0.06941172612295067,0.2139161848123877,-0.06120892546895597,-0.012848904030789785,-0.04945568953965317,-0.0456489056657104,-0.026683373115912144,-0.07024354017937154,0.014333153663116204,0.12528343756814864,0.1335582463508686,-0.011746186181082051
189.0,-0.008991595253926375,-0.055397994479230064,0.15194704406350887,0.026602791201896892,0.062278494171407114,0.19201503038215803,-0.0779859861915578,-0.018786570947266178,-0.04750384317885844,-0.0630247858939934,-0.03307856430504818,-0.057025774231371396,0.0031755592938740684,0.08251648488653948,0.12748955377230028,-0.050070674113825604
190.0,0.01600032759044758,-0.03387482866346422,0.1586608700380105,0.03539768009917525,0.05058911175209741,0.17221734600283706,-0.06925756233288065,-0.03165754785599063,-0.03015528506954213,-0.08203191839492284,-0.04543346049462728,-0.03097581436300406,-0.00044071310481702937,0.031572311203742105,0.10436488589956537,-0.09146342695226263
191.0,0.033731278554249705,0.001889132205255843,0.14160697219603705,0.025502784882830375,0.03756007206919898,0.16228164223755695,-0.035810608090220915,-0.05505622250626499,0.0012094892832994718,-0.1025421763777024,-0.060655602551056974,-0.0003894791469105954,0.00010207827231998595,-0.013544624504035936,0.07770990136636366,-0.12597605054970853
192.0,0.043048309618552015,0.041697670308477874,0.10430987786900076,0.004159162406897068,0.024991638554940007,0.16150602721930696,0.01130849790445316,-0.09183263167549777,0.04202161430830384,-0.11976375805087396,-0.07405238397812423,0.0239924687844772,-0.0003978515219570684,-0.04429193429583624,0.06341926363030441,-0.14468363564906922
193.0,0.04548637160468982,0.07183031338193135,0.05505345750827487,-0.01737664397078129,0.013528711483796967,0.1631409405053428,0.0548880278583528,-0.1419412072260659,0.08336687799497529,-0.12681217187094201,-0.0819442513189517,0.033951506736806386,-0.006207702807474717,-0.06007437385586979,0.07150740927360745,-0.14445102571595936
194.0,0.04338747721873911,0.08018786513495497,0.004246690504418418,-0.03009462098662171,0.0031051910494094156,0.16069975227535482,0.07899306089465297,-0.19975505476291047,0.1149459300892019,-0.11805910561291823,-0.08221105021698746,0.02785331378490714,-0.01921644850679308,-0.06625869513602528,0.10036681583914545,-0.13020941342772407
195.0,0.03882267105034508,0.062235038745028524,-0.037728009308773416,-0.031379322677082114,-0.00697587593370323,0.15220207841491706,0.07571146757345658,-0.2530489489662899,0.13053054356511087,-0.09169776701784195,-0.07378395634808195,0.011004506606703619,-0.04028134472087164,-0.0692784201349839,0.13700352822058126,-0.11259110826042706
196.0,0.03323254465304223,0.023624701718749638,-0.0626424495346243,-0.024566692454678976,-0.017832770547106646,0.1394039291217378,0.04762906020898973,-0.28552526852721455,0.13073022008943339,-0.051078824732714474,-0.056992364720146675,-0.007847625872476506,-0.07106047589050438,-0.0726140143994395,0.16277376780425665,-0.10185230843772271
197.0,0.027617446249461695,-0.02227170215488802,-0.06664505856855946,-0.015255093642207418,-0.029917335022612145,0.1241251179459747,0.005348660775642635,-0.2827808845455896,0.12080806593784932,-0.004429017866331645,-0.03440379097320535,-0.02101277842703728,-0.11201438467096321,-0.07621546350845157,0.16165019545661072,-0.10242670671204386
198.0,0.023011442212813187,-0.060296442231220874,-0.05132157029119999,-0.007574001260845494,-0.04134332728083271,0.10510244236018602,-0.03792516182533786,-0.23918254039540532,0.10666909905370185,0.037430535373957775,-0.010783881784445323,-0.024674018954441133,-0.15719631860542888,-0.07833332652305029,0.12743908438247517,-0.11147330171448339
199.0,0.020586049754115456,-0.07995968710656326,-0.02290681837911418,-0.0028757019850307692,-0.0474992676326802,0.07778440327721955,-0.07141358928413565,-0.16154096135549184,0.09287339434387223,0.0648776140401216,0.008376183682645581,-0.0193822531137939,-0.1922961450936416,-0.07711002837431323,0.06687928437821836,-0.12119903054251087
200.0,0.021033554682992284,-0.07911891654284908,0.009923251379113707,-0.0010777968009622074,-0.043558060190077776,0.037448103605121866,-0.08911258672877773,-0.06720633375200294,0.0829491336723453,0.07313547477963377,0.019520672710782883,-0.008650930969771875,-0.19995679802442337,-0.07113625555829563,-0.0030882778116501407,-0.12322944720523611
201.0,0.023730633039951602,-0.06299941629307908,0.039155400056629125,-0.0024116515168614715,-0.0286858979030781,-0.016793270111421687,-0.08976086561029586,0.02179998222848952,0.07973087378421365,0.0637942065948597,0.023025367825647177,0.0034866330514579315,-0.16920212266518536,-0.05997748337499581,-0.06301846417353979,-0.1132743082154838
202.0,0.02681663995477188,-0.04039366713514098,0.06008237013953983,-0.007053146969537752,-0.008338044437952344,-0.07993821189006906,-0.07592621526346552,0.085604154813904,0.08400868360438553,0.043577941359534335,0.02194539316489759,0.014624226354263227,-0.10252659945711178,-0.04493979744916181,-0.09960172854258605,-0.09353917731421435
203.0,0.028756309314088048,-0.02045417768793563,0.07134485707077293,-0.01312775356047674,0.007843941117238616,-0.14131480058600976,-0.052967825593019116,0.11267069293546962,0.09242853079878438,0.02177723356908437,0.018571310880416015,0.024893845704152845,-0.016323559569777456,-0.029257351140230557,-0.11031148677102083,-0.07038787601839164
204.0,0.03008813652681284,-0.01088596168705519,0.07237883721262629,-0.016138539334292934,0.011145130144788946,-0.18638095691393877,-0.027771198144941115,0.10380138216689586,0.09764117508287914,0.0077708078172156175,0.013304423826975963,0.03663032279171193,0.06522411996374808,-0.017234832078551574,-0.10218537334560936,-0.048291231909794334
205.0,0.033247985929101484,-0.01615171535020494,0.06120719728040572,-0.011322269118178692,-0.0018255149621535028,-0.20060921826575304,-0.006711396191034261,0.07127396492164226,0.09184230019589931,0.008346250859175109,0.00712563838234532,0.05296455778171466,0.11944654015802376,-0.012617053110612052,-0.08669922499895441,-0.02538850861496809
206.0,0.040200469024308086,-0.03553039875994277,0.03512331316292398,0.0029039405239263075,-0.027773818439084507,-0.17520172986651175,0.007172667603639024,0.03253417749711767,0.0711750007974716,0.024803925729269656,0.003609454009557836,0.07544495775769851,0.13357483325511968,-0.01693060420524191,-0.07401787124842647,0.004803259709488312
207.0,0.050086462589356444,-0.06258482199568781,-0.006099390658327858,0.023277894341143,-0.0583870491963536,-0.11211334279734647,0.015977850917050413,0.0022233352914928506,0.03807197376305376,0.05169555231650112,0.00730687674637714,0.10137783332047007,0.10892442551371076,-0.028415728768230265,-0.06965177176959408,0.04660735675835083
208.0,0.05923595859070975,-0.08708918052989459,-0.057431091068170605,0.042768247870512255,-0.08417936950292848,-0.025599884262467336,0.025588468790653126,-0.012616952438697862,0.000549167188094694,0.07870915406657149,0.020378748288166347,0.12233338468369188,0.059892731293205465,-0.04151904430864571,-0.0748276564509744,0.09595201831341936
209.0,0.06339834065653799,-0.0989401755724033,-0.10925283262928426,0.053025986424307184,-0.09897948938228483,0.06122290495785173,0.04173915736971667,-0.012564310706333043,-0.031325646926734035,0.0950182346530714,0.040968538164278354,0.12561884633538556,0.009006195452439808,-0.04744849891609505,-0.08849420350531276,0.14006432899676444
210.0,0.060046035897392554,-0.0925702319728013,-0.15101992332631511,0.04685663791470459,-0.10254350880554287,0.12420479333583201,0.06620237305374961,-0.0028326293440247476,-0.050092203326194525,0.09398972043077601,0.06412123249546738,0.0997142540846439,-0.020856642167782095,-0.03739286096158705,-0.10786892122939801,0.16389251595117804
211.0,0.04944064078240297,-0.06995248992113286,-0.17466971942533285,0.020746019428257167,-0.09948401334335842,0.1466392573664103,0.09521481565156487,0.009985390508792219,-0.05376447658240892,0.07584708366202833,0.08387277766856395,0.04168245110974559,-0.01588452868088304,-0.008216581287174923,-0.12773890412009725,0.15882670473550248
212.0,0.034492959281386584,-0.04038176905360468,-0.17622194919609518,-0.022926119663520882,-0.09531602822828594,0.12423759554355504,0.12083138793156978,0.019909698749034706,-0.04580266494265915,0.04678085770508732,0.09525704969039017,-0.03831869088269635,0.021646663022461418,0.033346716911856776,-0.14136447423016882,0.12798115458514914
213.0,0.01945075946984546,-0.016382642101160753,-0.15624750417079641,-0.07563625613662317,-0.09249257258180109,0.06575636488146591,0.1346998388892788,0.02266512935695925,-0.033563314678638816,0.01538842502194803,0.0956419975013918,-0.11893863005064431,0.07418340085273323,0.07227719249603161,-0.14387885720506674,0.08507402741988973
214.0,0.008016646911662545,-0.00762686948299351,-0.11917187596967789,-0.12506590934721726,-0.0891220684888127,-0.009837203710960864,0.1321196203333829,0.016791194890068258,-0.02569850678806442,-0.010727270701657294,0.08513977144560642,-0.1749872601364392,0.11823784515025614,0.09251401802973941,-0.1357840288122063,0.04765268171610961
215.0,0.0022714414209883778,-0.016443976145292277,-0.0713101779486937,-0.15882285396404347,-0.08112520504874515,-0.07917697823086833,0.11395074674062843,0.004681573702224411,-0.02793654884284254,-0.026311886885424993,0.06621887471786478,-0.18666892498572504,0.13621298467206128,0.08535353005060481,-0.12378300394181328,0.028504903837649136
216.0,0.0025301698867679035,-0.03690516392136227,-0.019564948366442493,-0.16831915985114643,-0.06603821020174233,-0.12137418185096269,0.08631866561100524,-0.007382100358268361,-0.03942229606384386,-0.028591513225719664,0.04287375615287764,-0.14731214838567744,0.12340508418974652,0.053899925760089916,-0.11791398404187774,0.030067527107274367
217.0,0.0069693009923744885,-0.05702329105775761,0.02782832155571135,-0.15168633013502925,-0.04508982646944759,-0.12335978649450781,0.05919140856615448,-0.011052051478833804,-0.05357245563201788,-0.017971595010109406,0.019589139278126482,-0.06677518403794888,0.08762427148833153,0.011376052611202904,-0.12603162347234675,0.04433253046612646
218.0,0.011014837644458774,-0.06338255842700077,0.06098740892240108,-0.11405539502571271,-0.021771831329257835,-0.08362790585397059,0.04324999572240964,0.0005659982691517416,-0.06327026516578545,0.0008815870641846996,0.0002320658236844709,0.031311133578556846,0.04372604608082116,-0.02539089493673692,-0.14899145782910414,0.0574080697954119
219.0,0.008109163812124795,-0.04716449157665343,0.07170886765772355,-0.06490447542167965,0.001191539059073658,-0.014435275021831222,0.045045091502072365,0.029225258146215728,-0.06530247732621836,0.01970282916856721,-0.01311963221361664,0.1178922135759063,0.0066652030301962255,-0.04412845550505106,-0.17977368018674295,0.056000956909053136
220.0,-0.007125626208484075,-0.008925289733060827,0.05884517431194479,-0.01443548844144843,0.02351030896878866,0.06083042045546397,0.06344754562932409,0.06969058936566964,-0.06053170925157617,0.02977558064571951,-0.021372685771955044,0.16919888256338722,-0.014215292394882643,-0.04310687846593165,-0.20608752671510977,0.033023872832622994
221.0,-0.034932365561457755,0.040537623956168715,0.030546852320335837,0.029079710976010916,0.04694070888482051,0.11707233659422117,0.09000389862997718,0.1109886978670484,-0.051720351804909304,0.02555439272835043,-0.028852118106016067,0.17511806779646227,-0.018065576834524776,-0.031388771842569135,-0.2140572553208205,-0.00935527945783789
222.0,-0.06896016920068213,0.08415300611795119,0.000960954901411493,0.06050718338309367,0.07345383211250837,0.13887732322474153,0.11227632724338137,0.14059889115406693,-0.04220827387868462,0.00671867714006187,-0.04180366625689942,0.1411962885748279,-0.011707947718476313,-0.02258551776525479,-0.19279853745960485,-0.05998737393628978
223.0,-0.09877022412176374,0.10622049343362422,-0.01587771258688055,0.07794672464965875,0.10237448136994051,0.1261467948689218,0.1180834974973951,0.14973038811526007,-0.03519841221691476,-0.021674244962351354,-0.06525165490121597,0.0837952243303098,-0.005088378945886994,-0.026223553838747592,-0.14041932331427798,-0.10268491810906935
224.0,-0.11442861430177965,0.1001420656935506,-0.010950300654421374,0.08217694293371047,0.12827488289793879,0.09069118188714838,0.09980883590276093,0.1367911129610338,-0.03182892946755908,-0.05084547441455308,-0.1002859015759729,0.022044661755274406,-0.005087159258731971,-0.04286874812753816,-0.06830969112653416,-0.12302740498378414
225.0,-0.11021348950774817,0.07172721762191858,0.017389361619616808,0.07581135425154913,0.142480262383064,0.047095383896518184,0.05777090753737439,0.10719847908269965,-0.0293301897679868,-0.07171750072542261,-0.14344317238746837,-0.028989547052413467,-0.01208080589430537,-0.06560858617872685,0.0016770657570148162,-0.11506703162109616
226.0,-0.08585172634224898,0.03619096399460436,0.06289500487768068,0.062486484586726225,0.13811999670059083,0.004678549145078394,0.0006702670568736239,0.0703344254714708,-0.02256025815382986,-0.07879557609832982,-0.1878551334401469,-0.06166583876765715,-0.02240458157185397,-0.08525344445581512,0.047819645284452365,-0.08386346924764407
227.0,-0.04563671780285669,0.010891457856908008,0.11272823799009106,0.04646435302907682,0.11483259485759545,-0.03461537947830477,-0.057876935726700995,0.036094794764855526,-0.008453281645816471,-0.07209384600327186,-0.22509680322975453,-0.07540798669525518,-0.034320435387894074,-0.09492877196238957,0.06016400336783827,-0.04203916262240263
228.0,0.0032260644509680427,0.007487144876290294,0.15122662852809507,0.032686064908347426,0.07960820388560412,-0.0731644358256494,-0.10540026861258586,0.012468345958923549,0.011088004466724475,-0.055966437301039396,-0.24758033340390648,-0.07399821605707747,-0.05112689807434917,-0.09190974268721705,0.045322312621205146,-0.002966451733964476
229.0,0.05220316344282916,0.026691282947036522,0.16539336224263643,0.02654013199370155,0.04357994935128627,-0.11343966540018145,-0.13606948661334878,0.003503648690811535,0.030591076962593774,-0.036138959093339834,-0.251096768196335,-0.06301412948869978,-0.07832427158107891,-0.07716551672197337,0.022142149699956124,0.024446664860308866
230.0,0.09295614897520449,0.05817387841362247,0.14989344792496806,0.032476099788350477,0.016925536660265,-0.15533927226996833,-0.1520005111654035,0.007306938184157071,0.045132889335988094,-0.017037251268145013,-0.2358859501374942,-0.048414234305096046,-0.11830698447482985,-0.05377839411366687,0.011450425972515275,0.036373232482880435
231.0,0.11862736553303595,0.08648081227183929,0.10921775954250441,0.051802663651973196,0.004660490639795511,-0.19565034188064917,-0.15905289315846116,0.01607560665832516,0.05355479614758747,-0.0006406607578432914,-0.2057709350810324,-0.03480660423139906,-0.16720021775874913,-0.025059571260347833,0.025535007754003452,0.03138491284140511
232.0,0.12441295197232319,0.099954226006024,0.05546638701735991,0.08141709360618131,0.005455070512281019,-0.22908523637981335,-0.16046064503482063,0.01984848440062798,0.05800720435508515,0.013004405373097536,-0.16683423674796735,-0.02299437756729586,-0.21475274656939233,0.006882271586414956,0.0630050335428506,0.008459134656163698
233.0,0.10789751161747813,0.09701980974506826,0.002654689285415499,0.11498810994297591,0.013819019948293989,-0.25005273500980035,-0.15409086783717538,0.011970131740684243,0.06014619814137232,0.024449848297754442,-0.12611722372364206,-0.00942991622235649,-0.24710922313730302,0.04166350636348114,0.11137940711511668,-0.0316129532382224
234.0,0.07026606039928326,0.08617012130166511,-0.038719566618259434,0.14615823483429755,0.024177795786934728,-0.2547035186200884,-0.13571400110217194,-0.007461523023830323,0.05777621204865665,0.03376581796246527,-0.08947100442877177,0.010657308005240083,-0.2531075724773197,0.08021853667121182,0.15467843433400047,-0.08278551112800733
235.0,0.018010120789143554,0.0802557118115533,-0.06395028410257282,0.17161032197898154,0.03439439419494054,-0.24242219005263438,-0.10487961510015716,-0.03181467929291234,0.04601923910237937,0.039961277588368246,-0.059203146441447675,0.038932787494046175,-0.23145271663070766,0.12338303490871937,0.18091085587108727,-0.13239468390263778
236.0,-0.036943218020564154,0.08872830780382743,-0.07370714074913572,0.1919040476054702,0.046468175450979074,-0.21505110255225104,-0.06790647831835106,-0.051145978504434614,0.022505250852958167,0.04092826473156893,-0.03366996061192213,0.07215379944228278,-0.19239808869430733,0.1698882002133997,0.18585871143001986,-0.16434962812164014
237.0,-0.07993020337111538,0.11229157326982397,-0.07249598861495368,0.20946550365687247,0.06390348761898966,-0.17427337021120023,-0.035488496370947205,-0.05690981369333814,-0.008835273996745203,0.034422357393194845,-0.009555375761781136,0.10342962133752484,-0.15149548105922755,0.21500294300256248,0.17238525185857154,-0.16557697431595242
238.0,-0.09808383313593634,0.14286799679321474,-0.06661193125989612,0.22518776689142406,0.08767325630636481,-0.12112361851553123,-0.017391523594929657,-0.046076099336967394,-0.0393948936983563,0.019727824695684,0.014710865848729613,0.12449270201887003,-0.12077335358308565,0.25057806496164087,0.14704455659442542,-0.132472509602249
239.0,-0.0848741018531075,0.1685263319396047,-0.06185665595200828,0.23658548648604902,0.11371823931212774,-0.05951694884438016,-0.018613943122492753,-0.02239558381051747,-0.06094644199228763,-0.0013647437338191143,0.03660768118558246,0.127522002238791,-0.1041495228619659,0.26675937026797,0.11699921868898945,-0.0739845322948839
240.0,-0.04340421727369083,0.18026333554476834,-0.06167180604565509,0.23938526508291244,0.13365789913856363,0.00026804648379394065,-0.03843457469408402,0.005972023754140554,-0.0696086688169817,-0.024755403850170395,0.04981067891760338,0.1065071851781022,-0.09861253325016595,0.25584405384456704,0.08853736188265567,-0.008731111239641631
241.0,0.012881933320601805,0.17685726771000643,-0.06639417574894635,0.2312509365382643,0.138108209595807,0.042831718738960384,-0.07109710719638601,0.030632247132036883,-0.06683126771553978,-0.045247185221920644,0.04728198441962543,0.05881993102245098,-0.098328627369024,0.21707243035006699,0.06594483589167498,0.04315557303376133
242.0,0.06370819909793099,0.16511338002851114,-0.0735919060155296,0.2146514736268395,0.12071523967526464,0.05310297627672663,-0.10787687862054642,0.04580204059541196,-0.058108365204472934,-0.058928058744918105,0.02545386350123489,-0.012650021883002963,-0.09855898552409165,0.1586555686403076,0.050201988342874954,0.06835749457773975
243.0,0.08941842887301486,0.15520007969388178,-0.07902765908638452,0.19706444182586702,0.08118019696671001,0.022381432999348735,-0.140769703812249,0.04821947523159369,-0.050518310357465186,-0.06559862458501843,-0.013108862183306995,-0.09798234994574768,-0.09770433884462824,0.09479089798786146,0.03923733898986028,0.06398001725466235
244.0,0.0791302783867296,0.15404319966700314,-0.07850728329174496,0.18823630786114057,0.026124015659285158,-0.04718646048384933,-0.1657153507645478,0.03563335270379606,-0.05016343248950057,-0.0686996037113811,-0.06013669229331174,-0.1815092664503024,-0.09737861809354613,0.04001648441180899,0.03057242168912482,0.03643940656326967
245.0,0.03557165655437876,0.1616350647772175,-0.07076370970468915,0.19515054140002674,-0.03275394819289768,-0.1408463749231812,-0.18256385477330794,0.006662746841514097,-0.06040743859025029,-0.07202781775901956,-0.10459862480726238,-0.246547176833461,-0.10174117960053959,0.004878437608897977,0.02412007141378903,-0.001999791635022104
246.0,-0.02590857727247011,0.17276258482357007,-0.059690190328332185,0.21688112437433302,-0.0826794112872551,-0.23419361538949054,-0.1922161636680775,-0.0375492792937965,-0.08113710495044667,-0.07584550546947892,-0.1361641569666445,-0.28149746815842747,-0.11684683557630399,-0.00599459616614992,0.022235164725599187,-0.03834276814785569
247.0,-0.0840762123804907,0.1817707214752333,-0.05350373460980126,0.2423429038492493,-0.11421695963459565,-0.3011184579690421,-0.19414650488606955,-0.09202605809993226,-0.1089564494046464,-0.0757342780100642,-0.14769905960359125,-0.2838819664567472,-0.14884924861700424,0.005261696152956061,0.026662657789225084,-0.06470632008472062
248.0,-0.12087457368804329,0.18572725747786734,-0.06065096470898768,0.2524779745023678,-0.12404292169382064,-0.32275889084026405,-0.18609943352341005,-0.14856321668803024,-0.13817787573910545,-0.06514489662684357,-0.13653051963119545,-0.2600766925256628,-0.19964798126924754,0.029491482744154817,0.03528783405272746,-0.08140118117541026
249.0,-0.1277736949862691,0.1835941205633081,-0.08476586973128968,0.22638855587312243,-0.11501330091417551,-0.29243827385125165,-0.16496550079347588,-0.19774969295275954,-0.1621716184219014,-0.039838529195643596,-0.10457820976240853,-0.22127603009914787,-0.2613751638991937,0.05180545198870668,0.04246297202384875,-0.09469557708046243
250.0,-0.10678930024939264,0.1731021634107182,-0.12106954262757481,0.14976711318210043,-0.09415807277369363,-0.21516506261272952,-0.12802788123716052,-0.23088101848911696,-0.1745451375427848,-0.0015264277015404166,-0.05759251465174917,-0.1782788832124124,-0.3143386408397158,0.055046076304500036,0.042926849973756495,-0.1110934800460803
251.0,-0.0674127488673026,0.14925810936134945,-0.15619184975969921,0.02274984795367601,-0.07021341854516797,-0.10414694890830073,-0.07512771957131621,-0.2410380594494544,-0.17001596008506606,0.04153517211687342,-0.0036965905817603756,-0.13770208579330553,-0.33232341015531464,0.025137258359312183,0.03476007953559406,-0.13221868444611687
252.0,-0.022164446611109553,0.10664520713460816,-0.17348932676832057,-0.1366741476069132,-0.051565599774163175,0.022565302763107635,-0.010868425870162986,-0.22426040397116515,-0.14547383122929927,0.07768350171711173,0.04899823020835363,-0.10096591905940246,-0.29380102394678903,-0.042586357375013484,0.018459567366459408,-0.1528089527321645
253.0,0.017391193154895537,0.043600985535683145,-0.1625253145949718,-0.29652030588279343,-0.04432137727140206,0.14441276003777948,0.055577368023232696,-0.18167258186399815,-0.10183110905017138,0.09662198896167802,0.09481874264684349,-0.06609425994016273,-0.19278502683407542,-0.13857357397796394,-0.005037381933406768,-0.1620606571599423
254.0,0.04345991886840957,-0.03535516413834494,-0.1255630301490158,-0.4214609518500894,-0.0503842972311744,0.24093025879955945,0.11360945431628217,-0.12105371997477306,-0.04580389317136184,0.09279328059971713,0.13079669670459815,-0.0309865532722299,-0.04320843035436311,-0.23985109264123458,-0.03362517068522429,-0.14782963149503237
255.0,0.05334400621794832,-0.12016556553079605,-0.0751239178564677,-0.4859157047132187,-0.06623083876367307,0.2958787149638706,0.1556423464080882,-0.0550510039300432,0.010803177927636525,0.06677114154459735,0.15512199209350194,0.004172321842246509,0.1255284068201972,-0.3179683044973854,-0.06157217491033469,-0.10219182746598961
256.0,0.04902319979571719,-0.1978679619959983,-0.025620931201059526,-0.48306032370470947,-0.08325440719806984,0.30273771522788406,0.18071832249796319,0.004263372342124912,0.05545495926859917,0.025523863405658206,0.1672411258080438,0.03684386706790451,0.27974742820730547,-0.34977986014619034,-0.0792389495243745,-0.025051957600525844
257.0,0.03519312564341242,-0.25610712383088396,0.01311005049106425,-0.4251739543349735,-0.09009594067288816,0.26918197823159007,0.19478763070418476,0.050758806241727635,0.08047428574631692,-0.019215795127290783,0.17020319908397522,0.06370730275450444,0.3935997488134427,-0.3247514541451837,-0.0766533767629766,0.07608035447933831
258.0,0.01681964154285234,-0.2864304072386458,0.0368480286850158,-0.3362954509125256,-0.07666739878679986,0.2161569789371813,0.2066896935800152,0.08510363587418811,0.08582971463258124,-0.05518523451419309,0.17096446839235283,0.08190607075467925,0.45536734788680533,-0.2468616509866751,-0.04888341552986474,0.18819644377324943
259.0,-0.0024187168656877485,-0.28592280889717303,0.0450454826270121,-0.2423901041040631,-0.03879408418757456,0.16961357934199353,0.22265764694093,0.11066355066942668,0.07757344799508148,-0.07410230668029799,0.17618801235096196,0.08905838684278632,0.4657961682383559,-0.13322307103043676,0.00036896044248270276,0.2949581788831601
260.0,-0.02029788731912102,-0.2570734773083418,0.03965650933806834,-0.16364339301961697,0.01861496150974373,0.14921567102233588,0.24323268291574168,0.12863217526215923,0.06395415567203465,-0.07359262501479132,0.18717670728137106,0.08332293327753532,0.43305853668079763,-0.01040035196556102,0.05956080230049412,0.3797257163549978
261.0,-0.035527114192903275,-0.2071199730731046,0.02552017302160029,-0.110570496008721,0.0824509763151874,0.16029605399340485,0.263880960343929,0.13686281025210195,0.05199112609083632,-0.05656851115561036,0.19879778460302344,0.06486147091393324,0.3698139637407304,0.09289729978084289,0.11445539441233252,0.4294629975090989
262.0,-0.04747489142124833,-0.14702630376251286,0.010085780509587288,-0.08381359818117456,0.13670440030740832,0.19212158009940902,0.278260799864083,0.13262271248780744,0.04544393518865249,-0.02935089955904633,0.20314042287800663,0.037499734822782425,0.292337503685126,0.15594177717418123,0.15424033473804682,0.4375001153735039
263.0,-0.05624850070375812,-0.08910972564594288,0.0008642822297895133,-0.0767168827036095,0.16885758247819024,0.22351423031595435,0.28202341692356864,0.11614370755978697,0.04401163003710166,0.0008495246824506463,0.19519101774423903,0.008340201863366283,0.21814867625171586,0.1735370193652905,0.17433822962219808,0.40417316170322415
264.0,-0.06236246379915351,-0.043692470071905534,0.001977385941347606,-0.07915204031198059,0.17369356815264453,0.23425124347741996,0.27470666642035463,0.09239618823263406,0.0443960950312742,0.02800904159833514,0.17683246826962512,-0.01486387673459621,0.16111996798229272,0.15579903782720594,0.17517559618675346,0.3362590166374796
265.0,-0.06552510423313003,-0.016706126191978733,0.012412029551584285,-0.08110439780524899,0.15386649802815364,0.21504399756137843,0.25867680495002404,0.06996302915703094,0.04337942558456638,0.04752901546827857,0.1563467173729557,-0.026895490502553455,0.1268579495780297,0.12084164089500964,0.16000217169991274,0.24567291775004774
266.0,-0.06356542744920556,-0.009287700820766598,0.026993404072685776,-0.07531828865902163,0.11819396840001614,0.16899141024246517,0.23662868532831757,0.05714526768999085,0.04061634753713662,0.05520461775862385,0.14377863960108725,-0.027151381260740917,0.11140931266881618,0.08556636406341933,0.13408775100535814,0.1468728215588706
267.0,-0.05319860297852747,-0.018758958025831725,0.03919853095571837,-0.05886463466136966,0.07804648397254037,0.10570512060285864,0.20983119266855274,0.05757977222881754,0.038669469785503986,0.047350021450235175,0.14559186496856147,-0.019534327903058316,0.10436216954517873,0.05934470083568198,0.10406620853389595,0.05322378816437573
268.0,-0.03261145920653598,-0.04009869506288305,0.04433123524181715,-0.03343634266117218,0.04278541118863936,0.03503660676584849,0.17750433861164622,0.068212430883288,0.04056257841078355,0.02305261971291867,0.16154814719856755,-0.00998067632997543,0.09519992532892523,0.04264616846388082,0.07540908239612057,-0.025891799532816867
269.0,-0.0036835753699193136,-0.06715443969630268,0.04137672403947905,-0.004256861682205649,0.01670549063553652,-0.034663449521959135,0.1371521188734818,0.08063089390386942,0.04702960509801852,-0.013559801481318478,0.18441116286300552,-0.0027960740567160116,0.07910067682320585,0.02996758199684076,0.04949940889869175,-0.08537462482239623
270.0,0.028123570211449532,-0.09312368827815258,0.032070632910236645,0.02196194938112663,-0.0009606505257313963,-0.09464473933612005,0.08691773710542412,0.08515817327332463,0.055451453749544875,-0.05357759395035557,0.20217857746360696,0.001987614043036891,0.05775045079265901,0.014662705776282196,0.02402349130162694,-0.12227507040360859
271.0,0.056090767649674696,-0.11096293173908188,0.017737558298356108,0.03917013498540482,-0.014032408095238483,-0.13554737858345595,0.029561169417677693,0.0757040429526092,0.061141501871278627,-0.08615542631191103,0.2023322434623713,0.008244163927860308,0.03519746239169236,-0.006948886992759789,-0.0032859916425562056,-0.13393656668423531
272.0,0.07495398987285921,-0.11462703764311793,-0.00297465658558872,0.04354970959072596,-0.027089510181584533,-0.15162832626127518,-0.02562496918605161,0.0524386278154601,0.05988161097172869,-0.10199518995781394,0.1770463981364298,0.020487027640912005,0.014088805712635563,-0.03366406304741577,-0.03190137453445524,-0.11917928420703332
273.0,0.08209576673669622,-0.10077164968254824,-0.032757544099113314,0.03439536376999574,-0.043418369563391734,-0.14481193454715896,-0.06582517876966512,0.021048223620530635,0.049790513997996624,-0.09571940568582689,0.1279316450352046,0.040294644606229675,-0.0037049416140235987,-0.059683198344825626,-0.059127225020225084,-0.08180841994815587
274.0,0.07698271812014068,-0.07006083283357928,-0.07186550447090542,0.014497956489425765,-0.06345269332304339,-0.12328942857176456,-0.0811960477150784,-0.010276269362310634,0.031500227938465644,-0.06688116033505799,0.06804627282675345,0.06498656803810769,-0.014671463392536185,-0.07682258598257105,-0.08189774873391446,-0.03251982211607743
275.0,0.060473799984940145,-0.0276966367486855,-0.11578157888042205,-0.010264880834997008,-0.08453049280134993,-0.09644205073028438,-0.0707215665155404,-0.034393834001087226,0.0071768687995206895,-0.020234139332780253,0.018243059450169286,0.08882172379341421,-0.014383721890091072,-0.07855479105722314,-0.09760064286495436,0.01388138385983443
276.0,0.035302034782553546,0.01733444587671725,-0.15619103871669138,-0.032621909374511565,-0.10208767763848503,-0.07083901486279338,-0.04360253082727773,-0.04764470015187378,-0.020282398174250205,0.034549458764088666,-0.0027427145751609955,0.10539834596248696,-0.0009624733055620834,-0.06430432791028877,-0.10461855656582625,0.04510225299944846
277.0,0.006809952562341936,0.05463761161274119,-0.18379971081995525,-0.04641955536105247,-0.11114485905840005,-0.048603443064352304,-0.015003055542032986,-0.05017405928788847,-0.047255950172712446,0.08427694477200638,0.01019130068141881,0.10995122724671064,0.023513264198853055,-0.04066355297812974,-0.10318613834733083,0.05719311135227606
278.0,-0.01805887388799192,0.07537195933643104,-0.19141128749985872,-0.0486732557604349,-0.10747414382446394,-0.027895176652807073,0.0010174424746759152,-0.044799622502179955,-0.06929630545608041,0.11545889532238678,0.043618855975309664,0.1006639618139919,0.05488245106500027,-0.017625966034887027,-0.09546044678651555,0.05490196447763659
279.0,-0.03372565623953539,0.07437425453276018,-0.17676299700983766,-0.04031480929757366,-0.08913415345506151,-0.006031839394638544,-0.003278198663507796,-0.035579949526787356,-0.08175918612243183,0.11908765833266922,0.07221876215113258,0.07872041862632782,0.08854032915173517,-0.002459854807477851,-0.08438863526847289,0.04678662135284613
280.0,-0.038493468111769805,0.05148578883372055,-0.14394794549785503,-0.025707650678713313,-0.0583491741356156,0.016710485311040052,-0.02804990274467974,-0.026409343558678206,-0.08122004162694332,0.09488504928219027,0.0727678613829978,0.04784619984670598,0.11901804036348243,0.003259766888816518,-0.07245535985889735,0.03975641436040125
281.0,-0.034133219468764645,0.012424708143326383,-0.10199684634457623,-0.011348041997185419,-0.022119765681337146,0.03712798825930909,-0.06722078655451502,-0.01954772104784751,-0.0670466451268731,0.05205484208699699,0.03569212013178175,0.014301591199147428,0.1398188674584073,0.0012042751696083012,-0.06083828265892306,0.036527555448803165
282.0,-0.02314618847912954,-0.031879242504551035,-0.06109013641497151,-0.004024380217747542,0.009567227363067381,0.0537315451061125,-0.1106641345401525,-0.014326254216771537,-0.04184078122945747,0.00505537174101059,-0.031940789928385435,-0.013228556695880604,0.14588997201898948,-0.0075196773345288055,-0.04864479241341856,0.036008400200179425
283.0,-0.006999998866797176,-0.06846493306742672,-0.028514548173372033,-0.008669378166148099,0.027194755565557005,0.0705871029075177,-0.14690357427832082,-0.007060831422634307,-0.010008037103167958,-0.03359723316399204,-0.11099013843667299,-0.02558306832542892,0.13735767606978241,-0.02253988924072639,-0.03294711378459032,0.03524186841018784
284.0,0.012883202556868647,-0.08701122545002005,-0.006307739053436132,-0.026406131355727933,0.0252216132385821,0.09501066212302663,-0.16613177002004764,0.006731844116409783,0.024028177159007957,-0.05845129144592036,-0.17836696156466836,-0.017064124251238936,0.12072145312294448,-0.0413837547236936,-0.010995095626997478,0.03150039863595105
285.0,0.03345616141722912,-0.0836834802625111,0.008527380486099129,-0.053778931850959874,0.004215939320613798,0.13082451335599357,-0.16280525417686392,0.028707535306840067,0.05609444105673869,-0.07030115712947474,-0.2153803355004491,0.01114906975890531,0.10589656276439471,-0.05869879908096196,0.01622255387915682,0.023384608998967507
286.0,0.05039880371538633,-0.06241735097459781,0.021833555925073606,-0.08394678018170573,-0.0293783099855733,0.1741867532412763,-0.13749282597633647,0.05531117989627784,0.08177960589786316,-0.07107776486487202,-0.21396354000647663,0.05076115572909505,0.10096113276823997,-0.06986662461563008,0.042368249844605174,0.010639908944558909
287.0,0.060119052597010586,-0.03348121629393626,0.03982698883903903,-0.10899008644240554,-0.06572539040339895,0.21575631497586278,-0.09773566185583842,0.07824593071929109,0.09692819306058915,-0.06010576423140553,-0.17911257945156236,0.08951381156430187,0.10731613700535145,-0.07502024870857803,0.058419060533480886,-0.006364196076139095
288.0,0.06118295490740713,-0.00994600138768373,0.06724749124446926,-0.1215762536410288,-0.09472602185056188,0.24598639754894908,-0.05669138144282175,0.0874701033412406,0.09900485186681758,-0.03524292247521118,-0.12692623766441608,0.11593774884635459,0.11743284553594777,-0.07826023218376904,0.05823620337064091,-0.026124726182437438
289.0,0.05430596114856844,-0.0027818030704704943,0.1054992182803657,-0.11589471868117557,-0.10845483849924033,0.2585504779909923,-0.028591509480025916,0.07555431152644751,0.08827838603462806,0.002888111464630956,-0.07873918605432839,0.12356751834495405,0.11690909554086312,-0.08243186611292988,0.042779021891756586,-0.04481922117021488
290.0,0.0416193096007729,-0.016382280829353873,0.1507466798561206,-0.08931841503799118,-0.10314551535312905,0.2507313221109564,-0.022477236441776353,0.04156037741981961,0.06828509613586721,0.04794810732648927,-0.05279810613506789,0.11293481314361299,0.09143327232528602,-0.08474092575893191,0.01937378661598164,-0.05696227596997642
291.0,0.025840733126905942,-0.047077039097979334,0.19399279481508988,-0.044836260256240726,-0.08065027799005418,0.22275644104181858,-0.03789620823346267,-0.007829575990550989,0.04513864304714575,0.08886268457252333,-0.05669418688649099,0.09049702653958908,0.03624135549662828,-0.07771225424405406,-0.00331645216433239,-0.05896903636259925
292.0,0.009436303319815764,-0.08545462659822767,0.22470960068701845,0.007973207059792537,-0.04792352467736922,0.17736908122497286,-0.0654959197281965,-0.06089198839391135,0.025502145501692636,0.11403644171463591,-0.0848763151750549,0.06512383806537325,-0.038243629729065615,-0.05504689103376246,-0.020117363991013125,-0.05264834096864208
293.0,-0.006112883575367792,-0.12077094157014671,0.23614634680479685,0.05542182318568142,-0.014063208545557222,0.11924340286331822,-0.09213369726251762,-0.10552023855570346,0.013964337682567293,0.11605667727016274,-0.12291480425527057,0.04422746433278839,-0.11012871397475645,-0.017146483218170375,-0.030208894162701647,-0.04487048866366592
294.0,-0.020630162330918363,-0.144901510490032,0.2287277566132146,0.08507383519723008,0.013413232228158115,0.05404816497021492,-0.10745019046149097,-0.13301446928433963,0.01093639398081946,0.09435607515362106,-0.1552816421363617,0.031585147796682034,-0.15731317179068124,0.02850345182243816,-0.03458611310748188,-0.043312847228992396
295.0,-0.03479451176502298,-0.15418558677909658,0.210063606563429,0.0911313706460255,0.031087768029119382,-0.01216963257681376,-0.10831408353067495,-0.1394816510131694,0.012218458966530886,0.05501110666282389,-0.17122809084296525,0.02732009227180382,-0.16836799353267412,0.07148671392027045,-0.03362866073606039,-0.05162248961168222
296.0,-0.04869156617962662,-0.14906283246049862,0.1923120578733813,0.0769264742377283,0.03997438599345392,-0.07312373453719707,-0.0988946771531599,-0.12589685341191176,0.01154298735672745,0.008527025734490552,-0.16579011451728506,0.029182323966010098,-0.1464352327185396,0.10305757649996386,-0.02731252120670711,-0.06745054258912588
297.0,-0.060016031508193346,-0.1326727650087615,0.187668161915269,0.053341585762531805,0.043690771332696235,-0.12280648817235447,-0.08710562479042593,-0.09800959329732897,0.005526700761888794,-0.033061318080110064,-0.1375264339611727,0.03412211926225154,-0.10529287004473999,0.11858268345686522,-0.01743241799665083,-0.08442459713951322
298.0,-0.06392035724821217,-0.10962264807148944,0.20271525438260246,0.03386241873550417,0.04553141838612726,-0.15699544185700376,-0.08016456314758255,-0.0648967893614976,-0.003034098649728293,-0.05897133713437029,-0.08710961895422112,0.0395866307028392,-0.06140528862216601,0.11760088624042801,-0.009253006430703772,-0.09627308112025251
299.0,-0.05574319350675237,-0.0851619082348391,0.23377393087136852,0.02853824671900549,0.04614955035820312,-0.17536308260633693,-0.08118141650523104,-0.03516271972662302,-0.007258028654449605,-0.06232119791201643,-0.01884214166573181,0.04419521713101111,-0.02710054487562194,0.10239146471959466,-0.010897799137690792,-0.09999505998527446
300.0,-0.03458510671797029,-0.06433903785158845,0.266590494442705,0.04001755942782242,0.043296339909333466,-0.18283639811123995,-0.08775370747225537,-0.01320370523626632,-0.002106789776260572,-0.042727754578377845,0.05727718902115339,0.04735898682779091,-0.008203962750548927,0.07674920334334524,-0.030615463099664994,-0.09631423991794413
301.0,-0.004450772535083122,-0.0508986697737063,0.28228237146047125,0.06363123776287936,0.033768668367329883,-0.18811728090163096,-0.09365425391506771,0.0015009745980900865,0.011154130381953276,-0.007636067468903041,0.12676538788984792,0.047962929960878774,-0.00572988287497385,0.04593558899503552,-0.07282065105298004,-0.08822585427343327
302.0,0.027451948462406506,-0.046298002288369326,0.2670428438483815,0.09058969124501237,0.01606961146283882,-0.1985442356077203,-0.09306702678119534,0.01237500894328239,0.02537596524729611,0.02968209983044236,0.17555599661044569,0.043402303276460996,-0.018315331637287054,0.016421118847257853,-0.13443271511431165,-0.07953039859773059
303.0,0.05316600261344086,-0.049415722891103186,0.21930733476289835,0.11174639679885502,-0.008038136490190247,-0.2143607127656739,-0.08398907636073975,0.023174597199173936,0.03178908600735107,0.05563092020056737,0.19503990171388594,0.030284364829160512,-0.042561862507561145,-0.006088944498886931,-0.2038374999894418,-0.07423497367228885
304.0,0.06596549610588137,-0.05674876554936041,0.14951883279070982,0.12049286720508062,-0.03374607656293793,-0.22734912539870977,-0.06780596713905694,0.03625527503902188,0.024678674043872594,0.062497336893034355,0.18373638674376966,0.006577065689395109,-0.07164626868861489,-0.019090384286014554,-0.26393735612779046,-0.07592758147780139
305.0,0.06201401681885212,-0.06249571991891834,0.07356455733702616,0.11473617680493596,-0.05478730295005339,-0.22500593836317798,-0.04624707299493912,0.05202619224274462,0.003934872043205921,0.05152987508212734,0.14533537841137645,-0.026424908778772852,-0.09542907301993508,-0.023645605944936875,-0.29806998678480945,-0.08578394818969934
306.0,0.04159644429081043,-0.05912528746627248,0.005551476910133232,0.09753314178930732,-0.06569696146656191,-0.19669769363946457,-0.019691452119404693,0.06914335925098158,-0.02503841030777647,0.030857664917067956,0.08585018937939959,-0.06383782664667897,-0.10424522773901013,-0.022237105258545775,-0.29565390466527736,-0.10006808213744106
307.0,0.009383204273188436,-0.039908276477281714,-0.04551891090379986,0.07558384803712037,-0.0638631726284289,-0.13793415853496194,0.011682857026257272,0.0846837577991361,-0.05351928744764809,0.00991226570421876,0.013021934337159894,-0.09861503338824182,-0.09382336182207326,-0.01628909785031185,-0.25510198309654347,-0.11003542282764607
308.0,-0.026522687132852222,-0.0032573131181123506,-0.07561479771393625,0.05613660565902306,-0.05026898954033719,-0.05141667304447242,0.046267675437749185,0.09445848345755713,-0.07317509764733121,-0.0055314604983548255,-0.06203854289761633,-0.1233711720258545,-0.06695073235075652,-0.005678182668036377,-0.18347365164870458,-0.1054105157746513
309.0,-0.05666856850182229,0.04407149351604779,-0.08504472848216778,0.044199999327549366,-0.028436564232583703,0.05391410479061404,0.08087208387084488,0.09448072043017484,-0.0801827844714949,-0.014808942560375338,-0.12459399858839278,-0.1317176680125329,-0.03104174727253281,0.009768418547349946,-0.09370968131791158,-0.07926142187064003
310.0,-0.07310931151364283,0.08826718498433604,-0.07816337301688653,0.04120894884734071,-0.002518472666371069,0.16357452563663835,0.11142051711817225,0.08364065952020402,-0.07720740986271381,-0.020403608396699545,-0.16002362412019325,-0.11948130654755483,0.00616718323363689,0.02872946942585653,-0.0010058376607325844,-0.0314940362939047
311.0,-0.07213159996498222,0.11429583316433652,-0.06226342843142696,0.04489293141568198,0.02394178050980998,0.2579032518015085,0.13362885141395794,0.06559123894798712,-0.07120925694747375,-0.024692666494957913,-0.15989770564660136,-0.08640528897299003,0.04011018634498792,0.0479580695725138,0.08037357509096599,0.03003160784281507
312.0,-0.055606649994261285,0.11257805628205139,-0.04535858203320328,0.05030875764322347,0.04814512686931477,0.31493286985837476,0.14371561880153896,0.04753628559215742,-0.0688750788133959,-0.028011939634489832,-0.12626005482236066,-0.037559344485077216,0.06972311283198827,0.062444015398082954,0.139388076479061,0.09064310826276223
313.0,-0.030307463417258936,0.08267117823432193,-0.03367377388671345,0.052133238230558834,0.06784522351532513,0.3176209945419087,0.13918029704117707,0.036348801595212164,-0.0735262550395675,-0.029168909471576226,-0.07089012223047719,0.017345831686859266,0.09487329006671451,0.06627206217870907,0.16926185439134303,0.13230290130327851
314.0,-0.005403645743328026,0.032855921746216064,-0.02967109388221547,0.04700077313046642,0.08135965253163172,0.26270661084562213,0.11927855780874928,0.03515256144898708,-0.08464288431759866,-0.027201710933162596,-0.009862237149060418,0.06696749485079562,0.114092038318382,0.05538881784601077,0.16720894749180534,0.13923254830355025
315.0,0.011078982750274071,-0.023294250084440183,-0.03131380302347125,0.03462657735171458,0.08756273258375763,0.1648263298253045,0.0847653332802596,0.04274592295329056,-0.09835447467116173,-0.02248837103644648,0.04271860340981681,0.10147479890126555,0.12422613239902965,0.031539853004844284,0.13423272827998747,0.10408206014531995
316.0,0.015364639458388465,-0.0715476454312515,-0.033100950514070325,0.017802176542581552,0.08584238785423584,0.05155307820136463,0.03717498740287776,0.055363655788969526,-0.10821299178556987,-0.016387507336093808,0.07821466220931123,0.11421908124961908,0.1208104122502111,0.0037963487307805114,0.07631275356475267,0.03167330504681406
317.0,0.009085831105960751,-0.1011682204548793,-0.02874766875459906,0.0014005840115550294,0.07619073823262812,-0.047794511289011854,-0.021187396466158817,0.06854745373222804,-0.10731326988738964,-0.010054633413851924,0.09367510320984146,0.10284885466333474,0.09920691943501107,-0.01505479357419397,0.005065795637546558,-0.06158102632511284
318.0,-0.0016101993964676281,-0.10742483600420899,-0.014591180199017919,-0.009701286771245024,0.05917787671121423,-0.11239534623565045,-0.08582610379257369,0.07767922125402138,-0.09147359531479768,-0.0036369636280966576,0.09013868513855128,0.07081145878250826,0.05799100152279278,-0.015539085952838351,-0.0653507786895353,-0.15200858069870937
319.0,-0.008191351988543937,-0.091613926081606,0.00772659763895524,-0.012897805963935223,0.03590753422580281,-0.13510689830046188,-0.14825458414592693,0.0780599162126378,-0.06076868792203299,0.003863477699256129,0.0706375047309845,0.02782176537145379,0.0029279374436624148,0.0031778620273780495,-0.12330247844706708,-0.21506717602386508
320.0,-0.0029289591912076917,-0.05884092865671594,0.03086856274450272,-0.008991420572553997,0.008536242692700905,-0.12278804718169965,-0.19599747099246487,0.06628282168349481,-0.017918153153996426,0.01432872328450413,0.03911615472425008,-0.012601068073148614,-0.053010788478236245,0.03322863793772899,-0.1608371028585246,-0.23228873822859739
321.0,0.017354776655500552,-0.01549344819410729,0.044518568538761225,-0.0015961335245949773,-0.019011372207524045,-0.0926115828944048,-0.21568789880564004,0.04262561260078706,0.034117326878481076,0.02958752873856977,0.0004771445396080033,-0.03809510674947052,-0.09494731430141316,0.06219408194367514,-0.17034947667526837,-0.19720418645775617
322.0,0.04916208495361939,0.032117534946355976,0.040355404912286875,0.004972648241794851,-0.04126077296770374,-0.06534836152751332,-0.1981084776885644,0.012188987524215983,0.0922887871381443,0.050048670943391306,-0.03903394602163779,-0.04240136112859406,-0.11302825532280783,0.07813597306629234,-0.14343696527153735,-0.11830178152850876
323.0,0.08354653046077534,0.07842729480115841,0.0167065674573076,0.008172532482697505,-0.052618107075668774,-0.05801564957309971,-0.14221552789734865,-0.016867379767348926,0.1518265267915505,0.0742260001386976,-0.07225873792576443,-0.027634177459905433,-0.10656640586610254,0.0734629706452469,-0.0761677538652031,-0.01731076626774965
324.0,0.10977261913472947,0.11917606310270558,-0.020169454403017397,0.00831667013203132,-0.049237948078569495,-0.07835747256845638,-0.05629584101667588,-0.03726504264674637,0.20547332334582874,0.09956741822297593,-0.09298043873342797,-0.0026311708196179373,-0.08339514714536135,0.047183584811421854,0.02378134928429292,0.07760732141729831
325.0,0.11942165494781962,0.15160760755296135,-0.05913282828362929,0.007644609857239963,-0.030395656569998496,-0.12218329672567853,0.04323850977927139,-0.045877400314415284,0.24461759333727223,0.1233781216224718,-0.09831496717207551,0.02169273698364892,-0.055223450371261536,0.005542785506957837,0.1355160355450626,0.14186683512971276
326.0,0.10954302419445439,0.17466122688582153,-0.08912838854373858,0.008516915070535007,0.0010081064668616697,-0.17389468855895368,0.13525418525109045,-0.04402445122018338,0.26166557295098436,0.14287477430888354,-0.0896596224154617,0.037511454270999146,-0.0317963521156923,-0.03907651488493072,0.2308280255014929,0.163053516584756
327.0,0.08351480414638232,0.18949003706227957,-0.10278358233888735,0.011968809741416031,0.03871436493943939,-0.21111855860733453,0.200172762138686,-0.03568649336071935,0.2529325280867382,0.15494447246450663,-0.07157941883449054,0.043092830244708766,-0.017034058054212084,-0.07177582450139335,0.28413186474041524,0.14326161011779848
328.0,0.04902923628624369,0.1988986025566813,-0.09770662603369333,0.01697623039366854,0.07427592320544005,-0.21392132305289377,0.22683880981769503,-0.025889054163477178,0.22102240803543627,0.15680646491954964,-0.050337568761132406,0.042113970895175705,-0.009322730763815113,-0.08162653121148558,0.2818216596962426,0.09483668099616792
329.0,0.014840995978190144,0.20461650497967263,-0.07651920362102324,0.020593412722739544,0.09929330635286013,-0.17525017633360102,0.21536399956502275,-0.01946731105494273,0.17518753166247686,0.1475606586160548,-0.03298837923580052,0.040085447050849696,-0.005620340925554382,-0.06795188977151667,0.22728933183176275,0.03422086117098108
330.0,-0.011498731058723555,0.20456520648067636,-0.04609661088536869,0.019169282883237476,0.10801184681882048,-0.10589585283680591,0.17464494776581685,-0.01941869202865585,0.12864933990418367,0.12895928757243352,-0.025718974725677864,0.04042008877298881,-0.005930968062612891,-0.04106270406298971,0.13954396275081962,-0.021904192902112048
331.0,-0.024844909648983178,0.19356556607127517,-0.015703507400336124,0.01029815055932724,0.0989625894438245,-0.030293143862350262,0.11742475651568082,-0.02576267032553439,0.09337782449745527,0.10403812039473331,-0.03146068626336445,0.04232940956490926,-0.01469383138189829,-0.015975219345969405,0.0459092525641594,-0.05862137559412497
332.0,-0.023665719248328027,0.1679737735779836,0.005343385594415827,-0.005520258846172909,0.07503436116070869,0.024042542762798,0.055895591932669936,-0.036308086964877556,0.07500508645080295,0.07459361853590743,-0.049237127392040655,0.04138887205007529,-0.038486710612840695,-0.003967229244754829,-0.028377502844176495,-0.0655158759326633
333.0,-0.010849529963671424,0.1306711010827053,0.0094498478395428,-0.02458205353430465,0.04253169542410379,0.037690344406283965,-0.0006423279186685177,-0.04835077528427421,0.07097916875843072,0.040015085621116345,-0.076113968743763,0.032321067738831456,-0.08153313907552681,-0.007905103603762544,-0.06899644781483244,-0.04022420818611814
334.0,0.007055138753053645,0.09149779553602645,-0.00784384539922527,-0.04135020224381187,0.009861754922484565,0.006601180099083932,-0.045684020630609314,-0.05919526029553783,0.07239256535736942,-0.0011968806196310591,-0.10934868896317983,0.012207854992248236,-0.1415685273305055,-0.022938251170238746,-0.07500263065797705,0.009843981803685908
335.0,0.021979062151983256,0.06168178969879398,-0.04657841217743894,-0.050807136761203534,-0.01437089235324967,-0.056805713824137266,-0.0742777974417864,-0.06580910535672718,0.06777120197244038,-0.04832399788570927,-0.14628049358354292,-0.017981548758328133,-0.2085277366474521,-0.04062397634983335,-0.05403655202116183,0.06979081266338678
336.0,0.026693344253147653,0.046737739263760576,-0.10208002912602591,-0.05060241719292106,-0.02413253175039969,-0.12884868303441707,-0.08271188884302436,-0.06566594101369015,0.04750570235419082,-0.09634196669260367,-0.18218765593465122,-0.05411004085680702,-0.2667199526006805,-0.05396540224449687,-0.015057561180985113,0.12313774498137851
337.0,0.016709484043105235,0.043975424386643876,-0.16585910460982506,-0.04195153607567768,-0.018542136639281243,-0.18370162053096853,-0.06957204249741078,-0.058925619465271604,0.007914908598143266,-0.13685459486645143,-0.20860474057551903,-0.09063496229113444,-0.2996708129677402,-0.06078196813140709,0.03566558652072271,0.1581622679182062
338.0,-0.00827380452752096,0.045930963238649876,-0.22684800743642458,-0.028918023145699544,-0.0024282553891182643,-0.20232431985033753,-0.03683350613242224,-0.04976443469517756,-0.04654534911225128,-0.16160255970592158,-0.21488331001732947,-0.12199163787253343,-0.295781888928782,-0.0634659849423865,0.09376368740611031,0.17070484774986566
339.0,-0.04351248301793056,0.04567396086374637,-0.2728280348214461,-0.01658973451779308,0.015746049124656235,-0.17817420866507644,0.010004730958880673,-0.045015918523953216,-0.10417146901595561,-0.16612663915840079,-0.19351800851849923,-0.14320579412535986,-0.2520057159843654,-0.06577423409178478,0.1535223148710881,0.1625184834522066
340.0,-0.07983335064899236,0.03972445779983955,-0.2924922177768191,-0.0091032932990413,0.027273952063257924,-0.11906451964487194,0.06252319460206553,-0.05055305297703513,-0.15026616083015432,-0.15160484620535353,-0.14587158176559506,-0.15046058670479712,-0.17419305322372755,-0.06959953506334154,0.20592838184706186,0.13818524040011107
341.0,-0.10653414162104892,0.028095382058404703,-0.2783039414868341,-0.00831987899432431,0.02622751763385353,-0.04446863985669697,0.11047960216691385,-0.06775337887184311,-0.173314705230772,-0.12469693860617208,-0.08331511257766785,-0.14231533086367193,-0.07525352694869093,-0.07405912519138248,0.24074122804068837,0.10378782101234431
342.0,-0.11587866439964947,0.0136978111245001,-0.2300054823134078,-0.013523922353412422,0.011439863403756705,0.022782119727146607,0.14380069573415388,-0.09222624367775746,-0.16977648550048613,-0.09596469217388781,-0.021921963721416166,-0.12093157016074374,0.027681927712899526,-0.07662221451043869,0.25138303977083815,0.06695990446114514
343.0,-0.10668711412109942,0.00248625059000256,-0.15713097260838177,-0.022027889528868746,-0.012813334689636469,0.06712812935397512,0.1554816413423834,-0.11532301268521043,-0.1446917101939377,-0.07681770801707907,0.025825164285649405,-0.09210829107065674,0.11665687172251972,-0.07449946617695549,0.23828322012416497,0.035663132845769885
344.0,-0.08431612190911045,0.0030797263114883742,-0.07734326780156912,-0.03019499430662425,-0.038035030445656606,0.08605173417999123,0.14422137843748584,-0.1275791214445998,-0.10825596233333146,-0.07525708860298409,0.05603008979702344,-0.06393468138941483,0.17612089588022187,-0.06544809442640122,0.20799821504991828,0.015330411844149834
345.0,-0.057031442155557104,0.02368642657804948,-0.009863486780243791,-0.03441036750146749,-0.05487753073160569,0.0877649603310057,0.1151477801701857,-0.12258707616775408,-0.07093065870371522,-0.09237216573833887,0.07150357398862803,-0.044481623855713366,0.1954266208484858,-0.04837412557811416,0.16905570298507602,0.006960912604601446
346.0,-0.031996831131090815,0.06688369099190915,0.031843957656353394,-0.03210308171630926,-0.057590512741856184,0.08406446528739406,0.07786482736513642,-0.09963489071973208,-0.04003478391582193,-0.12187378148244461,0.07580884342755023,-0.03910741655907308,0.1709029547194304,-0.0239702621498178,0.12747626357686961,0.007515074116112832
347.0,-0.013560757805314209,0.12611435989507186,0.04328572141585295,-0.023086131363367218,-0.0471967858377742,0.08308074319766383,0.04259604020802845,-0.06391251168081181,-0.019201944913884328,-0.1529516009433156,0.06975552872666002,-0.04861954730968418,0.10755841337828297,0.004907484525402065,0.08525257432336564,0.011424135074542865
348.0,-0.0032536212021352247,0.18692847764214918,0.027683129906987257,-0.010293211681445898,-0.0312304056374879,0.08532967867888325,0.016196005198452164,-0.02419021711637083,-0.009573012834568446,-0.17472844554440572,0.053656741410749394,-0.06941694871709889,0.018805275813235923,0.03359244819729119,0.04271401346601155,0.012582459392944487
349.0,7.96996637363286e-05,0.23219412503294662,-0.006774376911446675,0.001468405804928977,-0.020011860517543997,0.0849433453864205,-0.0001744700703975299,0.01084842720496227,-0.01060656768132711,-0.1801638669011082,0.03177213535564948,-0.09535958201842383,-0.07723028012790432,0.05702520657053679,0.0016125280958234282,0.007187713906442485
350.0,-5.675886349052451e-05,0.24832694944800562,-0.049206380456614136,0.00810304833308205,-0.021696012270548067,0.07485075059449413,-0.010689833499405874,0.035603209943118615,-0.0199821548206674,-0.16784232564823304,0.012843958847680418,-0.12018782911958702,-0.16338398004540666,0.07180742250620632,-0.034975416350557675,-0.0041348459249332566
351.0,0.0010350355701512506,0.22997165193588198,-0.08799838053544148,0.007929040482459846,-0.03871225164093384,0.05190757591064954,-0.02196236951625783,0.04822660405106825,-0.033749063167165506,-0.1410143702376284,0.005474257774344139,-0.13947587881274376,-0.22799908533679927,0.07751397380388678,-0.06580191952317886,-0.017629601122646894
352.0,0.007487279865091663,0.18182993344747456,-0.11286763831341616,0.0015084770983327283,-0.06711523021023064,0.018886616114734838,-0.038691631115476195,0.04922726410545324,-0.04743581015474977,-0.10475642796448617,0.012767063094726154,-0.1514001787597205,-0.26622348903155746,0.07606583930660939,-0.09389981987689225,-0.030433032021067705
353.0,0.02094530081307267,0.11724367625259845,-0.11690187969563925,-0.009495338779669548,-0.0989323971593318,-0.016948549539614294,-0.05988598127273768,0.04006758883515725,-0.05759687952703252,-0.06369002002721304,0.03062412047878274,-0.15597913296740615,-0.27809449185861473,0.06947196477894592,-0.1254693546585053,-0.04323121474226826
354.0,0.03932344982886991,0.05353481521744496,-0.09823062667969575,-0.023111288968369288,-0.12601250722862148,-0.047168409498254384,-0.0784026013025445,0.02313137689861087,-0.0628506831017956,-0.02220575851078042,0.05025703785592614,-0.15344375915087438,-0.26554042234209624,0.05780254056309683,-0.16571810021426067,-0.059111434036022405
355.0,0.057630703991833766,0.0053379581836232705,-0.060645282431045354,-0.03698553801113192,-0.14302638345209032,-0.0649599794279525,-0.08517710444961843,0.0022971480818861504,-0.06378592397540439,0.013822322877527438,0.06281093072364605,-0.14303828137283545,-0.23083585610376464,0.039407041014570626,-0.21428008696201578,-0.0799789828431813
356.0,0.07068418894440144,-0.02066993411439577,-0.012312452745148025,-0.04794637755298587,-0.1484061523355637,-0.06550212372177058,-0.07585201865025502,-0.01724493996020756,-0.06225328223273696,0.03667681488365576,0.06331480985135744,-0.12300046623346722,-0.17714217646830105,0.013612064027452377,-0.26305258779575097,-0.10351969416760484
357.0,0.07536547508256017,-0.026497500777225385,0.037346082165436306,-0.052089053401743336,-0.14359557227310224,-0.04479435427050576,-0.054845440174644246,-0.030323949818212428,-0.061261529953993275,0.039109036594253146,0.05171204697912486,-0.09183934861726832,-0.10962307429607876,-0.016279220773557104,-0.29809046646774845,-0.12303880249102508
358.0,0.07087595119370761,-0.019768104354585463,0.08111751008267867,-0.04582939501308689,-0.13111386666289376,0.00021003479815075293,-0.03334672525552112,-0.03385757006364616,-0.06517314962011844,0.017981856273248723,0.03105429888108209,-0.05055222658350882,-0.035508049622662595,-0.04234883523386239,-0.3046614961274372,-0.13060142568744282
359.0,0.05771685590131477,-0.010162602585019985,0.11562084276507117,-0.027644151636303585,-0.11208907976340465,0.06871818169309461,-0.0224897645662641,-0.028475706866784897,-0.07847334617762641,-0.023335253724726092,0.00545611547890553,-0.004254343666089449,0.037242693961270924,-0.05445073725379921,-0.27294148573103594,-0.12147499655797842
360.0,0.036820676369022164,-0.0067515400460329686,0.14001649257679916,0.00040401358271199465,-0.08497974213394144,0.15227213932802885,-0.026712613924762846,-0.017977319389476082,-0.10282509702782958,-0.0754452954864901,-0.02035014142609906,0.038711126257393855,0.1022112187921734,-0.0442419728947149,-0.2025009158493011,-0.09679506842497977
361.0,0.009636686457511858,-0.015501696538557087,0.153495472030626,0.03237769538738305,-0.04711569579297565,0.2337223788218335,-0.04166402858170793,-0.006527743107074812,-0.134410155923995,-0.1256711467596099,-0.04087223950328054,0.07004001753013561,0.15667776697425354,-0.009120956602265803,-0.10426152929710458,-0.06280260082805193
362.0,-0.021107021697359476,-0.037194034251762306,0.15447066820360236,0.059954176931075735,0.0014463702411329094,0.29157072245232646,-0.05724396247314183,0.0038959970701954983,-0.1639451347682802,-0.16127692736563387,-0.05045857649604235,0.0847159267905528,0.20182096393144985,0.04525229413695161,0.0015875068635670029,-0.02764431689882729
363.0,-0.051002561724027826,-0.06696181793691243,0.14210750311743128,0.07553613592796034,0.05476682607514741,0.30842166148900724,-0.0633712718546871,0.013597182573661567,-0.18011255853753882,-0.17210299913569305,-0.044065590795273286,0.08249807350240128,0.23984866883677183,0.10541078369796619,0.09188186891901783,0.001829251335142071
364.0,-0.07454227640549817,-0.09602296437086143,0.11825295574091205,0.07590254297673106,0.10188327335080789,0.2788886731180953,-0.05541457547491915,0.023226185310790196,-0.17465577127295956,-0.1526840688783238,-0.01768334673278319,0.06796418056573247,0.269821097347468,0.15474898570066772,0.14859389346036422,0.02175757419048893
365.0,-0.08650034729204036,-0.11549132751849579,0.08815990108719987,0.06433816698425264,0.1318745919730339,0.21224868177331288,-0.03662299391149913,0.03165783369099757,-0.14602062977145075,-0.10389995185090459,0.030578024337060656,0.04959601381913666,0.28598430128709823,0.18065429086932988,0.16506236457439954,0.031521028080695124
366.0,-0.08369856632926094,-0.12110622765882334,0.05987177871461935,0.04946981108896079,0.1395981989288497,0.12801071715552353,-0.016126465705695626,0.035422334336196425,-0.09969406986951561,-0.03330225462087529,0.09820777038505882,0.037360159075188644,0.28051867354122373,0.1796368817021831,0.14757134980015493,0.03289273516186183
367.0,-0.0666949701896813,-0.11607196667751858,0.042322900568112866,0.0411005746915413,0.12839987768375544,0.04670872228108607,-0.0036537700777810474,0.030763558679675205,-0.045880693603299404,0.04667493682537567,0.1760702102111973,0.03875898788494313,0.2486167918540369,0.1576935493426425,0.11181874585822929,0.028583194342873066
368.0,-0.04063146744292265,-0.10939660004385121,0.04228469495420818,0.04523871749554122,0.10872841081777315,-0.018514285604091886,-0.004043547700964314,0.01715023802012101,0.004061311552892119,0.1219949282668886,0.24818034807574213,0.05512878306430569,0.19236303761762158,0.12644671496775559,0.07590062620880009,0.021224058553016564
369.0,-0.014200525553025643,-0.1103514604788829,0.06109461548048032,0.060687715696369784,0.09337929025644445,-0.0644194216547946,-0.014462895784263843,-0.0010517281105584273,0.0415296163841872,0.18038696222562664,0.29480573226789997,0.08063616904169953,0.12171432817224903,0.09702483899356708,0.05258133468032539,0.012951719781036007
370.0,0.0035889696403550767,-0.12299952438487075,0.0925824245233061,0.07880613765332425,0.0910251488715535,-0.09361074174803719,-0.026173847187426047,-0.01635281796375807,0.0634469442249833,0.21398685459780953,0.2990369669954012,0.10496207056999778,0.052583822354753715,0.07454499777039462,0.04454435508948253,0.004738855508950348
371.0,0.007397862515814437,-0.14437892892424664,0.1237951836036561,0.0871489338501929,0.10117107515725707,-0.10844951869954798,-0.030398367407342895,-0.021621412902900587,0.07193557011213202,0.2209725753020871,0.2550328055773681,0.11817056487797874,0.001697325878980618,0.05632402784744923,0.04539001069702246,-0.004221922198216501
372.0,-0.0021328655027770906,-0.16671310257128588,0.13946208038914537,0.07602672985453522,0.11375327945981863,-0.10877270562546394,-0.02450732667481515,-0.012975705134163117,0.07095881017252653,0.20556482774179996,0.17326077325117842,0.11485902898676385,-0.021038351808448937,0.03501169665633888,0.04460156216903722,-0.015976787608034
373.0,-0.01908001550103873,-0.18179914496445843,0.1285042928469417,0.04455097353468837,0.11394421751998808,-0.09459922461163607,-0.014044513075802257,0.009065957139729264,0.06276317018292173,0.17581079399479968,0.07763748809409368,0.09560574772287246,-0.017756491527196043,0.004851219927461253,0.03206482908764088,-0.03214052063436679
374.0,-0.035202581845625754,-0.18517018577962768,0.08888951371262224,0.001847174168771606,0.0898324019343194,-0.06976769459509652,-0.009114709692897273,0.040259700449917425,0.04731184169788655,0.14027575656966682,-0.005023224009030692,0.06591251926547607,-0.0004058736086258133,-0.03299905915055073,0.001103554941901261,-0.051835358669810316
375.0,-0.04333880271884455,-0.1779370749955647,0.0286200493263029,-0.037717264986089266,0.039403663172695266,-0.04284935187857243,-0.017518954616419773,0.07390329417127295,0.025185085005057957,0.10576405741070186,-0.0564492296520084,0.03403409520901088,0.017120251919411734,-0.07008337477760093,-0.048188851201124865,-0.0703822598950541
376.0,-0.03984048937581201,-0.16570469785836794,-0.03672553834281341,-0.06165142597250618,-0.026777935447105734,-0.025088318784216284,-0.039355605572292666,0.10175943363541823,0.0008085009720686933,0.07663939194512029,-0.07272914899477784,0.008605567806069596,0.0260998718386227,-0.0957053666259297,-0.10624504884748691,-0.08062881293790713
377.0,-0.02554369605891836,-0.155509787693654,-0.08872829842779567,-0.06428760899890346,-0.08932209275296284,-0.02614261534194391,-0.0667625425581152,0.11559170498618672,-0.01798253234089874,0.055077333416087414,-0.06313714784911939,-0.0037205519342170166,0.02554909574784489,-0.10356857486503403,-0.15601880309156568,-0.07708413085622216
378.0,-0.005164385511303105,-0.152311845059101,-0.11201146448894173,-0.0481219136051603,-0.12872586942658973,-0.04858498320640322,-0.08838799250372478,0.10987552754463233,-0.02445016960114356,0.04175694661331989,-0.04404311525233507,-0.0003195907089637468,0.020630450603948736,-0.09520565992768958,-0.18125232151594287,-0.059669182882366834
379.0,0.014905918129691068,-0.15651991053186715,-0.09943950300714705,-0.02222354182689898,-0.13407025934290184,-0.08404507984368123,-0.09503880995046972,0.08411046528247104,-0.01740400014314386,0.03626680138192592,-0.03085116327695037,0.016454687171157816,0.018940092121029498,-0.07842473395284194,-0.17589170806286983,-0.03404334412189962
380.0,0.02972169974444122,-0.16349211126585902,-0.05441246253927037,0.0014711909414389097,-0.10696997210265174,-0.11468289094540626,-0.08302055499223783,0.04338497050945308,-0.0015700399161871976,0.03671164735142929,-0.031139436944121694,0.04035268708295528,0.02672149819311804,-0.06276710688730003,-0.1468421798747912,-0.008826250306613256
381.0,0.038066139371225674,-0.16543436530529898,0.010825153764035988,0.012711274717205826,-0.059592850692439955,-0.12090799952038556,-0.05395869002835627,-0.0023905092650083953,0.0157478941280072,0.03935941850656531,-0.04149415823369873,0.06445560226542799,0.04664922195745509,-0.05532626076822908,-0.10806249894239583,0.00824055445245682
382.0,0.04241649173746609,-0.1553754845188773,0.07968761905477882,0.006600680200495547,-0.008564577452214036,-0.09144477067961256,-0.012656620381322866,-0.04009861433504525,0.028661506990371722,0.03965157846975095,-0.0491983745572895,0.08482777310600702,0.07793559403917763,-0.05867482946724664,-0.07151693912050963,0.01377625743006139
383.0,0.04661421513695958,-0.13115345153551453,0.13607127773661698,-0.014935394169667777,0.03219071183776363,-0.029082508298124414,0.034703182897206294,-0.05644454779388579,0.035255358966549445,0.034576920589076326,-0.03890736576813667,0.10177720683435681,0.11770218360895582,-0.07042698722431079,-0.04174587465603218,0.010780702403497175
384.0,0.052486065396341555,-0.09671359166405936,0.16807881019880153,-0.04444501239396361,0.056328206672960346,0.051102183262675134,0.0813382250490995,-0.04263165364473836,0.037978713480941735,0.024667442594329844,-0.002090047580694305,0.11755069310046627,0.16124868777257031,-0.08376968396379067,-0.016598136410560814,0.007477907252506847
385.0,0.05753732355362949,-0.060314681273091746,0.17049730637570007,-0.0723478912407432,0.06560620173799855,0.1278791123307243,0.12012341981936302,0.0011002086164731738,0.04179086733243167,0.013777060080779445,0.0564216472159408,0.13253986869808976,0.20034487778924667,-0.08970083817682563,0.008319326128254903,0.012311875578349068
386.0,0.05565563274300741,-0.031454182758804086,0.1454551530240458,-0.09065898840685986,0.06672703744119364,0.18026456139524458,0.144099053291692,0.06408464444899509,0.05111484130975942,0.006837546738253312,0.11994929094959322,0.14333427381595193,0.22223597176522744,-0.0816001412147098,0.03586798308956466,0.02797373276119388
387.0,0.04061386713563185,-0.01758793611315404,0.10078360161344524,-0.09562346252572475,0.06696256825374926,0.19357277488459507,0.14832100341398435,0.12838166930990688,0.06746565833788147,0.007537902998394587,0.16877222789928492,0.14421739365341604,0.21340335256483245,-0.059875858655877204,0.06625292954533359,0.049159201285969234
388.0,0.01009053709135222,-0.020748183149280452,0.04711909363710733,-0.08884886190445003,0.07058617885890027,0.16457485732472713,0.13275709691436008,0.17504379133840517,0.08872210837186142,0.017169418814437797,0.18989757102768465,0.13101895823879706,0.16804721425871233,-0.03274732281426877,0.09736190026683622,0.06607270857691407
389.0,-0.03208952746859584,-0.03562137714508205,-0.004850442763811807,-0.07665520742817719,0.0770168076802321,0.10279535161867955,0.10364397404900066,0.1906766125887922,0.10971306728242924,0.03433057408464177,0.18171744260927722,0.10458414045039564,0.09532598617426814,-0.012313558594989105,0.12523289965662834,0.07134375450806488
390.0,-0.0766891819373691,-0.05146928879382373,-0.04684045250955645,-0.06740069449774168,0.0812785468427156,0.026181418373087562,0.07146863716947188,0.17162949687478435,0.12371338577611858,0.05538522593447033,0.152208314334885,0.07145951154413448,0.018713020784338827,-0.008964638179561387,0.14481892586409661,0.0653352178537958
391.0,-0.11257076861278427,-0.057448915529307386,-0.07514961079356915,-0.06741347816005734,0.07699590549051587,-0.04643519032421059,0.046781658063805985,0.12443122398681204,0.12475844553138361,0.07620084128244685,0.11358048466247554,0.041230960994432866,-0.03361702651072736,-0.02702589073206805,0.15152153362648677,0.0556641136800059
392.0,-0.13104287831175243,-0.04752882824252501,-0.09120715758449235,-0.07743177386931911,0.06044632039633487,-0.10146433048534043,0.0366353431245026,0.06288438187289677,0.11033429967394492,0.09426364606488945,0.07699042967546409,0.021940360733462335,-0.042021850059761286,-0.06256924625852833,0.14293904887727546,0.051312397848976954
393.0,-0.12848158849610503,-0.02194330834563219,-0.09941927716984005,-0.09185574697407015,0.032821011451481474,-0.13250270914955722,0.04342317272077235,0.0031514593775180755,0.08334592698910073,0.10890399551691621,0.04902086939549973,0.01628346518042092,-0.004491163496828813,-0.10388639617784634,0.11984816057774575,0.05618601773670677
394.0,-0.10630844642000349,0.014195177620250837,-0.10375639304701911,-0.10138946744574363,-0.0006103374643571905,-0.13891813183465615,0.06515146161610709,-0.041330569097701095,0.051925577586012815,0.11922137586779062,0.030110483986916296,0.02090963645575274,0.06297107097375826,-0.13500566434992942,0.08620995498176569,0.06695015557506423
395.0,-0.06928961873071199,0.05275951776401838,-0.10574385707889176,-0.0972239768587657,-0.032878998753589815,-0.12342204305415042,0.09498903964133079,-0.06298309791290957,0.026217650138529273,0.12212377945793708,0.01537938890252836,0.028953213574178505,0.13363306309815293,-0.14150915578369835,0.0484058627537435,0.07601788507885586
396.0,-0.023267988063876466,0.08409980192061679,-0.10518507311932941,-0.07459067970840465,-0.05738230604374195,-0.09024168621387922,0.12085405052061599,-0.06060483240230819,0.013326870478045419,0.11267594563203638,-0.0015550058152719137,0.03385015435281923,0.1807129070812313,-0.11662663822499762,0.013398122220335594,0.07684176861027824
397.0,0.02694136731176684,0.09930206190573491,-0.10257473857202451,-0.034593291461549575,-0.0695258488538626,-0.04467973592597136,0.12826226672903043,-0.03845896303710625,0.013865568331743903,0.08652681843743042,-0.023420015886868876,0.03203853585004434,0.1868166584881172,-0.06485752356681587,-0.014188758676601966,0.06774057097098891
398.0,0.07842151420494894,0.09379138674921224,-0.10039715728454783,0.016279547774495026,-0.06813478438883074,0.005985026515442999,0.10657905812269866,-0.005063708507096809,0.022765402744136055,0.04302408414711392,-0.0467244939505891,0.023044996167964998,0.1483291704077293,-0.0006293526935067635,-0.03420023305641892,0.052032500369399666
399.0,0.12900308723233117,0.06977029427078844,-0.10133346989167882,0.06884528970670735,-0.05569242734097752,0.051399416758633076,0.05432484988439011,0.028211210166725387,0.03306735370278176,-0.012276035161090161,-0.06391616578227198,0.00752712946257514,0.07343997141663593,0.058089184855663896,-0.04981697642542907,0.034930943677295795
400.0,0.17499281861118104,0.034336420560137054,-0.10486707018915205,0.11464956106974546,-0.0368010321510974,0.07868902161729985,-0.02007371249028317,0.049297435574684294,0.03923747520457372,-0.06745806224989291,-0.06828478152000055,-0.014187394147775582,-0.023888561524059986,0.09764575215533233,-0.0636036053892789,0.02020004682724423
401.0,0.2099572436968951,-0.004977434214966923,-0.10613500162131767,0.14817249013364966,-0.016131317027968273,0.07621588645104492,-0.1013315938270876,0.04870887161630713,0.038672821988001795,-0.10782276722598498,-0.057998394312784994,-0.04132328617769184,-0.12955539796845922,0.11342863413086128,-0.07470594641728738,0.009561298340810579
402.0,0.22592749259734307,-0.0419605576216173,-0.09900134844896423,0.1667310905320085,0.0023724804563720115,0.0397311539543525,-0.17162402814313385,0.023359443152295448,0.032360179776547635,-0.12172459312135821,-0.037037073591198795,-0.07071226363481015,-0.23136955437813075,0.10957850409931724,-0.08033518839431213,0.0045236474104863025
403.0,0.21637090723575156,-0.06990914585548502,-0.08120882413053764,0.16870319837817102,0.015122247411411341,-0.02309049226443791,-0.21515038013643625,-0.02087867791388086,0.02500940936447544,-0.10507032813257919,-0.013172559237955399,-0.096042186314329,-0.3184972832323265,0.09501070114985785,-0.07966687686502125,0.007826123128937155
404.0,0.17935843210624036,-0.08092036169177108,-0.05727410153963392,0.152440583552621,0.019022710800650912,-0.09370796355260777,-0.22235192523551775,-0.07028524939578731,0.02360400588502592,-0.06239147716697693,0.005140240543446773,-0.10971734611915047,-0.381556709010397,0.07835396491486962,-0.0753638918552297,0.022636734430505002
405.0,0.11966865055697051,-0.06887481727307708,-0.036085147188427036,0.11775702059525116,0.01282429712674364,-0.14943251973712784,-0.19221650510648453,-0.10885040558961212,0.033752981730166054,-0.004973511882418003,0.011036737882253974,-0.10663703988749,-0.41393204726537125,0.06428416322048743,-0.07105150748327747,0.04973254061514284
406.0,0.04851468780823245,-0.03325700082990228,-0.02424969968404367,0.06873769106803668,-0.0015213085081908619,-0.17238564001059745,-0.131972744552219,-0.12551822488213538,0.05530247468329901,0.05266024069826253,0.0001308801611112969,-0.08720199536635864,-0.4123966227411295,0.05300057037502022,-0.06786385535764396,0.08481744800447098
407.0,-0.01988649797579062,0.019643021752170267,-0.02042741926176116,0.014757109352106347,-0.01891258499239523,-0.1566040645364067,-0.05527237767741463,-0.11875066505274895,0.08043509016558201,0.09663368711526314,-0.028943865142495636,-0.05733098285456404,-0.3767106131125528,0.042965253515109963,-0.0637000980937016,0.11887041891529149
408.0,-0.07339977742161313,0.0786520830099305,-0.01546834767144684,-0.03162495195580741,-0.03252111686013995,-0.10987472190481008,0.020203890821673787,-0.09601261917490533,0.09666482919424181,0.11692829066427715,-0.0731453039791036,-0.02594316638036342,-0.3097330275624931,0.034611153257992765,-0.05540793042748179,0.14204220896808983
409.0,-0.10580307346121974,0.13157994240307685,0.0020939551156707124,-0.05881938640657382,-0.03562529112035075,-0.048793212792414074,0.07606328908100768,-0.06884538411065225,0.09344833442084297,0.10966921220395932,-0.12341550724565792,-0.001694416677165324,-0.21875943250280153,0.03139281248197742,-0.04135154998251551,0.14826310943118373
410.0,-0.11774430807316758,0.16942846513062249,0.03941655097386937,-0.06064800615475254,-0.023575194512128625,0.010067531559712664,0.09787088168786612,-0.046570369003320615,0.06782451143208088,0.0784139147050749,-0.16556281692548785,0.009950954844644797,-0.11689424100268214,0.036532357988028466,-0.02209067173317589,0.13714829475465584
411.0,-0.11499439824564547,0.18882133088671776,0.09466369977545726,-0.03922758803783606,0.003778566726836629,0.056578909988207776,0.08000745256184344,-0.032350177413097474,0.025320688471558446,0.03330845909047918,-0.18570833661911185,0.008405916016844752,-0.02236907267485226,0.04819816695103663,0.0009060531586967054,0.11242132650791524
412.0,-0.10490569131531936,0.1911333120039114,0.1556005938222327,-0.00472560123448324,0.04006937332439344,0.08774239509173408,0.02808200530974843,-0.023285372364503676,-0.023529566757123702,-0.012982702981083194,-0.17793772370485153,-0.0027245845167985596,0.04565660284756203,0.05799983615138273,0.026391480410128506,0.07918862036009373
413.0,-0.09253452673509462,0.17940522383345617,0.20314244939136722,0.0283314807476406,0.07316504498213658,0.10526624789088698,-0.04261109879304734,-0.013451881526967212,-0.06789504380750261,-0.05094459343566091,-0.14807280067258535,-0.018242252686980022,0.07410326109714017,0.054708960431779044,0.05253537087678945,0.04250171243853257
414.0,-0.07840709652070589,0.15620639011710682,0.21961005864133273,0.046710119768948226,0.08973502159452759,0.11314186957294756,-0.11139596516635847,0.0019816050170145412,-0.09989043554934683,-0.07743454347394667,-0.11023309652561665,-0.033613459923319204,0.06197307263602236,0.030263745917239203,0.07533511392365377,0.0070516512350016795
415.0,-0.059343869284430015,0.12422979064477664,0.19680157194842726,0.04339497889578435,0.08110439189569817,0.11518177017355757,-0.15764451590237785,0.023136911329510984,-0.11548798948786947,-0.09406249069832921,-0.07929067760727002,-0.045507696740665224,0.020823095803342944,-0.01612639874685242,0.08868876164652092,-0.023422846545621653
416.0,-0.031921544849740406,0.08814926340377587,0.13889865347034905,0.019521528985500657,0.04656488636503527,0.11314993270941756,-0.16687995071429323,0.04401876384498871,-0.11371889923788803,-0.10284357073028387,-0.06451710816094762,-0.05135523870929532,-0.030541321337829948,-0.07718804721111747,0.0868616384013595,-0.046936656055215686
417.0,0.0036119242020620826,0.05508277864965749,0.05999768933821484,-0.017271423985600724,-0.006927574507923755,0.10780650980494506,-0.13574856222771792,0.05465207225981744,-0.09550565121781245,-0.10337733005480648,-0.06692212836555521,-0.04939690229769872,-0.072627038974146,-0.1393251992612015,0.06802874522567619,-0.06312072391124707
418.0,0.04161014710933476,0.03253906873890679,-0.021293504298493124,-0.05671071702292826,-0.06710693203135641,0.10175806510191147,-0.07243956615107605,0.046403611513975214,-0.06304584740082914,-0.09337900821470295,-0.08031909219180093,-0.039774138778249014,-0.08941675274847563,-0.1861606677768794,0.0366167027604007,-0.07242621554919315
419.0,0.07297582380182607,0.02489931189566652,-0.08764933358784394,-0.08926166961933486,-0.11964706218811097,0.09945884874298724,0.0076346211235803,0.017775537552156287,-0.01997630749029917,-0.07137268313321257,-0.09537116233102978,-0.02557579944292138,-0.0709925602404755,-0.2030494801352448,0.0025493275351452485,-0.07590726006845137
420.0,0.08964824777281606,0.030875197833888403,-0.1270201298306868,-0.10728568440702758,-0.15208339624172176,0.10328185877752728,0.08714485595115758,-0.023098969734977264,0.027657135207760922,-0.03967092207217276,-0.10450629374401507,-0.012116788993932912,-0.01663267159917327,-0.18149875591109318,-0.022879528190580596,-0.07549918025122147
421.0,0.08826330063805989,0.04403507153217589,-0.13466567686684527,-0.1053011927463029,-0.15758812404166608,0.10988431141117737,0.1507630873721056,-0.0611020251371612,0.07060247653886328,-0.005671945489766173,-0.10464445230252059,-0.0041756532184444835,0.06309878520097656,-0.12283340343253744,-0.03244481670422135,-0.07397985444760571
422.0,0.070592322580008,0.05615715617753841,-0.11428650345029409,-0.08152871495341733,-0.13720413516083235,0.11010773851013272,0.18818796356456013,-0.08046314773054898,0.09804540323559448,0.020199378429346413,-0.09651618643368795,-0.003122462672997122,0.14861757022355104,-0.039702649711025995,-0.02624422970638647,-0.07436579922330273
423.0,0.04169267681008937,0.061109504922900196,-0.07726131725469547,-0.04010653951771124,-0.09957098679803637,0.09222893980773138,0.19641917754353547,-0.07167365070540194,0.10254179328451218,0.029281916553945738,-0.08221302316521642,-0.006210264333935206,0.2179702737046092,0.04686008706740637,-0.01099987108317594,-0.07871801604776249
424.0,0.00819975120863164,0.057366278777108634,-0.0382244754753765,0.008800213965334543,-0.05787348513459205,0.04749799977564308,0.18000317831176252,-0.03585757183319535,0.08525073397122071,0.01906051621814533,-0.06335769711594286,-0.008237422029322148,0.25413880312898707,0.11471196315462659,0.0034799725059686836,-0.08685915777180962
425.0,-0.022454411117475273,0.04840431508471644,-0.00840389422080908,0.05226145779728663,-0.024763329951269446,-0.024580720659083566,0.1481710538872171,0.015630051991958677,0.056614613247484576,-0.005664890340148613,-0.040826392343624215,-0.004103162547197225,0.24952001931438964,0.14857256944926076,0.00909123856561158,-0.09620825383487525
426.0,-0.04294953894295297,0.04038151093348049,0.009074029399624255,0.07950589327962358,-0.007422607332861459,-0.1151277005170752,0.10975259580027308,0.06601772569694997,0.030839121950144252,-0.03499672016112374,-0.015287439939867552,0.008777117629486936,0.20697409655431817,0.14481667343800428,0.0038056734528439384,-0.10326627580740094
427.0,-0.047961796969406625,0.037885943353353074,0.018586516941052955,0.08562119157793724,-0.005441660511818674,-0.20895744050555626,0.06917434114984428,0.09934461869127252,0.018180023828242367,-0.057780697644637447,0.012259711245803018,0.02869155377953933,0.13864882364061223,0.1113669097898078,-0.007257038308141796,-0.10575370096830408
428.0,-0.036521619605488935,0.041037653835871685,0.026444210098555646,0.072386795664608,-0.012641524379750056,-0.2874413642161696,0.026760515921089845,0.10511335352282869,0.020655001112451308,-0.06530131595594023,0.039738024949242105,0.049562207678078014,0.06295875519339583,0.06312847058833625,-0.015397970035484427,-0.10350225929957108
429.0,-0.013390193489918,0.04640880657440371,0.034779819172724366,0.046626792126781134,-0.02123675733988709,-0.33010685713722543,-0.01730948796102901,0.08042984299606236,0.03278245941145165,-0.053892337909881814,0.06312843159302937,0.06346074883551237,-0.000508869192845394,0.015495923361678918,-0.013585476142714931,-0.09711667905648114
430.0,0.011967868629783182,0.050116432107075046,0.040165511653798655,0.017421595111764648,-0.025319570329509756,-0.3195665287429503,-0.059737940031041,0.030423975858770484,0.045153866172771395,-0.02626335628168805,0.07692938012516595,0.06464481919144256,-0.0364974238330634,-0.02040340234882978,0.0007484183543256872,-0.08610651745576638
431.0,0.029036466431075117,0.04971919761683044,0.03794341775289847,-0.006725296565952936,-0.0220400721885177,-0.25106024129747967,-0.09474129889156646,-0.03258941511580615,0.04866261397081461,0.008503444737602762,0.07675029538677415,0.05245160090264492,-0.03730590509736843,-0.038607882947179414,0.026242595751906777,-0.06936047430901779
432.0,0.030819428029712832,0.044082921796186815,0.027909922336576132,-0.020069876618381523,-0.011363750340348871,-0.13951400274381995,-0.1173365598999764,-0.09214181711492025,0.03810298161837919,0.03705445984414576,0.06240403382663212,0.03121952780899881,-0.0033535838516498347,-0.03656476628950136,0.05940818340121245,-0.048076843464078554
433.0,0.016687101025781484,0.0327576297123466,0.016038358739298375,-0.020720313969407857,0.004177885659911398,-0.016501765220501324,-0.12594806554153765,-0.13295446942425532,0.013787611224973108,0.04662358824868818,0.03912228297637661,0.0076684212727173105,0.05695640439847044,-0.013645768666753322,0.09552861332212655,-0.02799663183756228
434.0,-0.007939026823644706,0.0159051491998612,0.010818358000689707,-0.010485442691426662,0.019878153909533947,0.08277275928004675,-0.1226666723464409,-0.14617293738888038,-0.01940832121010131,0.030909908343518644,0.016247576178842378,-0.012613989542159362,0.12678404591502632,0.028410959548949243,0.1280391680850105,-0.018254391929871012
435.0,-0.03460762133021034,-0.005532959593920421,0.01734813104948206,0.006297625258392311,0.0302394513343582,0.1354646352444682,-0.1115130162309442,-0.1317701225311139,-0.05466494076901398,-0.006742650111687494,0.004132934492720254,-0.02789621366938235,0.1815131861115592,0.0835308862293999,0.147781548078178,-0.027111863103400417
436.0,-0.05590469435106685,-0.0299867814134449,0.0335894013330501,0.02438667069275739,0.031377736528736155,0.1408433514627557,-0.09591055116366072,-0.09774586357444576,-0.0859375518963675,-0.05497699478717787,0.010057305729504041,-0.04069329067188396,0.194313041123096,0.13962260200960538,0.1447114929318783,-0.0569978130843449
437.0,-0.06814907317715484,-0.05558401051700638,0.05112877811678755,0.03923274519590168,0.023683527135135492,0.11759125905737687,-0.07719952861783955,-0.05709289446857405,-0.10948575597267717,-0.09944077885102301,0.034692517989693354,-0.055414894306533305,0.14736732487350288,0.18011191295260015,0.11276361091990957,-0.10188426438188215
438.0,-0.0711525535800018,-0.07994473996856225,0.059941306583617134,0.04834427289097979,0.013282455690924464,0.09029996731333464,-0.05565644314167375,-0.02316784356301128,-0.12398733911880165,-0.12809653690895492,0.0713833092405067,-0.07501991713539384,0.043039868869463885,0.1903469733761844,0.0548694744214112,-0.14888298090408691
439.0,-0.06623258772862789,-0.09956509218958315,0.054465997972418786,0.05196392298979115,0.010507553180485116,0.07428317488260446,-0.03312249369775637,-0.0051398539668563135,-0.13013156316656824,-0.13478873891862755,0.10862880583893161,-0.09913217006108443,-0.09305727379075833,0.16561311415837315,-0.015662375504187392,-0.18327592428128925
440.0,-0.05489334670898008,-0.11015580890408093,0.03705520190666534,0.052503126198871625,0.024946114832116128,0.06883360106757251,-0.014105419405239052,-0.006116622076281923,-0.13026814718516996,-0.1206226979318664,0.13391330759081432,-0.12432924437278718,-0.22061146036920976,0.1144690967631479,-0.07856146955559852,-0.194159324810789
441.0,-0.03899167760692628,-0.10841410491421989,0.015962889153115424,0.05294355146925586,0.05925888143232948,0.06284428010108942,-0.0033086681034476136,-0.023922707746924305,-0.127585824375065,-0.09309985000088028,0.1378338518486852,-0.14525561021668454,-0.3011807348151527,0.054922296594263766,-0.1135038800803343,-0.1777425229292873
442.0,-0.021607786012220312,-0.09363835688037597,-0.0008301980951309603,0.05503857731360713,0.10576637837725993,0.04721369442997522,-0.0015982703547479128,-0.05216587859224057,-0.12421761029402965,-0.06282532188245267,0.11815829844407626,-0.15530580505161606,-0.31419750487550974,0.006627141722158747,-0.10802810009074937,-0.13702065719414191
443.0,-0.007577139560333347,-0.06787700684097495,-0.010800084725811674,0.058017627685881715,0.14871431828494874,0.023413639198072975,-0.0046960217481935565,-0.0811980879314831,-0.11896352299763514,-0.03853338137544154,0.08147750383588585,-0.14746928709837878,-0.2639878992258399,-0.016662989984920194,-0.06344488782911217,-0.07928536371248669
444.0,-0.0028486133439686277,-0.03544403344434082,-0.016924394238142303,0.05840328646550394,0.17135949629496144,0.0024162241077998825,-0.006022835929903745,-0.10059138269368648,-0.10681455911300891,-0.023040783891630116,0.040204589618845946,-0.11662868662351428,-0.17480331295374033,-0.011986699267323729,0.004066877886084464,-0.013768964816424605
445.0,-0.01233003016484678,-0.002869700016710786,-0.0235578133971185,0.05143686364954692,0.16367750579749238,-0.0027550746277421436,-0.000636382336970597,-0.10301106365926115,-0.08214243969868217,-0.013093631683042808,0.006634879504369934,-0.06307122102292298,-0.07805116765080128,0.012104160845422072,0.06872485457230057,0.049975311910766644
446.0,-0.03690809383452535,0.02157927518809863,-0.03241157036562214,0.033733266805739105,0.12642994005669403,0.01557800160547792,0.013088047762377524,-0.08718547230241107,-0.04434429102652298,-0.0033039105437139564,-0.011891556408805655,0.004827926492355126,0.00021209058440351664,0.03962685604232576,0.10528381358072002,0.10326922016513063
447.0,-0.07146833447529373,0.030331846145904968,-0.04171690448341121,0.00572430547974373,0.07017199121238406,0.05560372516222973,0.033921752308232224,-0.05825957909528912,-0.0014389790755570363,0.009036161488275038,-0.014747569388404824,0.07089374645517653,0.045730140624415536,0.05416971886367253,0.09933898229341431,0.1393536392909828
448.0,-0.1056237958541807,0.020436585215880477,-0.048544192322427654,-0.027708318638189032,0.010700992875747118,0.10582952898415156,0.05848738646746154,-0.025454603206818804,0.03229650483038888,0.022005613177982983,-0.007409770027449772,0.11531456657579338,0.056380066577585944,0.04496288505001907,0.05308767517309329,0.15496800230056487
449.0,-0.12708911506595183,-0.003727960394466593,-0.05169733636809433,-0.05914118157074631,-0.03675846248041394,0.14912667615243166,0.08209304887253098,0.0021274097015322145,0.043826607471576365,0.03133763102625968,0.0008981983348196022,0.12210464605648845,0.04011365738471173,0.009299306514339184,-0.015729225395894053,0.1523213570941166
450.0,-0.1262745109786275,-0.03139469996276139,-0.05227070406962295,-0.08221339717850247,-0.06280452524265008,0.16947615523939433,0.10068077932478062,0.01970215238278811,0.028784674011187745,0.03483223444264978,0.0014839812550714027,0.08697879480268013,0.012882775071778083,-0.048453799134433324,-0.08161869963712103,0.13934407877272725
451.0,-0.10041681774655604,-0.04972912325335911,-0.05161186791773837,-0.09470463686879611,-0.06669667277277827,0.15828373184335107,0.112796771902798,0.028519046724698155,-0.006050401175315657,0.034734011359069575,-0.008973983211869905,0.020735194123253885,-0.005206572958161602,-0.11903782879150929,-0.12252121672802836,0.1265138684913153
452.0,-0.05502848051805816,-0.049260969547455846,-0.04926019044538181,-0.09905910309394385,-0.05525763015093306,0.11792658378425099,0.11935771999374385,0.03409348199093146,-0.04574232216370529,0.03594793356705206,-0.026250332970122775,-0.05458433186154096,0.002124343433891418,-0.1897916556287631,-0.1281698661824885,0.12167802151156397
453.0,-0.0010880551285074621,-0.02844913206153218,-0.0429527124953444,-0.10000597704347991,-0.03827275747365989,0.061062260164219374,0.12138362515662988,0.042395420023979453,-0.07303809735274006,0.04196606164563067,-0.04113130995193894,-0.11419309684672871,0.03796254653300396,-0.24555556581176188,-0.1015677271438234,0.12628770998845434
454.0,0.05027637988883868,0.004462538310620649,-0.03020493059889897,-0.10093452580760623,-0.02329022864504827,0.005538643046557205,0.1180959232071467,0.05635209613439557,-0.07504567708561675,0.0515873201762483,-0.04525289630504224,-0.13891409366946764,0.08909119279431978,-0.27071728735013595,-0.05543302224508464,0.13532224588363326
455.0,0.09173880331495833,0.034669550154265434,-0.00996915179181957,-0.10171705813674664,-0.013347455413873442,-0.03239061360389589,0.10693303144403103,0.07433329176261697,-0.04912026578239826,0.05840670388585641,-0.03614646301293352,-0.12060631260724561,0.13366540384673276,-0.2536586503563788,-0.007590107306417824,0.14069103621045978
456.0,0.12059164749913247,0.04892927783466684,0.016410276527505197,-0.09935111531019025,-0.008588736901108446,-0.043282475479685716,0.0851583475769665,0.09090633175557515,-0.004578454845451289,0.053853127594683865,-0.017972886429270907,-0.06386319340092608,0.1546199437552856,-0.1923237209895314,0.02376874731128329,0.1359158863891044
457.0,0.13739979995420584,0.043112347253411516,0.045317832480445484,-0.09030696816173985,-0.009023946401378232,-0.02735189332426941,0.05207917953027499,0.09891334967724652,0.04215554875343928,0.03243880267176454,0.0020653663425344,0.01613085277819547,0.14869584234234595,-0.09712964276714807,0.025881181435975554,0.11904353352597123
458.0,0.14384459681156211,0.023055726107457774,0.07206447556690967,-0.07273628380550783,-0.015155540567613916,0.0051786287783538425,0.010762378143509128,0.09201703416419318,0.07600359675806236,-0.004274155913712654,0.017959308499029405,0.09853290946842264,0.12574261601722977,0.011763551763902733,-0.0026536348569661766,0.09203002310291858
459.0,0.14096269465709094,-0.000742683454543564,0.09251944173169756,-0.047555833724584946,-0.026394061963144647,0.03755969977438099,-0.031827301689156554,0.06770283770177146,0.08926121016994124,-0.04767572620965233,0.026260247767502177,0.1626118679595424,0.10093462671131297,0.11161327794612867,-0.04930856197978124,0.05809996699681239
460.0,0.12888180367327176,-0.018701766777498584,0.10456027913111866,-0.018122711208632132,-0.03968874469121776,0.05364283274242593,-0.06653346893852237,0.03022163178778801,0.08231482896560595,-0.08566159669863196,0.02506224587361785,0.19303990519219633,0.08617007753384123,0.18434039354642376,-0.09222525233115544,0.020278879753541975
461.0,0.10779129476408962,-0.024929249240246684,0.10866396630775983,0.011116081145616593,-0.05003652183262033,0.04511478309693526,-0.08511242564746997,-0.008722500170416805,0.06081287049061438,-0.10738870882979344,0.013592257476296379,0.18378490021881658,0.08512010314685421,0.2203535708360945,-0.11116047299429276,-0.017867730172767562
462.0,0.07898491100619047,-0.018814235951187294,0.10646904211226829,0.03607361646395909,-0.0524637747316011,0.015197999565407834,-0.08377203727572646,-0.03369778702119528,0.03241197476184632,-0.10716595452919034,-0.006471483013649089,0.1392977730034324,0.09277124594470358,0.21860403550640597,-0.09754609477339109,-0.05107998401683205
463.0,0.04564464394660044,-0.005909110474572753,0.09752269282978206,0.05400303405061907,-0.044208767713614906,-0.02258104221115101,-0.06518981650582796,-0.032595985772290316,0.004661023190315641,-0.08639054855461485,-0.02991783952656868,0.07267564044329826,0.09840500166277483,0.1849604111940811,-0.05709032348549274,-0.07275941560114106
464.0,0.013045162814334077,0.004441015462467344,0.07725263931833443,0.06390047898123923,-0.026182329700045255,-0.05059841252533871,-0.03723643453873071,-0.002608103218690497,-0.016369165096084947,-0.05300996225074011,-0.049366498299727286,0.0018994170469784554,0.09090827682113814,0.13045436832193952,-0.005294166582729791,-0.07717939754029471
465.0,-0.012882325474396338,0.0051797992473488355,0.03903026452277227,0.0662039511941515,-0.003043637397917517,-0.055778076306944764,-0.00913988923800953,0.048500994319836704,-0.027446995773143162,-0.018536463414692457,-0.05856235293739501,-0.055061958655836137,0.06491017420000723,0.0685573389474811,0.03997474572694457,-0.06237707002154181
466.0,-0.02824950942116643,-0.0028980522730572902,-0.0204834549115099,0.06204885374229039,0.01846924572953822,-0.0354441399780477,0.01195376419155112,0.10572160493611045,-0.02903795267864956,0.0062964887770987675,-0.05505161874508795,-0.08552253686826161,0.024552059454654045,0.010800276593900971,0.06533170177219068,-0.031838278911026
467.0,-0.03304655040860769,-0.01117583630011795,-0.09645435200169823,0.052781497176190635,0.03224890351515089,0.002548087909563843,0.022154733242532424,0.1523011991884865,-0.02469213941473749,0.015335511693901217,-0.040699756228687045,-0.08576386754351514,-0.018694728799072077,-0.03685481716257839,0.06582131763725112,0.006167853789471621
468.0,-0.031016463593169005,-0.00976333166459541,-0.17516489877297925,0.04004137150722468,0.03512305673970131,0.04373045588529286,0.02079663070363719,0.1752228324193314,-0.019119809282772876,0.008777939688310173,-0.020768041274423683,-0.06142284693340889,-0.05374492838418595,-0.07378251527978517,0.04519745640133037,0.04104248831897122
469.0,-0.028004055136192918,0.004244080858365127,-0.2385178202612792,0.02617770131614496,0.027840597383535462,0.07206720762335413,0.010660639065743579,0.1693807905037137,-0.015913579795663425,-0.007440638314175859,-0.0030462248304032676,-0.024580736231587907,-0.07716768461957739,-0.1011850568905451,0.013166782209118006,0.06266928482989056
470.0,-0.02929307921782371,0.02366176877829171,-0.27098434925719883,0.014386324569817033,0.014530554783925355,0.07451567434986425,-0.002570104113819102,0.13918868484010785,-0.01584065317320579,-0.024263000735017654,0.003018002742292558,0.011376508479652112,-0.09396889521349286,-0.11901515944415575,-0.018895869885719365,0.0639353100397631
471.0,-0.036890368245992664,0.03552468407029183,-0.26461111190183506,0.007800581017306836,0.0007278076001089002,0.044758407331944874,-0.013393453485860992,0.09618668605086722,-0.01680769336286947,-0.03340559431979025,-0.010994478639382677,0.03706162683042783,-0.11226971410923327,-0.12556354124931138,-0.04137523448794679,0.04301699908165869
472.0,-0.04851657284615493,0.028970131474353768,-0.22021302046038566,0.007717060749634167,-0.009165479082487923,-0.014271748002912745,-0.020603007724594023,0.053122596172389396,-0.016060623079450338,-0.03107521291923937,-0.04751921658063742,0.04969577683410363,-0.13736977388106505,-0.11865884920304667,-0.04782463013927782,0.004744489877635615
473.0,-0.059193301004278505,0.0016899356396422283,-0.14645454320663168,0.012390798981613998,-0.013460231274257413,-0.0907930473522972,-0.02817363806141755,0.017952391822722742,-0.012914813181044003,-0.019510982482324624,-0.09885400339850965,0.051756149442688866,-0.1689364617860116,-0.09706123390948186,-0.036140575174111754,-0.04018004304056479
474.0,-0.06434297248428379,-0.03819395753485411,-0.05856160974008485,0.017568647340435017,-0.013132901362145847,-0.16864499547625536,-0.041309072685635946,-0.008693512778821253,-0.009237943269013447,-0.005300427963052121,-0.14791356394010532,0.04721184068075494,-0.201090767739461,-0.06206507780366102,-0.010760970540564446,-0.07833777368696478
475.0,-0.06236565796044015,-0.07604981236888445,0.024307415556045285,0.018536703432852724,-0.010804550762027663,-0.2333242015680119,-0.06132272405470521,-0.03169342064186319,-0.007576551561629984,0.004659096333787329,-0.17496704581977085,0.03804175173923811,-0.2245633155721904,-0.018835437428228616,0.017017401276378647,-0.09801529571119194
476.0,-0.05527683780736682,-0.0983514690680698,0.08435409772795562,0.012446961289096408,-0.009548409526331297,-0.27555426011384,-0.08419678465316163,-0.056705979320126644,-0.009369428259832516,0.007282404128091677,-0.1673254374691868,0.02331091277621646,-0.23053291013519975,0.023926907397538763,0.03404788458732042,-0.09325957596690351
477.0,-0.04726254652342373,-0.09903784287594766,0.11138748047077011,-0.0003117929479972124,-0.011759835943294333,-0.29162208731350486,-0.10359632153219236,-0.08538348894747566,-0.014453347464167252,0.005083685273535407,-0.1264781704088067,0.0015391266681788471,-0.21452347761042284,0.05626594957669405,0.03333763271910466,-0.06607497526803889
478.0,-0.04199195936686554,-0.0810880321237361,0.10630799548003322,-0.016153064776020923,-0.018229134756939307,-0.28271391261291573,-0.11498367275248719,-0.11371685066589066,-0.021243915306537558,0.004522162244179518,-0.06751631702607029,-0.025745010632057495,-0.1785019807619415,0.07010916700498929,0.017891276232163855,-0.02580318679882677
479.0,-0.04019650856178289,-0.053457173843699406,0.07982852948548606,-0.029627092378463546,-0.02790842914026693,-0.25427978077667757,-0.11738369117247546,-0.13460905702199938,-0.027215322848971962,0.011989450150322538,-0.010265474741635031,-0.05296614120770006,-0.13098517897823747,0.06199400457747423,-0.0034350366997899237,0.014216179193705351
480.0,-0.03916386537203976,-0.025765914904470874,0.04754270734639795,-0.03592664702829604,-0.038559015751722533,-0.21441440943307433,-0.11200309689062901,-0.14241493131522753,-0.029592250766803125,0.029952598634168118,0.03197410425524339,-0.07330389647080861,-0.08507601685630363,0.03421481022284831,-0.02366853905268789,0.04127890059807422
481.0,-0.03446459381689488,-0.004031870679382147,0.02374672146953133,-0.033801394927105946,-0.04751304448131934,-0.1710002980344441,-0.09933192771009358,-0.13601475573726737,-0.025954800923954472,0.05533578678118701,0.05833662255950416,-0.08267165794619326,-0.05347592232886716,-0.006289553754434827,-0.0415285425228431,0.047152545777479814
482.0,-0.02239028162754524,0.009904821700024213,0.016302330253458407,-0.026837230235656814,-0.05193890170435863,-0.1288462973270418,-0.07773036722490584,-0.11883984626398295,-0.014968805269489916,0.08072667400773739,0.07782889833831232,-0.08152271041864105,-0.04213492431736864,-0.05057641018070527,-0.05891034460420858,0.02972596708833618
483.0,-0.0014877297334056148,0.015794989008943123,0.024599566550977177,-0.021409376468713392,-0.04926254164017168,-0.08816125690376063,-0.04576314795786975,-0.09638752169098279,0.002301769096966741,0.09773715341607674,0.10135919668541085,-0.07383764969236531,-0.047809451109320646,-0.09004659137689162,-0.07587488913424843,-0.0071993513373985445
484.0,0.027092327459342494,0.012761498468936198,0.04147434754452065,-0.0223389203010093,-0.03822965209091075,-0.04537765544232661,-0.006667460997224229,-0.07275285956107524,0.02127529606758572,0.10084258370099822,0.13405530035805677,-0.06467153552147716,-0.06223157624683639,-0.11745486797513183,-0.08818192034430922,-0.054626968187624816
485.0,0.05994007543561421,-2.3859860996328886e-05,0.05782862186050281,-0.029545842892644718,-0.019511441439575682,0.0035229928642461945,0.030012915398684663,-0.048666159477110976,0.03480239804986545,0.08940554551797247,0.17179203988560707,-0.05774178503850077,-0.0786351226379494,-0.12723363545047234,-0.08929239242504505,-0.09938536044232013
486.0,0.09215032128380961,-0.02086452055135747,0.06733444230100279,-0.03813843055390481,0.0050935984815204186,0.058805823127155994,0.05261581136731632,-0.023047065997195554,0.036717477174043424,0.06676853924888622,0.20263609879954494,-0.0541041126539248,-0.09461293954876183,-0.11620085358459077,-0.07474466045179057,-0.12702580843040298
487.0,0.11844674404358464,-0.04428279713392,0.06870221739398139,-0.041503007328690444,0.03379964616378937,0.1146328736405265,0.054691693379452976,0.003502149066870727,0.02579057475382103,0.03795429735479809,0.21206335958126896,-0.05219292461422285,-0.11063004205086807,-0.08491521627803383,-0.044964810469753126,-0.12726587437301926
488.0,0.13431263301257232,-0.06265940668820011,0.06465625841440471,-0.03504355217469811,0.06461795777996107,0.16042806179423114,0.039472330488901426,0.027292382975659047,0.007243609531187667,0.008257201004217575,0.18989609250574413,-0.04882618997735623,-0.12739277250024594,-0.03919559233010396,-0.00464574690381686,-0.09914455397238128
489.0,0.1366590962394803,-0.0696421513268189,0.059179071929329335,-0.018422431579333782,0.09376568389398973,0.18534168839480442,0.01760336552942671,0.043731912253751504,-0.009205068190401334,-0.017226885223348934,0.13591985474949111,-0.04083305547996724,-0.14378203878945878,0.009455755945384897,0.03951419856300527,-0.05161779085161053
490.0,0.12407401919657478,-0.06289670827056597,0.05539836888228966,0.004531854321238558,0.11457993256934025,0.1831575654437339,-6.29664778618584e-05,0.05052616701457946,-0.014108004426206733,-0.0344160339608656,0.06123435734930061,-0.026802566642741926,-0.1555401482865314,0.04609306200398356,0.08057350750134648,0.001277467198326153
491.0,0.0969892307453734,-0.044924666160473824,0.05489452072970409,0.027792290655966802,0.11885592754455397,0.1552158311092271,-0.008580236675646504,0.048594269021269135,-0.0038844551263887603,-0.04137427382716658,-0.01542961333241719,-0.007975800854728883,-0.1553636774499013,0.05730009449175716,0.1126976554236164,0.04690868899101692
492.0,0.057806579034409736,-0.02210677699752999,0.057686941568696734,0.04569946654258746,0.10053589999891036,0.11038207435106989,-0.009437812791170666,0.04038756928231955,0.01618016666292357,-0.03882848718298533,-0.07430011621390246,0.012223346102046615,-0.1346531715372263,0.03692386216755623,0.13224272475437854,0.0777915193898581
493.0,0.011017492427944035,-0.0022667112359034476,0.06218526243940472,0.05491065338392168,0.059637778083574546,0.06197256223107045,-0.0065426401623409755,0.02810535155872743,0.03427027692581002,-0.02965110214938608,-0.10084304405836773,0.029641428343216432,-0.0865163852537269,-0.010037069680796496,0.13768263984430984,0.0917188583202113
494.0,-0.03652916007652187,0.00889106113094762,0.06485802984731756,0.0552401238668186,0.00391977869351373,0.022444358027711764,-0.001746689647306281,0.013571440886674458,0.03860073065901806,-0.017269910479485742,-0.08984876852137014,0.041294905307271736,-0.009649725078381969,-0.0675421957147059,0.12848518799726796,0.09034619073873039
495.0,-0.0759540201074418,0.010758759926981179,0.06033364598091705,0.04923314733814955,-0.05304136479642965,-0.0016392155181431825,0.006852188351884566,-0.0009219937347679516,0.023824661919372776,-0.003623453090727931,-0.04690084214745207,0.04675982714396574,0.08844421058654726,-0.11360086239197908,0.10431676922303112,0.07789078870009054
496.0,-0.09860764778674655,0.007675918507932351,0.043502695155012094,0.04046430415044328,-0.09659869605936512,-0.01144799424424364,0.022526401302750968,-0.012271026182922959,-0.006363881599163385,0.011605614941112292,0.013022398026742139,0.04762363813460601,0.19156921889607872,-0.1290415547765404,0.06573081436170417,0.05990538291045239
497.0,-0.09977195439801936,0.0056085753454825265,0.013039858771832826,0.03140519660897825,-0.11617797015617384,-0.014073534778029322,0.04518484700267341,-0.017153237752501226,-0.041161855713321274,0.029342567479465627,0.0700053570184788,0.04522386940408095,0.2793416493178346,-0.10604826900411601,0.016420669899491445,0.041685796703706764
498.0,-0.08120752640585249,0.008827070659397161,-0.02732036085658343,0.022374234232659038,-0.10859797897970608,-0.018770781521473223,0.06888657823732411,-0.01294314602111694,-0.06773055636568373,0.04849629369270015,0.10583140653807292,0.039067551467422856,0.33428115421469057,-0.0517456885005001,-0.03461914748821059,0.026503536983545947
499.0,-0.05073849210970929,0.01903427146185712,-0.0712871310671293,0.012304937346891186,-0.07875907992406068,-0.032660191071507756,0.08446184632391211,0.0014862652690431106,-0.07686535714500708,0.06511205430334875,0.11026477476099905,0.027511410202137727,0.34811093555070355,0.015423081471667467,-0.07402964871233063,0.01453765391201403
500.0,-0.019237760830314952,0.03631310466069314,-0.11279416459688946,0.0005268516304446008,-0.037610104283020813,-0.05722672631388716,0.08518652863427259,0.02486861805062498,-0.06632358154825191,0.07427370483122782,0.08406398742707623,0.009905078973928253,0.32437298435521333,0.0743708979149514,-0.08939231455594057,0.0036092251325147216
501.0,0.0036880149291611147,0.05991595406062711,-0.14612552960596717,-0.01191399336191242,0.0022340770954784174,-0.08747894697671696,0.07111303049122521,0.052973059289212344,-0.04021258799072265,0.07308139149331033,0.037372798070189,-0.011431003696593209,0.276402903086571,0.1101106865608552,-0.07577084479085182,-0.008247458621659211
502.0,0.013708558244332368,0.08793004687249052,-0.16538924591863727,-0.02216654744278711,0.031378469934596455,-0.11449405785471942,0.0491626877115394,0.0795784874808859,-0.005565365153148334,0.06236129761667429,-0.01551340964806985,-0.03062439613698742,0.22158562773201085,0.11839109118987465,-0.038459459587047974,-0.02013850987077332
503.0,0.01344325240183679,0.11656178163335773,-0.1659875076229807,-0.02656373294605838,0.046312409592997615,-0.12973491275284732,0.029084588165216165,0.09892742510493999,0.03120967209136262,0.04621319963092051,-0.061716269031215173,-0.039663344877741626,0.17423324930485262,0.10516897180025854,0.009769784766970217,-0.027761796503837022
504.0,0.010570706971042728,0.14022158751905442,-0.14710353661197448,-0.022328478394440902,0.048635760352693055,-0.12815351326213828,0.017925438570724355,0.10774664002937984,0.0660978384683293,0.03012112828633743,-0.09235026441189247,-0.03140341053252647,0.14076697361822535,0.08242304373398598,0.054267069952471776,-0.02575641872617101
505.0,0.013267107669250811,0.1526928749405098,-0.1130995223186031,-0.009503753999805862,0.041907391203019506,-0.10853505241665208,0.016750542152605297,0.10521299379014203,0.0970202316288701,0.018790709368828696,-0.10230865705509162,-0.0029492195395328462,0.12012794590243168,0.06246498670142957,0.08325587261569282,-0.011925215887398262
506.0,0.025261249285362396,0.14922043859080383,-0.07332294167587981,0.007997270862720026,0.028382525693146286,-0.07259668379159254,0.022066889483284557,0.0912179914158823,0.12207158059853124,0.014704211494098443,-0.09007093620803906,0.04206980058804748,0.10817107327223531,0.052927218923395955,0.08985834237664418,0.009212427303391349
507.0,0.04292550027840868,0.1290836491556524,-0.03991319376197297,0.02345534782126931,0.00811504742923329,-0.02500135190724238,0.03035017955650847,0.0650318590500951,0.13860914724581966,0.017905826515578458,-0.05879901069155232,0.09372023682332704,0.1016981879573247,0.05466142209233947,0.07234555206037051,0.026669789226591564
508.0,0.05636375210814688,0.09698041445646531,-0.022986500899698666,0.03051876679973377,-0.018594000867097622,0.026143903944022686,0.040846798149215297,0.026260695545628966,0.14452568677920574,0.026467781737537704,-0.01752297983776073,0.1389526311071848,0.0996514006933604,0.06343248977740655,0.03483394778762733,0.028390430255917226
509.0,0.05468059064618854,0.0613034602845056,-0.025117168952429183,0.02674229219908579,-0.0477681794357491,0.07103864152408054,0.05387385249039344,-0.02252565145599485,0.14021849408246942,0.036972513904202135,0.019850994918637215,0.16650505868299023,0.10197403735599316,0.07377515531131537,-0.011773941348965198,0.008980305179645603
510.0,0.03256266827444386,0.029830703328233718,-0.0394964573563561,0.015208576888989769,-0.07124015892874194,0.10330095342205757,0.06714080978718086,-0.07415310271243554,0.12875342354365865,0.04547127580413702,0.03928584347396975,0.1709206757243783,0.10724296868143894,0.08216251478899153,-0.05130860696183072,-0.025811693181796914
511.0,-0.006100702706783977,0.005889049865762045,-0.054015702034615865,0.0030856460717630127,-0.08002362790374026,0.12495769290887651,0.07496936877845983,-0.11784676477933,0.1140842694900303,0.04924310447732796,0.033401147391665574,0.15341842047916152,0.11081877281278359,0.08761098667331739,-0.06740013519867905,-0.06134150477739001
512.0,-0.04966813658945054,-0.01233685835812217,-0.0582150200502682,-0.0021711149416263832,-0.06887534056874046,0.14623627109604426,0.07194118472367317,-0.14237875419081963,0.09960955178295716,0.04834632445756853,0.0056281214348054415,0.11984805285672225,0.10594935945257156,0.08998307132732693,-0.050126183499052394,-0.0815169080308179
513.0,-0.084030159433264,-0.029278929690692533,-0.047882118715482314,0.0030366357291131837,-0.03906479352520096,0.17914395056149435,0.057321993709468465,-0.14016106815807913,0.08833868020533898,0.04568125328009138,-0.03164540708031573,0.0782348377352314,0.08776609401171441,0.08814112211695159,-0.0011583151190332661,-0.07682866675933596
514.0,-0.09871385364339659,-0.04831297036990147,-0.0253413517792672,0.016086982211522455,0.0018639655718593235,0.22880737698010709,0.03579661027648536,-0.11083515160433673,0.08310069643730085,0.045292933537655754,-0.06395769899179223,0.03745981663870672,0.05677689805172181,0.07998252249336144,0.06520002175292283,-0.049073475385348356
515.0,-0.09059368045005879,-0.06932821476805526,0.0031339113072466666,0.02902251551539992,0.04309545952701861,0.28777571747452235,0.014064223448112265,-0.06226665619485672,0.08525467843424954,0.049928986086566825,-0.08196945125486846,0.0060352513810143634,0.019105941125268693,0.06411234676769807,0.12622698622601217,-0.010941773179146122
516.0,-0.06356223925898531,-0.08877324373585717,0.03105460503757273,0.03281610114872534,0.07474299246870555,0.3367902252850815,-0.003324198258268884,-0.007692148494962344,0.09299982635897192,0.059305659284898615,-0.08406353057408379,-0.010197422464681513,-0.015992247565599152,0.04123579095001095,0.15928040536419213,0.019997525543120634
517.0,-0.025561795310854774,-0.1017153031772493,0.05482000891270055,0.022828483199814984,0.09094629227625294,0.35313145900080833,-0.015487126132343884,0.03976289782513113,0.10115925738231524,0.06983084698472468,-0.07359950206893723,-0.010264159722709682,-0.03931572815866014,0.014044789993500074,0.1512247487649018,0.030803746384800323
518.0,0.014381464109460389,-0.10432455066758853,0.0742696395606525,0.0017283600035925988,0.09065401358889935,0.3234152307930652,-0.023965443417741067,0.07240508137209845,0.10276828155637166,0.0758105132337967,-0.0546965994425125,0.001918952229048533,-0.0447582700526478,-0.013957516904149897,0.10368358121009166,0.020432262279078253
519.0,0.048149448711216736,-0.09530979127926612,0.0907545431231984,-0.022212659919987134,0.07671689515648142,0.2526874724428996,-0.03115186787670591,0.09051533310408011,0.09163598147127887,0.07182619254867632,-0.03034019216659251,0.01979650897695374,-0.032140084250360995,-0.03953189120663631,0.030795073861470963,-0.0006229084226587182
520.0,0.06990004820749016,-0.07575609348458097,0.10488915071524235,-0.03992871728510146,0.05454392743261837,0.16278562062068924,-0.03951097677761523,0.10058656170167839,0.0647926852617276,0.055578242923626474,-0.002888853820163598,0.037119026132169594,-0.007896062878132569,-0.06009912499655065,-0.04843781120636249,-0.01808715119569255
521.0,0.07686902530419519,-0.04804565338152504,0.11569372613846339,-0.04590423648940574,0.030885575640107635,0.0809105767741812,-0.05040378228679165,0.10990302177199407,0.02377998771703264,0.029947164498211925,0.025061159062620474,0.05012804907094264,0.01864934693451878,-0.07354138942773913,-0.11783198069719439,-0.023193576933966818
522.0,0.06946737005421107,-0.015409998453512567,0.12137580153179957,-0.039646694921800146,0.01256543495494384,0.02571209487156696,-0.0624132314685142,0.1208177857583154,-0.025656009452762748,0.002591177436200495,0.050527383377926643,0.058132456173213755,0.040960458150858456,-0.07753307074273703,-0.16794402776993478,-0.016731499191158676
523.0,0.050792505324848185,0.017393743774555156,0.12105399336104969,-0.02469363071227943,0.004950464125850638,-0.0009174503633642396,-0.07111629895055697,0.12880808175683434,-0.07497308871434138,-0.017610984556876416,0.07046052014296356,0.06250971537864969,0.0571596030853951,-0.06902458755602449,-0.1955109207351846,-0.005642820476897414
524.0,0.025748599733096764,0.04387717000667723,0.11605003548501122,-0.007031727716672174,0.01025076072254034,-0.011426833560161255,-0.0711162752504098,0.1256564716055617,-0.1147798504079344,-0.025166841978294087,0.08243208663560851,0.06501080274835368,0.06669373763764143,-0.045521358772196624,-0.20070140151033108,0.003534871255044096
525.0,-0.0001518822910519067,0.05732473176995884,0.10946411490157923,0.0062242089504283135,0.02614164945155493,-0.021923258881101432,-0.058958582156133754,0.10505869338863413,-0.1374050418525985,-0.02009806243526241,0.08578984394787702,0.06635223190183262,0.06639729644106308,-0.008767977808901853,-0.18576538152463892,0.008439340642542387
526.0,-0.022174017708719233,0.053135478829643576,0.10427766849945033,0.008707338397306119,0.04577149758209155,-0.04191251207306594,-0.035512282200378664,0.06647929163900072,-0.13969189821667502,-0.0065065957243506225,0.08233802551660624,0.06587666118399237,0.050383747399742516,0.032307490301156476,-0.15556937150270855,0.010641205868010518
527.0,-0.03726824592397371,0.030820232245502385,0.10191819935529477,-0.002274657739736853,0.060057428987665536,-0.07126437755695576,-0.006818908139629615,0.015467504722701565,-0.12425121385583987,0.010192534947328477,0.07557822354012342,0.0622927380184367,0.014156175667120225,0.06391431719615921,-0.11724069610776774,0.013732666427406937
528.0,-0.04383743112116762,-0.004837713304791819,0.10264838183380337,-0.023438699131012937,0.06152846588797897,-0.10357238597256282,0.017851811341932686,-0.038076170233843125,-0.09802289175666974,0.025056717263266682,0.06952170456861229,0.05452157018117355,-0.039739835519013444,0.0746171885267974,-0.07801835744562428,0.021123046474413952
529.0,-0.04105226583347414,-0.04427700441454127,0.1067150200924234,-0.0462199364128265,0.047348268997055236,-0.13084609800638708,0.030451678117745136,-0.08195034301992767,-0.06954979331272441,0.03420827020262801,0.06806045562148282,0.042244741752103396,-0.09896798519477609,0.061588999777793196,-0.04325228123860743,0.03426625492074954
530.0,-0.029155109588628048,-0.07600701324013798,0.11439504745762105,-0.06056633062079851,0.0198421768159423,-0.1465646714945361,0.02810238062091507,-0.104452926636886,-0.04694176469828159,0.03506187433923456,0.07342036050441625,0.026626842687389886,-0.1453597343761105,0.03124973481902295,-0.015451966499902058,0.05261163690597371
531.0,-0.010685391048087994,-0.09085105999005073,0.12475083126792531,-0.05957013786139646,-0.014852342928687059,-0.14740660165142572,0.013770653468700343,-0.09861864793615971,-0.03638684459477041,0.0265819206012451,0.08305207674012643,0.010643897452059814,-0.1643984475077423,-0.004932879734836452,0.006162587924586378,0.07499602175599603
532.0,0.00911144827953805,-0.08524073472042201,0.13445278110621287,-0.04242511745912441,-0.04846991505623418,-0.13431474131678256,-0.0060725376270495,-0.06620963434324774,-0.040163108664034546,0.009420794120493282,0.0883709905717302,-0.0022098088937343107,-0.1535368108649158,-0.0357293340379291,0.025141207900178913,0.10023298970894208
533.0,0.023797654961762043,-0.06185649619231367,0.1381525900092679,-0.014346676628126921,-0.07221790484716882,-0.11241140147015802,-0.024486887441704595,-0.018376103466108573,-0.05469689202096666,-0.014076375537885225,0.07875509617789232,-0.010181690591302518,-0.12291875410531096,-0.05364301596045627,0.04559234404324248,0.1258475478072119
534.0,0.028379098203329428,-0.027890910079230443,0.13078309635495883,0.016225922291805348,-0.07898836173318197,-0.08924245697485406,-0.03604050088358605,0.028424832173085612,-0.07050903566947331,-0.039812646905815645,0.048844032859176746,-0.014482043041696764,-0.0881893807899078,-0.05616520692229567,0.06934489659369579,0.14645815726852943
535.0,0.021272512370187912,0.007549915780732791,0.11026382753886979,0.04123195895637598,-0.06619377246987637,-0.07209643268275605,-0.0377152767305868,0.059199675519618335,-0.07542404452040204,-0.062274883972733695,0.0031464962258722436,-0.018696397814914667,-0.06113909020672764,-0.045682535311927744,0.09443177589083893,0.15388825728327823
536.0,0.004361069463549425,0.03595782058115084,0.0783435597879089,0.05534561847724808,-0.03758646715883201,-0.06582608845893988,-0.029218606436908944,0.06574991131945142,-0.06058777932922948,-0.07599268217607562,-0.046117187803303095,-0.02687850181639045,-0.04498340365779647,-0.028236997249877695,0.11571809102064952,0.1397799443254063
537.0,-0.018484393861386294,0.05175933970377809,0.03889938161590982,0.056592776113030825,-0.0023648345902699416,-0.07155656945822411,-0.012775645040608378,0.047899479146070685,-0.026314290667005254,-0.07775703639023111,-0.08613309209224831,-0.0411616252999634,-0.036612636987342066,-0.01101850239777133,0.12708086596844367,0.09971153161777682
538.0,-0.042830047287730856,0.053769378857135404,-0.004792597499955464,0.04607085887537612,0.028237527060501425,-0.08628877443797525,0.0073637131693283205,0.011247046265331313,0.01636921151604753,-0.06841620791049007,-0.10990179825737856,-0.06037231677102115,-0.032148563819758995,0.0002214489652565458,0.12393710507165767,0.03656023362362977
539.0,-0.06397692822015168,0.044618904750688894,-0.05139371216667049,0.027596064277264055,0.04496094018429478,-0.10462765643834707,0.025590340098833392,-0.036004026645140075,0.05052389100533107,-0.05337763730623956,-0.11784451337576965,-0.08084898882721721,-0.030401974137668625,0.002352032151249869,0.10496750402906115,-0.038946397817960124
540.0,-0.07668696838509836,0.028609310762750473,-0.10010201062563404,0.007484205702895025,0.04313441143953474,-0.12256810648936588,0.036027702670188434,-0.08513931693816415,0.06214717111909913,-0.041363976027798774,-0.1147390359481709,-0.09876379926599514,-0.03247317476208364,-0.005008474538177813,0.07237643691585327,-0.11103262246565945
541.0,-0.07597300150152121,0.009857914082250337,-0.14773268632961112,-0.006170473140117676,0.0232527834330758,-0.13965401792412613,0.03395786648959305,-0.12797021003092857,0.0475944776369045,-0.041331794717029725,-0.10514446890077357,-0.1119855035278691,-0.039896394883498505,-0.01905510487973222,0.030737453641189794,-0.16395172798882676
542.0,-0.05973868089517593,-0.008185293526069918,-0.18716312400228263,-0.005886277293556356,-0.009941512055538252,-0.1569748877654162,0.017278056595236426,-0.15781026995900455,0.015042563281265315,-0.0583428994888507,-0.09094798048625442,-0.1202524190273295,-0.05394037443535067,-0.03356850444340492,-0.014655287219826752,-0.18704474804317361
543.0,-0.03151603130699789,-0.02240156831330958,-0.20896687380134732,0.011306579888139899,-0.0491521713576993,-0.17369806405134045,-0.012248267189865799,-0.1702312835041892,-0.020485908160219484,-0.09039507374945543,-0.07216828103841251,-0.12409613746069148,-0.07565675698913264,-0.041171042112896655,-0.058420144869234976,-0.17726094275445053
544.0,-0.00017439876861684623,-0.0300371303952357,-0.20521316508571213,0.041096740271056593,-0.0863077573545718,-0.18543752851837994,-0.04850577358698911,-0.1629759804655506,-0.04506850498140963,-0.12851750782424234,-0.04886542037987868,-0.12386349953094651,-0.10451584513854598,-0.03794695138495526,-0.09438145282647456,-0.13842140306322906
545.0,0.024221173567619613,-0.029462891698203295,-0.1726429673326823,0.07297470445023495,-0.11398697116701803,-0.18464876179645828,-0.08191596658888764,-0.13594334073205272,-0.051897296341765466,-0.16063275497320406,-0.021949399921980587,-0.11963064387598774,-0.1356970237335695,-0.026283127824495083,-0.11533716796828401,-0.07884007440606908
546.0,0.035457633758355485,-0.020883208653246586,-0.11390706460668386,0.09488247849155194,-0.12668989410046808,-0.1630890878074489,-0.10176158684497008,-0.09233688019245412,-0.04270994275059348,-0.1768940103711801,0.006773197016476735,-0.11179296732282487,-0.15947420322770192,-0.012426066739230553,-0.11490844290704189,-0.009075493107986568
547.0,0.03356230109857247,-0.006337713285590677,-0.03798060606199792,0.09867245123217105,-0.1220495683535219,-0.11670564589306817,-0.09961414310648725,-0.039814596645901076,-0.025473223826112345,-0.173337891716766,0.034187627382464954,-0.10169267380210352,-0.1656347085831631,-0.0006438711691670488,-0.09083980292953371,0.05962947866083988
548.0,0.023684257794062972,0.010803851201274233,0.03976656042105553,0.08360727838974875,-0.10149824322940909,-0.05033217513538012,-0.07309046077209393,0.01045256059074656,-0.010217806478641778,-0.1524845958682617,0.05541754310240443,-0.09163382118686765,-0.15046878649863477,0.010452506576279087,-0.04780118755321374,0.11633571413388512
549.0,0.012968871394771878,0.02670306257548707,0.09969126298000877,0.05627594457958256,-0.0700188814309977,0.022388416454121745,-0.028024917375080522,0.047053794184784115,-0.004616242605715632,-0.12150230759878254,0.06451209090251975,-0.08401249996402273,-0.11935011905315855,0.02577102587810009,0.002134383286212339,0.15138971482499178
550.0,0.007219643281513544,0.03861500452414674,0.12338723010995349,0.0268676265465309,-0.03486169744170329,0.08499095363360018,0.023242308366172883,0.062489680601356026,-0.011204238157147295,-0.08905075096225028,0.0567476903070767,-0.08009007804306965,-0.08149001977707979,0.04719382356889301,0.042446324266021324,0.1581402978648463
551.0,0.008604618209876092,0.04653107741668594,0.10051138833972535,0.003681614478610341,-0.0034154588644020553,0.12557239685065597,0.06738350774113543,0.056539640813429125,-0.027539620946256636,-0.061909493558214714,0.03154637582247404,-0.07921605285090934,-0.04237808825702472,0.06820608770617465,0.058457255373810045,0.13533545441006642
552.0,0.015203272309995016,0.05284913487790625,0.033551978408737984,-0.010867213872579985,0.01877370706470884,0.14019306876845436,0.09577066600906917,0.03703737746036855,-0.04865251772188799,-0.04276559317788807,-0.005908718271696102,-0.07890576094158944,-0.0021315217424642333,0.07518169771754897,0.044585044026331705,0.08887763387968595
553.0,0.022466233615986732,0.05950272897710138,-0.06143445595438428,-0.02009110529158251,0.02902768934642455,0.13172840310991227,0.1063803111104044,0.01648957391605912,-0.06999344482850754,-0.030184469586514422,-0.04565181322788621,-0.07581666839166598,0.03936865493433826,0.055475841666978144,0.00824235634771569,0.030894953522445076
554.0,0.025740439683814266,0.06541993786048061,-0.15872673868594642,-0.02900990505367029,0.027916450973021652,0.10751217295343736,0.10188531858789986,0.005329426186363204,-0.08915147332417304,-0.02033951774532093,-0.07614786062161405,-0.06720469565330518,0.07716921438411155,0.006708708985401759,-0.03237523421663035,-0.02465995064950237
555.0,0.022567180084701304,0.06731711705956307,-0.23073442109468748,-0.039741256005148794,0.019152674541026003,0.07791261847728508,0.08684436275681635,0.0060984290192652646,-0.10523425057978274,-0.00904510305530131,-0.08815375650510551,-0.05207792681116293,0.10142932553208196,-0.05896828145479149,-0.05559780615826727,-0.06754469655805724
556.0,0.013718361443468042,0.06304297718154644,-0.2567858997204297,-0.049777257858220104,0.008508045491555009,0.05480252137621578,0.06560077901244668,0.013354671111925618,-0.11659397864564561,0.006589929214166919,-0.07776151530827577,-0.031609153000552115,0.10286563409817977,-0.11826034844667592,-0.045400068654089035,-0.09425099486952766
557.0,0.002742613576289667,0.05408423668129707,-0.22936458255801662,-0.05420887105283705,0.001934174300105803,0.04849353610217961,0.041130223178620626,0.01936302840079506,-0.11950401806385347,0.026587550563725738,-0.048111831479177324,-0.008788553984456509,0.07931951563203693,-0.14636206957465653,0.0016520841457069314,-0.10715018303080949
558.0,-0.005456596961419431,0.045021294342378775,-0.15594987389503592,-0.05004738382878738,0.003693522691163972,0.06388776991861189,0.015646594748505712,0.02002983017015749,-0.10960319235021809,0.04702184972866263,-0.009655436152824088,0.012542210923073468,0.03910784862549168,-0.12826371604046813,0.07499820428128917,-0.11080267135648406
559.0,-0.0064906363624152585,0.04044979329474611,-0.05607373773124398,-0.039239593468732674,0.014828074853249608,0.0977185358936075,-0.00745318299384411,0.015892635737813385,-0.08499714015690288,0.060757259360265804,0.02187659716127888,0.028700669894521764,-0.0009534658472831369,-0.06603023597567927,0.15490720871172622,-0.10743377113655748
560.0,0.001513529211040525,0.041567584457822465,0.045747957938005866,-0.027962500659068062,0.03229767424833205,0.1384557223331304,-0.022933383000649527,0.008842982188320263,-0.04831479971740062,0.06051986372736802,0.030954927645229925,0.03675621842289352,-0.0222604016605467,0.02163671539985615,0.22059709794360716,-0.09481913476651944
561.0,0.01648042575125152,0.044721531462844306,0.1281349440573586,-0.022754579859834433,0.04969330019341597,0.16992935176010932,-0.025766380797958115,-0.0009366874383929152,-0.006256706783980821,0.043185823006506065,0.010094440074741464,0.03523191939594103,-0.013158548188978969,0.10707339802724736,0.25654416669201274,-0.06947161420310716
562.0,0.03260449185348524,0.04317625426614783,0.17775448608711464,-0.02639009800154854,0.05976187918656999,0.17775271398878048,-0.014227944233675913,-0.015132544618009738,0.032597231328206064,0.013030433419872953,-0.0344479026886532,0.025193084604625642,0.024676593575496675,0.16446002205517624,0.25411733253340946,-0.03341622668012483
563.0,0.04278095153409433,0.03139831669428691,0.18982916370824554,-0.03625011721876424,0.05745243841307624,0.15519551734286846,0.008367737056358706,-0.035092724657070966,0.06034337986243955,-0.01844430369376949,-0.08376937108991557,0.010557052941663352,0.0759372297736687,0.17876564127338654,0.21124242412577196,0.0019288686065546557
564.0,0.04217078543996497,0.009019275211668558,0.1665719175129048,-0.0460818578134888,0.0417992161400304,0.10538648208225164,0.03430493746669035,-0.05914271465089143,0.07190760232219291,-0.036943066847968185,-0.11467154696017944,-0.003180826516139874,0.11758848534411752,0.14942377262004994,0.13379000137400418,0.019812094321943127
565.0,0.030430025795612943,-0.018527307835936074,0.11558050571679611,-0.04996451624946878,0.016066008290157346,0.03919940003709818,0.05388622785566486,-0.08135529221103954,0.06629793267786067,-0.03212966769340853,-0.11067888240955934,-0.010891811250386236,0.12817291841670572,0.08809941076663669,0.03709729915026447,0.008279624117462218
566.0,0.011263117480623119,-0.04306758891025804,0.04834464769878361,-0.04569905644315846,-0.013096181195100746,-0.02964316241580558,0.058127216568228814,-0.09289890248179411,0.04696145777013039,-0.0028830827930329006,-0.0694000223153751,-0.009433573766075063,0.09658204508696341,0.012762758900633138,-0.05630363481230914,-0.03088768662073039
567.0,-0.00951191192049191,-0.057974618395049506,-0.021610263976667703,-0.03509123891397611,-0.0366707775672224,-0.08963753475473604,0.04089277112079911,-0.08575049572932254,0.02150781784653582,0.0420332989431835,-0.002711932825938883,0.0011499999442295932,0.02645224910004774,-0.05853453313807033,-0.1228997868144331,-0.08102402876723824
568.0,-0.025883758052122646,-0.06076039152611028,-0.08132399754018789,-0.021465610728177358,-0.044970878963595834,-0.13398631462943442,0.0012522447195240057,-0.057337364149401424,0.00018385622318339268,0.08815777155897056,0.06928519364586858,0.01728365405185316,-0.0651509367736447,-0.11195236274030727,-0.1455243098360677,-0.11850044331092249
569.0,-0.03345644829541029,-0.05266372188466366,-0.1215244574168947,-0.007168056567825857,-0.03109393689897189,-0.1594560719883195,-0.05367613596889303,-0.013490652830346304,-0.007339509186358841,0.12177927908924961,0.12666180820709244,0.033358224817835194,-0.15318819898397673,-0.1399874778967155,-0.11958141278757711,-0.12507681477545748
570.0,-0.030956940341771086,-0.0363547491450479,-0.13894035603702684,0.007134341078285349,0.00468719584927315,-0.1638854128929337,-0.10814674848548662,0.03294933386716435,0.004522907912909584,0.13499349640188668,0.15629353860496908,0.04474520142563937,-0.2123389123600224,-0.14214156384567284,-0.056370200348310556,-0.09715701069981982
571.0,-0.020326343302122202,-0.014417805568210897,-0.13614062694668014,0.021639959660970206,0.05293780911799575,-0.1458414795293868,-0.1429009228973946,0.0677983890140317,0.03536410775872126,0.12711267542874258,0.15498364819037094,0.05008286505781651,-0.22518087873684195,-0.12408943863019968,0.019131463108861494,-0.046454893784923096
572.0,-0.005201193409968258,0.010097400224902242,-0.11866776504468783,0.03599757313223829,0.09800908128077034,-0.10702255213917952,-0.14461708230874237,0.08194818070571654,0.07897846823677904,0.10290775075907077,0.1293805961691094,0.05107894657396798,-0.1881522722759995,-0.09482159919201669,0.07724411070195628,0.007596551244467782
573.0,0.010803629231075076,0.03247507926423228,-0.09175147586868374,0.048306434388760894,0.12446107726728657,-0.054793157709404065,-0.11321461840056665,0.0746934503705871,0.12499631826556314,0.06963894665619566,0.09259088371327673,0.050451776276947295,-0.11261326439155792,-0.06302967107230346,0.09569418612604992,0.047938487895332955
574.0,0.02495722113876898,0.046295149783086256,-0.0596276836892506,0.05542954490810445,0.12300992618471433,-0.002110168041057651,-0.06172150439736614,0.05270895535227132,0.16104838932074853,0.03423002646826812,0.05770922030510098,0.04979658433743924,-0.02007717797798336,-0.035158745213041076,0.06803863303487655,0.06612277954523804
575.0,0.03559345755532782,0.044991825696265746,-0.027288060167656763,0.05447604673477349,0.0934036118972545,0.03616060524063742,-0.00946881894115165,0.0259609291375411,0.1751558316624607,0.0011300091127070101,0.03126754787354545,0.04861046431332596,0.06634388425354863,-0.015162170295581598,0.004813713994070483,0.06251850077260043
576.0,0.041880762758167295,0.02479626715488979,-0.001007362018682419,0.044551830796756065,0.044137272718613646,0.04936294078254771,0.02648922313958687,0.0030610045438485144,0.15906766807748385,-0.028458073366050336,0.010725980272809684,0.044781910321119174,0.12952895403598583,-0.003964296298215253,-0.07090722622173776,0.04290436806699439
577.0,0.04335644265288831,-0.0119483041391737,0.014309684941488847,0.02792308882682234,-0.010326673854425645,0.0361480757655314,0.037501996318580026,-0.011622381835951831,0.11243425113111015,-0.0551504873180102,-0.01238044390775881,0.035965652437069985,0.16131068619543468,0.0014177867826488033,-0.1313756026760805,0.015149919409115873
578.0,0.03978195310399826,-0.05562715201059991,0.018180527290867388,0.009639415739851082,-0.05433064532102393,0.004761191625059114,0.025296345915007713,-0.018430132978398576,0.045111411110031314,-0.07818919858634928,-0.045504513618046916,0.020765101520063847,0.16145197230177183,0.006776249095643558,-0.15468999340180284,-0.012341177427496733
579.0,0.03156366044974852,-0.09242664225387094,0.014297821243176913,-0.004847339454807049,-0.07650794901667302,-0.03198696086301085,-0.0002645638625061827,-0.021184023997363376,-0.025360878456940895,-0.09316935945764904,-0.0887514641233199,-0.0009378603405483094,0.13539292093386077,0.016709823891966596,-0.13487044384289265,-0.03139937267654655
580.0,0.020180393448809442,-0.11061430194427345,0.0073243666640050165,-0.012751664357090102,-0.07376185917963016,-0.06340393032793278,-0.026404482463568784,-0.024756066398109625,-0.08050724955582104,-0.09361210825905047,-0.13366015665395117,-0.028167849278354404,0.09201438993251064,0.030452919842883435,-0.08552626308311852,-0.03582597793872238
581.0,0.008023852745946669,-0.1062672795460777,0.0003766099097117077,-0.015351281566017828,-0.05185576581488844,-0.08471909041005486,-0.04306199755074662,-0.031719859187090485,-0.1078701667310155,-0.07607935292327224,-0.16790550435954732,-0.05860338752502721,0.04131419409624757,0.04155484692795522,-0.03360261135554953,-0.0241430228959251
582.0,-0.002392910805158559,-0.08481733461730155,-0.004714594026940874,-0.016710131049980214,-0.022205907031249562,-0.09593878844304343,-0.04614152479534954,-0.03948317216937279,-0.10453651724618629,-0.04485024720032204,-0.18201992570760248,-0.08755568364542604,-0.0074265164076992825,0.04214223023411771,-0.006255536890900178,-0.0008970463747003943
583.0,-0.009522360989189085,-0.05756043829125841,-0.005692720326203866,-0.020998406156281447,0.0035937337772740147,-0.09722821566810295,-0.03721834108090829,-0.040282921542929825,-0.07650994940054026,-0.011683558021729327,-0.173333881373715,-0.10750718609619574,-0.04612075852943883,0.028165969038941172,-0.018463224227275032,0.025481385385909994
584.0,-0.01360513235707899,-0.03547052304881637,0.00100371559666117,-0.030538119097576952,0.01857745619148953,-0.08517545048398352,-0.020995554424354506,-0.02510242211369295,-0.03528711421567926,0.010311033517245308,-0.14555541478222092,-0.11004882101400716,-0.06762023025734745,0.0016944296127539447,-0.0675310624763063,0.04664521560977844
585.0,-0.01646028994385844,-0.024164098937920594,0.018854224281804128,-0.04552187481272402,0.02214691460713033,-0.053819247807427514,-0.0027250372110908428,0.010779041143774306,0.006517272308260636,0.014490414539876866,-0.10608616116376482,-0.08985905368310736,-0.06634589699204006,-0.030334783212268627,-0.13537445952602334,0.05716357209194302
586.0,-0.01986125138571478,-0.022883298226851964,0.047726885077583416,-0.06458443753098242,0.018636900765410455,0.00038622092158383566,0.013458499797041243,0.06453640638684512,0.03888677082248931,0.00403645947971895,-0.06359940340433352,-0.047962891403378165,-0.04058201929628496,-0.058953107964510275,-0.19586013536384553,0.05557108542757332
587.0,-0.023580509551673727,-0.027252581060420354,0.08079871462937982,-0.08515001770331447,0.014266858423462894,0.07450327070771108,0.025201046450852475,0.12662570612537857,0.05621937239089969,-0.0112807683374913,-0.025853639125941658,0.008116493754017807,0.004589410319838295,-0.07613526789918297,-0.22440724949562785,0.04422666074784576
588.0,-0.025091638317029912,-0.03284302288123221,0.10531188182403396,-0.10363524833167517,0.013913673104590834,0.15905454528714658,0.03155787619649636,0.18438090577505603,0.05697990747131682,-0.021308876128838944,0.003166494188034708,0.06728856165763514,0.056526379301989976,-0.07767477610366566,-0.20734345500648127,0.027999557474686215
589.0,-0.021411574535217817,-0.0368891418683587,0.10786964356596804,-0.11610484580122517,0.018740833344149287,0.24056821338694181,0.03245409938603928,0.22595813706628587,0.04264387056155862,-0.019909444311502357,0.02563284781681333,0.11871312899894104,0.09886896982510156,-0.0650049706970988,-0.1476055786251114,0.012356957927607581
590.0,-0.011517209920453152,-0.03787049017914535,0.08154203031221581,-0.11926895812507475,0.025640966985524212,0.3044665326874001,0.02897986306050127,0.2429322310505255,0.01737410689416517,-0.006266083085785144,0.049360875333757895,0.15415544784812915,0.11878626090224885,-0.0441034801343473,-0.06389489594975946,0.0020342267903637637
591.0,0.0023204849170150765,-0.0345473288131082,0.03049568220500057,-0.11121978073960716,0.028743285619683458,0.3383013587636006,0.02394526570403951,0.2311883097779335,-0.012343632093532035,0.01563758190162439,0.08312228118854853,0.16844663623361347,0.11291589511402146,-0.02161677507438942,0.016585059918241628,5.2965046747734134e-05
592.0,0.014967677476928,-0.02617943941335408,-0.031161168602367412,-0.09169051509949361,0.022342820638286884,0.3354169005477329,0.02143531655432032,0.1907552046849458,-0.039564030164137266,0.03889041388216599,0.12949302144227554,0.1590985814076994,0.0876654547278884,-0.0011357999132907005,0.06865141177554457,0.006144413643823573
593.0,0.02034266889017178,-0.013886608999029793,-0.08570718598921613,-0.061932467795154336,0.004218362827714704,0.2973738667675093,0.025071708072538085,0.1255906184374015,-0.05987030474895979,0.05678859729855811,0.18033915372537496,0.12612705061852084,0.053899463248069275,0.01785442635772454,0.07867765117447327,0.016005941647473414
594.0,0.013679718334950207,-0.0012910356183557497,-0.11867980593833133,-0.024412093461535136,-0.022102931738191906,0.2335927214244528,0.035805333218922424,0.043708041460426804,-0.07337037226659279,0.06545734569878146,0.21944751496035347,0.07291023246778708,0.020711836659802915,0.03827298597705149,0.049779803460859195,0.02397110306568845
595.0,-0.006881647770322323,0.006788288563162779,-0.12243776020832521,0.01716421473180628,-0.04768320836072982,0.15792287065057733,0.05061204991923127,-0.043186167190317634,-0.08348925097152768,0.06399968618049852,0.23068926907706283,0.007718662261555041,-0.006886810893220104,0.06241355753387301,0.0010558531027889122,0.027759710512860334
596.0,-0.039650612783948797,0.006612448645923583,-0.09672965489640355,0.057480826570330386,-0.06164321850940021,0.08292072418501613,0.06310873683847702,-0.1213371703921209,-0.09267461751870645,0.05276749697230336,0.20535809621816944,-0.056450268715879645,-0.02609085651872648,0.08955087711887073,-0.03930973996704846,0.030236777539903923
597.0,-0.07955263148005609,-0.0029068796944849724,-0.04809455258004252,0.08994028905822475,-0.05658597104520024,0.014710731795116231,0.06611712872561377,-0.17747751078018148,-0.09866976810603334,0.03207177457431429,0.14482303314646056,-0.10539813655468205,-0.033932776328238226,0.11567206314506137,-0.04552485923701959,0.03608971364778583
598.0,-0.11888114146376474,-0.019662356076757266,0.011815869184503922,0.1083270638203788,-0.033212601278241785,-0.04794278558881446,0.05523542541668825,-0.20163487861002444,-0.09515778073488057,0.002729182513758504,0.05956773671269875,-0.12896458987661172,-0.027825862140145815,0.13499182788476558,-0.00570580972205974,0.04729153786184706
599.0,-0.1487543941941859,-0.03826916831381634,0.06936857521973029,0.10903256892473041,-0.0010684199084529068,-0.11010948289458646,0.031521452505447786,-0.18989166108340716,-0.07627405020883164,-0.03191705341740475,-0.03357319333209897,-0.1247430768427033,-0.008964081754012395,0.14175603655744265,0.07277126446521849,0.061702641827704345
600.0,-0.16160609596204722,-0.05058475062658177,0.11234562860849172,0.0926515940373782,0.02548955171440468,-0.17575342646415124,0.0014203649145438776,-0.14619875024272747,-0.04117226544713224,-0.06404702236635568,-0.11569227916479141,-0.09822863657615802,0.01477855306285305,0.13169192216519796,0.16720467119619417,0.07461269385488463
601.0,-0.15396202934414419,-0.04758958082933381,0.13230272470288978,0.06424246532495745,0.03388306390577708,-0.24381908357455573,-0.025951803439073644,-0.08191329944686837,0.004253440191137827,-0.08147098001252548,-0.17101631268476555,-0.05952016376278523,0.03017120094036525,0.10357775536372801,0.24987441172648173,0.08076661531653131
602.0,-0.12773099363622203,-0.022946694902260912,0.12601698768456748,0.03200920031180184,0.018972817283496802,-0.3062901241637973,-0.04227348072996794,-0.012613563450160934,0.048833803618946445,-0.07113959539509881,-0.19113214691421512,-0.01881167689295101,0.024572469393980667,0.060942955895913045,0.2985059249766076,0.07595901549663699
603.0,-0.08909046049303523,0.02286478589398009,0.09619367876183596,0.0046945441488924575,-0.014667996968805424,-0.34925102416531706,-0.042676715882402086,0.046776775527570834,0.07972771122001658,-0.025529892221492344,-0.17634940021983264,0.016568218063551084,-0.006917323578416737,0.01247303249912617,0.30245349314528325,0.05826235552759385
604.0,-0.04573670009752636,0.0806271633162847,0.05092107515126161,-0.011344507302557478,-0.05454928719218621,-0.3579026213020009,-0.027048335412087007,0.08641054282536192,0.08714359954432574,0.051170208296480085,-0.13413651471190668,0.042662803192030085,-0.05685570833418928,-0.03040341137274693,0.26362339799970663,0.028405121671902
605.0,-0.004103754135803579,0.1348454290796127,0.002005615670871515,-0.014072241464632299,-0.08529381774194958,-0.32434366354839844,0.00023373992482902714,0.10327940233363242,0.06911253236893103,0.14161989422502821,-0.07620152548052232,0.05811804531168631,-0.10566893211868858,-0.058100336749727075,0.19305272377520333,-0.0105707505994205
606.0,0.032193329988166694,0.16918386609969105,-0.037253250776416544,-0.0058033069289071875,-0.09470944082735763,-0.2538065514328248,0.03195199579947152,0.09988136021390892,0.034002242772303494,0.220963846041587,-0.015329199446630732,0.06352212789697387,-0.12828155948997877,-0.06674969899132782,0.10556956213425088,-0.05305548709834998
607.0,0.06260396798790763,0.1715102115538069,-0.05525815476632341,0.008560216057328339,-0.07813015760864286,-0.1644763882506243,0.06017366914552973,0.08167171643018944,-0.0020592635388608175,0.2667499385444462,0.03784577199691571,0.06113079302150919,-0.10594206537867007,-0.058832636518828724,0.015904930473055592,-0.09017101611140846
608.0,0.08905392715502952,0.13741434652444376,-0.04646753724579301,0.023847908930623645,-0.03955275154491457,-0.07993706618290893,0.0778484358077234,0.05504529412009634,-0.02278721600069198,0.26719241889578765,0.07725849541024797,0.054614432185631584,-0.036568387908759555,-0.04059681300500951,-0.06304257854305532,-0.11115702630689946
609.0,0.11434093821533316,0.07265584504847462,-0.014732108104482848,0.03605974544583232,0.010030638801253327,-0.018905018105428148,0.07995277687564002,0.025635732166429226,-0.019895396939723062,0.22355037174942366,0.1017094851058407,0.048681562605549386,0.06377549614858397,-0.01840391397671438,-0.12218004771526049,-0.10792497165419584
610.0,0.13945749022540424,-0.006732707916330244,0.027363693677947148,0.04254554149217091,0.05628880804662989,0.011152163629222386,0.06495301180923944,-0.0031115470264892493,0.0034514101020920143,0.14687854429624392,0.11309955363605291,0.04842779819289887,0.16873101999751064,0.003545038356642455,-0.1585395009869783,-0.07975342712406831
611.0,0.16131690793252534,-0.07843680057262,0.06350454292072766,0.04171944765479833,0.08636662030533471,0.01384924160666583,0.03625945146197895,-0.029391213653946462,0.035495206295642186,0.05275322781789212,0.11375482681031823,0.05794145119142029,0.2525327861354428,0.022828777545523888,-0.1746825704253014,-0.034176156959693844
612.0,0.17301416727819582,-0.12097683652403765,0.0803287951373455,0.033087209488145586,0.09309091837725703,-0.00019852112113070692,0.002049655796226369,-0.05033517045903489,0.06271770407912448,-0.04268059317136567,0.10419636573877707,0.07827419730032854,0.29783403314256,0.03673932871886834,-0.17466546440007436,0.016319807861410653
613.0,0.16727098158443585,-0.12095538516557382,0.07237145749990652,0.017505878029322033,0.07655670701408673,-0.017659422830441033,-0.027492836971888254,-0.06055481362384564,0.07661609373413897,-0.12448134820253055,0.08322434136521982,0.1061960350390362,0.29884062211516016,0.041156900834459,-0.16096271093720999,0.05921009569901677
614.0,0.1411130239384294,-0.07802683959481094,0.04334252496535599,-0.002604334246423788,0.0427477165981051,-0.025882774614580557,-0.04458541363431105,-0.054618796166611375,0.07701316307539556,-0.17955005500566232,0.051012800083744606,0.1351398645505257,0.2609539353697663,0.032049438027829856,-0.13558931439207658,0.08615313996651867
615.0,0.09837006739462709,-0.006042718093344344,0.0041948696367405626,-0.02291605396581836,0.0008690773996829848,-0.01655995921086273,-0.0474588033458847,-0.03158112400884011,0.070729469014388,-0.19785794786094735,0.012545327917747377,0.1577689171376331,0.19793249025017448,0.008829186910982745,-0.10286619781385048,0.09487781998254388
616.0,0.04804440888537594,0.07105557061002721,-0.030565049538183203,-0.03702450673779183,-0.038715843613023035,0.010269713460623012,-0.040564282531152705,0.0025233427635309807,0.06655561308920575,-0.1754602449353859,-0.022321429436939346,0.16809142586776366,0.12699101804553647,-0.02302698899562417,-0.06943142120304854,0.08777665622899378
617.0,-0.0001085421123284018,0.1281549922518615,-0.04743286451529639,-0.03777625679711868,-0.06594378373509611,0.045158162082738505,-0.03112173892064775,0.0362284286462678,0.06912657164228914,-0.11831112029841426,-0.042937655493790326,0.1620236563248884,0.06285239030445379,-0.05293373243318306,-0.04131870549049462,0.06861821497610929
618.0,-0.03943686000563857,0.14854900316267275,-0.03844293534970825,-0.020571487194064184,-0.07327659077201386,0.0740973060903689,-0.024959295370403946,0.057118875261202115,0.075652125511216,-0.043240139125962036,-0.04327951138904613,0.13745773222626637,0.01283324820389347,-0.07016945435988824,-0.02142991755121518,0.04032824439377501
619.0,-0.0674457701565513,0.12914170834334332,-0.004291300411010409,0.013239339543729198,-0.05871065112278845,0.08632391375067075,-0.024496977893943048,0.05685817714696048,0.07806657051820458,0.027221957425982414,-0.024793245093175938,0.09525836614071248,-0.024663112158865064,-0.06966044621025388,-0.00947741374338852,0.005119110975640173
620.0,-0.08437338687517,0.07975062926487603,0.04526175141032036,0.05563912425332313,-0.027534811254082442,0.07864793638767395,-0.02913770956997975,0.03478517244790093,0.06892450451131732,0.07458006294761858,0.0049904661375544225,0.04053554207915274,-0.05750993725524735,-0.05444401001878884,-0.003757457239797477,-0.03400143520252433
621.0,-0.09086078364888259,0.018413345186374455,0.09475176027768727,0.09498312210827846,0.009138787231989248,0.054143754487438654,-0.03696504891277965,-0.0013628376096578442,0.04665851990900816,0.09209851678962307,0.03641122048944665,-0.017735468203071654,-0.09496618272985703,-0.03314735072856342,-0.003064104836786338,-0.07184738672537404
622.0,-0.08634628176543005,-0.03486280358858899,0.12962138263290793,0.12101720422394373,0.039016345669831164,0.019022075437423017,-0.04631174478580619,-0.03817146258201848,0.016844318008883044,0.08512518071871666,0.06145948281318753,-0.06896554248486883,-0.1429405274145844,-0.014334249097690306,-0.007339855159223128,-0.10092920444501868
623.0,-0.06966262927347243,-0.06431308371324752,0.14227410490523887,0.1285284572651348,0.05392143625526296,-0.018335482096698368,-0.05590076195279143,-0.061636431574809386,-0.010895983154307303,0.06508294382904756,0.07574352340289543,-0.10357430772692848,-0.20032450660161283,-0.0020313268803112635,-0.016656113942978737,-0.11322063146870966
624.0,-0.041782944475818186,-0.06346858400892354,0.13318882054029507,0.1176474306256225,0.05240725649835134,-0.04688019009645639,-0.06401696786206904,-0.0625771886705754,-0.028167041466362692,0.042494260111841264,0.0786321110416774,-0.11523660212832251,-0.25728408968003413,0.004435216064444025,-0.029440138138223364,-0.10370784183481696
625.0,-0.008009285160198502,-0.03764027634385786,0.10715442029632402,0.09194532358444485,0.0385801354302914,-0.054276665412855266,-0.0687773996917515,-0.040432354388660545,-0.032451987948924677,0.022965681518226744,0.07249455167313844,-0.10287589498717781,-0.2977791156110366,0.007810172931145899,-0.04142454442306367,-0.07408088580308583
626.0,0.023410952944438044,-0.002168462832375235,0.06899063710959832,0.05683088053954264,0.019259782220455473,-0.031104672253862146,-0.06988838390039263,-0.0036537737057175624,-0.028850047164202728,0.006725108170143999,0.061374142463984274,-0.07180996913060857,-0.30719709464613376,0.011207162917277939,-0.04611710906806981,-0.033412253055383964
627.0,0.04573941861343293,0.02415893777055099,0.022484411665763367,0.018884371344310313,0.001909831323777614,0.024225017761710727,-0.06917923861422898,0.034003324317263085,-0.027123968913410634,-0.0092001297718131,0.04884679547527695,-0.03296349131414258,-0.28096669529931867,0.017876808033541983,-0.036737159466010944,0.005771486439105788
628.0,0.05721430738900031,0.02827067217788902,-0.027732489040969862,-0.015178708631583174,-0.006838107578033765,0.10256006342873825,-0.06801931336815391,0.059421416959919565,-0.03490801057962623,-0.02738371542657642,0.03618662656875457,0.00016426824013756898,-0.22725267399367569,0.030380894985822887,-0.009302636841826525,0.03332882516049183
629.0,0.06043272511368153,0.00924797579061406,-0.07438384587230594,-0.04035172681528543,-0.0033025260417134565,0.1855730450057868,-0.06420383044540234,0.06480158130557505,-0.05196219392582347,-0.04677164431554749,0.02311017961953057,0.01597824256638446,-0.16159284351258213,0.04917258707762668,0.03417592685260335,0.04503569409048039
630.0,0.058861741851357466,-0.022755691699067767,-0.10806893591725333,-0.05472083364052241,0.011400412182645816,0.25246747294202376,-0.052472551346793135,0.04893791496100915,-0.07000261019790868,-0.062140471421178026,0.010897002712746713,0.009073088960800937,-0.0985637357876946,0.07244117988255526,0.084735605412004,0.04243755462412388
631.0,0.053985104603280556,-0.05415977565452195,-0.12006931601843576,-0.0593710728602856,0.03178335064157828,0.28816325839989165,-0.028860301498231558,0.015591653892324127,-0.07772259901292808,-0.06721733371713091,0.004033793169483536,-0.017613544765637236,-0.04647063091947964,0.09718051700157262,0.12931802370976836,0.030497364566139856
632.0,0.044979446118251123,-0.07554697355557712,-0.10634917116580006,-0.05707261862666447,0.05052654990501592,0.28733743831084607,0.005154345481031437,-0.029066080941663956,-0.06734255450190109,-0.05906470322594849,0.007628642446248548,-0.054003525190128694,-0.0069217664424238885,0.11974563659871419,0.1559126303920668,0.015192051430055958
633.0,0.030364160482248354,-0.08380851487906296,-0.07113866179260661,-0.05054141256809687,0.061269337986332315,0.2527060616968366,0.042165978673490284,-0.07802529555232864,-0.039240151475717536,-0.03989922138881969,0.022862476891605366,-0.08700457159167635,0.021930471335432054,0.1354620547313183,0.15772308391199222,0.0024556493177710953
634.0,0.010180022610093273,-0.07975629381258319,-0.027325584710129698,-0.04119234630484536,0.060549329411129636,0.19108689606613238,0.07192907172041689,-0.12338284817333385,-0.002383821003899543,-0.015383171094751643,0.04478392676063206,-0.10558620901695454,0.041298064962515285,0.13846942866860967,0.1344142007920317,-0.0021002133793120597
635.0,-0.012663484768747141,-0.06530503432390206,0.008543905967210113,-0.029213379185488268,0.048526249196704896,0.11125151889612947,0.0859026125899216,-0.1561197740932587,0.029881900646629603,0.008155628574488418,0.06396712283510154,-0.10465275516458383,0.05002800117989214,0.12290287323211056,0.09082472981168224,0.005419531060384176
636.0,-0.0328269016600849,-0.0423997615633937,0.024800724603848474,-0.014886766900588318,0.028281939788405645,0.02462249661926454,0.08121412215362732,-0.1677879207731292,0.046326819215320225,0.025221515104824323,0.07049824519007702,-0.08643320729749777,0.046011536253219326,0.08559923128184037,0.03501869944262817,0.024620650253439066
637.0,-0.04462985791303895,-0.013693782284430607,0.020950767842603944,-4.39257720316894e-05,0.004400607144566634,-0.052978814058689615,0.06238175063346555,-0.15383269723419418,0.04290302872214616,0.03172156348952219,0.058172598210465186,-0.05881927289098489,0.02894450406662281,0.029200419863937913,-0.022546130959602152,0.04975665887538551
638.0,-0.044501726125886286,0.015864547527117457,0.006552230629173114,0.011529247618126777,-0.018107257471989196,-0.102175024209144,0.039933451778966365,-0.11603111310037009,0.02402475120491951,0.02615448224431441,0.02706336756053822,-0.03138658137750278,0.0028542945047134484,-0.03675241472313836,-0.06906874145207416,0.0720007095529141
639.0,-0.03240678894798435,0.038456306529561494,-0.006894484642721642,0.015321446885718931,-0.034618371581512694,-0.10645721991416932,0.026357616365364434,-0.06263024934292212,-0.00028668390445100317,0.01090485877792503,-0.01694738443555311,-0.011912774828248191,-0.022958938058719132,-0.09838765817718613,-0.0911425714984779,0.08339245746688742
640.0,-0.011637094466018837,0.04568529362860201,-0.014099837474435151,0.008711759336345699,-0.041980013289101746,-0.06252856489876597,0.03061432437039925,-0.006802359775359653,-0.019613009373767133,-0.008363010642357118,-0.06502154258041026,-0.00565428027908392,-0.036468143408704606,-0.14239546326873853,-0.0793493094834119,0.07978238833962412
641.0,0.012473686722462485,0.033180723364006084,-0.017389609243504627,-0.006588061609350378,-0.03938578749388392,0.01252266720735627,0.05322476427186545,0.03638634109020326,-0.02721282540445566,-0.025123595797056794,-0.10805488577043017,-0.015807553847065184,-0.02876136139790979,-0.160113110460589,-0.03347274343116584,0.061854096143167656
642.0,0.0336810702238474,0.0045692628253122015,-0.02201672203607681,-0.024455236462157075,-0.028291793001785897,0.08458327062664683,0.08489101375493624,0.05490027295773049,-0.02080156977778787,-0.03403908143319805,-0.13802102072662448,-0.042121667281663853,0.0008682904806832018,-0.14918741804400437,0.035161686763573764,0.03418922009835793
643.0,0.04568607047069796,-0.028245011808801197,-0.031076531987460562,-0.03719500630793897,-0.01182209689650858,0.11722241810921091,0.11052252417323537,0.044843219868501205,-0.001423262360254749,-0.03182809264755682,-0.1493084762659694,-0.07844987867970914,0.044949463056603155,-0.11348771417603154,0.10628104280435294,0.002598517871414857
644.0,0.043917164825595253,-0.04960964939524942,-0.04363423323305028,-0.03942731593880489,0.00539111769579583,0.0897532463540721,0.11670322193615558,0.012214086222633185,0.027178612001781996,-0.018201498907512475,-0.14125828182512754,-0.11331827721142322,0.09273046988190685,-0.06219715021587604,0.15738293849065582,-0.028798924537061437
645.0,0.027981861515352795,-0.04765619697231879,-0.055823458653832515,-0.030537544820059676,0.017508600639184118,0.006975391524924072,0.09775186090671548,-0.03019188205173723,0.05852721186370371,0.002555856777152143,-0.12026137672636726,-0.13485823414842227,0.13577980325103645,-0.008043002251543474,0.1712720952616583,-0.058802967015295624
646.0,0.002331321046391405,-0.020789696652867593,-0.06322271604140343,-0.014445249699921489,0.01947667512947232,-0.10512525804196723,0.05744046620886062,-0.06851333969613962,0.0841729700264812,0.02095134968438216,-0.09802768653822569,-0.13647830122077118,0.17140171182861794,0.035550125950940085,0.1416420913595511,-0.08792493389113308
647.0,-0.026130162848671586,0.020816086877101115,-0.06297853894495757,0.00283122883192671,0.010048397340339101,-0.21278820748284832,0.007158531197300637,-0.09263303358011286,0.09591089377109156,0.024902206653038963,-0.08557061077125151,-0.119038173139207,0.2030623099494424,0.05782272139072271,0.07571736055337981,-0.11564273620851807
648.0,-0.051625830232029386,0.060083663979730785,-0.05461926829469313,0.016119321133594496,-0.0071864161173392956,-0.2874932295728676,-0.03831723254298329,-0.09829208247816028,0.08863549159768351,0.0059737545304892024,-0.08710987220967262,-0.08888867130169296,0.23603627053890824,0.05334767171463893,-0.007251959466268185,-0.13838192435620528
649.0,-0.07153524111400213,0.08166793649236637,-0.03945877370071396,0.022874991364366635,-0.026124046941798797,-0.3132307150742725,-0.06706863446726413,-0.08697636978346518,0.06248144840520479,-0.034040007669866576,-0.09831917154630639,-0.05423756015948977,0.2685640689698254,0.023165694462764466,-0.08267453407296847,-0.1502326752426309
650.0,-0.08590437929792304,0.07893206592370124,-0.01986699492627775,0.02319843388938642,-0.04175879191540471,-0.2881470552724579,-0.07576424595334563,-0.06451123472943118,0.02315633860563907,-0.08164138262421673,-0.10931324838625353,-0.02234871633980024,0.2859965443136994,-0.02556913946934868,-0.13045982984437068,-0.14607471248269174
651.0,-0.09548149527776699,0.05516534082657295,0.0003845543507880639,0.018555929673696115,-0.052184565203469625,-0.22244562130603163,-0.07055760503522807,-0.038877993879907535,-0.019867699391898468,-0.11787724794961657,-0.10945799523708084,0.0016867538603495586,0.2663191337480892,-0.08133510573326627,-0.1430767312643377,-0.12481148862119977
652.0,-0.10001791363557196,0.019650554313504872,0.015712922575230652,0.010405403829502198,-0.058045378027809666,-0.13415663439064124,-0.062060854258353934,-0.017667896620060946,-0.05628097543070795,-0.1286443981623612,-0.09123240245495347,0.01514502526739099,0.19483259175400516,-0.13125342701547546,-0.12770379210731614,-0.09068762425933038
653.0,-0.0980020054437487,-0.017488201558485808,0.020343551653573228,-7.872975471092887e-05,-0.06067275462759772,-0.0440543684417098,-0.05836517734789707,-0.005544163302348045,-0.07751607936502694,-0.11209371268788378,-0.052746648677730816,0.017432963128120458,0.07607098746018265,-0.16425343706479947,-0.10200971173386947,-0.05222740061513732
654.0,-0.08788508304606737,-0.04825227844622211,0.0116437068262233,-0.011346532458724915,-0.06051137413007195,0.02929452392919399,-0.06090648761369332,-0.002459564108350466,-0.07889210004126203,-0.07896062354620766,0.0006451621723638101,0.009760413171599827,-0.06625358420106374,-0.17328881796261858,-0.08579720888023794,-0.019420258832322387
655.0,-0.069882149033592,-0.0670646744923058,-0.007525828575848685,-0.021373523831990995,-0.056550341141275585,0.07333556597242608,-0.06497024184325467,-0.003816484571513577,-0.06176989646041286,-0.046783073424487134,0.0568460092877917,-0.004895869879409249,-0.19964850788320773,-0.15689665964904112,-0.0914646098927917,-0.00013641316518597766
656.0,-0.047024426594238666,-0.07032867676040105,-0.028979508778359746,-0.02879575153931993,-0.04700022213241639,0.08346553709866472,-0.06376116447538993,-0.002686911110457742,-0.034363362644949234,-0.0316680197903548,0.10104547627355429,-0.021423429916207062,-0.2946673649486658,-0.12023974313289634,-0.11729171190304374,0.002785236211359622
657.0,-0.024552486094997297,-0.05668556966063259,-0.04156291616790344,-0.03401614803773228,-0.03106245909271616,0.06356556945903868,-0.053038329518985176,0.007201582530507491,-0.009026231061186461,-0.040921631619142924,0.12194107855453477,-0.032826038340905764,-0.33164236680944514,-0.07417718748261608,-0.14789253646088082,-0.007609893893070692
658.0,-0.007859274823810358,-0.02757242940585786,-0.03559063621450076,-0.03883559641342037,-0.01063283676751933,0.02521520909929129,-0.03321954530163799,0.028629517240067754,0.00343995948652405,-0.06911196084493207,0.1164302227336515,-0.03254656329051115,-0.3031948197798,-0.031489024770276375,-0.16211255698243002,-0.02353456495219082
659.0,-0.00020656853337413462,0.012227069674635823,-0.008544895328064918,-0.045059318953070374,0.009418243807685288,-0.016004553155598185,-0.008694999498166394,0.05852313535948279,-0.0014406058282021067,-0.10000957039196628,0.08965305424812207,-0.018159621775939886,-0.21614012625170986,-0.0021376606913772666,-0.14334173893143567,-0.03463881984852221
660.0,-0.0014803786834463905,0.05410501687412149,0.031620878701580396,-0.05371667825487888,0.022384184269724373,-0.046918238769568923,0.013853580632471003,0.08744052755895611,-0.021365593862870805,-0.11484848205220782,0.05049180458614362,0.00664864506334587,-0.09250014285099005,0.009447399723711445,-0.08712581675322084,-0.03133092454487039
661.0,-0.008390218251544894,0.08674825336401518,0.0690731993518862,-0.06514167967680166,0.021565861143328025,-0.061877559773576465,0.027607713700359773,0.10269430255721128,-0.05040188751522588,-0.10283049246645545,0.006135571622022942,0.033757979446395754,0.034049700352911244,0.004010505867616178,-0.003910286793257751,-0.009280428234332958
662.0,-0.015597543801100719,0.0998271326371774,0.0877034192617034,-0.07856743779918164,0.0028434527608680914,-0.06331454920386502,0.028525495242465955,0.09443804198481584,-0.08207461834031382,-0.06717315812425657,-0.04005927382906463,0.054736734513846516,0.127519824495548,-0.014217152070813647,0.08413251030409837,0.027617110592888437
663.0,-0.017203334193499925,0.08822978548867152,0.07946523663112384,-0.0909980948266764,-0.03233001422644371,-0.058403958522138026,0.017740898664433756,0.06116887798321735,-0.11015501684045646,-0.02269609182589782,-0.0863096129184101,0.06483115728470436,0.1609467197086365,-0.03813742567609705,0.15185100742567398,0.06920101162377162
664.0,-0.008594650681425555,0.05429013744988013,0.04860866881577623,-0.0970508347778855,-0.0754754150621989,-0.05426120534277364,0.0015784772050212298,0.011260398544585716,-0.12818319541252135,0.013232855827746172,-0.12861918970163969,0.06482239983884226,0.1250143021702519,-0.057563502962565065,0.18153857760732509,0.10506625375047449
665.0,0.011545160332748765,0.007410466388783223,0.008687271324650575,-0.09093565246648277,-0.11313396883283858,-0.05366720476876611,-0.011157473214926014,-0.04010205204629709,-0.12992462601044183,0.03021123823067862,-0.15966128787977707,0.05991307069819235,0.03173797886178807,-0.06078871728023295,0.16941294870731463,0.12956569403733104
666.0,0.040159499331933274,-0.03874524674350017,-0.02586897308247075,-0.06954352361395778,-0.13191523192421262,-0.052983520558484515,-0.013374258327909005,-0.0766976842240639,-0.11167410634593829,0.0288260627197146,-0.17206638854371423,0.056306481639056466,-0.08817753787657394,-0.038904898628498503,0.12545617973368692,0.14192964247619722
667.0,0.07069364767401506,-0.07110098857246061,-0.04723305648893373,-0.034388632049380745,-0.12380588311252995,-0.043828486583483664,-0.0033992862413891457,-0.0872348307775613,-0.07531101996681425,0.017735731407883794,-0.16357047404478034,0.057358579285001446,-0.19532112563844184,0.00941926992167509,0.06816575514786262,0.14274364539302828
668.0,0.09575309797582164,-0.08227105484150997,-0.055735429094548164,0.009049325711535862,-0.08910107568594981,-0.018924070748700252,0.013646158184455292,-0.06939146228606781,-0.029673236707003305,0.007131335967919649,-0.13925050268537587,0.0613734544668848,-0.2565978190546856,0.07570555740991841,0.017248548729075917,0.13100921345643846
669.0,0.11031759128788554,-0.07296514120571528,-0.0562593823962515,0.05380659778314026,-0.03602215841154696,0.0209135136774256,0.027892253477672706,-0.030135055876318154,0.011561793435873593,0.0032997082661668947,-0.10835491660097984,0.06250114097751674,-0.25844821448467825,0.1436271431053879,-0.013319405885764156,0.1045145440085101
670.0,0.11365940278631541,-0.04983196202361224,-0.05397537760985678,0.09342743174128884,0.022308361982130934,0.06474539828144156,0.02983732260324475,0.01810037083439177,0.034992716061950924,0.006996352773115056,-0.07816133374044275,0.054612287819257366,-0.21070128093487353,0.19466213757723158,-0.019860949080018998,0.0630250413531758
671.0,0.10857869542492266,-0.02029906890308657,-0.052755975349305186,0.12225531072190812,0.07208241274367183,0.09753493546921642,0.015901649594299638,0.06290265303275239,0.03314803362736005,0.015125797888037865,-0.04982725374511945,0.03557487117485531,-0.1394703687881087,0.2146735880962848,-0.009335475559163552,0.011552875871416837
672.0,0.09869915802179653,0.011127130058679206,-0.05576551498905193,0.13524068388273153,0.10274172099698324,0.10964607323167427,-0.00923612752825173,0.09549903932280233,0.007814699743884886,0.02354632708672965,-0.019160522721631563,0.008677875720063939,-0.07450992904810268,0.19820176126425484,0.005222261419551407,-0.03891033298252291
673.0,0.08611865421767863,0.042183228702964475,-0.06558699270632094,0.12897048665156965,0.10941617477612417,0.10213287613989398,-0.03482344749594224,0.11164412412365458,-0.03073372069592845,0.029496400714153676,0.018614929117283095,-0.0192753477780785,-0.03732107272564254,0.14920181196697788,0.012013439616787852,-0.07378055688342207
674.0,0.07079042148477596,0.06978739539877422,-0.08282956883390184,0.10373465733602445,0.09329630961483992,0.08457261999049621,-0.04879329787822648,0.11146316267922973,-0.06833861723755678,0.032895704635912376,0.06376655883308308,-0.040830567854829594,-0.03390296193367651,0.07946020960156056,0.006228407249344062,-0.07954197360419551
675.0,0.05145886404008059,0.08891433290129513,-0.10480789162437913,0.06488750376763862,0.06069903940995893,0.06810718303805034,-0.042622603465663676,0.09892578947706217,-0.09315033985991746,0.035788480630597,0.11048361398127562,-0.05000107347056969,-0.054946289796648805,0.006424105729158121,-0.008825733746423831,-0.049425536883579785
676.0,0.027565033797185945,0.09500841140080808,-0.12616133429489715,0.022038181827311827,0.021924450452976578,0.058673876362966296,-0.015216839813313463,0.07989096757115416,-0.10010606458725413,0.040357685088269646,0.14992489291878633,-0.04407409599649663,-0.08338631057690725,-0.05015787979111801,-0.024797344372446524,0.012099730592438986
677.0,0.0011678970143732495,0.08738437933109268,-0.14112885109858042,-0.014045188497700239,-0.01049634074247338,0.0542134514507634,0.025357031522023187,0.05900566213581089,-0.09096160436307411,0.047376312173639155,0.17542038228962592,-0.025175780700757884,-0.10368068523237174,-0.0745602619738279,-0.03260643859223194,0.08902598102866806
678.0,-0.022794801846771715,0.06984896825360748,-0.14540981288784752,-0.03538830133695063,-0.025178715804745885,0.04716087912508628,0.06439738507094332,0.037850812815720336,-0.07034212827412775,0.056204657747109685,0.1857873528090622,0.00014323533454139322,-0.10630855112963498,-0.062463273680616854,-0.02556138228340533,0.15881754597937306
679.0,-0.03867557672410888,0.047573917478443445,-0.13646065305352728,-0.03950808208681109,-0.016207952200378194,0.030622318591924477,0.08729230884859389,0.015643229383733356,-0.04192484061805832,0.06558912454366145,0.18433381059603487,0.024089504573401744,-0.08738790654827581,-0.02374194215987845,-0.001365470391057655,0.19997222193568925
680.0,-0.043139150949738504,0.02311490816742406,-0.11336815217376081,-0.029649069876578386,0.013882731559061732,0.004046946149839338,0.08656162142409454,-0.008723051568032497,-0.00828409598082004,0.07407419783769541,0.1749123732362257,0.04128241753345714,-0.04796612626147272,0.022463240144136948,0.036292537405488726,0.19827384947602814
681.0,-0.036766397904676444,-0.0046952330335334,-0.07741575339011687,-0.012750096334438644,0.054500431036051865,-0.025638751080883967,0.0649073799177257,-0.035030444077227565,0.026490354279417577,0.07994478491188699,0.1587069074372494,0.05013224876938888,0.00532150014418881,0.057517160381294556,0.07776669248362104,0.15065126271647267
682.0,-0.023605896560708425,-0.03805055100973626,-0.03221316449797216,0.003728521028507204,0.09112170900524638,-0.04789531642492498,0.03298988846925199,-0.06117285718086428,0.05504339672493505,0.08148140269317923,0.13430008624481615,0.051698380245443765,0.06068792360772697,0.07185552291300114,0.11060677721540668,0.06709918291311452
683.0,-0.009532557709723518,-0.07600561476359542,0.017943654168174082,0.014442077906985554,0.11149570606046169,-0.05418807522239102,0.0038390438340351824,-0.08346239718326447,0.06818055348065406,0.07773689063473442,0.10090469884951568,0.04755034565638224,0.10458341745007853,0.06750412702696114,0.12477086341624727,-0.030655646646592753
684.0,-0.0003747969562898708,-0.11226095690886526,0.07006411870766949,0.017083596409968007,0.11094029580722344,-0.04186139520938786,-0.012689869640229967,-0.09731853205103903,0.05886475768582801,0.06914546418942318,0.06193891687873036,0.038275557352766366,0.12694711139051768,0.05381863450017968,0.11657404460154668,-0.1157410738032044
685.0,-0.000512099093930956,-0.13708035847544378,0.12188350880423499,0.01181001482637071,0.09401682785028607,-0.015197565743226558,-0.012918185310575831,-0.0980290517259906,0.0264490650373462,0.05739347537799756,0.025110963534678215,0.023694345910810176,0.12568722804168447,0.040071965010270647,0.08900109353565559,-0.16649545797436938
686.0,-0.012227722952052881,-0.14241913837649434,0.16847379622571934,0.00013420723539617102,0.07163012691041146,0.016282568821704688,0.0004317172776774363,-0.08161493485914494,-0.021191494935506414,0.044646055988987306,-0.0015923623010694306,0.004346327734771779,0.10791117174141131,0.02989094647330194,0.049375095605391314,-0.17496353139080686
687.0,-0.03515199689160526,-0.12658205395674288,0.19997070096123257,-0.01596699249882064,0.05508115542171026,0.04246488008892576,0.019908707277593987,-0.0461214211986782,-0.06888443768862113,0.03276264496195405,-0.014265485870488414,-0.017559278012209478,0.08695723906980593,0.02035283827984403,0.0068403428455434115,-0.14854445241749045
688.0,-0.06535725853099372,-0.09552240583396188,0.2043164340913931,-0.03436217183539194,0.05042079255349342,0.05857868574284364,0.03623488632968369,0.00657937096853754,-0.09854978122695207,0.023446639615003536,-0.014340981975815577,-0.03884789093243243,0.0762187150916106,0.005326236129136747,-0.029695708310941604,-0.10486303173140815
689.0,-0.09536761796071551,-0.06056475896118548,0.1741286292414005,-0.0524751392284121,0.056262005236507075,0.06796057509060555,0.041676099107578954,0.06948467101058367,-0.09522272068959466,0.019477931075408583,-0.006997462387025051,-0.05676205712881581,0.08224254180002995,-0.01935465582621024,-0.05358822215237083,-0.06379332795048501
690.0,-0.11638774301851247,-0.03356840130335815,0.11281314290882587,-0.066828993098893,0.06583227766360714,0.07819527387212186,0.032792535869083095,0.13124667196535733,-0.05236275116724985,0.025081747390934037,0.0009282852379722461,-0.0691378974097876,0.10127193649787301,-0.051880954352934036,-0.06201547286228466,-0.04026752803787432
691.0,-0.12193832591454717,-0.021601204450357417,0.035228729859213735,-0.07330239869660747,0.07120775198688385,0.09289036779950176,0.011813126716866114,0.17938312835435727,0.025405930644798076,0.04334548741284777,0.0023880303553420186,-0.07301626576020583,0.12267539600770871,-0.08396342757940657,-0.056392137108071186,-0.03949970460789908
692.0,-0.11067735010259463,-0.024195622859233382,-0.03800425060713111,-0.06858141817522728,0.06693200300710034,0.1067742890945361,-0.013724154700537524,0.20454670289550675,0.1225852857060024,0.07212611784114877,-0.00786413264382751,-0.06371036084070454,0.1370781869187183,-0.10387822041229346,-0.041275361223978665,-0.05570409317443456
693.0,-0.08647189537321821,-0.034560299635885285,-0.08852124854012085,-0.05186892958713579,0.051758750482646367,0.10977895023395205,-0.03347443313611056,0.20360354378242404,0.21622288905518872,0.10240728273932129,-0.03015911965523682,-0.03654348289970903,0.14253498772501236,-0.10093511612141007,-0.02199079677991191,-0.07583378939228952
694.0,-0.05543058082998717,-0.04327435022417923,-0.10539155163721552,-0.02542768287731647,0.02860465772491923,0.09621658143654853,-0.03868349622318443,0.17929156760179735,0.28263393876116605,0.12110075467862758,-0.0583075300405426,0.00935913665724039,0.14443283253950112,-0.06966930334734608,-0.0025391477114584744,-0.0879629387205786
695.0,-0.022059254408090347,-0.04238419236584515,-0.08643957302346689,0.006145419049869924,0.0029327558405203937,0.06963774529249404,-0.02656195217222158,0.1366585864583392,0.30552181375275655,0.11678114350714636,-0.0819913676868903,0.06834976335051095,0.15002511410444624,-0.013257378180465832,0.014653109279979329,-0.08914934414131413
696.0,0.01240248499188981,-0.028455128487780444,-0.03796793853407286,0.03705589112940663,-0.01976815457500636,0.0397978127921041,-0.0019557245593737407,0.08010737466324053,0.28137299203122823,0.08521003899865758,-0.09199124206572329,0.12885264208119535,0.16153416560007186,0.05544446195284731,0.02781358444981345,-0.08585126941489267
697.0,0.04834132354104876,-0.0033473677492808674,0.026479454254940728,0.06145633887145046,-0.035714644384196435,0.016379463479613658,0.024982046607262404,0.014283185271710888,0.2197617317146317,0.03219134692986924,-0.08452747080603584,0.17700480637691351,0.17246802147836504,0.11777762628027466,0.03575388943750767,-0.08606095535262594
698.0,0.08446325334202141,0.0274228936610316,0.08971923005277112,0.07464870349379339,-0.042740922968458786,0.004628059870816514,0.043871078022254886,-0.0529136562192269,0.13952694642150756,-0.027288896275557327,-0.06150680195460925,0.20169607568673076,0.1702936978004892,0.1572935563185465,0.03877896486197459,-0.09056967070942296
699.0,0.11577540522035557,0.05715524970682455,0.1366414403675238,0.074203495266469,-0.03974614396491702,0.004120083480847074,0.048823390844026995,-0.10967645854899659,0.06239294953628993,-0.07409913279305434,-0.027273742158083855,0.1988833013180349,0.14453116828858073,0.16667477822331006,0.03836560439674384,-0.09151534055867909
700.0,0.13484598786799412,0.07973744859999954,0.15920404280815273,0.06061217757953766,-0.02737874729807076,0.010328469431217869,0.040073468303221664,-0.14399433055273864,0.005707776784308948,-0.09331061886441222,0.013878525089215383,0.17301970098727154,0.09479973410814113,0.14924869108427932,0.035072210440753655,-0.07889645270621005
701.0,0.13574595253542687,0.09058860354004361,0.1581188578388498,0.03711642157226837,-0.009169549566590513,0.01797718219536183,0.022246076388757474,-0.1493785375864037,-0.022566771710455555,-0.08175660794321536,0.05700526612269155,0.13462012898389472,0.0323608253717821,0.11562562405966928,0.02748495774028491,-0.04841061882845903
702.0,0.11785122121483747,0.08718655436817561,0.14086497634831133,0.00855619883672983,0.008843105981266936,0.02340857717682198,0.0011596089632144445,-0.12835566294168502,-0.024130963531415646,-0.04970311068599967,0.0946443533808018,0.0951738482153248,-0.02628411925425787,0.0783067025861365,0.0137329800173923,-0.004223414035556237
703.0,0.0866512988919527,0.06945175580509763,0.11746320360093145,-0.020441593293223374,0.020108328572868414,0.024314141712477765,-0.018694323236254754,-0.09119672148629053,-0.006661110613241584,-0.015588589629124686,0.11673155241118895,0.06213000054880681,-0.06808562310296672,0.04651680503935969,-0.006599817918458137,0.04372108381292853
704.0,0.051148872841635926,0.04036610079946974,0.0962144861458944,-0.046712943858365504,0.01978016676562541,0.01862925390241205,-0.0349642314287533,-0.05105507177360692,0.020838130718289934,0.0026672021637949832,0.11335808897379691,0.03639451883028559,-0.08779923428241249,0.0234098123149667,-0.032122851780580025,0.08422586479786405
705.0,0.02000440617330446,0.006586311926988227,0.08127600515385813,-0.06807167163976026,0.006402581878443212,0.004697298379655516,-0.04687849052732305,-0.01881667211939432,0.050833171185793856,-0.004469112306680558,0.07959348691621687,0.013403392187970667,-0.08704865081905926,0.0071008169854008315,-0.06044139555668473,0.10834264912164134
706.0,-0.0012541007253140466,-0.02239165393928093,0.07259317336747358,-0.08181692570401733,-0.017202490657275853,-0.017380232398630336,-0.05449321228745705,0.00010714840529596871,0.07735564604097868,-0.034099281670099686,0.019905006123885596,-0.01275939545302869,-0.07128818006196032,-0.005999200529638932,-0.08924865340052099,0.11134485945300436
707.0,-0.011008583911730771,-0.03718222689758535,0.06749113129537906,-0.08418538403987921,-0.04458928908157412,-0.04457466381124032,-0.05870332592140947,0.0063916631289314164,0.09488455540872825,-0.07232163101005025,-0.05125105532295625,-0.044510899688659435,-0.047185278794469376,-0.018779967248018028,-0.11713947772825019,0.09377990874503525
708.0,-0.010594210569355288,-0.03185098436358738,0.06294183380502154,-0.07155468335482862,-0.06809287803893076,-0.07146669802955892,-0.061769260348169146,0.004756755468323183,0.09824549919502878,-0.10063555755988583,-0.11441051862714127,-0.07843145369146604,-0.021409048481038594,-0.033102897793063246,-0.14340199958925992,0.06172858875101161
709.0,-0.00284097161019694,-0.005584265956759691,0.05766759325224873,-0.04277243476624267,-0.0817875615909624,-0.0925114479268483,-0.06694174876610505,0.0007089135136391168,0.08426024342368099,-0.1043742324247679,-0.15312912146536511,-0.10690911938322342,-0.0008230039535711165,-0.050286465507826235,-0.16654368288064125,0.025801970611749832
710.0,0.008702066765683665,0.037282140553879746,0.05302841586011177,-0.0014610064002077462,-0.08344417779839436,-0.10369484175799519,-0.07618081549646769,-0.001328831169347528,0.05371237354441779,-0.079131848087584,-0.1597546040459675,-0.12194739079998462,0.007545793754309389,-0.07104156298462061,-0.18294189354865412,-0.0014449685202012567
711.0,0.0199481055405834,0.08785697342326448,0.05158522387651754,0.04327576973565057,-0.07490016920189665,-0.10229204961889449,-0.08728179619916482,0.0019847018004550787,0.011735234171027573,-0.03230050977694197,-0.1361150069001867,-0.11857304209535541,-0.0011458784538710533,-0.09456076361939365,-0.18781882075388973,-0.009615054282204901
712.0,0.026696872383067075,0.13438778446427854,0.05407989120236552,0.07912079443094765,-0.06138936149247994,-0.08693102823038698,-0.0933120334675703,0.012702363047921049,-0.033462560437687396,0.02050057884190818,-0.09095150193374954,-0.09700124726558176,-0.025510111900730256,-0.11777881301675601,-0.1789068888718296,0.004963129213880917
713.0,0.025714237673811736,0.16594375719949148,0.05786090255745082,0.0952662440010045,-0.05019835188119383,-0.059192571609270495,-0.08570065589232913,0.030370875592301654,-0.0722373102566134,0.06217206963879947,-0.03680947759639437,-0.06315554637115878,-0.056052093852761775,-0.13616426766856315,-0.16020120417843756,0.036818939846415266
714.0,0.016107612881406597,0.1761971863966894,0.05839140620131397,0.08674670187085379,-0.04810999607175431,-0.023764813561050084,-0.05930958423460376,0.051410653718023544,-0.09533025836990909,0.08113055522637466,0.01323499496932398,-0.026871372258038772,-0.07856594250862012,-0.1459349936931188,-0.14187198125849626,0.07363496557776747
715.0,4.2581780449524564e-05,0.1642571417559883,0.05190190294024077,0.05573411526995396,-0.05792493935884499,0.014525848857395272,-0.016242427085270517,0.07008913005347428,-0.09676721200473311,0.07554131103339866,0.049088362277934124,0.0016306227888506731,-0.0809828460118599,-0.14602371337497777,-0.13463521791928096,0.10267888256350663
716.0,-0.017837538002850702,0.13296451366118892,0.03682449512320542,0.010034770730253731,-0.07619695332337068,0.05279075758781318,0.034198310979133506,0.08053401442755943,-0.07722279657713337,0.05317865818373247,0.06581954589869186,0.01530666794481786,-0.05819847623117194,-0.13820649008784822,-0.14186516704644606,0.11703524946793004
717.0,-0.03199471463887578,0.08753812893911353,0.013838073958376034,-0.03927675433167034,-0.09412405602830963,0.08755071338742014,0.07948874610461532,0.07913289851877427,-0.04535635312676307,0.02738797663350506,0.06350321916426648,0.012459379506525644,-0.011813870579575787,-0.12544840511949215,-0.15542419549988792,0.11728240222700446
718.0,-0.038094270466224586,0.035357006524974414,-0.014666477461467564,-0.08033767640523101,-0.10143125254686126,0.11080927616122445,0.10914093348698879,0.06633808260780072,-0.015196607920128958,0.011207267622531094,0.04629955937513093,-0.003212140201700111,0.05244260865768947,-0.10994767908953597,-0.158456475371339,0.10843031780783906
719.0,-0.035027533195779045,-0.014599550704859044,-0.045090115148614066,-0.10323982018554051,-0.09124192522627915,0.11090293438222325,0.11805667643452904,0.04646687929483328,-0.000304253296726357,0.012547476594004344,0.02208881892208295,-0.024432998607442406,0.12531210927280828,-0.09200234956250747,-0.13326790520562726,0.09556643377224386
720.0,-0.025581297065043824,-0.053401771830130215,-0.07282950262973835,-0.10243645347333101,-0.06339693678003253,0.07928928033996704,0.10686238713343958,0.025513242854488728,-0.008012023436643995,0.0322479786754563,0.0011123931968444834,-0.04294630368021021,0.1927819329804121,-0.06989306500366228,-0.06926325737029879,0.08147947922152886
721.0,-0.014929380512869194,-0.0742205731484613,-0.09288698995514523,-0.07808455488059642,-0.024645008449376688,0.018140933807651655,0.08028711680790933,0.00881750108586232,-0.036971943312749216,0.06452189759902333,-0.007772365612971094,-0.051970169664096476,0.23693697543185396,-0.0409215357042121,0.032741715277093915,0.06700291010405866
722.0,-0.00788254141925563,-0.07404391053850796,-0.10191501759716633,-0.03632686789739156,0.014161524815484074,-0.05759509485148858,0.04482213100107568,0.0001601828214373845,-0.07860878799287531,0.09882217841143626,-0.0010954849705834572,-0.048305569103635454,0.2414823739488601,-0.0036911676967055986,0.15968996035558347,0.05258381588902689
723.0,-0.006626069581772239,-0.054820898373101126,-0.10076327902911998,0.0116750038077525,0.042501212503818504,-0.1256607366556335,0.006405516424891615,0.001994368915998375,-0.12105931664954471,0.12298782333996107,0.018030627949828418,-0.03378383757380294,0.20025651435761355,0.03914584391097471,0.28802138810979466,0.03917427074444362
724.0,-0.009861755590672542,-0.02356883791081594,-0.0947891870879234,0.052695519310703966,0.054279124802569446,-0.16590247379541864,-0.030777389169950334,0.015315669649987273,-0.153703846007275,0.12709501989733665,0.04159174369093379,-0.014904521434419605,0.12304669353765625,0.0795292546027051,0.3886678218757419,0.027789529615113447
725.0,-0.013350895079812528,0.009205114694926223,-0.09090767053229465,0.07608612846540486,0.0496935713470927,-0.1682572489004959,-0.06380822241829782,0.038513413024548214,-0.1702060571688251,0.1065677203100497,0.05951644907145374,0.00014771591634538225,0.03308469676104369,0.10584360103177913,0.43513590807478314,0.018667067016127338
726.0,-0.011689012846102024,0.03240721641051872,-0.0938906816445959,0.07784842672861284,0.03423190124527024,-0.13583184430742434,-0.09006006220609629,0.0666591218668369,-0.16891218566886051,0.0635155693939144,0.06331428558518493,0.005592150864025175,-0.043408782995169544,0.10790385116001522,0.41224204382945906,0.011598848091349702
727.0,-0.0010264114288521427,0.03711837670304426,-0.105121037732557,0.06169239981638057,0.015827262488825336,-0.08239082979642927,-0.10714838599707836,0.09312381075660066,-0.15161465823567927,0.006253617575251364,0.050389083544956796,0.00036275513142799656,-0.08868183578544622,0.08270482774136574,0.322194997625871,0.0074384721313891225
728.0,0.01803783396616632,0.018071652113572142,-0.12392397901832715,0.03664932422136243,0.0018315867157560767,-0.02609058237510518,-0.11360227349908872,0.1128749682555257,-0.12236563181236354,-0.052626375006035536,0.026613748961048286,-0.012263326264645422,-0.0987855032804021,0.03794047163262638,0.1853492529378749,0.00844044366959176
729.0,0.03878878922703105,-0.02584456019715785,-0.14873128039204958,0.01293102106653471,-0.003082162848704618,0.017163835411295205,-0.10927469594871497,0.12449105236863134,-0.08660228909904061,-0.09949996947380517,0.004268376584683978,-0.026257367971496415,-0.0815128517158977,-0.008898434728979627,0.0349701433824555,0.016045085605587282
730.0,0.04991481749615965,-0.0906565126530288,-0.17630812299291668,-0.0015989366223027714,0.002306022671333136,0.03754848360315036,-0.09524192081970287,0.12898894805198713,-0.049744064379297195,-0.12409749680188069,-0.004517396671286115,-0.03489350899867584,-0.05080301598698973,-0.03673693825346009,-0.09233424957380726,0.028251509266440336
731.0,0.0409155507453991,-0.1656439547486106,-0.20041849010408233,-0.003034284129148653,0.016103942044663977,0.03166981122499737,-0.07336333314815603,0.1265505142826395,-0.015476665075280466,-0.12356682202476642,0.004875365777622313,-0.033902005008526276,-0.021371598434198807,-0.03086384977829392,-0.1675161124514398,0.03946714628392247
732.0,0.008526882273347311,-0.2334686114359261,-0.21223033464879648,0.008575362065930018,0.03407252135485601,0.0020980543665731774,-0.04547381170617943,0.11421692181837875,0.014384626805603346,-0.10364768260048877,0.026499578771480806,-0.024614776122535785,-0.004895578765985469,0.008521687669609292,-0.17761299961166188,0.04304566864323784
733.0,-0.04037323750975685,-0.27490349643709855,-0.20288716864419445,0.030184274510948825,0.05055204684641608,-0.042048306555617684,-0.012822727926379507,0.08703371204429987,0.03793615268220867,-0.07599900824045754,0.047652373791732525,-0.013724199759359478,-0.00805145614325998,0.06537767970542618,-0.12855662593754963,0.034635742667017015
734.0,-0.09123300080100583,-0.27687704386112955,-0.16703857734191668,0.05722528153239699,0.06017403221423914,-0.08593325291461713,0.023148004562280375,0.042070869419303,0.05185285083747827,-0.053519765591515646,0.05665125923070325,-0.008700363768514902,-0.03207636839159674,0.11585469418299016,-0.04145639008271226,0.014313099841800035
735.0,-0.127980662797489,-0.23856741205117038,-0.10595696599412015,0.08473384247935875,0.0603674372647894,-0.11404497956313457,0.059212934464106685,-0.018100127091423335,0.052876782111782324,-0.04577171664486201,0.04868336634437742,-0.012656130810443512,-0.0728594148496161,0.13955914673151407,0.055332787936975686,-0.013696323786894542
736.0,-0.13979686900741745,-0.1711652949509862,-0.028840668184219643,0.1077184710976241,0.05302870219549893,-0.11745433417527396,0.08998743036120878,-0.08545598644117115,0.040638909651659685,-0.05531759452436691,0.026481327144155426,-0.022760245323585518,-0.12147544110034901,0.1270051674443343,0.13504604477585264,-0.04327088998342443
737.0,-0.12572946388336673,-0.0919588185862568,0.049122939430169495,0.12167146089319002,0.04378032202432271,-0.09805438147885986,0.10956850110954373,-0.14969774944514233,0.018932766251611523,-0.07629674224167818,-0.00249899660460984,-0.03259696805129062,-0.1663746825143351,0.08123169020835339,0.1797909273414285,-0.06900926309602606
738.0,-0.09504316586172547,-0.017401206249318346,0.11199067846572089,0.1238454197107742,0.03908043081573247,-0.06657619802520028,0.11393589552621386,-0.20159367642063636,-0.005864929895569744,-0.09721446049297423,-0.02920835164638198,-0.036208571503886344,-0.19742776856416036,0.015648833531329773,0.18442341015237843,-0.08813582953090013
739.0,-0.062325349669590135,0.041118489753682735,0.1490827561199972,0.11443477191440872,0.042751798946539264,-0.03599145053023455,0.10248317757681995,-0.23481431135955683,-0.027990451012653843,-0.10735561219717502,-0.04574211732116851,-0.03106348264335836,-0.20950324337110135,-0.05008014957274707,0.15576063061875173,-0.1013620849394371
740.0,-0.0395246439894068,0.07864968249611723,0.15818821087508877,0.09646832165411483,0.05359029337990267,-0.014840555940510203,0.07808123756895441,-0.24718902602366985,-0.04424012469058064,-0.10262643181748198,-0.04840178833594965,-0.018343621423711015,-0.20317031646072137,-0.09595858575141647,0.10781232950610023,-0.11206322005516427
741.0,-0.030392830615120478,0.09644903624484048,0.14466401321696212,0.0745362001611413,0.0653646649936628,-0.004243862673944933,0.046172527876681024,-0.24175738142640055,-0.05347240103610806,-0.08674941841756151,-0.03994844101331825,-0.0013858717380329294,-0.18296679203381022,-0.1087809476112953,0.05553729358572381,-0.12353474115991225
742.0,-0.030961493027078908,0.1004488782488977,0.11827171678351243,0.053578987452385714,0.06963708266545725,0.00042216507923925975,0.013517695829017852,-0.22581307867351738,-0.05535846158767504,-0.06774664275585403,-0.028615981726857066,0.015743648778201693,-0.15512909614214387,-0.08727284201454504,0.009641628339372805,-0.13617508365164946
743.0,-0.0342479021515796,0.0984328402431322,0.08983057301435575,0.03808902288107557,0.060104180149746646,0.0053619656687158065,-0.01334440573084945,-0.2069880730383521,-0.04999621119371468,-0.05295088050388448,-0.023406141692492687,0.028961130342953535,-0.12552780681323047,-0.0414629359757241,-0.025733546488048403,-0.14710155204513564
744.0,-0.035091888129091996,0.09674795928908057,0.06811868676514371,0.030834635031797227,0.03575643020188689,0.015520019254219374,-0.029734485051809572,-0.1889225136272233,-0.03820710999141846,-0.04540544356734473,-0.0283828825757846,0.03496524018417744,-0.09792292135143701,0.013356737931850915,-0.05147593827180764,-0.15188974557432192
745.0,-0.03250932554653607,0.09784841621666508,0.05701207687688553,0.03125886213225097,0.0008594305273590987,0.03435930814425986,-0.03358154144421055,-0.17031070592754657,-0.021593594290886496,-0.042549385164783106,-0.04006590603248804,0.032462545835829436,-0.07312042128521577,0.06322906043217574,-0.0694124148328744,-0.14602028669559683
746.0,-0.028955565444418397,0.09993547239906757,0.053973530733970834,0.0352849913946977,-0.03755272380180886,0.06354753752157587,-0.024414866064260556,-0.14774282827287893,-0.0017332120979753427,-0.03741580615288622,-0.05012930116569608,0.023104386818559395,-0.04933432308692305,0.09862996041872588,-0.07917012531327526,-0.125484753688009
747.0,-0.027409972347121524,0.09938578525061016,0.05163592742901532,0.037256844914547366,-0.0721214623773718,0.10054711729405492,-0.0016618303418627853,-0.11911048943284791,0.020990761340714283,-0.02242652715020399,-0.05127796935734373,0.01127258195630599,-0.023471977905184804,0.1144973886166265,-0.07858810066473908,-0.08797051468098142
748.0,-0.028104845464381308,0.09480917869204294,0.04240475498981239,0.03254209429907418,-0.09628018447433981,0.13645609157580896,0.035027597798691905,-0.08503397110311924,0.04736925618707958,0.00568629743526608,-0.0416026326238435,0.0025414539194045325,0.00669841832152802,0.10974547550271613,-0.0666821425421689,-0.03495255685102448
749.0,-0.027002877565254112,0.08972558456043266,0.023044426038959353,0.01907023429489486,-0.10515202683484091,0.15766861186457787,0.08268601804122326,-0.048522501580502635,0.07751281604049219,0.042976484155446484,-0.024798547548845574,0.0016021026181097418,0.04011566324690501,0.08714642414035152,-0.04594106583144866,0.026514882930046346
750.0,-0.017476288376009695,0.09136682957110753,-0.004148686183491192,-0.0024765018508357954,-0.09716472049814423,0.15177826229949773,0.13233300891191851,-0.014061244909389809,0.10871224890631204,0.07966475558462952,-0.0069670390659594995,0.010760770889020525,0.07191216892899065,0.05281791901863631,-0.022252382093033717,0.08356015091423594
751.0,0.005415359502982702,0.10581090542629226,-0.03395183992482677,-0.029292092758550718,-0.07529473505315414,0.11459707559247087,0.17023641508760967,0.013175410646838727,0.13513889827044956,0.10511787843254894,0.0077007581946306565,0.029275973428452864,0.09574785828073366,0.014690981409243358,-0.0031901839835968503,0.119855803846183
752.0,0.040804091181574895,0.13250047804320608,-0.06190859833222599,-0.0577417321469579,-0.04643381363855963,0.05363882847757941,0.18311733530401825,0.027946017606683964,0.14981384436381662,0.11335371839825562,0.019050942482970772,0.052967717114726164,0.1064706194913895,-0.020039232118009526,0.004491402465025569,0.12091760445980317
753.0,0.0810347479371571,0.16217154700348252,-0.08609602245847375,-0.08499885959860987,-0.0190226797464696,-0.014834619478516371,0.1640615215466741,0.025871510587027146,0.14752539082628266,0.10573136708310411,0.028883174428605086,0.07411209190880592,0.100626745130448,-0.04744508219892569,-0.0023439383174519127,0.0803994466567471
754.0,0.11480461324047712,0.17994584447750717,-0.10594027909297837,-0.10976287453272487,-0.00024336829611685482,-0.07317190040965177,0.1154464824994359,0.0051834014153114725,0.12702761888941805,0.08940708353546445,0.037428355819010065,0.08291262123167775,0.07584466450613307,-0.06755811402258012,-0.021374849864821754,0.003836860468757464
755.0,0.1325281601929952,0.17156664234028945,-0.11963536982806222,-0.13145189023943915,0.006304585532607933,-0.1088785013688047,0.04743494449729418,-0.03085625083089495,0.09159300113717189,0.07284073261960841,0.0428666778861812,0.07136443002554713,0.03157864646485431,-0.08290284059484426,-0.04481125249831795,-0.09215860160246701
756.0,0.13048746212461837,0.12944365457414678,-0.12280011990346779,-0.1492137570897495,0.0018469631974244573,-0.1176894857643543,-0.02610128754476459,-0.07225793563219354,0.0481216739129871,0.06113843553764256,0.04372186851753835,0.03758881827507379,-0.02853730618034255,-0.09665556366138374,-0.061358365933434994,-0.18456185007559428
757.0,0.11148198277387607,0.0565952410329095,-0.10991062507616967,-0.16212991527630605,-0.008148733715333614,-0.1038881212409535,-0.09120953790218839,-0.1036102309056059,0.005543185741138199,0.05374751607793793,0.04038126170542325,-0.01266936513756971,-0.09498949812324006,-0.11167587908302068,-0.06073881319304727,-0.2507661088578756
758.0,0.08246989958845277,-0.032613873457099596,-0.07817895348535087,-0.16999272094034057,-0.016436909671281245,-0.07805483430521916,-0.136172241145119,-0.10957287822718738,-0.02723681405945381,0.045348515427314065,0.0339817045061863,-0.06836755318965415,-0.153645640196983,-0.129775968173032,-0.039743351847003686,-0.2757278925607869
759.0,0.05144645214250847,-0.11639461806694945,-0.031238169804065692,-0.17293369582736995,-0.016957954234623283,-0.05216010923668081,-0.1539172516871075,-0.08255204290958176,-0.043996441706629356,0.028690005928798678,0.024198774194691287,-0.11741757791409659,-0.1903811304766642,-0.15015180769584663,-0.00549158508411056,-0.25685452321483865
760.0,0.02515027540970798,-0.1739031264370907,0.020974612954831277,-0.16967509827829955,-0.006522330776141657,-0.03416092172179875,-0.1447910679022948,-0.027719984913866066,-0.04383507604716287,-0.0023736186138284283,0.008408468862544637,-0.15052684670068764,-0.19686242862943173,-0.16741876561202665,0.027766892940494472,-0.20391341293668588
761.0,0.00768547381556096,-0.1937913552768518,0.06649234299079222,-0.15659397240674353,0.015181377764437403,-0.024933415977976645,-0.11708883422479896,0.038598309526509646,-0.03193946812725219,-0.050098699127060095,-0.016688892124936572,-0.16316769212835597,-0.1737160203051421,-0.171786590207079,0.046898478943588395,-0.13332819018204087
762.0,1.5504873795130399e-06,-0.17737981681291468,0.09629505481953263,-0.12957354870742674,0.04600661298767133,-0.01888411165475152,-0.08334244705555746,0.09631800521267192,-0.017119543122547445,-0.11033543559936113,-0.05193634838170008,-0.15520865120899777,-0.12917712962855915,-0.15340630631222346,0.04716833672793709,-0.060212151191845004
763.0,0.0006772211047120422,-0.1354262643897451,0.10713841575816657,-0.08765563411859494,0.08118285892546029,-0.008043693110063475,-0.05445574992347266,0.12993617297345908,-0.007244913676807373,-0.17149021823259858,-0.09280199732989479,-0.12917610738902474,-0.07498576251823329,-0.10877136733048691,0.032928062769587214,0.006450079441409161
764.0,0.007652234906818544,-0.08271702020192621,0.10198602327711274,-0.03549648530536782,0.11320252490291072,0.012439616310559929,-0.03584024859200278,0.13364942021364742,-0.005516849699676834,-0.21693974422170073,-0.12853441299021232,-0.08903184596400449,-0.022571952404902628,-0.044068895332980085,0.012106554768591326,0.06322853096019378
765.0,0.01932676779169131,-0.03433936035211552,0.08850386226242367,0.01737564547940727,0.13290374783552036,0.04067945214124097,-0.027553426304368325,0.11195891261484035,-0.009772375353563695,-0.23142497594659306,-0.14545055321713674,-0.04024693725624743,0.019130451028145964,0.027023549066351574,-0.009369220322014938,0.10909482892326944
766.0,0.034090763193326754,-0.0031651633874655465,0.07578139174428238,0.05998703933129306,0.13196883682835658,0.06830763839840283,-0.0270200498022354,0.07660084962349423,-0.014790895179755879,-0.20868456367253002,-0.1341280029147559,0.00993375431189627,0.04503897908766906,0.0886845131773822,-0.028287670678908364,0.14366964851799618
767.0,0.04929336604940731,0.003525038890239715,0.07023377816863076,0.084004698363031,0.10623888464188139,0.08443570406203384,-0.03159228178627502,0.04186993205436069,-0.015862204493022572,-0.15553005281368434,-0.09595991584179167,0.05326134960210457,0.0552566655937773,0.12777168888439866,-0.041338721306454544,0.16782987676775318
768.0,0.061093117815412046,-0.012548558687936818,0.07269304770002898,0.08661393578669699,0.058360952612149304,0.08135190466937392,-0.03946683193517192,0.020342825331949477,-0.011622550598047763,-0.08937822915424933,-0.04364312666862758,0.08223868057564925,0.05539739827237611,0.13680745019045068,-0.044109215740604876,0.1844455245681974
769.0,0.0652399745988636,-0.0402930066585151,0.07851702663754943,0.07111194367119641,-0.0022888603462536345,0.05878141508041525,-0.04914366070490012,0.019873945035741882,-0.004685630176109413,-0.030340651421269585,0.005283423238013409,0.09233792267681973,0.05451486059448901,0.11563170646949605,-0.03460083198220011,0.19695960099208454
770.0,0.05836452950008642,-0.06320704184343885,0.08097456950905789,0.045133860652279,-0.06290144063795668,0.024356630869564164,-0.058271881633135666,0.04196876593095057,0.00048525719257130624,0.007800894601925004,0.036958373175922994,0.08420624441172146,0.06100424269850307,0.07199416196070735,-0.01776991418869922,0.20639408428309877
771.0,0.039951666691046606,-0.06616279426975427,0.07564786226620233,0.01750130466696385,-0.11180232053303832,-0.009650738669776926,-0.06297259606189153,0.08141261671489589,0.0008068115123592134,0.02266460856719534,0.04573010785175543,0.06451563362103067,0.07854752865272538,0.020312063160777008,-0.005468831464285155,0.20970481638008837
772.0,0.014211082765345332,-0.04217190495233409,0.062499979058504976,-0.004788988715585458,-0.14188657883049788,-0.031132890747483974,-0.05860423001381667,0.12712998261384295,-0.0043527782483810985,0.021909686770296283,0.0337623798316625,0.04385034505061315,0.1045451775793334,-0.022432244903080063,-0.01040338128158354,0.20154515184867097
773.0,-0.0104458749261254,0.00424787415619073,0.044615722750327415,-0.018187093178081953,-0.15168636425623055,-0.03186160803742854,-0.042010091372359885,0.16475216508681098,-0.014907004795937458,0.01733431495835664,0.009305037728959223,0.03217296856082359,0.13216374249541835,-0.043035190525262196,-0.037661412728011656,0.17840054561326726
774.0,-0.025165408609801477,0.05933968851167313,0.02566970367175954,-0.022435602512132793,-0.14420822160495503,-0.009623258953179267,-0.01425098330544754,0.18099247421368928,-0.031224123811532098,0.018681089599685962,-0.01500845847211961,0.03449754821543712,0.15432641659017904,-0.03773850580215682,-0.07933965440354594,0.1418007813751454
775.0,-0.02523138648002513,0.10648726812565786,0.008316624601352676,-0.0191895878024897,-0.12485567590881808,0.030516205636632595,0.017945974529592804,0.1681563552637979,-0.05215224687329525,0.030372834648384542,-0.025859507068181114,0.048856226751047685,0.16602242638827017,-0.013886326117943873,-0.11701671126628888,0.09811115980821118
776.0,-0.012250298973535509,0.13259921897868718,-0.006199569224931698,-0.010314059781451725,-0.09968093525453478,0.07701001559536973,0.043895909101312504,0.126589246706411,-0.07197032821705733,0.05170056438158358,-0.014796025232432045,0.06723932714611706,0.1632967353461018,0.013821718015989349,-0.1317792438314969,0.055561062185806115
777.0,0.006997734152985043,0.13183751559248338,-0.01804524295340039,0.0032089890327112315,-0.07387013990448414,0.11590404068302183,0.053752304617811116,0.06471767487873407,-0.0807403373207666,0.07886701560572175,0.018075109577164055,0.07942257031602588,0.14174043071054823,0.030807618207898235,-0.11446395853927323,0.021394986709847137
778.0,0.023749513594913774,0.10637220979247805,-0.02873137453895591,0.02094105125861044,-0.05009505725427069,0.13612693879145993,0.04362265098878721,-0.0027206899707580717,-0.06954365640527144,0.1072440794954778,0.06487022771656188,0.07814374618812743,0.09824384619093139,0.029799860435851293,-0.06878530687503749,0.000772629720329303
779.0,0.030777828767390828,0.06435179336061629,-0.04043097095190294,0.041401786475532096,-0.027707901390909898,0.13277362329168635,0.017990548972653543,-0.05869742705805692,-0.036760897839729335,0.13320520743549868,0.11357500832686722,0.062654709995842,0.03549930783183559,0.013837286436319311,-0.007703365106916479,-0.003780293332120166
780.0,0.02482388023021649,0.015807816141860602,-0.05456644956957983,0.06078616332214584,-0.004014570803232697,0.107401253809509,-0.011718878965588396,-0.08989831594070731,0.009769767722701763,0.15485734025167328,0.15129347415456293,0.03866569393023518,-0.035132306759619134,-0.006396283401054511,0.05232743845422572,0.006402260056198359
781.0,0.007013851281494038,-0.031364718579349554,-0.07075101970139702,0.07353927972379895,0.02303507569238107,0.06670493099812046,-0.0319350159296854,-0.09167899018210172,0.05586366446769636,0.17102520484474615,0.16665375898517754,0.015133613851256255,-0.09574607291657139,-0.019073485724086955,0.09673047388999755,0.02549925260051254
782.0,-0.018281841648775894,-0.07315405385719786,-0.08664406945546424,0.07488357120051846,0.052922400534027914,0.020888282651493482,-0.033264578313890944,-0.0688646337453726,0.08679589606469498,0.17938352854697157,0.15298805976859634,-0.00013148351064007105,-0.1282654016334936,-0.017234615286733725,0.11684339385953983,0.04481629735636206
783.0,-0.04475567056423376,-0.10853215953341143,-0.09805093276176781,0.06380368799114629,0.08275275269860034,-0.019095476424654118,-0.015155250508792526,-0.03271122474388804,0.09310830599403554,0.1756388857168118,0.11148306412478183,-0.0038447119688264026,-0.12137233301685293,-0.0006303246915445818,0.11152594310743906,0.05588903197133898
784.0,-0.06542174311755589,-0.1371093444466779,-0.09957860228433038,0.04437681116597203,0.10882278471689572,-0.04615157054473022,0.01404342796436783,0.003430856389823925,0.0745352368239752,0.1547877321221093,0.05133239113587893,0.0017147500754846278,-0.07462220862585581,0.02664040037532422,0.08630186722933794,0.05306736792750835
785.0,-0.07465381031212066,-0.15687034934960187,-0.0870750398927164,0.024035786323439876,0.12773703277549872,-0.06059072329740798,0.041614259104779845,0.028126982613059664,0.04027659298796697,0.11404681670556872,-0.014116312165537114,0.010099711003042052,0.0012958575266774574,0.05944456141192888,0.05094154908942172,0.03469597919896731
786.0,-0.07054797398728643,-0.16346619808920987,-0.061009786686372226,0.009324952018218485,0.1362224980871034,-0.06881367108499035,0.056451855183040814,0.035121400936510214,0.004809397756289956,0.055827986435138664,-0.07286243798028708,0.013843988179858062,0.0877432143434908,0.09276858689535131,0.016248373469377318,0.0034490413677869987
787.0,-0.05587064571386517,-0.1524000929413057,-0.027876880843924978,0.002035917163984961,0.13056780843841453,-0.07791036321621447,0.05317223631574513,0.02508982351717589,-0.01922784658936037,-0.011354131746651787,-0.11774005238342661,0.0079598919715655,0.16385959188405308,0.12084245616132415,-0.0093311421751987,-0.03367711238273536
788.0,-0.03679287670432231,-0.12361449713830679,0.002073278513660688,-0.0012614864555690307,0.10711737121548147,-0.09080799831529385,0.033186296124439366,0.004780598039405051,-0.027218396466312657,-0.07485339032763935,-0.14655956227525122,-0.007974048680353346,0.21258080280722783,0.1368743326793442,-0.022377858973827294,-0.0666540284108844
789.0,-0.020167073609090293,-0.08450138538496497,0.01942025088553332,-0.006185577776491457,0.06428898935338195,-0.1049738198411098,0.003439802452312236,-0.016307159637933534,-0.023701905005375477,-0.12142472702717494,-0.16072561462205584,-0.029865023586564052,0.22454005312438635,0.1351730914297605,-0.024940572492543035,-0.08593930794304476
790.0,-0.010590877120653156,-0.04723072339192872,0.01958241632794707,-0.016523812370013748,0.005389102237261935,-0.11401661434892996,-0.025916850301477952,-0.02982024213372482,-0.01757297318603307,-0.14036159202840037,-0.16351135586211318,-0.050765447786736695,0.19980345651225162,0.11452292362824189,-0.021676389029519516,-0.08645294602707593
791.0,-0.00851706726643399,-0.021861396621320573,0.004310606550867086,-0.03180990620226856,-0.05956515992001069,-0.11081794652086124,-0.0443045785705045,-0.031060078945969134,-0.015314283457421503,-0.12555523337183555,-0.15773441426992738,-0.06359236201303843,0.1477818503797834,0.07963408548651968,-0.015294140336890536,-0.0690804785575462
792.0,-0.010436776419094533,-0.0111535801119336,-0.01951943333592631,-0.04777856529746467,-0.1153007586414129,-0.09156622518996552,-0.044197113953975645,-0.019676436333722624,-0.017770300987278904,-0.07728370290291914,-0.144305498949853,-0.064188203713475,0.08399686990543724,0.038884416268635376,-0.004289905853953122,-0.039632870855181954
793.0,-0.011093476738935628,-0.01073933115534458,-0.0428019928404909,-0.059055306860550716,-0.14663437537375656,-0.05868680753939489,-0.024916383552774073,0.0008768036588278707,-0.022059008861548005,-0.004112182081896454,-0.12310983320254368,-0.05302549071779404,0.02411535684139482,0.00012264372012693554,0.0146837932624718,-0.007266857460885972
794.0,-0.006460327330961496,-0.01322338978734983,-0.05717328202196843,-0.06177303830569185,-0.14502573537192773,-0.01970994665448002,0.005545076049669218,0.024798555065084882,-0.02542962866644363,0.07701579138174236,-0.09417801529590628,-0.03430073271743867,-0.021285801780012943,-0.03251435597900795,0.04210491565767545,0.017356908039512
795.0,0.004197725181824931,-0.012496586822550887,-0.05704792599093541,-0.05449445846661683,-0.11225898655452107,0.017395011277665167,0.033223958820544894,0.04607621556601621,-0.027373272832221646,0.1448649596882367,-0.056863819065305264,-0.013167784279578482,-0.04877307894161045,-0.05940212001580426,0.07286674139869478,0.025019978298716727
796.0,0.018383144375117025,-0.005774217343190341,-0.04130581989079376,-0.038028512466493566,-0.05933635520578439,0.04772241364956392,0.045177453742846985,0.06057208596259936,-0.028971453940515753,0.18115579540744367,-0.008564890730762576,0.006851065080576421,-0.06115267875046296,-0.08390800232350998,0.0974894143516498,0.011087320315579439
797.0,0.032393897268496154,0.006634679423209234,-0.014878705865550195,-0.015283849951769677,-0.0019359617917820704,0.06892615649199686,0.03683671130538739,0.06715053956467341,-0.03074041899248194,0.17694225814858539,0.054010200105936323,0.024467966611629918,-0.06473682925287223,-0.1094647473843512,0.10615637211638924,-0.022634921096373006
798.0,0.043569801187408344,0.022481760307863953,0.012089385129631753,0.008943359926713326,0.04497930684433699,0.07961241647196085,0.014701003848978563,0.06729223975103318,-0.03115934714818049,0.1350653879546189,0.1306694702000497,0.039081492013496956,-0.0660072982569685,-0.13662824207394653,0.0931587066870647,-0.06754907516672827
799.0,0.05063280955931145,0.03864354902388736,0.029181849818997293,0.028899812299315875,0.07168644239859459,0.08032172921454833,-0.007567797761445694,0.06349367504031146,-0.027424313804428252,0.06835535806137646,0.21368978526787924,0.04904822514353968,-0.068934276755678,-0.16119831022628928,0.0592245946075114,-0.10973519783585475
800.0,0.0518803463067824,0.05170775032686191,0.03170888788335981,0.03945224503576304,0.07636921128491264,0.07547687501167898,-0.016842404976977615,0.057619019847965344,-0.017898769987391688,-0.005124323595687818,0.28785107062841747,0.05187575421609368,-0.0739974458812563,-0.17414761594973258,0.010650782909837522,-0.13376697057727696
801.0,0.04378832562154519,0.058043823712593035,0.023121708875675523,0.037760041475621064,0.06489075613804876,0.07227508677641407,-0.0071791024024290325,0.05012070658520484,-0.004239701747767121,-0.06785137024491823,0.33576568472247426,0.04626827832320652,-0.0791532461570784,-0.16386181917963022,-0.04340935096916387,-0.12800500717423105
802.0,0.022489701231774274,0.0540610095485065,0.012779448996800195,0.024521767946143337,0.04741174194308235,0.0768147801136087,0.01791794720356188,0.04002648471326708,0.008468013005957,-0.10758474123118127,0.34547845974401437,0.034322385000146664,-0.08123741842241593,-0.12024770997115838,-0.09338639044815099,-0.08928305805823727
803.0,-0.012775685907443752,0.03763988530830962,0.011337685520584586,0.004034081799793177,0.03347878716646157,0.09142650230716501,0.04830101027360798,0.025345693417348786,0.013929327598596419,-0.11988485556191224,0.315535431689768,0.022137879574194913,-0.07604295659521125,-0.03932969004810426,-0.13094024504379517,-0.024787600619808715
804.0,-0.057188295812460585,0.010127285687868248,0.02615530243401216,-0.017451771336163793,0.028238533556552547,0.11477565014271418,0.07284581517309481,0.004249144916216916,0.008194508461831257,-0.10834507961102785,0.2545205488601234,0.017735725724329143,-0.058189995812733174,0.07296753857397231,-0.1505427101903803,0.04990607917608604
805.0,-0.10056013586500476,-0.02311188789299754,0.057796426444805156,-0.034127727635216376,0.03138461695568309,0.14244471810483028,0.08404280835097086,-0.022690621932253078,-0.007545111640395291,-0.08251569774505213,0.17552634688570248,0.026705663695331065,-0.023306250346832494,0.19900970807164822,-0.1509104519013849,0.11557526376511948
806.0,-0.13018801938528132,-0.054350088430154264,0.09853475553752794,-0.04206735654029729,0.0384804878338875,0.1666560473520363,0.07942802959952612,-0.050675677277298284,-0.026839271322345506,-0.053629162732986235,0.08944921946217194,0.048142783415004914,0.02791091394624558,0.3113090234729047,-0.13508649757952057,0.1549698640824341
807.0,-0.13569775441837745,-0.07636307643671628,0.1344412283603301,-0.039449690332411726,0.04337443951831007,0.17721748978047616,0.06079035550688966,-0.07157761020070118,-0.04060644655973998,-0.029736248118376794,0.002228741045313134,0.07402779714450512,0.08690020846139214,0.37923785553007516,-0.10854348660857176,0.15789233945885187
808.0,-0.11425454651031533,-0.08523275128626152,0.1513693544131214,-0.02671227764107259,0.04087325060871934,0.16539572351817025,0.03261878380701195,-0.07748594737564579,-0.04068478789293285,-0.012906416959591677,-0.08241804918067003,0.0930711507936203,0.13859171977869533,0.37938188438987247,-0.07623116575994288,0.12436922458249644
809.0,-0.07295064523830148,-0.08181681947621454,0.142037726903054,-0.006889013853518584,0.02912346896352522,0.12866066461680484,0.0007397641025958695,-0.06428572549890525,-0.022449029860551983,2.8950751602584297e-05,-0.15901666577442658,0.09662656770251368,0.1676840556773571,0.30581640793188886,-0.040491353718887506,0.0647812890471684
810.0,-0.02593156888072656,-0.07074122852345116,0.10980843171365301,0.014861807567684921,0.01065487850435356,0.07246943115135472,-0.028409821351705535,-0.033184010730605985,0.014047013624098612,0.014040898408529779,-0.22006764047553878,0.08264529167528901,0.16632657387356395,0.1752322880002639,-0.0013392955181717907,-0.003218393665014888
811.0,0.01231323957857661,-0.05700322885746454,0.06667275032673863,0.03293511600845644,-0.008783915116442035,0.0077611025384936375,-0.048766325466229776,0.00979282279891384,0.06422016575770254,0.032112329131239695,-0.25899507541345124,0.05543713378581978,0.1370046239987222,0.022792005622970887,0.04113758050392654,-0.06029677120222259
812.0,0.03311337501560728,-0.0421253496249827,0.026894045915014632,0.04329529599920089,-0.023057361837735955,-0.05328888749666522,-0.05672938816768332,0.05525904682356425,0.12004029913917595,0.05325425856957466,-0.2721623770324401,0.0222130781262687,0.08902873954033519,-0.11050994044947225,0.084133227914091,-0.09186292684776422
813.0,0.03598681990145828,-0.022711684666566864,0.0002668817923907905,0.044767841430375585,-0.02842456666752578,-0.10020321103564107,-0.05288259382551781,0.09228011441650785,0.1711577796915378,0.0730440026631597,-0.2583981192513738,-0.010997983669749448,0.033176295648801826,-0.19258094843735787,0.1213480247483567,-0.09276806747223353
814.0,0.02691308823473573,0.007072399494274032,-0.011444896533979287,0.039235937466468536,-0.024772589205909412,-0.12601135631750293,-0.04114728605697578,0.11097986373526578,0.20560037473562243,0.08570309167187039,-0.2183124956888324,-0.04176543221776295,-0.021680693705683412,-0.2098873554818988,0.14475835651371316,-0.0683467148725986
815.0,0.013902099733587463,0.05056472035037639,-0.01339524003741255,0.0308208658699047,-0.015099984131485925,-0.12935460126212012,-0.025771299491371642,0.10623566568003544,0.21131772415574962,0.08629099399881082,-0.1555309111897932,-0.07083750038905853,-0.06992967186751603,-0.16871572891939174,0.14755965368678378,-0.03171456043456139
816.0,0.0023399780838641625,0.10481277306789678,-0.013129874204161961,0.024096200297231633,-0.004094352077237749,-0.11537499418952656,-0.008890470549195657,0.0808076410967825,0.1800426035072536,0.07256269642250071,-0.07883971766459283,-0.0994119732610322,-0.1093540888341222,-0.08938230813376546,0.12657221548662498,0.001258805688189662
817.0,-0.00690399726518986,0.1607063116823934,-0.01595891179220069,0.02192773658203302,0.0036411691920121008,-0.09308425271277707,0.009400902305481441,0.0450415646060335,0.11217670590169726,0.04632151582677877,-0.0022232356374931326,-0.12628823543220116,-0.13984222771476512,0.0021593695650642506,0.08349159118527252,0.01734795455101182
818.0,-0.015623497164607534,0.20668438287677499,-0.02286059402958219,0.024302868867764938,0.005589912884226375,-0.07095819580704338,0.029036475693273826,0.012269166412028826,0.01910605444425735,0.013289508452516906,0.05877207595480951,-0.14714448484322168,-0.16081352082080322,0.08116803752605503,0.024617492597985433,0.009993904835501412
819.0,-0.024905043076868177,0.23323104489483526,-0.031187185662123557,0.028821192415836878,0.0025775956927193665,-0.054527382328335844,0.048145214872129805,-0.007493181769227002,-0.07920047277545075,-0.019002446485626635,0.092511256352517,-0.15632721932030252,-0.16967797501674525,0.12856753349197267,-0.041253204269956774,-0.01923816819157203
820.0,-0.03336420500563904,0.23569477446306286,-0.03707144723725992,0.03213718471346641,-0.002046675690298789,-0.046516745928925,0.06309941154510938,-0.011636711398137208,-0.16017253052173672,-0.04403279259303884,0.09514985333870873,-0.149710459806354,-0.1636499762588166,0.13413143347554216,-0.10552640796011895,-0.062067782881738344
821.0,-0.03798645257998961,0.2150822190576866,-0.038023483308401156,0.031521427647894555,-0.0049607660556292895,-0.04773332795257615,0.07033406750550253,-0.0047553016728350194,-0.20563873232976482,-0.058227388637914136,0.07112834581388738,-0.126924775212198,-0.1431432527312223,0.09843689464308678,-0.160819366849093,-0.1066346979798125
822.0,-0.03596566192173871,0.17780681509196813,-0.034076114825426065,0.026192740550013614,-0.005023060643543632,-0.057882805585946155,0.0683098207898094,0.005023412073912058,-0.2074699631298673,-0.06171098257370817,0.030904284155798125,-0.09196649105138173,-0.11259115220540672,0.032691558263442,-0.20005582745366482,-0.14038608476712866
823.0,-0.02561706047539394,0.13451051236019052,-0.026960278691289957,0.017881766862475206,-0.00322823479821753,-0.07589365148655854,0.0580485148854856,0.010710691173774971,-0.16947204342767566,-0.05806315249768628,-0.012645747628324384,-0.052048438955356296,-0.07762478815902547,-0.04395606442619809,-0.21600454602666302,-0.15207034271744616
824.0,-0.006290218827780771,0.09705775380454869,-0.018662279584293066,0.010090090303585778,-0.0009477579240934872,-0.09941026941194116,0.04189875623528622,0.009730026248036464,-0.10430774413580345,-0.052759970652194114,-0.04790884502636664,-0.015403663841567933,-0.04153603823015916,-0.10964316855904763,-0.20295333887044784,-0.13413994796108952
825.0,0.021593248749747707,0.07421173961316431,-0.01084278983389233,0.006444421920976248,0.0013604753787508515,-0.12446440089868051,0.021303735412452663,0.004134470160302588,-0.027501485364591637,-0.050430525570133104,-0.06705321077935963,0.010980634526695376,-0.004417453370814402,-0.1468602879085011,-0.1597509572730434,-0.08627435327758705
826.0,0.05586859268899848,0.0684740802991107,-0.004985044881863308,0.009088370703995288,0.003785169043298728,-0.14614175473007435,-0.004825042598353741,-0.002254265404339481,0.04737058017616015,-0.05248574979182305,-0.06651040099560976,0.02309061487350531,0.03434936219354198,-0.1487651816853276,-0.09214006503092277,-0.01807353206519195
827.0,0.09187102824669513,0.07580760199789997,-0.0023920393855485027,0.017666524947972898,0.005841175703175086,-0.1596326269568843,-0.038972042158649974,-0.0074608627788199785,0.10989737159232085,-0.056836119857246424,-0.046253489442838275,0.020676395785900685,0.0728538585187693,-0.12112338595420552,-0.012516334137434979,0.05230055142441853
828.0,0.1226795144397778,0.08769557016130446,-0.0038232471885212313,0.029259253641102958,0.006001158216311299,-0.16139831464790935,-0.08073217853688436,-0.012830341397207947,0.15170163493579344,-0.059728636816520776,-0.009871386572657558,0.006981036037060307,0.1056929251812793,-0.07860276096980119,0.06330225709976803,0.10470950265634758
829.0,0.14101539665263194,0.09428908811956106,-0.009030582148227346,0.03962014310229873,0.002344435243539566,-0.15029751808144734,-0.12290178857038825,-0.021606408204525595,0.1662142968750526,-0.058076682163806174,0.03463722637370447,-0.012062364705048734,0.1255316321835759,-0.03815493933777472,0.12099451656534578,0.12570444070585185
830.0,0.14213060720214254,0.08785819690124304,-0.016401780104796673,0.04539310009773157,-0.006246780928257547,-0.12761204450656438,-0.15254189566722307,-0.036191368560631286,0.15069453356966897,-0.050630030555915785,0.07584804199452955,-0.02874791767186865,0.12546074241509642,-0.013174393886447547,0.15218377269771985,0.11346883281762815
831.0,0.12606115054417275,0.06559541153072412,-0.023039245129681214,0.04587717917294343,-0.0192601128835561,-0.09607965126530692,-0.15733316809074044,-0.056077228144627844,0.1084127464235516,-0.037831549831341064,0.10234106282109165,-0.035159112287856814,0.10148634723177848,-0.009946138564412914,0.1562164155180898,0.0760463665659654
832.0,0.09770529017733949,0.03046551376435099,-0.025843459760431134,0.04271858839228681,-0.034347024936345366,-0.059225231286584946,-0.13238044967429163,-0.07743356087433663,0.048670170905857235,-0.02138804980963314,0.10626053424973589,-0.025686838513326888,0.05572888169360985,-0.02670560607055397,0.13873268389617233,0.02567296510097761
833.0,0.06443102976573412,-0.01049616966225793,-0.023801524649754845,0.03761697173816827,-0.04752325099608671,-0.02107830411532701,-0.0826141445694547,-0.09435525432832255,-0.015380028321086902,-0.004073146527704852,0.08543303928477931,0.0005052359237853836,-0.0009210161318509034,-0.05569815419916454,0.10912307977503719,-0.02606111807331833
834.0,0.03282617222892454,-0.04939035915581262,-0.020015736919153534,0.030234080784458973,-0.05404895273893143,0.014074622709450653,-0.020333667529665735,-0.10122192040509208,-0.07013784154220223,0.010620186113516743,0.04449044782933152,0.03839753055385259,-0.05046942210666845,-0.08732414334156922,0.07864279020853802,-0.07032834636315198
835.0,0.00669954993268417,-0.08012773697105634,-0.020752935858637495,0.018457133134920978,-0.05005126960431085,0.04176669333318644,0.039807500501094564,-0.09519212318851165,-0.10535870881615121,0.01939130746995398,-0.004984941922737428,0.07822328497297576,-0.07530314271551121,-0.1136414284607381,0.05808076840337098,-0.10079902016579549
836.0,-0.012967224495328064,-0.09937570123589091,-0.031089324925486564,0.0009923710789491048,-0.03404229026150323,0.05777172135548953,0.08605944927951087,-0.07777241457362395,-0.11713172271925826,0.020691297787848985,-0.046683134441750415,0.10888713744058394,-0.06689096092245747,-0.1293320048389906,0.05370249504582261,-0.11201350779295241
837.0,-0.026865018807180424,-0.10627836199832963,-0.05075860802353904,-0.019961687861192207,-0.007655752221070692,0.059409536945806626,0.11290549724208511,-0.05473082714070769,-0.10863205927801999,0.01631164994269577,-0.06502763839853108,0.12238471276588703,-0.029024520402263842,-0.13122257161534095,0.06374871079680293,-0.0987196973372951
838.0,-0.03633485433882058,-0.1022191667439375,-0.07394454640903911,-0.038560595468736095,0.024618234452936254,0.0470974649704785,0.12114659834888161,-0.03407232026372461,-0.0880498155918465,0.01152638783238156,-0.05217916557244192,0.11688622502972924,0.025862854529908007,-0.11820524251282125,0.07946475569677336,-0.058325665414870796
839.0,-0.04330686389513092,-0.09090174694152382,-0.09255995621035645,-0.048289940152007486,0.05691802652125194,0.025127292029967958,0.1153021159365842,-0.022784355077282572,-0.06439625048994652,0.01292353337815083,-0.012840875943714952,0.09685282457972894,0.08280443517211475,-0.09131689425029098,0.0906177822556068,0.0047080576507807425
840.0,-0.050693595694234234,-0.07750118102527047,-0.09955036288354448,-0.04597649212025355,0.08400710486510891,0.0009064076330962642,0.10016257093439307,-0.024210541294480394,-0.04335083505397483,0.0249115213905715,0.03621702196619906,0.07006676470907813,0.12845975409525207,-0.053143742317465756,0.09093760898616829,0.07669270965561636
841.0,-0.062084245356316146,-0.06634420174197819,-0.09041283861886405,-0.03372106394713439,0.10216542845529555,-0.017620492051620855,0.07840770573620778,-0.03741369657408245,-0.02587786455956376,0.04661110326907566,0.07221528062941816,0.04298590575402484,0.15264820843642635,-0.007327181642007045,0.08009191083892088,0.13809176107768173
842.0,-0.08019542480087494,-0.05894259450946039,-0.06434146840588195,-0.01729067296255745,0.10861414304870061,-0.02507423874553114,0.05042267193013313,-0.05811095985953979,-0.01055124068498036,0.0704428724903331,0.07561367523707047,0.017199025735927586,0.14844088099310213,0.04089861721043067,0.06262040451791612,0.17161563661847365
843.0,-0.10465852358058354,-0.054221613903949355,-0.026037566138912373,-0.0024410818644824937,0.10091802359059134,-0.019868155354222105,0.016181574925869253,-0.08020774226960055,0.002599151683343317,0.08382778929718372,0.03890284408425357,-0.010422781753806476,0.11242841846240526,0.08399834746873018,0.04517919964979203,0.1700318594748772
844.0,-0.130535500744168,-0.0502841647405475,0.013864038132561438,0.007797323668452126,0.0776546117383901,-0.0028355409957740545,-0.022341350464467724,-0.09766733676051487,0.01035064324040587,0.07487332426092842,-0.02899526094868901,-0.04397776547329951,0.0465673129825648,0.11281216978469993,0.0325411406831804,0.13857672737802917
845.0,-0.14889641084631766,-0.04594176734632482,0.04201679021187003,0.013112535645800545,0.04024528974065883,0.02462285889858026,-0.060216718061021746,-0.10644205897085991,0.008376865065854066,0.03992273904553248,-0.10572378806796597,-0.08425605352333795,-0.03957031496834646,0.11883905586082405,0.023629761188891676,0.09085102489217185
846.0,-0.15002213181204807,-0.04148746339090523,0.04817589232395426,0.014182071334005623,-0.005426145445595836,0.060283621110721726,-0.09055468778852642,-0.1055047759261385,-0.004723474019278084,-0.012184391689440917,-0.16517813778944876,-0.12693548613665534,-0.12929246851686177,0.09706144161401031,0.010719164805838318,0.04137466676779575
847.0,-0.12818466787972993,-0.03910084148939594,0.030310471224252504,0.011408462805858473,-0.04955402147235035,0.09911120799795413,-0.10658563124158549,-0.0962839293231044,-0.025064321678494345,-0.06325655730557773,-0.1885673693930758,-0.1637168473016525,-0.20315365479713388,0.0483152482853036,-0.016173623621202234,3.645409475841277e-05
848.0,-0.08491412160270494,-0.04261637735407975,-0.003525187971658243,0.004974434368240613,-0.08182946055398566,0.13279524735819023,-0.10441927680956954,-0.08121463044657427,-0.04469562174933595,-0.09525134779711801,-0.17096840909701613,-0.18523837121884243,-0.24583174661095275,-0.01953425998730718,-0.06215707324387553,-0.028251944005516012
849.0,-0.028198607321940638,-0.05592623544246734,-0.037481464040612165,-0.004534430563770515,-0.09597534590136422,0.15254279063924472,-0.08583139269342237,-0.06284605427527364,-0.055338295837356256,-0.09993014494101718,-0.12159217280169722,-0.18472128508550686,-0.2531339564099041,-0.09286684542300236,-0.12277674066095354,-0.0408138114955733
850.0,0.030981947315928828,-0.08035369753780224,-0.054044409578924785,-0.015870863191481576,-0.09255192774648838,0.15303921969784362,-0.058812474946232006,-0.04375984470785934,-0.05228441153056396,-0.08212995689035256,-0.05941277973955085,-0.16124697536511554,-0.23500575416482017,-0.1566103896776437,-0.18473924817584175,-0.03597286805127353
851.0,0.0813647025075837,-0.1124901863328902,-0.04182984089617885,-0.027398470290499483,-0.07824543254630158,0.13473040892473612,-0.03411504201833514,-0.026343079682957155,-0.036817226953826505,-0.05540472320442499,-0.00583348291690115,-0.1207906855095341,-0.21067418442959512,-0.19925387345494053,-0.2308076156300701,-0.014344856434610073
852.0,0.11289619941551582,-0.14386466425690245,-0.0010740258925521515,-0.037395133976953224,-0.0618942216818936,0.10341613980609701,-0.019458191771940518,-0.012117723296484004,-0.01631851854305232,-0.03447047936406142,0.023569985096699754,-0.07366456034492405,-0.19773811934026617,-0.2150745498654618,-0.24576849191902544,0.01982075924535033
853.0,0.11905687739912381,-0.16304427660174817,0.056102990730894274,-0.044095202513886135,-0.049788493878907845,0.06732018239634158,-0.015833625306741546,-0.0013663003867871878,-0.0017232860790378458,-0.02961297742007654,0.024431533151537708,-0.0298799220850565,-0.20294762643509287,-0.20320261300724357,-0.2215599350147984,0.058834005573171914
854.0,0.0998614922489071,-0.15990577405283732,0.11030762372958258,-0.04594262942069638,-0.04354737171648013,0.03278708137525085,-0.019015894216978822,0.006362904670891361,-0.0027280607421531038,-0.04452684863917161,0.0034160218230276937,0.0042265852082916415,-0.2207855961837712,-0.16619826440389027,-0.16074935167061963,0.09284193115845579
855.0,0.06267725252891954,-0.1306552661719089,0.14202684114294847,-0.042420018498704956,-0.0415431165436429,0.0015240366437594295,-0.02447805588997215,0.011157460470637459,-0.02232093067963739,-0.0758156694050202,-0.026371013925392504,0.02686429915402889,-0.23844770134330254,-0.1096913867754276,-0.07693017438492107,0.11161972600384315
856.0,0.01939481479614282,-0.08093964427201265,0.13902548811616836,-0.03475863676878263,-0.04166635257142833,-0.027628292397397974,-0.030608218466432566,0.01201502126598931,-0.05364116352279927,-0.11304313810916831,-0.05111425631688432,0.04043684501885183,-0.2419421605577406,-0.04207807143921637,0.009300553529855855,0.10692397002120228
857.0,-0.018231726988545624,-0.024465514937307496,0.10163862814261757,-0.0255322660567795,-0.04273619356653583,-0.05322843499381143,-0.037419709167920964,0.007258323093886249,-0.08218815938865362,-0.14087371340509075,-0.06043328185031029,0.050432681717498595,-0.22071855941325833,0.026872150057909067,0.07799840832318235,0.0754858305767644
858.0,-0.0422063019497767,0.02292207206460933,0.04302434050218675,-0.01729356549277729,-0.044091154526582244,-0.06750466747210442,-0.043228785222832064,-0.003977616297226792,-0.09336779095448404,-0.14498525786323133,-0.04914422313398699,0.06276551279709768,-0.1708318985084707,0.0880074080629751,0.11796318422832985,0.02214257504451273
859.0,-0.04948163828713689,0.05053284145321893,-0.016986251512295505,-0.011538737205943873,-0.04480010098553308,-0.05898998675733821,-0.04373774336779303,-0.020049832667184648,-0.08103607774468582,-0.11978366296749848,-0.017955536514129736,0.08023448222715603,-0.09607352775053321,0.13399100901466926,0.1309072688539084,-0.038885800295450176
860.0,-0.041295785115368515,0.057310580181799395,-0.06108247632024917,-0.00885330266816931,-0.043504615245230104,-0.019825942672849803,-0.03453835181897683,-0.03627936886649255,-0.05096342886335229,-0.0723247656901164,0.0260740490110509,0.10049587811967646,-0.0065137564636244686,0.15950691286617136,0.1286428032826697,-0.08750604008398401
861.0,-0.021905502069531974,0.05089201723973658,-0.08045641184033948,-0.00971924240300145,-0.03873313524291376,0.04794247255943231,-0.014112678889073667,-0.04656528234859428,-0.016417525483116764,-0.018675198318162247,0.07112639441222526,0.11704917203246364,0.08456042930080206,0.16197726869451645,0.12470084719551372,-0.1063248962780234
862.0,0.002917607539404961,0.04186189833134587,-0.07466591589540249,-0.01478888470072323,-0.029450590554867623,0.1310112903951034,0.015368620394550234,-0.04643464326103533,0.010830588309910603,0.024622008404440624,0.10554352437784606,0.12270810262405796,0.16389119735965985,0.14344249694433034,0.12626190907331583,-0.08952846320939499
863.0,0.027752699308059688,0.03718234109225603,-0.04841595999931546,-0.024051277524926997,-0.015828679616496904,0.20929273460814038,0.04950077205705172,-0.03527191568748816,0.02735009759909343,0.04782413330016292,0.12360400528541346,0.11383177669964877,0.2210867327369067,0.11174444829064227,0.1314792482799513,-0.045797452954332185
864.0,0.04889891903415738,0.03747978599504145,-0.009624037557964092,-0.0357857924339216,4.9906919936952075e-05,0.26409757090806,0.08389408437288376,-0.016177112334519968,0.03821233277162173,0.05039384835429878,0.12819657078337154,0.09293957836230304,0.2509757500618173,0.07890283911817567,0.1320865594335329,0.006556380173659642
865.0,0.06423497504676175,0.03957918822506226,0.031178906678351125,-0.04684484274504487,0.014301002554622315,0.2847045561633719,0.1156557061043082,0.005769276079764492,0.05149519506392361,0.03892075078541201,0.12841043101760277,0.06775300738690734,0.2549702724382161,0.05703545534467032,0.11832158481951953,0.04853656158954945
866.0,0.07246956889446546,0.04114134076604052,0.06315124403305415,-0.05434856596072466,0.022828761718562598,0.26907019074393906,0.14318163899338693,0.025315382445668642,0.07214945090358868,0.0228917140266899,0.13337017839697687,0.046987566095383536,0.2403101744990773,0.05391004260422932,0.08442195693478827,0.06814595604437292
867.0,0.07347503881806497,0.0427247952059497,0.07933090933810047,-0.057356424093644394,0.02365894191364308,0.22013138703004728,0.16472099634163256,0.03853997946942838,0.09933107071320886,0.01078319812331593,0.14636715773395279,0.03552468747280365,0.21703350198181276,0.0697887197665208,0.033316831427861016,0.06328286076325966
868.0,0.06919733536273617,0.045520705053007794,0.07900872280796169,-0.05745403405735782,0.018133544102537785,0.14249778943516228,0.17716818587120445,0.044035731211060816,0.12730478465931871,0.007885014574529225,0.1630998826904149,0.03204998896828811,0.19456632918912767,0.09691310287139626,-0.0226044647092949,0.039819491025581154
869.0,0.06320870261770653,0.04774427117007353,0.06595608067019348,-0.05781772811750897,0.01015570338431367,0.04212622314438358,0.17605660992743485,0.04318173620917135,0.147692874015891,0.01553253660917282,0.1744904457038831,0.030681469888795415,0.1795779247795968,0.12292418290085828,-0.06676504301154756,0.0077589495241452726
870.0,0.05889336011848627,0.044199307691359616,0.04460057998883817,-0.06073633182284219,0.0042611042811184115,-0.07197327959407021,0.15685521338091044,0.03909686940381848,0.15167578823291608,0.030712613163991796,0.1712700428555781,0.025001292321884538,0.17433915220938398,0.13706793163467113,-0.08696963941877539,-0.022374186905641677
871.0,0.05801628834444395,0.0299097635640297,0.017774991920120647,-0.06525150654069145,0.00364714784472758,-0.18644192618924224,0.11730734575719559,0.03476794619428291,0.13248654717769084,0.046561231040699244,0.1474663131601525,0.011045020081566761,0.1751154969502953,0.13495252216278872,-0.08153264985494407,-0.04316306326587862
872.0,0.060285741613636826,0.004436419747768883,-0.012623525842870064,-0.06737463103980505,0.009045828926593967,-0.28482473353498367,0.059815169063855644,0.03141764257563939,0.08871059207453448,0.05528030375363409,0.10239734490054844,-0.01201379854454609,0.17314782250596006,0.11849329286131118,-0.05945936053233083,-0.05335654392356718
873.0,0.06316975271866623,-0.026753026613650373,-0.04360272917499595,-0.06284633614696392,0.018720639190109658,-0.351532177897456,-0.007905141958585736,0.02815049393712407,0.026880355298885213,0.05233018339792222,0.04165544819558522,-0.04184834593467339,0.15989424067369318,0.0920475293450062,-0.03538094419870306,-0.057866722016784444
874.0,0.06195888822139656,-0.054852165249699526,-0.07016355964616224,-0.04985425362257009,0.029293814779646616,-0.37633800100236414,-0.07478967810599395,0.023345818816129123,-0.03963431476985712,0.038421528337784186,-0.02379876410343498,-0.07285487093258074,0.13285494224555383,0.05901239066097364,-0.022380564598049286,-0.06408816839132252
875.0,0.05099072019277717,-0.07253714455139973,-0.08658291429435223,-0.029788273675266107,0.037108822894608574,-0.35718681791132656,-0.12998474645062386,0.017080565396446215,-0.09590176410898153,0.01842236457120389,-0.08101707094788958,-0.09709806898299338,0.09681396200472127,0.021960048582847527,-0.026226383737605524,-0.07722960933877641
876.0,0.026215261593917787,-0.07772865891170375,-0.08874309840181852,-0.006061995339318544,0.039649052562519625,-0.30063666149997714,-0.16618182823288816,0.012533670006453997,-0.13106604735721875,-0.0005981147417640076,-0.11921432013512195,-0.10676667593950151,0.06050021827539231,-0.015078282511555801,-0.043755215785095246,-0.09773776432758562
877.0,-0.012041859220934488,-0.07365340998261187,-0.0758517114924479,0.017987939195735988,0.03628091077883833,-0.2201061732294992,-0.18134043078804316,0.014484392276013636,-0.1406865301283284,-0.011206195255643066,-0.13247091269591701,-0.09709750618154941,0.032857117682142827,-0.04595513162143259,-0.06592812023018076,-0.12159138617263879
878.0,-0.0575942629985351,-0.06562395599483936,-0.05098742559792365,0.04061626481606611,0.02806279631933754,-0.13227571020385723,-0.17815014471262994,0.02587243810676968,-0.1262427021835073,-0.008146753723985907,-0.12059662010459997,-0.068632199066071,0.02093009805155706,-0.06487476626092077,-0.08305524020722961,-0.14211242460130855
879.0,-0.0991833227429509,-0.05733898897789446,-0.02024537275896267,0.06126595883992082,0.01689137242271707,-0.05249546328026634,-0.1618277837977677,0.04601372753432112,-0.0938921272614062,0.009000149168317605,-0.08892448693074842,-0.027728620895388845,0.027533858699063378,-0.06974801138433259,-0.08910984217045972,-0.15219433152597503
880.0,-0.12396492543009081,-0.04904964612204515,0.009774140869088961,0.07875545175852482,0.004528389247179072,0.00886234571024782,-0.13789799533319738,0.07203334370354672,-0.05276366192748096,0.035077838202681906,-0.047494520813070276,0.015633986208329495,0.04797875336966129,-0.06308450720981254,-0.08405138350859223,-0.14701281195478946
881.0,-0.12284974526982445,-0.038325204568619806,0.03507260700054685,0.09032904360411975,-0.007635026147698089,0.04688075034595259,-0.11104347664956515,0.10094821098934569,-0.012456785958134096,0.06130283026492703,-0.009563424621761315,0.0521006562030168,0.06919270575070904,-0.049719922839160394,-0.07366747097272422,-0.1263906397574368
882.0,-0.09484005615965392,-0.022816562870880373,0.055816010021875785,0.09283527083813933,-0.017872845464299382,0.059892055571813554,-0.08467095253966565,0.1297909980288941,0.019358698259193976,0.07893179678036277,0.011296031107523958,0.07661125836248908,0.07450533379031422,-0.033859421002158975,-0.06615981390140484,-0.09481641094509885
883.0,-0.04733320757276591,-0.002905145120624285,0.07514488139224226,0.0849044395235764,-0.02377106005512187,0.048161568252198944,-0.060523807648051826,0.1542881070467604,0.03821866712016091,0.0829152192333798,0.005923671534158291,0.08913720334930787,0.05243129215496454,-0.017674444564257888,-0.0667200891618418,-0.0589170631222187
884.0,0.00759534256269939,0.018203954376211813,0.09570841034074182,0.06841508572346224,-0.023406780653932504,0.015018283503568906,-0.03863592231829913,0.16831956043040855,0.04318486622947282,0.07357066196902454,-0.02616261560766504,0.09251426174402397,0.0036829439617003085,-0.0015943786085378532,-0.07345965734356448,-0.024573089567993242
885.0,0.05787563558132766,0.037021814740770195,0.11576423281472395,0.04830121395734055,-0.01726416603750316,-0.03228123256319781,-0.01821967923166004,0.16591166823573383,0.0366893709632756,0.05534991927164187,-0.07674830250410618,0.08952143414896059,-0.058678591668988665,0.014165801415164717,-0.07768079218592049,0.004606813695081604
886.0,0.09433816531164853,0.05231079054514011,0.12763831126527983,0.030427757625225614,-0.008903155821365735,-0.08389206626860408,0.001123336684516966,0.1452899895057821,0.02359485602765101,0.03407863643350756,-0.13313168952277804,0.08158743889157612,-0.11594711195336518,0.0275684579893846,-0.06924554972964127,0.027329589758250925
887.0,0.11151026834568853,0.06527566672848949,0.12062867106921911,0.01856739870483887,-0.0033282532587675722,-0.12917748333800436,0.019172084307799212,0.11163935669750648,0.00930007358303875,0.014855946777221825,-0.18213860120300926,0.06973100794846025,-0.15207605618176262,0.03412571727842728,-0.043982379779138256,0.04345737395326776
888.0,0.1075738987255047,0.0777625908098691,0.08719734307772677,0.012633851479592962,-0.00416287457309799,-0.1574693559903423,0.03586544179777368,0.07530410926751667,-0.0023149777994875393,0.0011296937540741442,-0.21163195648816266,0.055963645254579274,-0.158608704843937,0.029175356279162287,-0.007618495169675765,0.052319486872102965
889.0,0.08444296994240658,0.09014958492147661,0.028285015526069605,0.009353253162766147,-0.011965425125212542,-0.159154025024103,0.051715202854773074,0.046284398161059705,-0.01022201059639366,-0.005585912030147554,-0.21199648495869744,0.043274136123303795,-0.13589992777607837,0.011375696561437668,0.026587713432683836,0.052119817364170075
890.0,0.047742422031034855,0.09992053704863156,-0.045385633202198794,0.004663416284857389,-0.024575823844952976,-0.12857609884862506,0.06720291124338407,0.029464224974694076,-0.01616603690670128,-0.00518912207668655,-0.17949770123850806,0.034617505383891016,-0.0921969788907223,-0.016222367852771244,0.04462534496591219,0.04157344993117343
891.0,0.005838376968020148,0.10172936207547112,-0.11601629052092342,-0.003738619093319259,-0.03808999295954076,-0.06745281464316312,0.08213459775709978,0.024013694272807924,-0.022665625706292703,0.0021090187229988035,-0.11922942927603289,0.03213014173692807,-0.04066371711693704,-0.048532132229426955,0.03884379209530737,0.022648386711577748
892.0,-0.032436272028391576,0.0896747213420014,-0.16453157806589566,-0.015147771115335062,-0.047281321233202105,0.014201696238010748,0.09555200533910885,0.026298940688344298,-0.030146266865913308,0.01613892196711616,-0.04430396468427174,0.03649536657533664,0.005385804619796811,-0.0813889765508196,0.0116226448215753,0.0015691703669794296
893.0,-0.06053939298538198,0.06092412730128743,-0.17809710351803812,-0.0263138355373275,-0.04624417068696516,0.10046546402500924,0.10543529418151881,0.03283647738125533,-0.0357127616796606,0.03623318211404203,0.02880078877390504,0.04631565402429213,0.036855819796600325,-0.11222587565332798,-0.0258201079547717,-0.013964290801616201
894.0,-0.07591196071448936,0.0183679263839055,-0.15577875893967277,-0.032842551269493564,-0.03043359261116577,0.17352347643287125,0.1081407900706159,0.04099333077193989,-0.03460862024799166,0.06128486684465512,0.08572094642442557,0.058258759659441446,0.050554381945635864,-0.13854913491255882,-0.05804836182557287,-0.019822482966663977
895.0,-0.0796730382687472,-0.029421244149265977,-0.10849306166641327,-0.030825677143625867,0.0003642403282936571,0.21864977976091116,0.0991452135996945,0.048388915923645075,-0.022771055797956144,0.0906717436943729,0.11808039714955017,0.0684152263756254,0.0482819697470355,-0.15642126808859153,-0.07171804363327727,-0.017952093841620363
896.0,-0.07473929765569806,-0.07069444791865101,-0.05309164919458012,-0.01847114196298424,0.04022941848119668,0.2296959903797163,0.0759739066712736,0.05307325822053669,0.0013158945295778683,0.124166827455273,0.12536668823905536,0.07416638940934947,0.03537286714600637,-0.1606111758794089,-0.06196613748708276,-0.0132669800370403
897.0,-0.0637119501616654,-0.09411601161269502,-0.004621113737009063,0.0027444417877138354,0.07836926947860522,0.21158514246416912,0.041431675460627294,0.05458356080846247,0.03583091992263248,0.159857209858063,0.11474978020161154,0.07510317122302056,0.019497488943130907,-0.1461905513161676,-0.035017877398402585,-0.007604652987257298
898.0,-0.04792844347622635,-0.09247209572512011,0.028265351199124412,0.028147394148702837,0.10328484970521,0.1765149244157832,0.004016356011979665,0.0541586747320743,0.07603596853981143,0.19230554695227056,0.09851493300581249,0.07200188691340247,0.008208772299901568,-0.11039058928818228,-0.003701711380182277,0.0033573302446046577
899.0,-0.028112098785519023,-0.06574231476359475,0.04301498952100949,0.051554482401054987,0.10764302926759502,0.13616200306251652,-0.02539151894010274,0.053156232522309506,0.11606630720845695,0.21360996334989363,0.08930236110640045,0.06459697357111038,0.004908920216747032,-0.05393334640449591,0.021021407213855925,0.02691403195022306
900.0,-0.005701333318638702,-0.021820234723792686,0.04048896920265144,0.06784961326896073,0.09110414409466266,0.09629849018187045,-0.0384913236361221,0.05084776781672422,0.15088659079945382,0.21653356366471593,0.0943601735114602,0.05014675967448024,0.006450709298370553,0.0181789690457626,0.0353713255188575,0.06622212813630998
901.0,0.01637357991115351,0.026640534120026035,0.022991651641424086,0.07480133495313435,0.05956571440933898,0.05768517765916317,-0.033298559305888153,0.04374265383985094,0.17696607913572462,0.19686950261664854,0.1116293999803698,0.024463886564008986,0.00577760690080608,0.09652213829680735,0.04198457953604697,0.1152282999618096
902.0,0.03397584950807507,0.06780180298571041,-0.006011522620449212,0.07320374264976058,0.02189285062969072,0.020729010025782504,-0.014672901905527808,0.0274053921710239,0.1921089501850617,0.1541741174174684,0.13084838655105932,-0.014553332121678274,-0.0016758928898435404,0.1685560700860854,0.046209780650150044,0.15977573528417752
903.0,0.043060670801319326,0.09469201899364275,-0.04069581649120614,0.06581465674243414,-0.013028583363610633,-0.011188696671419076,0.008622450160872368,-0.000567315756229446,0.19560506392841484,0.09205738799091223,0.13964543417907113,-0.06327498821223605,-0.013607357040853857,0.22168653831188634,0.053251325556376,0.18382685540914281
904.0,0.04150288668770688,0.10563792548083031,-0.07144461598047919,0.05604009172526179,-0.03750508799718417,-0.03142852220887157,0.028163024426080402,-0.038751456928962105,0.18824204731176536,0.018472836911761163,0.13081328722507415,-0.11182506682530693,-0.022950528342335547,0.24698547918002947,0.06681259980891555,0.1765052580156266
905.0,0.030284458974900775,0.10259809633741881,-0.0861342762474684,0.04705920888003706,-0.045637421968923536,-0.03200623530251995,0.03840650674162754,-0.08213974963588613,0.17078239359348485,-0.05537832743981765,0.10641601013917841,-0.14749849451438565,-0.02468645426055807,0.2419726057153007,0.0881114407710913,0.13649046385737684
906.0,0.01302252516460412,0.08938439750256441,-0.07549390250172963,0.04129956102050691,-0.03451341286090222,-0.008064330639673215,0.037110871446460865,-0.12336229075240708,0.14179315937360915,-0.11855906157349999,0.07608405978485513,-0.15990894165629618,-0.02116040348022867,0.21130515889768245,0.11514520895504125,0.0726203272815052
907.0,-0.0057955556222358175,0.0701289507011805,-0.0388895300389572,0.039618370777603155,-0.005662917722671471,0.03598252878587988,0.02536046237320932,-0.15395625173848257,0.09840545732863433,-0.16449991683060686,0.05012934008318066,-0.14499582922459037,-0.0214419333005776,0.1649927793293574,0.14366829084178992,0.0008087870804471951
908.0,-0.022466467450365287,0.048020785600650644,0.014643532956508963,0.04044952037399086,0.03433521405242887,0.08406171540914092,0.007396801208163216,-0.16608264331366165,0.04122259556080816,-0.19234706565611354,0.032424528937386565,-0.10617695051377535,-0.035614696314027555,0.11472764839921626,0.17071724516532658,-0.0617629713091298
909.0,-0.034687158511411575,0.024882766115830433,0.0708056199620823,0.04013436104361306,0.07520582396734397,0.1145940824444187,-0.011030649835849215,-0.1549700576344657,-0.021242400893230113,-0.20478897876128827,0.018921927515321187,-0.05276240171897208,-0.06827199680332291,0.06974576179950435,0.19810115449999904,-0.10269305567126266
910.0,-0.041617895072770875,0.002020187240573153,0.11601620752790959,0.03473678891723099,0.10655592318872366,0.11224950695451318,-0.025241064786617473,-0.12108313889084811,-0.07435532321915342,-0.20523428903782517,0.0028283935556073113,0.002977520269820839,-0.11498996094055582,0.03398764013857903,0.231153951133854,-0.1176479455581701
911.0,-0.04434807682788105,-0.01821591376678468,0.1411443633882241,0.02215960173859966,0.12204410567932272,0.07663193522055226,-0.0327166110184435,-0.07089420727934143,-0.10519369641446369,-0.19707155054846182,-0.01867720537545974,0.048865324737599115,-0.16333431617776695,0.005959196834607195,0.27199959080825226,-0.10989531369356684
912.0,-0.0462846689880391,-0.03167215555929106,0.14218565086916404,0.003275165988092823,0.1214986670390784,0.022115803543884288,-0.03209847632441012,-0.015747103907301118,-0.11031539729760931,-0.18433606097478716,-0.04212797639115885,0.07547340972367761,-0.19754135825368688,-0.01853567587439421,0.31350283642480126,-0.08716635267368726
913.0,-0.051974036457145746,-0.033590629985484614,0.11979992704844153,-0.01830872110592263,0.10978135104111748,-0.02940231280917283,-0.022470883475479063,0.031246763146819574,-0.09769576905821842,-0.17136591916275723,-0.06061106388655341,0.07822791412508319,-0.20425502146970406,-0.04227442482216341,0.34074388705123,-0.05722131115299843
914.0,-0.06429534576659826,-0.02124473967275547,0.07953872864249034,-0.03755510183996344,0.09343368296367903,-0.05780475109214423,-0.004781254912335282,0.059130525924782275,-0.0818861495855052,-0.16094830513183178,-0.06796644962860614,0.058559433461349536,-0.1770665200531746,-0.06378937085028444,0.33940203870912944,-0.023979107322888108
915.0,-0.08186816416035732,0.003916713978927217,0.03196587818121788,-0.049876443154835005,0.07714132912986428,-0.0529225224049856,0.01617593921852003,0.062168486840771725,-0.07582558249262951,-0.15275659024654434,-0.061532097092399825,0.023063850852578408,-0.11861669355648884,-0.07805738118935693,0.3039688152270913,0.01320484105594912
916.0,-0.09881276440325559,0.0363350334512716,-0.009410508845039517,-0.052884800645583686,0.061811334158654314,-0.01900155229603044,0.032213488211461395,0.04152574366175239,-0.08439046296147283,-0.14361281057015085,-0.043665864317082165,-0.019587235208983235,-0.03920519750692144,-0.08041071472897199,0.2399026285394306,0.05647481318660955
917.0,-0.10768449460775309,0.0683607135466508,-0.03259297224292529,-0.04723563305817235,0.04507953679173195,0.02734814076844601,0.035278329850517084,0.0051493563573519,-0.10312964068723979,-0.12952686764813937,-0.02217944128451311,-0.061994077245223295,0.0472835599572548,-0.07062125271711643,0.15977201716355457,0.10528718039873694
918.0,-0.10391814673755445,0.09233608626058999,-0.031912517156255475,-0.03621077138754532,0.023728465223749776,0.0652709603960441,0.021641989544191,-0.034896976275507044,-0.1218505813884697,-0.10826311583728136,-0.008044245830238439,-0.09926842626331957,0.12677382280125904,-0.053648055327287156,0.07771039980728536,0.154060687417624
919.0,-0.08851898686495745,0.10184637087925198,-0.010780476527521581,-0.024374055896220923,-0.0034376725515503194,0.07939520726656944,-0.006035851610885559,-0.06652218089958936,-0.1301003212199387,-0.08049718440348479,-0.009962259346568155,-0.12819555007642364,0.18576996748860142,-0.03623136130720669,0.005321548254162029,0.19271145348464222
920.0,-0.06720307270110498,0.09296567418101777,0.019182081722544826,-0.015979090518065547,-0.0338767683242281,0.06619546635241808,-0.039701387095708425,-0.08079323637497351,-0.12171732820445795,-0.04866931514553366,-0.029131234519025606,-0.14625515027313896,0.21162351381150357,-0.02244255054310606,-0.05109502952523562,0.21011323222824518
921.0,-0.04696813334566254,0.06587401768921683,0.04246750559288395,-0.013567029940514485,-0.061789386016274206,0.0340454308126331,-0.06909648963488552,-0.07380268068539954,-0.09707462756430218,-0.01519214428818058,-0.05869539471201963,-0.15179849627612751,0.19557104177541984,-0.012446465489842538,-0.09152082744867059,0.1992011692837639
922.0,-0.032354675148424245,0.025985550905700903,0.04552310338798818,-0.017033489040793243,-0.08060804331247116,-0.0027392039164912635,-0.08543403459724928,-0.04796125141217642,-0.06294386137282497,0.017917544454323836,-0.08858943642238426,-0.14492323389406353,0.1382215438919375,-0.005253905833690077,-0.11966160831639476,0.1605915544959596
923.0,-0.023465518014698986,-0.016591698360611577,0.022059730035674355,-0.02370897848749037,-0.08616064313319668,-0.032041581023827204,-0.08401339513039344,-0.011864446888348052,-0.030407056787616533,0.04836800356874567,-0.11128528557580279,-0.12780905415409768,0.0530132652338635,-0.0018794179614465033,-0.1385801419428529,0.10226535842059309
924.0,-0.01673175695311175,-0.05010906058716168,-0.023603966057237597,-0.02975338624035377,-0.07880658975082508,-0.04947966261038022,-0.06526242518382998,0.02263918412823468,-0.011002648800312176,0.07355542606931921,-0.12356664896841175,-0.10387629196833015,-0.03614982140504134,-0.005388595478107251,-0.14882912727775086,0.035688229399664616
925.0,-0.00770720789296995,-0.06601541633631271,-0.07702679343208814,-0.03229549441541502,-0.06332284141754499,-0.05880189429365755,-0.03443655953451287,0.04513543944002428,-0.012103959133738828,0.09126302601807283,-0.12477508933044222,-0.0764125792612028,-0.10266004162274361,-0.018286945282374022,-0.1500530004047136,-0.028840762733491555
926.0,0.005930333106062554,-0.0626358460564326,-0.11915622322615231,-0.031101095385634582,-0.04661796806352898,-0.06769729130892903,-0.00012813989084834785,0.05010392288948131,-0.03417047340351334,0.09995058025296402,-0.11555585173500335,-0.04791534328294785,-0.127041696733509,-0.04010058224827212,-0.14345595737012776,-0.08412735774996673
927.0,0.02293787655035693,-0.0450666867513893,-0.13453003144132494,-0.02840726870630148,-0.034723732473848655,-0.08207597280045684,0.028305430688956853,0.03739743817879942,-0.07133922558189246,0.0985790226187764,-0.09827060790742984,-0.02030558057555915,-0.10459762672746672,-0.06683609311710105,-0.13295056312088113,-0.12437609894362348
928.0,0.0395616408670819,-0.02205281355992939,-0.11727243396492874,-0.026664548904937167,-0.030673231878188077,-0.10267794604863943,0.04375787458505448,0.010522508968419038,-0.11362961232422984,0.08704480518881544,-0.07674397996582075,0.0047970930290168615,-0.047244395558237326,-0.09221459870407873,-0.12430508432709589,-0.1430878224858652
929.0,0.05239346171356069,-0.0025669662935638446,-0.07198894628448575,-0.02605998235041061,-0.03387669466035965,-0.12564268385345045,0.04362491473886749,-0.025477505647618894,-0.14873164022649582,0.06750793592594488,-0.05448178055543257,0.0257633106705223,0.021378651371294546,-0.1099024588226463,-0.12257822944949849,-0.13421887707023888
930.0,0.06078062306060732,0.0067175325051479105,-0.010659290625353852,-0.02407029598864406,-0.04072832549687054,-0.1449821063488199,0.030473269723728196,-0.06530400779332221,-0.1637042203123853,0.04545718455108452,-0.03333834059989513,0.040448152409828415,0.07566683737271966,-0.11574869354416069,-0.12948127077670496,-0.0964627456906776
931.0,0.06688755962288244,0.0031802321782826532,0.05169365145271791,-0.017213936069270987,-0.04610887321383645,-0.15406805935726287,0.011161140074669847,-0.10359108395392509,-0.14812519696038093,0.029047108798199363,-0.01397989141004138,0.04660960825047703,0.09906613970652316,-0.10908116469129374,-0.14275010024413767,-0.03737582490332941
932.0,0.07352483819418289,-0.011000055763717579,0.10076670790740438,-0.003494365802053858,-0.04546694002290622,-0.14606202980060332,-0.005453195902395101,-0.13459947561733432,-0.09883258013332348,0.026276602030442416,0.0031193947398479695,0.04384571380884345,0.0910353589388896,-0.0925868398195447,-0.15760907364889618,0.026499582545216446
933.0,0.08150938902713824,-0.02956738965449611,0.12593318166867587,0.015890923878688762,-0.03669299013393929,-0.11508736226053744,-0.01167746601469319,-0.15244073451892862,-0.0235142982822365,0.04115961928994136,0.018045409357390973,0.03527826414405198,0.065527726670117,-0.07108698694978423,-0.16851098042796037,0.07534916452288609
934.0,0.08873255611947037,-0.044768246114748785,0.12292414181803649,0.03632305301693611,-0.02098109617932959,-0.058859743843778345,-0.0035549440444149795,-0.15244633689579581,0.06059646577086692,0.07109907771590268,0.03283901725416672,0.026936610113053,0.04197252903963737,-0.050136098750341265,-0.17047919149120025,0.09483664060936696
935.0,0.09197693226377757,-0.051151590093701446,0.0959943809453302,0.05119597370196907,-0.002562234009838255,0.018074598818943972,0.018128937911793812,-0.13323859323889786,0.13338852935401044,0.10710912748458717,0.05130803079608544,0.02497767494859667,0.03476727543647632,-0.03484662490566247,-0.16113794975106627,0.08208730599934498
936.0,0.08995935590497067,-0.04819267987449899,0.05758186042624325,0.054602761494983526,0.012535511604806007,0.10255741476546149,0.04796108626614987,-0.098260488623662,0.17981953129159692,0.1364960941167872,0.07574178051411938,0.032440921508781105,0.046933582713807334,-0.028270717979216063,-0.14318516338901044,0.04547407485690623
937.0,0.08470684163199617,-0.040050512906631856,0.0236609528870911,0.04414940785274368,0.018469971183165595,0.17523372460304415,0.07649740922602508,-0.055602277334481004,0.1944462075307323,0.1464269168153579,0.1029027839999212,0.047337080120812655,0.06946864712225959,-0.02932214585412646,-0.1249338584331953,-0.0008878638834720781
938.0,0.08016109769161991,-0.03342394841798975,0.006318658843426023,0.0222991711381321,0.011599463660704511,0.21760527572597277,0.0917344878059654,-0.0157069380721966,0.18123510247166527,0.12768996315592704,0.123318120657774,0.06349174384703893,0.08547925124267124,-0.03221229123686892,-0.11768665821950476,-0.04458327601462117
939.0,0.07951378295172404,-0.03496799183139854,0.00800712894939831,-0.004629697685248795,-0.008057629138441245,0.21948228956985366,0.0827065142905321,0.012512474987695974,0.1504626732025846,0.07851184484164266,0.12501635075950362,0.07423786583952524,0.07839757923432703,-0.029286871097663234,-0.1310121317444935,-0.08001807035185249
940.0,0.08321298038333401,-0.04858691675917706,0.02119798996833139,-0.02894490397000924,-0.03594667676847931,0.1816106197059945,0.04512890771014151,0.02555834642031613,0.11512752387095662,0.0069141654190407595,0.09954862918937363,0.0765007574813658,0.04137836434030018,-0.015993763590931593,-0.16722917438948828,-0.10812543392934106
941.0,0.08840600433554686,-0.073286215451968,0.03359126884813253,-0.04390199173866212,-0.06318311261438178,0.11321050485676748,-0.014321491218051699,0.026921737605911444,0.08771660669957476,-0.07074724262099356,0.04749125735649164,0.07195642699176258,-0.01866260371572885,0.005835464556358321,-0.21677843604676172,-0.13169286951849152
942.0,0.08987785321346173,-0.10296690515733682,0.03519382310253605,-0.04531294113386738,-0.07889910238089921,0.028313845149674343,-0.0792679513825506,0.025076115918621432,0.07644532184380783,-0.13535836085429523,-0.019081038997669907,0.06492135873745658,-0.08575259304962779,0.028892312975282358,-0.258272672869719,-0.1508767456542485
943.0,0.08224884608834801,-0.1283994642952537,0.02260507137784915,-0.03291889652224844,-0.07470974975933155,-0.056745287797303916,-0.13050551874884692,0.029153138567659158,0.08133728937921264,-0.1719956219030237,-0.07942217024436142,0.0595927928734222,-0.14351183898966216,0.044590387735663976,-0.26665268750242144,-0.16231306397977469
944.0,0.062422461364549375,-0.14040430498179593,-0.0009909727237082,-0.011210699383811642,-0.049206269600587375,-0.12547687641708635,-0.15409438841956485,0.04470019056071833,0.0928747840929358,-0.17493073547850957,-0.11228427840599138,0.05824397900051286,-0.18100366811041402,0.047673881661918306,-0.22674036712198217,-0.16141095443380782
945.0,0.031025666754395265,-0.13337355538470738,-0.02813974648187129,0.011822536701631432,-0.009474027638910278,-0.16428045227470164,-0.14596636116518527,0.07126787818467084,0.09507642463461356,-0.14914838011041004,-0.10538204600959988,0.06014458642408311,-0.19429060843081433,0.03849908890627579,-0.14308598177472262,-0.145599425238009
946.0,-0.007414222181953531,-0.1081137891986966,-0.04982715025525058,0.028395559381602115,0.031527541412192675,-0.16634326247709286,-0.1114300990519873,0.10269156201697631,0.07239354977908886,-0.10812487560424808,-0.06058252364305917,0.06164443559314159,-0.18552067246766962,0.02193832196227222,-0.038758260837543156,-0.11687444948548012
947.0,-0.04500949467556829,-0.0722657406507811,-0.05846929322862005,0.0347395051363312,0.0599702756254143,-0.13478735711367326,-0.061371397305081954,0.1295661262608399,0.01829515886274054,-0.0681923391223566,0.007561479419010771,0.058162934450704064,-0.1603462887202048,0.004228992816959289,0.05573880587509723,-0.082610525433819
948.0,-0.07179702762517609,-0.03708537189047818,-0.05106509703881836,0.03214520149593392,0.06614240710213479,-0.08255917891909376,-0.007911156060266362,0.14240209614660831,-0.05862176825724664,-0.041566587501457856,0.0781190506912016,0.046987182267324214,-0.12407952159290374,-0.009844918658042802,0.11593883251083754,-0.05370923362392792
949.0,-0.07858090518187712,-0.011850176742136682,-0.031038648886728873,0.02471166128270086,0.047919058586240425,-0.02769399058183355,0.03930115276291327,0.13465966512125235,-0.13600453638739216,-0.031850838409504215,0.1314528439496525,0.028795713101417944,-0.07855960387331551,-0.01807193712766648,0.13187715633931144,-0.039696941880232234
950.0,-0.061087434593119154,0.0006264876000216961,-0.00700797980226272,0.015705920661748248,0.011399890536882356,0.01426137644784683,0.07579796404871517,0.10549691828632854,-0.18733609484113273,-0.03460130096851765,0.1551542611801869,0.006993302208770076,-0.02228571335108392,-0.020321053596186536,0.10811957807386376,-0.04249320092306991
951.0,-0.022979513905933592,0.004705517901248461,0.011559926456514933,0.005323662317365808,-0.031783314053538604,0.03593214340097702,0.10260537749609226,0.06121739803780718,-0.19405790159147623,-0.04190649559573235,0.14637392651744838,-0.014508152498234877,0.04538429539829145,-0.017184601143354895,0.05726996237354105,-0.05336099245454193
952.0,0.024762229187690086,0.009097911232914906,0.019059351508795955,-0.008282018823219562,-0.06900884781429831,0.03792206434823529,0.12317397763926295,0.013716831606778062,-0.1531263620476805,-0.04723556186622267,0.11089130468322682,-0.03339181650403356,0.11842556436569987,-0.008777211056374816,-0.006915856831892959,-0.05670010799160708
953.0,0.0678542364971514,0.022172921784936215,0.015385758540845382,-0.025536843925691506,-0.09105676518631284,0.024047802190150954,0.13876056970988657,-0.024519486913896354,-0.07730910158689402,-0.047512309462651316,0.060728931545562324,-0.04934424277515119,0.18174311104331475,0.005327674756868819,-0.07197276748558794,-0.039044588011877567
954.0,0.09374007248743253,0.04669900314987148,0.004085740529471342,-0.04269051559283133,-0.09505241380811157,-0.0027211581004431846,0.1458489041145338,-0.04645159303381219,0.010132251695674103,-0.04256243981633623,0.010559926188073644,-0.06287244808593559,0.21558753774656944,0.025148221384807032,-0.12578622298807068,0.002611765472860295
955.0,0.09546424458439674,0.07632480903651337,-0.010668303465612174,-0.05238514316334154,-0.08473108284381312,-0.04018972905465553,0.13785435666308085,-0.053244104214771076,0.08358355205263371,-0.03382051652672251,-0.027813555239919064,-0.07377706462135644,0.20492697757225914,0.049451522155224095,-0.15638151801123357,0.05869146875312786
956.0,0.07321790219936479,0.0975371258424324,-0.02640709695445729,-0.0476353321040975,-0.067652256502546,-0.08343991302174325,0.1102342134597777,-0.05146462409003013,0.12331586103910418,-0.02316712473844857,-0.05028280874856002,-0.08002116881703336,0.14812559362155533,0.07534916643246188,-0.15455584585479637,0.11249782746948588
957.0,0.03339932439602646,0.0977207372553214,-0.043100586151279194,-0.02682234490531649,-0.051133384327114215,-0.12173160528262136,0.06525660046130162,-0.047415272036780406,0.12137169569250525,-0.0120226157992881,-0.06013428366877728,-0.07778760296064952,0.059573614506699825,0.09812564380733395,-0.1180648616434892,0.14933916235456654
958.0,-0.013903814237598192,0.07391735192047404,-0.061591016782424166,0.003908920798744888,-0.03927676859248467,-0.14031401583346764,0.012368855588445677,-0.043774653600974385,0.08362398861972661,-0.0010756820544489524,-0.06307136693400368,-0.063741698499985,-0.035548158623611395,0.11205254580587773,-0.05342607087188734,0.16332123486078806
959.0,-0.05794394500900683,0.03555216397295114,-0.08033364343821074,0.032970953356365386,-0.032068703765001656,-0.12734137135890397,-0.03631557360087549,-0.04070176882738769,0.027312788143333634,0.009606873032708992,-0.0626968898063414,-0.0384258815558447,-0.11131121103449623,0.11252742437244113,0.0273473806300767,0.15833780773968967
960.0,-0.09010675321689736,-0.0006672553787435465,-0.09325591238004023,0.048945236598476605,-0.0264009151751822,-0.08064784858303703,-0.07166265553861297,-0.03898099868371583,-0.025851502361759662,0.020745010551901664,-0.05964512458427468,-0.007689996783808093,-0.15053453742471484,0.09809337761155633,0.11218404631290854,0.14356358619050183
961.0,-0.10559312169064375,-0.019893774145717368,-0.09166900443810606,0.04587004487511925,-0.0183425341188822,-0.009687959223664624,-0.09025387012651932,-0.041486189858231846,-0.05863228390939137,0.033951462881702976,-0.05313484026235768,0.019332748871667273,-0.1500229514043422,0.07087705545906674,0.19151434111566945,0.1268023660595959
962.0,-0.10359642605454861,-0.016613056630085075,-0.06977817536948895,0.025384016696608412,-0.005334089208940369,0.06774229728817151,-0.09343670904386743,-0.0512449131809248,-0.06452315820427793,0.051038615350527304,-0.04244964015193102,0.03411257699845017,-0.12007989129590937,0.035558670291625134,0.2573285290630605,0.11024456150939144
963.0,-0.08677439329368378,0.0033896059960136756,-0.0296572508843431,-0.004788602730646678,0.012949220450575697,0.13196459271540995,-0.08488876287414926,-0.06769932186436033,-0.04786258777134718,0.07246693300761885,-0.02751160546372485,0.032066555965724185,-0.07863605333198542,-0.001959225166795422,0.30177117853993757,0.09098006532975908
964.0,-0.06089784974770903,0.026941431534675188,0.017932055247880465,-0.03474349632439299,0.03485180614961657,0.16816971997953478,-0.06891360982373418,-0.0852082634352017,-0.019029102898879796,0.09549632774723567,-0.009353345855583383,0.014124251734971114,-0.04277937471631177,-0.03545492146768438,0.3174183865030125,0.06493320639937335
965.0,-0.03423158876671487,0.041059860172116124,0.0570830801559739,-0.05684875802417764,0.05683183720809812,0.1704564869963561,-0.04967570694983851,-0.09618773228851203,0.01096561261697199,0.11341895338299623,0.00916176129733585,-0.013790999842461255,-0.02187319747229482,-0.05961599893873053,0.2992679321167349,0.030868544130312543
966.0,-0.015438218104333512,0.04022553473068495,0.07281385307237787,-0.06861935825624407,0.07319488838293871,0.1420409678999221,-0.030592113359232915,-0.09611569173911037,0.03355369341134263,0.11760475965608909,0.023509574575728207,-0.043300275521462685,-0.015357015680259644,-0.07244362862283063,0.24709217108510736,-0.0083090860022574
967.0,-0.010102972561936159,0.028557943612740725,0.057270929589694035,-0.07224494752167938,0.07690337475109744,0.09295358201510481,-0.013819555332046454,-0.08571162242781592,0.04371320293242497,0.10223690817135452,0.02949224455561506,-0.06716818582767575,-0.015634845954848667,-0.0772307772235943,0.1664766191891093,-0.04711116567552995
968.0,-0.018148423174662944,0.015223856279772983,0.013446740738822974,-0.07138160224117115,0.06247238362498409,0.036735276079280316,-0.0004211004064521253,-0.06929356382802027,0.040740803538021245,0.06885392318497326,0.026096232406706135,-0.08199289245508787,-0.013798053292771967,-0.08112348812055678,0.06814390197309833,-0.07981394482965135
969.0,-0.03450310647184055,0.007278166429861921,-0.04531165625463387,-0.06817936112108415,0.0297320970531379,-0.01346583835305654,0.008695836808098911,-0.05152060515740102,0.028698911763326146,0.0273493401001921,0.01698834845505886,-0.08840670445497707,-0.004683074330963323,-0.09005470031242432,-0.03375232643062011,-0.10180234902085099
970.0,-0.05257331382345104,0.005846178857566887,-0.09980534823907451,-0.06260885254983684,-0.014223777390501057,-0.04850801919821494,0.011913719958819576,-0.03476378261179912,0.014874192753435564,-0.007589402785265805,0.00910650684187567,-0.08907783794758442,0.011434416298197678,-0.1035441018598943,-0.12415413846656591,-0.11003351076182788
971.0,-0.06756942417079095,0.007468919998193086,-0.1316967432414677,-0.05341988524905104,-0.05650665685259567,-0.06450420786023983,0.006994257066940009,-0.01866393231258833,0.006093115362310761,-0.02280488240699283,0.0092407242076707,-0.08642727313686013,0.030400628354861032,-0.11326282509912619,-0.18996735115023713,-0.10397266381245442
972.0,-0.07759299448339295,0.008064642332074662,-0.13003861254890603,-0.039308599462492086,-0.08260932068734725,-0.06116011590567626,-0.007802860360852208,-0.001695817797425425,0.00543146012636789,-0.012786721185010438,0.02100500591815258,-0.08159942356321007,0.046500109134551354,-0.10702443515920407,-0.2217200665083138,-0.08695136127377022
973.0,-0.08283520971611472,0.005801792079181052,-0.09538991089769863,-0.02002167609935184,-0.0815868405902334,-0.03961945394208038,-0.032276116647710476,0.017621887884449964,0.011458547788792628,0.01716538225795202,0.04338092111652054,-0.0744755682666561,0.05409823343817737,-0.07657144298050686,-0.21365516207413443,-0.06563441037846018
974.0,-0.08413370102918885,0.000838417615830869,-0.039870949796089954,0.002593884000904153,-0.050691191986915705,-0.0023312006127490987,-0.06351530177384468,0.04096591683087478,0.01966430979502783,0.052822928370024474,0.07078571992689307,-0.06386928301407116,0.049478516523549676,-0.024122439521237125,-0.1641171589960076,-0.04640642220206386
975.0,-0.08177542665122782,-0.006828353938278635,0.01725568053260668,0.024341050882155137,0.0023186359911807476,0.0450468518463673,-0.09618100616950392,0.06981614186029016,0.024589942809053803,0.07780438262113723,0.0946069393712264,-0.0477963248892967,0.03310387466557072,0.0373992494889124,-0.07765221926098125,-0.031245522652234837
976.0,-0.07514251615821393,-0.018142117455801274,0.057188274109883246,0.04000413978586008,0.0609543698485545,0.0917836563572877,-0.12344602619792071,0.1030837145375403,0.02146579493825446,0.08152873250806286,0.10577733848941787,-0.024196983814039234,0.010426253697822574,0.0906828025243798,0.032621422995696855,-0.016956598638504173
977.0,-0.06326185877718632,-0.033064134209299365,0.06951098685377737,0.04595966356302556,0.10592234166234721,0.12279512157364643,-0.13840475929440696,0.13512381853601904,0.007080794730965231,0.06365557416192519,0.09792500416965885,0.007730184869256714,-0.010206368427718982,0.1222621677894708,0.14573892273411576,0.0012510366729721772
978.0,-0.04568717445575136,-0.04822479226842625,0.056456554813501966,0.04230483610779855,0.12260519567844261,0.12327330013577807,-0.1357366778269082,0.15709177247488912,-0.01927569220982944,0.033083981905476484,0.07022783793267133,0.04634724903556797,-0.02118306086179096,0.12769185417844564,0.23838320982120095,0.024844657911966578
979.0,-0.023250936087503817,-0.05719166988896335,0.030586209453684312,0.032625076462690604,0.10646408060057216,0.0861285461923112,-0.11290857615843435,0.16130554745790995,-0.05458581581749456,0.002780759978135138,0.027567417570371983,0.08799676544608621,-0.017951841130558772,0.11164496844580207,0.29274780064653694,0.049768510616755066
980.0,0.0014973371225158437,-0.05377108148940486,0.007296662411343474,0.02167768784835409,0.06419241846908547,0.01833111268692739,-0.07084498551532808,0.14537114814579255,-0.09219821738989506,-0.01648446417979062,-0.022934842217637846,0.1289185174165669,0.0008337378457507562,0.0842301212679529,0.30192478494935854,0.06836432099959387
981.0,0.024631012744421546,-0.03585617720779932,-0.002803753845501535,0.013113967554187138,0.01076476431788984,-0.0591151735180608,-0.014731333336978148,0.11294676679902123,-0.12420287759518948,-0.02023198674479356,-0.07552144550103401,0.16641267960074668,0.033521298528345796,0.05664790429284652,0.26968782117089785,0.07359068916510692
982.0,0.04235239677099642,-0.007012709973973292,0.002442642333598361,0.008611338416342824,-0.03604476027339456,-0.11963215126806291,0.04566625010152485,0.07099916324808679,-0.14413106771380702,-0.010813420878192183,-0.12578979227235432,0.19784457540359404,0.0747760565733212,0.038409219557301366,0.20626280214151987,0.06271481334532195
983.0,0.05281686844650789,0.024674943304697196,0.01764584705035344,0.008103291362294809,-0.06176113048782606,-0.14343727938278408,0.09783908910563119,0.026562199792948823,-0.1476565113563722,0.004953801487567441,-0.1681591156663826,0.2190108826145488,0.1153740308461835,0.03571981688894204,0.12440044123742057,0.03861677018714184
984.0,0.056526893407685554,0.04930516491498233,0.03349597993797276,0.010276102530334744,-0.06002483555409467,-0.12590384230367319,0.13048405825626014,-0.014312465072580294,-0.13230361579399338,0.019835363630386054,-0.19495898095764283,0.22444514566800378,0.14425444595445028,0.04950569166266039,0.03767565138770009,0.008598487828103548
985.0,0.05494838206989978,0.058724485148886625,0.040983944052416184,0.013064707873596667,-0.034276683483297404,-0.07719284377104471,0.1375436872897723,-0.045840288231070524,-0.09862241412255643,0.029718622535401848,-0.19889775772333498,0.21008301235802002,0.15251656909047717,0.07352262552181635,-0.040183125061615775,-0.017911015978324677
986.0,0.049077111400191255,0.050046184701755723,0.03501752120002055,0.01433112583530042,0.0046211860315238835,-0.014774347264836736,0.12058587159697243,-0.06227792067678819,-0.052126276103442754,0.033980718207675814,-0.1767748567548924,0.17596328520845012,0.1373786892842104,0.0952401981926045,-0.09587159314787154,-0.03154867835788212
987.0,0.03917943111721857,0.027081676921602054,0.0166131315243661,0.012629424004578753,0.04351826639404689,0.045450821497471455,0.0886026099090238,-0.05963991865977065,-0.0030907110588457498,0.032915015393167386,-0.1317811401877865,0.12656213169490477,0.10373999831002993,0.10083960285859782,-0.11760283216978959,-0.02544223775313685
988.0,0.02516763972984123,-0.0014997164388745095,-0.007384673108859603,0.007825810762688503,0.0718347531501888,0.09433287340331488,0.054548848432816995,-0.03850885667873463,0.03653256131693201,0.025541893162291097,-0.07347663899380713,0.0688812141426816,0.06150857784652501,0.08202213955237915,-0.09851197878993179,0.0017733508590718188
989.0,0.007323550346339046,-0.026235381378514912,-0.027511763487487226,0.00153865145512658,0.08396378123138577,0.12969882474303335,0.029396353220591663,-0.005145671240958231,0.057325140144608835,0.010083799315903873,-0.015290551641981466,0.010358095198105037,0.019830240314883778,0.04070184093720831,-0.04207729345626141,0.04389194033717051
990.0,-0.0122516585547396,-0.04056421445704502,-0.03663553488446983,-0.0029583516339829483,0.07932868269834482,0.1537672436097569,0.017288353561736858,0.03081137327395604,0.05588846176833709,-0.013719342387184223,0.02980204318871858,-0.04201444700490879,-0.016533925275672462,-0.01115992792862698,0.03531249502165076,0.08802235784463398
991.0,-0.028581427653617326,-0.041714610812639906,-0.03362451358593031,-0.0017822985573309217,0.0614736998596873,0.17006402001573817,0.01552693556980642,0.060418682878942205,0.036347260225120324,-0.042681979701388005,0.05328826108781457,-0.08188395083959511,-0.04497350058450962,-0.056724307098711256,0.10895396413986519,0.1183774353509713
992.0,-0.03523416633022854,-0.02896378864370123,-0.022846441011835687,0.007854437125505166,0.03709653032781218,0.18048953247492386,0.01881708349185122,0.07845268292554122,0.008704036558005872,-0.07031822161847634,0.053228765897625416,-0.1044172664139629,-0.06091836823892008,-0.08181169336595165,0.1557956588478,0.12135219721948493
993.0,-0.02791709897867242,-0.0022552511147223425,-0.010205222611335059,0.02592368626923025,0.014700346284397614,0.1831849519177316,0.023332978869591278,0.08441295276077661,-0.01583556837105025,-0.08917590482365412,0.0346457055720189,-0.10832856856310595,-0.058823387678382605,-0.08093183466787605,0.16364701758780606,0.09059910495553913
994.0,-0.007160121482835941,0.0367114972267624,0.00043047710407016976,0.04871799091403764,0.0022197908444675086,0.17285126980317655,0.02736307209530094,0.08182125207577878,-0.029692341887788267,-0.09360007988852678,0.00822604588766159,-0.0975832566830654,-0.038301723191339086,-0.05874867377735411,0.13444674364029857,0.030759768393553148
995.0,0.02212921025593833,0.0824229102274973,0.008049304130522938,0.06988917090485142,0.004172783262931198,0.1441606154864291,0.029558729543862083,0.07588172540861735,-0.030551823114290205,-0.08095643152017341,-0.012971524871886263,-0.08036275545601874,-0.008383439496045305,-0.026450288828436416,0.08077665565209674,-0.04259415134529957
996.0,0.05308613183219032,0.12540760000537818,0.01352357309673754,0.08311932959967609,0.019962048737967707,0.0963484439200595,0.028011485172315113,0.07029030667507141,-0.01987253235319835,-0.05148531070479824,-0.017786667357045503,-0.0649780734016866,0.015237290285689075,0.004115909463085538,0.01947709910893006,-0.10822901358623992
997.0,0.07880883969926311,0.15462010635499207,0.018666397394973933,0.08459807248110882,0.0443973480378524,0.03581774733466692,0.02148653742755254,0.0655027658549144,-0.0011725177409867406,-0.008323038293952265,-0.0005464727867727719,-0.05568107830465003,0.018304612588931027,0.0247280968658835,-0.03294761970108087,-0.14731003203786838
998.0,0.09339439539280937,0.16087517671435467,0.02586296521543998,0.07416169101451334,0.06995487539386173,-0.025321783605443727,0.011079305307213334,0.0598935023367948,0.020252893554081584,0.041963049479635965,0.03683513178061735,-0.05141995345636636,-0.003864655199309635,0.03224885386031248,-0.06259929905751777,-0.149770736492087
999.0,0.09346669880135339,0.14009051482981527,0.03757799590016244,0.05525656311019118,0.08920501941744771,-0.07439411881807238,8.620774897507509e-05,0.05238424995946057,0.03745502078178956,0.08926995737585326,0.08481903258237901,-0.04781018943072461,-0.04303294867250586,0.028063875833650977,-0.061042403528731255,-0.11672489917100758
1000.0,0.0801917717126135,0.09547078134879176,0.054965711464780354,0.03359047355400112,0.09632712550524189,-0.10406614561108894,-0.007911141568627872,0.0440407284803152,0.04374203380083923,0.1211958071925894,0.12904391396516698,-0.04053244380907647,-0.08168285172692982,0.0161403861440257,-0.029363787616991058,-0.05944614818337262
1001.0,0.059730884241148904,0.037337245126057,0.07588065867756597,0.014306386366574721,0.08813143798687705,-0.11520683179868335,-0.010956816867520392,0.037478260888043555,0.036145514998400546,0.1259142014357234,0.15547197346842864,-0.027951466147897206,-0.10192418635711697,0.0006412198120995335,0.02055914083489796,0.004557601516367364
1002.0,0.04073229986146005,-0.02004444559762189,0.09392933845034471,-0.000768420516593944,0.0651273335866482,-0.1150310450989173,-0.009442742973629407,0.03461037444500789,0.01766950692017058,0.0959436440940222,0.15535489596693378,-0.011700723793996405,-0.09478849406169215,-0.01531041047648497,0.07076369614077556,0.05788274080717126
1003.0,0.030031361222505278,-0.0634001193628143,0.1002068667710449,-0.013479754951681815,0.03171902681967062,-0.11228964090919938,-0.005791007678302352,0.034398568858376305,-0.004381833491828981,0.031163314016446717,0.12761727050752286,0.004290671521899915,-0.0645980040189192,-0.029466236912931407,0.10467114116532342,0.08918504323540132
1004.0,0.029340182573232697,-0.08461932970826119,0.08752711256755766,-0.02718589296253815,-0.005316966175135131,-0.11278937954661826,-0.003435616237715634,0.03249167391408546,-0.02339204764823168,-0.06017226137456914,0.07844611227886697,0.015369723229388512,-0.025647447090237897,-0.04030453900019051,0.11184003357530668,0.095326634016476
1005.0,0.03502801819975045,-0.08214613886199358,0.05507356150710887,-0.04425278437704834,-0.03892438146955518,-0.11779854897776162,-0.005306947373962924,0.02359841284757265,-0.03755236565484824,-0.1624670112772316,0.019113294161007776,0.018064575148234365,0.006778738122107208,-0.047463052556232524,0.08923936505549349,0.07965097329303263
1006.0,0.04072851993110551,-0.059893990650723386,0.010799330233518232,-0.06475449261554762,-0.06290843275262274,-0.12545996213845756,-0.0123081796274835,0.005603487260019812,-0.04917679395306939,-0.25563323714401637,-0.03720595144087087,0.011846763614489011,0.02505675152055644,-0.0518334702000505,0.041179298271385015,0.04909877235871123
1007.0,0.0406250191531794,-0.025716093239847273,-0.030586965034718964,-0.08616972401408053,-0.07246683206279712,-0.1328282020534741,-0.02243070465835961,-0.017362837201298362,-0.059851431479587366,-0.31962689032575686,-0.07879252196251917,-0.0003686406114032536,0.031896165623653404,-0.05494686178546713,-0.021584035030676293,0.012151423994395043
1008.0,0.031623503499968814,0.009859653092640164,-0.05395597441204233,-0.10368573485176205,-0.06530477793556688,-0.13694131478086963,-0.03129409193516818,-0.036052155754887655,-0.0663181848807926,-0.3396023436897932,-0.0979105285129798,-0.013440443196637609,0.03609026240444091,-0.058309893832427816,-0.08415303502827505,-0.022403655514589973
1009.0,0.01402912571252451,0.03595516409264096,-0.05092297068238911,-0.11127557044622373,-0.04326008847233586,-0.1356159813331292,-0.034637704890892365,-0.04174424563824063,-0.06126399964362236,-0.31020085719918183,-0.09235672915623198,-0.022245818223097555,0.045516062255891575,-0.0628722184267857,-0.13156513376590748,-0.047079314448202694
1010.0,-0.00889775536396889,0.04528821518223746,-0.02355764536249265,-0.10349566101607906,-0.012973880242820816,-0.12803776775253486,-0.0313392556380949,-0.032167745516321344,-0.03857950077612757,-0.2380769315432758,-0.06633074680824315,-0.02395410091856309,0.06239447744687304,-0.0682318658991299,-0.1542569310916107,-0.058104216405349844
1011.0,-0.03188435151443151,0.037736974479975365,0.01682313519440058,-0.07761881214620042,0.015766075828996688,-0.11421795854450574,-0.023926792451212247,-0.012549344987035808,0.001041451011956327,-0.14119342206382368,-0.02967186960430936,-0.01913414432908004,0.08253131553689788,-0.07212577430266058,-0.1524604494963909,-0.05692944755298888
1012.0,-0.04899716369823568,0.020554317056890842,0.05455699180923134,-0.03567604656562659,0.03388030723910765,-0.0939452312250108,-0.015851153264692233,0.00838074777624621,0.048396552361852266,-0.04325794183226878,0.00569170630189793,-0.01079962438085133,0.0977151154845254,-0.07134631359076482,-0.13583855203253714,-0.04894436872323545
1013.0,-0.05587901839053677,0.004504041369841575,0.07621512364198427,0.014588271065904808,0.03706594670984678,-0.06684153809055754,-0.008605272806951484,0.02305713168342732,0.08942667041723704,0.03532522091493533,0.030799704187568323,-0.002343458920308009,0.0999082124756558,-0.06349100508140124,-0.11731212617481813,-0.03986718394623476
1014.0,-0.05192333734837796,-0.0014928298990253416,0.07622259453758723,0.06129480502864221,0.02734479716601633,-0.03403485246832195,-0.001758642412856819,0.027339130142540292,0.11213234565683557,0.08507744387981753,0.04316203213848441,0.0038140180814389786,0.08487533404760182,-0.047646057528701775,-0.10528680778862104,-0.03236196147937643
1015.0,-0.040290179204786114,0.00592650950232102,0.058598515681044495,0.0926636428927264,0.010820735685422293,-0.0002506046745639006,0.0045424860015925855,0.020474437826350694,0.1124588118852066,0.10871329465490566,0.04639170963528077,0.006640863612159223,0.05302757022976537,-0.024134331110938392,-0.10058698267301487,-0.025783484763515146
1016.0,-0.02570587439673129,0.02354266667372559,0.03399459534508612,0.10158380994876955,-0.006615542021218735,0.02661859622432859,0.007673939387747846,0.003954155030324815,0.09567623091134762,0.1155582845457286,0.04583436015763769,0.00663099064780129,0.008322619154339515,0.004688590261133184,-0.09956376363704462,-0.019219806062771353
1017.0,-0.012058148505816194,0.043038462795429354,0.014591450343497866,0.08761815052191872,-0.02217793712076992,0.0400390102848393,0.0036217871836647575,-0.019538118142054858,0.07313062863074991,0.11412118175016,0.04302319196316189,0.005529255377321423,-0.042280933075343155,0.032832766536097194,-0.09869026973566117,-0.014067501192147901
1018.0,-0.001233945906693991,0.05452974490668498,0.009805707736838106,0.05598025073258092,-0.035916595160351776,0.03976656382878306,-0.009686921439638913,-0.04646989122126811,0.05676465890859056,0.1083717452329448,0.033316140979508156,0.005577477513300545,-0.08891410562912974,0.05114918155424878,-0.0964640562046294,-0.013293333313410514
1019.0,0.006574405224832405,0.05069194542598239,0.022957908058878096,0.015261237587520904,-0.048679859160729935,0.03216301123312794,-0.029908259245196033,-0.07248978144098939,0.05385525280597583,0.09882337029441683,0.009042861125210643,0.00895658872870946,-0.12090337920334909,0.05098316211116913,-0.09319382977587307,-0.019119659095390044
1020.0,0.011768016329291848,0.029638076179657424,0.048735421717543574,-0.02491286852974295,-0.06060151328626025,0.02599477561742631,-0.050699912678890326,-0.09295355450358385,0.0640589979197169,0.08609820000713868,-0.03354200644992767,0.017675708277870145,-0.13150215100342322,0.02854029401756629,-0.09062636137199313,-0.03167356743739355
1021.0,0.014763749027377069,-0.004253824171584933,0.07439470407264813,-0.05621099676416298,-0.07082810651550407,0.027237866345659743,-0.06453513433659255,-0.10431965134367258,0.08039264579711035,0.07400283841663238,-0.08837042552604757,0.03301234181605007,-0.12216723300032879,-0.01281937206072392,-0.09124578282343931,-0.04862328439798864
1022.0,0.016416053445755127,-0.0416195498041499,0.08662320126511258,-0.07337201711530814,-0.07784906476387503,0.03573241290201224,-0.06631522192345221,-0.10559392373171714,0.09335993026343031,0.06938671701817038,-0.1394340739054715,0.053802742459016714,-0.10237024630647393,-0.06305350635967297,-0.09676146349111722,-0.06533266906302466
1023.0,0.01829320065268396,-0.07153664211041531,0.07920472588380605,-0.07480404555345634,-0.08006308710742993,0.045661615271927726,-0.05581341201120536,-0.09834030156698116,0.09516428772323102,0.07795706858035134,-0.1672653286359607,0.07512502576961527,-0.08405750537653256,-0.10847521142081877,-0.10712944970024205,-0.07594133679961966
1024.0,0.02176638264604193,-0.08647073891777877,0.05435936709319569,-0.06235469324504144,-0.07674991766450046,0.04976640470419252,-0.037226710735830476,-0.0850127867776555,0.08221469370788805,0.099111569373023,-0.15830903595856713,0.08985973202286579,-0.07425340795300076,-0.13686922871116736,-0.12121317354845036,-0.07513580368740017
1025.0,0.02664304875758652,-0.0861855906651976,0.017799858054655438,-0.04058592415167262,-0.06911476207555395,0.04388701642067625,-0.016245246133012994,-0.0673435144319885,0.056545006354568515,0.12496353570126702,-0.11148815370191661,0.09250079117219294,-0.07096812215197604,-0.1423916180398061,-0.1377975643231249,-0.05955304651047022
1026.0,0.031159549313744792,-0.07724249496938204,-0.025745806709515304,-0.015230716113359051,-0.060528668941964396,0.028942053581265254,0.0030523493899441414,-0.04663018101645022,0.026248910797421084,0.14536968870664893,-0.03825169749371457,0.0817525510098875,-0.06499720244098224,-0.12685661186930844,-0.15518310924079293,-0.028684461853562545
1027.0,0.033954376006392145,-0.06806017621080869,-0.0722580196847514,0.008933290033568445,-0.055388950624101,0.010633322800795895,0.019694832767968656,-0.02540500414536335,0.003400204882534115,0.15453049238798408,0.043419876342029436,0.060124021303956825,-0.046013864731995334,-0.09643859257624925,-0.17004668475998394,0.014076244033650043
1028.0,0.03598191271005447,-0.06385399829537214,-0.11578376200293897,0.02962318950373782,-0.05661624308459262,-0.0029329578747297035,0.03527280100771673,-0.008264402125587376,-0.0008445971762714548,0.15318604497034014,0.11737400235068171,0.03164132069637044,-0.00943773636545829,-0.05653432327016037,-0.17790685541462967,0.06071202067436821
1029.0,0.039600591547449694,-0.06529527765253891,-0.14807661281587395,0.0470532774144081,-0.06296976575815116,-0.00641689346227448,0.051646792157001443,-0.0008288545514189613,0.018632343055042633,0.14560532345081895,0.17500506105967015,-0.00036669979975356996,0.03905962723002578,-0.008824464525229444,-0.17537685589976965,0.09963877952798507
1030.0,0.04534303517674229,-0.07064720243759413,-0.16188755269003544,0.062414894566482304,-0.06868254504254857,-0.0027292538290485642,0.06813717805219544,-0.00771082337050871,0.05869274650260042,0.13527268867557476,0.21470366011551217,-0.03387848363887889,0.08398350996725322,0.04730843500112158,-0.1615287930796862,0.11921258994491815
1031.0,0.050095932069727546,-0.07816459652836533,-0.15512446142083178,0.0758569340581161,-0.06664897426191282,-0.0035537769713937023,0.08058877933255788,-0.030789557828534857,0.10943330168004366,0.12257079949962875,0.2364098091507779,-0.06710848205073953,0.10626566388195294,0.11039781397873351,-0.13664623947151341,0.11275943009249814
1032.0,0.048621444592120075,-0.0860159416103554,-0.13250520300235902,0.08558743394132397,-0.05285620376888501,-0.022998572765311497,0.08393063879655213,-0.06843084424827131,0.1576665346891688,0.10499667574089229,0.2368975422342231,-0.09724306673989372,0.09255434912057611,0.17334530974939233,-0.09997973535537755,0.08261381590945724
1033.0,0.03640865350820126,-0.0906676586739887,-0.10384823414776163,0.08894197088512301,-0.028521414815790704,-0.06829715718328898,0.07648987658269599,-0.11562665040401032,0.19016202861760909,0.07877309042149709,0.21004474977319648,-0.12020087316410372,0.042243593859939914,0.22364468893638542,-0.04950476990427332,0.04014020233477504
1034.0,0.011484091391333707,-0.08707940335714158,-0.0798818666571784,0.08430450730828196,0.0011837881100999962,-0.13329245022271027,0.061988967950909295,-0.16468688710590332,0.1961484368796953,0.040675997926187035,0.15175292486765096,-0.13167058732758097,-0.031628812422352666,0.24754198885802575,0.01548234167648046,0.0008726665833165784
1035.0,-0.02480835198106552,-0.07150908790358927,-0.06697850903216147,0.07193856430093354,0.030164762110933503,-0.19837096306386412,0.04722800147358178,-0.20601782581062375,0.16994827447989547,-0.009981204591332324,0.06576633425510874,-0.12908331865896017,-0.10741845383516067,0.23617725335447623,0.09133406386558406,-0.022486711799413923
1036.0,-0.06713541893948913,-0.04424881450019305,-0.06363481199568588,0.053394600568123306,0.05372382753242721,-0.23745167356995545,0.03763390570931453,-0.2291710959040858,0.11340956032060134,-0.06913481018562564,-0.03419406249981566,-0.11316613361700592,-0.1624391732445914,0.19066049215590153,0.16911057496501927,-0.024960835405981326
1037.0,-0.10603058090007857,-0.010003004414785315,-0.061846553342941236,0.030813705397301373,0.06905772896783816,-0.2291440898507744,0.034445323351197134,-0.2251954883041369,0.036273519372089315,-0.1268878904577068,-0.12815236761657614,-0.08775618538596892,-0.1797135804865491,0.12288490335660583,0.23587386848102518,-0.009733408221233218
1038.0,-0.1298807636138022,0.023874492933218305,-0.052887659846348266,0.006774536879429953,0.07488469519882014,-0.16661261314923004,0.03521642219084064,-0.19054515264790287,-0.04645274004904708,-0.1694081418795144,-0.19720123587204547,-0.0585403227434885,-0.152874341686745,0.050920227353019445,0.27771150958712937,0.01481610737631704
1039.0,-0.12946503232259005,0.04978466800750503,-0.03286957482877243,-0.015853847999965677,0.07120321065027767,-0.06160552108946168,0.03610408579930608,-0.1306585007896323,-0.11903232936000345,-0.1841038499054989,-0.22982524078741495,-0.03217012964720296,-0.08890815265349156,-0.008219465837307106,0.28432533854383646,0.0388460221302864
1040.0,-0.10283994695542134,0.06186842231750145,-0.004405281800545171,-0.034248453142201034,0.05883471398755929,0.058509209078554794,0.03362266612222515,-0.06006671100817678,-0.1695721771286882,-0.16596183458720312,-0.22443606557547585,-0.0152914770186911,-0.006790806384195641,-0.04380430554970312,0.25376627251864653,0.05423920520347514
1041.0,-0.05741578807204753,0.05754572053028371,0.025069838481664712,-0.04602347176439163,0.038786774297443725,0.15949171535119036,0.025727291219353843,0.0026239128307884293,-0.19307235084009094,-0.12140556601278962,-0.1886864506572901,-0.012312638793918964,0.06944155564476046,-0.052780295798938365,0.19473514591758956,0.057005348324792024
1042.0,-0.007633992917245277,0.03854747621261801,0.04641805583080211,-0.049955122673721694,0.012464405445667251,0.2120625497539949,0.01285474905490569,0.04248400637163183,-0.19191674674658268,-0.06705126215834357,-0.1372375886538694,-0.023179075024367488,0.12018919267698745,-0.03893385935899494,0.12454770485849967,0.04784273996119345
1043.0,0.031074371346651034,0.010385387369911145,0.052787863653935445,-0.04689024273187734,-0.017290289319034664,0.20219513139301099,-0.0023580824802595453,0.05366963764832358,-0.17356422574342217,-0.023529946766302167,-0.08801418894181566,-0.04346662613905303,0.13654946929741177,-0.01141839146089224,0.06311164306155924,0.030103131662125113
1044.0,0.04927638861907378,-0.020037502110728966,0.0432462627285293,-0.03989656256215094,-0.045579788074132224,0.13530122543925402,-0.017454449409837137,0.039705674125306324,-0.14646462238364535,-0.006865257915710004,-0.05641986940478232,-0.06648274653020199,0.12100516704079695,0.017487908664487604,0.025881827433839745,0.007111304046658398
1045.0,0.04746938407869631,-0.046623823859263225,0.023391829257730555,-0.03306107401409643,-0.06589965080049234,0.03301760198951447,-0.03198550796077749,0.010383584115014874,-0.11648301906826848,-0.021292204935626783,-0.04957265141217399,-0.08516325367079855,0.08529592080305944,0.03599750704662149,0.019224740552921133,-0.01805410778177743
1046.0,0.03465205620131282,-0.0643299345775038,0.002274614299059494,-0.029393186742102288,-0.07169035579988134,-0.07507899569290119,-0.04619013392868164,-0.021621378320778054,-0.08605217727349353,-0.05722669202438221,-0.0637033548140801,-0.09283636299733913,0.047745074682333175,0.03713460511602856,0.03936461938921914,-0.040414943309633314
1047.0,0.023071067001971528,-0.06884546350667865,-0.011879808449818114,-0.029164770805423627,-0.0591412230564506,-0.16078344068368652,-0.05840962962258248,-0.043614690549461224,-0.05627630674842961,-0.09549687322909899,-0.08550618632106327,-0.08400456741236917,0.02848587584863876,0.021376150809762545,0.07411853949556071,-0.05217039819500961
1048.0,0.02240143051420806,-0.05792460464305649,-0.014634558725266622,-0.02996389252451998,-0.030222541358145814,-0.2041789651807477,-0.06503860979460896,-0.04624028661197622,-0.0300163788042241,-0.11586363310142783,-0.0973479065998759,-0.05654238162912655,0.041410660148264104,-0.004224998352713559,0.10676059859194346,-0.04530240315119513
1049.0,0.035498638939454936,-0.03340779651417803,-0.006243590756690377,-0.028440054190612827,0.006660393527257066,-0.19697552557525289,-0.0631034405288993,-0.026979587162325062,-0.0132964864907132,-0.10602771520014043,-0.08584715638971901,-0.01436810545589392,0.08643209552776236,-0.02948781702470925,0.12156754026656269,-0.016093931313456072
1050.0,0.057119803427431955,-0.0008975715123767179,0.009512827070514545,-0.02246089314075036,0.0397714231351292,-0.14271012544336964,-0.05215396624528623,0.008408672873296903,-0.01304477279903404,-0.06681384861168102,-0.049366013433642005,0.03244381197653242,0.14776678309788904,-0.04501926468359691,0.10955971109388722,0.03161846999063413
1051.0,0.0766071923092434,0.03284998528696741,0.027951417059183394,-0.012359492637579735,0.05905817899706498,-0.05459376957054355,-0.034135334736221136,0.0479334215155724,-0.031694995280679594,-0.011107172151774338,0.0016256696750589596,0.07123260092889468,0.2000460615992406,-0.04558881237637711,0.07198303043825442,0.08636029970986218
1052.0,0.0832534866435119,0.061642327562325155,0.04584668981347271,-0.0007082674332497291,0.05994959187992927,0.04792729918215279,-0.013014654808715389,0.07828158923134867,-0.06300447403407751,0.04233392644193772,0.051536435698424844,0.09163546152416618,0.21893997969463255,-0.03211639858997355,0.019256519508338947,0.13218093374451126
1053.0,0.07085589993205609,0.08005468048458676,0.06180719255069004,0.009121029560553334,0.04436752835618999,0.1430845374994013,0.005354471472102885,0.0904328816441736,-0.09399046458380174,0.0770284435624162,0.08808385600109915,0.08925901651393542,0.19132464896690113,-0.010959895583460241,-0.034426916488873714,0.15413388178484272
1054.0,0.03905809792454885,0.0842511383292219,0.0744919416795918,0.014756031689598645,0.019226201223003673,0.2114143019531106,0.014823559610889415,0.0830264989819109,-0.11257984071609833,0.0855463464628611,0.10665517716078213,0.06728509779361103,0.12044215322750575,0.009282968528656566,-0.0769630255447394,0.1444729465988622
1055.0,-0.007815055220192364,0.07329263140701472,0.0806111815331604,0.01608607095347881,-0.006482157187301645,0.24085642658596124,0.011838403748060751,0.06166399467688613,-0.11477748093335179,0.07179457661002252,0.10957896920010675,0.03543842523204573,0.023413210340673365,0.021279287315428896,-0.10085412449610943,0.10662745202985277
1056.0,-0.062345190740736425,0.04913725329285537,0.07544804220186767,0.015386390450585166,-0.024700555263171182,0.2300456475583609,-0.0028450805913872177,0.035283166778783404,-0.10580075013020336,0.047265808803582415,0.10244517427856435,0.006273271682554274,-0.07664928255437553,0.021208645464780466,-0.10278920797570194,0.053851117400023525
1057.0,-0.1152116973330826,0.01594768300212144,0.05619622478528688,0.015841403645635566,-0.03060385937739648,0.18773197670846464,-0.02467280873477844,0.012372662942618098,-0.09551987519650344,0.023375601566721863,0.09008211514463797,-0.009652929934160368,-0.15855351266946968,0.00984767277810437,-0.08311091898138785,0.0029044748891148653
1058.0,-0.15681359471580036,-0.019543045395148968,0.025039049489611862,0.01882778043875075,-0.024010125329701877,0.12912796510029215,-0.04690814132732737,-0.0014390629846260526,-0.09255101287280924,0.0050702561275425325,0.07431645422598436,-0.007671408913977988,-0.208590646197704,-0.007546023960032375,-0.04640904688652583,-0.032760216192155175
1059.0,-0.17995993910283026,-0.047641277357509074,-0.01113821864601169,0.022037596459351733,-0.009541223023922052,0.07134273721781285,-0.06241246051428655,-0.004428886770203051,-0.10039769585883644,-0.009881692559968817,0.054533241978556975,0.009477974096188486,-0.22395538720846833,-0.02321090041348887,-0.0021239577008389902,-0.04641344231525446
1060.0,-0.18230159072189459,-0.058277125798113685,-0.04427858020504806,0.020597003518048478,0.005100320164186217,0.02919204458836299,-0.06554789085679524,0.0016345632085329872,-0.1160855208283096,-0.02577532565351813,0.030443251288717187,0.033316915328133516,-0.21207101336440703,-0.030134712950164427,0.03657437568362145,-0.03828868023169815
1061.0,-0.16652910487565525,-0.04673822749505547,-0.0688277929427331,0.010573326191559847,0.012664672149303897,0.012117300244251849,-0.053884721566815605,0.013365676925517806,-0.1306874570991832,-0.04277712998482573,0.00517235039417509,0.05394782477004446,-0.18440556312366335,-0.02457613583797848,0.05658551383788499,-0.0148748111654692
1062.0,-0.13876142074803643,-0.01804781772620231,-0.08273283137127209,-0.008133687682048273,0.010267555575194794,0.022504245268878047,-0.028838294414524394,0.027642127978113835,-0.13250980582168023,-0.05565690741284485,-0.01410465178773746,0.06454477397912928,-0.14923436232390408,-0.006832514544806159,0.05053988357885027,0.01194353273562802
1063.0,-0.10682992167370131,0.014827567275430652,-0.08623107140671547,-0.03170306276531254,0.0011887234434544904,0.05494523587497281,0.005029112100988155,0.04178669245153016,-0.11324939777185694,-0.058372186302070604,-0.019490023809969153,0.0631460473531941,-0.10966562600200072,0.018972272826403673,0.020880025814655062,0.027065685193552534
1064.0,-0.0782419736276133,0.038343620927412406,-0.08101436094824574,-0.054720474539485864,-0.007137862254363074,0.09665121191101982,0.04129907646174202,0.052706371645559434,-0.07343416112401402,-0.04914781123521956,-0.007287067897452025,0.05119721515898847,-0.06745071480666459,0.045395166651837224,-0.021091322543973508,0.01717977367019336
1065.0,-0.057349943500652596,0.045373996479108,-0.07051317374613392,-0.07290548469748848,-0.007559502471534735,0.13051666504873174,0.07305839792399796,0.05733620813174468,-0.022276516042905068,-0.03120229163982569,0.019282009301185496,0.031150678668932726,-0.02749975447515084,0.06312118161957185,-0.06016067352545945,-0.022396772916454973
1066.0,-0.043541648843589825,0.036780281843319704,-0.059693001298121905,-0.08434904225824974,0.003313888025500891,0.1414545329569605,0.09453038482990098,0.054921391549339504,0.02774085668127602,-0.009931987872134885,0.05065348824199122,0.005524342307692643,0.0018137885567480459,0.06421767446083866,-0.08221752564165136,-0.08378566644058183
1067.0,-0.032136371267413595,0.018316736423301585,-0.05361201044705387,-0.08884688623358537,0.024175442372169613,0.12364309917961461,0.10270360819940175,0.04869782260725711,0.06670403820742919,0.00973931464493258,0.07396352685250632,-0.02257477761331811,0.012892202145449,0.046142573033542814,-0.07776413665437155,-0.14972551524724445
1068.0,-0.01728247874093181,-0.002843740014104849,-0.055703118135870235,-0.08656006218089307,0.04969766269442771,0.08402042017681653,0.09773539044554441,0.04460165627400452,0.0901816195681319,0.023974176562771718,0.07786968939167224,-0.04913588049970966,0.003464692171892,0.013354528807490513,-0.044477300372248,-0.2018869428451063
1069.0,0.004598029114733967,-0.019711673054972508,-0.06647882972133698,-0.07747882803154182,0.07210682219358062,0.03886088608543093,0.08165870624170528,0.047896246552139206,0.09907026385257534,0.029439619521006256,0.057562556587197895,-0.06996310693121102,-0.022478032746174912,-0.02533671731084731,0.01171089234178402,-0.2279803263603356
1070.0,0.032015148075467854,-0.026272714566376972,-0.08273691494761232,-0.06184536897300848,0.08394924394349636,0.005664168227896494,0.056832842564630504,0.06072111592476592,0.09743244395165518,0.023184194708390962,0.017185980705161783,-0.08154724913501299,-0.057113588107229364,-0.06138723025113406,0.07823870222961779,-0.2239356452103912
1071.0,0.057982974215292984,-0.018755145536281548,-0.09760928284642068,-0.04057029153424554,0.08137756905273837,-0.004042471615903225,0.025594223934662142,0.08193847438144206,0.08968800218091702,0.003709932813038388,-0.03180628131748041,-0.08145015660514925,-0.09197420781844211,-0.08911076671201738,0.14001218446590252,-0.1924455645996544
1072.0,0.0732417887116697,0.0030991154792018843,-0.10177041679254921,-0.015146717191158498,0.06604184968814066,0.011942693630813885,-0.009193414197677989,0.10826622126675833,0.07833981657391823,-0.027233305010981677,-0.07532491900229027,-0.06882785818844929,-0.12024862216221559,-0.10530508073041206,0.18394026274408845,-0.14064979712920916
1073.0,0.07171590061463214,0.03579557242021552,-0.08576579620913546,0.012457401913075383,0.04440253825185314,0.046261212568574156,-0.04361530679485638,0.1354768484818206,0.06296595778783858,-0.06331142300202783,-0.10219679434616806,-0.045325473617955886,-0.13801337758661705,-0.10840677395709436,0.20160645166696034,-0.07817537907655267
1074.0,0.0543269544410204,0.07288122690851603,-0.043499131429427934,0.039672612222637016,0.024760587292336968,0.08411222110401306,-0.07278866301211283,0.15911290344864648,0.041234094541203366,-0.09426517226857276,-0.10824384471684288,-0.015406859553965448,-0.14432648607615078,-0.09915667688711607,0.189429917294419,-0.015608595380775315
1075.0,0.028362019684098606,0.10619863206442869,0.023417452082591387,0.06348221960832495,0.013107855893597618,0.10777538559904566,-0.09199920677268668,0.17463418258757957,0.011929330265754889,-0.1094807833987701,-0.09691120183636123,0.014660569579883688,-0.13987412683638747,-0.08189052453657346,0.14774199203825988,0.03654434101782403
1076.0,0.0032381519466264433,0.12766980728637806,0.1026036409885938,0.08103026308662561,0.009809181568137997,0.10298024691511441,-0.09834193239900817,0.17778873449957847,-0.0223067934122378,-0.10302447155859616,-0.07645735255955749,0.03882442455475143,-0.12470829755951027,-0.06431667248639344,0.08058021509113288,0.06878308668586072
1077.0,-0.014283645190233079,0.13165521506566827,0.17290537700753958,0.0899540196678907,0.009640371871445258,0.0655233687120328,-0.09132858892230251,0.1662333717776693,-0.055217410320992075,-0.07666426007355844,-0.055812867978630665,0.053341603530800155,-0.09669663674239304,-0.05479683606444762,-0.003801997168496586,0.07427967559264169
1078.0,-0.022663295531753204,0.11666235619926375,0.21290635230735577,0.0881598112303761,0.005640614128298892,0.00504733871284876,-0.07223617218219477,0.1416656773694995,-0.07957125040021817,-0.03873457433935844,-0.041097192670385155,0.0580870195468684,-0.05236216682414179,-0.058109013516998306,-0.09373090810649347,0.05130986930086884
1079.0,-0.024655220224427253,0.08533056113268661,0.21159766670249378,0.07405136712747322,-0.006222425034691572,-0.0576685372990053,-0.04368354028047657,0.11012118218584287,-0.0895829075503956,-2.4315898749393115e-05,-0.03358323049761056,0.0561453060659978,0.009393422159400882,-0.072319863007433,-0.1775945849033321,0.00510503962919449
1080.0,-0.02379634411689051,0.04352724266690765,0.17389451746082704,0.04784905320242044,-0.025081040981202368,-0.10000719417065262,-0.010005965763117821,0.07945902196268836,-0.08203504238986356,0.030596551614869776,-0.029581456567787018,0.0514427229485913,0.0828490956033164,-0.08940340881117574,-0.24793074145439828,-0.05253078541081953
1081.0,-0.020940646081822042,-0.00032854462048213687,0.11768333698339443,0.01287782080371836,-0.04632807548826335,-0.10822585374533177,0.02281529423993507,0.05575912095573539,-0.0563483215089645,0.04878014908804845,-0.022717709948142893,0.046127659048586504,0.15484602952487253,-0.09956169258693733,-0.3021682043687903,-0.10642939095418312
1082.0,-0.013445819470425975,-0.036255455790062494,0.0652159753891897,-0.024624884314473634,-0.06391599278308048,-0.08347969106038064,0.04852258224322237,0.04104137339717374,-0.014131329290517478,0.054857629461856953,-0.008002006705531575,0.0399834060673954,0.21039148223613652,-0.09616123673745228,-0.339291769233479,-0.14281756039971277
1083.0,0.0022492808908305523,-0.05512646714593922,0.033892228938379156,-0.05717448823563089,-0.07231713113677166,-0.040578079037003834,0.06242685752437866,0.033371152866969074,0.04066454095767272,0.052290340548249235,0.014537482013453873,0.03211252577420875,0.24030316283210112,-0.07817660740828403,-0.35618777836915966,-0.15304982003138065
1084.0,0.026692778952805515,-0.052331954686074204,0.03033909897392736,-0.07807659726222281,-0.06806336626919388,-0.000935350385430659,0.06254179574984195,0.028801152752384006,0.10078073256181314,0.04597759838817981,0.03909734264552149,0.02309739147186489,0.24392117074677475,-0.049489731154243405,-0.34739102323154164,-0.13479319820072594
1085.0,0.055374347671204686,-0.030745032509385924,0.049750266169199,-0.08293385833850417,-0.05091385447903486,0.016500047033323847,0.04969854900151666,0.023767677654632682,0.1558279140639232,0.04144181846714992,0.05702795808150922,0.015871688164011914,0.2258524498103333,-0.016471153242931823,-0.308316378112212,-0.09148968495616192
1086.0,0.07999138968284265,-0.0003657330592314907,0.08012957715015899,-0.07047820037874565,-0.024166078193086287,0.0028537146676090998,0.026987799972115537,0.016789874674387972,0.19516768697815695,0.04435099837782588,0.06206574839389135,0.014985508001849793,0.1921685844319801,0.01447945922750081,-0.23931164452839107,-0.031098365803242708
1087.0,0.09196726089910062,0.026220184573324597,0.10871087023863062,-0.04293647825356501,0.006169638817494321,-0.036898702507567833,-0.0008885236344219366,0.008810601111075308,0.21212933975406584,0.059170624747851,0.054646487877037034,0.02506224274690028,0.14974065249198673,0.038759965993882976,-0.14761852218915233,0.036168523708830315
1088.0,0.08636458083634728,0.039910124016953,0.12666858390348723,-0.0057279976202464925,0.033053633100622884,-0.08606580255117599,-0.02808809087840863,0.0019249084676696655,0.20669592801304357,0.08719596959174808,0.04196061805046297,0.048994316580986644,0.1067274492072673,0.054628506295052316,-0.04570729309324705,0.10059977886050289
1089.0,0.06463650766245656,0.03821048048727847,0.12980512648898693,0.033921351186515375,0.05055254898086677,-0.12430045947782445,-0.04850604602248114,-0.0026378205320736815,0.18530749280597802,0.1255454382560636,0.03349632216394041,0.0858094785108455,0.07127347046522209,0.06296892472423289,0.05343622450208375,0.15440241203892524
1090.0,0.03502598419417322,0.023549510596337104,0.11650702884282463,0.06895460093622126,0.05587987311447814,-0.13719561636462835,-0.05750160265154149,-0.005502168953038998,0.15858122605924554,0.16772980915039964,0.035795252465026094,0.12885516930209615,0.04899935511777775,0.06554178553990692,0.14129244923447148,0.1916232114027641
1091.0,0.010052874670978314,-0.0004393304969409051,0.08629064306224676,0.09383258621698715,0.05060203511880077,-0.12106433136688038,-0.05363332955772228,-0.008291954891053778,0.1381617782397522,0.2050331101551585,0.05068377358914372,0.1662903770421962,0.0415508437605016,0.06312003784894293,0.21557459054365014,0.20854197996634088
1092.0,0.0017052464476198853,-0.030693913397616002,0.040591100707065675,0.10488925100090374,0.040337564203745964,-0.08074984141344449,-0.03922261387313248,-0.011928100251130964,0.13303376684990081,0.22806454349902866,0.07749369084161745,0.18508911670280798,0.046708122768905805,0.055357834908032325,0.2773003712572057,0.20504531904215983
1093.0,0.01612241747627301,-0.06385144864608064,-0.015708933861995775,0.10049043924648016,0.03253236050243045,-0.025094320225766988,-0.019426940216447457,-0.015606793565864457,0.1454975964850349,0.22872454131135306,0.11537144775448711,0.17666227802671441,0.05930471747689646,0.04225829630955789,0.32528128893269287,0.1850592699794434
1094.0,0.05010108497571517,-0.09488215229551973,-0.07434736533360883,0.08162616420994526,0.03281298471642994,0.034599579236265394,-0.00012003859090243697,-0.017013649970901712,0.16844837956818337,0.2031428916530371,0.16200246815806368,0.14058646830910712,0.07292540786915933,0.02567508014916453,0.35309274502021726,0.15526901460843595
1095.0,0.09141173646111603,-0.11708045011228228,-0.12563421774125305,0.05235828183603389,0.04175542681473978,0.08409112902561192,0.014752475712871374,-0.013389899576066967,0.18668310246590938,0.15485500135109712,0.210238380487256,0.0847080540068657,0.08246857931402263,0.009775008381160438,0.3524457251344777,0.12345139717751287
1096.0,0.12338684653295863,-0.12378944778003206,-0.16089973175643055,0.019084678262757417,0.05411914428464826,0.1081508985849718,0.024936590917149688,-0.0029900489577577368,0.1831210049402533,0.09557952672158489,0.24728830343085834,0.022237740007377285,0.08627549270255205,-0.00021688943706814725,0.32032931194676567,0.09673086583261602
1097.0,0.13195755042074092,-0.11115225403922827,-0.17443572170795377,-0.011145778672938289,0.061277094483714455,0.09577788567504866,0.03325892101529788,0.013546406694116478,0.14694977875842646,0.04131845613689552,0.25840866228787523,-0.03280277440529237,0.08595467600745045,-0.0007126000656203785,0.26273538143047326,0.0791674763502385
1098.0,0.11172617564143983,-0.08039758202924668,-0.16478665141874796,-0.03210828095943661,0.055769691576475204,0.04552625009264449,0.042707694757549625,0.032497536357994225,0.07878744598445375,0.004750730028293989,0.23287459194339297,-0.07025735384261582,0.08385029330945216,0.008385714275297494,0.19201367532614694,0.06992258659673913
1099.0,0.06808393289758313,-0.038138989460251446,-0.13530549657761282,-0.03948304287162195,0.03557206794016799,-0.032209610090117566,0.05308803375688217,0.047582271574127186,-0.009861063524087582,-0.011530981323286761,0.1688687018685917,-0.08658356749194938,0.08036059585804411,0.024620361282942288,0.1216014088392119,0.06413884248690954
1100.0,0.014713864976394491,0.005720108212130768,-0.09336748944171265,-0.03191029514919364,0.0056043391957728205,-0.11712288242481773,0.05954747739064982,0.05235834572770578,-0.10149008951114391,-0.015960724126024575,0.07501360765399305,-0.08385400904685557,0.07323645481844428,0.045515454180496684,0.06256265472330907,0.056619842092586595
1101.0,-0.03178110399992879,0.04146673849331233,-0.04778140868929319,-0.011522999277917232,-0.024479538764274274,-0.18448526279877583,0.05453566634247932,0.044008973348622187,-0.17839521651617157,-0.022111727129579217,-0.031958715313610095,-0.06603936592056883,0.05929124243534822,0.06966199901309257,0.02265522124148312,0.045674944129069577
1102.0,-0.05765636502294875,0.06292659660143635,-0.005557629214589771,0.0165339345978757,-0.04518664626686788,-0.21239308939313203,0.03310984852598722,0.025537123190225795,-0.22700235046569162,-0.039966807256003524,-0.13173330719317375,-0.03672380466134733,0.03764027917520782,0.09513130355758827,0.005614801643506989,0.03378951556598659
1103.0,-0.056372216559956285,0.06949603912583668,0.029518588315480532,0.045239588232845136,-0.052099283306398896,-0.18892693533146904,-0.0014227915156701594,0.003910287601770964,-0.24022205118285667,-0.06983231091706917,-0.20459770906212923,-0.00029871440162452097,0.012679854343022144,0.11750293791568986,0.009087808199309703,0.02456639271844342
1104.0,-0.030266811865558352,0.06599760820765968,0.05551874557655517,0.06730222889680872,-0.04749790684027932,-0.1175145058848114,-0.03647318556451062,-0.014028239500593283,-0.21827290711190558,-0.10205906124061205,-0.23460536994080838,0.036533420397353814,-0.005495644246154584,0.13034140034932754,0.023685082823989345,0.019279766332217962
1105.0,0.011091268188702513,0.06005742703757769,0.0703481615817776,0.07724246702048831,-0.03746538858472858,-0.01758428405012262,-0.05587613179591764,-0.024319946557858275,-0.16850290142823438,-0.12217489803701585,-0.2129188917560513,0.06618449511332439,-0.004925393926449732,0.1277816074794077,0.03651457196481739,0.016279205364732013
1106.0,0.05489099701660948,0.05792119079315918,0.0719541185047766,0.07296279018159152,-0.027173712556439338,0.08214588519852845,-0.04850351865067076,-0.026548521398860127,-0.10411467141717384,-0.11817623540992643,-0.14135261072406222,0.08321414567990612,0.020967249472921678,0.10683864432034725,0.03746507866091768,0.01260398550373053
1107.0,0.08903023886492403,0.06081223662714803,0.06060035310243504,0.0557166589778175,-0.018206955963058248,0.15561643005225245,-0.01358005813638339,-0.023422641138110253,-0.041093328681158656,-0.08591631397289481,-0.03382399249133448,0.08616768153126819,0.06744749732679535,0.0684127488836672,0.02334460488484309,0.005483799324522788
1108.0,0.104703651278507,0.06405849180454583,0.04030170038736282,0.0290681052707049,-0.00910892962842077,0.1896540681931549,0.03980822705665441,-0.019428063213708824,0.006459454992512667,-0.030500137627487857,0.08608075465609032,0.07760205285501888,0.11903933975763868,0.017618852059677916,-0.001915385293650549,-0.006713678855139789
1109.0,0.09827279551734482,0.05982549998662812,0.01765564569868363,-0.0019211026632353087,0.0022144462943889253,0.1865159036424534,0.09657539153253353,-0.01882721761714904,0.030760420299295838,0.03553148641523695,0.1904189650137679,0.06273201363204782,0.15610595178267483,-0.03624068854305161,-0.02960612049057293,-0.02353310149604412
1110.0,0.07279521602208394,0.04216328795429127,-0.0008917664403267575,-0.031305289625354234,0.016056481182739852,0.158406291314488,0.139625096610557,-0.02408442548665499,0.0326077394356182,0.09560634410196243,0.25299531120232727,0.04689397708720158,0.16246846747141114,-0.08096970695525722,-0.050141964771611716,-0.04201718285481094
1111.0,0.03780696003004547,0.011637386277967805,-0.011352829844398747,-0.05348019810435019,0.029732888661492627,0.11902108022513233,0.15361129363319576,-0.035192620158995144,0.020664768062160943,0.13337653226545773,0.2555445555115713,0.032625855677237824,0.13078857914618403,-0.10494950514936546,-0.05796832233595949,-0.05779373668345013
1112.0,0.005909367486048458,-0.02329875417003847,-0.013025475712517248,-0.06501497362345361,0.03819409167668858,0.07820301322083799,0.1296228621323899,-0.050121989459703926,0.0078071856176428304,0.13715566652582578,0.1935282125807674,0.017964357390568276,0.06480000128312394,-0.10172916454612164,-0.05508477713325609,-0.0673988767728389
1113.0,-0.012880275892002796,-0.049648437649243864,-0.007912103142327048,-0.06587359398197341,0.03615092296980723,0.041634852000987654,0.06989046341257756,-0.06643782748139142,0.00520081846057062,0.1028527149656366,0.07930793030548361,-0.0025809961235882337,-0.022426089176288164,-0.07290425968809974,-0.04970108010506946,-0.07018609061937989
1114.0,-0.015659419549861373,-0.056323970015157605,0.000658629354691936,-0.05892279342414269,0.02075038536792955,0.012888408208088667,-0.010568040765639315,-0.08277386741703135,0.016278197908935386,0.034060447884037066,-0.06000998791759059,-0.03426318491651984,-0.11373050831850591,-0.02731146950105143,-0.050375723756543235,-0.06826951932420501
1115.0,-0.007039601135088314,-0.039594165234999645,0.009218842836920099,-0.048255314956049115,-0.006688296163459671,-0.005314504277849475,-0.08763675269446952,-0.09886430066900233,0.03454014285639113,-0.05953933708574752,-0.19063476473382795,-0.07760404791673024,-0.1937644312656423,0.022823236096247226,-0.061050579823607266,-0.06451235746973191
1116.0,0.004472470563589098,-0.0048103758666730055,0.014286682660553758,-0.037743981273471346,-0.04079370706390741,-0.011588684258285499,-0.13646419448973665,-0.11431913855351389,0.047880769145655214,-0.16302750905150237,-0.28349613540759744,-0.12645738408329538,-0.2523023631705248,0.06624332568093651,-0.08066051936116511,-0.06003946381119328
1117.0,0.011207020781806578,0.03518897929401255,0.012004398245414952,-0.030123256713321344,-0.07349771829794227,-0.007717602021280342,-0.14110486442425862,-0.1269731432403936,0.04701786253656859,-0.25637926535257444,-0.3238665446022298,-0.17036655609126905,-0.2842142657408521,0.09521859170716841,-0.10529121007254802,-0.053066241143232086
1118.0,0.009348070124867991,0.06422920494991158,-0.0009868339377095718,-0.02607634510397004,-0.09573997379614312,-0.0008250174508161449,-0.10104348313472472,-0.13216437489221952,0.03171385633119758,-0.3167510244804536,-0.31429036620381795,-0.1994180914678264,-0.2879983357365898,0.10607263990564775,-0.13021511280244114,-0.040127394393876976
1119.0,-0.0005525325178588501,0.06914529622508057,-0.02514621844190899,-0.023877333026931968,-0.09977764056270827,-0.00343025308544574,-0.031466760213590635,-0.12445944305770654,0.010531316392172013,-0.3249083757342943,-0.27003965043255407,-0.20797926639937755,-0.26488789807923707,0.09884824966402786,-0.15183257993629357,-0.019200391149636137
1120.0,-0.014792969193476585,0.04590250472760617,-0.056250841335372,-0.02064776311410013,-0.08224106143866508,-0.028508824604943302,0.042885933680095786,-0.10154339273874709,-0.004772587085306129,-0.2738383067841292,-0.21099343481244812,-0.19573327035841392,-0.2191624249028066,0.0765337165868125,-0.1690520396038196,0.007562927408021953
1121.0,-0.02851427131120839,0.001698914663344087,-0.08626881955253754,-0.014502874941505359,-0.04644516120425504,-0.08066450636578237,0.09748662040150945,-0.06747797157140575,-0.006099926359740835,-0.17428663870648903,-0.15459167767782606,-0.16689008814635695,-0.15898304023749643,0.04379312911682385,-0.1823459482281606,0.03373536393858196
1122.0,-0.03760062210482905,-0.048277495202216254,-0.1064505323150976,-0.00547715542142177,-0.0019934155417673924,-0.14987232576947174,0.11716252676139373,-0.032127681520962736,0.0065573865437766905,-0.05264282483448451,-0.11173770538443122,-0.1284383022885799,-0.09598442816892391,0.005983994297176822,-0.19102194971318726,0.0512962216919062
1123.0,-0.03977190603016242,-0.08725960573076971,-0.11054415023417989,0.005456331048477362,0.0387501106003967,-0.2138249773259584,0.10082896370336063,-0.006656871399330557,0.02502300156639449,0.05852859533146224,-0.08532121835858722,-0.08806337257077797,-0.04260098385654407,-0.031045339993793452,-0.19167035727560464,0.05465061078999623
1124.0,-0.03499342530483796,-0.10324960289223006,-0.09651474350758678,0.017591274654738035,0.06564946598574967,-0.24844120454764432,0.05998468896023041,0.0013098869728651492,0.03705290326653918,0.1323838977149887,-0.07107980605170325,-0.05279811072656204,-0.008456917739837106,-0.06130053466903383,-0.17935962713204673,0.04397317594505716
1125.0,-0.025623787774618097,-0.09310839839425793,-0.06680558934649118,0.030159066195159234,0.07435511439059536,-0.2399693347734825,0.01200850785063259,-0.010250467066131808,0.032473185640213044,0.1567603232104356,-0.06064495038756834,-0.028541751350215146,0.0023628355334499775,-0.07994116412720981,-0.15076486734959405,0.02547520609984817
1126.0,-0.015888345664046215,-0.06336096078964325,-0.027963480317648167,0.04112657443550378,0.06645045514199778,-0.1913231384476358,-0.028075682596197464,-0.03816731799844153,0.008121971595110852,0.13704610730527292,-0.04564689223886205,-0.019276874441730565,-0.0074360739961361845,-0.08469984498885391,-0.10772107726961022,0.0077227052506405975
1127.0,-0.010101552678328279,-0.027505428264152382,0.010800084759465069,0.047290637269247156,0.04707640971728984,-0.11993249162197711,-0.05317748846588841,-0.07542341048061615,-0.03060163283827927,0.09211401447170656,-0.02126405317239529,-0.02574356046000134,-0.029371369525821478,-0.07583711002239461,-0.05928039098730903,-0.0035003234742894064
1128.0,-0.010230742526919027,-0.0007033507152959989,0.04092312966017613,0.04614253763818957,0.02264882498804629,-0.049937386942557005,-0.06510599428984654,-0.1131587633958077,-0.07192535832862088,0.045272491937039853,0.011852958457689765,-0.04507304797414578,-0.05352315060723713,-0.05465353976889558,-0.019836953080198366,-0.008199019899272644
1129.0,-0.01443521812641278,0.006238706575042454,0.058118314556153815,0.03765136712245272,-0.000293248641804365,-0.003493971545511864,-0.07154637593835254,-0.14348333728515966,-0.1027408019416156,0.014842913553334166,0.047868761337293175,-0.07206183947867577,-0.07435923336850297,-0.022708365622195643,-0.0025922919398289786,-0.011647231674147444
1130.0,-0.01788943335669461,-0.008679717761799327,0.06336731924230836,0.024365342232991305,-0.016188196692100663,0.005581278963917275,-0.08087175319811897,-0.16223598858431554,-0.11418837171084566,0.00864062760684568,0.07826995289577567,-0.1005385696655634,-0.09284436948749734,0.016840296041710237,-0.011955494624929062,-0.021115521115426535
1131.0,-0.015682177134642195,-0.037988588944816715,0.06050558077927262,0.010031966986405875,-0.022135044970023533,-0.024852751017735392,-0.09743404234444743,-0.1699206483198291,-0.10469855736948494,0.0234187622259562,0.09533838004896078,-0.12356708275117435,-0.11210546582914173,0.05737978212408461,-0.04042994673833229,-0.04148633207185519
1132.0,-0.00603966021808897,-0.06860633230931544,0.05260785362022128,-0.0021503643435279223,-0.019231982047847315,-0.08457311895818519,-0.11988219451957247,-0.16973929903712684,-0.07942653810915036,0.04793920528962642,0.09467667396780903,-0.13354251525232871,-0.13114928850837845,0.08921496324146153,-0.07175969936140683,-0.07189546374887376
1133.0,0.008133317212325226,-0.0878746058477426,0.04011363857099278,-0.010598078702874077,-0.012347386575051245,-0.15365751046036213,-0.14272657212035056,-0.16400486864089717,-0.04783096952044471,0.06810706874531833,0.0760216446996186,-0.12383298613292083,-0.1435167128737746,0.10289722717889282,-0.08768579028649698,-0.1050078281845762
1134.0,0.02016366843548103,-0.08830014071760225,0.021764686119761113,-0.015237467401293784,-0.007976242791664128,-0.2089680752372914,-0.15908330638202212,-0.1516848486551102,-0.02129957501530809,0.07238463186384662,0.04292722547352569,-0.09161371400412414,-0.14164282489717347,0.0936274027481905,-0.0751318646349379,-0.12884948697614904
1135.0,0.022362289791002462,-0.06936086408260649,-0.003081459146627031,-0.016905042981174373,-0.011114646725971318,-0.23212465040573632,-0.162769667078659,-0.1287200509599928,-0.010828200114775593,0.05539880817951067,0.0017116222807694436,-0.03964792737812927,-0.12156148672811583,0.06374234922643839,-0.03161269139364472,-0.13064116398996065
1136.0,0.009341560035018131,-0.03623590937654761,-0.03272582027409337,-0.0172553903511186,-0.022909947278448882,-0.2153576977823915,-0.14948931215031708,-0.0909699183206722,-0.02377578318067326,0.01886640241122349,-0.04036046902375374,0.024406995538477954,-0.08387227657569339,0.021436456790390152,0.03303177445576494,-0.10237427357728299
1137.0,-0.01956457355040506,0.003652537419484354,-0.06254240896987423,-0.018785101268328105,-0.04027606476188287,-0.16313456636775675,-0.11773990980113751,-0.03855635966309206,-0.06013142139139673,-0.029530610535563828,-0.07712810576088489,0.09019114462941599,-0.03217404990476323,-0.0231919705500576,0.10003892412619306,-0.046273121045521
1138.0,-0.059698962277827367,0.04369542534843936,-0.08539828459347366,-0.023919004148161917,-0.05735027132482522,-0.08950667459560024,-0.06966631721062459,0.020787182808605902,-0.11072055640408703,-0.07852936420227932,-0.10460790504214407,0.1467276916847514,0.02761571095556025,-0.06180388194985535,0.14956504176566068,0.023424807939026886
1139.0,-0.10220898534765316,0.07838368631906167,-0.09341790424500541,-0.03350617592763567,-0.06787650516415104,-0.012736606346106164,-0.011239597836364018,0.07261145169486577,-0.15941253386067764,-0.11636502863951208,-0.1199458619535722,0.1841602924358349,0.08620132059942198,-0.08942394677258106,0.16880412880419202,0.08470644292617795
1140.0,-0.13651385675862965,0.10173662803444128,-0.08110030487425744,-0.0460833558512638,-0.06755351304334847,0.05045741319281766,0.048684907748340535,0.10217047189577791,-0.18899474444105524,-0.13382949472373065,-0.11897658971834056,0.19549135964246722,0.13096924622482975,-0.10429788157525044,0.15599263031851351,0.11703140487923432
1141.0,-0.15380352722129803,0.10710663127317167,-0.04856805552485086,-0.058440048153196825,-0.055794920905031964,0.08916277155160267,0.10005188987605947,0.10263665671077628,-0.18833724580304345,-0.1270865738933548,-0.09607123275170336,0.17799130948666111,0.1499962512314243,-0.10697925911614378,0.11982966857225252,0.11114079257210509
1142.0,-0.15052815040796322,0.0898983631220917,-0.0030095148808372916,-0.06681942915979154,-0.03644230885527076,0.100586724569765,0.13351449162521142,0.07871866493309952,-0.1574887710367242,-0.10048312424921245,-0.048833089190773366,0.13398225707518585,0.1386177404997777,-0.09937298743640381,0.07599490482509899,0.07362196013206454
1143.0,-0.12994260606326036,0.051318322039502526,0.0431347135077647,-0.06792145834050607,-0.01673581052240961,0.09065018369066767,0.14257137454030044,0.04310348401411005,-0.10767174784785435,-0.06768036433557337,0.015877813841649595,0.07123014753147652,0.10393510686962977,-0.08411576464792561,0.04131376794716422,0.023187309289769878
1144.0,-0.10035850045880151,-0.00027205192062425927,0.0767863331604531,-0.059752468288177395,-0.004589077928771505,0.07207478082206437,0.1260521149045517,0.009173385291257847,-0.05560493703879632,-0.04752475673207181,0.08101187645862505,0.002454328987291498,0.0634200075792708,-0.06455006686880753,0.026646123129384792,-0.019089917562993244
1145.0,-0.07096001407313907,-0.05219323544813247,0.08907532276299562,-0.042886904032701866,-0.005400531808287739,0.05927867253134026,0.09001516547216389,-0.01448699588711758,-0.015131277726668514,-0.05462679193957507,0.12548398469797875,-0.057354866703031505,0.037182615582807575,-0.04533555091667739,0.03222490401081669,-0.03966269561908613
1146.0,-0.04797632617293592,-0.09259933252571954,0.07795958544738496,-0.02165558120619619,-0.019744536266625506,0.06210874633646952,0.0469625625295386,-0.024843191561853713,0.008868919347456587,-0.09091881236944686,0.13357656359944972,-0.0957916991829285,0.037837942200742804,-0.032566998229893326,0.04883710688966092,-0.037070486462014544
1147.0,-0.03339244703272643,-0.11418136565525756,0.04826246632228988,-0.003579082029357515,-0.04300568953495215,0.08217428849096162,0.01131601932286745,-0.021896360135110135,0.020645076913156382,-0.1445000460678457,0.10205353642134646,-0.10758890707217787,0.06409471547146615,-0.03161877195396073,0.06403328176700054,-0.019726065449317102
1148.0,-0.02570521130969518,-0.11484340135083483,0.010040117258293575,0.003808000293835919,-0.06745430251286688,0.11382717066508637,-0.0067557311078417955,-0.006719105409673705,0.028777072535356513,-0.1954765439781449,0.04151251118381818,-0.09577950998853423,0.10123695433171631,-0.04338518425973003,0.06927111419590899,0.0002180308580716364
1149.0,-0.021101590313923793,-0.09671747057597281,-0.02420509910743345,-0.002811724228775662,-0.08553348928456825,0.1484556890255415,-0.005361107485218678,0.01829558580781318,0.04111987644758776,-0.22394668878530913,-0.0282476560495227,-0.06873588943453679,0.12701076367903447,-0.06271248867932985,0.06404689971501451,0.012685336293374073
1150.0,-0.015112516122813006,-0.06509650065511154,-0.04334098915304005,-0.020284733980994035,-0.09219036452727164,0.17875555051150768,0.009229921214090232,0.04872360345334327,0.0623142166339732,-0.21632805885026588,-0.08620426105740654,-0.035531830473255775,0.12032192756528805,-0.08137323931356044,0.054959540435624524,0.012775833456211095
1151.0,-0.005463868061408217,-0.02755418576376305,-0.04146923084206154,-0.040333244996707866,-0.08552271722657866,0.20072176066215816,0.02611136604709916,0.07867597115565737,0.092658053937327,-0.1688422952655217,-0.11725596759272125,-0.0027981334142536105,0.07067754465394421,-0.09286873231236918,0.05025561946081661,0.0012687469958047363
1152.0,0.005597460580505254,0.007300742434693554,-0.01978095992855565,-0.05317874965740794,-0.06644662092859718,0.2134653159057036,0.03486105157553729,0.10221675095251548,0.12739720536438048,-0.08829997110185174,-0.1156138660512139,0.025706136615460142,-0.015242233470920647,-0.09441522981352556,0.053475884885519825,-0.016544607705574702
1153.0,0.012355049383571664,0.03201628206142007,0.014677106343751868,-0.05119162477738032,-0.03795432826345433,0.21785155911100768,0.030177008320584026,0.11473345855654758,0.1575876076952498,0.009503053982732103,-0.08464869524459682,0.04780754304307746,-0.11425382537614462,-0.08531854967119659,0.06070586453718789,-0.033325036125686575
1154.0,0.009674728403237817,0.0429657769367057,0.051918933167039,-0.03160182957959919,-0.0041530676706587515,0.21488158747005556,0.013878165874144735,0.11413017883895706,0.17313622049235905,0.10384223025240455,-0.03479835720636006,0.0619899769473155,-0.1955801597719444,-0.06517786163157996,0.06306463266004757,-0.04313420469877711
1155.0,-0.0032757536495206623,0.04169403702858665,0.08169605818111406,0.0021893221429197906,0.030682742982532252,0.20478628381940278,-0.006902734373741329,0.10154609998919202,0.16688269212598408,0.17530795819058062,0.019777885523076598,0.0679234631772299,-0.23404233945098502,-0.0345273502183968,0.0524371266860159,-0.04452697123260539
1156.0,-0.0219066942571646,0.03346440658273246,0.09588488182118488,0.041607283968736815,0.0626882504888265,0.18743841304200773,-0.02439741896866213,0.08077617729164337,0.1378244291643675,0.2123076999882156,0.06568085654084972,0.06699165084647044,-0.2206734214372458,0.003254751351418034,0.026598447552928083,-0.041237761567306304
1157.0,-0.037808070250836275,0.023566203431103265,0.09086147166496296,0.07624476309215462,0.08835978335202788,0.1636203022891578,-0.034678274252382034,0.056270828623427,0.09213207483486592,0.21458025492779542,0.0948154570206486,0.06109757712161126,-0.16477485053816948,0.04140295184691781,-0.009750559021297404,-0.03968471181194823
1158.0,-0.042290835645443677,0.014013594748406832,0.06830092213239006,0.09776648135490137,0.10421310590971915,0.1357827097118076,-0.0387155139637888,0.031223718512080348,0.04154520980527985,0.19170579144446798,0.10683057722346212,0.051044821514515976,-0.08668396315919139,0.07158158217838505,-0.0483345297644634,-0.04501342576688418
1159.0,-0.03045627850631039,0.0034607805109592078,0.03311063877429511,0.10222953696415686,0.10679860488364863,0.10750243235313167,-0.03969264852762242,0.007865290966018339,-0.0008780227639882354,0.15788327304715616,0.10786042157948013,0.03698693106423078,-0.006756777000123259,0.08683585496606393,-0.08173670885189685,-0.058275907922486984
1160.0,-0.00403451630884597,-0.009588550863222134,-0.009911884898577018,0.09011214571130259,0.09337137214230837,0.08213571814871087,-0.03937827258572133,-0.009953244577953697,-0.02649225291725167,0.12610432769796018,0.10604685009685738,0.020664891312729645,0.06256958878372328,0.08368041359442804,-0.10535142763680495,-0.07572153229147091
1161.0,0.028568668086681626,-0.023622807722594216,-0.057701857762160955,0.06502999077800284,0.06349239524245463,0.06115468253945791,-0.03646272592468829,-0.015304684109053892,-0.03502021681955315,0.10388485381907031,0.10652711913664299,0.006574817026224207,0.11855839959613196,0.06277974150227196,-0.11604078011814412,-0.08962819287627649
1162.0,0.055921465317552446,-0.03431864723356449,-0.10744094800017107,0.03257255643994329,0.02149279636456222,0.042693609681654685,-0.02779408950746003,-0.0014026280157711547,-0.033681172572012946,0.0916952376609641,0.10943901198441716,0.0001608724424673063,0.16463755381162956,0.02919436158214682,-0.110112708346775,-0.0905152056820847
1163.0,0.06952348894956563,-0.03762693804136613,-0.1534573127011268,-0.00041871102432512134,-0.02211480676844359,0.022179457021237463,-0.011508831224897162,0.03230467417118802,-0.031773194280129945,0.08489497070801914,0.11219279994200419,0.004306435461153798,0.20436918578879137,-0.00806145681628504,-0.08449029662706858,-0.07098525728710674
1164.0,0.06798170133286655,-0.03236781159368297,-0.18576531625506507,-0.02700035872171475,-0.052952440817820357,-0.003988009117710504,0.010330385217433007,0.07711842675773115,-0.03464699172387845,0.07796480514941598,0.11313948211017913,0.01721900049943436,0.23685945596230207,-0.03859689938060713,-0.041228131715223555,-0.029883179510621968
1165.0,0.05640613029293098,-0.020331554042245764,-0.19259513445293286,-0.041985769894178175,-0.058725155461186916,-0.034409835088279675,0.03182612100101351,0.11816909267053434,-0.04163178757780582,0.06753926623488404,0.112712061726353,0.033446712799425585,0.256707065760136,-0.05443426643400947,0.009747684015203326,0.025806940316834007
1166.0,0.042336544731350886,-0.004994547906861019,-0.16632029401777948,-0.043406298428949726,-0.035264571879343516,-0.06190569771288627,0.0462781486663251,0.1410500380341131,-0.04866133908540055,0.05220303963920101,0.11123198314335028,0.04689462325848219,0.2577510172392035,-0.052111408490676865,0.05431371441274507,0.08263532397584428
1167.0,0.03165007145575926,0.009728450642022676,-0.10930067054412552,-0.03281092433005311,0.011081648000156059,-0.0765935581983581,0.05035848008304142,0.13790535638826623,-0.05197962651172797,0.030930255310821206,0.10606014497933276,0.053402988125360214,0.23676764227383323,-0.03248987278367786,0.0821761814861635,0.12505355210593497
1168.0,0.02648126769150786,0.020912144780939085,-0.035554147036516784,-0.014876992787932065,0.06576944659214072,-0.07106702223833858,0.04668043126567393,0.11054348929008287,-0.04963089379039342,0.0031344157820619055,0.09160142367637204,0.051782141779241384,0.19491701232724418,-0.00030627162051414023,0.09215228050290183,0.14053970837955762
1169.0,0.025306384058383168,0.02827194563099701,0.033497572842427145,0.0035827992229975937,0.11152176042072881,-0.04522485341515992,0.04252389867994894,0.06957183559200752,-0.04084864688640723,-0.029411295875267317,0.06305208610275675,0.04387442508605689,0.1379800778594387,0.03581970586339015,0.09052829703537257,0.12371246001629395
1170.0,0.024534004323313853,0.03457970635961165,0.07750053927998292,0.015803594799360915,0.13453113557849536,-0.008036954373126138,0.045192543113991304,0.029916274880762934,-0.024937677984034495,-0.0610335107127419,0.02087414907876657,0.03399571861997601,0.07588001708243662,0.06490465192086005,0.08530936964341575,0.078167534348351
1171.0,0.020744074185123553,0.043623274684001616,0.08559981585636266,0.017817673276737347,0.12926953202362768,0.025012916646273933,0.05725672298760338,0.004871543038415159,-0.0007215233592208907,-0.08305674069322304,-0.027776849735853967,0.027228698339084565,0.01991501507936381,0.07768039715103227,0.08161741214694285,0.015217618978041232
1172.0,0.012736049893512003,0.05687911273303666,0.0602972032251916,0.010146177986674323,0.10008963396520838,0.03714787524245104,0.07480092038837198,0.001185127189536196,0.03278027003423799,-0.0873097902956625,-0.07159203236657478,0.02655356323376572,-0.022280828728935352,0.07077294842893316,0.08048936992187009,-0.050047018330187765
1173.0,0.0025098283950463814,0.07186032668026085,0.015018541683619498,-0.0023213386703774706,0.05868858852117309,0.016103932980067487,0.0893843467665196,0.016745140060942614,0.07464064159612749,-0.07025795350610758,-0.09976670829268489,0.030388083086750072,-0.05058623176599653,0.04788370621524951,0.0804154469653276,-0.10310825813041187
1174.0,-0.0054394182689332495,0.08370338702139586,-0.0323972313727901,-0.012165183851880075,0.018674972164293414,-0.0400002093155008,0.09216726006677653,0.0417999076655319,0.12063501594656026,-0.03480811799416533,-0.10604584929164351,0.03278943576785156,-0.07144954150814807,0.017575213324408114,0.07993634284494547,-0.13245091772075923
1175.0,-0.00621743889593909,0.08841892536888023,-0.06636918844071733,-0.012546392081443142,-0.009729844972126481,-0.11873890085659566,0.07797649577168837,0.06328524618295779,0.1630651760452021,0.011343465135317922,-0.09027407465501743,0.02690084936189585,-0.09244566434718712,-0.010478730181937181,0.07918636064641092,-0.13046150735667036
1176.0,0.0028907927878524015,0.08501413170631436,-0.07751444815629849,-0.0003221278257566387,-0.022444936620431614,-0.1956861078428516,0.04772492329045734,0.06973223192245863,0.19139330198731072,0.05883935865584414,-0.057540726281693516,0.009433311242071873,-0.11673508976016386,-0.028757029305286563,0.07936503265944568,-0.09512228994499249
1177.0,0.020351259151442837,0.07514870536192293,-0.06326947738049442,0.02242481965381951,-0.021349330880760676,-0.24378904445869332,0.008231406995771753,0.05447660048653676,0.1938317587602846,0.09873203634063919,-0.016442722447884788,-0.016956601191574706,-0.1418004004049732,-0.03389032230163212,0.081280408327123,-0.032583849801575325
1178.0,0.04022255099871633,0.06126268927085643,-0.026570869308467093,0.04901583453837211,-0.01199660790212706,-0.244616909917912,-0.030798981875811756,0.017389899256707073,0.1613629990098367,0.12328806623730677,0.02250724774806384,-0.044736171799508236,-0.1626427124733342,-0.027387618007589903,0.08417919786551534,0.04241459604402166
1179.0,0.05478360268361977,0.04532528969107492,0.025686333640450944,0.07037635600774828,-0.0003419091150367088,-0.19530168716963664,-0.06111115121097607,-0.03410768481830894,0.09380300227869547,0.12696053004629362,0.04880020737341642,-0.06492534031008111,-0.17592748125930438,-0.01436846863884788,0.08480811110376617,0.1104302389568516
1180.0,0.05844621809584754,0.029465740014984077,0.08364613800386742,0.07798542054171649,0.010040205364432177,-0.10887953503133571,-0.07883914889416922,-0.08601193341644961,0.003419360391513228,0.10808932213971965,0.05463170260723496,-0.07078727974759416,-0.18151335737729526,-8.391674547643517e-05,0.07704733039665562,0.154239963992109
1181.0,0.050210616542681545,0.01748569806503087,0.13541141393227443,0.06684594543350088,0.01864543225480266,-0.00963007727173286,-0.08470171003353202,-0.12233561737062588,-0.08822298490340093,0.0704311789586885,0.03739338232417194,-0.06024489397541639,-0.18054275178973983,0.013250623541388132,0.053377132715646786,0.16506825920843543
1182.0,0.0334626055966785,0.014818645877084407,0.16901151505489667,0.03741194094838309,0.026173607525977933,0.07422817950634329,-0.0822573323810952,-0.1320264790052898,-0.15865752329748029,0.02341188934955828,0.0006337355939730246,-0.036443077985254584,-0.17277008501384114,0.02632078061095994,0.008350061617354678,0.1443487683467425
1183.0,0.013734739293967702,0.025732846877966987,0.1756586106145825,-0.00450584608389744,0.031683438664017294,0.11919773408638869,-0.07563169086864156,-0.11387722900130837,-0.1923817748435686,-0.019584544709027873,-0.04704740654164664,-0.0063226235912896426,-0.15656953530107998,0.03973814892584273,-0.05780637968759109,0.10061205752874088
1184.0,-0.0042559395731476095,0.04962110838775155,0.15298815423572004,-0.04956495733548451,0.0314993545416136,0.11469874431448421,-0.06771023812033168,-0.07597098301847272,-0.18458363772771066,-0.04485432568414443,-0.09455803926101486,0.022399876973928173,-0.1313291109539712,0.051684210814218465,-0.13752441952472758,0.045180956863705594
1185.0,-0.0187950535733162,0.07948381678904598,0.10661052471371106,-0.08721153203021072,0.021368972204000077,0.06772256314507395,-0.059310699750229956,-0.030622684598042516,-0.14125528684680133,-0.04269670733345203,-0.13042659956166464,0.044342804247886995,-0.09897837073547018,0.05896451168847327,-0.21672175464444052,-0.010106847269625527
1186.0,-0.03155830329936985,0.10377357404431681,0.04890302485963541,-0.10805002016034865,0.0003206496214629379,0.0012347345239149888,-0.04933143629641857,0.011086274617994737,-0.07709031583675502,-0.010794881544252479,-0.1435936872763766,0.057807766492667535,-0.06331274950464107,0.06064757552845839,-0.27793027917536,-0.053873420566900164
1187.0,-0.04605890667864113,0.11056625012670382,-0.005104227064710444,-0.10657907549627424,-0.02732834938406156,-0.05453074101215541,-0.03562734626605715,0.04249177099082775,-0.011604103964430361,0.04409263469769379,-0.1250445027754573,0.06377651125806505,-0.02836496200230252,0.060416223027781345,-0.3054429016683067,-0.07694711409743829
1188.0,-0.06472310895946269,0.09259333160159983,-0.043348269337708606,-0.0835138649737429,-0.053868581287899744,-0.07511193615831555,-0.016621322149178636,0.06236861910341719,0.03570713196039689,0.10642660032884847,-0.07228652125434365,0.06369701038201019,0.002858731196997424,0.0649249849901702,-0.29091681869354574,-0.074931306728482
1189.0,-0.08612343532781552,0.05157112101129813,-0.06086279554226565,-0.04588402674125235,-0.07243656096436926,-0.05260420346337232,0.0066949392891082204,0.0743210824460385,0.04987713929552194,0.1549441188357754,0.005822085461770875,0.05796976971320732,0.02860780322910429,0.07941135635368556,-0.2366357859770314,-0.05026188160993683
1190.0,-0.1043635371289618,-0.000661273135628024,-0.05975826536685432,-0.004347971213430538,-0.08026334283731477,0.0022244986184431336,0.02984965976004569,0.0845460413466682,0.024263431664239568,0.16893428506094094,0.08918654871474849,0.04622040201805567,0.04751269558517219,0.10383963041348142,-0.15466196894185474,-0.012480179056423407
1191.0,-0.11139798000407294,-0.04645187290851791,-0.045613933490610416,0.03074630249149987,-0.07901901983831772,0.06765639189312679,0.04619347825553718,0.0985800045782613,-0.036631056600361395,0.1359970541223554,0.1533023137838091,0.028685416649807973,0.05768415116730967,0.13182570283334033,-0.062390181024020636,0.024499679322042927
1192.0,-0.10107874340294513,-0.07084845577530521,-0.023804752912631216,0.05246379454732683,-0.07260989518260154,0.12294231611841218,0.04961841844954258,0.11832695836923122,-0.11681090646402902,0.05745845494586935,0.1786838117644892,0.007035928971814623,0.057574104388297624,0.15266904689752303,0.023435382177028268,0.04823060095198458
1193.0,-0.07244015113636341,-0.0690460820307474,0.0018792004750933476,0.05851772837312802,-0.06405572189164448,0.15627326978038913,0.037194917375064994,0.14066141859088768,-0.19245275489270405,-0.05152413846529671,0.15762256059898996,-0.016281176295672065,0.0485719484509067,0.15551161733839353,0.09151910529103512,0.05370089774173215
1194.0,-0.030262340922020955,-0.04795130968179587,0.029088235139174648,0.05100612572721714,-0.0534758080997019,0.164894247621344,0.010829106882116718,0.15850219433343402,-0.2392515610608111,-0.16694121678081578,0.09624403681485337,-0.039221772371807614,0.036460141415464054,0.13408904409555922,0.13709867389285804,0.04478018541177141
1195.0,0.016978658909488863,-0.02171731530647751,0.05645944024190802,0.03548475480545591,-0.03876182132595593,0.1501165634366126,-0.022703757079337347,0.164032372853449,-0.2407113646360912,-0.26322243953958047,0.012187888998814836,-0.059923302461213364,0.029823197401398847,0.09016857950941097,0.1590896104011658,0.029853254474167614
1196.0,0.06022486827104157,-0.004870851506241228,0.0826453994150013,0.01941631350410516,-0.01856211282062545,0.11361010069611321,-0.0536236067590577,0.15241160811373386,-0.19340452824759047,-0.3197137249482006,-0.07125069872879598,-0.07491259875360896,0.036895875161304346,0.03354237256615944,0.15691946000987742,0.01571954364393372
1197.0,0.09254931493191346,-0.006612814759296509,0.10478234733198505,0.00942744213115685,0.005090617769093278,0.058932958638655455,-0.07231229208447502,0.12436488614608723,-0.10709495489618363,-0.32494982888268936,-0.13276262074253897,-0.07838371722378679,0.06247167177055589,-0.02239496773301887,0.13099262208187018,0.0047741691907969026
1198.0,0.11063790638619582,-0.02790648193223141,0.11782896320661956,0.007903585129235679,0.02696617829359991,-0.004690648030486199,-0.07250808432996952,0.08659999258084891,-0.0008887783180969297,-0.27908136081801843,-0.1595783108924307,-0.06483022428813796,0.10513556993072154,-0.06741737943475569,0.08568446934507373,-0.003615350652738531
1199.0,0.11497020457136033,-0.06167462848513892,0.1161341038287681,0.01128844191866517,0.0413954095730003,-0.06278951415789959,-0.05297655244459313,0.049250556854377465,0.1026779950800491,-0.194091563538069,-0.15058511963606297,-0.03342010257584946,0.1560423244803488,-0.09906765040796454,0.030459960538689542,-0.01048065482376503
1200.0,0.10917166414660384,-0.0959162579941373,0.09641554341899494,0.01221210938750731,0.04523754481358057,-0.10168454262305236,-0.01695457334628983,0.020834292849816617,0.1842393828815719,-0.09007519473116923,-0.11545486235380913,0.00972693766224621,0.20098173455302878,-0.12194337267392956,-0.022817368184522964,-0.016095085751064424
1201.0,0.09880583380983196,-0.11880287386192048,0.05988596406360754,0.004530637629314167,0.03894399434477437,-0.11473928893877643,0.02932885812070908,0.003577428317746799,0.2326098568888859,0.012107816333451416,-0.07047976984833088,0.05304488813801219,0.22528618129557937,-0.1425845648703494,-0.06464567813896491,-0.02041499122013901
1202.0,0.08959806208361941,-0.1237322366366818,0.01245119272146808,-0.01229399654782951,0.02559226701451214,-0.10345454251313883,0.07738632819687657,-0.007514291553603392,0.24604809819157472,0.0973170640311726,-0.03239931240016025,0.083725755474884,0.21904695827005322,-0.16340454653464334,-0.09118362688973158,-0.02394623181671524
1203.0,0.08546893404793049,-0.11180289325608236,-0.03648843521016227,-0.032550514183105846,0.009384884208834453,-0.07386119914810223,0.11716314181927062,-0.021104814634290044,0.23039624614020132,0.1573322827851842,-0.012069975727034754,0.09285806563927676,0.1805073896621976,-0.1793812496184358,-0.10326237272158084,-0.0279572201368746
1204.0,0.08721613883196563,-0.0902663840869316,-0.07642945791416154,-0.04766843460072413,-0.005295993762553298,-0.03279865213154894,0.1394886802056652,-0.04382121847938155,0.1964892976798837,0.18806738746275486,-0.010262543330392372,0.07935771773587234,0.11691438165508504,-0.18025177340769774,-0.10245065237156932,-0.03324737753521787
1205.0,0.0925472384518292,-0.06799982952575213,-0.09949618183298699,-0.05112656946806203,-0.014469360256335587,0.012766253838224424,0.13952417061646935,-0.07585486995514228,0.15779687976211715,0.18788326420797508,-0.017616861137037077,0.05039486493996593,0.042553918987778216,-0.15763637564379138,-0.08887982654768116,-0.038073714876497036
1206.0,0.09762484102903127,-0.05103141895348012,-0.1038410226411101,-0.041633592860262726,-0.015191298160841941,0.054642656765617074,0.11829304841722159,-0.11082274314002138,0.12750855796823168,0.1591112867475999,-0.01911749713547179,0.017903143858495917,-0.025806060973985755,-0.11223567124375351,-0.06278727994605857,-0.037637650709447995
1207.0,0.09959999628184307,-0.040801009012451414,-0.09383934837575779,-0.023210230384262235,-0.006260712644692557,0.08394467250741108,0.08131536970879714,-0.14010958663578257,0.11466817625661167,0.11029048498009425,-0.0008813193064703282,-0.006731466387638233,-0.07445714993646997,-0.05545453386419707,-0.026948511607593668,-0.026637604322501705
1208.0,0.09862801692969635,-0.03535112912533964,-0.07672609526023232,-0.0028974033587069303,0.011103255725678983,0.09390259459237302,0.03648586479080937,-0.15776849573107316,0.12042646660367469,0.0557897527305285,0.04387085631123771,-0.016979228067253313,-0.09694334356368105,-0.0038346359240481213,0.013055144862731467,-0.002820355055209851
1209.0,0.09756229484177088,-0.0315078963242143,-0.05851535047557118,0.01255472817691112,0.03297634100645114,0.08232400121790472,-0.006880052256385467,-0.16163666665282175,0.13655928306672904,0.011869786137073277,0.11128937652478921,-0.012537720540274192,-0.09504399691853602,0.029854356257127863,0.050950328035810455,0.0321515507536983
1210.0,0.09942297549849005,-0.026212697602000533,-0.04177592656159042,0.019728956591252574,0.05356298149319878,0.0522537998335431,-0.03880146308329981,-0.1512750141019142,0.14829497938222952,-0.008916935261167354,0.1866871448267186,0.0024098236525668506,-0.07614247937188028,0.04269919033287478,0.08265306255795313,0.07485060375015391
1211.0,0.10487556021786822,-0.016635981604410606,-0.02581771985300992,0.02028798005018444,0.06738939721021014,0.01140504940991924,-0.05119918803660798,-0.12697723185370355,0.14126754117911663,-0.0022102788779277214,0.2488724142133217,0.022248115745580697,-0.04897843452964611,0.041383930223535294,0.10809170936921553,0.1215295212565248
1212.0,0.11129420471974233,-0.00014582115331560213,-0.008856695289961426,0.020580756049066146,0.0718619115106253,-0.03003222445357467,-0.041678766109278426,-0.09140600854868561,0.10901532893853999,0.026303263812226755,0.27820385484731897,0.04206532377341391,-0.02080634036249357,0.03690661949922699,0.13096006203343857,0.16640347370868364
1213.0,0.1133735691736077,0.024297571195271123,0.009131501713710986,0.028487047447492357,0.06849747981283591,-0.06343969275571547,-0.015486848214871922,-0.05111094868746987,0.056262539920725586,0.06224257623533664,0.26434815059878985,0.05822024443915748,0.00301345644306453,0.03814005799902904,0.15615499601757385,0.19934271463494388
1214.0,0.1052147855494827,0.05357426898517873,0.025059894240371302,0.048384164958613085,0.06192714059302493,-0.08511757124456472,0.016165841513991815,-0.015540066356849087,-0.003859612664675899,0.08750273114912917,0.2098219609719162,0.06807449264200005,0.018506602494620016,0.04720860662011349,0.1852846058937937,0.20744741226343658
1215.0,0.08339296771130414,0.07968526413682296,0.034100291088441294,0.07730954672768338,0.057373850356829695,-0.09593800832068389,0.0404209479686963,0.005687412564311134,-0.056282605844906186,0.08767004641436138,0.12843620929475338,0.06954187085572477,0.023460286865041435,0.058073386252301566,0.21262633419877533,0.18112479411560575
1216.0,0.049003777060780726,0.09299713840545777,0.032617185576072856,0.10548746807932165,0.05807480822560624,-0.09773347730722344,0.047584966140619536,0.005575407297651753,-0.09009120915095496,0.058446490019975074,0.04011465702177654,0.06074448207056216,0.018756147788099784,0.05935584522589986,0.22538813225539556,0.12035443845728196
1217.0,0.007056063633926488,0.08725946947610876,0.020492807179581626,0.12146219309935316,0.0637551087973502,-0.09020398727695733,0.03453716717066522,-0.017886828462904913,-0.10129680504459802,0.007771948255349488,-0.035944801054022674,0.0401674165437057,0.009199609076181848,0.04134122728089575,0.2094271698901348,0.03636491378774111
1218.0,-0.03593580107342281,0.06250863995725885,0.001653072753245654,0.11855916768153862,0.07065092552473762,-0.07203379448629524,0.005425871209473861,-0.06009042261101853,-0.09198194224574793,-0.04731083504569943,-0.0874726103354012,0.007739251398621033,0.0023693120474098986,0.00358961511814082,0.15710697801408066,-0.05227909924841602
1219.0,-0.07387654794474308,0.02451656308662138,-0.017287901654419412,0.09837699018516798,0.07299569192521667,-0.0457494763132428,-0.030581038754167813,-0.11002824730764887,-0.06786247849723463,-0.08766341840642643,-0.11198171084517673,-0.033407690111543355,0.005282785320015846,-0.04268597734045539,0.07283316173975807,-0.12646895677104356
1220.0,-0.1014137224653942,-0.017814404468421842,-0.029678250200603853,0.06912659602911976,0.0652806159190913,-0.020791103061640545,-0.063193383285592,-0.15330806601544028,-0.03649198067502273,-0.10006216281643794,-0.11501061827704168,-0.07615958134190265,0.020661494882884282,-0.08001788351135351,-0.026408585713905877,-0.1725803317904241
1221.0,-0.11383436213947808,-0.055201652375929625,-0.031410435234915504,0.04006995652132888,0.044434119498267186,-0.009647902788830643,-0.08432161161344887,-0.1774829075966984,-0.00657731240295858,-0.08277248028414312,-0.10542152424150758,-0.11152823009544863,0.045214364742938114,-0.09429648230507175,-0.1162225206154785,-0.18547610483150617
1222.0,-0.10845310024823088,-0.08001378906139837,-0.02206361133440951,0.01597556246844082,0.011383316606629688,-0.0193806429279557,-0.08959467864648162,-0.1777003930386083,0.012952372075074305,-0.046083223213252034,-0.09089112995896202,-0.13296449404512012,0.07034888732390186,-0.08209575905862566,-0.17411467740576214,-0.16810303353660985
1223.0,-0.08747920069887095,-0.08769179671829022,-0.00436892008673989,-0.004393448351142622,-0.02861406776848173,-0.0469163733790194,-0.07868350770980143,-0.15964628797308714,0.01548713210050411,-0.007745031737573601,-0.07576366120941096,-0.13954394616672713,0.08435989358748529,-0.05126985444063166,-0.188850624679204,-0.12862424755399726
1224.0,-0.05975341418723353,-0.07754284098149909,0.016960589742051134,-0.02498967889599937,-0.06768235384982589,-0.08287159801505528,-0.05526270568508486,-0.1373734234153468,-6.725770846249991e-05,0.014056078394158853,-0.06153085862268106,-0.1355901729969657,0.07620975252322047,-0.015295197138695758,-0.16509076038470816,-0.076815792669212
1225.0,-0.038581570828159974,-0.052503944849767184,0.03563239191061758,-0.04760617840482738,-0.09850717506224933,-0.1197690270252373,-0.026338511813920946,-0.1262289770486065,-0.0281124333216906,0.007156321492511308,-0.04884484415499542,-0.12753737252195066,0.040887900411053175,0.0141852437185422,-0.12058536115962415,-0.021518705518737476
1226.0,-0.035756742172245004,-0.01812092667784342,0.04381621641624604,-0.06942870374651222,-0.11648244209913429,-0.15674618915400912,-0.0002776454402233532,-0.1340235593695455,-0.05831843462893626,-0.030334208068423282,-0.039333346380807245,-0.1206440381310015,-0.016172885736467142,0.03202157362582734,-0.07692511224032954,0.030027279981119558
1227.0,-0.05514567171388366,0.01830580951815237,0.03422589579805289,-0.08449102231617492,-0.11935110481215756,-0.1968904608202989,0.01614865235096589,-0.1553336259755215,-0.07942522364691938,-0.08889981843244718,-0.03534064100102545,-0.11728310046577724,-0.07931276860291392,0.03968089643729591,-0.048862440721287356,0.07167066041525931
1228.0,-0.09002059518539021,0.048360602120494985,0.004590055721550242,-0.08755412614088598,-0.10608257927507582,-0.23986657099957998,0.02021407152335309,-0.17319035148815767,-0.0833084425212711,-0.15042155279566008,-0.037242252007601354,-0.11662196666164934,-0.1285716768855934,0.042023559063626335,-0.03889186091793821,0.0982089365783776
1229.0,-0.1261293014939002,0.06407785935619309,-0.038963948026672204,-0.07773428592631383,-0.07746120524197382,-0.2758684745348613,0.013917918503336315,-0.1683691094357084,-0.06820851157876183,-0.19441991379781118,-0.040957025973399154,-0.1149109823625499,-0.14820887917529157,0.043361029214955805,-0.040204331496946515,0.10639481463784772
1230.0,-0.14899741219116083,0.06089849541138247,-0.08283047190452507,-0.0597186468344656,-0.038085287438631314,-0.28613184125318125,0.002680051361527089,-0.1311064035090633,-0.0396527877860112,-0.2051940132880874,-0.03890748327212129,-0.1067070130812991,-0.1331737624896642,0.04525977676778211,-0.044333457991683194,0.09632473460533279
1231.0,-0.15129133011333107,0.04061226192149661,-0.1108282475825868,-0.041544457566723085,0.002939016838827713,-0.2517157174536925,-0.007633541746756644,-0.06779901400072022,-0.00810515273705698,-0.17681600134190675,-0.024754655604877548,-0.08774021544134229,-0.09098727343387503,0.04704408067490584,-0.046575239533868995,0.07189694387849088
1232.0,-0.13575997485411503,0.011707978417170908,-0.11061074565139153,-0.029807963604981072,0.034618450280245426,-0.1663443551019844,-0.014429646115912503,0.0016549510590165323,0.015484293149165787,-0.11442083396251689,0.001029972587224907,-0.05840174046220962,-0.03929849544694539,0.04788281663236629,-0.045992102922540634,0.03968122679253138
1233.0,-0.11193072715003498,-0.014292066784155216,-0.07899864594968312,-0.025413595684557134,0.04903430577822905,-0.04409193206601419,-0.02089550254601474,0.05404998019387855,0.02382958240065192,-0.03203297848600849,0.02904376236306688,-0.025229985555507126,-0.0004705584037119269,0.048412988876231244,-0.04279601943072833,0.006473240396325228
1234.0,-0.08918918088587159,-0.028578462868285786,-0.02379758632999486,-0.022960636329137286,0.04515513010544158,0.08509509861377272,-0.034877411271483444,0.07433870282443189,0.015368818808196705,0.051503276209066,0.044721862311227926,0.0014887871861103896,0.0058174582031809,0.05080218096974763,-0.037182366890342745,-0.023336058258495697
1235.0,-0.07156246266187744,-0.029028553084447562,0.039280321354773676,-0.014120368017600617,0.02865384797570129,0.18983640114570186,-0.0632852478629607,0.062025959352623415,-0.006531301242939464,0.11652543832522518,0.03584097562434766,0.013141261772050881,-0.029491728057290934,0.057282272049244236,-0.029943570595633674,-0.048867563837484425
1236.0,-0.05747831221533258,-0.02033512721999422,0.09313660954034883,0.007177108286034379,0.008093426992765622,0.2519255580905606,-0.10523206867031897,0.029630996965813856,-0.03635306263476635,0.14629998795664495,-0.0009941188252042947,0.00767686554964628,-0.0997549453607623,0.06758478421453093,-0.022650809885327448,-0.07137055965756588
1237.0,-0.04324160621577655,-0.010998858007283565,0.12558976988689474,0.04066263777946386,-0.009756132505376873,0.2719103750393946,-0.14983202140949453,-0.004783408984340955,-0.06871068613152877,0.13197826010030317,-0.058171887957323844,-0.009498596744031912,-0.18414353137750908,0.07684944610943505,-0.016865337328888983,-0.09140817490381115
1238.0,-0.02696165228624365,-0.009009424765458652,0.13237308452019925,0.07903401140302092,-0.02260435108193597,0.2634921764867593,-0.18123854837651446,-0.026038410656304575,-0.09872991551797107,0.07756681169086534,-0.12030498176830351,-0.029061676815834665,-0.2560934698899043,0.07662992572260491,-0.013575446924154527,-0.10699558979981029
1239.0,-0.010747921680741054,-0.017973371907549378,0.11601969381331939,0.1109969594538399,-0.03215031461813973,0.24231431188757227,-0.18682550644387763,-0.02725902633124645,-0.12178407975743957,0.0002998162797546931,-0.17164105139844524,-0.04318423510393765,-0.294350795953516,0.05949828275253053,-0.013000044199787791,-0.11439414995956321
1240.0,-0.000300157654652028,-0.03549029471494597,0.08233017127019503,0.126111220847821,-0.04156507620456473,0.2177439786389711,-0.16235044103466031,-0.011094992055667004,-0.13412106554590636,-0.07559204319917685,-0.2030458434068785,-0.04926940985358854,-0.2903167063515023,0.024057082259309685,-0.014083084380121604,-0.11111070386832878
1241.0,-0.0019539591581799335,-0.05512815876609807,0.03755177444244555,0.11891939397675177,-0.053072468966262436,0.19212315431432267,-0.11227669547797184,0.01277150223818192,-0.13382498824790018,-0.12796977550288546,-0.21344541924813115,-0.04970422454012536,-0.24813418682581964,-0.023324204626653505,-0.01447010031952704,-0.09877364158402527
1242.0,-0.018595635075313983,-0.07078773714362177,-0.011898855875754703,0.09085877109991014,-0.06690443726138894,0.16478571047307267,-0.04748001829120988,0.032411936506797835,-0.12075868657035788,-0.14358213248702123,-0.20566771837775025,-0.048416429066872484,-0.17957163585523972,-0.07090076840244172,-0.012192617638321418,-0.08363902985038611
1243.0,-0.046792754582509546,-0.07965730560707145,-0.0584150252175306,0.04937834708250818,-0.08160574348883357,0.13546717232401917,0.0178677984067978,0.038604804714242665,-0.09583167618807657,-0.12058139394843123,-0.1820303690881357,-0.047465981981241516,-0.09907136359830267,-0.10617866605580246,-0.0075702535585204745,-0.07419468923187865
1244.0,-0.07699279951216906,-0.08153735123563186,-0.09341335173786693,0.00460599753962784,-0.09479138170345217,0.10508261902402698,0.07003811698185473,0.02821686235957412,-0.06130341901827074,-0.06766825411405494,-0.1442755718134213,-0.046044529938335334,-0.02166995109389963,-0.12011230721789391,-0.0025511287407042438,-0.07708388228243487
1245.0,-0.09708569415253826,-0.07639859315314436,-0.10956774696765377,-0.03466257404489171,-0.1035388295371748,0.07531779263307131,0.09970631173857053,0.005245319196054864,-0.02211483807814765,-0.000856538429056131,-0.09671752527444237,-0.04160031645021281,0.03861891599359683,-0.10933452645621085,0.0018926312489907584,-0.09345395627091514
1246.0,-0.09780094573807677,-0.06323641372750162,-0.1037119327588098,-0.06346748922144198,-0.1046440377106191,0.048001842076741644,0.10489221272612599,-0.020910159005538907,0.014219176729977155,0.061793619953331436,-0.04774650978617849,-0.031787535295238166,0.0726273538911524,-0.07639081072417755,0.006885449680727362,-0.11778114425667816
1247.0,-0.0772298673510672,-0.041143483496292176,-0.07874783866994868,-0.08093944512664228,-0.09556221629514056,0.023979696525999745,0.09156315055691829,-0.03944895925511862,0.040243941112567065,0.10575103914780017,-0.007266278990293951,-0.016331898994075934,0.08007711320422313,-0.02841524074375764,0.014105771624967324,-0.1402265691539898
1248.0,-0.04206849508453139,-0.011332373176586008,-0.04362347839655873,-0.08910899492662455,-0.07595208122130039,0.0022448078561155883,0.07144682091993503,-0.04194947773242534,0.05151644500145947,0.1232095439716703,0.017448125024317317,0.002239535655713736,0.06986247873545473,0.025262121903159983,0.02357821354179137,-0.15141396946194297
1249.0,-0.004786268089469683,0.02172453118616186,-0.010988654821506894,-0.09104140412360806,-0.04860846279064913,-0.019446971497241748,0.057761974503305065,-0.023879462312392467,0.047588659593220915,0.11333735585969662,0.02413673620491814,0.019681917464790998,0.055708498506401645,0.075592879937569,0.032758924030385474,-0.14642910327924336
1250.0,0.021991084549370356,0.05123292972270731,0.0071763503548036,-0.08865846351252327,-0.018950967815909575,-0.043083874741429655,0.060265453760664126,0.014974484793212341,0.030954852159741378,0.08111703473030997,0.015832869786117462,0.03212712789063542,0.04961021851426853,0.11528096014704539,0.03751702236610905,-0.1254865915545869
1251.0,0.030927491317458006,0.0711256391639116,0.004347157825071581,-0.08148794321497044,0.0064216946690865235,-0.06927625204850829,0.08127704520052335,0.06926707734176585,0.005066187630564964,0.03581333616443561,-0.0001346215031022214,0.03785652637777873,0.05636344292616204,0.1390917802045445,0.0345729911491002,-0.09194080799877233
1252.0,0.02225776609542192,0.07950972669106851,-0.017824693023318332,-0.06777090837435744,0.02130605934680473,-0.09612314694299336,0.11443626702186863,0.1271782543804867,-0.02744415212404308,-0.011278113824728193,-0.01468064273287664,0.03811867993956495,0.07208683112659821,0.1437980815853438,0.023625288053329335,-0.05030598855444785
1253.0,0.0020900188630976046,0.07970476564234644,-0.050284180983544494,-0.0471199409203335,0.02168283283107523,-0.11773152963781792,0.14741637972119556,0.17285478760121598,-0.0653282275791191,-0.05016324048306031,-0.020591320887580235,0.03699978567576894,0.08763850419429234,0.12841655622476572,0.0072030379041000785,-0.005582709782447334
1254.0,-0.02126173189910282,0.07772703094073048,-0.08023055446359717,-0.022362465972015282,0.007863707988410115,-0.12454977200957201,0.16773209360648902,0.19290868202645847,-0.10739118488865908,-0.0752246160266859,-0.014882075918072111,0.04046334673583235,0.09442506134640512,0.09476022097279796,-0.011609643455906081,0.036884627306634436
1255.0,-0.040219013402587746,0.07809171014547375,-0.09603553029819388,0.0005424282624351013,-0.014208206026539903,-0.10726442816037086,0.16818810167238174,0.18323247376577395,-0.14976461550249134,-0.08582220231189625,0.0015965966154732239,0.05426362823630246,0.08844027953364868,0.04783806953793794,-0.03141536680626065,0.07173023135688227
1256.0,-0.04948684899914231,0.0809069375435373,-0.09163721115442008,0.014121823804123525,-0.034335783970739525,-0.0618536615643257,0.14879460113488824,0.1510214240432706,-0.18423246415376862,-0.08416112185606064,0.025831359308255388,0.08066267594151699,0.07067557226500985,-0.004984860864476259,-0.0527605586655228,0.09405831612986944
1257.0,-0.04715678221023888,0.08195213173489882,-0.06853572048386862,0.01196808488923874,-0.042357363511994435,0.007860921992830141,0.1151889871022185,0.11061780079445965,-0.200295789620434,-0.0725118141449233,0.05341589761497905,0.11553170048470812,0.045414706924087445,-0.056442354010926905,-0.07626738666430102,0.10057850291712533
1258.0,-0.03515576021415597,0.07538933383609563,-0.03420616450399207,-0.008481051763049826,-0.033018804340794,0.09077766835318807,0.075616264783868,0.07664245442238585,-0.19056321087839256,-0.05192035528566696,0.07878554487054926,0.1484341843110755,0.018289567901067495,-0.1013826749524264,-0.10035171658314687,0.0916212198857759
1259.0,-0.017757937418976806,0.057298666383886615,0.0022351691333514245,-0.04426111422833247,-0.008259649647988363,0.17076331337480125,0.03791193713632604,0.059248728350990876,-0.15533355916392066,-0.023075328465201134,0.09679706057915984,0.1666396311302807,-0.005416118743572167,-0.13631780266722263,-0.12067630258866618,0.07244590115087364
1260.0,0.0012628307412120344,0.02812158424759598,0.03432960546928952,-0.08736538021296018,0.024169503438718976,0.22967375744749155,0.007173292149398644,0.0633137808996824,-0.10252306232923776,0.011682152442482772,0.10521118588116381,0.1611189058374641,-0.021662752330998694,-0.15798040926044074,-0.13198942548265744,0.05201271676784336
1261.0,0.020469182813845372,-0.006771085544872486,0.05985757682721414,-0.12722471042555902,0.054159879886588116,0.25130996451782456,-0.015045813702302882,0.08928475790955168,-0.04349493702890201,0.04717110351177245,0.1055623868572009,0.13135261319065922,-0.0270317027886864,-0.16362694908020783,-0.13085461702556753,0.03958000753418279
1262.0,0.040395638300472415,-0.03821226117134171,0.07910307493352486,-0.15403295125421151,0.07271671643252058,0.2265518116214162,-0.029461615535439686,0.13311729212520726,0.011440762067626092,0.07619220693929063,0.10161972083246998,0.08676306826233543,-0.017566034425929702,-0.1529029874778915,-0.11719413998158375,0.041038410115702924
1263.0,0.061785078252815415,-0.05590152845791098,0.09170199451746441,-0.1618215021353436,0.07441835052034369,0.15822390323343907,-0.03666844340308875,0.1860022120920552,0.05535699580571386,0.09203289694551833,0.09720977111187425,0.043863305177142355,0.010702342385681778,-0.12889696985113686,-0.0940570923024254,0.05660469087375232
1264.0,0.08390931768495422,-0.05227228320815332,0.09530583026694689,-0.1502674786776928,0.058552930143410946,0.06223831488479924,-0.03604299864804058,0.23612368396583008,0.08537956121249092,0.09164486162021063,0.09518432862053645,0.01951431283415592,0.058944435194348846,-0.0973701486409724,-0.06631844929577445,0.0807442997282352
1265.0,0.10413818400694726,-0.026209878520305107,0.08767087388308781,-0.1242460893922169,0.029084047681965847,-0.03749966365737942,-0.02722200478349201,0.2726073044055952,0.10287422900870286,0.07798798586916308,0.09724847459214732,0.023063642720786016,0.12267695011840286,-0.06537283299931522,-0.0389644569720584,0.10463126893337639
1266.0,0.11894414173521405,0.015573236382905217,0.07005692487555731,-0.09145244233612522,-0.00636373353446629,-0.11797595195755847,-0.012198289565156423,0.2893158721713338,0.11266839931444164,0.059636851176706085,0.10334820538373778,0.05180717867799457,0.19165361129430603,-0.04013464543336906,-0.015944830042640773,0.12028288691238348
1267.0,0.12554502143531693,0.060862328250985406,0.04845423390434576,-0.05973099792048563,-0.03865214402971754,-0.163774863506414,0.004483479788357181,0.2861577993189568,0.12064397600902073,0.0470710575841686,0.11081311510005182,0.09264883291362894,0.2529810091751036,-0.027342551283799046,-0.0006317346525904644,0.123903879432024
1268.0,0.12317481761340665,0.09708449845033658,0.03144341751300359,-0.03502292874587513,-0.059993949221835784,-0.16915092192424505,0.017056713378962578,0.2676900479902721,0.13114293310275937,0.04762647362417965,0.1146538600422542,0.12897957396837748,0.29550122356750896,-0.028496200050582843,0.0033555156455653567,0.11633203117382553
1269.0,0.11322808607524189,0.11667700891143946,0.026046713954412045,-0.019943406975086817,-0.06603985469604429,-0.13809064449846284,0.020120690666252383,0.24061519899758613,0.14594564143336922,0.062183535681933376,0.10983148764871849,0.14862203194136558,0.31313983655993277,-0.03924231923800761,-0.006610422432238445,0.10092695943932654
1270.0,0.09814856459416513,0.11981871450539332,0.03409938454271012,-0.013534541847250645,-0.056220691254620474,-0.08382461200066306,0.010789807108031483,0.21147098396736666,0.16431562007149084,0.0853360479220962,0.09499294149745316,0.14843039727585147,0.306099011693672,-0.05043736071358625,-0.029588644724384914,0.08089519827498959
1271.0,0.08016782994667233,0.11303761390184784,0.051634368367693716,-0.01257056309578699,-0.033125270968517945,-0.02567603328046889,-0.009000190356430883,0.1845536541540934,0.1830292812493885,0.1086206149909469,0.07498400911243652,0.13364571318026422,0.2799405276342698,-0.05157543821955859,-0.060299733574341444,0.058150965856035415
1272.0,0.06144290519998899,0.10489698816949383,0.07189859643078232,-0.013281167449678433,-0.0018706489454531035,0.017646182342855157,-0.032125034131834034,0.16028152044758776,0.19729721770746508,0.12498283830498674,0.05885664686493731,0.1133747185757168,0.24325478275479845,-0.035130207884199384,-0.09056799559779966,0.03461374317733337
1273.0,0.04528558533844249,0.10143465714289612,0.08978103096835778,-0.011985712359327423,0.031096024907976173,0.034924966004398615,-0.04884284730266424,0.13489562057387575,0.20341855991813124,0.1319221004059702,0.05411083163533737,0.09563756063846637,0.2045784316062244,6.761199481805413e-05,-0.11059379384724524,0.014111103675518186
1274.0,0.036154890844502005,0.10313729151887865,0.10415901721687183,-0.004768041734057719,0.060325574369676394,0.024873964118539496,-0.050981694541353303,0.10205203178146338,0.2008136853770418,0.13127427638724387,0.06195935292328629,0.08465947568964656,0.16905319870534757,0.04846828547674337,-0.10980492486121006,0.0019502448552851353
1275.0,0.03726234883007653,0.10441257822843235,0.11608042242602166,0.012076909633401127,0.08334192808619423,-0.00663842326275746,-0.035358605590665795,0.056356044243190725,0.19078994708458155,0.12645503451346365,0.07680927457283916,0.08036808803170824,0.13658837650578415,0.10055773684104789,-0.07948971834089266,0.0021982652912149445
1276.0,0.04771732842433811,0.09641601448124884,0.12411065626490551,0.03986440590903362,0.1003898260066576,-0.050726230101084506,-0.004724826078719043,-0.0022138067061340367,0.17382690713791185,0.12010825751863324,0.08895589174111712,0.07906660084246196,0.10386293596577546,0.14622066434795322,-0.017139240684048505,0.015657016609191568
1277.0,0.06206898763726997,0.07251308084776444,0.12134423096611598,0.07538813426528372,0.11256089728995745,-0.09771191608027559,0.03339854694077337,-0.06611212581551365,0.14895741001406648,0.1133407676292884,0.08840159735091925,0.07517470640774723,0.0690686173986844,0.17677280008281102,0.07077255836402654,0.04025356781256443
1278.0,0.07312384755304147,0.03311741553170526,0.09786777913518309,0.11159104734876787,0.12048236310249094,-0.13801683179641622,0.06844530653507613,-0.12304152347379935,0.11520212688063929,0.1056651984951746,0.0692273479922952,0.06377600375465152,0.03469751725676968,0.18627062090677493,0.1701087301577977,0.07240358037373909
1279.0,0.07617515764647469,-0.013473178901207326,0.047602133750542015,0.14096898874445457,0.12424335214186903,-0.16280864496636685,0.08899453944795882,-0.16231072232501467,0.07278559010020758,0.09549245640663116,0.03359501422105501,0.04276938878530176,0.005264455753133588,0.1729453249859606,0.26407224909094007,0.10730463810397838
1280.0,0.07146944109795493,-0.05483219487367192,-0.025441521027193152,0.158696706699871,0.123622406275182,-0.16427780083821142,0.08669667162243641,-0.1798178421481378,0.02375560691214764,0.08136482378461529,-0.007655519266305076,0.013710971956029386,-0.017958033041097266,0.139962917167712,0.339381290231311,0.13832012995911605
1281.0,0.06316335845581335,-0.0804054522508239,-0.10604774197175464,0.16341078845144902,0.11828766352070404,-0.13652197483614648,0.06096498359724715,-0.178264034093576,-0.027130849972765148,0.0628725685408863,-0.039767262075024595,-0.01862651048395053,-0.039793643236565306,0.09470541101677328,0.39041643667055337,0.15748575665945586
1282.0,0.05584966236116655,-0.08602344734758226,-0.17304921385368616,0.1564037170598628,0.1082676993294222,-0.07805966115399433,0.02032251337294859,-0.16353033997576635,-0.07175743414260184,0.040506875884693976,-0.05164249020030018,-0.047750038362770975,-0.06845192537957841,0.046943612866122655,0.41906642772354874,0.1584985564135962
1283.0,0.0511617593277155,-0.07428244624570436,-0.20823437291633717,0.1406458037755262,0.09420714920776714,0.005605827141851718,-0.021925334116984243,-0.14083111734569595,-0.09999571761535989,0.015411705139605877,-0.04129752774760618,-0.06787048634277597,-0.1094412554972952,0.006229808046555333,0.43035653764222587,0.14051683574397197
1284.0,0.046605284716068784,-0.051540860294788,-0.20418373700783513,0.11991538719370956,0.07698798485445342,0.10150432803092031,-0.05459508480627172,-0.11350149923862111,-0.10384523214490296,-0.010359137575861014,-0.016351949338287885,-0.07641119568073758,-0.16062103538952646,-0.021189041393341514,0.4267446619782988,0.10898912589417654
1285.0,0.037474742417154226,-0.02455408700019266,-0.16730981675789788,0.09797045403058652,0.05754721316231595,0.1912037664984031,-0.07311175018878066,-0.08409335147631447,-0.08228031276846227,-0.03432676148667669,0.009722489444119171,-0.07500939293778278,-0.21120287747747585,-0.034346951045121414,0.40548326151809544,0.07201256736067031
1286.0,0.020608743655404698,0.0012110688332377373,-0.11480147141202333,0.07797917330576885,0.03746537284357264,0.25493841312143256,-0.07977461385848683,-0.05539858139823084,-0.04296054192678729,-0.055469814733445914,0.023240086055299067,-0.06843395409526586,-0.24547629258022974,-0.036796071414939416,0.3613475750034637,0.03508400520022406
1287.0,-0.0028292874730951063,0.021549323626133134,-0.06701138070915678,0.06207126657146773,0.01947677908280992,0.27670902753345883,-0.08110132757350237,-0.030571332962701262,0.0008503232842148248,-0.07547450581048906,0.015585729812689157,-0.06260548130718428,-0.25057574026329044,-0.0339466397119229,0.2925743217003934,-0.0014873974597819084
1288.0,-0.027516265619635136,0.032750019585105775,-0.03914358828716346,0.050820489843236547,0.006912843962097262,0.24851326397526846,-0.08405459109787404,-0.013357045005407063,0.036016163817451936,-0.09696380659458924,-0.01365741420771821,-0.06277062153265822,-0.22453381845398782,-0.03085279821855006,0.20543753174058632,-0.04076473739034076
1289.0,-0.046631298241887296,0.03131880474834721,-0.03586140140386955,0.043303266349763954,0.0022204849891810582,0.17303241772595593,-0.0927395886539974,-0.008144065854442778,0.054502887114376466,-0.11940291611100731,-0.056265253710535035,-0.07171878115317729,-0.17843382504295546,-0.031073340484844357,0.11401717758702548,-0.08495365003062769
1290.0,-0.055056079441215974,0.014979854857283577,-0.050385408475695954,0.038272229832170754,0.005793634010222571,0.06433833585791188,-0.10690618068765734,-0.018233359145117877,0.05535556556947792,-0.13638607521466706,-0.09718071562081243,-0.0882833726898991,-0.13034958351647205,-0.03554327807278894,0.03504523922509802,-0.13194823437952932
1291.0,-0.05142320727857578,-0.015588125098448112,-0.06812949041015848,0.0354702322636231,0.01600884574688813,-0.05510844533866036,-0.12263325804893106,-0.0427077993456384,0.043206047964082804,-0.1377169164252569,-0.11911579201058445,-0.1073510942633259,-0.09603626792267468,-0.04173622790597343,-0.018979206295282228,-0.17410508257225069
1292.0,-0.03835636289407588,-0.055824602401541905,-0.07345085293100223,0.03568276470210062,0.02977152721988917,-0.16136142394131564,-0.13456428586532151,-0.07499877811017798,0.02456940943752983,-0.11609201659003342,-0.11012590681986896,-0.12207591022058836,-0.08287278308825338,-0.044979703358240905,-0.04424628811850639,-0.19967715667359157
1293.0,-0.021181919484062235,-0.09793376431165704,-0.056461661424744396,0.039752934471561495,0.04290563519514868,-0.23605451697306618,-0.13851993784784905,-0.10555043441950905,0.0043808743533488214,-0.0739238480950254,-0.07050666658585407,-0.12734589944787184,-0.08892198275457659,-0.04201940231911277,-0.045223163232826664,-0.19731109582421197
1294.0,-0.005988783196490152,-0.1326289808532276,-0.017089336494817545,0.047837235482230255,0.051084289825839936,-0.2691404473998985,-0.13315393686344887,-0.12700686075130302,-0.01500262054450892,-0.024777622285525377,-0.013335950995488172,-0.12242142665431431,-0.10537577826300991,-0.033964168403478816,-0.030647753258879036,-0.16210806251119972
1295.0,0.002184625346968376,-0.15165789425540951,0.03495856972411191,0.059199673244767666,0.05139621696988728,-0.25758412038080775,-0.12010468260852222,-0.1377487843299036,-0.032458838556243874,0.012221330265930315,0.04256735229841885,-0.1111178996444181,-0.12084048759071836,-0.025664064693909326,-0.010350998730122315,-0.09945808571892346
1296.0,0.0007817606573287788,-0.15087389363600814,0.08464737954037407,0.07200766716234185,0.04333630181532389,-0.20464777156906033,-0.10299921766668388,-0.1415126888347626,-0.04677274475547284,0.021465572381411734,0.08202396813073191,-0.0996695418160585,-0.12636425065239645,-0.02152823192774012,0.004855953063795014,-0.02389076353307805
1297.0,-0.00949501383906862,-0.13248981316097105,0.11857112450199768,0.08325192806882534,0.028741567887606075,-0.12121929665162538,-0.08555863810152545,-0.14421678622726405,-0.056744309042729646,-0.0017219273798485687,0.09917316151865452,-0.09374175694968985,-0.11895653591351471,-0.021069638055982314,0.0034366034139219617,0.04601050161227532
1298.0,-0.025237915839800708,-0.10482969582365169,0.13009526965432525,0.08939140140687132,0.011147594119040989,-0.02515277068906516,-0.06936527126792358,-0.15021743587861658,-0.0620711066136765,-0.048573236221255055,0.09776064277208886,-0.09599032405377492,-0.10175776190258888,-0.018224358094506524,-0.023244776409044165,0.09330894439276627
1299.0,-0.042519819518736374,-0.07892471256394963,0.12003424368236498,0.08749421652382336,-0.005379540709773161,0.06388729897620905,-0.05258330932189872,-0.15989036454856773,-0.06395987446248912,-0.10010199030635115,0.0874148137874715,-0.10486510499083672,-0.08155501069848166,-0.005712077837227044,-0.07617669547461157,0.10693653135016319
1300.0,-0.05941864076851528,-0.06283767930108614,0.09397369645110193,0.07586477206786828,-0.018151719789543514,0.1311047736589433,-0.030410485292205598,-0.1700301044125896,-0.06472819746053203,-0.13505441096849788,0.07758510108753303,-0.11467762764799123,-0.06552056722554667,0.01857821474882209,-0.14744614591484048,0.08412362869578657
1301.0,-0.07634441508321436,-0.05682052419950775,0.05860504061557847,0.05383283034672353,-0.027833863405602885,0.17023575580578268,0.002757053360868311,-0.17685237976768828,-0.06638897711247328,-0.13953190403220603,0.07148688664673843,-0.11676319465310135,-0.05889283676262362,0.04838472242011891,-0.22357047852613263,0.03094719118801105
1302.0,-0.09331445725218028,-0.05316141757908614,0.01915348621716464,0.021641155121650754,-0.03869424039968829,0.18273008393090928,0.04987615522599311,-0.17894623952897543,-0.06956815461338697,-0.11373338330601103,0.0636712369234233,-0.10217524798070671,-0.06432244276201382,0.07189646136570092,-0.2903818371125816,-0.039160367173558204
1303.0,-0.10680709047356718,-0.0415957658316132,-0.02047234441467055,-0.01873360844240689,-0.055938318916279095,0.17452543562050962,0.10790338575408279,-0.17767086403444993,-0.07379363927288742,-0.07206809086624523,0.043618198752381494,-0.06623776863588943,-0.08126750400856814,0.07829050010823438,-0.33618899541781166,-0.1090579148778772
1304.0,-0.10972774442784106,-0.016924114591435738,-0.055424179295283135,-0.0625956997391556,-0.08151392617588839,0.15300174670553218,0.16658551821681417,-0.17522484252085804,-0.07797197072604779,-0.03599409202418713,0.0034151239939368043,-0.013053148806534482,-0.10454237210644754,0.06305930619375194,-0.35273789877784434,-0.16340663572346747
1305.0,-0.09522920205760634,0.016380119803253445,-0.0787760897944236,-0.10313871265167313,-0.11158198171491368,0.12469616513343589,0.21075500045375273,-0.1723729212225614,-0.07942007443649138,-0.02274477538446468,-0.055961786388238614,0.043851035967362915,-0.12495873023555262,0.02923534619338457,-0.335604101853964,-0.19392793403954628
1306.0,-0.061643581478197124,0.045916067421196034,-0.08363158407422609,-0.13400336613394817,-0.13771158027874342,0.09331711619946503,0.2257251073976806,-0.16732516360758665,-0.07250901440528693,-0.035851588023308095,-0.12412358528556598,0.08652121304881949,-0.134048125261859,-0.01491391355350218,-0.28505090637143676,-0.2008674130410836
1307.0,-0.014735948309476244,0.0582519324522742,-0.06692045244715335,-0.15187622669744763,-0.1509339610564411,0.05871756212517164,0.20323005438766828,-0.15598310015753084,-0.049956076520973634,-0.06300123483575033,-0.18594797052544104,0.10045022544147282,-0.12952779831778347,-0.05923851968345438,-0.20673769026050123,-0.18937135449595333
1308.0,0.034331232337587704,0.04637483918143264,-0.03205458588705608,-0.1572056074598063,-0.14600982987865258,0.01837469066113509,0.1447086499302892,-0.13325688187013868,-0.00742761424981855,-0.08267572417919875,-0.22721309258522662,0.08065830064808453,-0.11644295873006694,-0.09401270153434697,-0.1117467802198168,-0.164415810780147
1309.0,0.07366753036013945,0.013504919695130194,0.011177278585860597,-0.15307322607711196,-0.12384076175846963,-0.02871846554692284,0.06083085967169651,-0.0956448663154668,0.052071527730684394,-0.07590316722267301,-0.23811994322682487,0.03328594011169065,-0.10249691190640477,-0.1111708925901911,-0.016259385722525267,-0.12948872346088572
1310.0,0.09495611465147674,-0.02837762148017815,0.0499579273568541,-0.14347107000812612,-0.09121520390064487,-0.07876658815644001,-0.03143219123141124,-0.04464621685876874,0.11786375271490845,-0.036740951354277095,-0.21528110163977868,-0.027381009801116685,-0.09134632812430861,-0.10593828576657228,0.05998768400869329,-0.08925747571412937
1311.0,0.09562558059320672,-0.06427872511870446,0.07354082899960371,-0.13192881567078926,-0.05805439042568471,-0.1235397146705994,-0.11263376033198692,0.01181220876485546,0.1754566163610949,0.024137403745845457,-0.1635236350273938,-0.08466083779237168,-0.07974829501523965,-0.079223797012327,0.09836641724024264,-0.051306924465809825
1312.0,0.07879523496316823,-0.08281725130548685,0.07674692421280203,-0.12063347767244083,-0.03361296009379426,-0.15379733914403218,-0.16488385126526517,0.06263598666533544,0.21186042574775174,0.08480646598371715,-0.09625723183368433,-0.12492011582811154,-0.06025735101485882,-0.03864416734015554,0.08831543485109504,-0.02354880324670875
1313.0,0.05135206509523672,-0.08000627692509858,0.06019336348889983,-0.10990668704372084,-0.02359579691992401,-0.16288658746962886,-0.17594343034385562,0.09942617217331176,0.21970248359058311,0.12337202476165186,-0.03219260681710289,-0.14036797346414503,-0.025809779085791143,0.0039673803966329396,0.032493229631589196,-0.009182506715175748
1314.0,0.020758771210642315,-0.05899441825613068,0.02879515603735391,-0.09830912974489059,-0.028902304553989133,-0.14900174822607018,-0.142927598685069,0.11953379175677793,0.19877028451697454,0.12857374248500128,0.010984303215539722,-0.12954335759924754,0.026957883101008058,0.037273615154426745,-0.05327617204108323,-0.0038197359721889802
1315.0,-0.007897414476188335,-0.027176797181280684,-0.009590579779578981,-0.08370322225944316,-0.04561318852878905,-0.11592979276617116,-0.07413269532198265,0.12432026701666046,0.15483288398593678,0.10388628561507518,0.022881940001448452,-0.09695793025958926,0.09596304585204843,0.05383821762044443,-0.14542193556252955,0.0023062737404449633
1316.0,-0.0327700518992755,0.007236766683877441,-0.045376144879907175,-0.06480863456312783,-0.06615034558283592,-0.07223453407714332,0.012547442382695404,0.11596290798063509,0.09679888110554895,0.0637389501518757,0.004043548692727928,-0.051769353566150894,0.17397757582048176,0.050727013899278216,-0.22066376003846058,0.018418590857481133
1317.0,-0.053721339432880905,0.03764751147909848,-0.06928353581419243,-0.042148747731868164,-0.08173007391137294,-0.02915144966887675,0.0944368278210765,0.09645480192968768,0.03385526155558363,0.025298507775767955,-0.03407194945534872,-0.004747761321393283,0.2507444418264803,0.028880806920823007,-0.26281289920097006,0.0475511560611873
1318.0,-0.07017796322221785,0.05991346345313324,-0.07538337756394554,-0.01782640943798536,-0.08531201995676573,0.002790714219344076,0.1503526473136337,0.06886824244056453,-0.026403473425105572,0.0011094596129841688,-0.0725518648888265,0.035460613014471024,0.314302775868394,-0.006971153936999518,-0.26610102601621266,0.08379600099062944
1319.0,-0.08032297906964257,0.07194504486403311,-0.0637424881494406,0.00543668479589838,-0.07368446937189402,0.018161166809789964,0.1664354904221886,0.03839110405971044,-0.07884455545955914,-0.0043789765958162545,-0.09099873351514735,0.0647513479307924,0.35119468581829766,-0.048301838909237754,-0.23516255624756122,0.11320650260437329
1320.0,-0.08205702431563514,0.07267033667175972,-0.04059281886646323,0.025356325023762238,-0.048157223329784,0.01988298690400195,0.14009965542879727,0.011233533106120071,-0.1212536757485447,0.0052026585852507435,-0.075050235249333,0.08350474191038602,0.3492503273030958,-0.08427662193327422,-0.18218510382757064,0.11916307533269899
1321.0,-0.07485060976422613,0.06086495618689833,-0.015347469400157354,0.04081241912237348,-0.014127678380123472,0.018736593912081698,0.08068331783183728,-0.00794779752749105,-0.15452369973779262,0.020298443319324004,-0.023332169822629194,0.09433898895774433,0.3037643495976239,-0.10489352904463177,-0.12186604223591249,0.0913172079961177
1322.0,-0.060881239664176974,0.034573312064416585,0.0034922471503140255,0.05192755677486818,0.020357761868182958,0.028508285821188785,0.005822002594714076,-0.017984838156782163,-0.18149892922022273,0.02909988304106423,0.05010091862479996,0.09936483660684586,0.22212666292507707,-0.10431111291265356,-0.06648592376878004,0.03281855940017922
1323.0,-0.04420055679061271,-0.007653516895129151,0.01078598892145124,0.059553449715759266,0.0468075955365681,0.058706671827722746,-0.06524276128868742,-0.021173132093137835,-0.20407196232663596,0.02196198557459101,0.12042731251415083,0.09874968176036794,0.12262609752004824,-0.08297118624510716,-0.023629055761430907,-0.04007409900512628
1324.0,-0.028632446813477416,-0.06327769246391232,0.005334967569004672,0.06451180097094422,0.058540132907458624,0.1087807639002351,-0.11799396811939285,-0.021357927824728454,-0.22072507066278227,-0.004895422896654121,0.1622263247035314,0.09083278566045057,0.028159560239986618,-0.047706665069120226,0.0036288862857537492,-0.10572096847381592
1325.0,-0.0164409389279458,-0.12231398850865559,-0.010101143304918457,0.06677774758353376,0.052456102167480846,0.16739723908906112,-0.14565632129761197,-0.02115046923823456,-0.226956853248201,-0.04767923254878507,0.16037646787630086,0.07334375724713439,-0.04163363253794499,-0.009537402274752974,0.01600405908179623,-0.1460206093519884
1326.0,-0.008591891263636858,-0.16798072982956566,-0.029431013822664043,0.06498265500658386,0.0300237117790162,0.2170262014280579,-0.1486349338236823,-0.020014434603143682,-0.21810505339847777,-0.0958212871468912,0.11626609924309209,0.04586573968220144,-0.0763504641889645,0.02025227593609769,0.01735928272187476,-0.15128333172058933
1327.0,-0.005586603695539524,-0.1832638743184858,-0.044670902536529535,0.05711299958932938,-0.0030059251757735697,0.24086689911565246,-0.1323158180692263,-0.01492977062550617,-0.19213684550261773,-0.13526626577900103,0.046097172726641454,0.012682748981171625,-0.07692261020443639,0.03438996060538764,0.013314621572170806,-0.12104742903899576
1328.0,-0.007665090174854409,-0.15997151753401867,-0.047122802330071205,0.04265095920295001,-0.03824469035079367,0.22835009116949312,-0.10500385207460346,-0.0033968330842010417,-0.15104649883393623,-0.15370443820199076,-0.027394384919521526,-0.016835760932405148,-0.05403935429741942,0.03234023918234949,0.009205715960289714,-0.06340939399088348
1329.0,-0.014367396127441836,-0.10378864960033693,-0.02876351742226396,0.024631556538742244,-0.06703298008258282,0.17737384554201135,-0.07585765767304542,0.014293636229278131,-0.10097929757212443,-0.1458795131237557,-0.08476091487513072,-0.03197890933865786,-0.024172333964978032,0.01963940744474199,0.008729636789178314,0.006896114710908218
1330.0,-0.024280896641273548,-0.0313391033558271,0.014257834596120407,0.009383156727195701,-0.08272054448903142,0.09427921469302196,-0.05188512324065593,0.03604623532938687,-0.0508960187030226,-0.11582626274190888,-0.11594817101625489,-0.026251730281751862,-0.003909204132252082,0.004052176548065597,0.01410406103500958,0.07315100352506645
1331.0,-0.035224739633619495,0.03842806360534548,0.07723294338647393,0.003384841451556359,-0.08211640883213188,-0.006947693829210429,-0.03488067560876272,0.060167746389071325,-0.009403146246573006,-0.07418313788744343,-0.12011898841550174,-0.0007797186479245566,-0.00347138251391713,-0.008646209580843275,0.027268390854475258,0.12277575154838788
1332.0,-0.04450133408804064,0.0920414928450812,0.14574747321642076,0.009214069143949241,-0.06556469411656445,-0.10694185873977169,-0.0208947947218722,0.08509100338968206,0.018871387285192272,-0.03244643429411867,-0.10102223447915856,0.0363688547156997,-0.022292885848442832,-0.01641297527221816,0.05052946598068881,0.1509331307330278
1333.0,-0.04936125560485585,0.1242046126803097,0.19971799151653266,0.02357700046817517,-0.03599873324379287,-0.18646731028015107,-0.0034256684898685582,0.1071697220584104,0.03473707303140654,0.0017301984493616205,-0.06318696747209929,0.07390573527152944,-0.05038524099994269,-0.019497243716288686,0.08479381128559323,0.15938374814538653
1334.0,-0.04790752247365885,0.13619598237179592,0.22081653165055434,0.0389779060504437,0.0018359044847730398,-0.23398965733436206,0.02164347549931753,0.12025990364200868,0.042713020204404165,0.025647886172690045,-0.012150802724502205,0.10125309675144735,-0.07558049460201478,-0.01747717872464348,0.1257331029954122,0.1522205133535086
1335.0,-0.039810367199304135,0.1330594638859719,0.19975950120008604,0.04773695213995033,0.04148185143097916,-0.24999561199799125,0.05297098221441652,0.11843452957809102,0.04751854735296346,0.03972538731124271,0.043817711558360756,0.11078537097500131,-0.09110782534610005,-0.007821590849631138,0.16175331870412266,0.13192676763614117
1336.0,-0.026256208634155346,0.12165901414616521,0.1399061519264117,0.045431239379886,0.07533902152271847,-0.24372324775878465,0.08472070987498262,0.09978102709461271,0.05084709973326212,0.044987294523929675,0.0944227248488757,0.09895324424615037,-0.09729023144055533,0.012334009532606015,0.1778262502180261,0.09838979568311984
1337.0,-0.009534609589890341,0.10936964732483409,0.05565288822091634,0.03206453793811289,0.0967745650371303,-0.22493298250959853,0.11015056585741803,0.06853509725535999,0.049997553547195595,0.04168163732822771,0.13050178989764025,0.06709325801993131,-0.09740039538792038,0.0430066873941988,0.1639829302798257,0.05149208869798813
1338.0,0.007321928293231979,0.10201026463699908,-0.03273019337862091,0.01141278759903457,0.10263753319935831,-0.19857720486606378,0.12444987447804798,0.03400988223621129,0.03945900957581367,0.02957131763425133,0.14685500085995468,0.021283751983918065,-0.09349932748234428,0.07972601145109963,0.12180979218849586,-0.004550612620582252
1339.0,0.02134369344230045,0.10146160134680872,-0.10530326152785478,-0.01059809263515192,0.09414595639902629,-0.16622204156666034,0.1258054150698877,0.006762946353821688,0.015166308432372873,0.00940597244407921,0.1428162962305571,-0.029242709451751867,-0.086032927243332,0.11381065018359392,0.06366958606797488,-0.058724777585129485
1340.0,0.03131789187794383,0.10506834738091311,-0.14839705762740688,-0.028164633908665197,0.07588037636196923,-0.12944028611953096,0.11614767211909455,-0.0058517775890921725,-0.021058665052056662,-0.015537902037152985,0.12111857499372451,-0.0744077304980909,-0.07504378035846776,0.1335395996633712,0.006202097851637075,-0.09559584064865248
1341.0,0.0394296196496597,0.10734028789132675,-0.15885592133999105,-0.037863549108284496,0.05408690581414972,-0.0896005256087942,0.10122065344129545,-0.0023517184718819394,-0.05991614817530466,-0.03906925585508951,0.08654999565520177,-0.10551926930522078,-0.060008043846931564,0.12720286550724844,-0.036254858482048576,-0.10205050047846191
1342.0,0.05083390805905922,0.10256165781519408,-0.14425796783474626,-0.039819214909212204,0.03502812674468786,-0.04589566682050141,0.08805294733465667,0.013063573354381451,-0.08726515191156411,-0.05337518856466791,0.04457150312978931,-0.11746793511554428,-0.03896647621867895,0.08920461292143068,-0.05502961398429483,-0.07391918267651411
1343.0,0.07016634123323556,0.08686815243144679,-0.1183682183693412,-0.03733619192029501,0.023264067037653016,0.003493119341648975,0.08099893241481772,0.03299324145362973,-0.0904364188215332,-0.05154735778082186,-5.430701800548561e-05,-0.11071300275818857,-0.0093020803867045,0.02593659472510006,-0.047982135639006045,-0.01787224792557003
1344.0,0.09697788249809183,0.059129394394874704,-0.0941741870647294,-0.035210151377158105,0.01999235621072507,0.05706075845309005,0.08018084116938991,0.05039042411855024,-0.06563961423314546,-0.030496708768229595,-0.043415706376109746,-0.09138198705230464,0.02931964279577848,-0.04446325129873746,-0.01911900583936978,0.05157239631026672
1345.0,0.12386906140652092,0.021076005351621945,-0.07823573764044343,-0.03726326614456282,0.022579507701307372,0.10667169544607093,0.0834559194595496,0.06170711203447777,-0.02165852250421203,0.006775126044023436,-0.08167306786880173,-0.0680667293201426,0.07240530231097993,-0.09979230622214376,0.02309155840454019,0.11725679271090599
1346.0,0.13928217768976087,-0.022546453748880042,-0.06914904105896268,-0.04428072059551237,0.026285537065376677,0.13883469394069425,0.08897286581179023,0.06789902020499104,0.02401781492206373,0.050997717016761986,-0.11126906425272916,-0.04693771823147142,0.11184509221872505,-0.1238701324577263,0.06832270434714245,0.16492165774209713
1347.0,0.13334323764063039,-0.0641168596697903,-0.060396464059829055,-0.0535305137725054,0.02728844140726084,0.14089749642234575,0.09547116772644643,0.07277790261093442,0.05480957936414656,0.0896926511058485,-0.12999923156583523,-0.02880994473019024,0.14044849349935748,-0.11301993449126688,0.10664084116915595,0.1872821279943672
1348.0,0.10311672122155122,-0.09457014459949917,-0.04520547420836674,-0.059967253751805734,0.024807951141435258,0.10899136614480634,0.10062728459890698,0.0802157793505767,0.06370419195622795,0.11260189402901459,-0.13731082288675867,-0.010306070400720345,0.15540739552050417,-0.07627742390790965,0.13005529283957742,0.18494896688128146
1349.0,0.05440331431159836,-0.10621866213145455,-0.020547405916268788,-0.05832406882888041,0.021152648823776314,0.05269102627060713,0.09976207162830761,0.09198048133739717,0.05559800595010012,0.11622799321748159,-0.13384963533038116,0.012058801568752638,0.15763634948359254,-0.03000063818832721,0.13417700030211133,0.16472620020368445
1350.0,-0.00034305553033919496,-0.09571608208874105,0.011411811359659043,-0.04501265889133154,0.020191771708195715,-0.007412965412897512,0.08661435345743852,0.10670651375206573,0.043220416494839924,0.10444168831154924,-0.12091155080028283,0.038307430805930826,0.1481917151216566,0.010144011454059855,0.12011525045953601,0.13662557997769606
1351.0,-0.0464659593120957,-0.06541306701976735,0.04501424395529871,-0.019160010529767308,0.02509806568099744,-0.04879412306780547,0.05607012741683753,0.1198988363733564,0.039942733991730775,0.08531950631008263,-0.09952897055605137,0.0645003733069512,0.1256292217887087,0.03561655037612633,0.09506313124755189,0.10977183072314226
1352.0,-0.07201710011440846,-0.022237454140113123,0.07475368304697977,0.016793872907395226,0.036078184234803405,-0.0574326766824969,0.007562167364343731,0.1251864108276861,0.052872564438506,0.06703761862416989,-0.06977392673913592,0.0848895495566357,0.08754169040577546,0.04655077674739826,0.06974089873616551,0.08828131288618511
1353.0,-0.07156071206762009,0.025076831635707234,0.09770262666152366,0.05654176020575079,0.04930856497911396,-0.03325028832043421,-0.05250905294873321,0.11686659648960536,0.07895091079885524,0.05504083074089448,-0.0318557636107046,0.09474602636700735,0.03536103022263208,0.048174883363407875,0.05322139246348593,0.07015360987801983
1354.0,-0.047562685975566475,0.06858582667982305,0.112907280657484,0.09047825738232969,0.05822136176946844,0.011928197125658593,-0.11113416424945599,0.0930471949074819,0.10604295445167045,0.050787661830084894,0.011323364235046708,0.09252390510856487,-0.022384292584225057,0.04536681297871145,0.04870210933918311,0.05043661639252027
1355.0,-0.008843356346618236,0.10231348465689362,0.11956938563759027,0.10851523756820507,0.05687142164253106,0.061229972747567175,-0.15257236026201498,0.057927230686623796,0.11897276494373066,0.05203592378634165,0.05291105055790648,0.08077250001158118,-0.07200242858457426,0.03986887581154873,0.05348103429810547,0.02554009356416692
1356.0,0.03283579521609651,0.12224469383525381,0.11664860372916833,0.10424621727407234,0.04354085299523187,0.09947231741404208,-0.16414013317664836,0.021026161438518993,0.10768162804368211,0.05485448960107058,0.08442130323704174,0.06540762161565852,-0.10020277115393185,0.03187655129783382,0.06230034761357549,-0.005110131228646005
1357.0,0.06630172563936639,0.1261031357934725,0.10404159822151501,0.07818236161698174,0.02227398868748123,0.1166493572590926,-0.1412465929185187,-0.007569011290277387,0.07306307380818011,0.056541418468982044,0.10079899667053574,0.05343582630250727,-0.09853826765807568,0.023233384380919583,0.07041847848512049,-0.03997350261257455
1358.0,0.08385572615083588,0.11345436778291285,0.083640351650056,0.03813690380872954,0.00123272508309936,0.10849848242889583,-0.08983370603909563,-0.022995586520986024,0.02708154690018995,0.057716930390696156,0.10425571439013064,0.05010929562681744,-0.06505679212499219,0.018322603260463317,0.07458280375309102,-0.07623723236487316
1359.0,0.08335563930910878,0.08616260802229934,0.058785079969972655,-0.0038702291345026007,-0.011130964122213843,0.07621824095917598,-0.02504471567522844,-0.027869305941892766,-0.012564295852805083,0.06226734602488348,0.10307260853475857,0.05687285753096927,-0.005408750797669337,0.021605742956743713,0.0730987836217945,-0.10949280207817116
1360.0,0.06858369116677437,0.04888755923613771,0.03210675515360183,-0.03679260113657136,-0.009810575174801607,0.02669088742942625,0.034316969990175715,-0.029847314091623074,-0.03012660574444521,0.07495236193365235,0.10596472449103288,0.07081519450020633,0.06688193483786427,0.03412836148567844,0.06619751831336632,-0.13339635612110512
1361.0,0.04707424020108982,0.008657070955285662,0.0036856279934992333,-0.05467353275381691,0.004908179948079092,-0.027654453165640257,0.0733688817706277,-0.03712678283364554,-0.01876044737296657,0.09780159358481474,0.11655226508580174,0.08567272203813361,0.1341208616263023,0.052352887527649876,0.05598002578554587,-0.14105964454292994
1362.0,0.026378530437993045,-0.027340853914391384,-0.028244184719649866,-0.05720635840269538,0.027736026709857923,-0.07144260288166715,0.08617573983048571,-0.05450356481678976,0.015936331828781566,0.1272110291106867,0.13135344213392364,0.09415360954861612,0.18092410625595626,0.07042302983274851,0.044761264545840534,-0.1287389642250022
1363.0,0.01088642972029324,-0.05458148750563445,-0.06420839321415954,-0.04726443818563468,0.05022727027181364,-0.09141909686384467,0.07552861959470406,-0.08094619651926682,0.05806463963125097,0.15350536932229333,0.1412186646516812,0.0906938106652898,0.19860924775689073,0.08354527367144496,0.032524022540413366,-0.09983081489099548
1364.0,0.0006192927913534682,-0.07193622789160531,-0.10062904632897957,-0.028256798893017625,0.06381269639157551,-0.08135327254117779,0.0493550007802271,-0.10933149271322477,0.0887031289554287,0.16382206088248571,0.13511073478278868,0.07348211687317723,0.1861315440768919,0.08932765333803715,0.016132434852103094,-0.06547784134330352
1365.0,-0.00775541766612761,-0.07981559931284568,-0.12977756412362207,-0.0034099296236312433,0.06313938932239427,-0.044589393662589,0.016958615168409623,-0.12917072329943205,0.09436830707875137,0.14743504442702624,0.10546914961137639,0.045081150099844584,0.14910007002657955,0.08645346529033811,-0.008278806642018187,-0.03985719728001771
1366.0,-0.018229185535852795,-0.07850215652775187,-0.14318344511082756,0.023518211041797906,0.048018636902374776,0.006657723800419106,-0.013757507146395571,-0.13173952729228827,0.0723914678013225,0.10108718405748195,0.05323108744582644,0.011337588153311113,0.09693038832011232,0.07322941498725118,-0.04179706011443827,-0.03238586416811844
1367.0,-0.03235211023090194,-0.06850960469729149,-0.13634549034294086,0.04795813110217142,0.023038304042497407,0.05574158200206529,-0.037828518408641064,-0.11489974888094004,0.031334307265736674,0.031794275181997136,-0.010568998989815613,-0.02100342451882414,0.038614760833762335,0.04867337780526362,-0.08112776502884665,-0.04196867109279659
1368.0,-0.04757505415676161,-0.05158394992738102,-0.11089092919421714,0.06565408839100327,-0.004660358016287051,0.08821866565764246,-0.05310299363317778,-0.08465142254295632,-0.013054655152788494,-0.04446508313741377,-0.06822797847960614,-0.0466410595268602,-0.019959376395276562,0.015473350205772311,-0.11976702990912871,-0.057606471290709574
1369.0,-0.058344364571216036,-0.030888387123765123,-0.07259479585247904,0.07439193216877674,-0.028344820561452044,0.09661321803526833,-0.059154154111308074,-0.05236427323726175,-0.04433980507008772,-0.10805270967200763,-0.10217065483912695,-0.06283656983467678,-0.07502632624984246,-0.018494115347179693,-0.15089005967436336,-0.06533802672283077
1370.0,-0.05942630904659228,-0.010648596561385445,-0.028111840275931662,0.07474902510410812,-0.044076019479229615,0.08069719457415382,-0.0567748028589443,-0.029017050589743455,-0.05154811396599711,-0.1428398722224195,-0.10160879700720003,-0.06917785105221935,-0.12165760024894678,-0.042317098484902956,-0.17006828806135763,-0.05668631095144441
1371.0,-0.04945533500081857,0.004675719634079519,0.016075433935529845,0.06916119964019773,-0.05126853649647436,0.04487609404162538,-0.04846665766665069,-0.01956374053996459,-0.03271692017562316,-0.1423768635595987,-0.06655127289077686,-0.06693983333554987,-0.15200388393430153,-0.047047384362517625,-0.17590571059488727,-0.03280280799106362
1372.0,-0.03260823917603903,0.012087499868459643,0.05279285353355501,0.059963533814029905,-0.05132705368573583,-0.004182916421334874,-0.038819925970884954,-0.02102556017855817,0.004882406499035294,-0.11270911302413893,-0.00834095902778385,-0.05894197606772415,-0.15814726780777927,-0.03045816228808485,-0.16820103260835806,-0.0022510359447171424
1373.0,-0.017243074640359075,0.011670030591071563,0.07436937067166353,0.04777369712677889,-0.04578108969175209,-0.05838856732016509,-0.03366492390187904,-0.025693548018747285,0.04749103672012339,-0.0703540936492396,0.0536078883035739,-0.04945154019958984,-0.13820920825370006,0.0016920595020101664,-0.14547275610019028,0.024947846414105895
1374.0,-0.012093908684757595,0.006458202122514771,0.07541351498932866,0.03148820231804629,-0.035502249133077465,-0.10846140248671665,-0.03805580892356264,-0.026634522966046383,0.07968559627296366,-0.03577801218795498,0.0984446693494579,-0.043125910005223464,-0.10034114848265757,0.038812137120914185,-0.10433879993101292,0.04254951706543597
1375.0,-0.022185354593574798,0.0002872208509909906,0.056443261699343716,0.009917502348960862,-0.02122943095915956,-0.14508218425101743,-0.05387322061639748,-0.021029149173781844,0.08998371377438115,-0.025110749186281325,0.11144190314912333,-0.04304251735009343,-0.060626468409001155,0.07057340774256585,-0.04180737920007599,0.04968546112116507
1376.0,-0.046627616978172644,-0.004956872236717167,0.024973782246109542,-0.016634778681304096,-0.0044823555368671995,-0.16100034000238542,-0.07795344962839326,-0.009954221417012533,0.07547469418817784,-0.04386903794991734,0.08897677658657603,-0.04898030926347731,-0.03566033838845016,0.09011686752324742,0.04051339630584477,0.04910412132233806
1377.0,-0.07908398891295715,-0.010605702845360927,-0.007770766867549621,-0.04634779178876858,0.011924636696776212,-0.1526758776582573,-0.10223079280245038,0.0032788739349875634,0.043175141269833156,-0.08548168635485032,0.03876451603450519,-0.05721561378509317,-0.03396303957414692,0.09397685290229534,0.1326738224606688,0.04433212062197837
1378.0,-0.11016424542769121,-0.01982825557948405,-0.032660932467573005,-0.07662361848480996,0.024055331000755496,-0.12057542890047204,-0.11691752016051256,0.014514819786229797,0.0064658666506468045,-0.13523291802835713,-0.024541015098629725,-0.0621719979840289,-0.05166918078886638,0.08099531482017608,0.21592285429041125,0.03761427400846264
1379.0,-0.1303813150456191,-0.03464669612412489,-0.04673370457856536,-0.10406873712482172,0.02780485968645806,-0.06878106020739432,-0.1150869705501184,0.020391622123069775,-0.022234168517319235,-0.1776599116157441,-0.08617216796997695,-0.05927811345943009,-0.07594196528076455,0.05251266142640887,0.26732465365278896,0.0294675401591416
1380.0,-0.1329007812129417,-0.053720057683210636,-0.05284881626224445,-0.12438195464653516,0.020419420639022873,-0.00531983616021508,-0.09554866563525487,0.020505436553044456,-0.03809257046430662,-0.20322198748374617,-0.13686254220756394,-0.047846880289659624,-0.09350063985798043,0.012729025920505935,0.26832841881830183,0.019812888638710228
1381.0,-0.115880518788779,-0.07238622489210671,-0.05613491657062085,-0.13378548738584028,0.0018683952585876115,0.05685359636178866,-0.06266052910680277,0.01827087961385369,-0.04482480362064391,-0.2101043294194266,-0.17416276683131143,-0.03205604184775005,-0.09753667909189832,-0.032708132563961254,0.21334430665547216,0.009316276600223446
1382.0,-0.08361351402188662,-0.08477823189015837,-0.060259886986249726,-0.13129774309233,-0.024844816083604847,0.1012863688686717,-0.024037636450295424,0.018678574170486364,-0.04922935580909132,-0.20096605300994458,-0.1992541965835027,-0.018531624105687733,-0.08942221764134108,-0.07892242851882282,0.11425593950850436,-0.000652410077518776
1383.0,-0.04522682124589074,-0.08670131492215202,-0.06531967817976497,-0.11950761585763085,-0.05472465252614787,0.11417069607655529,0.012206323641150669,0.02412851386442691,-0.05428702131789716,-0.17893898927270377,-0.21224237349347802,-0.011918179351662743,-0.07663453952153036,-0.12272218581027645,-0.0016751622275063508,-0.009301221251620813
1384.0,-0.010970153504200593,-0.07751355927973341,-0.06774178117261011,-0.10306892891057567,-0.08246798589422691,0.09203488855373232,0.03956592904285701,0.03197018719002975,-0.056723124894039696,-0.1462501582850577,-0.20980103718001977,-0.011936547602071556,-0.06876177034409561,-0.16214955817306756,-0.10123370280545982,-0.017392978502924372
1385.0,0.01200668708377675,-0.06007363012769272,-0.062065498348398036,-0.08629012568909576,-0.10392633207088443,0.045343582513048764,0.05412112445987234,0.03609328150182566,-0.05002558014781082,-0.10413424741085739,-0.18667133184945292,-0.013897058703230726,-0.07249339924933679,-0.1956965217678115,-0.15887324547930506,-0.026795487740997832
1386.0,0.021918880352739003,-0.03944452977163848,-0.043668614071815576,-0.07165260716649562,-0.11697702287315083,-0.004452567048425316,0.05454067470656136,0.031035384631530365,-0.029628524093983116,-0.052247444898671454,-0.13913428485583526,-0.011690024116118178,-0.08763703633478001,-0.22149658001773626,-0.1672056339686155,-0.03898554931910049
1387.0,0.02146304071433012,-0.02119717830926313,-0.01106496814672436,-0.05992283512601303,-0.12154910729405914,-0.03305644328724277,0.04200395271529254,0.015165547232548633,0.0030909116101533506,0.01057887524436327,-0.06804210752065722,-0.0011647814284500668,-0.10642862628866226,-0.23661296144007055,-0.13812430328242548,-0.05374823292517561
1388.0,0.015170727954044965,-0.00925317879959495,0.03287257496476093,-0.050886094502618315,-0.11876577437774863,-0.022939324497397332,0.02061073839536714,-0.008658585095238308,0.039948532664972634,0.0828591428878688,0.01912485913157759,0.017489191363297428,-0.1167696853546208,-0.23669049639412626,-0.09451558760847474,-0.06863625231118657
1389.0,0.007628142570590776,-0.0037950552213230275,0.08071838734005127,-0.04351171566989066,-0.10996238919682035,0.029550758252783145,-0.002655967920326338,-0.03419758918628632,0.06876561116192989,0.1573081266072648,0.10762457627166792,0.0391957787518644,-0.10828305909043189,-0.21620899594367324,-0.0581103743001271,-0.07928172498142258
1390.0,0.0032272962750122206,-0.0008345754300988867,0.12153243729914982,-0.03575260233412362,-0.09643312748562147,0.11135340229559497,-0.01970294598415192,-0.053755506094301124,0.07862106324171952,0.22176820068761183,0.17813513279623097,0.05582243595434175,-0.07794534029028465,-0.17024115573690476,-0.04049577780738641,-0.0810098658660528
1391.0,0.00591514856566257,0.005803831280873401,0.143702201881526,-0.02496030316558964,-0.07959611449332643,0.19496795030934266,-0.024371185716563073,-0.060763377739802775,0.06514673376602079,0.2638068314832103,0.21353359462847632,0.05969934795763414,-0.031488313916570906,-0.09802938325718748,-0.04105984132159496,-0.07144817128519022
1392.0,0.01813033750317491,0.021145211844963024,0.13937671055334183,-0.009165142094200704,-0.060693204031100075,0.2473488745008268,-0.014674362875299106,-0.052612086096355794,0.03315433436384235,0.27527011485947117,0.20685283343392166,0.04701378938793878,0.019849694553983034,-0.006021915490409247,-0.05065447256598463,-0.052617002037255785
1393.0,0.0397839272599759,0.04629034852349019,0.10841017940090447,0.011425061994417491,-0.04027987101546913,0.2437210723511582,0.007130195436563164,-0.03238945753674489,-0.005416256335486681,0.2538887888737128,0.16506017720976476,0.019576933061489395,0.06413940957367592,0.09228068910784729,-0.05776783235091016,-0.031124248265161577
1394.0,0.06802657705809675,0.07749634142292104,0.05918857227157069,0.03375514577333338,-0.018472736542430087,0.1790078539606757,0.035868694508697466,-0.008189031216224815,-0.03744270690249559,0.20225528364211579,0.10528141804812072,-0.01578825826456739,0.09231153799290036,0.17945759228946387,-0.05452822533315593,-0.01585275406363383
1395.0,0.09763436999080798,0.10712597382727339,0.0057801792688826886,0.05298517578498472,0.004279118396913564,0.06982974735468753,0.06465870706301975,0.009979745371737398,-0.05478283547774748,0.12648556364124855,0.04610778449058415,-0.05017444453184684,0.09963937716415013,0.23859865841060585,-0.04006834544687246,-0.013530937535054563
1396.0,0.1218290696901073,0.126119155294342,-0.03709005799387328,0.06484487954373697,0.026930088931188614,-0.053117009035358626,0.08583283197721685,0.014217929797904828,-0.05731173465617506,0.03606467341822575,0.0007575718763825432,-0.07617142453737523,0.0858078689654755,0.25777223988593145,-0.019937918552806383,-0.02427041777764326
1397.0,0.13383177500533464,0.12772787539350638,-0.05936084013347041,0.06735151307494511,0.04813457365350129,-0.15671563837802496,0.09248817235574489,0.002074332611279954,-0.05179076656859806,-0.05589739398025629,-0.024305634759662242,-0.08963156536913049,0.054551592734753324,0.2332863287226421,-0.0025534686224816514,-0.04017259182333095
1398.0,0.12918706088522644,0.11104647947301938,-0.059161672343640455,0.060779129067452205,0.06646690126758334,-0.2154928778504306,0.08088965829327573,-0.021863944071069542,-0.0471732654315036,-0.13386106371821593,-0.027652938591645793,-0.08902930262606706,0.012972657938879063,0.17058926664086857,0.005549850458793319,-0.04846013644733762
1399.0,0.107893935182919,0.08190991614823799,-0.042609576423063594,0.04699531973387591,0.0805439786232998,-0.21778506066056547,0.05290174572440699,-0.04714759651348041,-0.04857474892812674,-0.18297387308040872,-0.01132440816714177,-0.07429609058880207,-0.03006537132912202,0.08279704765814326,0.0037975412633954207,-0.037494734620617066
1400.0,0.07507072582036636,0.05030897414428539,-0.020067506646452144,0.02948206330022526,0.08941458262667834,-0.1679575240327724,0.016955691875435313,-0.061764281637886914,-0.05350081908515464,-0.1930066423508917,0.019889536205245816,-0.04678320683885016,-0.06645333335017876,-0.012102070575657282,-0.0015456850830941748,-0.0026485203034711034
1401.0,0.0395613131463929,0.025851037573143398,-0.0015737544419324994,0.013440508878952028,0.09284657566109558,-0.08452407968550182,-0.014117968145330126,-0.057578506358358816,-0.05293204556856821,-0.16229373406883219,0.058396743906598735,-0.009859765558611294,-0.09075648822852009,-0.09467551282928563,-0.0010816779662687394,0.05051674488777636
1402.0,0.010614963299376192,0.013675032016701557,0.006009203337517104,0.004546755014905782,0.09065944281225213,0.005708862913471565,-0.028292096764156373,-0.03370590664530897,-0.036977624731625865,-0.10062512619934393,0.09332877868521654,0.0311046568183791,-0.10012735074126991,-0.14810222822099492,0.011250801676802936,0.10735833346941087
1403.0,-0.006152143289699262,0.01280602749670311,-0.00022529044715065296,0.006338300129078859,0.08157275244293068,0.075573233136473,-0.019897497337232624,0.003473845396743134,-0.002047902705993756,-0.028333343179577322,0.11175371852947594,0.0693938758216967,-0.0936287860602808,-0.16221386423601034,0.0330897114825765,0.14955285590015424
1404.0,-0.010965176840022947,0.017565169721228215,-0.019492836630062522,0.017892038796747937,0.0636783293972779,0.1052458856937742,0.0073407115284719465,0.04273547556572659,0.04511117654171164,0.03035977334491114,0.10346855172738037,0.09758035059828499,-0.0729923692150217,-0.13608987696782524,0.0536208736994898,0.1625985667197413
1405.0,-0.008372600439553336,0.020838539055156265,-0.04751992469875094,0.03361517753312144,0.037254035616771625,0.08812887355661572,0.041121377642313765,0.07190244076952386,0.08995883314956879,0.05722607521276214,0.06699408261704172,0.10850911706919897,-0.043098673293763906,-0.07830547731806788,0.058973624515943235,0.14165691396184632
1406.0,-0.0032906898242272362,0.017212760994114125,-0.07649035735557845,0.04573312506528679,0.007095593923551977,0.03270599186260436,0.06526520080191596,0.08238435961437633,0.11771522344634444,0.04732024909454606,0.011359883378248583,0.09755694930541295,-0.009675055726530274,-0.004748939874801336,0.039769221793616756,0.09253614256163852
1407.0,0.00187476823611214,0.004505218473733854,-0.09622300866574639,0.04837266988752313,-0.018868319755140736,-0.04120427539365098,0.06668953891524637,0.07232004996358013,0.11993943398393161,0.009361135305553069,-0.04827511608308371,0.0656265628177332,0.023835561581189144,0.06563898724854923,-0.0034401559436794166,0.027824088933465944
1408.0,0.007121175149487132,-0.016463969990742407,-0.0977044088599796,0.040780457785595636,-0.03395311710950841,-0.10995517185966192,0.04154226136023026,0.04659614387441263,0.0960421424918429,-0.04006319963337934,-0.09728526820685494,0.02067499195378896,0.05647142393639841,0.11592856981445467,-0.05954582668505477,-0.038615508075837995
1409.0,0.013209891346940363,-0.04252675167516285,-0.0768721039247098,0.027472243332347362,-0.03629434745526138,-0.15365536312811479,-0.0024732043576069307,0.014539206289443411,0.05149178739719918,-0.08375056167845868,-0.12601450228139074,-0.024094563390377646,0.0869489857090494,0.13509195158113463,-0.11115768905529165,-0.09561436136016029
1410.0,0.020807614290318195,-0.06818525845851417,-0.03551945053529564,0.015525387019697901,-0.02900033538895124,-0.16154141937419036,-0.048953579992226125,-0.01307024451117529,-0.0038148357059693263,-0.10876891403214647,-0.1314868053921709,-0.055231874410574526,0.1112557328178186,0.11988967251606628,-0.14105440143506248,-0.13629631121434135
1411.0,0.030494755181740635,-0.08605515002856624,0.020182684530867377,0.011239860403702624,-0.01724547459210856,-0.13382606680203496,-0.07993499942673606,-0.027455079774536973,-0.05699869480475243,-0.1089808554033514,-0.11793226332732851,-0.06480255011948499,0.12357989052984641,0.07540604430535058,-0.1369088684172795,-0.15799721886703277
1412.0,0.04220700064217399,-0.08941199201450808,0.08063372479490798,0.01787583335742887,-0.004670423519810037,-0.07923098317916812,-0.08404207275007948,-0.025375479872633867,-0.09541389646914296,-0.08630721002436144,-0.0957070749942311,-0.05356022277095098,0.12022470996352838,0.014307078953402642,-0.09306106978320759,-0.16142974429325385
1413.0,0.0541281351131683,-0.07601601678445921,0.13308126950936167,0.03489856660274429,0.008273465567480444,-0.009913816596217559,-0.061439729911715125,-0.010374829300688837,-0.11151696836489292,-0.049610128155062924,-0.07705740934090448,-0.029841782161960193,0.10304560338503739,-0.04615866268214547,-0.012071958828288515,-0.14963237324749953
1414.0,0.0626411906541869,-0.04991037567591173,0.16374230384222124,0.05866948960219417,0.023035208516392056,0.06268562399738174,-0.023116345951477976,0.00998052501762744,-0.10678093422412925,-0.010051395493301729,-0.06997222657567619,-0.00520738082053474,0.07930684325235576,-0.08938670232745836,0.09246490190421429,-0.12652216048208625
1415.0,0.06386709071882861,-0.01916221564761712,0.16235154945161204,0.08398895889419365,0.04022387502768052,0.12976198475054773,0.014719087450211596,0.02889565116923085,-0.09170577732318069,0.024581591181409956,-0.07411624642653153,0.010934725365498476,0.05822598532473224,-0.10486627219440019,0.1959244149089627,-0.0950083569217125
1416.0,0.05551989871417518,0.008597393122696913,0.12674931989501637,0.10532090022624967,0.057968422310187104,0.18635523187963923,0.03797831232001506,0.04342529942941956,-0.08084740540696081,0.052383557777004555,-0.0814702420655995,0.01537921458877258,0.04683219408307735,-0.09122804719668073,0.269744131485184,-0.055942353495828386
1417.0,0.03779863690945747,0.029085941740838006,0.06485049285078005,0.11718658154893645,0.07250842930037328,0.23203878730578256,0.04015871961571631,0.054242968575144684,-0.08485540081581289,0.07559215565725337,-0.08093791195392946,0.011819169527762985,0.047439276828464896,-0.0555168551686847,0.2927918509590842,-0.009340444995077989
1418.0,0.01305193949383344,0.0409151569734289,-0.00691528228705592,0.11488481572610557,0.0800364602117377,0.26878418107964136,0.023427068171941172,0.06322276350975468,-0.10380563906680938,0.09702813889842661,-0.06434989808631825,0.007759506813386094,0.05768712427698414,-0.009463402675798498,0.25961611348225766,0.04281491332533564
1419.0,-0.015194824293361149,0.04324907838259427,-0.06793655611716223,0.09673382562904706,0.07841558975449622,0.29592487502535775,-0.0047172607883995245,0.07092197240981206,-0.12597976812751,0.11744736941312439,-0.030936291856096296,0.009568381346417618,0.07281462242194439,0.03509905496198886,0.1812634591433981,0.09469888021507043
1420.0,-0.04296508572127108,0.03447537840640976,-0.09948243490082546,0.06644639956251298,0.06824689163952671,0.30659315476172405,-0.036463801927659384,0.07590944080409749,-0.13335348669086988,0.1351838338930562,0.012282689752062741,0.018751356136134906,0.08877734546676072,0.06974031077174968,0.07975559642552457,0.13746757292878664
1421.0,-0.06616047455746892,0.013381016967539497,-0.09141319548893719,0.03276020112087625,0.05305146671502781,0.29000672964450286,-0.06690327004083155,0.07642003484013243,-0.11093690433811487,0.14776412702740913,0.054530166761996464,0.03154252052426246,0.10455170890839352,0.09092169314106106,-0.019904568455286955,0.16260116515009632
1422.0,-0.08112120698292163,-0.018367330183745055,-0.047046935161711254,0.005782911364937317,0.03829854739614199,0.2387642112714861,-0.09396794586363698,0.07240022507821027,-0.05470202701055172,0.15357935727689906,0.08695049244390542,0.04164754317557869,0.12245541542192975,0.09933921609437175,-0.09660645666303204,0.16602974263735973
1423.0,-0.08569800121362771,-0.055116957428638515,0.01738803268032714,-0.007370331726390405,0.029455157693754924,0.15546720270200395,-0.11633382015266248,0.06573991708016871,0.02596925149953874,0.15199846131383088,0.1064875255780792,0.04429845069884565,0.14612900079952407,0.09753133311609723,-0.13717143942934606,0.15067920803969548
1424.0,-0.08043188313221492,-0.08881617508488412,0.0799518345953018,-0.005018914969070914,0.029763776072024236,0.05388392755459485,-0.1316712083962328,0.058803083411682444,0.11185034500224732,0.1422667016421065,0.11653018085562754,0.03909320269028272,0.17647489511328188,0.08703837620982391,-0.13757297638864258,0.1258891751299696
1425.0,-0.06893054922657431,-0.11174684979131567,0.1228858172123687,0.009012862006737305,0.0386672516179056,-0.04543826882115915,-0.13662455515442284,0.05272141738342473,0.1811820537090639,0.12290750526880828,0.12465112154756397,0.02962323925554223,0.20713381636074632,0.06735268986244262,-0.10243336410966526,0.1036099307714824
1426.0,-0.0563978919678505,-0.11803985658089808,0.13857568543848267,0.027012115986339992,0.05161748384992093,-0.12279885595705553,-0.12783026074555792,0.04643735105962317,0.21731536797136913,0.09306741787095923,0.13824849906540718,0.020361170308778938,0.22371010660403623,0.03794011305072885,-0.04391455575718897,0.09282654479933238
1427.0,-0.046618349406723686,-0.10413299196497829,0.1288204136779058,0.040372280513468396,0.06150101084167763,-0.1676507939597245,-0.10285476458047246,0.0370155634696074,0.21340386296113417,0.055300172263482744,0.15939305688749902,0.013646129279734012,0.21014412772324134,0.0015460528894956185,0.020368915456851953,0.0952043090186794
1428.0,-0.03965888178634365,-0.07036250568726427,0.10075362284184873,0.04334388212029377,0.06127991042625601,-0.1833565923485735,-0.06133958449938305,0.021232576462964073,0.17302226212538113,0.01731447533575535,0.1812974045896379,0.009233652398675178,0.1588151040922985,-0.03457651211946114,0.07153859487374198,0.10452751513088417
1429.0,-0.03233948188462344,-0.023396515963715604,0.06379008072761531,0.03556879754147431,0.046891184179126175,-0.1840481348038293,-0.0065867438064019105,-0.0025324394400488867,0.1080588158100522,-0.009443662695726787,0.18942217500440123,0.006258993090622081,0.07664271127855629,-0.060875488774209584,0.09534357663376605,0.11001715598616044
1430.0,-0.020998809810546443,0.024127760760573103,0.028147095767105636,0.021506764332706818,0.01931541910550365,-0.1849103140358168,0.053804103228412364,-0.03337166656698676,0.03519308035660574,-0.014206033715988357,0.16828500557967566,0.005063181343542356,-0.016615967911639693,-0.06956356524216886,0.08751880993986867,0.10179719260115237
1431.0,-0.004199512087301997,0.05835307087532041,0.0031194509095942547,0.007337944614675555,-0.015131590989112305,-0.19342013632656307,0.10959637914256298,-0.06800346266629735,-0.02855852487817794,0.007669294580453161,0.11044678974033138,0.006833655244773741,-0.09579757038978118,-0.05792412063867903,0.05555659960504689,0.07617079705634225
1432.0,0.01627985650714777,0.07003786013071771,-0.005533790441026298,-0.002137012514047994,-0.04693236748905866,-0.2079788202796879,0.1513526824216943,-0.10115911492860663,-0.07029253673107339,0.05050470839482589,0.021375859169364506,0.01193523995689845,-0.13955020778997188,-0.029339293972568552,0.014908197409902992,0.03812466651132334
1433.0,0.03591587472967994,0.05730561792998698,0.0018941357900563247,-0.004944275698521259,-0.06739507941437736,-0.22325376658112966,0.17368911920699168,-0.1261853136357945,-0.08448302620955414,0.09773752320294575,-0.0827852362029264,0.019101592000684915,-0.1382314225844734,0.00773561952295373,-0.018697072561591366,-0.000689763080896362
1434.0,0.048672639620007785,0.024662370147827566,0.018259358157023373,-0.001826966815172092,-0.07243501353626848,-0.23567904067656423,0.1765139802901999,-0.1367319205765838,-0.07407221997495245,0.1268205393040949,-0.18144021219458942,0.02602560051559567,-0.09795364610089662,0.042275076609710936,-0.036147182904721145,-0.02772073606036423
1435.0,0.049134115752304384,-0.019070142443827286,0.032056748197513,0.004657392292383192,-0.06393377719200576,-0.2436808836573783,0.16408584840060697,-0.12942537417191421,-0.04837953194858104,0.11817171880145605,-0.2552148735430675,0.030244730985232747,-0.03835662009176637,0.06451298695448159,-0.03760008115549425,-0.03556680396516428
1436.0,0.035351465075881786,-0.061763689738736964,0.03294100364203448,0.011110086511197,-0.04827586997928916,-0.2444119238977598,0.14314484130036298,-0.10599719747689504,-0.01832849608113481,0.06325971771173279,-0.2902803620101514,0.02947883949616621,0.01593832704624554,0.06965783611725467,-0.030725685472368657,-0.02479146287232103
1437.0,0.010795603051063323,-0.08915228782217637,0.016931559852002554,0.014068394614561181,-0.033349611691285114,-0.23268580874473632,0.12085406920953964,-0.07348735107178143,0.008198776849281667,-0.03193620464439444,-0.28224580036599706,0.0217683054706438,0.04585943533903235,0.05883515994830406,-0.026187994424623003,-0.002754822239131018
1438.0,-0.01640752440081249,-0.08849918700982105,-0.012314143721198847,0.010845509308916755,-0.025731346449122897,-0.2032950911583138,0.1025998929745374,-0.04265766766173749,0.02820073116592966,-0.14806018384303699,-0.2378512318848771,0.006092844993716848,0.04471788591526404,0.03669249225255762,-0.03257596996815646,0.019977200366951418
1439.0,-0.03712355064526627,-0.05415649254247909,-0.04609293774681786,0.0005176535050449433,-0.02908669624229807,-0.15343122786600705,0.09019462405586469,-0.025352661831564226,0.04200965588440214,-0.2570256502877958,-0.1719345783363348,-0.01675948081732314,0.018203273464206974,0.0080577152874514,-0.05314550959336746,0.03399550743830902
1440.0,-0.045662906075535754,0.008307186026583604,-0.07448486534270117,-0.01552786941443729,-0.04368720485821619,-0.08380564276911527,0.08143911780187188,-0.03077185081089405,0.049970266436293986,-0.32975584159852595,-0.10097790549107856,-0.043919471346392173,-0.021690913253403138,-0.023662638667697862,-0.08562795453247782,0.034599627808858814
1441.0,-0.04215196464326828,0.08240939398387719,-0.08982917243096054,-0.034106510346086825,-0.06649877026411868,0.00041764281377727796,0.07159768299892823,-0.061222466289549,0.05049175989005836,-0.34534710484326414,-0.03715493442603311,-0.07098378388033115,-0.06406049108874831,-0.05549563748602891,-0.1244086463751742,0.022499404956551977
1442.0,-0.03166106778285312,0.14613831690197873,-0.08936674045535514,-0.05141177162039526,-0.09179619409351236,0.08903355271611996,0.056074053395630895,-0.1097690155253277,0.041445457343946064,-0.29830547038778593,0.014517542054634307,-0.09298021188994517,-0.1028920483817682,-0.08274863031663221,-0.16311073824350877,0.001362258619294617
1443.0,-0.021209653142383284,0.180151364827861,-0.07606606725301092,-0.06396148919308355,-0.11244928523843807,0.16818760434952407,0.032692851476111534,-0.1619188629928064,0.023193459824895794,-0.20115590955231838,0.055197502245469626,-0.1055367946108689,-0.13683879562692017,-0.09820867797315735,-0.1958874374485317,-0.024778998105447234
1444.0,-0.016222366953813946,0.17504438856740148,-0.05669245648930156,-0.06943209301649779,-0.12164425843876335,0.22395463022073067,0.002858583562409479,-0.20116980428487172,-0.00016504011092509239,-0.08146153910459059,0.08810454735647408,-0.10621013045797612,-0.1674384531898372,-0.094161014940342,-0.21757911056024903,-0.05168965585963547
1445.0,-0.017851338224175728,0.13482683399697837,-0.03780269457528741,-0.06783412401347123,-0.11472557159063723,0.24627032993433998,-0.028395181735860593,-0.21592659576428924,-0.022610119502306302,0.02655625228566916,0.11418905791553756,-0.09561275099362118,-0.19721695352480087,-0.06643549418506221,-0.22417790116121647,-0.07436688411589877
1446.0,-0.022797530986575505,0.07517362161338058,-0.022025930653741973,-0.06213071270647452,-0.09082899772893704,0.23169306737513365,-0.053963986968175885,-0.20403160686691,-0.03941844557728212,0.09379890757570322,0.13129768543836604,-0.07763045186219737,-0.22787855797055903,-0.018090720314938167,-0.21395697378295211,-0.08882658935927215
1447.0,-0.026015132532139367,0.016687923405860745,-0.007289403047438249,-0.057028650024605616,-0.053731064695301596,0.18467689161022913,-0.0676715159023433,-0.1726033360026453,-0.049201822996066284,0.1066005090800068,0.13693709708091192,-0.05820485193442742,-0.2588303568322345,0.03925638072592054,-0.18838558365630875,-0.09553523225553186
1448.0,-0.024386442968154582,-0.02369329365868099,0.00968952728063716,-0.05648021296074652,-0.011326455027456644,0.11680650306835645,-0.06671753190523656,-0.13403239086009947,-0.05381781647045994,0.07013911962724739,0.1303425136012075,-0.04305683163133617,-0.2861493195896305,0.08726342367982862,-0.15220602294026261,-0.10020212732924169
1449.0,-0.018878619321009118,-0.03851943437552459,0.027714845793772733,-0.06182044491367288,0.026470049940472477,0.04311609792945193,-0.05204087323989584,-0.10059712510587783,-0.057364832424576566,0.00358669787099661,0.11124833364671062,-0.035614177814684116,-0.3021147672344328,0.10638727426335075,-0.11229595540435419,-0.10973581473821226
1450.0,-0.01403510143327527,-0.030714543517736045,0.038552184448353774,-0.07173371094704294,0.05063402535792228,-0.023596563518994484,-0.027619126269908804,-0.08008150669478438,-0.06524069056559445,-0.0691615040398309,0.07841183563196706,-0.03626214667220363,-0.29669932894183293,0.08407268618636951,-0.07532531931660062,-0.1267768160226538
1451.0,-0.015399943654223218,-0.010558122256087417,0.030757867048185276,-0.08371265441321829,0.05539728994837181,-0.07680663457006609,-9.666085135579089e-05,-0.07381260460006331,-0.08262320511952666,-0.127934136294473,0.03183342523210492,-0.043196930442642764,-0.2622340107851612,0.021213956147555776,-0.04548788695144413,-0.14754685933038517
1452.0,-0.026597801360396592,0.009434824757240232,-0.003012607781531312,-0.09565124544311936,0.03968323347323606,-0.11535461985530909,0.022068798501550604,-0.0771113156320398,-0.11191289955560535,-0.16124057306384879,-0.02263105291186712,-0.05437054436869588,-0.19893382153900352,-0.06745701645292289,-0.02376783741935731,-0.16350788333379557
1453.0,-0.047500762004096586,0.01958585687561146,-0.060536357420695665,-0.10618471404825629,0.00783960675001896,-0.13901278546310875,0.03113393178835494,-0.08171852276612553,-0.15012530630572038,-0.16769706035401294,-0.07186596341390632,-0.06892917891305675,-0.11694369329725002,-0.15871035962980984,-0.00879987648819126,-0.1646772507133029
1454.0,-0.07390445464332636,0.015556882789500683,-0.12892463428215023,-0.1136913740504461,-0.03097673302013367,-0.1460315284451794,0.0231457367339774,-0.07944869624897308,-0.18809793310924577,-0.15438058279136194,-0.10070315479235908,-0.08639532343662373,-0.03342715111593827,-0.22819833017378074,0.0013780181674879085,-0.14372570570321483
1455.0,-0.09872909456612083,-0.0023474463599429058,-0.18800519531253115,-0.11541554895898591,-0.06538408849480441,-0.13584095519956366,-0.0006279198376845336,-0.0650524972976216,-0.21319979211526022,-0.1327060162658403,-0.10055673709757387,-0.10441643300136695,0.033356189406332074,-0.2573005572074997,0.007454095879113056,-0.10024463964187598
1456.0,-0.11447907039104536,-0.0310619688686881,-0.21754240456364257,-0.10816866291874631,-0.08575742086522692,-0.11303094311017058,-0.03438156282789125,-0.036935797611938784,-0.21490800346873457,-0.11336572370522058,-0.07456432537511742,-0.11810808932984243,0.07060944124362045,-0.23884188457754107,0.008004898157297193,-0.04282035458679931
1457.0,-0.11601312614510147,-0.06579289504935848,-0.20580580072129503,-0.09051438274819916,-0.08819972317448377,-0.08628428015489335,-0.06944297284800474,0.0030042453223341546,-0.1897074479054209,-0.10255382489186239,-0.03571491127575579,-0.1221124065512211,0.07600039870446126,-0.18024413359963126,0.00046614912432146064,0.013336162592806684
1458.0,-0.10236455080412656,-0.10015320329959167,-0.1552225805379534,-0.06482732370398808,-0.07632879181005854,-0.06257754282144037,-0.09635104681866336,0.0494284272892013,-0.14231247016065673,-0.10109457740915928,-0.0006640799723195436,-0.11322883247150095,0.057950707177798017,-0.10122927759721326,-0.016459191555987945,0.05248256785507654
1459.0,-0.0769826014193017,-0.12660227822703188,-0.08224364802654774,-0.03741459867189536,-0.059144665045398365,-0.043387493154196904,-0.10765547716708451,0.09485596904690874,-0.08329671163664056,-0.10603969879633043,0.0163813264365563,-0.0913237551087879,0.029856647352774882,-0.025972659738588873,-0.040240915698817534,0.06441348495530204
1460.0,-0.04671550535459088,-0.13814391974632717,-0.011648008303885675,-0.01609083720588386,-0.0460618890859129,-0.026397576456607817,-0.10109237418694174,0.13270235587090612,-0.02492548092020822,-0.11268635726794524,0.00793778564755164,-0.05864653212628346,0.0025187035218848007,0.025778847230078988,-0.06369983185243062,0.047033153661987834
1461.0,-0.01982321691264412,-0.1310826720898121,0.03270716409853043,-0.006349627851040792,-0.04221022183658975,-0.009211077690905645,-0.08152876445004899,0.15976754995703246,0.022965259982544513,-0.11590396764820736,-0.02462855453813771,-0.019149238394916435,-0.01934712741789407,0.044449932344835956,-0.0769270401064755,0.005352570698682324
1462.0,-0.0028610244334969113,-0.10724674828995377,0.03760509753045448,-0.008360092754953455,-0.04628940610522402,0.008907582368787277,-0.0599299170447372,0.17631499755348284,0.05557834521355369,-0.11136011727048635,-0.0717235995503997,0.021524979688306713,-0.03586854286747673,0.03287723340232476,-0.07089102773905492,-0.05109423873357716
1463.0,0.0026048416471642025,-0.0738325699561068,0.006381813579709949,-0.01670877506852393,-0.05171713644005479,0.02700442796703387,-0.048945465440579074,0.1844567255343694,0.07340266274971904,-0.09690614522806416,-0.11887760544957474,0.05631473867112739,-0.049214980030204365,0.005425349484927801,-0.04133371545169786,-0.11105350753533229
1464.0,0.0009564525401119491,-0.04054636653674208,-0.04263717479971726,-0.023364192912100467,-0.050279833403734014,0.04250485053911128,-0.05682155084692168,0.18635095205544797,0.07996238489970885,-0.0731950328598163,-0.15148301854566554,0.07838630688726365,-0.0609059298762799,-0.017293621987056692,0.008060222911686859,-0.16372921354344167
1465.0,-0.00012212400835689513,-0.015655025226460336,-0.08508055009333597,-0.02238197503763499,-0.03602266514135356,0.05175484774379656,-0.08294547063637026,0.18311745507366878,0.07840713003605074,-0.042932505345574155,-0.1590885097158,0.08385766911075845,-0.06903247228234714,-0.018018290924026282,0.06549099571503307,-0.19981076723626018
1466.0,0.005977706009263435,-0.003290828598775377,-0.10181608007345495,-0.013369436812465807,-0.007465617106056069,0.05215452504795247,-0.1178436107167523,0.17507841371077124,0.06983168099272029,-0.009324461496818075,-0.13789222608709992,0.0737722272281142,-0.06659851620278268,0.0077890974368341175,0.11608846193956744,-0.2119123226205266
1467.0,0.02175712311435547,-0.0031325869915235977,-0.08585528261944567,-0.0012223286821244413,0.03211253557622865,0.0450436236468486,-0.14763614217324197,0.16304534352699537,0.05478742926454725,0.02543779035943245,-0.09097066328740598,0.05356934219571137,-0.044121336039788225,0.0492612824666914,0.15033255817964492,-0.1953534541631827
1468.0,0.045295383398758646,-0.011614659342498586,-0.04199005187422462,0.007687830145821817,0.07583433799824446,0.036130616862891755,-0.16019895719458038,0.14896233667654402,0.03579223203350605,0.061065722580602076,-0.02684581843663837,0.030250847615011643,0.0030255332639915057,0.08651534937432033,0.1696467537993641,-0.14968152597984508
1469.0,0.07188338885235034,-0.023652075839799423,0.018063908967461434,0.010024407415204866,0.11524597476595026,0.0313411405506223,-0.1499487619557138,0.1349822887471594,0.017693568457384887,0.0986780789461581,0.04236762054711568,0.009428998912691399,0.06795579120629262,0.10210022861662828,0.18380005688093698,-0.08049701241642998
1470.0,0.09601743335604333,-0.034741169947680416,0.08047908938560197,0.007450690164013541,0.14247861242605442,0.031448424308809377,-0.11965620280155415,0.12260658959683478,0.0055775883971103,0.13862088274657094,0.10269836004583549,-0.005493406360324875,0.13302652990815744,0.09054630859289056,0.2014710904761373,0.0002551792509134654
1471.0,0.11264910099116802,-0.0423815399491517,0.13223126064016383,0.005067131976832497,0.1520512051333619,0.031692201861288856,-0.07895434755620824,0.11340186488905735,0.0023067556550588316,0.1782472689631639,0.1406581879234339,-0.01175706303721002,0.17864461898805462,0.060579972529748775,0.22192334052286597,0.07728748499542282
1472.0,0.11775404852002423,-0.04509446053741328,0.1630759394848193,0.008196964128597734,0.14210992825564217,0.02723945482864706,-0.03982117038950006,0.11009749885465783,0.007309177076882368,0.2121960162800709,0.14688686529470957,-0.005598464017504795,0.19351381495953104,0.029024647674262067,0.2349247591948692,0.13715798799437945
1473.0,0.10903861403607111,-0.040177051241288855,0.16770876789779432,0.01993767818269831,0.11499763743514142,0.018880731584928562,-0.01073998519047663,0.11633184405780071,0.017230711239080036,0.23535147331833378,0.12038548934427806,0.016787658665972132,0.17850219130785877,0.010939364076270398,0.22873275233568052,0.17249047418161062
1474.0,0.08723402809840033,-0.02383616693162597,0.14757805266342477,0.04014933833137808,0.07700788303289678,0.014175393014329695,0.007004702725603083,0.1351038008028278,0.028665298038427246,0.2458531470537044,0.07079120704003962,0.055923983269213835,0.14235785001243603,0.012506538545087922,0.1997262258592312,0.18339464150948362
1475.0,0.057394967615793505,0.005599296177251381,0.11075339404424017,0.0654356900289988,0.036940103638688195,0.023945160471341792,0.018416960657009738,0.16686330639623656,0.04147732811866888,0.24590310170200985,0.01591326793731413,0.10660826591731973,0.09454195951706598,0.029703049425179026,0.15647221917041976,0.17616325316150314
1476.0,0.028720477886749515,0.04513912453839186,0.06930223362751953,0.09012560425768859,0.0035828740669530783,0.05600731792246475,0.03043166252350313,0.2080778635989155,0.05938138501510058,0.24057710616958483,-0.02500144029075829,0.15898633301823925,0.041129233166959815,0.05199785608624698,0.11556069292071965,0.160086384477778
1477.0,0.01167541737840953,0.08834762295291117,0.03520807237097086,0.10828949986294392,-0.01665141091090479,0.10836001840497117,0.04756423085670416,0.25093441970592717,0.08640755859623275,0.23588340062472754,-0.03821864206665583,0.20236933484303007,-0.01470290340661286,0.06888681358597586,0.09302217527876197,0.14431238247054132
1478.0,0.013189894071982664,0.1288376458748339,0.016224378168043323,0.11584350789433785,-0.020928409536897084,0.16568314648864232,0.06997632251553458,0.2843009802839887,0.12223791795857027,0.23630108761596721,-0.019445287998820015,0.22873500654294757,-0.06931945382569614,0.07559948771926235,0.09710274273328107,0.13631587873700102
1479.0,0.032834102673172876,0.1621242786627754,0.013071474423723129,0.11156464368646539,-0.010120452901268107,0.20333159634207376,0.09416601849799892,0.2960465517161338,0.16061440748843706,0.24174380814954946,0.025513261028894414,0.2340945377598573,-0.11515777367095567,0.07398190941283031,0.12498280603831645,0.14064230903019406
1480.0,0.06274228612291094,0.18440790580552036,0.01927677230710649,0.0966940730614137,0.011734340699173021,0.1985481841603521,0.11530855055885213,0.2771389256015151,0.19211808753725945,0.2458733220343198,0.08297876803114144,0.21855169967147853,-0.14028639698736076,0.06846414791788484,0.16402971875314626,0.1567108850993135
1481.0,0.09152596147408865,0.19104677427808103,0.023904449337312707,0.07352997644256586,0.03845439676892901,0.14260914212293702,0.12979795805543473,0.22634310254031384,0.20911538892692455,0.23864297955883992,0.13607558648214374,0.18622796106612027,-0.1324264010408377,0.06166946718612018,0.19761572498137836,0.178054751473933
1482.0,0.10962833116279892,0.17791480418004602,0.01618191589926263,0.04401610855090487,0.06311284926202486,0.04636165069546485,0.13651887446922512,0.15214417383847942,0.2094190891529819,0.2126250959995467,0.1700121684516536,0.14459584436616513,-0.08503532393393616,0.05348763394768666,0.21263469797223636,0.19508495160219824
1483.0,0.11284798666039704,0.14509581363167995,-0.009439238934249932,0.009631014671208403,0.07961689555224584,-0.06373319556185639,0.1364923963424989,0.06979787636951865,0.19670288835350497,0.1684627745961856,0.17617268422532012,0.10244377438310791,-0.0011650054555418065,0.04293096323390122,0.20398176554445974,0.19934645953746355
1484.0,0.10249249835658274,0.09932570087476653,-0.04943343104434453,-0.027200796333583306,0.08413075118995084,-0.1559699830407515,0.13201189460069784,-0.004619342841150053,0.17818205784400876,0.11520759951306266,0.15462232089588718,0.0672884964909175,0.10701537472393911,0.030164668706740914,0.17387995201852544,0.18618695366659935
1485.0,0.08316659719532808,0.05265269244783255,-0.09053288086501719,-0.06160541641796163,0.07597055129622828,-0.20426325828455644,0.126238307211873,-0.05917888116694569,0.16126237130258264,0.0655514846356832,0.11440544800230933,0.043818004722409355,0.2216802703611566,0.01751088855971284,0.12783363003307963,0.15549125082859228
1486.0,0.06039289313770375,0.018226053291537394,-0.11373062263224012,-0.08652553420822914,0.05759861742157297,-0.19532308304319304,0.12266067479451029,-0.08774019198061656,0.1505370479913915,0.02939872424001927,0.07055635741143668,0.03374464585225947,0.3232245541026234,0.00922602591174507,0.07107889911110178,0.11187438946541542
1487.0,0.03943921352756281,0.005835601188198478,-0.1022700864728849,-0.09544431551610451,0.03356090508658949,-0.13174049409682875,0.12370170824729607,-0.08943445150885913,0.14625599503432532,0.01001986470499568,0.03852474107309388,0.03645363798424255,0.3939083194910084,0.009661587413979593,0.008539057146699284,0.06448231618064544
1488.0,0.025113353817239604,0.01876737745272444,-0.050078535490911145,-0.08608597599137009,0.008815217873435015,-0.03126950789448956,0.12943503957587346,-0.06859130503172609,0.14520685241990852,0.005354765787476645,0.0290566093472698,0.05005419348445878,0.4222935814841438,0.02031039101067438,-0.052803707903093605,0.025044147629253964
1489.0,0.021197213653560216,0.052355846936230764,0.03402833880862904,-0.06226655621464862,-0.012644248214635551,0.07881674983181715,0.13752813157350333,-0.03515964669276048,0.14333208859953958,0.01308361647050516,0.04603770371851007,0.07224585824042944,0.40711539829833715,0.03796218225285144,-0.10337176987792632,0.0037797547455087946
1490.0,0.028681866740402705,0.09460388255045891,0.12863687283442976,-0.03234699952155142,-0.02812244540289197,0.17124637614631877,0.14378492797765852,-0.0031348893018429912,0.13767629103586446,0.034221312309667795,0.08653550290099843,0.09996546441452869,0.3570569981783756,0.05557351966980489,-0.1340966551250999,0.005021222789787128
1491.0,0.044037710562657595,0.12926118596793457,0.20665396732472127,-0.005447507699052468,-0.03562484866941885,0.22779803409829627,0.14247644392661055,0.013992351247744282,0.12614853750842311,0.07069890110914749,0.14099075616833082,0.12800050673870605,0.28617985437237486,0.06493986663358954,-0.14024395456525054,0.025153097104019178
1492.0,0.05971011162815308,0.14095361816523777,0.2433457515804051,0.012073912752825246,-0.03338798606445094,0.24400205691609328,0.12737933207805918,0.00846408602130709,0.10615829847907565,0.11875004264057722,0.19394807157978655,0.14859836887086528,0.20855404186445656,0.0597314830896608,-0.12280712463542155,0.053863399239591624
1493.0,0.0671743986145382,0.12069634222466685,0.22340366194691733,0.018288548786435908,-0.020396738279023295,0.22745768375224487,0.09469515207028484,-0.019064031088125964,0.07443267292791278,0.16538197903770968,0.22713341429516962,0.15357397280097065,0.13503722930105377,0.03858655975646128,-0.08763673220150865,0.0774218470648551
1494.0,0.06069479076448915,0.06953131974148363,0.14637477576192262,0.015543107963407556,0.0025756884864770696,0.19053406185270433,0.046630837476100945,-0.06061062828180112,0.02934033264709414,0.19250043547806034,0.22493384359015986,0.13786402185347338,0.07305153713400507,0.0075525143850567866,-0.04370073739681107,0.08216481231858817
1495.0,0.03977420815445431,-0.0013230455616614312,0.02934915199783866,0.009013763911219167,0.03249364383317337,0.14302136439774216,-0.007399340082035295,-0.10432391687199341,-0.02545358210128734,0.18559522348156435,0.18056626798140454,0.10212317460560502,0.02842369045872361,-0.020275793262039318,-0.0009648267131441836,0.05790361339356338
1496.0,0.00927694805627708,-0.0740278863734462,-0.09569028273947129,0.004355193928364918,0.06456078141885581,0.09035979779239868,-0.05363922081150474,-0.13816164020129226,-0.07970572021696463,0.14052112711239756,0.10028781007464141,0.052900799594753835,0.006422387871876702,-0.029671148842872412,0.031902825367142736,0.0021282091330510214
1497.0,-0.022910477221060817,-0.13002110741413614,-0.19179068716561823,0.005343418754973175,0.09337674929638125,0.036502219734850454,-0.07967727329118238,-0.15305126796610835,-0.12056679241569299,0.06481341716685637,0.0026356121054867112,0.00055354669027813,0.009565863989170253,-0.011253831241400713,0.0497885648472852,-0.07591142643605385
1498.0,-0.049687891651848407,-0.15599739801779974,-0.23127486075513495,0.012697126253122547,0.11419742084501901,-0.01318768277797385,-0.07985823575863862,-0.14592922183592386,-0.13947962109560105,-0.02574777398734075,-0.08808963729425398,-0.044163582089633224,0.033558839342150044,0.032582055995795875,0.05278812795140514,-0.15513529000133475
1499.0,-0.06774499532370576,-0.14825569006124448,-0.20626878541556667,0.024545521648836735,0.123701767997818,-0.051281214162571635,-0.057599361475051236,-0.12214166642566113,-0.1363274989778646,-0.11284273323625899,-0.1510751891943807,-0.07387433385856988,0.06563648266806728,0.08853146339942336,0.045690389480256256,-0.2094969703994791
1500.0,-0.0777351345598533,-0.11425582345869588,-0.1290857338927393,0.03818684353905585,0.12002011333291603,-0.0699029317526709,-0.02378806359061555,-0.09492706387677995,-0.11826096526455429,-0.1814278576538334,-0.17629404903024504,-0.0874090427001798,0.08851940951303824,0.13943180676279845,0.034806722616522484,-0.21918173343283448
1501.0,-0.08199996394823708,-0.06983203923357756,-0.02396292023626309,0.05213041419810767,0.10250537860846556,-0.06385135245560308,0.007541317657912896,-0.08005969437563272,-0.09510673799146709,-0.22357379598013952,-0.1665381297644204,-0.08999399136760279,0.08897260063410979,0.17190419122180303,0.02479026339744106,-0.1793064142124563
1502.0,-0.08236626455570992,-0.03205438714917571,0.08285342822237696,0.06699470232602105,0.07195737183450943,-0.03345153416143143,0.02419150334751177,-0.0874786221910734,-0.07443386355544972,-0.23871849293907144,-0.13382922046185564,-0.09029050244361007,0.06531627816525852,0.17956160333911836,0.017793166708672897,-0.10119076062248553
1503.0,-0.07972574033234343,-0.011694521657164272,0.16988370614181703,0.08443426556447056,0.0314355843949766,0.014419842649093942,0.019403523944645677,-0.1154243732579722,-0.058768942527820694,-0.23087094235317307,-0.09253647925997294,-0.09579914700054357,0.0279202525449773,0.16159344749141222,0.013607174425169984,-0.007054816283718368
1504.0,-0.07456230366821479,-0.010080155864074609,0.22423559694504255,0.10478168573602116,-0.01298387876298688,0.06726133516321367,-0.006930583166112763,-0.15135779328932836,-0.04610216889152185,-0.20510940217410253,-0.05303138977292139,-0.10908456018133171,-0.007515593985240576,0.12021902308930782,0.009120384917125442,0.07781510581955675
1505.0,-0.06702146128169997,-0.02093110278179689,0.24345522022497343,0.1252228438635703,-0.05267483659071183,0.10965573496301723,-0.048794183636666356,-0.17877204969819885,-0.03270659021177084,-0.16570097691166652,-0.0195359886760751,-0.12672121183197033,-0.028518727578715822,0.06015333038600389,-0.0015841296244078343,0.13245877398176364
1506.0,-0.05684660634757041,-0.034356571274551474,0.2342269829279366,0.14002496805329787,-0.07887144158475624,0.127448913025375,-0.09542895771392801,-0.1855105006867357,-0.01609977672853768,-0.11663470286441635,0.007085988202815063,-0.14135603233693772,-0.03125576529086053,-0.009927579916346536,-0.024582127381382424,0.1455944482215439
1507.0,-0.04419273582154982,-0.041014800752544815,0.20742719725692604,0.1428609948746562,-0.08615589534679167,0.11146423887560113,-0.133886192460124,-0.16930721462309062,0.003422680090021872,-0.06320759424038767,0.02485827571061075,-0.14576511200135675,-0.021544640408232365,-0.07700818460299517,-0.06148732808827619,0.11772421295089353
1508.0,-0.030924005387025513,-0.03595840794331262,0.17231672853930044,0.12993884576632272,-0.07511071168205999,0.059261173674870805,-0.1530743274098339,-0.1381075362265306,0.022794759110629323,-0.012723419995283303,0.028954561232037303,-0.13698094028786742,-0.012162765119103773,-0.12719272167456325,-0.1064438800503875,0.0598456546319807
1509.0,-0.020830284345218344,-0.02116414653301368,0.13335564709997103,0.10227121934861243,-0.052616995055506946,-0.02343711663210784,-0.14800779662432148,-0.10539657704870008,0.03687057383407809,0.02606599331478608,0.014118680531363444,-0.11841326921774424,-0.01710566897494819,-0.15140227485131783,-0.14832623417334767,-0.010185193899673784
1510.0,-0.017818125172234182,-0.005116717936833296,0.09070633048766635,0.06579152027993863,-0.029345066411378625,-0.12092139786689499,-0.12196144320001132,-0.08348324631622557,0.039208650127532205,0.04398599052036353,-0.021419308634493737,-0.09867332845639601,-0.0446883231015147,-0.14862588521858752,-0.1770962592696983,-0.07257269947084176
1511.0,-0.02311398270374375,0.0011188315734833342,0.043276715189452565,0.028932245128951352,-0.01543658718752363,-0.20891920999274755,-0.08501668041218043,-0.07835822417988982,0.023182932154133053,0.03278293195338088,-0.0740623826680354,-0.08749037967383869,-0.09347727689389443,-0.12473725064081422,-0.18960415295834349,-0.11122000009439387
1512.0,-0.033935320628397575,-0.010324776980914814,-0.008004242950580921,-0.0012286366159481592,-0.01659593020449124,-0.261709801402831,-0.0494685417208267,-0.08794809605963937,-0.016045950959880907,-0.012610087839321098,-0.1361006610346478,-0.09059266473047504,-0.15355174176595615,-0.08948530820667604,-0.19124485785414264,-0.11928495678547349
1513.0,-0.04496119993777099,-0.03978126264446268,-0.059084631217661394,-0.021903257502679425,-0.032580457120551,-0.2615917244446647,-0.02458920674674397,-0.10357880199772289,-0.0787169797923676,-0.09100815110706695,-0.19860321419808877,-0.10639521033312317,-0.21150425163621656,-0.054533939481117594,-0.1925205085784991,-0.10278199294461308
1514.0,-0.051424941567464987,-0.07977966732575442,-0.10432421235615678,-0.034701408743601295,-0.058432565469836814,-0.20598167312336843,-0.013576860956100575,-0.11367257705153053,-0.15808205925282046,-0.19248785267944407,-0.25318903152799094,-0.12692314322724865,-0.2563002125325775,-0.03199722895493743,-0.2025798901333002,-0.07958030785244037
1515.0,-0.05146048165051761,-0.11883324198010668,-0.1385212595199865,-0.0430468268379379,-0.08712862471791112,-0.11007623074573887,-0.013698125633538765,-0.10848989062388498,-0.24028398878507815,-0.29805968387448795,-0.2913278005708862,-0.14230697211065185,-0.2838160161623479,-0.03110868067777781,-0.22459326831377344,-0.0722275617816044
1516.0,-0.04601231736057014,-0.1465937614741106,-0.15737514646219483,-0.04899274784430981,-0.11201537968601998,-0.003918680107919283,-0.018645283373366902,-0.08442690752936405,-0.3071537450941276,-0.38252277439648374,-0.3035459753934899,-0.1452770472861735,-0.29754515033672185,-0.053244317899651346,-0.2559569863220725,-0.09654879008132805
1517.0,-0.036659315246893746,-0.15692207335435246,-0.15734234661956042,-0.05193456439026755,-0.1282388226202659,0.07693831132491545,-0.02150899929053194,-0.04612021885502328,-0.34123298412189124,-0.4209469916182572,-0.28210957686085963,-0.13313901865028588,-0.30410711579808486,-0.0895871906803351,-0.29090908805369536,-0.1519184724875541
1518.0,-0.02373749287006633,-0.14780220611932188,-0.13743812416833098,-0.05002947880100918,-0.13328186588534685,0.10488513401921933,-0.017179131628801383,-0.005086885264698202,-0.33163980108468355,-0.39784371818166747,-0.22699384339649759,-0.10774788861535915,-0.3061239576024224,-0.12544794996901903,-0.3218313027674574,-0.21979193862030075
1519.0,-0.006725057293923374,-0.12038244468455289,-0.10268327691639775,-0.04262243552930514,-0.12718315013708834,0.0718067743652773,-0.003799888830017901,0.024750635776055643,-0.27825219339394075,-0.3154430315235175,-0.1504744984855095,-0.07497964150185579,-0.29811918020003386,-0.149272773450464,-0.3392912157046765,-0.27236260008245494
1520.0,0.013613959789627785,-0.07949562703198591,-0.06523410427631371,-0.03133751213757446,-0.1126094719997981,-0.007585671452753561,0.016518139008326424,0.03253088280086347,-0.19169301211985668,-0.19565953727371602,-0.07546441547333756,-0.04398558365416391,-0.2700749034713577,-0.1590742507221223,-0.3333470014011602,-0.2860448663362807
1521.0,0.033386299112846254,-0.034505749120441465,-0.040286754580686236,-0.01919821809871894,-0.09431549384394286,-0.10293659229704952,0.03789211919882063,0.014311881056035865,-0.08964744312511702,-0.07244616187539717,-0.026798791219394956,-0.025324211481538836,-0.2170431884989893,-0.16102899312358246,-0.2974477114184151,-0.25173113643087786
1522.0,0.04593953929360328,0.0027107550163287795,-0.03867521740661113,-0.009013989879896146,-0.07777241991400574,-0.18213224063627284,0.05265720172580991,-0.02606810006744873,0.0076805317347085,0.02247733564872759,-0.019335735828830018,-0.02733114770324651,-0.14627968524272855,-0.16210317915425584,-0.23331047853551742,-0.1772898669958186
1523.0,0.04500074793109138,0.022967551271505158,-0.06100619955968517,-0.0026163186276690876,-0.06729960733838586,-0.2237988484220317,0.05517933636796645,-0.07870309612243927,0.08184282074742995,0.07216843151049523,-0.04926807560949259,-0.0518164631059922,-0.07490912276266874,-0.1633418672220684,-0.15253152891300897,-0.08258701747311226
1524.0,0.02870797386046195,0.024510436832682253,-0.096881346833087,-0.001180273824204965,-0.06433411460963556,-0.22193803757363748,0.045175825964693335,-0.13073149172662568,0.12049489309776758,0.07807983355319975,-0.09457354634862171,-0.09175459233933525,-0.020636923052622887,-0.15923614966952457,-0.07217765187424235,0.009411293174443948
1525.0,0.0013188363095086135,0.013785021488760771,-0.12958742846197388,-0.005435446149001927,-0.06694661277196172,-0.18318175104039583,0.027753267508727565,-0.16996702321065144,0.12050664808978559,0.054077962715949605,-0.12620152187709216,-0.1331837497861412,0.006132006359843447,-0.14294302490599045,-0.007269052095814418,0.08051928763727176
1526.0,-0.02879390417842396,0.0018291748889378934,-0.1439598061731191,-0.015029089682289352,-0.07128243818961566,-0.12203984643752752,0.00999222479816309,-0.18822403389177428,0.08754777937691684,0.016027596797724294,-0.12436177572717472,-0.16102818043756234,0.003870167385499963,-0.11208295287081159,0.03441815634112452,0.12118730808754685
1527.0,-0.05318300496830597,-0.0014864373838008598,-0.13365053645153002,-0.02781890482352584,-0.07375099307300732,-0.0572374112464962,-0.0032896579642716483,-0.1833262328604009,0.032138399969805116,-0.026496607894225928,-0.0894624520497547,-0.16557834009107888,-0.022981135772461133,-0.07005203351214859,0.05337482100431318,0.1306697576225066
1528.0,-0.06652550701069841,0.007945985794306864,-0.10409664920194633,-0.040287418470599905,-0.0721716633708399,-0.007845631934644052,-0.011430427943453893,-0.15893551604180145,-0.034787008652643954,-0.0722080841386703,-0.04038198463340749,-0.14555666460841596,-0.06705448528115485,-0.022577760565734472,0.05671722457955578,0.11516324373696694
1529.0,-0.06746066946478184,0.02742308897791133,-0.06952345444856584,-0.049382866883000046,-0.0657427737986127,0.011740000743178557,-0.016346575278313586,-0.12223613230488004,-0.10365074765501753,-0.12375764885170996,-0.0020927011268942297,-0.106599647465527,-0.11934846360053214,0.026000365135278414,0.05521566503622828,0.08520527589864486
1530.0,-0.057797157643491255,0.049659622791565196,-0.04555902111563474,-0.05479022459126211,-0.05474224978623214,-0.004011886468838405,-0.01956864016000951,-0.08117289639679875,-0.16551189673906633,-0.18097867823172561,0.008340389396555513,-0.0577071528814378,-0.1700547241467705,0.07215190722532944,0.059742464045272586,0.05280430220174095
1531.0,-0.04154731165390102,0.06616195982110257,-0.04140912611360411,-0.05988601127680986,-0.040179416492098885,-0.05015160771162611,-0.02096192093898624,-0.043117013820949714,-0.211502597797036,-0.2368763879879621,-0.010729458086914273,-0.008516307085482422,-0.21037690525659983,0.10911670394884475,0.07775709803282216,0.02810290715413464
1532.0,-0.024196162570886835,0.07007609134489856,-0.055896971967877976,-0.0702900800032472,-0.023265210121516118,-0.11174057088021264,-0.01984715225960485,-0.014459001329191954,-0.2339228187105301,-0.27875375124982604,-0.04678079794908675,0.032324775635809794,-0.23457006581299955,0.12512086529173266,0.10984720495844336,0.016073551298258583
1533.0,-0.011698088445319424,0.05808671155874966,-0.0793591831212563,-0.09048938404004925,-0.005033373364304348,-0.16657920222556907,-0.016938716552569733,0.0006279786269554866,-0.2282708819015195,-0.29308492259971164,-0.08044021312510256,0.05883489782257604,-0.24035693256335833,0.10789873186926265,0.14763631285868276,0.015317750740818441
1534.0,-0.008924633047336105,0.03140865601757539,-0.09909672204081277,-0.1203049004324463,0.013703288979225452,-0.19181312710374218,-0.015296789399466873,0.0022862668998927054,-0.19460996083045864,-0.27076173293181455,-0.09396709446310472,0.06958457518186138,-0.2273367082702197,0.05368118671975221,0.1767254739834502,0.020523397216449
1535.0,-0.018036533851662713,-0.004142353384967353,-0.1041591032940869,-0.15347711577459397,0.03237275284466722,-0.1736576156434816,-0.019230227652919603,-0.0037310486771770057,-0.1373347862376827,-0.20981577503517268,-0.076585976644326,0.06872378229211386,-0.19483815265413584,-0.02562575182446862,0.18546953702341143,0.026836685179249947
1536.0,-0.03754712493438583,-0.03928973509079915,-0.08775838519754373,-0.17977670857836126,0.05056755740518879,-0.11524004223381658,-0.03161759183606911,-0.007256986036398906,-0.06384049028313042,-0.1153711197165615,-0.025895696757779026,0.06482739534698474,-0.1412759142901197,-0.1036092414688461,0.17358095820399405,0.032670899266492325
1537.0,-0.06242888939545476,-0.06406824816095197,-0.048484765318568546,-0.18963515645997375,0.06745515914168325,-0.036650769133190424,-0.05180406449067152,0.0020784147465579294,0.01690204994589047,0.0013977953457656046,0.05245122908256302,0.0668809468412153,-0.066107663418524,-0.1504203540935768,0.15325811629200514,0.03978078150970245
1538.0,-0.08516294276909933,-0.07141492813411576,0.008774659848899458,-0.17818062426090056,0.0811370488914458,0.0346315516453664,-0.07560649560815794,0.029519044862118957,0.09547762238472794,0.12448316089775817,0.1458725933243745,0.07889209778884923,0.0270480966567954,-0.14715181313023007,0.1419056518325481,0.05156595339969235
1539.0,-0.09765528042875216,-0.05924249654078503,0.073257435758,-0.14624647387141768,0.0890668595773324,0.07764393007495707,-0.09661983358263804,0.07240900147316755,0.162961916006536,0.2352023523000558,0.23777896036737062,0.09708819616562529,0.12904575324720438,-0.09374529513874838,0.15223453418018965,0.07012710652829891
1540.0,-0.09380287583891135,-0.029945584245812912,0.13137624331394676,-0.09868293037256513,0.08952526495689574,0.08714244887053846,-0.10764880370235749,0.12193768745776438,0.21193236548360642,0.31578438127597475,0.31196572627789515,0.11262495303222206,0.2267512401627007,-0.006871547461637269,0.18630100765553412,0.09306300940312605
1541.0,-0.07170575083892253,0.010792613067955065,0.1717640802684798,-0.04185876667829339,0.08269778139508054,0.07322996592508595,-0.10258620752120585,0.1677543244471751,0.2376434948634199,0.35360576395572246,0.3566579543760034,0.11777920642928764,0.3063309623797562,0.0883700412874219,0.23558194615407638,0.11260636914233242
1542.0,-0.034294379546314556,0.05408416347210101,0.18981878095246701,0.018235311915342854,0.07041056505763242,0.05318176401403946,-0.07909343339744429,0.2022144942830571,0.2390063014680454,0.34457420134811434,0.3671635876519705,0.11041818443282808,0.3567952913122612,0.1680217195185268,0.28487577724788915,0.11845911751864033
1543.0,0.011762410097410088,0.0882117742587081,0.18878672728609597,0.07663547760154636,0.055308692141736955,0.04055446221535768,-0.040794061414653575,0.22221498233734346,0.21897309391369074,0.2945576057151152,0.3463774680613201,0.0939991584128921,0.3730468741210777,0.2167532249224883,0.31713739744861563,0.10248693772015026
1544.0,0.05787760453702402,0.10180391001778544,0.1760726008734235,0.1286436742469392,0.040367608459423894,0.03793574110121484,0.0030722749131955134,0.22867149371409176,0.1839171784869697,0.21853448265602923,0.30218536655911366,0.07473977010416046,0.3579945487383675,0.23059058924731798,0.31826603722172786,0.06266997356801723
1545.0,0.09511471713589785,0.08891501459539726,0.15722394065562478,0.16848701887731513,0.028321067337809626,0.03831865876957855,0.04099617440087167,0.22481392166357117,0.14159455787532382,0.1372742664840239,0.24312891142332121,0.05864724428252666,0.32226251981655285,0.21441195497407814,0.2820093943312763,0.0052245871583580985
1546.0,0.1154641638121203,0.052341289749244034,0.13255247145368237,0.1893595805752848,0.020614147327768017,0.03367263132271596,0.06356252487582072,0.21438726619914242,0.09845486419965033,0.07174818104688767,0.17582714623938156,0.0492808941557604,0.27976678955156475,0.1771851893403698,0.21341016208454625,-0.05556505160289195
1547.0,0.11337590026636998,0.0032498307064532045,0.09885681526576294,0.18600026410585843,0.016649590044586465,0.023172288552899743,0.06657025129605984,0.20042199582736375,0.05816011871223524,0.036949545049548886,0.10537718665069319,0.04631220640553197,0.24090588027160606,0.12849973575481033,0.12743308939123404,-0.10076302073672257
1548.0,0.08729184695590878,-0.04222253751241418,0.053720803496246444,0.1582166370131328,0.014172463351612789,0.01443689710499111,0.052121918294122285,0.18456610736294657,0.0220020752867861,0.03776426340468816,0.03630083693991882,0.04575659669994823,0.20838931934725727,0.07725396320211875,0.0422932299600369,-0.1136748919409675
1549.0,0.04028176482422949,-0.06827319033003952,-0.0013404186491740807,0.11253737379698535,0.010733650582276178,0.017154226782018316,0.027514964769854516,0.16672713576946893,-0.009651786693541534,0.0685440720464643,-0.028062773554626153,0.042410918229527965,0.1783243972170778,0.03106231427552627,-0.02788369840456565,-0.08770797567964755
1550.0,-0.020091466097991187,-0.06527536369380593,-0.059895513962707196,0.06081785564315428,0.005454469829437593,0.03443847096983657,0.002123705367901323,0.14552688202437747,-0.03568065743698969,0.11611316637557925,-0.08626077595463562,0.033059924440156895,0.14453568124719843,-0.005044995501637685,-0.07638651680023853,-0.030619478158335295
1551.0,-0.08223755147277333,-0.0338643158942247,-0.1113524600297441,0.016595459717486567,-6.25299727724926e-05,0.05942427807044748,-0.016371937361170104,0.11986150466533928,-0.05296304401751736,0.16485683810389623,-0.13697862518617096,0.0181739306847402,0.10278990436625692,-0.0300861007041485,-0.10309076025176102,0.03775434922628048
1552.0,-0.1321982967942732,0.01517636144125479,-0.14374107346948384,-0.009270130056316576,-0.0024323086366762124,0.08003604725641889,-0.024573018307653443,0.09037902995354352,-0.056624471730596274,0.20205062718453873,-0.17581238720238598,0.0011197422456307178,0.05282729720998136,-0.046405845059232266,-0.11184379644794913,0.09300188142753936
1553.0,-0.1570330370215778,0.06569415133189146,-0.14847177835993927,-0.012118573844578259,0.0017637518063747587,0.0873799949378114,-0.02369648509845158,0.0597892238357725,-0.042383526068363785,0.22090253741623003,-0.19465765977902974,-0.014109592693595652,-0.002144521423082718,-0.05620998204812236,-0.10752492270700137,0.11490300263085351
1554.0,-0.14858502143191146,0.10305139456707606,-0.1251471182594307,0.004977337701941993,0.014409487774867735,0.08094156778876968,-0.01764736744687461,0.03220433014051223,-0.009927981045437986,0.21997296573168953,-0.185808170708941,-0.024545434189320998,-0.05705299502913935,-0.05878997845237016,-0.09329769446063237,0.09399415149786707
1555.0,-0.10612772793349394,0.11957785360552216,-0.08324738543987813,0.03227273273232975,0.035099112911642576,0.06767583208256409,-0.009885504909431289,0.011608052224540246,0.035275496489776854,0.2010923825041504,-0.14795485826152352,-0.028286491098944207,-0.10617725837110406,-0.05177571780784784,-0.06915164009214546,0.034404376902288994
1556.0,-0.0373070849346687,0.11661184277841163,-0.03869123260450355,0.057105056501933045,0.06136671341870569,0.05719987681287475,-0.001063859384964577,-0.00033131895758124524,0.08354471255305197,0.16873202183015062,-0.08902460105150993,-0.023951054588444595,-0.14408709757610852,-0.03483335663780988,-0.033145336619659946,-0.04741148830853242
1557.0,0.04320684504686816,0.10281713175741383,-0.00668897877713268,0.06924118700074372,0.08982039561098479,0.05729855950960201,0.010802492051761217,-0.005353648503301414,0.12480373324049264,0.13033528252402252,-0.023282007738705122,-0.01062665993512779,-0.1670361944690479,-0.011411478430356928,0.01506002927863068,-0.12781283918042302
1558.0,0.11771891916458312,0.08949383241850419,0.005042708172962483,0.06518259060702404,0.11725524701168591,0.07139489168577547,0.027742016992699254,-0.007163160835024644,0.15185526067539934,0.09476037698397977,0.03519244516359076,0.011568568906177983,-0.17495042659817053,0.012946431999436282,0.07077620295756165,-0.18339493326087936
1559.0,0.17104785937262384,0.08492507117975312,-0.0008333243975984489,0.04885195841186233,0.14068015756554514,0.09699270097094871,0.04903711348366525,-0.008491183552179218,0.16157546470282033,0.0682731561782887,0.07777387383909891,0.04043536735613439,-0.17287967898542347,0.03319053065863417,0.12323517213526433,-0.19779479431851327
1560.0,0.1951684800879586,0.09074429908227138,-0.013445295507672747,0.02816968542036164,0.1566105068520243,0.12583055039732008,0.07080726089855881,-0.00870109986082545,0.15456297622031462,0.05116589911026909,0.10206102455409863,0.07091557370667627,-0.1693395298372118,0.04580167813164291,0.15810543629064666,-0.16532222467909824
1561.0,0.19089901076394158,0.10196276913611331,-0.019694315208156947,0.009760993612464625,0.16102974935796174,0.14779690383021496,0.0885656295159154,-0.0032876856664205895,0.13423763393661636,0.03828385530009511,0.1091558430815721,0.09610176948426417,-0.17073348813509637,0.04883338528137709,0.16304698315959487,-0.09084185561270153
1562.0,0.16626486086414446,0.10965032824257438,-0.0108368370453032,-0.00445944371442998,0.15067290132189243,0.15675366704465896,0.10049313435196475,0.013739232092078627,0.1056104280858849,0.023380951917768136,0.10085154881994651,0.11019562748859354,-0.17585597440558903,0.04243510324594218,0.13326590126488763,0.01230249706099939
1563.0,0.1324745562950272,0.1046913453608559,0.013741062941676116,-0.016565518482061604,0.12469662836415024,0.15357039194493763,0.10810180077193164,0.044947961301575586,0.07349990340836039,0.004093609006485235,0.07886428187025682,0.11134504713229622,-0.17545587024140644,0.029157012386762923,0.0740040663031229,0.1241952352994458
1564.0,0.09921906534077514,0.08188236595109466,0.04691835020500784,-0.029071554112417654,0.08524174058026808,0.1447820554974481,0.1133891611922039,0.08534219886622327,0.04088743011362757,-0.015776010186329695,0.045945972148179165,0.10233791830425282,-0.15699405317915813,0.012591021282033732,-0.0006149490709804349,0.22068255253427013
1565.0,0.0717973319894115,0.04286198911437429,0.07749677489467505,-0.04203052230410925,0.03664528147027424,0.13856466226671352,0.11526052758515591,0.12283875108045464,0.00919185239073258,-0.027723941332161474,0.007524792159474477,0.08891812583322439,-0.1109188305790859,-0.004669929718187357,-0.07224572318807357,0.27865590632874476
1566.0,0.051677275252354035,-0.004105551618362549,0.09510580866706893,-0.053009344870227744,-0.015671287645358765,0.1398133681327652,0.10881976135235956,0.14360318537547606,-0.019353654209929506,-0.0225908965571355,-0.027711125463457446,0.07668723278763838,-0.03557781862762193,-0.021406772442564843,-0.12592708408550707,0.28409376821387256
1567.0,0.039084503514510704,-0.0473551760655845,0.09404582942815647,-0.0591710973378904,-0.06613361410108991,0.14657537076424024,0.0886262129461903,0.13862318967098342,-0.03990860347509708,0.004706644097919773,-0.0494611674956484,0.06817070603628524,0.06054252937487571,-0.036355365914368644,-0.15669439359532164,0.23841851932854957
1568.0,0.03459171041889092,-0.07635635418764762,0.07445271439911288,-0.059320931116363156,-0.10987995256941595,0.15074884230525284,0.05378952025722433,0.10761262843125237,-0.04612177370205502,0.051277496229372284,-0.04974943341845347,0.06179509159404943,0.1599144000663298,-0.04729875213360152,-0.16997294036771182,0.15859334835536032
1569.0,0.038308784813894284,-0.08607980049628108,0.041225210794631324,-0.0546551024947121,-0.14304887335087324,0.1433386459812477,0.011001923799067054,0.05878537794511158,-0.03355734774665737,0.10468599154683006,-0.027210536801282964,0.05336702191213125,0.240274794587431,-0.05196340060360756,-0.17545585785910012,0.0704414178328198
1570.0,0.047902137708484775,-0.07930881357714009,0.002348660045018161,-0.04798864159433369,-0.16245152809885677,0.12029260249597137,-0.027343789309257616,0.005109567309691665,-0.0032116486645858934,0.14552830975520772,0.011310179736979767,0.03896337841649456,0.2816497647372365,-0.04960909807927718,-0.17975456188462213,-0.0014472504738585086
1571.0,0.057975476089161544,-0.06510426048223393,-0.03326065797469216,-0.041984506525587766,-0.16605632404269682,0.08424380166858335,-0.04930572244819943,-0.04122241163924136,0.037103933233693896,0.15444099595664926,0.0529714529221874,0.017531177739735945,0.2742917749036547,-0.042066913969725846,-0.1835131723473951,-0.04277326159670448
1572.0,0.062122612232218606,-0.05396287094122389,-0.059049721353942895,-0.03762805104669397,-0.1546221619608458,0.04155534367930175,-0.04982141941240785,-0.07323533272470437,0.0744390154627277,0.12054991907045261,0.08383210238061109,-0.008054779573776,0.22319065588238315,-0.033686614405673124,-0.18401764397437229,-0.0536600130170451
1573.0,0.056085066201161875,-0.0525561718716694,-0.07370858139172337,-0.03392041422429631,-0.13249693103678756,-0.0018423956180327985,-0.033007930221806925,-0.09008014870496145,0.0946754538310322,0.04696867616421144,0.09479004161365434,-0.032105343977032984,0.14581452600567488,-0.02958013260530349,-0.17908443898720786,-0.04557513380249797
1574.0,0.03962773504029971,-0.061092271764664745,-0.08092381180921256,-0.028700743927792833,-0.10623734338182562,-0.042437800615164195,-0.009177792948262575,-0.09477962892894241,0.08772521297411977,-0.04916688274112527,0.08604949924504497,-0.049166021423901994,0.06456387928381695,-0.032644276843792314,-0.16830559738702813,-0.032865564820829314
1575.0,0.016719683279307573,-0.07431064465200776,-0.08579143214148799,-0.019919746375377172,-0.08194707922093887,-0.07849096685566646,0.010727037487818636,-0.09128145969774511,0.05288474230799262,-0.14178251389219582,0.0673485006346419,-0.05727575044442826,-0.0016150445977431084,-0.041455538509077614,-0.15227003136962258,-0.02475313354395503
1576.0,-0.0054860076423896,-0.08463874596070657,-0.09075559490451367,-0.006743204009437157,-0.06287517052148917,-0.10848910658642447,0.019716936084732465,-0.08269466998230332,0.0017214181797275744,-0.20392953370914843,0.0537207423490031,-0.058959534714738186,-0.042682585273720555,-0.05052914909197967,-0.13178008137442482,-0.02269121696502606
1577.0,-0.019101919094801485,-0.08541792587579838,-0.09408578848289781,0.009991462541568734,-0.048489135898260274,-0.13053486589045318,0.016340815955062604,-0.07093666755219392,-0.04499323289082349,-0.21653406267118266,0.05880584398201878,-0.05908198263926257,-0.05816878809881301,-0.05261517563014426,-0.10752065424152787,-0.02319807131248438
1578.0,-0.018872155480158758,-0.0731144155131001,-0.09146532919208102,0.028155318656220157,-0.03575811499295964,-0.14345584089489247,0.0033898682618359773,-0.05727481909280694,-0.06666544113890119,-0.1757741630993051,0.08777871658912084,-0.06142894453735667,-0.05351933205509701,-0.041930778593194926,-0.08035619718150064,-0.022487840002556915
1579.0,-0.004388858010149726,-0.04816903343694788,-0.07910418738466198,0.04499610138727216,-0.022097128808770284,-0.1487702661418728,-0.014358461356928063,-0.043455404074827314,-0.05346986235202166,-0.09608027134730633,0.13273063613760425,-0.06663382895631471,-0.03515568166705656,-0.017112519581545065,-0.05217137606397222,-0.019140578977387402
1580.0,0.02005884787646245,-0.014500408972817251,-0.056167865723681404,0.057244276801607735,-0.008155252233459944,-0.150649826588106,-0.03159965815440037,-0.032888905886162216,-0.011267935112580328,-0.005874313907039929,0.17441387143732828,-0.0721345454549727,-0.007772540310807546,0.01747848578149672,-0.02623736051886062,-0.014164838629001588
1581.0,0.04685796843941259,0.02165794570103362,-0.025080796616575765,0.06094304061800751,0.0013632215548562265,-0.1520068589541037,-0.04328221534787982,-0.030630916787071794,0.04135082527963763,0.06276118634246541,0.191243403835405,-0.0733745713804088,0.025167415185239014,0.052918094836269726,-0.006567376681534164,-0.01035206000853969
1582.0,0.06649032102593609,0.0525364746870245,0.00991261627693594,0.0524033055795909,-0.00023424106752140193,-0.1498710517654524,-0.0457220169175088,-0.04137075320674003,0.08060277483023111,0.08503179499899904,0.17034067012595672,-0.06586595925588067,0.059422826583405725,0.07900957311760315,0.0033030386762676147,-0.011992932829839695
1583.0,0.06976084757849076,0.06915792579223211,0.044698592423619544,0.03058106429766048,-0.017099858203672245,-0.13566147430584938,-0.038224731738336265,-0.06630883900084703,0.08606629583354095,0.05063634894991724,0.11326523556855721,-0.04762170080223234,0.08878557921943751,0.08850861860577582,0.0018770572808671988,-0.023864514541493197
1584.0,0.0512878838823959,0.06279548129496734,0.07724538030746612,-0.000981282601311969,-0.0461977240430263,-0.10115008991468898,-0.024096369143151147,-0.10100671761515308,0.04845475668629964,-0.03338601794538183,0.03354898060463669,-0.02060964797160487,0.1061851499955763,0.08054312075422426,-0.008543211368284582,-0.04843391476807854
1585.0,0.012302245779410461,0.028717310129569146,0.10878823550800192,-0.03457934648461856,-0.07611681501671894,-0.044945630510445436,-0.009676288825788967,-0.1362341295012781,-0.02614240972124151,-0.14411201315692218,-0.050955047980505416,0.009671275620448528,0.1064470898908639,0.061267049273572294,-0.02110060919288315,-0.08293150636923594
1586.0,-0.03941427507190789,-0.029414888646033012,0.14249397628680963,-0.06102316657905624,-0.09137297202749395,0.025195629071172284,-0.0015258922126407204,-0.16204699403546385,-0.1182987106789447,-0.24924649229801768,-0.12566684279127968,0.036093301144380356,0.08825952371884681,0.04080085814708147,-0.026333890127450906,-0.11954144061513292
1587.0,-0.09224636508423814,-0.09779995139113302,0.17928693386284913,-0.07291465528628509,-0.08016061422000367,0.09434211241537958,-0.0034744743985945284,-0.1724094025110193,-0.20265854562405758,-0.3176342923577496,-0.18295979506797427,0.05221246777763471,0.053673780429731824,0.028008163302905915,-0.01655112142646892,-0.14903814013040695
1588.0,-0.1342788354874821,-0.15564139656734016,0.21367657761363593,-0.06685489030904561,-0.0405545852919969,0.14468550303136954,-0.014935067107115,-0.16682693238386184,-0.2568569062581806,-0.32998463598764033,-0.2211150777796653,0.054239357139921944,0.006122380454666243,0.026527691090293185,0.01038164925022026,-0.16464175829618252
1589.0,-0.15625941136706342,-0.18281844243953463,0.23350912699388124,-0.043715175838067936,0.018558667544627185,0.16123150470378136,-0.03090740429296452,-0.1484197594208914,-0.2684249356507346,-0.28562093482059003,-0.24110462406293687,0.04262982775609101,-0.05035143697022721,0.034388178223666875,0.05043364393607329,-0.1639477204654116
1590.0,-0.15370994931244417,-0.16856861859377176,0.22530098695379347,-0.007410635804388902,0.08151329747614877,0.1381878756064733,-0.043952111356974986,-0.12116073783904732,-0.2377844143395976,-0.20232675990776533,-0.24476433385906993,0.022929072438567993,-0.10935228098536412,0.046537431392912734,0.09527558258799751,-0.1494688637038996
1591.0,-0.12810515053946478,-0.11601039227628225,0.18235551612471276,0.036232915045150776,0.1318764886726853,0.08352091916234919,-0.04791003095295156,-0.08876618055468355,-0.17681653505130113,-0.10838949381321793,-0.23480676589166466,0.0046345782119269745,-0.16047161374204533,0.057577199549295244,0.1340512423728349,-0.12810538447472752
1592.0,-0.0865649031094059,-0.03987625639130132,0.10949836760844522,0.07958992695853585,0.15755584223729108,0.018436847779796293,-0.04141379275117851,-0.055078584180775256,-0.10368342507478658,-0.029817496416589616,-0.2141117337251044,-0.002462703831464065,-0.1916335427307315,0.0626643479557081,0.15431594951605973,-0.10871092131293918
1593.0,-0.03966966584693261,0.040230803604932586,0.0208025491104846,0.11356770919498328,0.153716822628397,-0.029409267812503866,-0.028430694398338858,-0.02411949525498467,-0.036020871492429406,0.020445448262241137,-0.18357818369875012,0.006859460326104327,-0.19493168689520035,0.05769020362288577,0.14451729364029528,-0.09774851735345294
1594.0,0.0020314536447714557,0.1068104020985347,-0.06662097525234544,0.12974771686578657,0.1238257268078898,-0.037745112439493675,-0.015079046062993203,0.0011365935531186715,0.01464227177632872,0.04524063494404931,-0.1413634787429002,0.02989996341296932,-0.1710959823424561,0.04131777234518759,0.10013596817575811,-0.0950827757866317
1595.0,0.03138712008624527,0.14938181661515534,-0.137356618100709,0.1236166003905774,0.0791026129307657,-0.002393099252199927,-0.00531453946335956,0.01989050657724402,0.04554047111447796,0.057240029124963614,-0.08573873814322414,0.05668219417383074,-0.12935769912616732,0.017975260490810153,0.030428781468870535,-0.09282310934513326
1596.0,0.04626247826893932,0.1666290029782635,-0.1796223019053866,0.09680341977084311,0.035506915266631314,0.0569348328075299,0.0009261253843980298,0.032873586186726624,0.06202049717491257,0.06899285638715283,-0.0196674143255294,0.07464489856778322,-0.08368049753115202,-0.0023274219890303213,-0.041138061106880466,-0.07834791363322292
1597.0,0.04860505936156038,0.1648730968636534,-0.18661389442347195,0.057170529788041796,0.008112429844890752,0.10416536042858547,0.006204455484048208,0.040791032841784966,0.07355437233364308,0.08535672365459593,0.047242555074791616,0.0746227018724683,-0.047852508627665005,-0.008981959195282621,-0.085449618856511,-0.040006888334921505
1598.0,0.04179719854464947,0.15307168431132542,-0.15830342400943664,0.01654835554189941,0.0052164494078233295,0.10532960475976559,0.01269006420698252,0.043608333765540304,0.08782860516346447,0.10249383974614942,0.10186799873943071,0.05467852205407943,-0.030484480526383344,0.0026757317119246245,-0.08043062773143478,0.026801768900663256
1599.0,0.02825479016935744,0.1373941916426383,-0.10216476880805236,-0.013405865715038072,0.02530854710921419,0.0469423329881585,0.02016540376655832,0.04064467401603692,0.10632521326380054,0.11259364874318556,0.13400367446367226,0.019951204660715215,-0.030144337063462718,0.028425507513260402,-0.020826883979870342,0.11531284769394336
1600.0,0.008814436673037735,0.11914053062592181,-0.03125648275751234,-0.025465482673605207,0.05834404991506011,-0.05725460340656539,0.025973197822543342,0.030887947533337238,0.12409973648194732,0.10943671838832586,0.14150259409807048,-0.020613161396000956,-0.03345480924084657,0.05836039613320602,0.07931345992808732,0.20715092758986547
1601.0,-0.01587045328529409,0.09688533500934134,0.03963149448397985,-0.01929062346748186,0.09041229735675836,-0.17453164336825572,0.026847289372846778,0.013817737472226808,0.13329153027066418,0.09087173455750429,0.1304072733695196,-0.05815744151765361,-0.020611790884844567,0.08315654443431189,0.19213892053883605,0.2777301511557774
1602.0,-0.04303828181495847,0.07040605129421391,0.09759071612674791,-0.0015725424551242808,0.10923623674039341,-0.26955568735322494,0.02151871381292965,-0.009080583015294151,0.12758048393510374,0.05836837002394253,0.11007223634079646,-0.0865430197890531,0.022179728019408724,0.09759483978936095,0.28636757761792586,0.3061686843463549
1603.0,-0.06673753404725129,0.04282886315132901,0.13380502036519062,0.016022939056810123,0.10805756248489351,-0.3188509922976531,0.012234350227697727,-0.03292664067892219,0.10492774247399858,0.015824828523385126,0.08666672012300188,-0.10320127658835827,0.09135117775899913,0.09950038521482135,0.3375857750521813,0.28484743350062247
1604.0,-0.07968867851079407,0.019135766213716498,0.14463675972105067,0.021084256838398055,0.08690453124158266,-0.3178073007461067,0.003684103899799997,-0.04980833352851188,0.0677265730948231,-0.0311242705495453,0.05956533060664809,-0.10860879614672517,0.1648391512303265,0.08754992070514,0.3346325034942354,0.22243385200126012
1605.0,-0.07730920683842066,0.0026522623919965384,0.1316455533464189,0.005702000498223709,0.05130480725125769,-0.2797263725321942,-0.00019630105372790018,-0.051935036536215465,0.02158950073441642,-0.0753008400474941,0.02351383159029961,-0.10504408778789105,0.21295782938984495,0.06103838254844448,0.28064022643642744,0.13850662942298653
1606.0,-0.06086236345420463,-0.007172047549974686,0.10005711409509489,-0.029831400374730494,0.009232040188357209,-0.22843088567207773,0.001197138738841463,-0.036174392108896836,-0.025555001030125483,-0.10814528260629365,-0.02482182249566106,-0.0951351364435072,0.2139536195364602,0.02090007567309802,0.18984866709816242,0.05430160041321927
1607.0,-0.03754136161398614,-0.014123638518851334,0.05609601094667283,-0.07702805507012324,-0.0319543426354346,-0.18728308902696394,0.005442366659953763,-0.006619074949576303,-0.06449567792749596,-0.12053692528879643,-0.08106861551168673,-0.08072632296544231,0.1643399961144768,-0.029731191559813012,0.08270279343432115,-0.014148543288433084
1608.0,-0.01754199471590945,-0.02265588894447276,0.004946645720381281,-0.12290319171963694,-0.06689601162485724,-0.1691147012028175,0.009258197149753906,0.02725033788152516,-0.08772846398861496,-0.1051804199998658,-0.1326732359904275,-0.06262135259087784,0.07906205616119354,-0.085371689416472,-0.019230644641099647,-0.057910037602334076
1609.0,-0.009465733399319606,-0.03525308398875017,-0.04917568384360729,-0.1552037472578367,-0.09212369883536085,-0.1717591688189718,0.009942120901479142,0.056056825391417216,-0.09410750300552004,-0.060938596733937256,-0.16443412133150728,-0.04138785309824034,-0.016571203521217878,-0.13794549847905194,-0.09848539788856737,-0.07415153537428788
1610.0,-0.016458252719325925,-0.05126619245939817,-0.10162114801791573,-0.1665686650523412,-0.10604858598277,-0.181063387270699,0.005569943574545769,0.07577975667876152,-0.09182978573455389,0.0027892040293601246,-0.16687252414623752,-0.01869046917982466,-0.09732827558817565,-0.17719566208795964,-0.1464770858583233,-0.06550276264394027
1611.0,-0.035494981533582194,-0.06783654257249762,-0.1468970381097877,-0.15628169149226645,-0.10955135006446454,-0.1791531815153133,-0.004621008303005458,0.08876730108733785,-0.0958910835835818,0.06611190395586235,-0.14201098251281805,0.0021462991047501677,-0.14547619972112405,-0.1931504210865743,-0.1657554406962834,-0.040090313234886016
1612.0,-0.05960761699632447,-0.08202386958979972,-0.17981661111149522,-0.12952333691119816,-0.10585643466168693,-0.15363199085463056,-0.019291644732381215,0.10026998988475136,-0.11935997202903068,0.10608728620872884,-0.10231308515624775,0.017201841916414676,-0.1535149240807376,-0.1808111270949921,-0.16780374196390796,-0.009808283732868663
1613.0,-0.08056887778764624,-0.09219187333171645,-0.1963233036713637,-0.09451581281708993,-0.09894169197899115,-0.10359983155724255,-0.034935752879066084,0.11391594814298239,-0.16343943309064818,0.1081500312061801,-0.06368442171117608,0.023585494224444954,-0.12404586900855066,-0.14413189192681458,-0.16683304229282733,0.01409514331976299
1614.0,-0.09075027741309011,-0.09776866595779234,-0.19353272596228815,-0.05896840362857687,-0.09162081683210466,-0.03943633898597482,-0.04734528400802975,0.1295157739941567,-0.21382296198066067,0.07369170192223339,-0.03773963767817081,0.02011286648194602,-0.06826971267100906,-0.09534425125995988,-0.1727417283866068,0.02546035069021271
1615.0,-0.08493495227254606,-0.098617841576214,-0.171192979750718,-0.02819495217132537,-0.08460696832696754,0.023889674941703385,-0.05295158475692226,0.14400113697035336,-0.24665643153444333,0.01892807492383079,-0.027717714969895512,0.00752423547214066,-0.0022564853077555805,-0.049743370892909394,-0.18684542676419746,0.024580925394669145
1616.0,-0.062314538436489014,-0.09527847379648516,-0.13443903190891215,-0.005498860430517364,-0.07658688130370445,0.0755412096020095,-0.048740800880837,0.15368258527130332,-0.24061178456611904,-0.03348120893492628,-0.029000449816867835,-0.010913039284658782,0.05874990364180291,-0.019647706943723333,-0.20175329445387966,0.016198469536571457
1617.0,-0.027241689366240524,-0.08925515853620115,-0.09357717912692622,0.007231470412324523,-0.06475968590931613,0.11309617281175421,-0.03221849081231433,0.15535403089981317,-0.1880089762776558,-0.06492722913093049,-0.03281242427999339,-0.029702016309035118,0.10431672010311772,-0.01027606258543313,-0.2046099252079637,0.00608428232193234
1618.0,0.012260413766895604,-0.08203662090965762,-0.05885667648607365,0.01008186356423296,-0.04575969501058696,0.13992719103285298,-0.003244063079864734,0.14595287773589896,-0.0991338622958462,-0.0682354635622545,-0.03102042209218132,-0.04338330125795227,0.1286697984843263,-0.01865071819107857,-0.18247652912073617,-0.001707532999680137
1619.0,0.04719860428169565,-0.0737829331672218,-0.03440357333287269,0.005870441789018707,-0.017325156600449556,0.15958079209795492,0.0334364005988019,0.12275334031366171,0.001709308628834048,-0.04889530475783508,-0.02040677889591849,-0.04906906712534194,0.12911096949141235,-0.0359107745179608,-0.12849853932975397,-0.005740278866194328
1620.0,0.06991079714797485,-0.06377241079570979,-0.016667154315204255,-0.00013144971238917172,0.01956042720634939,0.1728476094412089,0.06801556925618475,0.0854040145158802,0.08574261627984256,-0.020189826255337506,-0.004425820138383746,-0.04708102102458958,0.10667807910625765,-0.05181402438258049,-0.046613553487454676,-0.006194140802955619
1621.0,0.07581667479620674,-0.052388209736234315,0.002043849621537368,-0.0016841738918588701,0.05978088194455147,0.17912619854625655,0.08921013489566659,0.03872201024655973,0.13074065784533537,0.0048543813900060965,0.009865652865259169,-0.03961283619661502,0.06839851559886811,-0.05885018548634781,0.04798954851700347,-0.0029882110294532304
1622.0,0.06509735018100685,-0.04205099872667511,0.028315895701609337,0.006159540540625803,0.09598479272020831,0.17937376061537436,0.08992297888961114,-0.006478818371084591,0.12944785879000015,0.020096766340874237,0.018336567602644988,-0.0286881063131221,0.027486187956329837,-0.05412514819919975,0.13391234326365273,0.005351023980534416
1623.0,0.043367850152149744,-0.03547642174229639,0.06362969148002975,0.024725830704129953,0.1219839807403413,0.17737079839890468,0.07145086731899063,-0.03661294070224565,0.09178774392509109,0.027841894288658915,0.023882778244762107,-0.014941023753929188,-0.0007740842540872088,-0.038996545480908855,0.191844779250019,0.02089672750921319
1624.0,0.019798033337817062,-0.03260061650704724,0.10271669111133351,0.050573410543370265,0.13455087648165728,0.17825489412268963,0.04332495097133416,-0.04159906953215781,0.03972752620724762,0.035121824006700914,0.03435943126082116,0.0018647021819323067,-0.005858633601362744,-0.017244183406158062,0.21132455185428117,0.04387525267221901
1625.0,0.00310721868257101,-0.029141943951452826,0.1351710002669888,0.07676495003106655,0.13264275063293973,0.18572109799249048,0.018624789002697536,-0.020360279127375387,-0.0022532715521678373,0.04787962793535315,0.05684546629630616,0.02145421363745787,0.01319824443983492,0.007400209017913055,0.19261701580203075,0.07028402744360689
1626.0,-0.0021457270682993944,-0.018507229439116563,0.15062849924005056,0.09621747905182254,0.11621546659182316,0.19981093749091403,0.0074689038246050585,0.018116159484376927,-0.016109716762715366,0.06718556702265106,0.09268945645880201,0.04247638565718012,0.04831722460536342,0.032994099428491484,0.14457940991796028,0.09178398747276952
1627.0,0.0032691687171973742,0.003974191316552587,0.14475212883471608,0.10506336274907224,0.08661817685751452,0.21635929481297445,0.012363141056509087,0.05902346522193604,0.0047638459366708815,0.0893758970367504,0.13553580467515772,0.06304006865069471,0.08626151217119599,0.0590020004270918,0.08121981441418179,0.09898667168241458
1628.0,0.015317395027922993,0.03719774534883218,0.12148511411351927,0.10410629329922826,0.04792163520424114,0.22851593598049383,0.027775743003302905,0.08842770484767168,0.05521336940746234,0.10867412484261425,0.17283949334776194,0.08141437627287858,0.11235605837852636,0.08398163488767299,0.01794334968295812,0.08640002135610873
1629.0,0.0305195880500421,0.07346628643154447,0.0902053049101912,0.0979147129787006,0.007114744009016112,0.230015029298634,0.043734819378030934,0.09795635473008185,0.12166591017492734,0.11999412512506094,0.19034941394103946,0.09629574542653337,0.11428734401966131,0.10331409473054858,-0.032558656255502354,0.05529192644446637
1630.0,0.04825405866960557,0.10169564498307691,0.06074153891207096,0.09209709910392602,-0.027976362052641392,0.21857202425357922,0.051133121753630585,0.08575209142040038,0.18694861574392477,0.12096649805087459,0.1776671112286205,0.10676663369537914,0.08756857558378509,0.10929839342809214,-0.06392627605353324,0.012765538072581364
1631.0,0.06930364833020086,0.11278651874346426,0.03966093641247729,0.0898348724448238,-0.0520690154516558,0.19663730715326608,0.0459064112717106,0.05525802048832705,0.23475608346798657,0.1127825974645695,0.13236026505531623,0.11223072105729233,0.03983790539690514,0.0945419477146899,-0.07754905641688549,-0.03117057055134511
1632.0,0.09222445798608035,0.10372567822312802,0.029019441028326907,0.08958486537034537,-0.06458153117888406,0.16778338404099571,0.030013878385610527,0.013213749463762737,0.2535768318775463,0.09911630747733187,0.060799950807090816,0.11238926846860425,-0.011081843042421652,0.0570822890705311,-0.08018850662898078,-0.06639807260320357
1633.0,0.11154663741987307,0.07838723102858802,0.027197940127498724,0.08589739233810133,-0.06885805785582502,0.13158630200219368,0.00888461974233158,-0.03282354843455529,0.24002337860337533,0.08325644920955373,-0.024268566463742043,0.10714517880615508,-0.045681352120895684,0.0039022620006691033,-0.07863071980374378,-0.08509562487633905
1634.0,0.11988696922691222,0.04546037194607231,0.030838997556717936,0.07318278197609736,-0.06922498304323634,0.08314471467349077,-0.012451979737089018,-0.07662620949643503,0.2002140067555675,0.06571417963489079,-0.10749428651992539,0.09635021308776792,-0.05249097685661977,-0.0499618326980568,-0.07543089509247117,-0.0844151831265758
1635.0,0.11213797227856906,0.015044784820081725,0.036573568944326014,0.049757482750849825,-0.06806269215751781,0.0189735148979267,-0.031408923045227945,-0.11431610560124911,0.14797148817182113,0.04492473534994759,-0.17395675717328365,0.07952007855412918,-0.03302282789610521,-0.087111998103256,-0.06907011917505082,-0.0689625586579595
1636.0,0.08844152162103223,-0.00477267395424615,0.041616675630652224,0.01932425121725823,-0.06451086243903585,-0.056514954988202824,-0.04726085581642766,-0.14453326093806507,0.09999305253278548,0.020495336447022516,-0.21117047550277285,0.05594520968324647,0.0006484587261281764,-0.09569200679766879,-0.057498341894015065,-0.0506627947066173
1637.0,0.05430840074144091,-0.010588776678010359,0.04362565477742811,-0.010872691976338065,-0.055280565720822156,-0.1302040048020933,-0.059585062358376885,-0.16812660322654596,0.06932495298498724,-0.0046786735027032796,-0.21153354024822388,0.025783386575797727,0.033734857876771565,-0.07488930503006586,-0.04151029343996531,-0.044031997595505634
1638.0,0.01834797554163883,-0.0048972308587854506,0.040803498337730636,-0.033682902488265574,-0.0372887368208231,-0.18546725399758138,-0.06725781438645707,-0.1868266178790391,0.05974376029156303,-0.025975907764645586,-0.17595578359680755,-0.008077236650908018,0.056752162381178646,-0.03448232789813435,-0.025679559275691904,-0.05870724506199074
1639.0,-0.010983078776230504,0.005195978326814951,0.032199220629509896,-0.0450953717338782,-0.010821772274658805,-0.20954976779931467,-0.06844146045973316,-0.2008174459152814,0.06433675156568368,-0.04071158255378306,-0.11622142792061323,-0.03929557411301554,0.06835971645333382,0.010793529003967196,-0.01666766171925351,-0.09408467856430801
1640.0,-0.028254361859047977,0.011883791425179372,0.01790674830705116,-0.045197174713123144,0.019075390570742066,-0.19920490449530115,-0.06150706533791183,-0.20718185946609985,0.06984979068779396,-0.05017826863609534,-0.0524604908883172,-0.06034172587223531,0.07182129634476773,0.04776150093889529,-0.019822679528019468,-0.13947664521934788
1641.0,-0.032544150387396206,0.010808309908662227,-0.00016131050620960278,-0.03718838870962043,0.044315182389047414,-0.16204069173840185,-0.046572884369377114,-0.20128925478979556,0.06454634397601973,-0.05839328365702427,-0.005499095898200797,-0.06662574525761607,0.06899251567139297,0.0687836881490671,-0.03626689830104945,-0.17912781183151452
1642.0,-0.026897300776209426,0.0025176032070496797,-0.01706790390634254,-0.025589956990472628,0.05728145183667198,-0.11308807827765761,-0.026631950742124377,-0.1801858089385623,0.04472933322664272,-0.06892375430963878,0.01180791395047286,-0.059248815327613454,0.05661514912989212,0.07260562627585154,-0.06276597932214983,-0.19854393948837543
1643.0,-0.01613520528035152,-0.0088538729658776,-0.025171597928515237,-0.014470517167493214,0.053724062952402035,-0.06843570318553248,-0.0069805242159858465,-0.145114774742343,0.016476274613577726,-0.08206655522777845,-0.0006523318133932725,-0.044568811485663266,0.026814270290502283,0.06253560251733471,-0.09347040626742535,-0.1888052780120366
1644.0,-0.004580241608503028,-0.017944267908381432,-0.017221115813895755,-0.005963669852087744,0.03391964143042527,-0.03912494865495864,0.006907681231634441,-0.10180736819062156,-0.007634063732099925,-0.09410015585252735,-0.03146458142826515,-0.031274437584249394,-0.028340070276960554,0.04304275793425786,-0.12075250670172748,-0.14818031097301845
1645.0,0.004918118862380842,-0.02078157873824499,0.00898069836224792,0.0002620299402220552,0.0024519239075283766,-0.028177551571492546,0.011367421475256802,-0.059021723988635165,-0.01530133330556997,-0.09904658655773377,-0.06345859378982549,-0.026735804858569863,-0.10947098451531496,0.017182697632032746,-0.13538306719151694,-0.08220642401965154
1646.0,0.01066881602479206,-0.017070639649184476,0.047141662273009484,0.0059311449506689855,-0.03281702536021967,-0.03173613387878412,0.005093323175319436,-0.025779163238327917,-0.002048400096439483,-0.09186754249539965,-0.08081339316528768,-0.034350329372446406,-0.20385333543033524,-0.013217786475315725,-0.12826791482617095,-0.0026026380224287433
1647.0,0.011624530596117486,-0.010504558399929576,0.0831122475576064,0.01235807636052435,-0.06254522616876482,-0.042815840696465025,-0.01141700005350693,-0.007981610406426629,0.024842137270898693,-0.07154883343869649,-0.07439817733154493,-0.05264763754133312,-0.28673685063924104,-0.04538883437279165,-0.09365443760094372,0.07530071579178726
1648.0,0.00750278567496493,-0.006216046444320401,0.10014691352910021,0.019384470710523367,-0.07868830218632475,-0.05471559417219157,-0.036072767362090315,-0.006308640021214718,0.049304883791088494,-0.042472764577347305,-0.0434375582028937,-0.07584721814083711,-0.33188776005565057,-0.07415015386733427,-0.03211028555895458,0.13594465997928185
1649.0,-0.0008145710534580681,-0.0070882367415328685,0.08577737821996988,0.025125569118780805,-0.07765690526292349,-0.06182006645578256,-0.0642777878256441,-0.01685666280329643,0.05502223391604726,-0.012586690467289751,0.006509470269079312,-0.09571273133077235,-0.3250540333483161,-0.09296734333367775,0.047828667096135286,0.16674371176926947
1650.0,-0.011504000761775334,-0.011867797123001978,0.03667415795197961,0.026036387386887183,-0.06196155090896271,-0.05843800592545877,-0.0882280271937004,-0.03374182243781728,0.034179497630101925,0.010874614865974097,0.06705972845088214,-0.10456617927921863,-0.27100553558179014,-0.09668674121641148,0.13039858183577382,0.16075092635348318
1651.0,-0.02274325929243041,-0.01641716929568017,-0.03933939090550854,0.017880317466444477,-0.038761217248727206,-0.038912430153669665,-0.0984080155640186,-0.0515396445232124,-0.009104846213223114,0.024344764217982554,0.12912925454218663,-0.09827311842523018,-0.19042360101875877,-0.08372675493421568,0.19660388187288966,0.11855174229959536
1652.0,-0.0335247534740668,-0.017005430915061254,-0.12392246372815248,-0.001845926801021777,-0.016102795798774376,-0.000648504547711612,-0.08726798687526931,-0.06602558575499134,-0.0628003057933721,0.026816042627431036,0.182878328405722,-0.07768538606282381,-0.11053835612140643,-0.0565620255411586,0.23048000491316337,0.04895053452990597
1653.0,-0.04365841743769322,-0.013314007746376958,-0.19269407471043887,-0.03134940152540693,0.0005700415258927383,0.052077946718285466,-0.0530356322672471,-0.0735000908936372,-0.11475423622857923,0.016823737214272567,0.21758379514650472,-0.047881439483643644,-0.05537179619514956,-0.020730054929414838,0.2247541316829832,-0.0320665516342846
1654.0,-0.05342795920792895,-0.00915478260759253,-0.2237490753932801,-0.06422424919258293,0.009679555138430026,0.1067111955925325,-0.0015562589816601688,-0.07036533502270763,-0.15777587203130755,-0.008137408984739903,0.22381246557436937,-0.015734647178748503,-0.03820130911434283,0.016978242712724426,0.18310167831293866,-0.10453199275983123
1655.0,-0.06377816485638838,-0.010399502736097365,-0.20692041964860272,-0.09214493951059083,0.012474781865147671,0.14528245797040754,0.05501189957618427,-0.05387620539363764,-0.1898040770713644,-0.048894346565019876,0.1974295276655601,0.012541132084932642,-0.0569870831835494,0.050462221361701774,0.11819564556640574,-0.14985509931298407
1656.0,-0.07641380696341565,-0.021171720979321327,-0.1487069242452172,-0.10865895491974897,0.011085052948851037,0.1512365468698116,0.10253463471864852,-0.023182054464806933,-0.21185249877032256,-0.10139523424550416,0.14249311793474895,0.03241715849880208,-0.0947711799101285,0.07567430658054713,0.04686756467667915,-0.15719726533226963
1657.0,-0.09223236996554694,-0.04025960894170594,-0.06947775200285194,-0.11130683400224047,0.007199790883560822,0.11693566142456238,0.13016293695169767,0.020303279527099437,-0.2257008301243223,-0.15563171172200907,0.07067193325114358,0.04100182612400879,-0.12658418084029316,0.09085373494829181,-0.015430328826591372,-0.12798907223195688
1658.0,-0.10875175590028259,-0.06018395764781051,0.005948627596256862,-0.10095525325772549,0.0017350267977143015,0.04751710473087372,0.1333808914764408,0.07264447856831277,-0.23153541095782232,-0.19750398604191913,-0.002612702758323024,0.037144854132218116,-0.13056452337837413,0.09577046957536502,-0.058703194014345275,-0.07519433720586545
1659.0,-0.11968672171271168,-0.07040041373826551,0.058861832399371976,-0.07979364369423768,-0.005057045113316352,-0.04058988905070059,0.11368837926424606,0.1267357832522141,-0.22684948608511663,-0.21307746880612652,-0.06284193136905263,0.021740383296399293,-0.09774249178163785,0.09088045569335715,-0.0799698683406208,-0.016871019774763234
1660.0,-0.11830322050188416,-0.06321960422231568,0.08242010378539706,-0.05043432893297134,-0.013152152044561674,-0.12480054458469342,0.0766179156601781,0.17260338035921463,-0.20791167927688048,-0.19339617103690507,-0.09928549065638428,-0.002314476866131135,-0.035471266056170236,0.07729525265540402,-0.08241701221551138,0.03189512574706514
1661.0,-0.10205072019074275,-0.03870222209956362,0.08037967378475272,-0.01674913638873206,-0.021828532452515214,-0.18275042312812195,0.02998180045054115,0.2001525995477191,-0.17261259761656286,-0.13780973634280388,-0.1061088759235145,-0.030295891559732308,0.03715365806050187,0.05750600922615267,-0.0720274843506477,0.06372757498136504
1662.0,-0.07425652757959328,-0.005369814313134205,0.06114937746817774,0.01534382473279298,-0.02887567623228339,-0.19865247470863323,-0.01745473016945416,0.20353414163698472,-0.12244539601714106,-0.0548889309793124,-0.08316188986465355,-0.05604029679747887,0.0993505304731552,0.03567944238102539,-0.05275653073959495,0.07886451218875981
1663.0,-0.041581875250369646,0.023752911261663803,0.03185492999840796,0.038910975630361784,-0.030847582188484077,-0.16869901218970698,-0.05739616950090178,0.1840023198498991,-0.06293353986201176,0.03928481779419586,-0.03606647268273648,-0.07339952551399945,0.13788717337315085,0.016488975614595624,-0.024383425280427518,0.08205822781503892
1664.0,-0.010069520192025814,0.03750650043976366,-0.004200066641383702,0.04856012899879232,-0.024418338339190267,-0.10368928769730695,-0.08338213566718138,0.14857378071243577,-0.0032179190189344253,0.12541525021192873,0.02557158742361087,-0.0785709050195112,0.14980781530044288,0.002956027577770472,0.01426052540645638,0.07922214811187232
1665.0,0.016741345353909094,0.03173728898475807,-0.046402408799519027,0.042699202430396516,-0.008158026777426169,-0.026476589917384514,-0.0917097941911009,0.10568091402977313,0.04510968982048368,0.18665958331743057,0.09089151145487298,-0.07166297317408547,0.138879313286386,-0.004924167102318807,0.06013426634973539,0.07567796101462146
1666.0,0.03696480570627335,0.0106733812059807,-0.09389626143234536,0.024046537373326553,0.01601921275822096,0.03628004336344654,-0.08236549302978258,0.06177351814077391,0.07087232944746157,0.21319441678956272,0.14968043430482653,-0.056343920415632166,0.11012769022184536,-0.009309593797934368,0.10435616393334107,0.0757910121202388
1667.0,0.04887901962033008,-0.01523762070172047,-0.14319245050716822,-0.0015064212171770738,0.042416658652994335,0.06432907304975453,-0.06028015777525931,0.020715741942974628,0.06783498425929854,0.20399638930868402,0.1933934048121961,-0.03779791841677538,0.0662808711400769,-0.011995129905012192,0.1349815537565985,0.08250140349968327
1668.0,0.051119910990023255,-0.03337315038042153,-0.18741703504138638,-0.026802904066597966,0.06290257543262981,0.05069736907144571,-0.03546531628680923,-0.015069247311825079,0.03873681634643068,0.16611691850597834,0.2162340834362577,-0.0200318762732865,0.008543590461353908,-0.012556013288336576,0.14148714884944866,0.0962689882976645
1669.0,0.044703610026016805,-0.03367567920104742,-0.2170470527755063,-0.04559237100819342,0.07015795936650951,0.0029959460332176177,-0.020026411126391915,-0.04303660473038149,-0.004020444744367312,0.11220556479987442,0.21631030453646255,-0.004058105789563465,-0.05881149886836869,-0.008537090726448857,0.11884765853080106,0.11422050211599312
1670.0,0.03477642745478278,-0.012885968551127077,-0.22264403526462248,-0.0543942888351415,0.06131009649261784,-0.060183523206012994,-0.022425965315506786,-0.05985221519424196,-0.042472180206757235,0.05662612186236514,0.1961600561050768,0.011776769217953481,-0.12517550682143525,0.0028112297146506934,0.06987958206768743,0.1300886819105178
1671.0,0.029738834450322667,0.023536166769662383,-0.19939181190768857,-0.05299165842751092,0.039975558438759426,-0.11644736587641359,-0.042588133934499006,-0.06286294606418584,-0.06066946392996232,0.01118349636659084,0.1621796038158749,0.029650921145189718,-0.176199161798175,0.022191902401496863,0.0049398309466726995,0.13542145843891315
1672.0,0.03718654370654458,0.0629096099659063,-0.1501564902705359,-0.04315972626183626,0.015685397364858304,-0.14807408800144198,-0.07171890030831705,-0.052828070922210396,-0.05185592312741621,-0.01761919711671484,0.12249514306191989,0.05013035117919749,-0.20016046254995087,0.04637330260253996,-0.06052364242099607,0.12270935024723759
1673.0,0.05883600424809842,0.08982075895870277,-0.08431300888830798,-0.026791000011820467,0.00020868413096434397,-0.14825095667170896,-0.09708827308573859,-0.03501190907331783,-0.02143393474480331,-0.02875160302493852,0.08333072006711975,0.07140601906666717,-0.19255766419619325,0.06825769039676742,-0.10978263745664547,0.08971997010175528
1674.0,0.08820805667924299,0.09216679717095407,-0.014032116710827769,-0.005161363800508624,0.0016623495131362538,-0.12201454728785963,-0.10828097999970973,-0.017096817826144226,0.01536712456827874,-0.025399198782368175,0.04561410648849164,0.0898785470721508,-0.15666390960228513,0.07938748379477942,-0.12997679216069363,0.04245104035250052
1675.0,0.11327992695442793,0.06656270720653715,0.04894247947497282,0.019956579250588108,0.019784012824149988,-0.08173080740585563,-0.10103369009744272,-0.005390919116649495,0.03990580032433808,-0.01401097670228861,0.004408213049152141,0.10164241494172513,-0.10137906896994227,0.07346023670941208,-0.11719220447913216,-0.00590669735067821
1676.0,0.12252038659353846,0.02060862246790821,0.09546472911028339,0.044361256403144575,0.04556123626435977,-0.04045058176459858,-0.07706137891238496,-0.0016044337074100279,0.03827329371699511,-0.003452015644222338,-0.047611555114353464,0.10435783004414798,-0.03762027646871354,0.04897854980721103,-0.07818420952474266,-0.04054689835822015
1677.0,0.11041980690991066,-0.02936492552883609,0.12057987376041646,0.06085109211591782,0.06525867237100756,-0.007407195767073114,-0.04114398193806309,-0.001425994881263935,0.007795005219377348,-0.0025990800222409796,-0.11431098119693825,0.09844514560074974,0.026125095248377042,0.00985486716002452,-0.02740305830093525,-0.0524005476632839
1678.0,0.0796627982982513,-0.0643384540511569,0.12415894744720281,0.0615663693727199,0.06646432259634097,0.012823290522980082,0.001471182304153595,0.004190869763016309,-0.041365538802134935,-0.01623683967416488,-0.1918727543998762,0.08676788154181167,0.08687224040697411,-0.03635869335520843,0.01843584881794321,-0.04234053114786766
1679.0,0.03944703892282146,-0.07003796948356282,0.1101757066869521,0.04238165320985118,0.04323642676341302,0.01961387787918881,0.045203170345591064,0.02474130129068399,-0.09071853565290061,-0.041858688598626036,-0.2690104445492355,0.07319460854679032,0.14595386037461752,-0.08137444080670302,0.0455853509598173,-0.01953554431487231
1680.0,0.001042964968097533,-0.04273428703567974,0.08487140978859407,0.006445522380385146,-0.0017672835142234333,0.016521879074613013,0.08289738524089038,0.06485720394791858,-0.1222149539800369,-0.07021052600802885,-0.33064120520790546,0.06105009123627753,0.20405172146120729,-0.11805862753321426,0.047263687554993355,0.003928973599750209
1681.0,-0.027302551551005957,0.009256019527959592,0.05447753771777836,-0.03573162753616536,-0.05854130578592197,0.0116563755001845,0.10616939239283633,0.12109787211696355,-0.12670691076048082,-0.08962690369338325,-0.362382817133453,0.052019654798561486,0.2564342345543724,-0.1411792622751278,0.02568395368443505,0.01789733122972961
1682.0,-0.04358964710786135,0.06926244628636592,0.02352120685725602,-0.07014281367598496,-0.11342081664437484,0.015303665220078823,0.10854281326679506,0.18238896178247077,-0.10723518142522417,-0.09152440660505166,-0.35476001844616367,0.04562846889837671,0.2917286447692066,-0.14871804452026616,-0.009246225770142908,0.016003589214671626
1683.0,-0.051795893737418,0.11937314182468042,-0.005446679444765678,-0.08526049719489903,-0.15377458545313236,0.03486261938270799,0.08968028171967599,0.2337151102665824,-0.07535091029990304,-0.07402253053555231,-0.30676764354686203,0.039577915082699505,0.29509263757731186,-0.14319830653277005,-0.04470214107599219,-0.004591710811825208
1684.0,-0.0584920500748008,0.14749123262395492,-0.0306779950361875,-0.07677204350142688,-0.17168807097209615,0.0710579279099812,0.057449466475721994,0.26146367876727233,-0.043227630977492194,-0.0421703205836485,-0.22726716960735197,0.031045918637866696,0.25493533753622566,-0.13029786130088233,-0.07018180513202486,-0.04301109126959357
1685.0,-0.06867005347776238,0.15099211321938827,-0.049669156951612656,-0.048377460163132956,-0.16504359565672205,0.11828871647035448,0.025287358316755198,0.25793575960777043,-0.017082969115174294,-0.005274170085018258,-0.1328205539673896,0.018088801741951755,0.170286723149785,-0.1148277050095445,-0.08003886047047418,-0.09344669492492823
1686.0,-0.08336625331697368,0.13534270734466677,-0.05906484782748844,-0.008846559234548489,-0.136602648401108,0.1676530102760245,0.005791305610492888,0.22310805026715208,0.003728500918295173,0.027101371697792333,-0.04261118017053422,0.00011304890832809502,0.05464756819801376,-0.09798333875506231,-0.07403962744940915,-0.14530688413475842
1687.0,-0.09971366019555104,0.10919177423335873,-0.05662980072372515,0.032146252898251085,-0.0927454374591009,0.20970755356079818,0.004854568233705525,0.1633864266380774,0.022407678163494038,0.04888010677970593,0.027325841186266787,-0.02235460500804512,-0.06599227903298369,-0.07855949486351435,-0.0575627588965307,-0.1863087034090261
1688.0,-0.11234520270307098,0.08007056605367327,-0.04316741376821936,0.06714454436369863,-0.042074365154272646,0.23578027145721,0.019980039129280324,0.08832207396547695,0.04014390987753241,0.059518102184343794,0.06797841245986305,-0.04775156385812523,-0.16032082083010055,-0.05596297276339372,-0.03974372293142033,-0.2069243294037266
1689.0,-0.11546864143788647,0.053372539044582265,-0.02199048162121713,0.09216200759442666,0.006654344506386651,0.2383997714092878,0.04276475417899011,0.007382107305469632,0.05539945430175597,0.06336515663341037,0.07796955247938196,-0.07343888216107199,-0.2018691641567997,-0.031000880713753946,-0.028335014262047157,-0.20345229859384972
1690.0,-0.10557819367211597,0.03298328166848265,0.0035744252675347023,0.10629795597884856,0.046680477109791695,0.21241487427948633,0.06319556686366821,-0.07113929262738912,0.06629828796984084,0.0666527240169953,0.06199635163512555,-0.09606333298562385,-0.17856378544160117,-0.004211091218181188,-0.02487868819267806,-0.178471485706484
1691.0,-0.08390234305881585,0.02082665173666331,0.03208797120032589,0.11055132791324075,0.07443378715738996,0.1579954947516005,0.07355044774630311,-0.13933590910819285,0.07280338137260751,0.07383049881348389,0.029055631056512432,-0.11232257235915526,-0.09708766684773174,0.02474675279095683,-0.024581947759230477,-0.13927993692866353
1692.0,-0.0567610696768138,0.015555599231803247,0.06346127165407481,0.10669866072633917,0.08957823997323155,0.08399726155386217,0.07076894877802938,-0.1892425764927547,0.07674343016197542,0.08544817030504083,-0.009253781660176067,-0.11966024813789515,0.019809226685180772,0.055005571000464014,-0.020671254424649725,-0.09534699300182588
1693.0,-0.032832791189064785,0.012429618966375055,0.09625641017161979,0.09659854355517968,0.09431031944146553,0.007878095108753265,0.05697598679629536,-0.21421330460885848,0.080223780031142,0.09866051112561366,-0.04132130902598147,-0.11652003243171392,0.14059588641559082,0.08215909711586526,-0.00950367515698768,-0.055522532296344095
1694.0,-0.018605743288049644,0.0051117965631020225,0.1252533297788594,0.08186512237011677,0.09221127998789173,-0.04993212589110448,0.038174879247888344,-0.21167102351699377,0.0845313457014166,0.10963698870259436,-0.05856482579954345,-0.10233692684852384,0.23387527186783455,0.09872135747981378,0.0068836597254504,-0.02607208289908999
1695.0,-0.01501457242916229,-0.011393264868657526,0.14234023489413816,0.06381743574404554,0.08680467681089943,-0.0744882178681707,0.021401898704899995,-0.18534726777692223,0.09069214745680232,0.11629384467802895,-0.05675596341745475,-0.07762606064728504,0.2774807783347908,0.09800463562517757,0.022054796313755096,-0.010090111813528509
1696.0,-0.017408248734119204,-0.03767611888444701,0.14124952772624166,0.04376403248637974,0.08031473448500924,-0.06216711247172016,0.011462135731074274,-0.14508729953999236,0.10022386590558426,0.1198967517372384,-0.034981910641636624,-0.044027965315525594,0.2652492640397837,0.07904107458056236,0.029389720871486964,-0.0071697679501494405
1697.0,-0.018414152139835924,-0.06816000483314334,0.12256239330550425,0.02356735478617397,0.07339397225712177,-0.020930991673718057,0.008994921337395398,-0.10382573705334829,0.11443271896723702,0.12477556878774415,0.005528287524213774,-0.0042128838152178895,0.20777693261093388,0.04834920310009959,0.026325070855396933,-0.01260749531650701
1698.0,-0.011778821241930998,-0.09259537415108386,0.09435358368260373,0.006057191624625119,0.06595270533529186,0.033519137704657545,0.010671602044940068,-0.07310778957120358,0.13292854400382806,0.13623904643396742,0.060825326582019945,0.03791929930938692,0.126281092504482,0.016594496660402126,0.015474315517454032,-0.017794884808930933
1699.0,0.00485682195202749,-0.10128820900850886,0.06783446963861695,-0.005062927339742785,0.058278933312123284,0.08254444267935596,0.010764971933413265,-0.05935058070886102,0.15300797423988227,0.15728137128562258,0.12319449066435087,0.07674271641163594,0.043213034806790736,-0.0066929826000690735,0.0022414571671972913,-0.01343880235945845
1700.0,0.029780612281504287,-0.09138498101694471,0.05185269626807025,-0.005971002473296786,0.05151983910741715,0.10876318531517762,0.0033705852087437243,-0.06268374499640629,0.17059392256108744,0.18553970043279894,0.1825068181076268,0.10530018973743548,-0.025198923899009833,-0.015800681670030813,-0.008240336602554148,0.005839266693627572
1701.0,0.05923072347752943,-0.06963657509712956,0.04986332625223491,0.005521519438403057,0.047245148546081375,0.09995439640009503,-0.014729927631912741,-0.07855570495726248,0.18231873531620624,0.21273724824295828,0.23030432439152504,0.1176773495829219,-0.0715610204265297,-0.008519256991104037,-0.012349892970649642,0.03882997033968968
1702.0,0.0893837150950098,-0.04856787197030445,0.05972072786362175,0.02752677607104917,0.046383051938482064,0.052620720560686216,-0.041515413205361965,-0.1005180279902988,0.1874031096495874,0.2273240893245352,0.2629748055006226,0.1120915291595044,-0.09553436633787475,0.014257655523705223,-0.008172771236834945,0.0785586260224143
1703.0,0.11697026164528918,-0.03807837141803803,0.07491745170785846,0.05273377978528345,0.048173320692232624,-0.02614229968399016,-0.06948940791877914,-0.12237450339478671,0.18767990292525047,0.21830549706483224,0.2805841694653491,0.09191514878675401,-0.09992295407892116,0.04779883967362918,0.003635387365597077,0.11569797962060258
1704.0,0.13915847834250553,-0.03917748261924381,0.08636093135746083,0.0699592819917642,0.05008862050425473,-0.11977279846695535,-0.0883726587898982,-0.1389605586683348,0.1855345536834572,0.17809096236945102,0.2829866330659848,0.06403443235633187,-0.08735206111051247,0.08341965073379008,0.019130582956546367,0.14277126642203533
1705.0,0.15363915735423322,-0.044837875220196,0.08486316590616264,0.06844280781777312,0.049119819361049484,-0.2066423622003515,-0.08913632091998638,-0.14608759319105696,0.18157199257399614,0.10455287252502082,0.2679342916343329,0.036473600284613286,-0.05999849360291034,0.11053322748991891,0.03228194806132442,0.1568064547155573
1706.0,0.15890258154032466,-0.046291573452070134,0.06463541487073385,0.04287537887506987,0.04335228565822525,-0.2667419957792918,-0.06763384150950665,-0.1407339945895502,0.1739386917618434,0.003224366922823164,0.23296375560545182,0.01648354074216256,-0.0221146900661771,0.1201454219769766,0.03754092054068587,0.15858569658873037
1707.0,0.15422441055445157,-0.03927145094892618,0.026462130191708254,-0.0034844853624837985,0.032416052257999386,-0.2880395200038554,-0.02703537217816937,-0.12183949354025182,0.15939415669268983,-0.11172905598191075,0.1784583256459088,0.008664679684410419,0.018381912148530806,0.10799669155236519,0.03174142025973896,0.14963585752643419
1708.0,0.13943550610199193,-0.026194945516786527,-0.021892129062536365,-0.05960712612263655,0.016889413603478638,-0.269466212370654,0.022017634132620378,-0.0909971674941524,0.1349542725658901,-0.22035307673113136,0.10882988400321886,0.013202303112412966,0.05216343547274047,0.07602548141206192,0.014832054399916144,0.13015633165243848
1709.0,0.11508316153313619,-0.013492125428551846,-0.06858848230531162,-0.11116611063642585,-0.0022224954466296054,-0.21951968458807714,0.0648350926139219,-0.05220424701166455,0.09930099364343588,-0.3033168167976962,0.03149666169937039,0.02570238391846841,0.07308932674073021,0.031708669906451596,-0.009712978143357833,0.09931290812163217
1710.0,0.08301726804723555,-0.006064487921550439,-0.10179079127516233,-0.14605297402249945,-0.023490481321707588,-0.151855856787395,0.08879718852427895,-0.010433565175441223,0.05369873944837169,-0.34818290332942126,-0.04480048499596123,0.03949352087114365,0.08078262056227298,-0.014204187342981003,-0.03516151816503275,0.057070225139100955
1711.0,0.04657896041192808,-0.002914248689004093,-0.11301155185210707,-0.1580273960856027,-0.04490184368464167,-0.08004572318094223,0.08876966295996275,0.030148044316544595,0.001924232077180319,-0.3523472377602821,-0.11169663125970918,0.04875709906408329,0.07843358066285251,-0.050584569630567476,-0.05346849586518773,0.006538279250083103
1712.0,0.009898229066374217,0.002243400407278771,-0.09948344081590699,-0.14727037000325877,-0.06389975828627716,-0.013361234465114946,0.06882811561985093,0.06657168121739675,-0.05109829923087754,-0.3226979046139026,-0.16330106487625737,0.050161322711366516,0.06806202716592086,-0.06890080191401672,-0.05819333507594702,-0.04434732740626212
1713.0,-0.023152541966631638,0.015278017734199716,-0.06516296492918112,-0.11859630530570311,-0.07799596679996576,0.04483997160609157,0.03995958672942835,0.09562752876753546,-0.10094312779996743,-0.2732337436808765,-0.19788388926132286,0.042972454654155154,0.04842504327997102,-0.06602650495708952,-0.0469186564920822,-0.08364397760456775
1714.0,-0.0496279952717094,0.03543614854252044,-0.01964170028553992,-0.07912099212125426,-0.08608656988217338,0.09464556822989695,0.015423326543937448,0.11285869641341124,-0.14412164589309484,-0.2207587692046948,-0.21754436512339623,0.02894505465299987,0.01782100744610121,-0.04598912330992306,-0.022868924932519814,-0.09953650018081375
1715.0,-0.067539104439294,0.054123989237552475,0.024604845333697122,-0.03659897026255885,-0.08936067665817927,0.13405401899530883,0.005662438619784692,0.11413141522507214,-0.17730331214370387,-0.17896243726547564,-0.225804385900792,0.011756162960927906,-0.021310619964488926,-0.019166243253437305,0.004453990479482182,-0.08597485382734278
1716.0,-0.07525445816115627,0.060150701003954546,0.05588597992436942,0.0017390467653434743,-0.09012024242666089,0.15599250441689383,0.014258948065057994,0.09877077017900274,-0.1965226862558845,-0.15307351276622438,-0.2244955867726429,-0.005007317383203515,-0.060891810639803666,0.0017498473020858304,0.02120768234827092,-0.04637276814105928
1717.0,-0.07104471292693512,0.0476029283732281,0.06734197076571079,0.03043445162180326,-0.08891863907639393,0.1522166217742258,0.0364561840784866,0.07143288463551076,-0.1974087487638576,-0.13810851945528116,-0.21151999434100627,-0.020205474076610257,-0.09048091469458587,0.007545521064049036,0.014810168289921212,0.007086825724687111
1718.0,-0.05402718067111319,0.02031769434598166,0.05945247427567798,0.04680853494591201,-0.08301311636775646,0.12038137881590656,0.06161440001880733,0.04116546942403774,-0.17690910566128415,-0.12220358628584949,-0.1813732268383734,-0.035263984856059076,-0.10257874349951843,-0.003203281745361305,-0.01918709542827754,0.058292785390671904
1719.0,-0.02605319300748578,-0.010178794146604568,0.038892444396902086,0.05106109096463361,-0.06825248304030689,0.06761559348774546,0.07930626825548978,0.018119058056729555,-0.13574958814784827,-0.09357583335072149,-0.12949206695299573,-0.05149696380947663,-0.09605237337043117,-0.024000852094716866,-0.07356715103096187,0.09367530405048294
1720.0,0.00770670104548861,-0.031107832625702513,0.014417606163732862,0.045726622408757495,-0.042957418106848326,0.009079697811747474,0.08549408553120039,0.009485492954166315,-0.07952060249267275,-0.047268693598864854,-0.05795010202183453,-0.067304962703685,-0.07596708770499233,-0.044432308639405275,-0.1318286196007122,0.10726949580659484
1721.0,0.040163142480090924,-0.034590321575073524,-0.007246545098240661,0.03493204731710065,-0.010428765960252325,-0.03690390491881326,0.08373830221234967,0.016819046868464537,-0.017222813378679272,0.012257704492956007,0.02239419398140748,-0.07837611184810325,-0.050741210985233424,-0.0554795463597804,-0.17518775388040292,0.10228137287617242
1722.0,0.06403196386183306,-0.02042473549377754,-0.02295643994291943,0.023193674424703714,0.021946260863291153,-0.05644016180799659,0.08026176274610286,0.03613379361230998,0.04141150678774331,0.0739106984793817,0.09526457683113604,-0.08091445250063962,-0.028557214312097443,-0.052946416414567016,-0.1905209210132399,0.08850145851463675
1723.0,0.07321514159236153,0.004594198904227895,-0.031798991421516674,0.013754629147396079,0.04631872393908556,-0.04733007069328643,0.07765626194160241,0.05981510850582199,0.08786254173465348,0.1255437103789915,0.14494954891421266,-0.07463428452591492,-0.014607457742058065,-0.03801714833107888,-0.17548346244062243,0.07659773267950669
1724.0,0.06490271071383974,0.029327753638178983,-0.03296737358520557,0.007266725814723481,0.05824634587024061,-0.019824113195280754,0.07300965668706806,0.07852215332247259,0.11556589158345983,0.15811583683908553,0.1611254028786183,-0.06263877986702944,-0.010043014592377619,-0.01602004196991339,-0.13839727677170116,0.07210593759282691
1725.0,0.04185677131649589,0.04224514869883852,-0.02526510619591898,0.0017339526865747016,0.05840513900581784,0.010734930902819772,0.061391228541898574,0.0831370143736701,0.12020438819534476,0.16647428470599063,0.1413159683668533,-0.04865919062322145,-0.01255683263306007,0.005748208424741296,-0.09252830189765486,0.07247183109535626
1726.0,0.012238946919131868,0.0364816120380359,-0.008173899228977781,-0.0058996070938162545,0.05147942039508327,0.03303470483394245,0.040643057583842776,0.06784822073175806,0.1001510681928939,0.14842671445694663,0.09125779415022053,-0.034527035720597565,-0.017831820494765217,0.021150999327492478,-0.0474141011303473,0.06908490839284731
1727.0,-0.013898513324710086,0.013687153169088837,0.017148414319351293,-0.017198063056215164,0.0434352180933942,0.04418804546184462,0.013088310720361726,0.03369411518545846,0.05705954571850519,0.10446906491697863,0.023080030854542282,-0.020127056100868783,-0.021566017562992187,0.028638573459291418,-0.002808928871384881,0.05387703338345756
1728.0,-0.028921689931558702,-0.01675455296456446,0.047418665762370485,-0.030483026499663744,0.03881276322234252,0.04860367404225752,-0.016343836807534266,-0.01000401012900015,-0.0036652749545804035,0.03858779659929878,-0.04843788783578446,-0.005382708383525027,-0.02171075326630903,0.032795237421665846,0.05001174198120446,0.027029175682758585
1729.0,-0.029705228125977215,-0.043288144542042724,0.07688339425849225,-0.04141641317653108,0.03907411099913986,0.05357362662053908,-0.04282575675482117,-0.04840623214090403,-0.07295849935314924,-0.04059562469247523,-0.10995983847597966,0.00818503915086888,-0.019013568060124025,0.041930184254325056,0.12034625579626444,-0.0002206403992103282
1730.0,-0.016975089851155773,-0.05858233890236071,0.09759516742933176,-0.04564112491781786,0.042574020611474354,0.0642007421694385,-0.06311996168897951,-0.06746634360731402,-0.13921297731196028,-0.11938919000137602,-0.15203057776608023,0.018008214680301813,-0.01489456288956232,0.062243426285964645,0.20959216213936044,-0.0115216846013266
1731.0,0.006376893360132215,-0.062396779648133886,0.10148736223534445,-0.04161750631023303,0.04614704620624625,0.08050504526625044,-0.07583770170535759,-0.060314163246036744,-0.19061764965618477,-0.18089116564327665,-0.16931664096614524,0.022566715268150732,-0.009274568714698077,0.09217097638925036,0.30774995803989963,0.0033229176872784523
1732.0,0.03621384434514371,-0.059507334441395936,0.08429707891234015,-0.03192134948404491,0.04722560405802426,0.09797237314317686,-0.08079089989775295,-0.029967259791783028,-0.21853445591087237,-0.20977631893206314,-0.16055851511877978,0.023078161198045347,-0.0011019691409654834,0.12115915059370719,0.39545900176480464,0.040293097106698185
1733.0,0.06692813659182541,-0.05488130738664488,0.0495005366655886,-0.022368838988240592,0.044810947417049225,0.110105719681611,-0.07783687176816498,0.012807318974396851,-0.22063656565379464,-0.19816720226861145,-0.1300823066815381,0.023024325960629574,0.00959731318794052,0.13440927257779514,0.44916699846420677,0.0822243557312447
1734.0,0.09107386320487547,-0.0499890943053576,0.009002042022851438,-0.019306304857905254,0.03871392797592235,0.11085844315078162,-0.06668376465207469,0.05445250244731695,-0.20151396860828347,-0.14950152617576531,-0.08901100594528544,0.025668356217906863,0.020985709494109325,0.12078460115857002,0.4484468319440925,0.10790123302099482
1735.0,0.10024178156668487,-0.04267574457528235,-0.021837497761299934,-0.026333847063906686,0.028323201320677206,0.09587034639809591,-0.04891968606773975,0.08314619865107757,-0.16993289945541568,-0.078063530357158,-0.05245565067126548,0.03187538084700475,0.030311140612465832,0.07853302256523455,0.384835387112654,0.10276028298557828
1736.0,0.08759194606541085,-0.030035677856613978,-0.032724586250298913,-0.04218450856609464,0.012398851354661993,0.06276283639065974,-0.030747780859176996,0.09130189261164927,-0.13491792064890062,-0.0038862957138865225,-0.03256129981070051,0.040174325832415585,0.034814680644095215,0.015674232746726514,0.26791374874875895,0.06456837075468466
1737.0,0.051020928030966035,-0.012049641954293719,-0.024330335839606063,-0.06067192745385324,-0.009985328458801826,0.012187335621666498,-0.02266312188073861,0.07645617682329357,-0.10347839477645379,0.05470985532397689,-0.031663154399795196,0.04848270145876299,0.03205428046688677,-0.05338663697877716,0.12337814723063832,0.002140876236789455
1738.0,-0.00478092158479967,0.006453585393995694,-0.00725635772813599,-0.07266564753381931,-0.03808097402151524,-0.049474871724170276,-0.03440137745241293,0.04121707835721078,-0.08036294114312602,0.08749158997074709,-0.04022659821263548,0.0555583653550486,0.020217961726185923,-0.11231164764254171,-0.016307853597871576,-0.06958247537198446
1739.0,-0.06892170876858984,0.017576087543976025,0.004592076329563138,-0.06980491143159924,-0.06833466743518857,-0.10875545452522932,-0.06842798207816758,-0.007276164369923368,-0.06807601061294076,0.09523966962742779,-0.04137519132064517,0.06112575254143916,-0.0011958926190982155,-0.14799405079549963,-0.12295803521874753,-0.13415979468440917
1740.0,-0.12783334760205156,0.015558388166408667,0.0013353198731408473,-0.048766019554488234,-0.09425391589263454,-0.14920903667842517,-0.11708191699555849,-0.058124484889527754,-0.0661561530892613,0.08852083499586909,-0.019797288075754326,0.06493038953362933,-0.030615279295097143,-0.15581523888116647,-0.18056096437082889,-0.1771413938947991
1741.0,-0.1700244427676824,0.0013947219973937863,-0.01914970123857946,-0.01357936782726943,-0.10796209155349758,-0.1598569379924326,-0.16509946621976687,-0.09811281287491752,-0.07042653269835422,0.08268870733908139,0.03011915967331201,0.0655935130394574,-0.06432784564067646,-0.14169119837395786,-0.18777704723237998,-0.1893279744217896
1742.0,-0.18942448403331716,-0.01710363545596091,-0.05206311136132335,0.025880171673088155,-0.10304520282120112,-0.1414905268553682,-0.1953896128125038,-0.11473430635896009,-0.07302634234862364,0.09103191836931997,0.10126835088757447,0.060474473058544295,-0.09727296364431198,-0.11843775224111308,-0.15523025715872754,-0.16949126892710162
1743.0,-0.18599275961839887,-0.02948793061655185,-0.08914222956663961,0.0585314792881027,-0.07732972734985986,-0.1057751637917623,-0.19541019028748385,-0.10088971751230112,-0.06382035370345543,0.11950438650738329,0.17662126556565813,0.04746917694381625,-0.12373001242511963,-0.09853117231898048,-0.10059726520050262,-0.12512209528094057
1744.0,-0.16430932101458548,-0.02791232162544434,-0.12235876036668134,0.07718203701308315,-0.03444955480623376,-0.06836182697504752,-0.16223940191618985,-0.05885709555346558,-0.03399679472264687,0.16558531903268342,0.23606685377258213,0.027865663231289108,-0.1377783917580077,-0.08812443561213054,-0.043729394847305834,-0.07032550306143848
1745.0,-0.13154411438248145,-0.010639514876891238,-0.14622754765324789,0.08127690954383524,0.01635819164688332,-0.04113618239607085,-0.10428155416904358,0.00023155787424849924,0.01878757144584048,0.2206463755898056,0.2646758124848954,0.00742078778183079,-0.1348239768336282,-0.08553174956434538,-0.0010865581101227291,-0.021054311189824246
1746.0,-0.09565430355898118,0.017459274182291335,-0.15806783243611738,0.07571941951252506,0.06246024671539271,-0.027422434489866677,-0.03807728469860821,0.06174871210741993,0.086871851543393,0.2729482085076895,0.25862494464781194,-0.006290541667782968,-0.11382235594161554,-0.0838233076599298,0.019755335940180495,0.010771899506287003
1747.0,-0.06398730272956424,0.04704412609065876,-0.15696730166396905,0.06660695165127394,0.09170153528603749,-0.021556945925756278,0.01855940324888757,0.11366739461911213,0.15384198422833126,0.3094619589371261,0.2252044283934315,-0.008692284277863255,-0.07784404190884166,-0.07491414227731541,0.021532669237387336,0.021242663629653845
1748.0,-0.04201779989383968,0.0677590081852269,-0.14309490433479347,0.05719790192419837,0.09664028625145799,-0.012850287081090385,0.05311088760669444,0.14965628161745648,0.20069050906209962,0.3175764390703802,0.17709314802010082,-0.0014570138314075796,-0.032763241378310215,-0.05285135979025262,0.01293158178252084,0.014296924380025312
1749.0,-0.03209592643492845,0.0717674394487084,-0.1181107488621938,0.047137153176732394,0.07719170184449843,0.008176192841346132,0.06136354477558301,0.16854100466707148,0.21394045311334647,0.2882108586266416,0.12565249892710234,0.008224763775062267,0.013931990995315603,-0.01591410320293175,0.0021656885500378103,-0.0015381161837396717
1750.0,-0.032697298834657426,0.056457537198779245,-0.08543493591278889,0.0348877099050061,0.04033204957205564,0.04441893869511574,0.0469026880842584,0.17155649429588646,0.19170067087235484,0.21923812879125637,0.0777901730110438,0.01177528152488377,0.05418895772679833,0.03234134972059035,-0.0068307222626847715,-0.016727168430104206
1751.0,-0.03881827923542232,0.0255798034259306,-0.04888100602140267,0.020799781898751483,-0.0027910626195542902,0.08938791590056566,0.019076390703049142,0.15990670447661665,0.14441084665423437,0.11676993669464429,0.03615258710486574,0.0038676811741691383,0.08197966353099687,0.08381049292786791,-0.01466905035136089,-0.02353755757586146
1752.0,-0.04379201601380539,-0.011818647260453582,-0.010528098163690136,0.008199340882434313,-0.040727538023421654,0.12787411128645515,-0.009572366560608914,0.13463005703380274,0.08976100905819909,-0.006068226294954327,-0.00017983980485624494,-0.01550346557512147,0.09678407489212645,0.1283388198442163,-0.0245706856600479,-0.018615464255755144
1753.0,-0.042130982600331594,-0.04468014940492413,0.02966775223439435,0.0016499097421539817,-0.06505708301494656,0.14083290213060137,-0.02698194478123105,0.0981335990357022,0.04466972281945098,-0.13130257968204673,-0.03502863302589778,-0.042154389409571794,0.10439908326187547,0.15668642190466822,-0.03918404288399238,-0.004727472728834929
1754.0,-0.03188807335415148,-0.06386680308259556,0.07148953636603551,0.003706147566681829,-0.07235833219669668,0.11309635161829702,-0.026297788640839103,0.05514984673434672,0.01839047998743327,-0.2388535208062871,-0.0732143646785769,-0.07002777357006658,0.11262676465387707,0.16294317513111525,-0.0574003372429354,0.010112844103141618
1755.0,-0.014770884137898408,-0.06464788268758771,0.11120162873454847,0.012568967915012622,-0.06441828294739484,0.040388760978258095,-0.009354422864690482,0.012093608253567985,0.009585664564946982,-0.31098933905572945,-0.11797816216071852,-0.09296675094779486,0.12463791864353077,0.14611406411975508,-0.07329495678686865,0.0164750278861034
1756.0,0.005791469455149916,-0.0473157605052486,0.14067341442274847,0.022551929687942583,-0.04673695022439234,-0.06712767940798578,0.013930189132330907,-0.024773503592411355,0.008401435571033112,-0.33794618571216295,-0.16946625307403346,-0.10615012629744866,0.13604268941776018,0.1108298443969651,-0.07856602455023841,0.008278741564682685
1757.0,0.02633537696139224,-0.016714251456897193,0.15006356648099625,0.02740045688655695,-0.026153765946795183,-0.18585794337158554,0.03071385218494075,-0.05162318330965002,0.002493365937870036,-0.3215222181438906,-0.22412726329839816,-0.10738418149551701,0.13815093842208975,0.06679998055799441,-0.06764439687023763,-0.014187048156233267
1758.0,0.04342446223196238,0.018992066490652312,0.13215185217513567,0.024088379974525228,-0.008847084953912406,-0.2848899724936481,0.03219461724863937,-0.06845504992251619,-0.016013239290443106,-0.27354662722718315,-0.27411126862489504,-0.09730828849242806,0.1243007248006895,0.026090991938616408,-0.04272797755599106,-0.044303299665493075
1759.0,0.05332645269059068,0.05041658525769521,0.0859800570576142,0.014120400527801096,0.0007651141007906076,-0.33611299623825247,0.018324411684799993,-0.0780830072905825,-0.04608474206274957,-0.20912976061395855,-0.3075028180242432,-0.07827156437736106,0.09482792895628335,-0.0016019638170505749,-0.015165041844404115,-0.07175550672499843
1760.0,0.052960125788049275,0.06971372689268746,0.018516772338085383,0.0017722372697693636,0.0008749636473362883,-0.32375717509456364,-0.0022539420495550936,-0.08295178986117745,-0.07800245508693628,-0.13877698652382311,-0.3108978237393751,-0.05310283074841612,0.05824500321849759,-0.013250653897963519,-0.0008510335126716656,-0.08654721785115342
1761.0,0.04176954695585385,0.07327020091254201,-0.056512511383216786,-0.008628547608661245,-0.006599066774390492,-0.24835276180977892,-0.016744190645920178,-0.08251014968686389,-0.09811319233318037,-0.06531704231318441,-0.2744932311423902,-0.02484069635588189,0.02784329908980852,-0.013489747284116237,-0.011210677742738033,-0.08287005253116853
1762.0,0.022710097739079005,0.0630600765860085,-0.12259855088946187,-0.01423591833488408,-0.015604843283989303,-0.12472730953632614,-0.01466527113223773,-0.07376381494166873,-0.09571743343313549,0.012257401918250421,-0.19751310079547357,0.0027823529621565915,0.014549798861451076,-0.011337696977823247,-0.04523328641355684,-0.060994364056553965
1763.0,0.0010410359154266915,0.045424520296714156,-0.16567386818848556,-0.01382674079555311,-0.017835517165786376,0.022422915508001393,0.007165842567865983,-0.05435395500355691,-0.0686841626109762,0.09217966081414257,-0.09026573361587018,0.02519948101994312,0.01996076991489176,-0.014445288479094952,-0.0885007851815779,-0.026383860161641914
1764.0,-0.01842191446234904,0.027476603492770424,-0.1784972721009953,-0.007815288132674986,-0.006900530013546421,0.16337127717509817,0.04341503773124309,-0.025346498340623233,-0.024918920771406346,0.16619072854637165,0.028633847723997203,0.038059128883930496,0.034852514707319,-0.024885133688382632,-0.12121749034476775,0.01260695212063223
1765.0,-0.033430655751229915,0.013417751224586024,-0.1627268443427443,0.00114615417506643,0.0174501509817073,0.2697327516277901,0.08270006922881742,0.007666017634893458,0.021403276323157843,0.2208134045390933,0.13761150544144274,0.03918494601664441,0.044941584232922084,-0.03947468930312317,-0.13044309148535307,0.0467162328124091
1766.0,-0.044421649167053844,0.003276804530810575,-0.1278153889015772,0.008205493254896246,0.04797410772673047,0.3224927424946533,0.11219606367398241,0.03505639882156458,0.05683084915572308,0.2423556933258016,0.21738396811330635,0.030127880325472128,0.04008733769411151,-0.05332911679255088,-0.11742792488257783,0.06751259902633534
1767.0,-0.05300447606202604,-0.005800336506469639,-0.08651011665424418,0.008659627114972871,0.07279081244370036,0.31828978108536793,0.12242252790585233,0.04577296327734878,0.07424600753245938,0.22334451284257315,0.25522202803386423,0.015869753484716774,0.020316042975451302,-0.06270819281399075,-0.09463082677463786,0.06966378975607902
1768.0,-0.05987621352098511,-0.017507464514462247,-0.048725870801845685,0.0016638756474662323,0.08098957820055183,0.26979064228704713,0.11035472527817135,0.032226736408057316,0.07364547741776006,0.16753777460137295,0.2480932787971739,0.00253635695866809,-0.005345563166854835,-0.06533784003285222,-0.07592770551794452,0.05300723119322618
1769.0,-0.06338741808749591,-0.03455155246406393,-0.017600306699700616,-0.008079889529486775,0.06774274308483307,0.19911505472856686,0.07985454606415357,-0.004961597321786028,0.05893037433446599,0.09024282430003737,0.20367603873947748,-0.005363230480778333,-0.025562774426280074,-0.05981496843023395,-0.0683867763780841,0.02279692306528334
1770.0,-0.05986750472522358,-0.056670757587281656,0.009699590513449487,-0.012522100274742366,0.03641257316076773,0.12764026318056085,0.03967468993177992,-0.05587073496206848,0.034461220309285355,0.012800208192674358,0.13750909089177402,-0.0065001485279153485,-0.03429077179865474,-0.04581601860450878,-0.07045870951607049,-0.012401722820247452
1771.0,-0.04564001363316505,-0.07884186794999912,0.03775009984426616,-0.004732833530267791,-0.0026480686211513577,0.06795447424061815,0.0002458158735322262,-0.10503478180865343,0.0041586746708831,-0.04564340063819052,0.06691402624375654,-0.0025382899020518,-0.03498313451989916,-0.024579404789838815,-0.07516769166998094,-0.044277022986923056
1772.0,-0.01945053150722251,-0.09168403403375879,0.06877484419210876,0.017211262377328364,-0.0357602485730817,0.022170750212805367,-0.029363176423633727,-0.13801820377176902,-0.027240964509253493,-0.07449872326903698,0.005410705619658098,0.003212865622404535,-0.03842009891490768,0.0012789562045530955,-0.07461891344031217,-0.06821890217259362
1773.0,0.016148293686664903,-0.08571269387004497,0.10105128797042967,0.04858426705072441,-0.05127722682570113,-0.013540062318227818,-0.04342186764374386,-0.1472824916503232,-0.053182220744730266,-0.07428092861982047,-0.03999161089484183,0.007219272337262542,-0.054781214780585084,0.028241860713124713,-0.06348164666036803,-0.08499462762519988
1774.0,0.05532262325839313,-0.05771193430829145,0.12975497829002064,0.07904911029070415,-0.04487995033666826,-0.04196060043793199,-0.040038050343128476,-0.13434251301511538,-0.06619128338430535,-0.05521149066421158,-0.06903584928442519,0.006738828860610424,-0.08524777584300156,0.05227956366423175,-0.04082196215635056,-0.09951387257137848
1775.0,0.0909925155602193,-0.014154766636636531,0.14893605033191465,0.09626903963567221,-0.021619005609568184,-0.0602792846673323,-0.020385403437197767,-0.10736513536501201,-0.060161654197827194,-0.03156132709360807,-0.08602026969974229,0.00065728454790716,-0.11931685355510772,0.0695720588824182,-0.010293928545668242,-0.11664751045723153
1776.0,0.1169100865049985,0.03192146161328284,0.1537064589731381,0.09112724124578274,0.006930505119162758,-0.06142757117443334,0.012223419645645859,-0.07627048097391446,-0.032531827841320166,-0.013375125167729845,-0.09514210931205587,-0.01011914167561832,-0.14035341842364513,0.07764428993238826,0.021618274673174037,-0.13603141381722922
1777.0,0.1290188932271361,0.0683680331458942,0.1422645648005722,0.06228795933725664,0.02833978851504707,-0.040239124363305165,0.05249287552382443,-0.04860879751012658,0.014231068337740042,-0.0007272634197317145,-0.0962932704707756,-0.023344907403771157,-0.13597780201290816,0.07610027359853705,0.04903718800721714,-0.1495358695277987
1778.0,0.12660893237313992,0.08993073249452765,0.1169867877288533,0.017526978457679487,0.03456609571062427,0.0014185533861649513,0.09313435419002752,-0.027884279275219085,0.07181268083930548,0.014768080194871447,-0.08520127833557758,-0.03662709684603523,-0.10552386519469613,0.06618616083786501,0.06986011966034393,-0.14392421620459284
1779.0,0.11307618805069308,0.09895852912233283,0.08346212389791145,-0.02919016999185563,0.0249863614600473,0.055241085495134526,0.12594150199344706,-0.013916111887874037,0.12664977163229066,0.041824557202318875,-0.057936437366698124,-0.047772220372269705,-0.0594152136008491,0.04953217566692205,0.0865280360224683,-0.10762637604502416
1780.0,0.0947979807109972,0.10112298136773074,0.04771658749124999,-0.06343604014534288,0.006340176731890164,0.11078879767823134,0.14391212745246995,-0.00435327961918143,0.1629793206988425,0.08069508297746443,-0.015921494806595778,-0.05448984112140802,-0.01296484786866191,0.0272657750256157,0.10385065568444979,-0.03795315229094384
1781.0,0.07779884069812187,0.09968019239933829,0.013919241042596415,-0.07588056774524082,-0.010708602744686966,0.15807219025557545,0.14298350193419174,0.003351155940730863,0.16803020324423673,0.12013062795071883,0.03243202449395227,-0.05493696806352361,0.019918124578307907,0.00035138748605048365,0.12504092787357912,0.05524502777278199
1782.0,0.06429652301771535,0.0927283234164229,-0.0157348982772859,-0.06521718805824457,-0.01687319797004044,0.18713643864442225,0.12250554833337679,0.01076154629719186,0.13736339004360532,0.14212997004779965,0.07506702099737507,-0.049061249635173526,0.031222943861355257,-0.029028830194130873,0.14826269538171838,0.15186121459012483
1783.0,0.05173057547581434,0.07566837111807928,-0.04003971543091003,-0.03766014446455136,-0.008586273580691627,0.1883496222551544,0.08520552077933818,0.0190561877976597,0.07771748111179252,0.1314531487860207,0.10290690962184805,-0.0391462765568586,0.021530428455199747,-0.0562814884666242,0.16579821337712092,0.22884296008663713
1784.0,0.0351250120531454,0.04692427363881135,-0.0584253547195366,-0.003632615659062483,0.010737783038471319,0.15584633798617387,0.037269590823102314,0.03001630768053812,0.005463278402797788,0.08417296167555237,0.11490897606624646,-0.028850470450773352,-0.0008027780466624286,-0.07501955171477127,0.16665122817852449,0.2686702752556241
1785.0,0.011226252801429496,0.01207661391923804,-0.07107044094577362,0.02678231702546525,0.03285320463484097,0.0916485660499443,-0.012359212734493048,0.045209307813814756,-0.05915822796905339,0.010392678958582072,0.11727262767342121,-0.021453081867164395,-0.024583098545391712,-0.08015183245016841,0.14201784134977607,0.26486261211832496
1786.0,-0.01844085409402969,-0.017450804755196773,-0.07864885605699497,0.047479697882866434,0.04874058892742811,0.006692515956289889,-0.05422187454243247,0.06380378627897099,-0.09917804443801073,-0.06974928138416496,0.11749424033040697,-0.018391069775939215,-0.04180892805017154,-0.07179956104085589,0.09103742119822913,0.22245030054906942
1787.0,-0.047486603181873074,-0.03045764465801947,-0.08217760398903692,0.05710386374763191,0.05229646951448668,-0.08188797767321451,-0.08124654297728873,0.08128104622076919,-0.10565636859241143,-0.133946643009763,0.11877713242818735,-0.018836339031204023,-0.05089398797783709,-0.05681854219518574,0.022891011383413987,0.1541547624909524
1788.0,-0.06719406683846577,-0.022177681428414607,-0.08335961089008447,0.05662557616202117,0.04234923907420236,-0.15551483436983668,-0.09076197461564543,0.09038024668385222,-0.07863646488658406,-0.1658504417040495,0.11973000920291946,-0.02032723895433605,-0.055338717954805015,-0.046087491557020605,-0.04654415769954076,0.0749849534285831
1789.0,-0.07011990517354501,0.003324309606464659,-0.08422147162166399,0.04611378910656576,0.02276614867995514,-0.19977795326461084,-0.0846771219453009,0.08424234180459979,-0.025860933929183375,-0.16064386535950417,0.11817044607343137,-0.01994301419090228,-0.05966889689511054,-0.048666294812217174,-0.10129704138326616,-0.0019382283172806518
1790.0,-0.05330822666288597,0.034833117794579684,-0.08552128710227948,0.024064219163974058,0.0005498267769977626,-0.21026313875931424,-0.0680059297195606,0.060268829689090475,0.03906930912207245,-0.1261853729797975,0.11348224392637721,-0.015577537090465474,-0.06681091607908793,-0.06610255493354114,-0.13109230412990155,-0.06709437879498105
1791.0,-0.019714747350598312,0.0580313799866153,-0.08569434182235386,-0.009990221118208666,-0.017453801809182354,-0.19633163611935686,-0.04686643107224649,0.022021509252456776,0.09923533769835925,-0.0794238023165001,0.10507484369606028,-0.006844100452138808,-0.07835519959853823,-0.09098405358551814,-0.1333855184066195,-0.11460977554329078
1792.0,0.023223825531021706,0.06084975973370697,-0.08174251814708855,-0.052297885738591815,-0.027354447675283125,-0.17923412672489628,-0.02698402107033941,-0.022279264752936682,0.13819327807758452,-0.040060194763367626,0.09005698107855271,0.0049828532641229455,-0.09494796905145299,-0.11150307177144979,-0.11160311774343322,-0.14199203802429525
1793.0,0.06687822824398969,0.038769446282069,-0.07114654798384278,-0.09430657067760528,-0.029019809280066342,-0.18321892612256102,-0.012911384681911501,-0.06333193956618233,0.1442094135108886,-0.024872393376516633,0.06338430366815061,0.017784308569578584,-0.11504271175413813,-0.11869690284039634,-0.07234286125629101,-0.1498628735466513
1794.0,0.10380553257744402,-0.002814765394539784,-0.05305365073290565,-0.12545111805845924,-0.02527110799222503,-0.22289159378118828,-0.007713383400047469,-0.09403385177489344,0.11346105980201121,-0.044930173737682995,0.02020235217666104,0.02891399315794691,-0.13399273149286509,-0.11099008278287714,-0.024561859654805993,-0.1414605760292262
1795.0,0.1280750867486032,-0.05103420690856493,-0.028193385910808635,-0.1375260714728735,-0.020770437215556065,-0.2932729327881883,-0.01284489094352244,-0.11114785948924301,0.05122319857486517,-0.10477555930376714,-0.04099296564329018,0.03463118221656581,-0.14574595648566818,-0.09392123704747508,0.019463308681645638,-0.12207069978318186
1796.0,0.1351939352028581,-0.09125846943913099,0.0014280360388263455,-0.12794678597013004,-0.020911167036583383,-0.3690224555881478,-0.02811363785428252,-0.11530435895301407,-0.02968117198507361,-0.20092132730970105,-0.1155433157929027,0.03030532890631185,-0.14623022776786984,-0.0763755769189555,0.045128740386746344,-0.09837539887421146
1797.0,0.12331900819136277,-0.11299544311623964,0.03233068309326198,-0.10023781449270079,-0.030058138123663543,-0.415029130197314,-0.0518010672931072,-0.10986627048037405,-0.1128951999761898,-0.31882191410843946,-0.19224995002560757,0.01277600141661004,-0.13515164975649022,-0.06535643328753234,0.04090714963644763,-0.07698877182387044
1798.0,0.09519306886014407,-0.11381395519146649,0.059993042298245314,-0.06213175367793006,-0.049322652133725095,-0.40321363135465155,-0.0809368724852453,-0.09943984096704676,-0.182731137346731,-0.43116316842158287,-0.25653514846824377,-0.0164643805151891,-0.11461019283938532,-0.061779812361272786,0.0054068923533709705,-0.06187815177107347
1799.0,0.05850200701218088,-0.10011948297149939,0.0805945744913801,-0.022812447408481172,-0.0754294388143619,-0.3258077523002215,-0.11159938627057364,-0.08882515551461935,-0.22668102172627766,-0.5020114094961904,-0.29521597693928675,-0.050053242154604737,-0.08711194694988532,-0.06027357381285514,-0.04955574319589781,-0.05226757387221189
1800.0,0.023189517263471012,-0.08426021807241917,0.09235141072880655,0.009605287415815896,-0.10174381950262681,-0.19793356771854423,-0.1391620353569744,-0.08228213276103948,-0.23707138438008435,-0.4984485777339185,-0.30031328299810733,-0.07689371604797153,-0.05603818514928575,-0.05350095498359535,-0.10303529042881593,-0.04328158680802396
1801.0,-0.0028408303177747747,-0.07859734845751117,0.09505109746785563,0.029970868531704012,-0.1207447988852239,-0.04959415106531039,-0.15847154506833103,-0.08202924260690701,-0.21305424589157532,-0.4054101268586081,-0.27130467870980157,-0.08657553011274069,-0.027040716907695515,-0.037469603469238257,-0.1340050769943199,-0.029270456526521757
1802.0,-0.016787556016256824,-0.088997311887387,0.08887668086368475,0.03689594550786398,-0.12657230061604416,0.08698099907243435,-0.16431659946625837,-0.08607442399312466,-0.16183713804957586,-0.23542064194597984,-0.21585452586233056,-0.07357770749822926,-0.006671829075809821,-0.013758337655391518,-0.1298335376567501,-0.007349596861221006
1803.0,-0.021514418075430707,-0.1115185876207374,0.07400424412629042,0.03208895175425394,-0.11694110030319965,0.1879597372164555,-0.15281794117532105,-0.08768723271105362,-0.09721119700220335,-0.026720311153569473,-0.1480562726693272,-0.03923927776784664,0.0015575883349295333,0.012251154581670821,-0.0902374605630523,0.020918948855837394
1804.0,-0.024067630232202642,-0.13456554970682416,0.05101448341682825,0.018986602390075935,-0.09398638150468253,0.24290840613719442,-0.12337327636568766,-0.07842074418364944,-0.03516488677308796,0.17026459449501977,-0.08373783197174721,0.00896693209480903,-5.058974179277395e-06,0.035245159353115244,-0.026504216144047413,0.05012323659740393
1805.0,-0.03257356255246009,-0.14495519191696718,0.021466182941761097,0.0018510111741586986,-0.0633164554192672,0.25438423370855806,-0.07970135736669044,-0.05318840806736935,0.011611478523607938,0.3120181057097558,-0.034116995216294986,0.06016335116718333,-0.0039317111945372666,0.0531811595687268,0.042386038210947496,0.07333071528626518
1806.0,-0.05203363065550806,-0.13408849913149884,-0.01160836269654311,-0.01472815678318304,-0.03132866721668822,0.23438037397468636,-0.02916951170745365,-0.013585457951761087,0.03774948596412961,0.37768935997769,-0.0005203258502223603,0.10351637636927272,-0.0015645536594814757,0.06777898521363855,0.0953122285050383,0.08503946740436177
1807.0,-0.08084886857203347,-0.1012886991723255,-0.043196231950540384,-0.026473298959164032,-0.002474692474431395,0.1994628063056286,0.019195889071663835,0.032554980644388734,0.045602142914034374,0.3737078049649769,0.025966393818661695,0.13115990550820117,0.012508290414327947,0.0825235293475443,0.11566506022631307,0.08349623249287429
1808.0,-0.11054441345774314,-0.053316698724718004,-0.06627909772756103,-0.030003668161892375,0.021692984512589036,0.1654411184466801,0.05729267454176631,0.07429398938832932,0.041743208087944815,0.3253942496232453,0.05786792696285405,0.1399922384203727,0.037916581641021574,0.10041213728941015,0.09807248080117818,0.07157464956524126
1809.0,-0.1297911036690483,-0.0007929425576736545,-0.07329535266040915,-0.023527974670550286,0.041464549365298205,0.14280461339952918,0.08044343974938221,0.10165071046210196,0.03204559504354394,0.2618877100615839,0.1017308452151155,0.13205367055973702,0.06896472373553761,0.12291034083771431,0.051612473507641296,0.05583754820264495
1810.0,-0.13112549997356665,0.04610670851235047,-0.059270225501507505,-0.00815123772357785,0.057068845177297614,0.1346278609819993,0.08872044504197388,0.10925605604726132,0.018880769122202698,0.20414961353871966,0.1531783265645293,0.11325833205082646,0.09757655223243086,0.1494023433336327,-0.00423514085035021,0.043831342708472595
1811.0,-0.11617552655903594,0.0801115989490084,-0.025171086274750794,0.01142382579184479,0.06736101469666428,0.13741722716504176,0.08592144169118804,0.09800406551196449,0.002210568690425847,0.1614318051361687,0.1999061438314944,0.09077216017291294,0.11691518829928974,0.17629866453279175,-0.049030726305075024,0.040454581460060146
1812.0,-0.09524218917651132,0.09730063831458585,0.02095679781128275,0.02868686158214292,0.07002821178113759,0.14397263126587084,0.07684586779912508,0.07377441237459452,-0.016703907538483873,0.13436231883901364,0.22907955200778687,0.0697960430277801,0.12309756085015117,0.1967748733525682,-0.06929376269240575,0.045279204556732046
1813.0,-0.08099919445406958,0.09735639908851666,0.06657395900578682,0.03877428587972979,0.06331505750276327,0.14664988242488694,0.06540583226589958,0.04441602447190414,-0.03256790928001128,0.11952296795814613,0.23351280417952844,0.05115471515736034,0.11443130322220539,0.2029030640496698,-0.06061715563552255,0.05314009914223295
1814.0,-0.08070866112921501,0.08405471098737838,0.0995347847025374,0.04059530273518362,0.04816017960464489,0.13885118130056087,0.054736515478513346,0.01727114640784609,-0.03735993540185783,0.11232717739059916,0.21342122874650063,0.03194404333999718,0.09079629976823754,0.1899478412377646,-0.02602582075093616,0.058253570750509284
1815.0,-0.09238050907058944,0.06434845481510881,0.11190655864802036,0.03617493558775661,0.02882601808302406,0.1143865737415266,0.04766876673151658,-0.001753478537030937,-0.025053552996455307,0.10795196224237906,0.1738391999194695,0.00985884182049258,0.055267840696382395,0.15954983284105767,0.025474061267476873,0.058436749017479424
1816.0,-0.10685103715484079,0.045421471654037135,0.1011393875521406,0.028462567806588658,0.011025339679491257,0.06795640457546799,0.04593465401046733,-0.008267617962526792,0.003997035321946283,0.1011346450458316,0.12033264100527104,-0.012219689502518713,0.016265583924470108,0.1186851143207956,0.07976084024658607,0.05573447341205175
1817.0,-0.11334575471788365,0.0316120287785483,0.06994296341365613,0.019601943315533613,-0.0008003754765701851,-0.0008559455055842344,0.0488966893578434,0.00042920397955412517,0.04207095069617471,0.0861449789906739,0.05672140413346096,-0.02603017506990689,-0.013229725356844076,0.07555337532131584,0.12097598407494554,0.05365609201196492
1818.0,-0.1047813677305159,0.023570159944750698,0.02604585919730734,0.010634303313935582,-0.004435203894389123,-0.08324192207099024,0.053636236107191405,0.024717870956871803,0.07694016707758015,0.05868101867046802,-0.012980050812140766,-0.02314376121615849,-0.020404327631581738,0.036665583752811697,0.13823161023628994,0.05389960986495062
1819.0,-0.08058925909612791,0.0201029205487532,-0.019108740912801035,0.002207077008271475,0.0010314350921510108,-0.16159293511182202,0.05670312962958395,0.061751584025119356,0.09726674240334562,0.01949594764430035,-0.08043372943580897,-0.0016734245040911078,0.0012899100342376602,0.007032917510744639,0.13074111067998134,0.05506010255941815
1820.0,-0.04657641432208768,0.020900170051564,-0.05379175314453377,-0.004876057637930372,0.01577030927401081,-0.2152782100480545,0.05602897214349669,0.1051570238348528,0.09796066795205284,-0.023512806029743483,-0.13182348918150283,0.031170547024282787,0.048742222105825975,-0.009125807400883262,0.10675959399346731,0.05435967746711821
1821.0,-0.012369058981113576,0.02759861272428613,-0.07014896227521575,-0.009816873433901972,0.03841587006776809,-0.22806967863852637,0.051395104983376495,0.1463944214429762,0.08204886912509333,-0.05752004641103701,-0.1523398121076596,0.06275162594762192,0.11073759862520799,-0.009778843800421926,0.07839842293569689,0.05086832095669303
1822.0,0.012485726341507757,0.04224968515779989,-0.06619225504408233,-0.0121533950803774,0.06534849454302753,-0.19396272277887194,0.0433147782480419,0.17768936597064927,0.05745101567026781,-0.07061729645784388,-0.1334461503403317,0.08170322521834178,0.17263097363272373,0.0029137018257291403,0.056954558111532605,0.04650226008360228
1823.0,0.022481130340329836,0.06487441788515086,-0.04478966716775355,-0.01180607938121985,0.09132542657665624,-0.11992628645606887,0.0317055229719692,0.1949788770336447,0.031467858990523664,-0.0581976422427782,-0.07791917022103209,0.08306454836451763,0.22044897353314338,0.023180783199848728,0.0497102058257799,0.043197671535145886
1824.0,0.018803941409585787,0.09242416204738939,-0.011692844675363506,-0.009174895753254314,0.11088777154857739,-0.024305201889227288,0.01561966378060807,0.198932658963365,0.007702168200865239,-0.02571513762153575,0.00042199750388019773,0.06938950849233554,0.24312842809489266,0.04478111221491542,0.05743846886548014,0.03954743850352465
1825.0,0.009288971083601353,0.11954977193922438,0.02546567203015569,-0.005585912511310281,0.11945224189215048,0.0692946985545603,-0.005795911055277999,0.19335773221748914,-0.012989052335897176,0.015036320354677358,0.0819894753714471,0.04805044669227001,0.23422652971926053,0.06330952592337658,0.07400938291231461,0.03129481762846572
1826.0,0.004892504634287244,0.14018818144617595,0.057308948494523004,-0.003783904412834353,0.11381149144389682,0.13980782644099413,-0.0314222825432182,0.18223955852099877,-0.029831630984493616,0.05349185909198316,0.1479618716619724,0.027026101383980893,0.19419234298259122,0.0755671346714317,0.08938510265513724,0.015633592030130174
1827.0,0.014002442308752673,0.1493692827552302,0.07351225467614553,-0.007674426358416357,0.09267241555134287,0.17427276621819243,-0.05640149519359361,0.167449773861747,-0.04075000579964087,0.08513076483500613,0.18410035478793735,0.011603911698020003,0.1322810191623595,0.07796810658541553,0.09393189519101557,-0.005141318391666298
1828.0,0.03816874809025395,0.14465481000305538,0.06571188117169746,-0.02048631898336868,0.0578908830335383,0.16960462829938092,-0.07272018270231548,0.14833151628294006,-0.043093346980037306,0.11047036038437781,0.1821000534380826,0.003063982715207665,0.0656379441438745,0.06685298305508637,0.08144022389700928,-0.024310532846246555
1829.0,0.07206721211544087,0.1262483153839342,0.031889867487605125,-0.04179914718519775,0.015597084538379366,0.13168763136517161,-0.07319608287490718,0.12304408874430307,-0.03511056079956594,0.1310860682108568,0.14134587818170644,-0.0007410500503581789,0.01409070211627671,0.04021540941052521,0.05128735153920669,-0.03492528027382321
1830.0,0.10699654137468419,0.0959476711129691,-0.020839635068310644,-0.0656715708463449,-0.024697385731997777,0.07340404677398261,-0.056172395749850945,0.09040282893806499,-0.01696835400358335,0.14657644418520632,0.07071888735020218,-0.0038731088645288635,-0.00756995568381407,-0.0015286704674476112,0.010098530151258854,-0.0338667124465854
1831.0,0.13497326864284706,0.05623579435888553,-0.07755690895149345,-0.08211203310650676,-0.053467455124830386,0.012156395323106436,-0.026722178593203073,0.05094022059484581,0.008641152209038803,0.15397471474981714,-0.01306020497331192,-0.010815204478521039,0.004314872610240159,-0.05573606940171157,-0.030070976525909097,-0.023078300423281163
1832.0,0.1511820014035245,0.010148929958513046,-0.12041515134458004,-0.08198484166375075,-0.06499411103191761,-0.033648004120308043,0.006777377916438899,0.007288699318964112,0.03657297726699824,0.14929863372664742,-0.0911904280518177,-0.024784519462138867,0.04146357417891605,-0.11714119371878415,-0.058395766742441,-0.007649088405836715
1833.0,0.15431762512855968,-0.03813304166432387,-0.13451674406675712,-0.06269114089610152,-0.05905156795741671,-0.049615558904654286,0.0376274606283268,-0.03562870930939985,0.060848247422919985,0.13025432515495414,-0.14877408289528118,-0.04565084761879346,0.08858722724242564,-0.17743723367444209,-0.07161849484966046,0.007555789134376613
1834.0,0.14564231406106493,-0.08210834210653553,-0.11251079894994179,-0.030600343551685776,-0.03967510799082445,-0.030494018020429864,0.06315402344334917,-0.07134472240531388,0.07733661334963271,0.09877252947596538,-0.17771165321765417,-0.06883306307860634,0.1304427677063249,-0.2267151236941197,-0.07416643061456227,0.01977947935930017
1835.0,0.1279492171328821,-0.11233132766723436,-0.0567918064593553,0.0018981002914432612,-0.012598029232037714,0.018066151946770095,0.08319235155294699,-0.0941873913705142,0.08540219224918588,0.0619371354489376,-0.17676680092441252,-0.08669208343271964,0.1564707321854836,-0.25649964302197653,-0.07333875622427607,0.02754717601361521
1836.0,0.10492805039653876,-0.11853247400016469,0.020962092966247056,0.022824209684967924,0.016504469827008105,0.08308730634282153,0.09722729785816782,-0.10202738958011809,0.08694881095495768,0.030197255557425307,-0.1500144000792311,-0.09180538044682952,0.16194534184799328,-0.26197337041177315,-0.07470405195552983,0.029602590324147693
1837.0,0.08050753897088099,-0.09491397296618355,0.10284341812340629,0.026554795811766833,0.042781180062941404,0.15022358518253362,0.10311720679720282,-0.09748054415104863,0.08359986693023416,0.012975022612809166,-0.10397632026417662,-0.07998772658625972,0.14758116438735194,-0.2418586908858193,-0.0792874589735646,0.025825209156104114
1838.0,0.05791987175007512,-0.045238289027949824,0.16975550868185507,0.016459986846660727,0.06315778335659361,0.2072128645735132,0.09798561534224688,-0.08675174551726096,0.07460078213928684,0.01360722202952662,-0.04494116976241724,-0.05180568677710699,0.11862888487970628,-0.19714074721695468,-0.08206461335345636,0.018393780002920794
1839.0,0.03903318521677383,0.016924956804792102,0.20656380377081435,0.0032097180476634824,0.07717307429710624,0.2441453935173845,0.08032304023577899,-0.07685870925425065,0.05734827292425961,0.026617285811630954,0.020708212209403828,-0.012603549697952507,0.08286805623245576,-0.13106937682532013,-0.0734970765981163,0.01077305844166417
1840.0,0.024443309568562284,0.07384088130710696,0.20520139014344382,-0.0007501588852338252,0.08626211411136588,0.25411834657566085,0.05218999568309984,-0.07270385649593855,0.029808339701068356,0.03955164889621928,0.08375973915166052,0.029051529269618983,0.04781211095117507,-0.05100367491193281,-0.04551850617416209,0.0051705898415528445
1841.0,0.01406717711382023,0.11115534979041042,0.16557875992555168,0.01204368985661037,0.09170528239801888,0.23577731586249318,0.019915374051503884,-0.07503778909561337,-0.007201098833176924,0.03917858356494568,0.13192677542198422,0.06440803014174733,0.018595037983426734,0.03033714004250805,0.0010974440409492895,0.0008802159206933054
1842.0,0.0076940315665161895,0.12222560883245696,0.09555739082805213,0.040074166765266914,0.09296674378750158,0.194768033618039,-0.008151626514757707,-0.0797169332068744,-0.04875438929278762,0.018956890622732096,0.1544509200855437,0.08733423546472834,-0.0028867428110422463,0.09708881441071408,0.053983668447010746,-0.005017997529791806
1843.0,0.005154241994258883,0.10772130401143984,0.009906486252134744,0.07398324337597278,0.08754007634721103,0.14155010804636398,-0.025748676547741357,-0.07889056072261448,-0.08577497916200416,-0.016776319191554756,0.14785799728032337,0.09483314529287898,-0.017804190969958705,0.1357034832851424,0.09442454927053355,-0.01509513993765587
1844.0,0.005933919816275336,0.07285178921744963,-0.0728006387120089,0.10160944206882981,0.07232556852436027,0.08698687257696244,-0.031494317415736356,-0.06485415378169111,-0.1072482828170794,-0.05516523016901793,0.11786001224113879,0.08586758690041132,-0.02928482846836191,0.1401897648371323,0.10750531322990112,-0.02902302310402763
1845.0,0.008494065474247655,0.025177589313651435,-0.13489471347024776,0.1135934166939166,0.04572015680413163,0.03903778403248414,-0.028631983366094797,-0.03559537962932302,-0.10524437072217116,-0.08314640965066092,0.07607219313540063,0.06103810221963757,-0.041259559354275596,0.11391619279436521,0.08950610240910556,-0.04329759931291007
1846.0,0.010232832802438451,-0.026276128877455698,-0.16403558393894885,0.10690218915808707,0.009092419632124827,0.0023231138626144485,-0.0227770364873832,0.0013079349837592895,-0.0801941941623766,-0.09668036907026685,0.03430146490576134,0.023530647436148053,-0.05813011041041737,0.06775865521165793,0.047429138640090754,-0.0542828720830389
1847.0,0.00869840772907678,-0.07216961332740528,-0.15587594084937612,0.08528587449436488,-0.03315476006343242,-0.020861374960438387,-0.019583192109704037,0.029837891482007866,-0.042062644077297935,-0.10445037315184916,0.0002615773275110085,-0.020905430925710986,-0.08376576342649521,0.01627901103884987,-0.0068641262769368674,-0.0621839319059562
1848.0,0.0032832726475758092,-0.10538642260606443,-0.11456891655160743,0.05686086382409569,-0.07478739391618452,-0.030869215659316187,-0.02319788310938118,0.03235283011695606,-0.005855227898801506,-0.12283439974588597,-0.023652185691738947,-0.0658209344498494,-0.11831035607747327,-0.026761877392609084,-0.06156988669935152,-0.07146798637248537
1849.0,-0.00411368694270649,-0.12369808395567601,-0.051362437969956945,0.0299891264546046,-0.10954448288703128,-0.0324666440745394,-0.035032613610057356,-0.0009036465490136354,0.01581045910070481,-0.16459006034000076,-0.039344009784277635,-0.10595985874736896,-0.15513812715045858,-0.05247400952762829,-0.10619098643926625,-0.08637042611266389
1850.0,-0.01026876164564416,-0.130149101949837,0.018226262679282422,0.009667485882147763,-0.13265412149844477,-0.034798351922762365,-0.05232570816156888,-0.06493725339541756,0.018750159043160804,-0.22817188315107884,-0.05091787509308285,-0.13773391240511138,-0.182089324830619,-0.058772023066529115,-0.13124916005606896,-0.10540148083887382
1851.0,-0.012727670603153133,-0.13019375576666345,0.07807583500636922,-0.003408018987094686,-0.1416953637968611,-0.04743811508669587,-0.06770075171178942,-0.14050148461199596,0.008496163207668979,-0.2950650654611186,-0.06235591437114274,-0.15860015512379674,-0.1877564098578602,-0.04925516813840335,-0.12936947694844506,-0.12015634218276464
1852.0,-0.010940352292308437,-0.12761922026277986,0.11519414440058645,-0.011027193329388573,-0.13739936843272357,-0.0749490729027393,-0.0718187467192527,-0.20241536658333673,-0.004043753398511547,-0.3379858501397309,-0.07623496129432987,-0.16622278053925357,-0.1688776129953128,-0.03049866258164941,-0.09853635746189816,-0.11988608380645085
1853.0,-0.005955276501720814,-0.12277090830915123,0.12246122909033472,-0.01509619100797575,-0.12445004412380305,-0.11443036654819129,-0.05866033233365423,-0.23084198777099338,-0.009838411190162108,-0.3356859128038729,-0.09401283960914573,-0.1583057748289376,-0.13335534847191438,-0.010065837197009668,-0.04505285627745231,-0.09834387227933784
1854.0,0.00033732786557565895,-0.11421084991290453,0.0996603597706902,-0.016670409105072254,-0.1107737052352236,-0.15757090215307204,-0.02965106860660352,-0.2189186149245256,-0.0070551794524062374,-0.2851894924919966,-0.11630701380437902,-0.13363840874020586,-0.09641426465984214,0.004636321829411193,0.01787199000521002,-0.05788397778453532
1855.0,0.005854160089008014,-0.10144214466356212,0.05315733683840998,-0.016203511023059197,-0.10421918510221283,-0.19501079445620365,0.0066298909672746105,-0.17354903266847457,-0.0010232331636352522,-0.20373781218260173,-0.14164261573084913,-0.09362695400188906,-0.07245362924271966,0.00867269889304041,0.07606037995589991,-0.008481614142856723
1856.0,0.00871256155090609,-0.08587910196157109,-0.004989672637203768,-0.013731021879301494,-0.10799548578267584,-0.22041570994074405,0.03871924247311359,-0.11096923906698686,0.000626366785599901,-0.11989907045942723,-0.16487573593358262,-0.042794678103112146,-0.06780428010444045,0.0031630631456022267,0.1197403495817279,0.03687331555186493
1857.0,0.00690998122675901,-0.06964869310972863,-0.05901128842802313,-0.008703954922814915,-0.1178616964326514,-0.2327437106692566,0.05739881721572912,-0.05031356035930917,-0.006143334260273424,-0.06009195821844503,-0.17799718235166526,0.012044516815609316,-0.07846147961814263,-0.0036713315050523436,0.1445271164966293,0.06747496987883889
1858.0,-0.0023933870735197214,-0.0540883504978985,-0.09399740581395213,-0.0003070527458531972,-0.12340162208053303,-0.23551930937141793,0.05870271375850013,-0.007237026128046076,-0.018865727336212633,-0.038007236785299575,-0.17428626320330323,0.06271876883178765,-0.09390577670812068,-0.001095796486013413,0.14938839020329472,0.07836717737500316
1859.0,-0.02234424497266107,-0.03988003628480326,-0.10224385132162507,0.011435889467805401,-0.11316732407577519,-0.23323817324494237,0.04375541502648017,0.01092325234992172,-0.030529320918908552,-0.05098002137480969,-0.1534594209458033,0.10033335268098288,-0.10466171681524737,0.01641729999263648,0.13474353409052356,0.07052204766298684
1860.0,-0.05384408140180718,-0.028816011783258686,-0.08727699110386052,0.02475564927375792,-0.0807747928828451,-0.22756003958281334,0.0166020273705757,0.006581981016292379,-0.03489952742291177,-0.08323928905337162,-0.12360735657115332,0.1169126501547315,-0.10860634564420317,0.044620974577926714,0.10209055439024253,0.048344979998215
1861.0,-0.09298477499624964,-0.025135303746793545,-0.06224460572420882,0.036511394762286695,-0.02855758522458406,-0.21654348756276007,-0.01772014817015574,-0.01086221916205473,-0.030910376201375545,-0.11351215377597815,-0.09756286522044093,0.10850318761228728,-0.11130545916401165,0.07198708069632305,0.05481935270545047,0.016895749476697194
1862.0,-0.1313371258360134,-0.03419292807392235,-0.04325441071190171,0.04357800992769197,0.03278462664178275,-0.19741068166749043,-0.053696609781977274,-0.03022254241350672,-0.022868438032284538,-0.12345908904718267,-0.08564206689805602,0.07766781964198541,-0.11918631052320112,0.08681375947729726,-0.0009840383013448152,-0.01912560088320777
1863.0,-0.15937356269893782,-0.058446289161469295,-0.04105067886989123,0.04408712844789611,0.08802362057336534,-0.16998465388734918,-0.08525818179351154,-0.04295248381852556,-0.017368998566133755,-0.10352443390259616,-0.0894996402337779,0.033175641032465154,-0.13023487028766745,0.08303132903852843,-0.057250449328355255,-0.05446373200095235
1864.0,-0.17044037744047266,-0.09367240432103037,-0.05544107967347234,0.038086651293625255,0.12298251588140888,-0.13762701286769313,-0.10621632506125554,-0.0445982775949068,-0.020084211209826036,-0.05476595634944964,-0.10093234855375592,-0.012868906645445143,-0.13103499987017359,0.06166121479949677,-0.10662720463806381,-0.081894454841498
1865.0,-0.16271328450175013,-0.1289063434066259,-0.0758210160115279,0.02790836941081129,0.12960001647339522,-0.10509155323971085,-0.11128243058358363,-0.03367430567224907,-0.03391404704608787,0.012394783445254149,-0.10605701360767551,-0.04878660875258294,-0.1047713451500785,0.02916273136131944,-0.14520174988556359,-0.0923702372343223
1866.0,-0.13868910077980268,-0.15070464523438887,-0.08737399518560827,0.01784725304914939,0.10848660836413747,-0.07518436633638183,-0.09732757939524075,-0.010717564523614675,-0.057861711738294505,0.08150574540593652,-0.09205701238232428,-0.06674792527057204,-0.04446993324934905,-0.005286749647235886,-0.1728153665684052,-0.07839641415034644
1867.0,-0.10331980959260018,-0.14890057844896865,-0.07886929345190108,0.01228572354331572,0.06810162482931358,-0.046552014703103606,-0.06460616299988245,0.020732785951052657,-0.08636270192637989,0.13541947621511582,-0.052639938879533776,-0.06493804874417695,0.039485753796872095,-0.03281736468088612,-0.19130568303548998,-0.03978927346352171
1868.0,-0.06215542182147619,-0.12043358236289506,-0.04769642224489498,0.012975420828374466,0.021082805888945146,-0.013588281340735333,-0.017614564282969362,0.05335644160951549,-0.10995136448377976,0.16259787198929787,0.01017068422881188,-0.047465971351550534,0.12324823171350795,-0.04766342227424756,-0.2026047882723345,0.012593144013907582
1869.0,-0.020433029795638984,-0.06992899622641108,-0.0002708744960904657,0.01791680160526587,-0.02054074291338601,0.03153703645228758,0.03498085604318374,0.07826430874934438,-0.11794985649734387,0.16157102336428233,0.087418194849518,-0.021927452313883503,0.1809651197248909,-0.0483775057747258,-0.2072883808683253,0.05961589815536486
1870.0,0.01687548958622891,-0.007667190116078619,0.05135913065617257,0.023112341616942554,-0.04894112688581617,0.09481950002233543,0.08207243828385351,0.08914581956916194,-0.10275264327436721,0.14102625092765358,0.1657043820153393,0.0039556702093751,0.19567656582945558,-0.036759665963112205,-0.20331287402063108,0.08281793037753235
1871.0,0.044912256181799254,0.05407347323871714,0.0942624842620519,0.025512213353429732,-0.06152002318611244,0.1759756739563018,0.11347381347885246,0.08516301402932996,-0.06397170555881619,0.11554046015685689,0.2300649140785499,0.02489765937194326,0.16457452418450455,-0.01609078911360613,-0.18573682227950652,0.07413559971382189
1872.0,0.059484157735972897,0.10517998060017221,0.11832682993217812,0.0243968991470369,-0.05991480620188209,0.266939615050712,0.12359212698538292,0.07112466104445472,-0.009908090804326865,0.09921235535862756,0.26796949569070455,0.039179665863490205,0.0983793380903534,0.009150511227834834,-0.14898348479411838,0.040164140928489814
1873.0,0.05834079510387741,0.14066382266087163,0.1182966835140176,0.02046314930760714,-0.048207410925669256,0.3543818661007517,0.11350994918085747,0.055386593691490245,0.045176629999454106,0.10015646248666675,0.27358802673236504,0.04836018412440954,0.016918923953249877,0.03260231742018627,-0.0911332015712212,-0.00161573480350344
1874.0,0.04265658196996805,0.16117064007296808,0.09501333776166251,0.014498549364867516,-0.03090538486030673,0.42340617947576287,0.0900300170249899,0.04644724750562583,0.08677574690171398,0.11841371669692635,0.249237427230254,0.055398359361785644,-0.057049617887257355,0.04718042824914085,-0.016794076206821495,-0.032142270853264265
1875.0,0.017932449722638577,0.17141060774433767,0.0559809580543946,0.0073658245078745644,-0.011090339658683904,0.45963813910605367,0.061985503911008266,0.049256820300185064,0.10555576334630938,0.1478723031472756,0.2028400277460539,0.061808825951110404,-0.10416856443304952,0.048777798400274235,0.06376854246755183,-0.0400075638812136
1876.0,-0.006778060299104547,0.17790040314394873,0.013792346865122953,0.0005496104812851015,0.010395407344791417,0.4503521214814463,0.036405512118810886,0.06281966296085593,0.09987115516870536,0.1799477280892601,0.14445234315379124,0.06598186946780141,-0.11327729618291142,0.03906464243337412,0.13770195714317734,-0.025599453896465476
1877.0,-0.021935963981475626,0.18674360881361093,-0.01856129352867328,-0.004380171485799213,0.03399953372899567,0.3868705854419718,0.017030230499547612,0.081215633526184,0.07507991786086629,0.2061585494662584,0.08473949209407784,0.06446248516259163,-0.08389440084313983,0.023773707383037454,0.19226837087309925,0.0013283460380516371
1878.0,-0.02184102038902558,0.20100048990885963,-0.03353369677222725,-0.0073372022187074976,0.05933420404324649,0.2688753470925809,0.004994442945606151,0.09808460752205206,0.04075127565963445,0.21910274026605567,0.03416658650971123,0.05536855488963416,-0.02674533413759316,0.007677047370875732,0.2164104002858541,0.028019405121393916
1879.0,-0.007724718326140358,0.21798668857107487,-0.032095846651754405,-0.010576352581386807,0.08371417313261642,0.10865149634388012,-0.0001308400158498258,0.11088493265463273,0.0071095115792664115,0.2131976684523046,0.0007192204988612068,0.040895295088899004,0.03823592853470447,-0.008475049295137805,0.2022739159551569,0.04458473275619937
1880.0,0.01261446052661291,0.22890171131742348,-0.02173786594736116,-0.017291136364734967,0.10261831796410496,-0.06846688406808256,3.448767519595796e-05,0.12120301886777057,-0.017737834222227546,0.1858622043839516,-0.01298369319920263,0.026463408194146897,0.08760850858757412,-0.025926690336290466,0.1486115146181086,0.0467672117133608
1881.0,0.028809716200508106,0.222727277079835,-0.010835376601939426,-0.028511874482104887,0.11160636016586688,-0.22986691234213807,0.0026266746684691154,0.13140252812405734,-0.028679391834322603,0.1387932937553589,-0.010504927299967897,0.017038607030878075,0.10265844541926752,-0.04339435197269433,0.06544738569973041,0.03601751107572257
1882.0,0.033382970606993946,0.19262428445659568,-0.003496873465070392,-0.04115950988538966,0.10835391903552506,-0.3460955361249882,0.0037699927690212636,0.14086954001370963,-0.02301515364125763,0.07899646579778535,0.0008417221116990649,0.013644990676230956,0.07650936480335892,-0.05503653831827113,-0.02535172522042545,0.01808934470864837
1883.0,0.02551960958072321,0.14021104217321745,0.0017458327897009191,-0.04964062464714536,0.09362027340280003,-0.4011679218835852,-0.000443697415670783,0.14495537495923552,0.00015377644031078534,0.01874972581700625,0.013889641686171184,0.012914128508439671,0.016687087305314804,-0.05335704679264564,-0.09768295940728454,0.0003116059514319767
1884.0,0.011069180589369076,0.07479920202401008,0.009477517684991605,-0.049872644521516164,0.07067741510730705,-0.3970874436500128,-0.012354943128397905,0.13756491667167461,0.03965611944476595,-0.02712839224854534,0.02381846157608919,0.009784036819658977,-0.05819913945091744,-0.035131527396816874,-0.13272045093425686,-0.012109768432307082
1885.0,-0.0009581087826774153,0.00890903759658227,0.023634774962518208,-0.04222074399916602,0.04368765385635804,-0.34969924427686155,-0.03122820888897314,0.11544622962935142,0.09132161012573616,-0.04696506022282229,0.027589708151670205,0.0007254295010487158,-0.12637344274545842,-0.005556849118860187,-0.12619085876204045,-0.01896219252356091
1886.0,-0.003082628323613177,-0.04651517241238055,0.044823869868574666,-0.031319864463415524,0.01600912447525392,-0.2793559242497569,-0.0528618174352263,0.08065454898197451,0.14756542191940358,-0.037833432522954596,0.02275497017966227,-0.01494357993437149,-0.1713345046697682,0.02308527184764833,-0.08833367574769412,-0.025183806393787193
1887.0,0.007374748262148263,-0.08452574650094738,0.0699586249501404,-0.023511422965809887,-0.010556574343715009,-0.20348148642651326,-0.07064478362339713,0.039151203970888115,0.1989212793468355,-0.007009958440571004,0.008049593795503818,-0.035439030222135785,-0.18590788499171623,0.03765159205255952,-0.038395903697510246,-0.037735098244429485
1888.0,0.027509789356802573,-0.10159830717017757,0.09380697243380513,-0.02354066119739056,-0.035023738119163886,-0.13424677181911918,-0.07710087240267657,-0.0029084938921112705,0.23740553283066257,0.03139068815681326,-0.014473591768166533,-0.05696666994041081,-0.17054721218065053,0.031220753590941733,0.0037267066363247383,-0.06015140922384094
1889.0,0.050212757611636294,-0.0961572948969346,0.1107264744034346,-0.03182139880767843,-0.05559495484158194,-0.07944391227935164,-0.06568674227165434,-0.041731505588907244,0.25936819073104894,0.06147814495379452,-0.03855199206125441,-0.07412793924161189,-0.12952136971677378,0.006980904297838728,0.025196754887477885,-0.08794132267514271
1890.0,0.06747892527394495,-0.06916271332752916,0.11536322521042568,-0.04347196275190339,-0.06864664738535574,-0.044346571953329125,-0.03406306661306247,-0.07573979315524755,0.265651391024372,0.06951256030449891,-0.0564652750086907,-0.08145517420495792,-0.06913525056848623,-0.022876164982642437,0.023364151482174234,-0.10902010035728509
1891.0,0.07476705403490962,-0.02660145158818197,0.10281186915235738,-0.05019036673104239,-0.06956916407774721,-0.03318067389528574,0.012108664769743182,-0.10403286261859704,0.2592094634771494,0.04681281853796289,-0.06415932729701834,-0.07588466174565804,0.0018579035509576512,-0.042699383897467566,0.00366148246499869,-0.11001562800260903
1892.0,0.07344136467819092,0.019585610525640087,0.06964567846548952,-0.04464168139407832,-0.05532282784035206,-0.0481598460001614,0.05870438584233993,-0.12530107697715612,0.24226046382845778,-0.007095075730849069,-0.06422361504716254,-0.0583407464366929,0.07228204173166704,-0.04084256764060417,-0.024619779200973902,-0.08422314297397222
1893.0,0.06893109011273559,0.05454260914610329,0.01638453585974732,-0.024936252051258823,-0.02697632461392363,-0.08536327572663306,0.08805762354462683,-0.13771374231041267,0.21533245584666227,-0.08155804195281753,-0.06347535073528132,-0.033184838289486936,0.13025176613475456,-0.015140435895177707,-0.051506065429936326,-0.035812909403641985
1894.0,0.06622888535817643,0.06614140619882036,-0.049968113691169526,0.003623278801879181,0.009812895472036356,-0.13066380312422185,0.08695903174364819,-0.13939432397525697,0.17877582968485103,-0.15469664449176773,-0.06654763433738195,-0.006073410234818886,0.16519130392555562,0.026566802632731232,-0.06783284879852641,0.021828185729284237
1895.0,0.0665101651312533,0.0497526469463027,-0.11598188667264182,0.030617703733697172,0.04695059000970622,-0.1610768694391242,0.05302264272148173,-0.1293820657423707,0.13472854957988362,-0.19889022645238622,-0.07043777360708035,0.01801007917075837,0.16905503767795885,0.07055426399374323,-0.06658163819103226,0.07158841071353012
1896.0,0.06683714448257899,0.009485289357249975,-0.16578066079026113,0.04532002517419271,0.07712051092571451,-0.15380177355752472,-0.004397062631377921,-0.10877462927642027,0.08716955421167917,-0.1920455351570591,-0.06468688054050051,0.03532928592841872,0.138186003480914,0.10321812958821533,-0.045194264271977015,0.09856444020556174
1897.0,0.062406210496868494,-0.04416204759462789,-0.1871754993380359,0.04171110762093305,0.09575217018326501,-0.09829662304846745,-0.06876273617814335,-0.08074624733409627,0.039910577931891074,-0.12999319197400083,-0.03774607847608007,0.04340432159857195,0.07693180101430062,0.11624838852398817,-0.007297731900612334,0.09485317740283734
1898.0,0.049832984873490055,-0.09788709307727309,-0.17654106093744573,0.021254324659004287,0.10124700601591459,-0.002555541815651307,-0.12291026351756,-0.049052236904859,-0.005387235721207984,-0.031423719498889585,0.015202094516352942,0.04186077337795372,-8.158938038639441e-07,0.10930739634000701,0.038287580942989625,0.06269594365863258
1899.0,0.0296650201174897,-0.13845311961585735,-0.13975894310241946,-0.00772363329672563,0.09483256982077554,0.11106189959735342,-0.15420702435567085,-0.01685809890019845,-0.04909148503191321,0.07023190339320055,0.08909154969474728,0.03335793862953176,-0.07086969932885893,0.08936116148344887,0.08053111056614666,0.014274362079961947
1900.0,0.006380199195128331,-0.15541613007371843,-0.08886284130206909,-0.03392855652364032,0.08042295935092657,0.21637331702081455,-0.1572316754310082,0.012779655574760213,-0.0915628049534748,0.14358210878375607,0.17190904627364964,0.022659503379738356,-0.11540867537363791,0.06682442462878857,0.1094173360360847,-0.03305764181503637
1901.0,-0.014399754732520403,-0.14440071146820926,-0.03685232052247914,-0.04864153054461782,0.06335674475856047,0.2929380978999694,-0.13415107059047188,0.03607605736090607,-0.1312214388353251,0.17327601724699285,0.24982686950967875,0.013957048086285615,-0.1230259379022697,0.050221774009748345,0.11930465988499661,-0.06383411065547376
1902.0,-0.029520340494228886,-0.10909748576572058,0.006065586042959312,-0.04974129057393028,0.04805230498670572,0.33120476598310283,-0.0929184019550704,0.04923949502974257,-0.16438159516297812,0.1629829570604487,0.31043398483287826,0.008664328364390513,-0.09601143226931438,0.04213919117330963,0.11161162860799033,-0.06958681910297304
1903.0,-0.03988085615967174,-0.05990835885803263,0.03359123478731659,-0.04183293194071764,0.03618782509262648,0.3330939864341136,-0.043863478464961116,0.05063694105855069,-0.1871418913524315,0.1281658122326405,0.3432275736276102,0.005392330983498872,-0.04723734265572636,0.0384684186701512,0.09423782736672404,-0.049892511633524844
1904.0,-0.048648011129513356,-0.009982619695802981,0.042826032405103756,-0.03298640306672871,0.026345142304525063,0.3082892752398099,0.0038368738840384347,0.04230303215118363,-0.19809745825785996,0.08554971221048965,0.3394076677360469,0.001704227815999041,0.0053545268930096064,0.030720518375408564,0.07726067914769034,-0.010510251907246592
1905.0,-0.05779022504265569,0.028813424544397184,0.03361175296067471,-0.030335645534262604,0.014949347253208567,0.2684097127392737,0.044304026414002155,0.029182672020524502,-0.19971837031645281,0.04557862048970098,0.29328172024292426,-0.004281879494109958,0.04495390932174357,0.009778595775934077,0.06798302459997578,0.0394178871077168
1906.0,-0.06633359493587822,0.048498555984624624,0.008348302018860566,-0.03666319501581974,-0.0018468496053256835,0.22308767331345233,0.07508278938274383,0.016667764405458363,-0.19719356736791033,0.010201400818836106,0.2051004497419111,-0.013721237324820643,0.061468310625937106,-0.030238170855839488,0.06838864229612247,0.09035049714776448
1907.0,-0.07184474194229849,0.0464545382898445,-0.0279672351421178,-0.04934836813591796,-0.02608063781135975,0.17923939183801807,0.09569396012716427,0.008064628611150846,-0.1955743459192139,-0.0244239953802223,0.08341737227163212,-0.027324976012299405,0.055551343980242696,-0.08873057529140611,0.07570126440790295,0.13498198345561585
1908.0,-0.07325007926753656,0.026365480540524545,-0.06823376156019262,-0.06192563525898865,-0.05684730771859497,0.141066370825062,0.10606716293721516,0.0032412769757099963,-0.1971808943133786,-0.06225800111399509,-0.054256892501918834,-0.04438339078441128,0.03905181339484892,-0.15698099442691735,0.08481171012328909,0.16912103451351815
1909.0,-0.07201909750973665,-0.0019537895533099803,-0.10493555277054889,-0.0673605755491418,-0.0905910422215479,0.10910100752554647,0.10619304134017787,-0.0009352263485461632,-0.2007011176673139,-0.10222804344125669,-0.1833621802297535,-0.061108943276455066,0.030072254613308556,-0.21955693276782753,0.0905099152957843,0.19034806754421918
1910.0,-0.07058623644909325,-0.025066599310883838,-0.13232587371656107,-0.06151747048093333,-0.12226011441679956,0.07938953391413282,0.09670777619765421,-0.008508602750582699,-0.2018104495207214,-0.13701290352806741,-0.277910551915701,-0.07091136333593583,0.043729532914031796,-0.2591113596644417,0.08850768987052554,0.19622250771422067
1911.0,-0.069624971453201,-0.030730287796657072,-0.1470228016974566,-0.04510168061556097,-0.1466825559833129,0.044694450798081625,0.07920988553242221,-0.021678687496106165,-0.1946574218267227,-0.15668618023846786,-0.31933888523583215,-0.06753507103705346,0.08318613440894766,-0.2626695743934128,0.07607662692081413,0.1840083252199764
1912.0,-0.06696724051621947,-0.013075531924885881,-0.14644922567929863,-0.023138376633585273,-0.16010688725742434,-0.0015800637786813577,0.05615404919041209,-0.038895817867533836,-0.17484670952630088,-0.15517197645698852,-0.3046378688696484,-0.04879831718411531,0.13633077572693192,-0.22663495816567678,0.05294393285379518,0.15214641786206828
1913.0,-0.05941316749980122,0.024349125238712258,-0.12761324814761843,-0.0026099321919486403,-0.1615380048546564,-0.06054223403988447,0.03100483262006404,-0.05507799380619096,-0.14391360945334375,-0.13529872043684482,-0.24821304475853082,-0.018155766510766436,0.18035758100943447,-0.15867884291547107,0.02165374896710369,0.10252775071769722
1914.0,-0.045819192419303996,0.06939975035646093,-0.08874297671057929,0.010346537960454764,-0.15257440095595864,-0.12539672175389893,0.00850255665574089,-0.06400282295625087,-0.11167365889757876,-0.10805375330685688,-0.17533382523066143,0.0166358604214579,0.1921122399721061,-0.07594309954998482,-0.013258737296249296,0.04231826428070012
1915.0,-0.028413280325507974,0.10616042293211307,-0.03274070811476874,0.012450455305608963,-0.13538207013310277,-0.18317249910140326,-0.006167432490098745,-0.06129166989068795,-0.0922633052482902,-0.08546142438373777,-0.1113437286134654,0.046543021845790906,0.15945957884252285,-0.00011795168803106061,-0.046756557114646075,-0.016388416103990056
1916.0,-0.011084218570982643,0.12146820951148536,0.031323187059465823,0.0037165936651702897,-0.11067860775057056,-0.21981193880910535,-0.009935156592828016,-0.045906310627960065,-0.09515261807119328,-0.07230071022168026,-0.07365614892373835,0.0643554210357069,0.08825068358568776,0.04934599244756043,-0.07456865717305859,-0.06034579703405216
1917.0,0.0032524221315444546,0.10951092757080627,0.09094957457416118,-0.013379584618240816,-0.07785301265684455,-0.22646245349910446,-0.004584894833103974,-0.019678686379756775,-0.11769385084462641,-0.0635582821279077,-0.06951593119328661,0.06684595629519771,0.0007847949817477955,0.06202589127051058,-0.09354749083729222,-0.08073877156483612
1918.0,0.013614264775484169,0.07272911404049807,0.135537434705976,-0.0348100441393265,-0.037226759141991,-0.2035886948417279,0.0031148195893362855,0.013712770532173525,-0.14495829355748227,-0.04970232886036165,-0.09654752412397823,0.05547290204397699,-0.07407643744970493,0.040441296660168914,-0.10116883967176626,-0.07647385582601751
1919.0,0.020266183830434176,0.020094334747783896,0.16062271243647097,-0.05546026489666261,0.007554428690871294,-0.15998490944281366,0.004783660213045066,0.04917634855809942,-0.15719755485819906,-0.025130029969502463,-0.14302209636719176,0.035379951205147295,-0.11362577528909891,-0.001276173812953745,-0.0956575257451981,-0.052939099180181165
1920.0,0.02384260950001369,-0.035660645050194575,0.1686056243415293,-0.06967389765716389,0.04914246906674558,-0.10744606945337794,-0.004849086323031287,0.08060970701092325,-0.14007277691511283,0.007105199484757437,-0.18937600291338932,0.013206859051158234,-0.1099233333844949,-0.04326270932789532,-0.07789472184679683,-0.018390244402022835
1921.0,0.02497055159649885,-0.08131905077842183,0.16615217983369043,-0.07233131954050706,0.07856425146531663,-0.05527232651902141,-0.024989917104496707,0.10236916130170563,-0.09170586573537262,0.03719806418071868,-0.2138923330812586,-0.004838938650096234,-0.07080875648644934,-0.06705609376128355,-0.05340747229047833,0.01861603457029298
1922.0,0.02446136558803692,-0.10683624713754018,0.1599565684850346,-0.06046885326734051,0.08829270979302802,-0.008372713362689395,-0.049440629364724445,0.11151390226371634,-0.02379507478549052,0.05426295925839013,-0.20185216310004359,-0.013717837513950941,-0.014143128311783396,-0.06118329308843089,-0.03153760598047493,0.05011689131101289
1923.0,0.023767031856243865,-0.10871504686489511,0.1526858075959999,-0.03490836895428714,0.07473767382050675,0.03087103183790406,-0.07031745750735471,0.10911255332211814,0.042736249282813416,0.05116213353038963,-0.15318315093846724,-0.010075952729577942,0.04047129003387432,-0.024252720383610215,-0.021532429541702914,0.0695117894882849
1924.0,0.0247344055532248,-0.09145746825619187,0.14114361764712846,-0.0007967049777390735,0.03986917896015184,0.060055278270267215,-0.08207670843033951,0.09932923882456089,0.08613372301901971,0.026710542637531507,-0.08279983868763063,0.006109918142339867,0.07753267197438743,0.03484061317006577,-0.028364244842239376,0.07290837583343185
1925.0,0.0281632469513813,-0.06544244416278505,0.11843011175789701,0.03357113818156368,-0.008215257101760177,0.07611021635086265,-0.0832912972097955,0.08676233974354192,0.0935458600064527,-0.013939400979761984,-0.012561390804838054,0.029685303792348884,0.08781940729822599,0.10006414901904472,-0.05117300418646456,0.06027372245591825
1926.0,0.03244999984738796,-0.041896871757528466,0.07947710283457096,0.059168304009972826,-0.05691962030072172,0.07617507996065755,-0.07603108268223524,0.07368886434280698,0.067125662197298,-0.06046748595745642,0.03940922634909774,0.05090307624042492,0.06900759260564467,0.1541957705243938,-0.08450110481967066,0.03538294130783634
1927.0,0.03409080428138865,-0.028400550462657933,0.026373546639394573,0.06905269545327167,-0.09326240149948987,0.058465560370477565,-0.06423829846924949,0.05866667629331313,0.022321070802798024,-0.10065448945598549,0.06479314341396339,0.05950615102642639,0.025803007006283324,0.18520723450934806,-0.11997824768872424,0.004291329452721423
1928.0,0.030015006633652464,-0.027917992312738015,-0.030339805392405005,0.06076937826161678,-0.10858476687823418,0.02320395646121778,-0.052005840842015406,0.03735504428664244,-0.020325219172412173,-0.12449563099954926,0.06484798215975031,0.050308111278282906,-0.030940684050944908,0.18992385143177382,-0.14698062290024835,-0.026653617719888195
1929.0,0.020065695543389873,-0.04053705548416453,-0.07557378054828749,0.037422473779352976,-0.10135164007459047,-0.025504247899368938,-0.04211463648956738,0.005557613983497136,-0.0438423947211234,-0.12634609557647614,0.04758579496407438,0.026638762196671648,-0.08671760317450122,0.17341026933864695,-0.15376565108478127,-0.05192019762197201
1930.0,0.008062360475067502,-0.06443717509704988,-0.09680437873013774,0.006781889229901138,-0.07666413993221778,-0.07823769011018299,-0.0353062816918133,-0.037305578375347065,-0.03939733562326931,-0.10451331531975543,0.024945950259962567,-0.0012853958061135899,-0.12771122628343354,0.14510578672639157,-0.13095442097652948,-0.0675183437529564
1931.0,0.0007788111455583025,-0.09453159687730492,-0.09022590618061924,-0.021378855934433946,-0.042944933166862695,-0.12239554772473173,-0.030455324111309977,-0.08671337683760678,-0.006741540418605639,-0.06079484413536899,0.00913935404706048,-0.022523125976311918,-0.14534042993745103,0.1139892369167953,-0.07623472355992952,-0.07265168376932368
1932.0,0.005132916132054924,-0.12112516907307525,-0.06197241314283522,-0.03862063375063509,-0.008195263381433717,-0.14759931322680134,-0.02546174701504689,-0.13415971093061416,0.04743002428810729,-0.0017924558237951316,0.008062924592193446,-0.031379111918828875,-0.1379471766391032,0.08524521705547962,0.0027782306614097863,-0.07115964370044917
1933.0,0.024771830686047748,-0.13201565562195797,-0.02401712017034907,-0.040409987051780276,0.02179558333796013,-0.14949710631802723,-0.018811107391375936,-0.17001657222070038,0.11153460622909513,0.05955635600049773,0.02210371289193098,-0.02878113723856372,-0.10908987731324758,0.059945349460380874,0.08942569926257923,-0.07026039970980871
1934.0,0.05743869766716915,-0.11862850057411997,0.01174759617670135,-0.02696320995354966,0.04336812707349356,-0.1290690631250005,-0.011270080271719624,-0.1870448787259557,0.17102973500672727,0.10546244164956559,0.04419119324536859,-0.019560375760176642,-0.06498481600162051,0.036769654776523795,0.16269025875655097,-0.07652122015699428
1935.0,0.09423806293607936,-0.08241397928003619,0.03755271184928296,-0.002414208570014634,0.05470163740021454,-0.09004931161668871,-0.006305369393037045,-0.1830750632088465,0.2111812944596313,0.11886261955331569,0.06308669494315923,-0.009162578515871964,-0.013081619228951166,0.01351235477736424,0.2044935917922095,-0.09166774589679673
1936.0,0.1216615413923338,-0.03603233065088145,0.05079481225396537,0.026888190337571727,0.0560490213193108,-0.03770464880156283,-0.008191467521755471,-0.16144958827413947,0.2211858433563479,0.09062517690212114,0.06863475525772074,-0.0015991863488917417,0.038730425356292356,-0.012189924750276034,0.20718694897173506,-0.11113081626134372
1937.0,0.12630798753493794,0.002635005803687113,0.0528984125788239,0.054282481290384224,0.0498735745349382,0.021303688433561188,-0.018659791544680462,-0.12902667726431527,0.19777632607243895,0.024703354316044392,0.05645560527700328,0.001628100881596324,0.08361432158956174,-0.04169259184578644,0.17749279087406442,-0.1263614688528561
1938.0,0.10058960129611327,0.020068655762332493,0.047311383923293954,0.07461529040219222,0.04003047698594411,0.0798917826607895,-0.03440794295013932,-0.09315810010917334,0.14627729362922068,-0.061182604117097104,0.029621214310027903,0.0014070764899527797,0.11749803235071961,-0.07349543338701174,0.13317425134654248,-0.12928557883739702
1939.0,0.04689491151992943,0.01419311585414533,0.03796044007598306,0.08540767346863629,0.03011374647130354,0.13240042038888522,-0.047251172995956346,-0.05970336066691093,0.07906174361755613,-0.1401774269407431,-0.0029189536944342572,-0.0004209942520482837,0.13965141313185464,-0.10241471102564109,0.09316882239902548,-0.11619253564596034
1940.0,-0.021748559758269267,-0.005312596276027145,0.029033014498543515,0.0866793939163466,0.02233919960723793,0.17517099834536648,-0.0472549344652605,-0.03272010554061386,0.01207801861885152,-0.185483909822238,-0.029792744072223258,-0.0022453450658103313,0.15228995748597146,-0.12094845603786858,0.06844898108437338,-0.08961864874143154
1941.0,-0.08540943608264787,-0.023209518665983937,0.02547357191354501,0.07981016303607219,0.017869171675697723,0.20499222694058747,-0.02794851500738554,-0.014486807295011202,-0.039613021230969075,-0.18079400256971148,-0.04120313023645876,-0.0025720265611799496,0.15918592819873514,-0.1219683462749972,0.06017068884152517,-0.05806236612834876
1942.0,-0.12466746686125273,-0.027144524881829515,0.032159815979197266,0.06670798960238362,0.017517661971278412,0.2175083339253737,0.009021127562074464,-0.0048125174296795685,-0.06517993229248396,-0.12651629207667414,-0.03216298677906683,5.6701025760891804e-05,0.16247986227738073,-0.10166547054436235,0.06340768111246706,-0.03307560583360087
1943.0,-0.12860703385972475,-0.0134340973339349,0.05088654365651701,0.04980947254444151,0.021361530271582573,0.2080712256510383,0.05353738484182733,-0.0005036576111380403,-0.0588241071957881,-0.038094002541260864,-0.0038972002669095825,0.005946662844825206,0.1597071870806859,-0.062149475237322685,0.07045876847556555,-0.023779589378007858
1944.0,-0.09915696501696165,0.012437273074317235,0.0775667297311803,0.032155135201107646,0.027739285844297547,0.17531443559224216,0.09225936923634169,0.0037407711344484593,-0.019752765012777597,0.06178106774483835,0.03675451050429095,0.013064889632361368,0.1447868727497398,-0.012074123515360986,0.0720092857247376,-0.031540517371687775
1945.0,-0.04954716578688436,0.03982350392757736,0.10269085159002331,0.016764366388269697,0.033474384835909865,0.12454838635055267,0.11594933060552969,0.01309365024818363,0.04634511576470779,0.15126332726682734,0.07955749646168504,0.017447791700747842,0.11291698233770321,0.03617304696156078,0.05944858981321822,-0.048627167662218265
1946.0,0.001778745143349559,0.05831122770842388,0.11475587397290074,0.0056764747373026225,0.03590479426905029,0.06710417689353783,0.12342664647417638,0.030088260910969288,0.12573184866540663,0.2136832600196116,0.114201549563567,0.01536080017841991,0.06540444520467019,0.07126282750633865,0.030042086325450513,-0.06209357345788644
1947.0,0.038477692478548695,0.06189708014868018,0.10427127726584694,-0.00024102553886661386,0.035143267540501774,0.015396488218739155,0.11979883477771722,0.05287995867247335,0.19876330180717872,0.23880530130399116,0.13361477059224675,0.005955657650821225,0.010872718151315703,0.08669518385166891,-0.00912303693363498,-0.06087162339839901
1948.0,0.05189392373507184,0.05095393001985971,0.06736496138832165,-0.0002951113510630225,0.03456262521714741,-0.022678934684891055,0.11127512908068028,0.07506606586342998,0.24648779727672443,0.22364084828919464,0.13570583441792686,-0.007399574676875674,-0.03807267843751301,0.08238334811016583,-0.04394811965203103,-0.04198645098237757
1949.0,0.043131810401427106,0.031457613444845364,0.008881783300254301,0.007117134021757207,0.039076838499182094,-0.046424501702746965,0.10066470096401774,0.08750756159735444,0.2578382047047901,0.17358731682656905,0.1229066630391759,-0.01853095943181676,-0.07109074491154387,0.0643158936599824,-0.06228326342785836,-0.011652422355323565
1950.0,0.0211827914189997,0.011757382590399072,-0.056853739136662335,0.023897442431257916,0.05248330504043003,-0.0608011317094387,0.08614022696630091,0.08199785921204719,0.23282730656488784,0.10267352842424943,0.10045542089252847,-0.022108202449669406,-0.08570467989904407,0.04206619604530039,-0.061816926931825854,0.019553861304605027
1951.0,-0.0015989273505965474,-0.0011475805871115914,-0.1104156016170815,0.04962836887160341,0.07515116047037358,-0.07227656608347015,0.0635304014634024,0.055718525538750806,0.18056226234088618,0.03109941601800679,0.0743278296995413,-0.016804234406135803,-0.08836823816361784,0.024392161825691278,-0.050699000296856825,0.04325629344522743
1952.0,-0.01448904522640902,-0.003880443938330583,-0.13655760278257542,0.07923044592169284,0.10245278188472896,-0.08499169398486,0.030559961238517484,0.01417786995487598,0.1143729667747169,-0.021004648854683457,0.04884135380455084,-0.005488324972647143,-0.09002702926189844,0.015131485091385817,-0.04130992074858888,0.056354651208773844
1953.0,-0.012263796073317089,0.0027767691775023653,-0.133047115981175,0.10385005027128892,0.1248108828715483,-0.09863205584634366,-0.009669799991875346,-0.03004444227362059,0.04700227090324207,-0.04161362089394501,0.024813035919754076,0.007184659919500741,-0.09961508658387902,0.012260346646330692,-0.04221501105400084,0.05963630123193792
1954.0,0.0031079846336100354,0.014719910141127166,-0.11228411846445686,0.11517809170161383,0.13095085683473928,-0.10842016979675863,-0.0482592011840836,-0.0630574246524373,-0.012266771588113762,-0.031856760662468044,6.538406852727727e-05,0.017224966632307055,-0.11970893427519493,0.010703074721110109,-0.053683608043818845,0.05508498279616004
1955.0,0.023726217433646835,0.026507600428386888,-0.09370606856143551,0.10990563997253194,0.11378451968809372,-0.10783218712804749,-0.07379933265768422,-0.07658501693266509,-0.058019879985978434,-0.005050781246601897,-0.027737825185629738,0.021763389211974796,-0.1457783447213021,0.006288817598495884,-0.06928456399205306,0.04447917461806347
1956.0,0.03942434084573142,0.03373933381140089,-0.09215216821390226,0.09088396902955488,0.0750578068992375,-0.09274659798779207,-0.07776514535559756,-0.07176118934887375,-0.08780273329141505,0.019255869406888577,-0.058108948794274716,0.017983498015376697,-0.1684022958740859,-0.0022561781798455735,-0.0812430133748275,0.02904716385419183
1957.0,0.041928625259724704,0.03498884117927655,-0.11041163603978651,0.06468269512733409,0.025102439467880686,-0.06381878295275588,-0.05841365468741835,-0.057760087217593514,-0.10169329516614753,0.023275192744645377,-0.0866290310988893,0.0029533514485937233,-0.17696983172023084,-0.014006133718109085,-0.08465706535566336,0.009137312426002159
1958.0,0.02777599655459017,0.032916844957214475,-0.13993750358273735,0.03792760052314511,-0.022253164438161395,-0.025962771186661807,-0.02081216478825491,-0.04616290414431198,-0.10265687944789324,-0.0021481567432628103,-0.10641174003787894,-0.024373710859052947,-0.16345838011139777,-0.02763301997050705,-0.07808123823651397,-0.015683138517503276
1959.0,-0.0007714352136191542,0.033569407180525125,-0.16690673754872773,0.015023558500753726,-0.05629219189351738,0.012762834494190519,0.025432512639620743,-0.04417671237974225,-0.09642516187245001,-0.05451388643463293,-0.11153873097404886,-0.060697947811179036,-0.1258792733156418,-0.042300886255619584,-0.06205336774834662,-0.044809843940483124
1960.0,-0.03676604402619392,0.042983394901989366,-0.17845827618392807,-0.0017982270319243506,-0.07376363608376421,0.04157968893389422,0.06828144012669499,-0.05021686692071197,-0.08985984294174514,-0.1212904333751645,-0.10067092364414972,-0.09783660560645999,-0.0705098614846379,-0.056875016221448214,-0.038377268361925926,-0.07400478758628032
1961.0,-0.0709914046885147,0.0630119447509275,-0.16650625651939746,-0.011207568957234458,-0.07884370149698809,0.049334345510996205,0.09548223671263342,-0.053787536495851856,-0.08807985493441323,-0.18455986083638576,-0.07847009706193962,-0.12475517536906575,-0.011168402479225561,-0.06831357977566108,-0.010859482926845288,-0.09558626334195824
1962.0,-0.094989216994631,0.08988415715589358,-0.129359789654877,-0.01203264331443372,-0.07882795865935577,0.030121158070400042,0.09789563920704028,-0.04002494801664618,-0.09184949434276113,-0.22646006629919538,-0.05332127855536224,-0.13166509360637466,0.03452267508054734,-0.07109587352952625,0.014161459010357912,-0.10274095860800664
1963.0,-0.10373397660744434,0.11642847402888554,-0.07172874717180007,-0.0037818159418163957,-0.07817041137981509,-0.012149801321369587,0.07292787490737632,0.00236221744556526,-0.09686775814075706,-0.23389411419334918,-0.03231208053163289,-0.1146748484258774,0.050542408997464934,-0.059233193941392065,0.029060223908542515,-0.09432496245480132
1964.0,-0.0968565639051507,0.13566323339211206,-0.003229407646176667,0.012086721014471967,-0.07514485137751817,-0.06469907386409662,0.026176489098607758,0.07353599740606996,-0.0955721560683485,-0.2013517227076688,-0.017048918551414848,-0.07786203879110978,0.028719027700201256,-0.03045951483099353,0.02783097210459196,-0.0757156072198169
1965.0,-0.07804425492848185,0.14305520607927083,0.06425400349009122,0.031244075771138403,-0.06376824237356095,-0.11118187683880872,-0.02975466324762574,0.15990902183023545,-0.08077486724636708,-0.13142234669407402,-0.0037797236249922923,-0.030769836732133085,-0.026159660210216405,0.010261380005247499,0.00950213163371095,-0.05529106147152004
1966.0,-0.05339197714457113,0.13661845787301755,0.1197032124386797,0.046998082072148326,-0.039251336560429194,-0.13758587159866312,-0.07911315839656931,0.23845247490234647,-0.049655583951730406,-0.033890772680394685,0.01245705198422495,0.01650919141586923,-0.09621679512348065,0.05123924924784663,-0.019686156683334722,-0.0396940739606083
1967.0,-0.029698153000727784,0.11611927463415908,0.15538994807281697,0.052493738220323063,-0.0027024587622200454,-0.13633529789521612,-0.10825104527378475,0.2863227676900649,-0.006505153093774543,0.07571011573030512,0.03330380975290216,0.056717653884786466,-0.15724857094689723,0.07899698174401017,-0.04757091909276046,-0.03088359402045287
1968.0,-0.012850081613896596,0.08306352229700609,0.1673749014246044,0.043578850214501634,0.037822198754596144,-0.10774941697191842,-0.11021476189103166,0.29135477577240787,0.03741427006647174,0.17864495244268108,0.05507333029022026,0.08585597788836845,-0.18929570557504685,0.08406307161741257,-0.06120893595512602,-0.02572679914350179
1969.0,-0.0058124046523517214,0.041716981540582634,0.15478699037855886,0.020757537865036414,0.07018816175141329,-0.05921795033179275,-0.08648742205664252,0.25757738262526625,0.06794536662160597,0.25737879311039735,0.06974685041152404,0.10219688135653335,-0.18439592591557497,0.06372869881072396,-0.05275680940570707,-0.017757324568532004
1970.0,-0.006808840698272259,-0.0002633631699621961,0.11972256911174843,-0.010802039045452927,0.08345430629045969,-0.0030093640391126546,-0.04492410767756108,0.2019629039111286,0.07449764269444259,0.3006446034937207,0.0686459180003213,0.10594592281359479,-0.1463705540779219,0.02161330438806832,-0.022593231737130955,-0.0007270030162357517
1971.0,-0.00986910358078849,-0.033287566655004444,0.06792529181989433,-0.04308817558468584,0.07305309192457454,0.0468958552335521,0.004488993208399541,0.144339985434213,0.05484282659276901,0.30639134492979553,0.04784252090232239,0.09981459295834745,-0.08398002977075888,-0.03369095428567682,0.02089615196652678,0.027421935804070076
1972.0,-0.008484402264686742,-0.04934870262878645,0.008707055620023767,-0.06777870843720848,0.04334214393325608,0.07887831089061825,0.0531093513656905,0.09719191821590926,0.015413944862377621,0.2810936228481567,0.012629330872880228,0.08876684313821832,-0.0049952353975527145,-0.08984029069768493,0.06413174070755594,0.06283451495180539
1973.0,0.0004032318433336059,-0.04553468380727967,-0.0471843928635689,-0.0785292470416118,0.0061092667291107955,0.08798672716213254,0.09513745390724106,0.06140789412710634,-0.03233457546299343,0.236632341011017,-0.022516872285866102,0.07777965804355007,0.08248324220279848,-0.13271987803030977,0.09339539584546869,0.09772248418665036
1974.0,0.015271634212243238,-0.02554319624415764,-0.0911778626729595,-0.07267591277983503,-0.024383903979606058,0.07868502764891566,0.12793641982537685,0.029417354968621957,-0.07698156777637113,0.18655104329659744,-0.03989946890581236,0.0693127352222458,0.16452685566071298,-0.14983609281315943,0.1001165794757068,0.12422541073914416
1975.0,0.031831653199827586,0.0013645643039639993,-0.11917512410091607,-0.05183091583594692,-0.037180056578144424,0.06367494369535984,0.15167515480806046,-0.007023367943761329,-0.1107046744470691,0.14212165732951296,-0.027614269347095585,0.06296213579485638,0.2212976911851719,-0.1338209502048152,0.08312024222338792,0.13720130421187976
1976.0,0.045581997102320054,0.023758870239027105,-0.1305514488296459,-0.020986037483709963,-0.02824764822536348,0.0580354487680215,0.16792180432499532,-0.04948718873337854,-0.12961616367179324,0.10863470441170058,0.013870467242715566,0.05708814929123528,0.2358060065410453,-0.08450057388579604,0.04745615875621199,0.13508237585185648
1977.0,0.05331005276654937,0.03282162571735469,-0.12584425815276357,0.013108967594073404,-0.0008910705043345254,0.07141088993583103,0.17747107228604034,-0.09107426709973682,-0.13206629666232836,0.08365028509628729,0.07125298323869027,0.050275762255391765,0.20446355454445372,-0.00988591219013206,0.0019819894323274165,0.11930296468439766
1978.0,0.05354368509466833,0.026194303942206676,-0.10632984281876334,0.043084771305813216,0.036163314434624415,0.10264028221495626,0.17887037659037414,-0.12096226764497402,-0.11788884849902694,0.058742406588752315,0.12348592318365882,0.041687038863027846,0.14082178587101563,0.07354653911279652,-0.04327338382921618,0.0926624466923101
1979.0,0.04703301801433574,0.00860727863451363,-0.07524536458883042,0.0615412204953824,0.07184155720437474,0.13932667318382747,0.16889010522617026,-0.13062447878839878,-0.08985504135249354,0.024192231813750048,0.14910165873704403,0.030984494391090255,0.06993703557388305,0.1431576722984718,-0.07974240026428331,0.05803243843214106
1980.0,0.0372638888685289,-0.010835855123691224,-0.03797067979841405,0.06220537115905112,0.09626147403533933,0.16272730192656276,0.14478336274291384,-0.117107189716689,-0.05556894735285458,-0.025730705876633196,0.13321958131043304,0.018365125781686968,0.01697572223240081,0.17678527447835646,-0.10206577628513108,0.019123581154725296
1981.0,0.029552927541459974,-0.02302673671814861,-0.00043861869938176094,0.04218716505658874,0.1040342915761252,0.15674790959212984,0.10697007689720547,-0.08352158356618217,-0.026762550711021623,-0.08926306067278374,0.07375841941465372,0.004512072972388577,-0.0035082117888335347,0.1619375394947922,-0.10872011987422123,-0.017684273903064814
1982.0,0.028329120594741544,-0.023110203698180724,0.03211604755845413,0.004027199176450255,0.0961845876003928,0.11665883947596375,0.06035860279434092,-0.038743978598490866,-0.014586390675429755,-0.15644691983564674,-0.014501743635565749,-0.009685817175920947,0.0075868422388565135,0.10257035669399722,-0.10218523554835938,-0.043208896105666375
1983.0,0.03462479213510979,-0.013044983977348401,0.05478673265581893,-0.04436022198494075,0.07947868789948827,0.0516891342244964,0.013295270251217794,0.0038671756762092913,-0.023334735234316402,-0.21155480536573534,-0.10226295164536701,-0.023355011437830125,0.036636418400729676,0.018684212189226043,-0.0884841335177643,-0.048120109726901554
1984.0,0.045966420436768456,-0.0008751083243251806,0.06302243948245548,-0.09224058265140696,0.06289384446230578,-0.02033471788036889,-0.025226036100924536,0.029701972603395133,-0.04760587529607595,-0.23870883142501093,-0.15718231141719324,-0.03554852487630447,0.06559642493538566,-0.06205783304752124,-0.07529200957828555,-0.027210633018069325
1985.0,0.05842076972958511,0.0034903086325377567,0.05492522929715088,-0.12963283835646766,0.05273807532574681,-0.08204863069169571,-0.04857735186645844,0.027761568683988488,-0.0754282673231781,-0.2288649560792731,-0.15980692187620743,-0.04515163801819215,0.08095163445274448,-0.11624016531468723,-0.0689656072066378,0.01699712755444208
1986.0,0.06866779880829797,-0.006132973598854489,0.03357274117566095,-0.14991953221754717,0.04924272741897718,-0.12300254313382776,-0.05463388960851699,-0.004350368938892752,-0.09451746602434342,-0.18442421801368603,-0.11386400111605718,-0.05128406791266152,0.07807790393793522,-0.13352117314182418,-0.07189102271107409,0.07374052484067566
1987.0,0.07466478057107104,-0.02845900471021548,0.005916002671281511,-0.1507046129021352,0.04664407962199604,-0.1410442758704689,-0.0466562564263815,-0.058354786753201264,-0.09691571167913207,-0.1188346491575968,-0.044042820194577066,-0.05396202636778292,0.0596519258774188,-0.11850787957190523,-0.0813416305285987,0.12768298520443583
1988.0,0.07531359462957718,-0.05530780667347397,-0.021259723801619747,-0.13363076257806938,0.036425775547981314,-0.14092186295082706,-0.032698954374773714,-0.11882789797531446,-0.08026316861980293,-0.051330286736182076,0.016829014968701393,-0.05419026987228972,0.031372557138608995,-0.08620649816704455,-0.09069949345889808,0.16505416447226443
1989.0,0.0701762903676299,-0.0764934460289836,-0.04450931340264793,-0.1037348992858254,0.011892184833036694,-0.13220225664478158,-0.02308454568634273,-0.1704765930683939,-0.047218519955232255,0.0007544026354657625,0.04306943977358475,-0.053483055869595765,-0.0014252980526139282,-0.05402122880220961,-0.09307706811511837,0.1785765858764543
1990.0,0.059666295204734,-0.08558829843908757,-0.06344176059404895,-0.06806852068192783,-0.028085020189572863,-0.12584584883811475,-0.02618338530261482,-0.20366799838832345,-0.004795956312681675,0.02819012711730491,0.026067592165296024,-0.05363364648169225,-0.03560693039124196,-0.03407662387209261,-0.0855579388139245,0.16857729691337356
1991.0,0.04546543683326887,-0.08223751357383212,-0.07803132413510695,-0.03385314953187411,-0.07819434330264012,-0.12918490909784724,-0.044552362586689764,-0.21522496311992817,0.036348209652177506,0.031046504303762327,-0.02457342508489215,-0.056533747494073576,-0.0707632209509272,-0.029307077205908416,-0.07130437233259528,0.14053002207083265
1992.0,0.03038781629931701,-0.07035362920623708,-0.0866696971581376,-0.007132763295276379,-0.1292557683850859,-0.14164597719038038,-0.07397320844898976,-0.20670002097799095,0.06401112412702523,0.01464253220810764,-0.08783006640214035,-0.06304346679845742,-0.10764879994382451,-0.03440132104135034,-0.057973951790492556,0.10096858590538511
1993.0,0.01696759276774625,-0.05527739946750394,-0.08669189406246594,0.007959934584695242,-0.17227244726625476,-0.15410538622758566,-0.10582748706170035,-0.18328241016440452,0.06861108761176488,-0.015540109209641578,-0.1417931968718292,-0.07147996813205774,-0.14497122521295588,-0.039924444536376384,-0.05342115537718332,0.05429648366694029
1994.0,0.005306382070265843,-0.04212470679634173,-0.07618916519328545,0.00994873393603948,-0.2011560599630313,-0.1529510085788513,-0.13085582092881495,-0.15316473492540603,0.0475099019252429,-0.05518485340573111,-0.172194942846833,-0.0776222230362943,-0.17755319112409845,-0.03700968794331979,-0.06147734533817843,0.002877336448174842
1995.0,-0.00795614537626955,-0.034829805078686646,-0.05498261001251883,0.0007621364619194366,-0.21312660987138346,-0.12735201808061133,-0.14215205828454114,-0.1258064203546478,0.006055001317786312,-0.09881582892519877,-0.17546378503685917,-0.07678166095857,-0.19844335507397096,-0.02055150287540578,-0.07994098068349456,-0.04978196049935988
1996.0,-0.02799703619951442,-0.03522155662693713,-0.024307633390674207,-0.014255181498175017,-0.20794052459769777,-0.07610984361051448,-0.13681004764560592,-0.10925276976449881,-0.04549454398312984,-0.1379719839779496,-0.1568823346908785,-0.06646614066617577,-0.2034757273670994,0.009951995629497376,-0.10092211171853306,-0.09651344984543196
1997.0,-0.05792416343988694,-0.042701139404488955,0.013576232093580035,-0.02779696447283584,-0.1872851110782757,-0.010303880921820245,-0.11665042794882842,-0.10734475803430288,-0.09609930975559929,-0.16245981352333988,-0.12644087374995694,-0.047908670013986646,-0.19379375153121542,0.051245773516654596,-0.11284600398555245,-0.1279982199300837
1998.0,-0.09523749868512284,-0.05502718551869707,0.05510567954964243,-0.033460934409116114,-0.15444506813457393,0.05041965208886309,-0.08771876849890713,-0.11725208952848049,-0.1362992623895813,-0.1639987987710246,-0.09445704859968279,-0.02589742974017649,-0.17419727030324153,0.09746849435423917,-0.10385222191188893,-0.13732237530839034
1999.0,-0.13161028523845736,-0.0694494167220537,0.09509243097956901,-0.0285840128803542,-0.11389638209679523,0.08717539970754416,-0.057883668049433255,-0.12862598888491397,-0.15912163754477196,-0.14041153492845912,-0.06785643478824048,-0.007342646617173533,-0.1496570344269362,0.14098198176286228,-0.06645551731926302,-0.12392027739676105
2000.0,-0.15668062631142915,-0.08306052981712418,0.12728613805465117,-0.01539490259253381,-0.07097996629453637,0.09150564322220463,-0.03367973394195143,-0.12645731301341126,-0.16065744282411767,-0.09818962832937005,-0.04803227165058655,0.0007366488334424459,-0.12302268652247648,0.17320393715507174,-0.001954255007176347,-0.09432071886626552
2001.0,-0.16346764051379747,-0.09262997303903503,0.14594387179276977,-0.00030427865744626605,-0.0316766646498185,0.06857993976341112,-0.01854584091443246,-0.09778970721897472,-0.1402762022247479,-0.05131441355083037,-0.03139806915801343,-0.006756931410848329,-0.09448588206498484,0.18576917386983552,0.07851483307197779,-0.05929797103483372
2002.0,-0.1520852570493191,-0.095190802954382,0.14736993737187432,0.008207211278482385,-0.0019169929988725417,0.03294440501679978,-0.012956547815306975,-0.0387172403160678,-0.10063594980915157,-0.01605493645085074,-0.012383998985910034,-0.031439630249899105,-0.06235587557620029,0.17236832966159418,0.15791406570413458,-0.029048281180943544
2003.0,-0.12976964812775693,-0.08966651719872243,0.13038142283623144,0.0030592221368600705,0.013908122510968813,0.0018626932466946139,-0.015729030319376457,0.04279442481601555,-0.04784678059704878,-0.004088276043991393,0.012764523262405347,-0.07088201719461319,-0.025416549527312086,0.13143690000373487,0.21985409926200483,-0.009365508158302914
2004.0,-0.10713600084035144,-0.07806087322258366,0.0964533499661396,-0.017494627818380903,0.014748505655520962,-0.010040752083062819,-0.02567739807730503,0.12946194919854492,0.009144932957886718,-0.017214720685736935,0.04318552349240857,-0.11901632535637216,0.013955752138879599,0.06840303997493499,0.25357300640049923,-0.0007870726859834238
2005.0,-0.09255773426211233,-0.0645768159617228,0.05089189675192138,-0.04787261602657533,0.003920969848400617,0.005033500299063367,-0.042261857078737954,0.20076861409599905,0.06109874384440258,-0.04624174048902859,0.07316214931545083,-0.1666288218591731,0.04900709102357565,-0.004583691544406215,0.2556502826855058,-0.00016620811552253042
2006.0,-0.08810849885191671,-0.053498319768164576,0.0038734315899752103,-0.07704357398791256,-0.011811999242589476,0.045170326977956324,-0.06454209499488285,0.24000569559862434,0.10199633986002313,-0.07513327990370347,0.09489492148040062,-0.20165886134742683,0.07210669454492545,-0.0718466430390641,0.22967454754651506,-0.0030292417317635896
2007.0,-0.08951087067059935,-0.04827227615716377,-0.03153710030736034,-0.09360480820759977,-0.02521872622311753,0.09917024906210889,-0.08978325198972287,0.23983467941642647,0.13079531049214016,-0.08866781210498725,0.1025491596998193,-0.21065831625290954,0.08013885584545144,-0.11868114522896889,0.18465142554701758,-0.00563414166230386
2008.0,-0.0891111764678344,-0.051863872378482154,-0.04457568447753174,-0.09099450985727144,-0.03174818353297032,0.1507862045792476,-0.11353712325877698,0.20463281326664762,0.15002544613924607,-0.07907831531116462,0.09497311316529962,-0.18278086289201056,0.07712787469402091,-0.1352620040398975,0.13197968053216752,-0.006343091949408582
2009.0,-0.07925024734308736,-0.06611184482945034,-0.03161439113950698,-0.06979142873505458,-0.030464128119069737,0.18399487344276566,-0.131453263447928,0.1488135312625382,0.16301344038585225,-0.04777051566498856,0.07593551730681375,-0.11526674858098854,0.07200243422802459,-0.11885778847018974,0.08233413198353069,-0.006158504151336819
2010.0,-0.055076933443179814,-0.08949972570758999,0.002492497189721939,-0.03656766999942171,-0.022606421539125097,0.18705049876057417,-0.1414473866105407,0.09142719793850099,0.17218554464834446,-0.001911020094444014,0.05258390104704545,-0.016705900926427576,0.07371681873786415,-0.07426121589340008,0.044355227141670714,-0.007941686773699814
2011.0,-0.01692250310616608,-0.11557736598429365,0.046572668533950985,-0.0010617412293716215,-0.009953721395046354,0.15620477270605002,-0.14443805786095076,0.049306685382178174,0.1788686263221598,0.05091084303428393,0.03339319087573682,0.09511229658022986,0.08709190744862891,-0.0128638855714014,0.024743076728851354,-0.013893828195639321
2012.0,0.02877672766961825,-0.13424436013122942,0.08737187507047307,0.026841008732783403,0.0053767306817921155,0.09937949083474205,-0.14307981173895973,0.03204120065249286,0.1839234131604999,0.10600963922454727,0.026290461475897652,0.1996489018511584,0.11087207817872631,0.049717122421131826,0.027528195028910928,-0.022568678597405963
2013.0,0.07123882850182237,-0.13568951308762525,0.1142854269509893,0.04002428091669361,0.02039971183265525,0.036409798467916026,-0.1397047241088819,0.04051104177318444,0.18866475308982505,0.1613789908836502,0.03703636265646749,0.2799822025258031,0.13842400163407692,0.0976556113975603,0.05137319406788118,-0.028193856690419614
2014.0,0.09931335042214759,-0.11455486358271784,0.12260800202502001,0.03642483108134575,0.03150929723215135,-0.007504588250536285,-0.13495310245958222,0.06843896140515447,0.19522658209694183,0.21545919247382828,0.06775657957343592,0.32626030328827355,0.16111439083478651,0.11967544857257255,0.08706802327509734,-0.023627337729859005
2015.0,0.10590233722898743,-0.07168446114112599,0.1139762786071849,0.01959117393480315,0.03564797836877351,-0.01357227077347105,-0.12754552047819057,0.10530353793288362,0.2055498551147561,0.265309115948164,0.11558185089992343,0.3364265298513011,0.1726049242288305,0.11262816423147005,0.11931663604266617,-0.005088010343662522
2016.0,0.09108137015439685,-0.012825018388244189,0.09467988662966072,-0.002914349834376688,0.031457427716218414,0.020437617821730408,-0.11508218521562893,0.1391653065856706,0.21948081181369475,0.30656780322659005,0.17211337676728497,0.3149171676681595,0.1711752778986951,0.08179113751582458,0.13373586934367857,0.02475523370934437
2017.0,0.06260917166504633,0.05406964160591887,0.07330385634620508,-0.02265291270620854,0.01986178480442919,0.07921496813486156,-0.09552675844519672,0.15931314081305606,0.2338484811640182,0.33502980548564554,0.22525130223359605,0.26999577284335363,0.1593759734277235,0.03722624588185267,0.12450161018217383,0.05758223129014972
2018.0,0.03317103877914835,0.12097497583483856,0.05818842984121784,-0.03378354236265518,0.004190446699069351,0.13919728633732825,-0.06841563372704206,0.15957107065003276,0.24374813160929637,0.34838576131559057,0.26387511556549875,0.21129527552175978,0.14303874757414403,-0.011417220935780714,0.09723096972976905,0.08360237961325905
2019.0,0.015290278703117038,0.18085109561641394,0.054931715051180205,-0.035064937232728154,-0.01006942745401746,0.18062119924965997,-0.03489490596394082,0.1414164604600836,0.24503663404135403,0.34667471555558677,0.28316090301075925,0.14859571135829133,0.130626035285616,-0.057615496699049217,0.06599330364030523,0.09630744518051827
2020.0,0.016603273572179656,0.2282644789535552,0.06490631605253512,-0.028923642496003574,-0.01618908067000023,0.19344519770601193,0.002761456083814753,0.11377172999440116,0.2363317304934275,0.33122822938255453,0.28679381689051897,0.09108697883245392,0.1311056410877768,-0.09671632791634253,0.04704154344681902,0.09508388168746154
2021.0,0.03793394607577401,0.260098905215169,0.08536674897540797,-0.01864584277569461,-0.008223316251849282,0.17534879345205387,0.04069966041146747,0.08808882537576089,0.219906687678483,0.3033645386283986,0.284094918287477,0.04614449864977323,0.14969218098319426,-0.12361672464994455,0.052304565470661764,0.08499799481001491
2022.0,0.07408282178582787,0.2760641285405804,0.11043292847859072,-0.00647086912418608,0.016129056184296067,0.12746467724622748,0.07267470875412957,0.07199028222144828,0.20105060319371076,0.26451271956029376,0.2838258954642047,0.01792033384233508,0.1846880384183663,-0.13283429408501948,0.08496474473685145,0.07467281189418368
2023.0,0.11537044973924739,0.27839770912040973,0.132429737473136,0.0064465720230859145,0.05335149131284581,0.053947617852123396,0.09134210154962717,0.06600098503786453,0.1854433862970881,0.21779982963063632,0.28873430027799285,0.006823359731217431,0.22839815979247788,-0.12082333403944645,0.1387681392997757,0.0734189329377075
2024.0,0.14902034493408,0.2707536117227852,0.14419442647523145,0.019458355921184962,0.09429912362276192,-0.03453946435983289,0.09208042855483164,0.06459618905911443,0.1758701853414366,0.1689844454198014,0.29420548132529967,0.01029702797521581,0.2706247563789528,-0.08826319473041044,0.2010743061802371,0.08826717481656131
2025.0,0.16155561867237545,0.25690295703108307,0.1420888772309805,0.03219548972276276,0.12713082831051567,-0.11887222124067397,0.07613330912737261,0.05982616330308592,0.17041083642473728,0.12496499867942243,0.2916533752024346,0.024123829524994873,0.3011995881455991,-0.041007021537982684,0.2577582760326527,0.12136283288497333
2026.0,0.14317958782533877,0.23988461457346197,0.12760302594057843,0.044704006055089354,0.1419897020600104,-0.17578093581131776,0.049775206797139794,0.04548496680159486,0.16266749447355658,0.0906642006285626,0.27403994663994413,0.0435748940751768,0.31067180316779325,0.01096666761824323,0.2976737583400756,0.16858013483665793
2027.0,0.09268420851608539,0.22180512725465826,0.10596864563369603,0.057646466538192935,0.13534683583593698,-0.18770819757918605,0.019963377163958337,0.0202003552816277,0.1439100940881053,0.06668610290026906,0.23937256217270916,0.06448059478878784,0.29141255023588986,0.056713140656099045,0.31483768770098125,0.22014362142797844
2028.0,0.019841450696219686,0.2037619443567059,0.08247942879616497,0.07194948911715139,0.11143240393896613,-0.15292824574926075,-0.009871205139751312,-0.01186713968185184,0.10712019570140725,0.04920214944391799,0.18995128963130692,0.08378030967274182,0.24061161165843595,0.08781220045267635,0.30783001669115817,0.2633191317158047
2029.0,-0.05660177544315141,0.1852964391994787,0.05890771757235391,0.08755901715451143,0.07967953355815093,-0.08955017908669088,-0.040486664316540286,-0.0431088156376361,0.05126680884086467,0.03148017261888464,0.12890935294536332,0.09866160748174133,0.1633493106275086,0.0999447244943107,0.278227455609433,0.2862081463255515
2030.0,-0.1147454260154182,0.16408818698727815,0.03273276567784689,0.1022113625342011,0.04982434877168419,-0.029258857823832887,-0.07344431712300051,-0.06643218636643457,-0.01717854501581315,0.005618132002233773,0.05773299536258023,0.10502342964349912,0.07332351876971195,0.09251813518128792,0.2299728586346994,0.2808941873363799
2031.0,-0.1370805137221722,0.13727646385037517,0.0004002166763635684,0.11167528330580104,0.027597221856884586,-0.0026528931524941327,-0.10655889819670564,-0.07891164423332826,-0.08655273146060227,-0.035962129735430184,-0.022685273986152426,0.09743070313855254,-0.00928535965439757,0.06794646984890353,0.1695108400650142,0.24498537194496134
2032.0,-0.11693967973958004,0.10407745088461565,-0.0372257142853103,0.11167475034327673,0.013133806367609397,-0.024582642858638853,-0.1321962635723614,-0.08259361259799855,-0.14403184640094646,-0.09847286716719321,-0.10852393391439044,0.07136914076843816,-0.0630149637870783,0.03138640818243158,0.10588915839817599,0.18198490110715196
2033.0,-0.0608063820175633,0.06744491751346032,-0.07171384775136919,0.10004659198456271,0.0024635696468382853,-0.08819788321669256,-0.13998675794613996,-0.08184421656146709,-0.1788369328710286,-0.18147907416626693,-0.19091470720115813,0.026345532380316377,-0.07324976990879398,-0.009925430182273784,0.049815573505524284,0.10092325542600117
2034.0,0.014842705241756321,0.03311149628471711,-0.08986508242165847,0.07761009211590596,-0.009157859132693142,-0.16997650907529493,-0.1222069145147761,-0.07955397685946668,-0.18432781301118328,-0.2753038655095803,-0.2577858970148481,-0.032223662470688016,-0.039868141561735536,-0.04869980277756062,0.010314370196442373,0.015016179224297497
2035.0,0.0901339717803597,0.00667584322528696,-0.0810602276127017,0.04764011839757111,-0.02389173082727791,-0.24170787198294158,-0.07873008895804261,-0.0753782066302585,-0.15978410560460024,-0.3601220017958758,-0.29857334599928725,-0.09363572468556745,0.021106125955355857,-0.0799311308723509,-0.009592970263485686,-0.06116572551100516
2036.0,0.14811514253904173,-0.008952887459543453,-0.04351647317789462,0.014969364376146651,-0.03947448684691846,-0.2831982079190319,-0.018605382094702267,-0.06700069470669788,-0.11127576367257826,-0.4104985562378152,-0.308700979614627,-0.14497431098506194,0.08409294893291432,-0.10114684930635644,-0.013618642236069132,-0.1158818631037511
2037.0,0.17843390120170288,-0.014082313126823986,0.014434008648410202,-0.01449850410712727,-0.05004988710352708,-0.28977232937253955,0.04302858748685416,-0.052872196854569536,-0.05032881484316722,-0.404567735010219,-0.2909786838226527,-0.17511397756407712,0.12522499660372058,-0.11038775006456442,-0.008004709827579112,-0.14411430769944303
2038.0,0.17806066942817664,-0.011358838247067467,0.07705103896443385,-0.03422511525228957,-0.04977023076510208,-0.2712438633904442,0.09078872749631689,-0.03455121562943695,0.009352191511236311,-0.3338536614549138,-0.2532414985404779,-0.17791301907527618,0.1314517602271116,-0.10486381024969127,0.0026286101217294646,-0.14900585817814893
2039.0,0.14997338900641885,-0.004881805381759842,0.1255904353712742,-0.0384558697384367,-0.036865922937452146,-0.24400646151952718,0.11425909381155769,-0.017142801364968967,0.05550346220873247,-0.20941790485028877,-0.20439845072009424,-0.15404452493694384,0.10228680246931984,-0.0825007691752355,0.014865166262203943,-0.1398637968886228
2040.0,,,,,,,,,,,,,,,,
2041.0,,,,,,,,,,,,,,,,
2042.0,,,,,,,,,,,,,,,,
2043.0,,,,,,,,,,,,,,,,
2044.0,,,,,,,,,,,,,,,,
2045.0,,,,,,,,,,,,,,,,
2046.0,,,,,,,,,,,,,,,,
2047.0,,,,,,,,,,,,,,,,
2048.0,,,,,,,,,,,,,,,,
2049.0,,,,,,,,,,,,,,,,
2050.0,,,,,,,,,,,,,,,,
2051.0,,,,,,,,,,,,,,,,
2052.0,,,,,,,,,,,,,,,,
2053.0,,,,,,,,,,,,,,,,
2054.0,,,,,,,,,,,,,,,,
2055.0,,,,,,,,,,,,,,,,
2056.0,,,,,,,,,,,,,,,,
2057.0,,,,,,,,,,,,,,,,
2058.0,,,,,,,,,,,,,,,,
2059.0,,,,,,,,,,,,,,,,
2060.0,,,,,,,,,,,,,,,,
2061.0,,,,,,,,,,,,,,,,
2062.0,,,,,,,,,,,,,,,,
2063.0,,,,,,,,,,,,,,,,
2064.0,,,,,,,,,,,,,,,,
2065.0,,,,,,,,,,,,,,,,
2066.0,,,,,,,,,,,,,,,,
2067.0,,,,,,,,,,,,,,,,
2068.0,,,,,,,,,,,,,,,,
2069.0,,,,,,,,,,,,,,,,
