Time (sec),DMNa,DMNp,SAL,OLF,STR,AUD,VIS,TH,MOp,SSp,SSs,HCa,SUB,CTXsp,BF,HY
0.0,,,,,,,,,,,,,,,,
1.0,,,,,,,,,,,,,,,,
2.0,,,,,,,,,,,,,,,,
3.0,,,,,,,,,,,,,,,,
4.0,,,,,,,,,,,,,,,,
5.0,,,,,,,,,,,,,,,,
6.0,,,,,,,,,,,,,,,,
7.0,,,,,,,,,,,,,,,,
8.0,,,,,,,,,,,,,,,,
9.0,,,,,,,,,,,,,,,,
10.0,,,,,,,,,,,,,,,,
11.0,,,,,,,,,,,,,,,,
12.0,,,,,,,,,,,,,,,,
13.0,,,,,,,,,,,,,,,,
14.0,,,,,,,,,,,,,,,,
15.0,,,,,,,,,,,,,,,,
16.0,,,,,,,,,,,,,,,,
17.0,,,,,,,,,,,,,,,,
18.0,,,,,,,,,,,,,,,,
19.0,,,,,,,,,,,,,,,,
20.0,,,,,,,,,,,,,,,,
21.0,,,,,,,,,,,,,,,,
22.0,,,,,,,,,,,,,,,,
23.0,,,,,,,,,,,,,,,,
24.0,,,,,,,,,,,,,,,,
25.0,,,,,,,,,,,,,,,,
26.0,,,,,,,,,,,,,,,,
27.0,,,,,,,,,,,,,,,,
28.0,,,,,,,,,,,,,,,,
29.0,,,,,,,,,,,,,,,,
30.0,0.05122573131140612,0.012444883112127849,-0.08127079099897581,0.0036525437650600503,0.054594957455736885,0.17555157973573685,-0.031723430970616126,-0.07054749090815109,-0.050509168454786056,-0.02937335784973581,-0.06037326735447353,0.030248596831901006,-0.07636825060435239,0.0535270348062741,0.0280193688609294,0.03460325919298395
31.0,0.02415654182113837,-0.003983446506042166,-0.05561708152003823,0.02342620053152119,0.0572433703417505,0.20885567951658363,-0.046282859190055134,-0.02471852640275971,-0.06875704723728195,0.01745485527095425,-0.030071010657785332,0.0590772713979329,-0.038153365391307835,0.040401348271266846,0.010881430296678058,-0.00202056188163616
32.0,0.008885762414433871,-0.005153254349181227,0.005186765010854866,0.035058363094588214,0.05912308766072133,0.23420659924673562,-0.04295103352410934,0.03078759077587211,-0.06146028001097103,0.06303881038895093,0.004115014148707118,0.09129967722416986,0.002144494458426123,0.03152621151136226,0.01432374724361662,-0.03432081507950729
33.0,0.004444177773029523,0.010412823339246228,0.08153449067058136,0.035273305618092284,0.05922051968657793,0.24572642349726032,-0.019618481898951646,0.0877718689192364,-0.03858082902949592,0.09780755594161844,0.03638111467477668,0.11974572030918337,0.04451883614623159,0.03493934827923928,0.03021182335328614,-0.05046728974110512
34.0,0.00641298205682958,0.034573835675745665,0.15336570003617936,0.02723342871608456,0.058109229129191024,0.24538259933386725,0.018196620617070967,0.13707027501397812,-0.014318227381913205,0.11687259081087581,0.0627899986339801,0.13928894724183066,0.08769992980383448,0.05578338792533411,0.04895562266250869,-0.04579281240964749
35.0,0.009834558876437952,0.05476778057722306,0.20789152419551488,0.0184298817139145,0.05606822524627831,0.2404373606370396,0.05837670536787641,0.17057077195004197,0.0001199305639034321,0.11979715225694365,0.0809210630892686,0.14734035178990565,0.1258520488032297,0.0926571667861799,0.06445502476323528,-0.025227148825627623
36.0,0.011389626248263415,0.061520377784819204,0.24173103404294102,0.016583158337587674,0.051631128879431394,0.23730998532941813,0.08704748741439831,0.18353106415549386,0.0002083841298976172,0.10915093651883025,0.09010373701817995,0.1433868867490243,0.14864861856284797,0.13709856715547042,0.07491887324676423,-0.0009647246042573738
37.0,0.010448332377031593,0.0532444033885987,0.25874329687593917,0.026006169227771787,0.042620972793617824,0.23726945657803786,0.0946851907817696,0.17679777412339778,-0.011984317019083767,0.08929835152834854,0.0921980306586458,0.12876048867811646,0.1452570466420023,0.17681165264062618,0.08186317600190562,0.014059523627229295
38.0,0.009231921004378271,0.03632162460600079,0.26672824864116845,0.045898181291219406,0.029144761657977386,0.2373109149076507,0.0802749978508489,0.15758545376363928,-0.029860927266860255,0.0656563990812518,0.09148886100907853,0.10685384690669932,0.11039448285560417,0.20074274788414095,0.08979413850989905,0.0132330565605527
39.0,0.011785234601223068,0.021717245153435726,0.2743834306080518,0.07089305332243652,0.01579576936361209,0.23507096072343098,0.051635853919705,0.13736538207608118,-0.04482900057457505,0.04382763484189639,0.09306798738140604,0.08289882024878609,0.048820166204124195,0.2030059939854149,0.10544594124735318,-0.0004658472719711313
40.0,0.021779372485402817,0.020200319728559454,0.28845645602051545,0.09332102868306678,0.010617452994994853,0.2335460440432158,0.021952883375123546,0.1268580889276721,-0.0487879790231961,0.028561941491893336,0.1007531036647726,0.06269427620677026,-0.025532178256606097,0.18396622237302995,0.13412835954364044,-0.016694233879968774
41.0,0.04047479966343524,0.03764445313443474,0.31157259515391816,0.10596301259609084,0.021068381110382364,0.24140992652977106,0.0041776732562219835,0.13075949580080154,-0.03658334036532392,0.02299222620695003,0.11574225153939031,0.0510693513210749,-0.09551720646979966,0.14899481546394736,0.17435253823658864,-0.0236093617978566
42.0,0.06610377099970781,0.07175124763256069,0.3416859546494064,0.10404266234309288,0.049800455840617965,0.26801331452493204,0.006087710849161044,0.14570097275984267,-0.00791693329781819,0.02780564078795569,0.13604080049711156,0.05118336714660794,-0.14706515312649424,0.10622330123031881,0.2157137749923092,-0.013589850899221602
43.0,0.09438995205579451,0.11172373047170246,0.373441524032488,0.0859209463480686,0.0928531977257759,0.31628000353416935,0.027865226348315713,0.16262787172081614,0.03221919244281757,0.039880538104719955,0.15659518921503035,0.0644896706508837,-0.17215069390927423,0.06363776062596563,0.24355100839713195,0.01380453760669634
44.0,0.11926920666126666,0.14158297821353152,0.40042952773913115,0.052819939526230306,0.1403257849589985,0.3783655915423985,0.061837547568975026,0.17171431787988875,0.07451475527765503,0.05154532946475389,0.1708327747093214,0.09042411814576347,-0.16896379545751786,0.02555091563220147,0.24749043692388317,0.051776905078424806
45.0,0.13361470903139083,0.14586133443824145,0.4166191794387841,0.008327093138686443,0.17838392519757598,0.4372620044924136,0.0937647178224411,0.1665292491332227,0.10714541167616462,0.05233712244906757,0.17347898047338373,0.12548571482526932,-0.14117128986303032,-0.009785965155618543,0.22654904035691215,0.08830285708872818
46.0,0.13043725797092048,0.11514513358245317,0.4162942831614799,-0.04193860624620041,0.19265990255769894,0.47350677353460485,0.10630213721045403,0.14521207060119434,0.11876470785352203,0.033316815535028216,0.1626504761034092,0.1623408893957998,-0.09677425762894448,-0.04882636892823801,0.18699019096942177,0.10957375091847565
47.0,0.10494899904683788,0.049527237600144415,0.39370653915504467,-0.09086688681120857,0.17332231494381156,0.4722746637881348,0.08492048826680237,0.10923687471923853,0.10255920183892636,-0.008308177213046403,0.13961492749082907,0.19022782234322963,-0.04592352928399624,-0.09729108393773832,0.13649408184841777,0.10422520781191931
48.0,0.05727502626582469,-0.04087844777480694,0.34417101626836066,-0.13085526365199335,0.12021641465557602,0.4264741557339491,0.024930763723227445,0.06208434951225766,0.05943616463839482,-0.06690886178865486,0.10741838369084113,0.19760880785353604,0.0026230225161438673,-0.15345681688125068,0.08042603303129461,0.06757088778942942
49.0,-0.005128303918084268,-0.13871433881528808,0.26726237916660694,-0.1545004915604552,0.04533758817881317,0.33621730062965866,-0.06314322666719434,0.008837730505231628,-0.0012561905934982194,-0.12948277456954027,0.07082399376318947,0.17629415931519649,0.04502525140412893,-0.20443390866285296,0.022303875336883973,0.00463876295371287
50.0,-0.06683564336204241,-0.22494378179359573,0.1714415876958802,-0.1544461974069242,-0.02936104750172763,0.20822569022961618,-0.1536087586391698,-0.044346959364951935,-0.06345598204901375,-0.17925368618482954,0.03753508427553163,0.12479236212914158,0.0831631318473667,-0.22883675460012978,-0.0329337987609947,-0.07026376804074039
51.0,-0.10726319082011206,-0.28492138544814666,0.07735237412716531,-0.12398758122435516,-0.07909576610560567,0.05701135096218488,-0.21328799022650843,-0.09173670614799083,-0.10840156155199837,-0.2008123740699905,0.01773350781212904,0.04932603927699182,0.12181063472386484,-0.20596393870404112,-0.0758248805085266,-0.13905280062098943
52.0,-0.10761423190197499,-0.31166170876291716,0.015015084120116201,-0.06049720760452012,-0.08581917686051023,-0.09345420461129086,-0.21460995471780453,-0.12942340568760421,-0.12017041776601749,-0.18529358424312062,0.02010046191797196,-0.03716052614839394,0.1643049807438232,-0.12750116293705058,-0.0927164112180135,-0.18785151279873555
53.0,-0.06036491078365686,-0.30497205429430724,0.012070207423269266,0.029491499325112896,-0.04550955121474476,-0.2107031527097808,-0.1489763592626393,-0.15478609147839684,-0.09054706946579814,-0.1329795586027791,0.046711072586937255,-0.11694049947565106,0.20909540907753238,-0.00583965024962225,-0.07069890176890634,-0.2119119751717379
54.0,0.02300523726915705,-0.26905240878834485,0.07722404538770582,0.1278575177476909,0.029915968173194734,-0.26127452884027025,-0.03492799873383741,-0.16445788089988686,-0.022279271877909703,-0.05271627374573907,0.090661116981007,-0.170575527412001,0.2486135278801023,0.12605230085482297,-0.005747503607206597,-0.21507654860614153
55.0,0.11224067696438468,-0.21230736721908708,0.18990614962676966,0.20891712520062175,0.11560379389414409,-0.22623719252028518,0.08422632897860922,-0.15456112761850108,0.06887571202303508,0.039168521654905704,0.13746754438738815,-0.18302050614496873,0.27154134308038164,0.225235793478124,0.08918604419255306,-0.20632639609622128
56.0,0.16983110271643845,-0.14920780106682277,0.3056187494521245,0.24973742266389148,0.18060675332648557,-0.11855930415921334,0.15546994876378034,-0.12516638285595708,0.15534859327301143,0.11973486467027768,0.16886662311208514,-0.15292900963603828,0.2677659896773804,0.25629617260760706,0.18226697378330023,-0.19627125725017128
57.0,0.16856695206230815,-0.09925300108592179,0.37573119628933094,0.24145837435232922,0.19802151217615202,0.011836746133424189,0.1387404488185556,-0.08418402087208315,0.2054104693109866,0.16390917378549197,0.16794221520505476,-0.09861716228852269,0.23306676317848057,0.20715959824777386,0.23256091308692836,-0.19368787589523487
58.0,0.10447927586615734,-0.07941316855346005,0.37006786665094016,0.1940328190854148,0.1554017679522381,0.0958472467279994,0.026312876625316294,-0.04487157961795286,0.1960659269182765,0.15444981367206415,0.12482016573424355,-0.05174610039754075,0.17077120081103817,0.09481748538304557,0.2087258111878228,-0.20175110605902669
59.0,-0.001613033814763099,-0.09440238851649604,0.28895798208955237,0.1305858472937949,0.059930406444505695,0.0779441875312857,-0.15210793539376233,-0.018996561424534868,0.12419550765273901,0.09177319970253944,0.04091391265462688,-0.040476652964569516,0.08974452259343907,-0.04271233475102948,0.10560678054404349,-0.21609850787544244
60.0,-0.11349035307624565,-0.13351823829680362,0.15909098992722182,0.07535744667201574,-0.06492041406040432,-0.05745090635592701,-0.34286871655671036,-0.012385754954818397,0.008526623218645356,-0.004574902359102847,-0.07089088041391536,-0.07519475402368118,0.0004122216974356935,-0.1642333414371286,-0.05175824189387645,-0.22746876414323647
61.0,,,,,,,,,,,,,,,,
62.0,,,,,,,,,,,,,,,,
63.0,,,,,,,,,,,,,,,,
64.0,,,,,,,,,,,,,,,,
65.0,-0.0722914822420743,-0.21612818088711405,-0.18256942172039145,0.12379810054539649,-0.40929576470240375,-1.0430103394131747,-0.5044643698672955,-0.1947544073301246,-0.28742083172618726,-0.28534336985795267,-0.55881540245428,-0.41689890155255105,-0.3954503379486916,-0.18978351532634524,-0.5055905200495058,-0.18766095394104718
66.0,,,,,,,,,,,,,,,,
67.0,,,,,,,,,,,,,,,,
68.0,,,,,,,,,,,,,,,,
69.0,,,,,,,,,,,,,,,,
70.0,,,,,,,,,,,,,,,,
71.0,,,,,,,,,,,,,,,,
72.0,-0.13273454378068308,0.009177306273972341,-0.4054682043600581,-0.18565916969764862,-0.3156511677187238,-0.4694530477828974,-0.05621050421073317,-0.12298743890124218,-0.19747194325782985,-0.1795500510240226,-0.3015971146068066,-0.11337774251024073,0.025030851223271103,0.02408083745090408,-0.5306120664629526,0.052556175134996455
73.0,-0.17085713751224055,0.11387887240171836,-0.42292222732509926,-0.27475545039751514,-0.23048218004292906,-0.2628056096410938,0.11047608115037363,-0.036278984879509424,-0.2125544921246751,-0.09998066681937215,-0.15711407126882504,-0.021462200683743302,0.14432357758428563,0.13657184521587937,-0.4427939286975735,0.17754593337242475
74.0,-0.2007843647990391,0.21651939611103718,-0.40786404896786255,-0.32907634679341147,-0.14855713732331996,-0.07501095431083075,0.28304738620519915,0.04305452681095484,-0.2061811363737843,-0.0315741863110546,-0.03620773773841924,0.046978961938241755,0.22570418094148165,0.2638748722882693,-0.35123379791554604,0.2890994859462007
75.0,-0.21548398065312138,0.3032745854471307,-0.37537066514670636,-0.33692167331455836,-0.07758057017787796,0.08136492455095296,0.44068083047071305,0.10855139704800443,-0.17137906820690607,0.02645286779314751,0.05122905421623978,0.08650461275123954,0.26226738252603393,0.38199703959550396,-0.2627960058273918,0.3733250899398607
76.0,-0.20784550313776648,0.361815685808055,-0.3427259499426245,-0.2986329586883911,-0.020639436882279323,0.20059932524165747,0.5595512955798609,0.15816590652287937,-0.11221008422126509,0.07746516554190491,0.10645552870577528,0.09902381266973351,0.25460547308012693,0.46410408476284215,-0.17887330945733818,0.42270410673884495
77.0,-0.1756571658823962,0.3853577262181083,-0.3212517420509355,-0.22709090520029335,0.021928883143390164,0.2826573926627823,0.6224493396572296,0.19214633141404375,-0.04249049649576145,0.12099877312707133,0.13921124034796833,0.0921280899170925,0.21068329551934098,0.4914128425218659,-0.09921925374534181,0.438803198435361
78.0,-0.12401029110942868,0.37585666733388984,-0.3137400607559037,-0.14304525017169606,0.05103766007981111,0.33196050088329576,0.6281658878021569,0.21064591570380892,0.021612468005492037,0.1525122275869124,0.16277328767389557,0.07712674345412503,0.14519363547054503,0.4617469951271514,-0.02561268398913332,0.43249681524376077
79.0,-0.06312637173294006,0.34339199215049127,-0.3160923929326199,-0.06725725971997491,0.06882239746880987,0.35479183877351694,0.59159133392104,0.21239047050529297,0.06986154480642323,0.16830011736869877,0.18791862085482716,0.06613269004968199,0.07609793293375959,0.3900808784359902,0.037241644379746836,0.4190749614669078
80.0,-0.004239626704013738,0.301481775529377,-0.31999817881231124,-0.013227766769543054,0.07917930898637049,0.35629593439512647,0.5339226556413506,0.19528693879200787,0.10056060360917356,0.16954215754053234,0.21830207122679743,0.06804845430696337,0.01836894049650449,0.30169494728481,0.0840933542816544,0.4103850976920511
81.0,0.04336841048547293,0.26054913230277194,-0.3149483712965691,0.016564702670594268,0.0872237915760035,0.33943645916584186,0.47026969608521535,0.15902977874079674,0.11677357942896927,0.16168574991699763,0.24965875267770027,0.08524597564662527,-0.02147578060125982,0.22240943001738545,0.112817506934246,0.40864550911798014
82.0,0.07360458680145776,0.22331895083099407,-0.29044254562344046,0.02960752768920066,0.09697334551659573,0.30635938353898606,0.40332511680767147,0.10779120641546353,0.1214845227786207,0.1508774570428435,0.27273439660342313,0.11321363038364585,-0.04561919271174248,0.1695682718991426,0.12610691312521605,0.40488865165129384
83.0,0.08436044317296172,0.1851821392953644,-0.23967423293870393,0.03796647527365379,0.10864298649366487,0.26065726061667316,0.32685164951202644,0.05043588542096813,0.11636467531023446,0.1412274396252583,0.27790381064925046,0.14353302445160684,-0.05953574970433067,0.14639382455552352,0.1295589664227165,0.3829636991090431
84.0,0.07863197997173596,0.13898648123256732,-0.16370636281715348,0.05100827109484308,0.11811159394137377,0.20899839508536314,0.23542189785643364,-0.002013463173251977,0.1034274517289379,0.13454364922473888,0.2591964526306317,0.16813431851447208,-0.06526128262857671,0.1416360423573113,0.1283513305126495,0.3282446393862728
85.0,0.06481378968400615,0.0807324866242772,-0.07292264762795117,0.07017301077623685,0.11975462944023618,0.1610432781620707,0.1324514969440517,-0.03998833359401364,0.08594442531751885,0.1314086594444326,0.21599634148458013,0.1821304817704701,-0.05888049173320872,0.13452924337337913,0.1259839943892297,0.23697855618779173
86.0,0.05443716482102159,0.012922625133080783,0.016690229501221288,0.08920082279665431,0.1110010825178471,0.12716546578412447,0.030312676267878966,-0.05859020413787133,0.06726702285183227,0.13174906836363626,0.15225532572940845,0.18411831672582307,-0.03479885332993029,0.10341484007533942,0.12544281081944286,0.12016813742980366
87.0,0.05739949105244084,-0.055667783807936154,0.09075392888038925,0.09941786371228391,0.0952950624151144,0.11533739378974582,-0.056696502268582916,-0.05926838646340376,0.049585439216309105,0.13464518757569646,0.07510072533150018,0.17496188157480658,0.006596765427391184,0.03537932077143456,0.1303767578375918,-0.0008825541737593794
88.0,0.0771007807630867,-0.11316546056310751,0.14218912142468143,0.09575459936358159,0.08119058163068177,0.12951963167158162,-0.11960376461214578,-0.04886136561946055,0.03464387556195798,0.13864042239606514,-0.005294836090896714,0.1566753460022566,0.05505986945218907,-0.06677474926554057,0.14457839493164523,-0.10379832605231502
89.0,0.10871445413052955,-0.14898181496987212,0.17214483027056932,0.07955752156883589,0.07813873684482214,0.16952330418460432,-0.15708885469961717,-0.036058036159343984,0.02552568247983092,0.14260744217820237,-0.07563536260255117,0.13206766024671626,0.09371426108399387,-0.18369490365699576,0.16990905379411317,-0.17294839284653077
90.0,0.14193389772470869,-0.15751404811040381,0.187161612659093,0.05757925790268046,0.09181909721677262,0.2302035730243689,-0.17407380196363376,-0.02716188314960828,0.026773827263957897,0.14558170885024407,-0.12209428970068563,0.1049830135573585,0.10621267570964542,-0.2859070754545753,0.20401424416335417,-0.2028599007699494
91.0,0.16609209614078224,-0.13994373446730665,0.19514942432202523,0.03861798001897564,0.12174585609107726,0.2996219178009706,-0.17910214190476334,-0.02349797799524083,0.041742251053720855,0.14542153378670455,-0.13541938190074257,0.0805948249881128,0.0835794069813441,-0.34506066393491425,0.23961720543264514,-0.19815089122925955
92.0,0.17415722711150233,-0.10383639302965036,0.20195762678701565,0.029600692707241468,0.1615855592757469,0.3588487535786718,-0.18068357202446567,-0.021368521606262337,0.06929756477521619,0.13825207042186868,-0.11443450677056624,0.06451720793443982,0.02869501560341257,-0.3449375055566098,0.26624327654738117,-0.1714185840040473
93.0,0.16425967785864093,-0.060681312622525636,0.20950778810038312,0.032780730724516254,0.2010820524391691,0.3867157915162245,-0.18360553850099695,-0.014100424601608545,0.10271407010028684,0.11986214727208964,-0.06514435721071993,0.06019563028824505,-0.042910822803329904,-0.28722717691639693,0.2735742382432161,-0.13900654646400276
94.0,0.13965396141284397,-0.021819809134161712,0.2159028931536015,0.045072925953814284,0.22907739704737587,0.36931754960124796,-0.18782188508352063,0.0044410753360697415,0.13147657596668588,0.08823399004924745,0.0026249306414334686,0.06668067556394569,-0.10708830329262331,-0.18979045223711127,0.25521545477327157,-0.11486899095379487
95.0,0.10758571062188652,0.0057113868263774185,0.2171516721981296,0.059477517302854783,0.2373257680154378,0.3082853825904258,-0.1902963989185937,0.035919677494238945,0.14518099857515593,0.045656687425702155,0.07768551203043914,0.07917033042210836,-0.13945320411793974,-0.07920845358894613,0.21214115877856166,-0.1054837427750223
96.0,0.07676588168456526,0.02090998586305449,0.20942677998933534,0.06798255285708481,0.22360797660417994,0.22077139666673973,-0.18742394094214762,0.07514161857323787,0.1382215129946505,-0.0008935832026728586,0.14856346478409932,0.09155730198390012,-0.12489879740241075,0.018202394950676673,0.15441515554709717,-0.10962500161301603
97.0,0.05417814792821495,0.02684097974561607,0.19086320316610172,0.06501459638470629,0.19240540795073113,0.13040273767047783,-0.17636587013548827,0.11085166675524587,0.11285726852212119,-0.041666013556132545,0.20474371209882733,0.09858028732414643,-0.06350793474446732,0.08368241349226122,0.09907902725098924,-0.12283966207381541
98.0,0.04285855987394675,0.026961517034877428,0.16253509404463043,0.04991851143418046,0.15287415230720217,0.05612151548800591,-0.15546889330788666,0.12994890119165947,0.07847669046502134,-0.06748724235902516,0.23842783859078256,0.09678444774742928,0.029709940766727352,0.11018853651766713,0.06408376517008546,-0.14166623743102597
99.0,0.041612558458200714,0.023003451837047224,0.12840768776414865,0.027042817694097485,0.11539080939123628,0.0075118265908467145,-0.12428686999446553,0.12398291561097714,0.047631024253944144,-0.0726916129703041,0.2458087661739764,0.08513114750205589,0.13012167582559397,0.10263657224975885,0.06104665017747881,-0.16338589765718192
100.0,0.04652630371567266,0.015179466094437733,0.09404163547530604,0.003257176050857528,0.08825641897060704,-0.011751664754371983,-0.08370630803379892,0.09461079228721507,0.03134906234293771,-0.056489648351374,0.2273605401732364,0.06572136627909518,0.2109469476916618,0.07419593201654598,0.08987252446046702,-0.18302314881953913
101.0,0.05356611934373464,0.003384407640770703,0.06434623294764931,-0.01571935548735293,0.07545429646482193,0.0003446026211022218,-0.036409410708259954,0.053399019566426474,0.03540635696679606,-0.022980367889429962,0.18746974144175144,0.04372314038093442,0.25044211181740245,0.04023941669495857,0.1369318319482078,-0.19278766298739983
102.0,0.06105974873624694,-0.01128752960475766,0.0413985713333015,-0.027967876656823595,0.0757726334400981,0.042499928943927054,0.013133113152759812,0.015308963425340983,0.057916409731661955,0.019978151581145985,0.13385191016370201,0.02557596348595012,0.23772351441763295,0.012729335584537354,0.17843928639493634,-0.18566185263503002
103.0,0.0702257465874627,-0.025225688314158903,0.02365060961962506,-0.03552774607329744,0.08353698556133304,0.1051308090289946,0.059693248556421746,-0.008763564227090494,0.08894080558566356,0.06313782531770912,0.07676397100885844,0.01639985768728907,0.1766486753782062,-0.002685015547429694,0.19023200016408917,-0.15966237969990335
104.0,0.082803445928109,-0.03289677154900326,0.007370205506045585,-0.042320406713190026,0.09089471915912656,0.16957702077595338,0.09822559673365786,-0.015168541069426417,0.11352162699059587,0.09860413562116335,0.027509708340513098,0.018435358184214774,0.08521790705475654,-0.006409754854965849,0.16059943637545768,-0.11919862479554075
105.0,0.09772906642732251,-0.030111402613451153,-0.009976408829694059,-0.051060186312852904,0.09091641326275612,0.21445651450123318,0.12377818241301307,-0.0064289091608208246,0.11807538163787092,0.12140640540428912,-0.004221841948568843,0.030733729291050317,-0.011966156591784818,-0.002748824526336802,0.09769528332504543,-0.07326538615744975
106.0,0.11032209683770887,-0.017351873000682645,-0.026201721249924086,-0.06068708241614648,0.08027917517013425,0.22509434034851555,0.13155712630130845,0.011313733254832026,0.0971951330219894,0.12948953359616436,-0.01379106204237491,0.04913703793227846,-0.09464588866360228,0.0024828968248255157,0.025617360633633006,-0.03200388437995497
107.0,0.11513176553442925,0.00030671814083601964,-0.033852501052435854,-0.06623440911985733,0.06009275003215606,0.19918701566431374,0.11879177194565485,0.030676690213611593,0.05692625973368939,0.1232481262795945,-0.003966858245398427,0.06673179985080058,-0.15300161534573284,0.0036159990081030937,-0.02785910963936323,-0.0030589555024962793
108.0,0.11005752465669628,0.016428507321877086,-0.024619340153513792,-0.061993262665416896,0.034246736729188834,0.14538491309405127,0.08768924061238031,0.04491465746750331,0.012402683054022295,0.10560263933631088,0.01624677869278762,0.07571708895319591,-0.18530448685238823,-0.0040901119575944885,-0.04372864335540012,0.011142463731980183
109.0,0.09829003248965867,0.026273223570538178,0.003927018810212902,-0.04594174731437734,0.006879853574672584,0.07791900602705752,0.04685180643695199,0.049374657325601326,-0.01916397755324378,0.08205284542759134,0.03652326726246837,0.07040033946311074,-0.19220862185813353,-0.023857829886664014,-0.018220823287885202,0.014162307914586563
110.0,0.08638739865147475,0.0278896934726404,0.04505233701774698,-0.021849460286087745,-0.018441292752183182,0.012283070873188896,0.00964987428902605,0.04267323950210885,-0.02649192358543625,0.05935514615018025,0.05046531767568961,0.049794822342451424,-0.1742014272220704,-0.05587835238066572,0.03820683065236135,0.013735585128682495
111.0,0.07964023754765225,0.022055757275032836,0.08576807663457758,0.0025102022712631907,-0.03775969544462329,-0.03730269444842841,-0.010034561867752754,0.027297270869733502,-0.009055261151016927,0.042678727529465596,0.05742453440117072,0.018191875830424833,-0.1330909038815274,-0.09537066907203895,0.10676824467999693,0.017806467733834656
112.0,0.0780888396046776,0.011805405992025814,0.1132059861725748,0.019412163165368968,-0.04667862282832114,-0.060749710003848316,-0.0035696547728074034,0.008909886941431059,0.023424307836229605,0.03289814514955729,0.06050064496936757,-0.01688324060071532,-0.07446541368571162,-0.13265051399165464,0.1670826136815153,0.030254471883799688
113.0,0.07636581329805192,0.001256147229455232,0.11998921586863955,0.024822001306636948,-0.042417595412256745,-0.05517509199746468,0.02749204820801868,-0.0058445605612647165,0.05580526491634818,0.026006517523370097,0.06305535585985235,-0.04797033867837647,-0.008342073932747418,-0.1562461920126913,0.20319717291731856,0.04893516526026891
114.0,0.0674700720660255,-0.006219030259571343,0.10602240141206652,0.019868284741249853,-0.02575539232971392,-0.026223347897758455,0.07065427096492989,-0.012291498648432998,0.0737135997591671,0.015177443551229325,0.06608479925431415,-0.07008060041656211,0.053084063266006766,-0.15740924890113295,0.20921612339761061,0.06754753899697052
115.0,0.047365522122974235,-0.009587925876177869,0.07667625721531247,0.009717995947471735,-0.0009431249535719295,0.013269478733075777,0.10715719842286349,-0.010041488653198143,0.06846902429236387,-0.00550261183297129,0.06776389882635588,-0.08143219324569574,0.0997350272256781,-0.1339285010900248,0.1920542532616831,0.07989689564374883
116.0,0.017067228640268262,-0.010774904676447167,0.039424167657671615,0.0007324979542850939,0.025707076768738818,0.04739117115760972,0.1199707234092351,-0.0031735887481941015,0.03933801789476132,-0.037171158542440845,0.0653536280373605,-0.0829947351569001,0.12777514589451588,-0.09178356860867097,0.16757349569445684,0.08306868519260018
117.0,-0.018575773746238863,-0.014000151538724222,0.0018001371382074588,-0.0026005812656709785,0.04755169757526507,0.06378673347779237,0.10127410797708246,0.0023666246710119924,-0.00711906166464273,-0.0742922255872443,0.05810670754608275,-0.0774753174714631,0.140826753045717,-0.04388300811881899,0.15110224532939992,0.0772961262765983
118.0,-0.053672512654587196,-0.02367157957797403,-0.028435487728459264,0.00019226822070083843,0.059468815453545966,0.059903180338600766,0.05540790923254882,0.0027609242394043003,-0.05962428477174405,-0.10677015171840437,0.04870460460345203,-0.06839408420039812,0.14642103593903447,-0.006443015249851613,0.14818874148587272,0.06375432718175213
119.0,-0.0835627044683327,-0.0417067786057382,-0.0435354079177592,0.005157001701199197,0.0591859490740383,0.043921985026745436,-0.004333022352309276,-0.0013504028459208808,-0.10539943212009403,-0.12550468756393057,0.04197697088734028,-0.05948007504266856,0.1499569547095758,0.005925952862097885,0.15164337924359889,0.04342186329338833
120.0,-0.10569055276703833,-0.06619451708213794,-0.03883840871315816,0.0057726348591127,0.04735923828311076,0.029071931876492714,-0.061930083442370616,-0.005889196252023381,-0.13335676844670544,-0.1275042834196357,0.04211926318112273,-0.05394136170327779,0.15189886356228566,-0.014269576326736932,0.146841755072579,0.018302183806071775
121.0,-0.11927760140868261,-0.09194076311134423,-0.01647912347020517,-0.0033308990686953884,0.026776594970502537,0.025675872418930316,-0.10328642732018928,-0.00626048609024672,-0.13691622916070417,-0.11694757412820148,0.05025689432702369,-0.05355473493303075,0.15028149233255747,-0.0630532908229376,0.12110294115259043,-0.007044278837951771
122.0,-0.12448878540596402,-0.11183854710654968,0.014514646414262403,-0.022713869126016438,0.00161261677612779,0.035832662498057756,-0.11827241131576384,3.457950061101012e-05,-0.11588533277012791,-0.10209368651031263,0.06339038249194516,-0.05810027554080864,0.14439425954027746,-0.12476931753746076,0.07048962767866529,-0.0262343394193178
123.0,-0.1219167816519266,-0.11866038538248745,0.04238453727181311,-0.047181640778235966,-0.0230859411109166,0.0525996954982021,-0.10177821267111128,0.011934309882284106,-0.07655947328775745,-0.09052486108555358,0.07524226667858189,-0.06522481021287471,0.13579467784397986,-0.17717433908067962,0.0013175168486986024,-0.03383663075667129
124.0,-0.11275791360356367,-0.10742067161381717,0.05809297195923886,-0.06854210915271293,-0.04241502527149885,0.0638380005049996,-0.05454922505236359,0.024861232999167697,-0.02976871295164007,-0.08552709130080129,0.07878838267045724,-0.07076692952666976,0.12727762592015043,-0.19948320814644568,-0.07230823406188885,-0.027720689127194786
125.0,-0.099261823630756,-0.07738134663736809,0.05912395674907169,-0.07976393388145749,-0.05330966009330373,0.059050238811667155,0.016313735862969702,0.032394201541984725,0.012178291961838646,-0.08546611897290848,0.06931932883729905,-0.07001202050274592,0.12186462223547315,-0.17948868153591344,-0.13365998540692758,-0.00946716482020405
126.0,-0.08474636038685777,-0.03225094637505223,0.0500684609450116,-0.0774127744496814,-0.05563978915385782,0.03495923778515295,0.09761633002607725,0.028727502866438152,0.03859430798692072,-0.0858729234500328,0.04661998395918176,-0.059670038576194066,0.12198140692786237,-0.11739268747039205,-0.16964684312572156,0.016365981990939974
127.0,-0.07272521045969389,0.021472009171913668,0.039829833171824806,-0.06171996352676451,-0.05141815455046569,-0.0033432625906600105,0.1720333498847908,0.011014887763432844,0.04316127471942968,-0.08209882683983073,0.015206241927218403,-0.03946495642611579,0.12768130055795376,-0.026167122886231853,-0.17464496912132638,0.042933754845447564
128.0,-0.06519579344176947,0.07623820307115269,0.037181388480449086,-0.03539504491840005,-0.04253766634414362,-0.04509420287220655,0.22182823519255646,-0.01891264983101756,0.025876965557212986,-0.07102358936447443,-0.017458941168504324,-0.01243044537188628,0.13425090312241914,0.07157352538684789,-0.1502153334960994,0.06209820490733187
129.0,-0.061092509560829414,0.12385751063155273,0.047085278662553826,-0.002181091606135412,-0.029028600077364363,-0.07866561775136471,0.23312523103082394,-0.05427604727504355,-0.006446586849860266,-0.051855785666621156,-0.043711515127416584,0.01612295593010637,0.13193356228976708,0.15039966478678887,-0.10311935310042553,0.0667255105661229
130.0,-0.05637845335588393,0.1556769938396407,0.06884887191153735,0.033926823212556065,-0.009711749619673955,-0.097136357743156,0.19999807960520474,-0.08505516823573457,-0.0416307139505802,-0.026184019292296076,-0.05820361421384286,0.04015068798456173,0.10978553907333594,0.19059120429059367,-0.043541719651641914,0.05393381345894311
131.0,-0.04608063395919739,0.1646033461512515,0.0965299769353677,0.06842795418108659,0.015209164071408507,-0.10191515329872732,0.12758069922934373,-0.10134246817159397,-0.06564360623422992,0.0028131517585737926,-0.05946840494246659,0.05416018552975895,0.062016935798270695,0.18439150402898005,0.017265646914449883,0.02717821663511932
132.0,-0.027205611706656297,0.14865948275534216,0.12224398197650427,0.09602456157681034,0.0423194205550061,-0.10116036142707527,0.03217135978084741,-0.09750882820746645,-0.0674530216845134,0.031596639334977576,-0.05016364055361996,0.054530232353002854,-0.0070615009999849465,0.13785668706728105,0.06945204600919802,-0.004844352619843064
133.0,-0.0011477208197463304,0.11326233276664525,0.1409435746340017,0.11128264277170845,0.06556462351209216,-0.10375426916231259,-0.06295326562701876,-0.07530669274593595,-0.04346923145407051,0.05722201035186341,-0.03624717213382389,0.04124097532775532,-0.08278999254268515,0.0687768375335143,0.10495353584584793,-0.03203682862089961
134.0,0.025887594686158595,0.06995646805614826,0.15242924687108922,0.10991839942780925,0.07818852732813471,-0.11421634980102295,-0.135010431542105,-0.04347015711323298,0.0006463186921135809,0.0775590020118926,-0.02558592315644129,0.01869041866763374,-0.14603416616835152,0.0011080922855503464,0.11637158466397138,-0.04696825176352054
135.0,0.045335264678142084,0.031852355796202575,0.1584206613937443,0.09010045559784109,0.07465630429392525,-0.13206845294531508,-0.16967922789512133,-0.013526855456125307,0.051943950461868824,0.09087481983922849,-0.025944160542417403,-0.006103258645628999,-0.18262376816761797,-0.04351770187884343,0.09778288844880352,-0.04723740488007293
136.0,0.05041613820837044,0.008170891417770096,0.15807893634552464,0.053537598310870974,0.05234190310807608,-0.15352564285510836,-0.16550399542909752,0.005625580487398466,0.09487386317229755,0.09549960417955453,-0.04242834703567923,-0.026754734368939367,-0.1894765056001698,-0.05422049323738674,0.048487973054480826,-0.03580853781332316
137.0,0.039246528100579284,0.0009774309637228006,0.14705081061276418,0.005774345029404334,0.01296702909695392,-0.1724375707243811,-0.13224189597670238,0.011523426573472625,0.11672432959403753,0.09010012375497647,-0.07524491233821982,-0.039191093220987426,-0.17288238979151271,-0.03457709924209665,-0.023658522494733873,-0.01939074913204267
138.0,0.015160624818453346,0.005569674137366205,0.12114445522620224,-0.0449508939302785,-0.0366204450315209,-0.18060214486067339,-0.08538157214843432,0.008819623667593195,0.1120331668801616,0.07422193767060647,-0.11867878051757261,-0.041220369563457204,-0.1423388578902472,0.0008247267260014849,-0.10299523515728906,-0.005177382059685079
139.0,-0.015287799617990209,0.013312238605514675,0.080863864885041,-0.08989235852799538,-0.08521595448524813,-0.1691147095286017,-0.04083772466443022,0.006464672749504412,0.08395611541581084,0.04873211763946734,-0.16217607255533464,-0.03215784422958061,-0.10595337479190056,0.0345120739957057,-0.1709927089725846,0.0023522494582793106
140.0,-0.044935703835769045,0.015215734305789772,0.031899952954132886,-0.12184379840568266,-0.12052621891259467,-0.13168283788338225,-0.010803634045241102,0.01244728606591747,0.041443917078545923,0.01633514461734613,-0.19399478651167962,-0.013466039369400754,-0.06891207871234933,0.053784193278209526,-0.21261029776445478,0.00245140591884302
141.0,-0.06774295801283008,0.005656224909495114,-0.019088461833599725,-0.13617971437231666,-0.13422410566221157,-0.06924601671960301,-0.0001665709853612879,0.029051472826107507,-0.005781977375094341,-0.018069792312732928,-0.20574205268771037,0.010860042429826007,-0.03358383450855011,0.054542131487236384,-0.22146047781366063,-0.002983934919521607
142.0,-0.0795005470709887,-0.014777681427043807,-0.06871975379271804,-0.13082106902426877,-0.12583699442086382,0.006948201209528577,-0.005150926061555444,0.051660782078606554,-0.050475570805682296,-0.04795815981710843,-0.19492166172642578,0.03500383656361797,-0.0008125825936248529,0.04102075864624405,-0.20228619984119753,-0.010812647663977848
143.0,-0.07851608257020871,-0.039089831531968766,-0.1167921709070097,-0.10591167494082934,-0.10270671450446557,0.07719249310603989,-0.016465772266772212,0.07153036479526105,-0.08769631238029646,-0.06683332306088342,-0.16468376672989687,0.052664752424144076,0.027972701715549098,0.022591606976488137,-0.1691541145174058,-0.0177093302143921
144.0,-0.06636719905058792,-0.05687592564790053,-0.16273639631220876,-0.06419408075770386,-0.07613482245248365,0.1203487071452457,-0.02567523558490346,0.08016594949474605,-0.11336656225050588,-0.07047180401115503,-0.12217048850108096,0.05876109738452012,0.04948001898305614,0.008912429407772671,-0.13874715189370815,-0.0216697078386074
145.0,-0.04759842982497898,-0.0592652724324958,-0.20283449362394937,-0.011780325372249142,-0.05645194016838781,0.12233024759143082,-0.030498578341301406,0.07249309402498821,-0.12420618130725665,-0.059168500635084754,-0.07654656596459712,0.051451022579044686,0.05947047304321914,0.005038070482793629,-0.12194113989871207,-0.02391417051110602
146.0,-0.028425698690472217,-0.04373773539045404,-0.23094333142887763,0.04231453402269366,-0.04968531094811972,0.08152754918680853,-0.03563562439932472,0.04797830354327461,-0.11939980614432645,-0.03874292261100251,-0.036877276016005524,0.03345564642836891,0.055324678917687206,0.009325189553371386,-0.11947293891703156,-0.02934561599769475
147.0,-0.01548820775444472,-0.01627820196506502,-0.24189230780518392,0.08856870203006965,-0.05651809021271441,0.009023080094939824,-0.04869227367981382,0.010858087977052604,-0.10220802440100916,-0.0186284922228246,-0.01019697367226296,0.011264295456309631,0.03818510528381355,0.01640718645989773,-0.12460107647799051,-0.04376470531608854
148.0,-0.01434559732205296,0.011153897157699134,-0.23475135605129374,0.11972431935709171,-0.07285778279959165,-0.07562483534738489,-0.07363773203176914,-0.03012810403086056,-0.07919051847833918,-0.007175177436826347,-0.00018601917663992504,-0.007918686748512658,0.013007697625741253,0.022844757423982672,-0.12948019980753012,-0.0689179095521828
149.0,-0.0271387387405066,0.026952242253865825,-0.21402930352179145,0.1319780817908095,-0.09149248102775806,-0.15071494284940504,-0.10624416019414615,-0.06402370043218236,-0.05687203619059931,-0.007090448338104498,-0.00643773657202906,-0.01972465376259515,-0.013519200690652345,0.029437415971865957,-0.12934576712337906,-0.09924328627099581
150.0,-0.05069094928846968,0.02589853100698355,-0.18842265564121877,0.12452810524656291,-0.10472477684165774,-0.19887491137691168,-0.1354672486653599,-0.08218133882024589,-0.03885808019473914,-0.014251763037711298,-0.02457568726217373,-0.024330511614173708,-0.03625444943009434,0.03804295239921465,-0.12226644778275161,-0.12321510901356293
151.0,-0.07697889681764362,0.011004270170574199,-0.16732013238490298,0.09900397038985204,-0.1072362504501178,-0.21204792742148562,-0.15024137469960064,-0.08180706318099311,-0.026090804609019667,-0.020738936136293445,-0.047723935985052444,-0.02552885697476933,-0.054475292711385376,0.04765432478459959,-0.10723201386947012,-0.12847531076496088
152.0,-0.0963284620756255,-0.009380748785266489,-0.1563338519097496,0.05979969831216288,-0.0976037255176781,-0.192666523548925,-0.14607840507256686,-0.06550447341727929,-0.01923720833621424,-0.020204191115484108,-0.0688624322588342,-0.02807555065197716,-0.07205816342733692,0.05459897893338046,-0.08371771949686503,-0.10755606089393363
153.0,-0.10171881045223304,-0.02644961849582951,-0.15471458869313137,0.014485538829202598,-0.07786296717059056,-0.1496536415048478,-0.12604255072445306,-0.038102799449863306,-0.019985278620572245,-0.01184611539790723,-0.0826937015580332,-0.034567270342418854,-0.09385175252867176,0.05544248919275474,-0.05272217168111228,-0.06137735852462308
154.0,-0.09174899549074796,-0.03437761080706861,-0.15662953227090545,-0.027332369883673355,-0.052411247627432135,-0.09183390645229313,-0.09622812525364714,-0.00441518091297418,-0.02962790488397684,0.00014628357476094552,-0.08612085738193492,-0.043391796044190724,-0.12054016814008398,0.04835918062744527,-0.017941509612905096,0.0007568913883010123
155.0,-0.07076385484030637,-0.031186976334633704,-0.15505150539432913,-0.05697438270544973,-0.027203863401619056,-0.024185613257098487,-0.06067971122984183,0.030712657523716144,-0.04658887814137367,0.010869524317804413,-0.07777750811609833,-0.049585126253865,-0.14679228109911593,0.032578033562159305,0.013764801691243427,0.06460333722250274
156.0,-0.04648862619712007,-0.01844537043354076,-0.1454335042028708,-0.06989252345441628,-0.00848958170908839,0.050227629363418874,-0.0201163069247299,0.06154611847740814,-0.06570714414772647,0.018591441869446983,-0.057702905354651765,-0.04858420685340986,-0.16509881211229513,0.008698668559496301,0.03373164115563117,0.11663261436785416
157.0,-0.02667802082329079,-0.0007286838359305477,-0.1276291559966411,-0.0671136426111201,-0.0007079044795881566,0.1258733943907234,0.025718037566753865,0.08156013409809307,-0.08000898482570573,0.02542586663852227,-0.02729803765548686,-0.04000516082236557,-0.17175055149903187,-0.01921028141486708,0.0351118496230518,0.14938784885336
158.0,-0.016284817156871582,0.016043612849006607,-0.10600508962142426,-0.05405074794105014,-0.004729822382654808,0.1933432088527582,0.07560796857741334,0.08529311686959327,-0.08353711939531361,0.03520640459901491,0.010973906333402809,-0.028292472274389625,-0.16901233758821058,-0.04206938466497902,0.016860281445723137,0.1636173790484928
159.0,-0.01613115753126121,0.027514145333253182,-0.08767586134778689,-0.03760301581335117,-0.017545724484810354,0.2421824634637947,0.12685780923297404,0.07146422782300405,-0.07373162745454,0.05031775926506532,0.05351807075794797,-0.01963868730244338,-0.16172873828262402,-0.047813389860580556,-0.014867688079071071,0.16598008672250203
160.0,-0.023482401458587727,0.032936978428708186,-0.07852197916086504,-0.02344904639761883,-0.03328492295320303,0.26504680013192866,0.17692878572712256,0.04523549439070199,-0.052230492009403696,0.06939472824130698,0.09461307491692535,-0.017382127366608442,-0.1521523348408123,-0.027496725208310986,-0.04912131479313326,0.1640640587301754
161.0,-0.03406285131806866,0.03446400535579105,-0.07819863012471173,-0.01471482228613686,-0.044794944347712556,0.26033219183859296,0.22426042701673363,0.01706260492255815,-0.023288119526545952,0.08752667974138886,0.12639234709143188,-0.019298356741901723,-0.13795145396741587,0.017920135362627276,-0.07448057994317842,0.16190454043280317
162.0,-0.044056125850182135,0.034106096944578966,-0.07776672668067297,-0.011890189946614853,-0.0452101107421607,0.23190073371088601,0.2668570028740711,-0.00239960464818392,0.009345659997441611,0.09867687085307933,0.14147682434904518,-0.01893531752057661,-0.11462278329415188,0.07533162997541415,-0.08235002829070216,0.15817583910822336
163.0,-0.050672061869410354,0.030426702446156795,-0.06292737819775947,-0.013296648919758054,-0.029527009193259658,0.18570679007829088,0.29914501977376,-0.008512747327342423,0.044508667028694264,0.09799430938568711,0.13619774741430943,-0.009808315008199585,-0.0794048539129636,0.12435085952757828,-0.06860245195281789,0.14727276213213122
164.0,-0.05147632140745987,0.01720454734696378,-0.021680663755556353,-0.01555364612423225,0.003515277696369728,0.1252929683772836,0.30950676829122553,-0.005592977863824329,0.08271236807543461,0.08275565667972862,0.11171230611607952,0.010932385225936932,-0.03381136065056853,0.14642666547450542,-0.03439906574842518,0.12216561837316442
165.0,-0.04408090575573506,-0.013918674219291875,0.04786573214881569,-0.014352544051060496,0.049617185972327366,0.050180018919554696,0.2826235995037895,-0.004196017104555544,0.12274950979943143,0.053117235469476345,0.07362555455782524,0.04126942458734672,0.015515482734497025,0.13261144912068704,0.014169336753464616,0.07778902762783145
166.0,-0.02693468549269064,-0.06661287933963142,0.1339792637864504,-0.006389792415924402,0.09858508235107005,-0.04027283329823342,0.2082841185558526,-0.014125514897830527,0.15839825968899351,0.013376593664649763,0.03137838351215638,0.07498053064372989,0.057190312750768565,0.08666198747765458,0.06776918680950432,0.0140899316104987
167.0,-0.00028245946164586833,-0.1331366234121002,0.214971792939081,0.008149606009660788,0.13665456018335007,-0.14023232496776877,0.09080957600860942,-0.03743329986379416,0.1783544004124152,-0.027885613186770908,-0.0037175185959835836,0.10351182781976555,0.07741647821333829,0.023049069923775593,0.11568274558560637,-0.06235172717018846
168.0,0.033401401770037954,-0.19426266949906695,0.26872896925115736,0.02474382682861977,0.15095617185900628,-0.2344444326321859,-0.04910402349394551,-0.06621471671881678,0.17101198720912922,-0.060330201730467804,-0.022463622044747476,0.11900671569527939,0.06504897679757783,-0.03957608764603606,0.1474725667252015,-0.13913096042998996
169.0,0.06934967710011612,-0.2277705730104774,0.28209258677241433,0.03642752712539836,0.13448648658642345,-0.3026439881305653,-0.18136513623254577,-0.08698619301473956,0.13195150982172618,-0.07611969366342354,-0.021461890155186323,0.11761266134982275,0.017846842936603897,-0.08691475487056659,0.15541026791990947,-0.20130855956919252
170.0,0.101198042692117,-0.21994204519540383,0.25504295973404967,0.03736248418970085,0.0897875458509097,-0.328263466925401,-0.27728904119997017,-0.08854204308471905,0.06901223456450317,-0.07316880721875547,-0.003853629703764955,0.10106020828845327,-0.05387512600505911,-0.11457981817287251,0.1378893895158783,-0.2363084020143633
171.0,0.12285305238786923,-0.17209051926362953,0.19945540921081062,0.026169169938143978,0.02926788042162301,-0.3053403333075735,-0.3189008288782546,-0.06788656626744574,0.0011218623865827048,-0.055300273908768564,0.022971522617522378,0.0753440954224709,-0.1289084985427086,-0.1269673583025846,0.10160959250973012,-0.23820254558687234
172.0,0.1306703851095695,-0.09888099791241593,0.13408274301403605,0.007226915373089277,-0.02905334759526144,-0.24069369578023558,-0.3033221815543474,-0.030949706089835324,-0.04893717434351789,-0.02983943194537002,0.05072835768226818,0.04776151543753332,-0.18160117584467242,-0.13060282570094559,0.059469962495604954,-0.20856744273414415
173.0,0.1248628939117215,-0.021213848089495724,0.07732174747538662,-0.011118274622392711,-0.06870938366804448,-0.15214077556114292,-0.2412715842190042,0.011178584188055013,-0.06450394521029511,-0.0048678819885077445,0.07252995423805925,0.024542125168320755,-0.19019358139622497,-0.1274357731331117,0.024472893196771494,-0.15379731286041254
174.0,0.10984118106029511,0.04189370800772128,0.04086429769846365,-0.020622188275550353,-0.08096974032140726,-0.06339371865078902,-0.15151599099058377,0.04742493557707872,-0.04300936230696187,0.012696692738771092,0.0835889135679814,0.009734141022755164,-0.14382022647979878,-0.11338174034861852,0.0038574927495575763,-0.08213161335560186
175.0,0.09316065491200427,0.07939560933505338,0.02738802007398059,-0.01698467077906366,-0.06697744244671386,0.0041118776624920715,-0.05484364919086835,0.07072202917875113,0.0024608648190128316,0.018503099090794183,0.08174267103285676,0.004531467234653698,-0.04639673396191597,-0.08282416699082779,-0.002771917583127641,-0.0030603226315261915
176.0,0.08279886296887674,0.09036775027398879,0.03200016707481714,-0.0015733800993406558,-0.03554226113609273,0.039356714733284594,0.02965322469913569,0.07956506310644536,0.049485764760834224,0.011601208714808653,0.06870179871217098,0.0068231103831963725,0.08317721384109629,-0.03533722892011042,-0.0009410573509951049,0.07163917564951436
177.0,0.08380851003571291,0.08161339707272754,0.04514816495193567,0.01923307396417231,0.0014506318563024623,0.0445745335016461,0.08627124376027748,0.07684152557081277,0.077313346225567,-0.005819456302812895,0.05040043685435474,0.011811031361302233,0.21492727872275827,0.020197091536569442,0.0033956607488825896,0.1279710745384162
178.0,0.0961325803493952,0.062776266430296,0.05609561093285489,0.03693422358346531,0.03354172721848295,0.030902725057268383,0.10477469416037298,0.06689566755618985,0.07625917638482793,-0.029357270367140822,0.034545808866041625,0.013981575746744464,0.31590415833991303,0.06745240246747068,0.007762458662358598,0.1530093422333144
179.0,0.11436315967258316,0.042753580568495944,0.056525854530103004,0.04536025718944938,0.05435270509552268,0.010982323855024302,0.08362762794079513,0.052898907999053356,0.05048115307876484,-0.05305158350050357,0.026551654070838388,0.009512900144104407,0.3612010567116012,0.09045828761663209,0.013969992126607097,0.14090586221314977
180.0,0.1294470529816357,0.028955466848534592,0.0427498047979299,0.044268234061725864,0.06193874661471123,-0.005732522374851932,0.03206786490092859,0.036034933173033246,0.013740616196300527,-0.06992601131008483,0.027326927811268956,-0.001845000129369536,0.3438326850533654,0.08266944917218236,0.025601881645202093,0.09762381723238445
181.0,0.13223810402802938,0.02706934287370762,0.01565954254481679,0.03930161700666357,0.057802240589513096,-0.013218291200781008,-0.03155227839218542,0.01636899024128148,-0.018212662109540822,-0.07349111208606902,0.03412614549840404,-0.01615891294653096,0.2776617840334773,0.05090828137397996,0.04417776145003615,0.03984796681764286
182.0,0.11769230289675467,0.03906225654949096,-0.020742922589752175,0.03823192063740165,0.04574420001216583,-0.007367939904922498,-0.0853467313970519,-0.005721681469585456,-0.03427068226823404,-0.06053508955083007,0.04189707325579404,-0.02689517830279003,0.1909575237076443,0.011417263995101852,0.06661677909490708,-0.011963288863021858
183.0,0.08730621582106286,0.060746020545672234,-0.06113594369335836,0.046324117448545865,0.03051495177694039,0.014136967987978474,-0.1114848801269934,-0.028748751435707626,-0.03127598481703357,-0.03393261148288402,0.043428699244918066,-0.028619930447082796,0.11417270650550441,-0.01921806048195456,0.08536731978500925,-0.04170074096861402
184.0,0.04820007034821439,0.0819771780681101,-0.10031897893270413,0.06351144243193847,0.015985520448833005,0.05023270126473322,-0.10250262789145448,-0.050328754381926494,-0.014233746692687493,-0.003169901780091792,0.030473379154593933,-0.020886703210582346,0.0681128701974716,-0.03245139095702382,0.0907329493721184,-0.042577178075529167
185.0,0.00951224326919519,0.09087708728213026,-0.13380845833721255,0.0839754409740544,0.003911944254054893,0.09534657009501174,-0.06272142002479579,-0.06759109208666826,0.0055563171671318455,0.019005923122083285,-0.0022935107778588393,-0.009800923763674375,0.05747148155125257,-0.030345124684814928,0.0743373723062336,-0.01807971238646056
186.0,-0.02150078031377549,0.08024273996221469,-0.1577754050660694,0.09785019859032255,-0.005567361515879205,0.1405676890052245,-0.004266172803141869,-0.07715570296810818,0.014565272744972465,0.022486501239848883,-0.05301795081750096,-0.005655104425865757,0.07196673800040639,-0.02139529882728653,0.0331779141829151,0.02023519974276101
187.0,-0.041475667354024505,0.05179011827966506,-0.16949629242687828,0.09495383316456124,-0.012456792722017123,0.176345198348187,0.05854841562214688,-0.07554286004016533,0.0031252076533695244,0.004424288971734116,-0.11205524658716519,-0.017157755070482984,0.09374367152864374,-0.0136399338089956,-0.026939199546122294,0.05731277081382957
188.0,-0.05067133544828841,0.014783571862966988,-0.16876036498114128,0.06953950012164632,-0.016202944578994797,0.19452180632010363,0.11283123712378164,-0.06106505568522888,-0.02948329624863263,-0.02999075950915814,-0.1653475026584351,-0.045758629600502594,0.10653204842377999,-0.01032984703373282,-0.09129363949642462,0.08002604180869069
189.0,-0.05144399520411618,-0.019829498913162935,-0.15862445384562635,0.023532592983444033,-0.016316171149073515,0.1891973235724429,0.148411656443668,-0.03647721968680108,-0.07462727813928619,-0.07000027729236397,-0.19907874262510403,-0.0843725712068509,0.1012853379989859,-0.010262971945460447,-0.14087788316699873,0.08109294829703614
190.0,-0.04656205650383694,-0.045016282341929496,-0.1439281994355038,-0.0337814586417319,-0.013295618197676584,0.15802551589183203,0.1580768540447598,-0.010137117693780716,-0.1184324389124569,-0.10307437468945856,-0.20352787723675198,-0.12120403098825902,0.0763349068730787,-0.011031883153699013,-0.15921965556097784,0.06032115768967676
191.0,-0.03790399376311273,-0.05963881799675881,-0.12830151633951384,-0.08915606495671809,-0.008823360231670258,0.10456424648521369,0.13773373968232802,0.006120608639827897,-0.14704522463051606,-0.11863931646451187,-0.17553143237635202,-0.14513455771375444,0.03503905649322919,-0.012102841881252019,-0.13776878599628106,0.02396038677357801
192.0,-0.025807272285820842,-0.06743671535258824,-0.1117007461588981,-0.12981396649139065,-0.005119510821477759,0.03957312318441453,0.08723216180622638,0.002354572448794806,-0.15079003772432048,-0.11108851632950147,-0.11927310277742158,-0.14913849262436144,-0.01583818993423166,-0.015532389242418813,-0.07897061185865466,-0.0171039593818838
193.0,-0.009562699553776356,-0.07441040991866137,-0.0897645567355993,-0.14698277675131038,-0.003809084729652535,-0.021253984210459563,0.012039239382770853,-0.02315825923312678,-0.12705481922356615,-0.08155047082380412,-0.045348093770600756,-0.13110183977452344,-0.06738794033465982,-0.023579542997130606,0.002587607181727649,-0.05079248936789612
194.0,0.010695425205746794,-0.08460776337539928,-0.05544495990021363,-0.13738116088672897,-0.004954286904171887,-0.06294383514536975,-0.07539217230816109,-0.06088838405668436,-0.08163166894855514,-0.03766484631635964,0.03133248279294076,-0.09327825854889417,-0.1105841405887109,-0.03460491417063176,0.08264611091585974,-0.0686681490124347
195.0,0.031848216424333574,-0.09610959258571586,-0.0031643407656352616,-0.10291193924700298,-0.007020463156970449,-0.0770504874868813,-0.15673981954737914,-0.09366425602101686,-0.02741632470987158,0.00882548540753715,0.09430033838977907,-0.04139154991862325,-0.13844192810492986,-0.04093498910393999,0.13567152642116737,-0.06924573984985248
196.0,0.04738330348590514,-0.10121685640555211,0.0658796599226045,-0.05004029300923534,-0.007738834095182826,-0.06416329198830459,-0.21267612715262013,-0.10526484906676067,0.02002226291752604,0.0458583914563562,0.12934348751674815,0.01668936868945397,-0.14719163925767909,-0.03174707567073239,0.14683437100089067,-0.05664993368330008
197.0,0.04963491500234123,-0.0914936665036722,0.14106171532613826,0.010454019989976469,-0.005167622781210028,-0.03259369267950298,-0.2300027723354703,-0.08813126290369688,0.048487610787111377,0.06497280220079042,0.1293055589600746,0.07264808256028626,-0.1363206313043637,-3.230134129292887e-05,0.119786526262794,-0.0358389405224994
198.0,0.03381053422983902,-0.06343990348625257,0.20499074312332735,0.0646929274733474,0.0013692480729376347,0.004853218070091066,-0.207358399542965,-0.04596441271544919,0.053717084886679964,0.06401575897752625,0.09739271239018535,0.11872988550487451,-0.10864127128915403,0.05101912422936505,0.07382500111475794,-0.00911641273020658
199.0,0.0014976446592842245,-0.020766894196117113,0.24016997471936913,0.09939834915811964,0.010606361844434592,0.034408595134616415,-0.15607973873383527,0.008558268120614056,0.0400730663923453,0.04740633312290927,0.04610801690291533,0.1478007113059403,-0.07116273714426694,0.10735024448641686,0.031702331689888244,0.02337349403568054
200.0,-0.03902999394633939,0.027350125470529212,0.23643628616238774,0.10700931642874541,0.019583759162726054,0.04462221059937561,-0.09548002875799447,0.058874541960968536,0.01753122496961107,0.02357953770424396,-0.007834438372750496,0.15373437810298893,-0.035031317837049936,0.15059339791366388,0.006561923022532306,0.06075647241569938
201.0,-0.07645163676047888,0.0702457997342497,0.19618467756969146,0.08893909179078083,0.025204093253573128,0.029208571937355828,-0.045102989016366966,0.09080139855115153,-0.002893409455113859,0.000902608845685056,-0.04958647329889502,0.132969416847405,-0.012090232782491807,0.16749652753380184,-0.0029470175111227528,0.09913961144059415
202.0,-0.10171927363607733,0.09937712816114617,0.13464993126247143,0.05463985071948233,0.026103885394042285,-0.010710087576381023,-0.0178765950341317,0.09797884008642917,-0.013128835931907334,-0.015340453054879985,-0.07046549624219507,0.08667455102704197,-0.00910796738360292,0.1556120594832614,-0.007639970548455914,0.13140915477810997
203.0,-0.11162409771256931,0.10993903981172753,0.07417087344137013,0.01709178383378161,0.023324315171737723,-0.06570196554668335,-0.016872850115323326,0.08374731282083314,-0.010223258474655026,-0.023396624291916312,-0.06930023621377723,0.022170204656274502,-0.024170522795632653,0.12249416913958225,-0.01872280301687753,0.1490590315605356
204.0,-0.10854354368182005,0.10093035784262139,0.03490741902653166,-0.012577826535584414,0.019477125784846398,-0.11988527789835522,-0.03624559509380508,0.05810637679112622,0.003714579736926821,-0.024060467991137237,-0.05120747873098498,-0.04782007623714886,-0.04804107942785309,0.08034763126999604,-0.04065499429968626,0.145160529742454
205.0,-0.09719146245709208,0.0749235789750908,0.02674996649890442,-0.028678271484685432,0.017280128458222303,-0.1563587067290021,-0.0650654240321623,0.031627481744875105,0.0233814584168371,-0.019848740832579863,-0.0249284692426691,-0.10859534004719348,-0.069109095218177,0.0396481317616437,-0.06808277811785272,0.11684616085494447
206.0,-0.0815129486114221,0.03771280606890173,0.046222866340068065,-0.031659988875382634,0.01817140887022568,-0.1648611434059482,-0.0915914118219805,0.010163913920488729,0.042738356253235604,-0.014045163763729183,0.00038933854586102476,-0.14837866585179643,-0.07908512026786747,0.005181915578804087,-0.08762268091458025,0.0661282472324523
207.0,-0.06402919213271802,-0.0027054254551583503,0.07937445780035945,-0.026533035968618293,0.021357911646905665,-0.14709941735686913,-0.10578032319696622,-0.006463043028586788,0.05666510679790489,-0.00904172984319777,0.018257480350931894,-0.16219748727059105,-0.07678323200371541,-0.023305553252335465,-0.084671973493927,-0.0002656309658228791
208.0,-0.04691345561347582,-0.037618838908832226,0.1085442599847072,-0.020075859167156998,0.024052452253532308,-0.11461462669334957,-0.09982512354118304,-0.0211515568146233,0.06116281695069032,-0.005181558662437094,0.026822044463297667,-0.1526875201653236,-0.06763631991104237,-0.04700341318008515,-0.05228942124138802,-0.0707940171509092
209.0,-0.03267753222067557,-0.058905428214016974,0.11908693517220108,-0.017668688782963324,0.023322091177743264,-0.08036304235208701,-0.06868147373334493,-0.034348192211571066,0.053233975938555556,-0.0013570725941740118,0.029046810000518127,-0.12776930340681453,-0.05917242044098363,-0.06465353886980381,0.003369670329032997,-0.1295298515528428
210.0,-0.02346327354440284,-0.06027332437700452,0.10322492706551903,-0.02092164945853292,0.018260781175694865,-0.051914704062720037,-0.012034794381751509,-0.04150260616998659,0.03215136289853984,0.0034013650771461067,0.031151279039169817,-0.0967120554759473,-0.056148074455418306,-0.07279026233992683,0.06465484998924428,-0.1592127509602699
211.0,-0.019644065991964076,-0.03888219270739836,0.060991546640292625,-0.02739762652021019,0.010553228446744892,-0.031195807534198712,0.06384348873467939,-0.035153667018564164,0.0013402733636564742,0.008901689678956213,0.03981695814512243,-0.06640149695542351,-0.058883538141854826,-0.0677936225457958,0.10989941301613697,-0.14672257785806556
212.0,-0.01930901374141858,0.0029659861737760394,-0.00042029976722558185,-0.032443148912940506,0.003266710438555673,-0.017337673291715556,0.14670272483332306,-0.009664668377204923,-0.03191473523356054,0.013974698939114526,0.05890374881227293,-0.039512132706941684,-0.0647990137970137,-0.04662739232260329,0.12233509198506273,-0.0882221016631
213.0,-0.019469858864557425,0.057221270745551694,-0.06849846947352695,-0.03187176361927613,-0.0006771813866132104,-0.007475433421638128,0.22128069857272006,0.03439715815224507,-0.05950064319834995,0.01744772298559922,0.08688458930916673,-0.015296016669553115,-0.07051428253192663,-0.007338973191288671,0.09617355181232469,0.008009026819347393
214.0,-0.0181405512583797,0.11184217453975628,-0.12900274189216615,-0.024440749459373197,0.0004646449508074942,0.004207023340784449,0.2733716246039445,0.08813724343220625,-0.07553617801483217,0.01899657584618639,0.11663741799475373,0.008257914255844849,-0.0726288524215302,0.04787550497782382,0.0380348551255069,0.12188346027975734
215.0,-0.015643949743735494,0.15490594498168306,-0.170559811142929,-0.013437335369045287,0.006502710289082482,0.02515043812249915,0.29414920559732294,0.1359911524084,-0.07716500503406974,0.019506696820167424,0.13852668934954132,0.03268745618292036,-0.06764892781241778,0.10892729859935393,-0.0358186536510003,0.22611240871599536
216.0,-0.014046509176111362,0.17896635980915632,-0.18738551035275547,-0.006104284004903273,0.014997283087128919,0.05894728241249717,0.282956023520259,0.1618161886051518,-0.06359214843800333,0.021259309059018103,0.14530454073390803,0.05815094874455679,-0.05224082510871299,0.1584481261036396,-0.1050373577848652,0.2947544012125841
217.0,-0.01500330916782836,0.18305512303861038,-0.17870240445465685,-0.009964419958795228,0.022050719630967195,0.09919525665835235,0.24666498050671778,0.1568581155274329,-0.0353295944638403,0.02766522986787755,0.13550887100977801,0.08302054230080894,-0.024334777838024933,0.17835828605992984,-0.15188768969621202,0.3120317335286631
218.0,-0.01796028868957019,0.1715371532889033,-0.1474980162874642,-0.02775031913252645,0.0243671603108435,0.12926624471928227,0.19631780676662947,0.12419740007513355,0.00527569277320287,0.041606537846174935,0.11327772559154763,0.10413448318229498,0.014872911403908364,0.1588890110351486,-0.1669601622507972,0.27679725447257586
219.0,-0.020617885807632956,0.15094143548902825,-0.10127034944243142,-0.054656823366970614,0.02159761116094287,0.130691676026464,0.14325895351117685,0.07607898892894467,0.05299949756466619,0.062706046015555,0.0853891082397918,0.11783845095747823,0.05930131190272056,0.10442344978733144,-0.15136828513749484,0.20088772309432543
220.0,-0.020922954607836726,0.12654763846089337,-0.05286927040324894,-0.08013643851180936,0.017120594101064698,0.09471483580520618,0.09597124097910353,0.026367967810485976,0.09968228051753349,0.0858517582493153,0.057986881959517476,0.12128405516650158,0.09917314325353212,0.032167395901793794,-0.11452244936098013,0.1033945571014484
221.0,-0.018007580619981554,0.10034758873224046,-0.017744658886667104,-0.09312053442056814,0.016048829786836902,0.028555872505560527,0.05814080166845707,-0.015589974219726266,0.13592444596070047,0.10303475005893807,0.03503333699787651,0.113248147064499,0.1252189733351087,-0.035599319823323504,-0.06948390993336084,0.004380615628779395
222.0,-0.011378049643066036,0.0712808274990573,-0.00764133951962597,-0.08743561263500665,0.02140958493923789,-0.047357294684662016,0.028628836115960846,-0.04572786171788984,0.1541441595636153,0.10769844934813379,0.018539374554354417,0.09412489411181872,0.13273265466050005,-0.08075379292823176,-0.02892075761612,-0.07970023329344704
223.0,-0.00032539550459812226,0.03782945910505,-0.024845940858220724,-0.06458088860654539,0.031340129252028524,-0.10869507217712811,0.0038457565784623805,-0.06257243999253695,0.15134558421853977,0.09848909286379008,0.00902352665465837,0.06552605331725835,0.12279677121730806,-0.09502690920459286,-0.0029677426570746857,-0.13875836074382056
224.0,0.015235903332139741,0.001963594964736604,-0.06080174526465523,-0.03297206935569007,0.0399040890230138,-0.1372221143849933,-0.018095714506532568,-0.06554891894597512,0.12972953132892526,0.07997072970605591,0.0054050856833571205,0.030537921998043543,0.10135069013100463,-0.0804593571139741,0.002171889803404698,-0.17050920404244563
225.0,0.033742555523905156,-0.028655934392121905,-0.09959233260631459,-0.004307036024625198,0.04109586248769217,-0.12650009300711873,-0.034173808223528654,-0.0559300885386657,0.09509236874220735,0.060262227224151546,0.004988079389607374,-0.005336964224095792,0.07758877571253377,-0.04645399133338652,-0.013892818520685888,-0.1801947421690641
226.0,0.052078878035735576,-0.043693691260994795,-0.12414488787491322,0.011409717606450154,0.032552254082712284,-0.0822928697002116,-0.037316463802263944,-0.03857354375473574,0.05465223915782888,0.047185672519354405,0.003951473973634474,-0.03442758223983273,0.06119184406889263,-0.006133685713180007,-0.04480841108508505,-0.1780258364650539
227.0,0.06653279819315872,-0.037421445516816206,-0.12206627530045877,0.010029392227709637,0.01627950454128042,-0.019258727347213015,-0.021209113639245412,-0.02175766619014204,0.01556873147017687,0.04490416411601141,-0.0019201759575091157,-0.049571832871534285,0.05825740249285815,0.02701988780799805,-0.07942373945067979,-0.17505061828944274
228.0,0.07390994945722494,-0.014270739584309898,-0.08857770774016745,-0.005285591261242651,-0.003271472044037446,0.04439811947049809,0.014423424990151677,-0.014219729542747535,-0.015671165507600074,0.05246966589608686,-0.016201615592865766,-0.0476220236208271,0.06852809021069071,0.04237374845147063,-0.10581081644409294,-0.1792987304604243
229.0,0.07248507164763218,0.01229678309235921,-0.026337793991058803,-0.025801757829093643,-0.02193076880860436,0.09226684606206254,0.06136681866323386,-0.0211739144115711,-0.033379921671614236,0.06446784987493813,-0.04028984890087283,-0.031212167268140533,0.08634566684484367,0.03458956118471237,-0.11525471096998359,-0.1937759019277812
230.0,0.06243462916368338,0.026856903520972752,0.05578013525597698,-0.0409915716930667,-0.037528691327214224,0.11306885555530492,0.104543488463696,-0.0418819877809015,-0.03322845315328201,0.07326914078250116,-0.07210650740589075,-0.007618701678385362,0.10431515003503397,0.004437829230821432,-0.10483939720866726,-0.21623214874736402
231.0,0.04566037667242609,0.020142385258744552,0.14344799499163832,-0.04260905941164418,-0.04974271780540839,0.10210887377476296,0.12754615966656763,-0.06973681407471469,-0.014075685674282823,0.07217993242046669,-0.10651171794179744,0.014919719607315014,0.11650067730091267,-0.04196339539872259,-0.07768894931597366,-0.23972427067603613
232.0,0.025663230610504836,-0.006905629637242877,0.21814688029572296,-0.027886592993502903,-0.058726341877270175,0.06256054796862841,0.12004080548646634,-0.09443614680698656,0.019913977404925856,0.05789617036411317,-0.13770041110882353,0.03162934900161092,0.11920085176444994,-0.09530884044442647,-0.04069817652061633,-0.25437835041406043
233.0,0.007618481866597729,-0.045199311617106004,0.2610212385438103,-0.0009188848355188557,-0.06385422660379234,0.006823960760307522,0.08279038092691943,-0.10573365803947994,0.05943697045600657,0.030790811079697996,-0.16145042450971522,0.043425179820847724,0.11018244026256953,-0.146597794184503,-0.0014226746813662144,-0.2514692951638697
234.0,-0.0026045570377818666,-0.08320098397927739,0.2596119012985238,0.02882100295872082,-0.06357837354669449,-0.044693375990683376,0.02708145065822404,-0.09779027568021924,0.09345025749429935,-0.0060667698140117205,-0.17505865884401114,0.054823061872934856,0.08849205675889574,-0.1901825863242852,0.033437519572000036,-0.2282536898976352
235.0,-0.0010404397569697397,-0.11184044013062752,0.2142169755362183,0.0507524691619559,-0.05677618749646644,-0.07001937144651868,-0.030709715439655637,-0.07189681075049444,0.11339556739987369,-0.04710327328783908,-0.17610555444934747,0.0687481651119257,0.055203863596320804,-0.22388517954753973,0.05765631766788169,-0.1896522588249742
236.0,0.012146731045935756,-0.12652652000841333,0.13907363972980774,0.05819668603086673,-0.04477406536105137,-0.055664517454558235,-0.0760623881974443,-0.03541076785459674,0.11535551653273661,-0.08384945108443338,-0.1627544353388263,0.0825051590494352,0.013700014097510087,-0.24665692515156332,0.06548347722676993,-0.14506335831742076
237.0,0.03305656800613006,-0.12698083385778577,0.05675379612597249,0.05141248303868637,-0.032033417186219375,-0.004104007556161683,-0.10128720250646475,0.0024860894686564946,0.09986579617655097,-0.10627784911383815,-0.13536518643577766,0.08855405113052754,-0.0310800617743111,-0.2567493905374766,0.05369976448044832,-0.10290106148889375
238.0,0.05645345802801593,-0.11602701965406828,-0.010694550689721137,0.03714414027203899,-0.02417040818850997,0.06736542509906375,-0.1065247478196443,0.03479084953556348,0.07078325665936634,-0.1067011480183246,-0.09711634267099933,0.07967040682378748,-0.07388804330953756,-0.2518616678491027,0.02488727686090751,-0.06696000242468964
239.0,0.0777946064586417,-0.09792367447049914,-0.04870618835392308,0.02516114144145844,-0.02436144952874012,0.13635198808628193,-0.09736244700361382,0.05788263456718285,0.03422818937604366,-0.08386115972977574,-0.05305215388500069,0.05438476048126637,-0.11018436096370549,-0.23044301105476195,-0.01014912366102104,-0.0364176693796717
240.0,0.09382699770504253,-0.07693424175814666,-0.05276453919949033,0.023667121556705945,-0.030821276882244557,0.18634467545295605,-0.08151614804505745,0.07058109678954796,-0.002444768600462616,-0.044050055667754856,-0.008464098820047216,0.018557603268673357,-0.13598204066305022,-0.19331122917419363,-0.03319627033140761,-0.008431908995252617
241.0,0.10237418171103636,-0.056672334913333185,-0.027224870041592616,0.035674250915166746,-0.0373768279949338,0.2112823538051997,-0.06640797125852736,0.07304420762232143,-0.03257819457027649,0.001264037021987552,0.03247288302100091,-0.017603908019882188,-0.14685570975910936,-0.1450105455720572,-0.024422676130892138,0.018760224866685285
242.0,0.10212090051663551,-0.04008215033387184,0.01773328117906821,0.05793888701498539,-0.036726816560894285,0.2131073907349013,-0.057552015132101696,0.06627319689430755,-0.05304489265590081,0.039191704337943764,0.06671338964668845,-0.044296534414379474,-0.1382190665672383,-0.0937185497361364,0.028412966028965116,0.04409133625229857
243.0,0.09287481702377827,-0.029558705247349677,0.06950756323070251,0.08287387271290932,-0.02400097695363986,0.19732228886634853,-0.057131397441623565,0.05168808667717076,-0.06559206799493356,0.05888058978205051,0.09091252915211524,-0.05562065508394918,-0.10760584728956221,-0.049247771906669235,0.1226024346499447,0.06378099904188585
244.0,0.07622869144497679,-0.02665080215601173,0.11609157224000023,0.10221486721007918,0.0012825599084370835,0.1705927640868088,-0.06335409718527743,0.030481737116445258,-0.0746287122619797,0.05458267881977799,0.10052728814371346,-0.05096532222654236,-0.056899011693427745,-0.02040987806448287,0.24008219159159627,0.07228770019888262
245.0,0.0557278860098432,-0.031287769458672274,0.14834524812238992,0.11045504298486387,0.03500176986785105,0.14022652377649292,-0.07152562710208415,0.0035834741211351654,-0.0832859754441203,0.027818456261905954,0.09128735212381085,-0.03474518682791319,0.007301213194015947,-0.012905280697786986,0.3545380642257644,0.06363798001204382
246.0,0.0358210635795188,-0.041531466742698774,0.16115285558586864,0.106541644708419,0.06962465359911874,0.11328347747744925,-0.07655501550554912,-0.027033105802238333,-0.09166248876917764,-0.01299586776204752,0.06228091137629413,-0.014786102491367996,0.07464904223826771,-0.027566232016271876,0.4414593274361353,0.034182662629569274
247.0,0.019940088311421758,-0.05451943723481204,0.15308309055438976,0.09330282858019463,0.09685183396706482,0.0947433431802784,-0.07570108540735158,-0.05676418952644358,-0.098405543842772,-0.05604832785175464,0.01810879414110199,0.00039425949198788695,0.13254400201543667,-0.058958949581620484,0.48543130663914824,-0.01356873947582637
248.0,0.008696979891812902,-0.06748926500197948,0.1247840098917854,0.07536518151952815,0.11093383553080192,0.08605645703471625,-0.07028646760589274,-0.07871236458964424,-0.10316439536922645,-0.09078561910975506,-0.031527674093038895,0.004576178837948426,0.168458345544489,-0.09574764257231737,0.48211027349247215,-0.06927259208756999
249.0,-0.0005514907318816508,-0.07779839101666139,0.0776744315254488,0.0571257684297261,0.11064259042612654,0.08441283057939926,-0.06549128042237204,-0.0865469205221608,-0.10729095174582695,-0.11089574984144188,-0.07443525745319185,-0.00404812542573365,0.17305008751688342,-0.12394714477463062,0.43596935530092007,-0.11759696150377112
250.0,-0.011903446809310998,-0.08294196840944836,0.0146765576543703,0.04155080133731825,0.09856243001438486,0.08231900821459014,-0.06829200658272645,-0.07769674062192257,-0.11260569874892314,-0.11482798281095775,-0.09952011449250887,-0.022492559616569735,0.14286375684400573,-0.1317341637629088,0.35637651991193275,-0.14386043050254207
251.0,-0.027828957506794285,-0.08175459372174079,-0.05744481933770885,0.029494478375220408,0.07851580351673527,0.06896386968983335,-0.08443315619174106,-0.05437424626284739,-0.11957141733437758,-0.10504889223228966,-0.10023066166619728,-0.04462009835010439,0.08135421748273032,-0.11317122147886437,0.25418619146291715,-0.1390490734200452
252.0,-0.04727981420163081,-0.07552457162757589,-0.12707068419522385,0.019569093893385875,0.05319986054760499,0.03497766282798685,-0.115191666491535,-0.02236292736299747,-0.12591162074498355,-0.08663595136529763,-0.07681527481603526,-0.06414912379323712,-0.0017425137377576846,-0.06964707184557925,0.14004570783420792,-0.10254520502857489
253.0,-0.0665175357639995,-0.06704018161744063,-0.18030590579202424,0.009160774380350538,0.023868863199469317,-0.02145893861491293,-0.15462690412834462,0.011047388473996625,-0.12669188204951645,-0.06494811617849527,-0.03671010326096233,-0.07723055096091856,-0.09162716527224453,-0.009197746615716887,0.024719689158210018,-0.042425494240972195
254.0,-0.08182062744365765,-0.05828031323902945,-0.20583264725315642,-0.003723180401122213,-0.007764517105315417,-0.0919905830504633,-0.1894817866649399,0.03937670516684499,-0.11696928078227047,-0.043294240153475855,0.007264563208519665,-0.08278391503601892,-0.17037408673463394,0.05608869854292025,-0.07962442659424944,0.02670689424415025
255.0,-0.0917754160247108,-0.049308393251335556,-0.19914075568336007,-0.01934861650674438,-0.037677800669171486,-0.1618677424058704,-0.204209933402369,0.05922448186512125,-0.09601443657231795,-0.02228219353740948,0.04113973725602685,-0.08078756672836407,-0.22096372027200079,0.11394162688142166,-0.1597802495107095,0.0882346444518977
256.0,-0.0975392541841026,-0.039134344172718334,-0.16495176593419558,-0.03692583815008262,-0.060211740048221545,-0.2175456182115784,-0.18894054076220793,0.07118029930150503,-0.06953750624046053,-0.001160724970124618,0.05552106001970361,-0.07098811904936393,-0.23291896226030115,0.15594784920381183,-0.20508049937763026,0.12932613918218727
257.0,-0.10146301158570936,-0.027100676625412254,-0.1171625736351656,-0.05615382945256773,-0.07071239985949489,-0.2521811712043785,-0.14388340114269307,0.078337197712947,-0.04732926209903295,0.01992754831396423,0.04956612150355233,-0.05379736456443956,-0.20648315416045682,0.1804686560789481,-0.21202879457893853,0.14571301806731532
258.0,-0.1051835116115982,-0.013581931333802175,-0.07462828432695796,-0.07761007708223665,-0.0674740479145125,-0.2658890752321387,-0.07745431032377804,0.08348676809313152,-0.037691890705408126,0.03817886659417105,0.03015975615516001,-0.03203735183424035,-0.15249673813869943,0.19263952422932032,-0.18638036751818285,0.14299998101762448
259.0,-0.10781064002584403,0.00033663058378704115,-0.053344294103373574,-0.10090531552095854,-0.05187643974393285,-0.26208104230562185,-0.001726671324131237,0.08704981954515893,-0.04247314309893415,0.04820202661515371,0.007176240758999313,-0.010904755539118157,-0.08748258221058001,0.20093243545857692,-0.14143861843387767,0.1336712188647992
260.0,-0.10521822642808394,0.014062275367652689,-0.05966200801070753,-0.12211325630919828,-0.02781465194942936,-0.24269684223598137,0.07127681695135016,0.08668080694026804,-0.05564534769989647,0.04458175948710415,-0.011268488811151684,0.0044579522859316935,-0.02636890797481937,0.2124764206220778,-0.09357085390655571,0.13094168299126
261.0,-0.09165853246219854,0.028470070563527253,-0.08870199934610642,-0.13370225211392647,-0.0011929675477855793,-0.20549350914032918,0.1321582826849802,0.07835522395962652,-0.06625237211719838,0.02574264408757589,-0.021013834666404496,0.011881423740774917,0.022875704308094998,0.22955693456036894,-0.056704152690182565,0.14216776425664057
262.0,-0.06346506205661406,0.04532179780652073,-0.12760542784880508,-0.12827409944528728,0.021086162238770585,-0.14608448486863262,0.17598533565983931,0.0583851101680066,-0.06414112733741689,-0.0035123701709472385,-0.021597397286457192,0.013399537008399142,0.05992945745598424,0.2482441067663725,-0.038061026617499376,0.1654014824181542
263.0,-0.02260472515734891,0.06533419078163631,-0.16064148015628332,-0.10351270711202433,0.03291500495570857,-0.06381841625762333,0.20306584783396303,0.02561170129210846,-0.044800792426534085,-0.03260285131868769,-0.014634727572540931,0.014040935512402757,0.08893766917959219,0.25982905069232715,-0.0370432398410645,0.19137614658591184
264.0,0.02278027410403543,0.08651512639118636,-0.17406007561551642,-0.06443054524580814,0.03063344620892381,0.03322731820869808,0.21772129121253964,-0.017113017642368878,-0.010512939989478774,-0.0486598057657993,-0.002136288986779973,0.018719324103166516,0.11403734099353265,0.2548634957457195,-0.04761884869940164,0.20972630222247116
265.0,0.06148858603733626,0.10420881245088122,-0.1599455661773969,-0.021246173639235078,0.013743029777096773,0.12819694940788146,0.2246183822230173,-0.06295158588195218,0.031644523261783276,-0.0415328456714513,0.014323149718025403,0.028985136439640936,0.13568179955600607,0.22756533131540127,-0.06281634197124117,0.21511549875928207
266.0,0.0835191869054666,0.11301806763970246,-0.11868193137440956,0.01565098076698466,-0.015075454726160679,0.20040505500385936,0.22477576085051112,-0.10277976658822488,0.07268646294486845,-0.008669911054776583,0.03375033731525918,0.04212303506583572,0.14948006314111847,0.17842068257477062,-0.07873931713360964,0.20892117429336798
267.0,0.08293030700610445,0.10931719712996033,-0.05961297785045678,0.04040001411748273,-0.05036372862686224,0.23229972057457238,0.21455807021329398,-0.12779538806048357,0.1041201182247479,0.042327491298788135,0.055571631504640784,0.05334955111926478,0.14868156957356984,0.11436427004153092,-0.09551878553257934,0.19590867736831422
268.0,0.05919713142373549,0.09233223453556903,0.001134603565366957,0.05324049519788244,-0.08499212861061199,0.2152062661538085,0.18788710111986723,-0.13204982095228532,0.11977001013282347,0.09555474219849468,0.07897449157466276,0.058995852793408465,0.1288288055759122,0.04646363857969491,-0.11460219468101203,0.17960498657622073
269.0,0.017562064383756817,0.06295506607557928,0.046619810606339004,0.05852467397712325,-0.11189402655962175,0.15224400598198043,0.13924043001796002,-0.1143928680137056,0.11720466335891191,0.13278713689585245,0.10163187395315908,0.058017173422115834,0.09099252554562,-0.013887994012691944,-0.13490586815468097,0.16051460546799304
270.0,-0.03241409455094426,0.022099350814397362,0.06673118182583651,0.06101848408272,-0.12574838859170312,0.05811478319249619,0.06639357174623615,-0.07949778557539373,0.09838612786820156,0.14037642434647957,0.11834254281901571,0.051156746050018374,0.04148935141264527,-0.05795312421463423,-0.15146754231641468,0.13801551908475027
271.0,-0.08031466596668052,-0.028990739915200497,0.0625761759522549,0.06289295566802511,-0.12421919019064893,-0.04478066703113275,-0.026919394229473762,-0.037306809237560024,0.0689798804022411,0.11377127778210747,0.12099705446710282,0.039136556816104555,-0.01137616874280219,-0.08093692128841443,-0.15797759410831774,0.11323733298044131
272.0,-0.11821743853451266,-0.08658779038292196,0.044661524716642136,0.06294473927267315,-0.10861752178764124,-0.13402518329687302,-0.1294582005996074,-0.00018811061139421448,0.036228213261626376,0.05893778192314383,0.1016229609985666,0.02159064776889622,-0.06132784326143433,-0.08254730118971879,-0.15139881227626487,0.08961861911999053
273.0,-0.1417622835150816,-0.142448339909412,0.02637337061293271,0.0581171325674027,-0.08351053700319189,-0.1955972313374625,-0.2235194850620819,0.021724109901017342,0.006065145680506037,-0.008735619037410412,0.05829150175701711,-0.002601896246107519,-0.10590922739065033,-0.06684532220268541,-0.13520949836449303,0.07072500605048825
274.0,-0.14939214012048918,-0.18379624803333067,0.016862745329597653,0.04588729619008997,-0.05519014513226214,-0.22736807467076353,-0.2890075852301667,0.024663322369150868,-0.01880768872489089,-0.06857497765195622,0.00011980925722451941,-0.03381335671567103,-0.1446461754533647,-0.04069496099759214,-0.11854897433262716,0.057796484511663304
275.0,-0.1415376525324467,-0.19703758072004066,0.0173752247271183,0.025831091074819457,-0.029905708529780254,-0.23517688309454293,-0.3100748726697247,0.012221939278609156,-0.03822969264447152,-0.10222044185997889,-0.05351740888266613,-0.06968499749164472,-0.17528061493851585,-0.01155729858348022,-0.11152222424354927,0.04889951475717747
276.0,-0.12036098579757236,-0.17489085008106425,0.022839801844689023,-3.7417765726514976e-05,-0.012513356010055337,-0.22524343535828836,-0.28215010248827715,-0.007384013790047487,-0.05201649129459077,-0.10184715540433921,-0.08105694790819135,-0.10427648529590122,-0.19170725299625463,0.014128949359822965,-0.11961964379761632,0.039350932031999145
277.0,-0.08966770313347053,-0.12205106065555774,0.02665461326066239,-0.02775725347261537,-0.005303731938104841,-0.19855135187760803,-0.21469926322618452,-0.025934745391282713,-0.058520941234269784,-0.0736265865697777,-0.06995761513205859,-0.12990108241693263,-0.18652398960059824,0.03201677702595053,-0.14028492672994192,0.02288098866517698
278.0,-0.054671364352770827,-0.05344633882449279,0.024095215801751224,-0.052679760852284215,-0.007186567395186811,-0.15019845858031544,-0.1264065170643928,-0.038953461506136905,-0.055959816848180174,-0.03347575335478441,-0.023688308818438784,-0.14072763569053665,-0.1567972668158344,0.04066397753270643,-0.16325225187300135,-0.00587752294964529
279.0,-0.021202888463528642,0.0146343145004279,0.012387412599243705,-0.07114208670551543,-0.014234772446667546,-0.07430683190690635,-0.035674042736771244,-0.04671158916658197,-0.04447904404790037,0.0019797425508292807,0.040176188728647484,-0.13530816989561092,-0.10754500882063467,0.04142030594230271,-0.17502644594496766,-0.047710898420811984
280.0,0.006100624249475006,0.07313064427339397,-0.009766179406290255,-0.08143816952013384,-0.021899448527053292,0.02750105604646959,0.0464233364225945,-0.052365228510333726,-0.0260123286248103,0.022846680131112473,0.09872606531106845,-0.1165026348666687,-0.04945839048295874,0.03694409952929523,-0.1659521150057297,-0.09663207420327323
281.0,0.02592476576975443,0.12179747103593405,-0.04058452686352191,-0.0834756249733668,-0.02754267839290733,0.13963397771438835,0.11635920723740598,-0.05875607781184099,-0.002194806162737398,0.02780015660579449,0.13317161508458938,-0.08952336679997386,0.006683812491390103,0.029244701294949133,-0.13581925650470533,-0.1419346597648347
282.0,0.04073882497150055,0.1645731331350913,-0.07313698995526485,-0.07770773643811892,-0.03127507584284985,0.23438358055119957,0.1734985890747843,-0.06606412862219453,0.026629092497294334,0.021358651023703875,0.13460917215223106,-0.05941054013717126,0.05357833974465647,0.0188244044594764,-0.09399963629627074,-0.17316106305116272
283.0,0.054583400320633406,0.2042965802575887,-0.09614503235075138,-0.06430470642034858,-0.03441530946776111,0.28352650390680867,0.2160678251637136,-0.07152592945182332,0.05967210912234356,0.010162316689103338,0.10570385203961032,-0.02908892353412886,0.0865132238924208,0.005780889239067734,-0.053990497007655715,-0.18374268875003522
284.0,0.06980114735884055,0.24015075884270956,-0.09858932912149412,-0.043338779478339966,-0.03706897802629683,0.2729843506119054,0.2413742792184922,-0.07077489892154923,0.09315941269003272,0.0005879820703321995,0.05905710596182653,0.0007438678699472586,0.10108630480229151,-0.008306627881602953,-0.026249824094945633,-0.1713806161899427
285.0,0.08549394901073436,0.26761964184080766,-0.07547907763796179,-0.016229309668791242,-0.037004656921298784,0.20956951841754742,0.24856343312817217,-0.059477929004234334,0.11998314885607753,-0.0026053905152326013,0.011980739800769708,0.029672778266629018,0.0938866364156162,-0.02033737256533425,-0.013512349174843747,-0.1371605018436763
286.0,0.09886000482470918,0.28005797308322117,-0.030905023894103496,0.012778264388758457,-0.03064696815578578,0.11451340622695384,0.23920126620187862,-0.034590064724297834,0.13228704319376036,0.002011473269943403,-0.02180330377229946,0.05545936438225362,0.06582489194656296,-0.02801205923123272,-0.010606354591824818,-0.08596821175327828
287.0,0.10754047801559652,0.2711170448942912,0.023190264890080213,0.0373628504203437,-0.015341018976754574,0.009912264836840039,0.21455267257794794,0.004255075696843602,0.12523902459249106,0.010932237020731692,-0.0394650133979225,0.0739536025426949,0.02402583383594165,-0.031059662362261625,-0.008604798694791456,-0.027515742830068513
288.0,0.1099953280443107,0.23695347431594563,0.07120815081414672,0.052502901557715656,0.008759106288280659,-0.09051907544429136,0.17393945773842437,0.0532356788438886,0.09965596937915709,0.016752108294996185,-0.04970729782180217,0.08109825784128676,-0.019873481318899777,-0.028593442815947005,-0.0006861740228806943,0.02516712727630747
289.0,0.10387624763253009,0.1777885534719859,0.09909070308553738,0.057631051413463516,0.038438047272559825,-0.18065924923920687,0.11750008754707021,0.10429519211736182,0.06205358668160088,0.012460394069518994,-0.06566378305466129,0.07541775163846091,-0.05363533068346696,-0.0158351501877123,0.014228408382966984,0.060424867009414455
290.0,0.08550584763586333,0.09898345076099403,0.09918357929409102,0.056576132369691653,0.06857557554452648,-0.25482317060873366,0.05010063987218225,0.14768305263913614,0.02223328356832923,-0.004374860304597486,-0.09539933456115678,0.05943540648000233,-0.06862804243841429,0.013944831613695067,0.03190482784467525,0.0725996576498186
291.0,0.051985456614167994,0.011000389870280866,0.07341122711310456,0.054491427894844645,0.09360100883080884,-0.3026524145721263,-0.01883933343121279,0.175783981386584,-0.010516315944729258,-0.030810014886413006,-0.13648906424389146,0.03918046815339484,-0.0631540303367827,0.062146459271036736,0.046253428726225614,0.06348948371987902
292.0,0.004049774672173926,-0.07252111614589613,0.03295542942029883,0.05440359204720235,0.10889001103971782,-0.31168114481066955,-0.07924628921545958,0.1854914371156843,-0.031021922926057263,-0.06065338436467198,-0.1774447087855074,0.021692021065914877,-0.04357124056513056,0.11912863289957706,0.05383662548194609,0.04059638200156948
293.0,-0.05230690497594721,-0.13794590477540697,-0.006263968269873686,0.05571883006014232,0.1123679071326584,-0.2750471640405482,-0.12350846130078967,0.17772013601698183,-0.03940600210039002,-0.08714842382084306,-0.20415516874277925,0.0117282298958617,-0.022112724463223016,0.16641716726662428,0.05703820947085819,0.014174859252449276
294.0,-0.10582873337872056,-0.17465930201481747,-0.030106012850105324,0.05535858528382043,0.10575114446216982,-0.19634947322368534,-0.1469315479933582,0.15528300402594827,-0.038821564871075374,-0.10484487328535876,-0.2063300216854267,0.010026379892454786,-0.011605391245208024,0.18578971449093648,0.06331845063414314,-0.005373586571550142
295.0,-0.14209955985539066,-0.17717029364546588,-0.030888687251656742,0.05050613686810762,0.0940495736605058,-0.0874699070069087,-0.1471853827437991,0.12125254805157036,-0.03199618469349974,-0.11041441398072738,-0.18008208559938801,0.01430763847606924,-0.019357378183470463,0.16833194971918708,0.07988310801272945,-0.010083071440985992
296.0,-0.1481477493432348,-0.14641137561865275,-0.008301434344423379,0.04084813144334474,0.08301396790378483,0.037297197770312436,-0.12409176073728015,0.07884182725622824,-0.01989950084108461,-0.10241197205325121,-0.1272315689088638,0.021662758222525447,-0.04376147229372352,0.11757909849499698,0.10671473348886873,0.0024708243176934258
297.0,-0.11768977358702284,-0.09036538410506915,0.03209702843122825,0.028744892672302486,0.07610506596570595,0.16537701780061909,-0.07991888997627872,0.03247869608987525,-0.003133077283475115,-0.08049648434014087,-0.05386416381266538,0.030292455457279335,-0.07538707414246255,0.046244064998162825,0.1331888443894205,0.02713818666089747
298.0,-0.05399486147637019,-0.023320156381650047,0.08051767753048093,0.017815822421935443,0.0727994392643171,0.2859297090757917,-0.020208490424251532,-0.011355008115849727,0.015944684254472808,-0.04544506127192713,0.030817144923159547,0.03980093614683218,-0.10117288522994042,-0.0294867623627192,0.14180758319490633,0.052729622007273304
299.0,0.030458723053379693,0.03758500379394208,0.1241981210305766,0.011389817159577173,0.06900279878314253,0.3874276804897209,0.04574654398461471,-0.04494764456115999,0.03234748385310454,-0.0005012647716822303,0.11561857120705712,0.05025800122222111,-0.10907316213548496,-0.09380295459018646,0.11750445548498391,0.06708701626675516
300.0,0.11671730148733116,0.07817251121684805,0.14951409917181274,0.011054130859412504,0.05947381898799991,0.4568482736391732,0.10618291978484776,-0.06187384261726273,0.0397576979494481,0.04763158096446729,0.18884300996309666,0.0608212982905692,-0.09164548046534277,-0.13310115389998417,0.05677901848406676,0.06247190065369953
301.0,0.18436967999332748,0.09179593794281292,0.14611193742565123,0.014935066607611932,0.0410592989784154,0.4825486857480278,0.14936555303966964,-0.06018648650220046,0.033673305997232506,0.09012099327436264,0.24011329071130058,0.06895834946144264,-0.0488190798409004,-0.13904745959695594,-0.028564354901980085,0.0378544292103612
302.0,0.21816564214357181,0.07929756206892492,0.11235433903790688,0.016943040488816036,0.014901912973196424,0.4587180630936181,0.16536992004523998,-0.044715401379546924,0.014622501930000628,0.11909283374736973,0.26194184083199373,0.07096740622813927,0.010217217505080927,-0.11306030074992636,-0.11470604448073222,-0.0026098717950765724
303.0,0.21328174595089014,0.0457320626142335,0.05864579607176949,0.008956920397605192,-0.013409210134954523,0.3881552293728974,0.14725131204640868,-0.026311189343792642,-0.010635828831500285,0.13023957727415975,0.2505363241181102,0.06376144885532206,0.06817178669624893,-0.06736994742225988,-0.1746329499982159,-0.05276554738502408
304.0,0.17627090463024628,-0.0018795322467300435,0.004565913775990334,-0.014365871303995097,-0.03592485727758449,0.2819668615663132,0.09326245604508762,-0.01724228883050712,-0.03076533529410041,0.1238256663543449,0.20621474381480917,0.0469459391255351,0.10588226160929375,-0.019789677250402576,-0.18865711567503832,-0.10639905464018412
305.0,0.12156188224445892,-0.05426390970745549,-0.0302080697179021,-0.05115503596219211,-0.04592251994265162,0.1566899979029184,0.009474570038135245,-0.0250117704450568,-0.034183296864870615,0.1041491895076594,0.13426678954324453,0.023809365095978988,0.11165542179080507,0.014042723896091394,-0.15169292774054832,-0.15702664539095912
306.0,0.0658929241393693,-0.09969465323971576,-0.03577176278971238,-0.09144844445489334,-0.04076378137388178,0.03019963822239848,-0.08970316208319525,-0.048039944009636584,-0.014985399139463718,0.0775063031424131,0.046096124857482136,0.0004260125985911926,0.0877655527498547,0.025522939340161446,-0.0743398815566238,-0.19726086821779285
307.0,0.02335662392252207,-0.12674474612067302,-0.016272807476019575,-0.1208496986055952,-0.02232816489997851,-0.08232194533193885,-0.18422199844666978,-0.07549706620287047,0.022607759462550652,0.049413082621090315,-0.04122543332898042,-0.0168465220794605,0.04927251543545232,0.013754888665631399,0.02133216048615688,-0.21985355061694298
308.0,0.002272221385830841,-0.12937026089087034,0.01360495059755896,-0.1269552092463525,0.004161400453069188,-0.17131976733536194,-0.25390767253079943,-0.09189888204981028,0.06499817889187491,0.022868014873918315,-0.10891548815619084,-0.02395915392681372,0.016366690818285595,-0.016156429958343686,0.10874977546285489,-0.22051726756327691
309.0,0.0036535501930904796,-0.11060068168791808,0.03690127037046292,-0.10525963187582438,0.031580891170890316,-0.23374896093914013,-0.2849968153761454,-0.08499509004448502,0.0955437256918997,-0.0013483258383615454,-0.14319852108721676,-0.020146154230040132,0.005966920855876234,-0.055758193606474916,0.16512363526368531,-0.20037292070866136
310.0,0.021048182769759487,-0.0816822029963142,0.04207753428067225,-0.061464816213835656,0.05259716618654051,-0.27163191607516834,-0.2740298034441973,-0.053004248566404545,0.10258652411010152,-0.023183867604811403,-0.1411387177800009,-0.007304618564083882,0.026783903516125612,-0.09604931113739588,0.1791931460674561,-0.1656974444854793
311.0,0.04239802236141814,-0.056705043448298804,0.026541201321340305,-0.008999146199125311,0.06154441588248346,-0.2893863379171033,-0.2267981698391874,-0.006324164093343992,0.08450038579461507,-0.04214106103392467,-0.11197195344597168,0.01079925462710703,0.07785629667247577,-0.12950054807641195,0.15438036577985517,-0.12498135949658022
312.0,0.054376187747455375,-0.045621665669651694,-0.004162986362799581,0.036656467992217445,0.0556290445915748,-0.29168206840717453,-0.15446667617860238,0.03789583591813543,0.04956238393285098,-0.05718884590835159,-0.07289896886441892,0.02895647706260563,0.1488707628230862,-0.15095704630794163,0.10504312963558199,-0.08539283330094857
313.0,0.04779055299978151,-0.04973591067275174,-0.03936320839386552,0.06386525370571658,0.03514161876044978,-0.2824411121499795,-0.0702953224896459,0.06427251835211906,0.01142477964817516,-0.06763352337718971,-0.04124933583069582,0.04146302553362102,0.2220649241351613,-0.15766881488529425,0.04907619049567083,-0.05059641337786193
314.0,0.0212285755605069,-0.0621541780134448,-0.06682494428793062,0.06864336693103883,0.003193197961492024,-0.2639833532061947,0.012617394957457808,0.06512531594682339,-0.017199025597815283,-0.07410814913410352,-0.027117314099511684,0.04413635135033053,0.2770462842860083,-0.14859779602560114,0.002160485996989397,-0.02078388662181729
315.0,-0.018929399051619916,-0.07199081480548504,-0.0768503203137563,0.055019165269897044,-0.034651022314324056,-0.2357904333185599,0.0838277487316054,0.04179902457637255,-0.029693289122786293,-0.07834553542413973,-0.030565935407269006,0.03636657223987123,0.2981924569796915,-0.1236932581277195,-0.024951654381908824,0.005173047933121231
316.0,-0.061716737898684954,-0.06923773321090937,-0.06626651907371858,0.03192374839370075,-0.07090738487029759,-0.1946839951074845,0.13740400625142285,0.002748433177145043,-0.027446119209767028,-0.08133290517332104,-0.044125823624029704,0.0216704353613579,0.2807548488081817,-0.08444996356304389,-0.02858496481536836,0.02667856809929304
317.0,-0.0959452575098082,-0.048501333323586845,-0.039712691390230606,0.00873325248834498,-0.09716533257381932,-0.13850053159549516,0.17079635982691008,-0.039681992290165245,-0.017921166554825944,-0.08163355696939562,-0.05747932666525717,0.006488688527720752,0.23139840582516724,-0.035970409163884935,-0.014565882240008378,0.039643015728066576
318.0,-0.11368651115329491,-0.010968662495871567,-0.0067486775878448065,-0.007774149195226717,-0.10589061101244342,-0.07163885099204702,0.18165045341915725,-0.07267033540317805,-0.010078899334569071,-0.0759084286156337,-0.061476809941395094,-0.001837962854509322,0.1631692646427795,0.01182377576609804,0.0025994544021700336,0.037915002692139474
319.0,-0.11207859113103091,0.036205966552136,0.022929435509672528,-0.01423195194438058,-0.09299514180081993,-0.007370719798567333,0.1673256786634726,-0.0862310049081862,-0.009569207972789703,-0.06103043091410175,-0.0514857466159535,0.002632673056400601,0.08942911034490618,0.04689409884299436,0.006956345044993035,0.017850167810143366
320.0,-0.09330047338360847,0.08303547015822607,0.042698328776489054,-0.010452734225886271,-0.06018447632613317,0.03664880938126273,0.12871534642269752,-0.07615134805891585,-0.016141767143896906,-0.03561862318971923,-0.02974203403942993,0.021655735223064822,0.020832450997833693,0.060492607169500945,-0.00849763677262818,-0.017113800632831508
321.0,-0.06267930652057092,0.12037814920745998,0.0499303108566008,0.000852786127701282,-0.0153396594084544,0.04765531950320937,0.07315615490091369,-0.04578526961697628,-0.02455873498670751,-0.0005384342697070065,-0.004103970563878871,0.05022823698144681,-0.03519303749990306,0.050123831468268744,-0.03609955457228018,-0.05590610319065809
322.0,-0.026188421211778033,0.14203383245786055,0.04602405358500109,0.014693601906770095,0.030151099030567702,0.025406216123080153,0.011830261777202328,-0.005678625296652872,-0.028459910114197868,0.040459774686566904,0.017023892669023773,0.0767560360826668,-0.07473742008142159,0.018344978965407058,-0.05730587047854413,-0.08403343501891428
323.0,0.010651437674831583,0.14509079025001806,0.035915507010494535,0.02532009459751385,0.06599326479060866,-0.01740016191398551,-0.04560886133176094,0.02991757569623099,-0.02489311299843708,0.0800678666262975,0.029064978595444563,0.08780973536737248,-0.09716092629816385,-0.029069435550565834,-0.053557322115246796,-0.08968688207011173
324.0,0.042336442083066805,0.12966681470683933,0.02625345305577582,0.028328920684174103,0.08676054844756756,-0.06198009352608634,-0.0936135393210839,0.04915361863590788,-0.016616873525082326,0.10856290683502551,0.03138767831027266,0.07527376359620648,-0.10346374488561963,-0.0832441969636814,-0.016970761528857146,-0.06874788721589042
325.0,0.0631358593036766,0.09866044334799762,0.022400212809125263,0.02226680065349475,0.09266090603724964,-0.09222939800682284,-0.12909292619186494,0.048164781536512026,-0.010674541183624223,0.11753933508600338,0.02500922773537066,0.04078134424757672,-0.0948016461886267,-0.13238376404102106,0.045512975926319844,-0.026744954461753158
326.0,0.06811056671984021,0.057405464545677395,0.026192957196707792,0.008887025906747732,0.0872327113012838,-0.09969284098928481,-0.14860863681975514,0.032584648741126584,-0.014401648870164896,0.10414560682330708,0.011495937831274955,-0.005385971991855761,-0.07308234998506917,-0.16448315921555903,0.11566256080740885,0.023603867176052076
327.0,0.055053174269682016,0.013012801476838235,0.03623915201747854,-0.007833581348143995,0.07416005967580022,-0.0836109373496184,-0.14816675319783784,0.014566108608148444,-0.03159244996624837,0.07270267605496977,-0.0063901497104971805,-0.049292764020595764,-0.043416734605813925,-0.17224339291253657,0.17195337806118316,0.0683720674082917
328.0,0.026341871166689287,-0.02711489215240601,0.04986590955864352,-0.023111684693734487,0.05584408449015982,-0.04861211690155049,-0.12616324316211436,0.007601207855174452,-0.060813859232390174,0.03255594800110904,-0.024399789459693122,-0.07897532602002666,-0.015812338163593877,-0.15684816903862103,0.19826287819169325,0.09833750272664958
329.0,-0.010700804135781535,-0.057782867066877026,0.06429309444460458,-0.03253748196757098,0.03409087709859914,-0.002093937700169552,-0.08620174641503747,0.021132920847475038,-0.09595614134954807,-0.006115661170923243,-0.038329634950788234,-0.08841572010736319,-0.003231825754700591,-0.1272107859743435,0.19026425936334604,0.11167620655335206
330.0,-0.04578693616639865,-0.07786026204628752,0.07675474914365453,-0.03288801550754763,0.011123138807119777,0.04863357803723057,-0.036584264513569456,0.05622621747112813,-0.12778410802053555,-0.03563265950977312,-0.04637977532351239,-0.07866638651552585,-0.016276329169159443,-0.09464775789142281,0.1568957799265081,0.11289394946693848
331.0,-0.06900128892178038,-0.08938214488986389,0.08529400226810621,-0.0227204827366867,-0.010270371741158725,0.09901695149484088,0.013211551381631012,0.10422715204400816,-0.14576071673863367,-0.05179183362652957,-0.04996375760731241,-0.05594912988747749,-0.057800159301542836,-0.06643166855923503,0.11598859254429911,0.10931861584208444
332.0,-0.07382899212224334,-0.09482920169219898,0.09002892141674422,-0.002862290158254604,-0.02718760008274943,0.14736745820634822,0.05614107674018162,0.14986319694182673,-0.14103462793368093,-0.053313126629664954,-0.05184755163389366,-0.028126824899238217,-0.12028044315592416,-0.042520379038561325,0.08600894407234805,0.10703112914599561
333.0,-0.05932402017136747,-0.09588510461122898,0.09270418589885095,0.023297346407792907,-0.03730478006640643,0.1912876398443075,0.08856401842936279,0.17746877691204455,-0.11095346908873689,-0.041245982606975776,-0.05310883540563905,-0.0018450978714753706,-0.18707233713889496,-0.01753085770387949,0.07764627180182866,0.10785034600345207
334.0,-0.03132132303574363,-0.09458100156327662,0.09446437301918978,0.050144271619039386,-0.039723026912969306,0.2240798177796791,0.10845284215995032,0.1769362647445387,-0.06225508623294942,-0.018704817434039372,-0.0518163965794954,0.018484900593433874,-0.23764762426260333,0.013914210213163525,0.08934162942569258,0.10857195706558578
335.0,-0.0017097821884092946,-0.09412660592242839,0.0943864951869083,0.07118422128939625,-0.03571041204128092,0.2361621058029159,0.11367324714561029,0.14674454833606707,-0.009304077254633242,0.009600285468745622,-0.04489534966808357,0.03048907615000897,-0.25500146186511563,0.052625933961921376,0.10923335794780421,0.10308128417696817
336.0,0.015299949372959743,-0.09735603152488062,0.09010504409550275,0.0809870582279137,-0.028957531869875475,0.22095816924811354,0.10309336322447896,0.09376122943379299,0.032133065893834745,0.038419141453093705,-0.031525876636513996,0.03357978953783941,-0.23152095006395615,0.09380440100520679,0.12176528294828355,0.08654847152068504
337.0,0.009009043455196366,-0.10419508167840283,0.07926891306846126,0.07678483947811406,-0.024867304355039622,0.17914558860778307,0.07966975226230597,0.030928171036958687,0.051475433299026596,0.06341781314124291,-0.014893158988877874,0.02911829361830479,-0.17063728565501501,0.1294768434147585,0.11454499212861255,0.0594689306846037
338.0,-0.022920474103764778,-0.11080949488464037,0.060312980308475234,0.05924350295588092,-0.028431166982209457,0.11751656954207634,0.051625244272245574,-0.026341996677263252,0.04699272072488613,0.08226349882006705,-0.0007112887429663323,0.020339327177642523,-0.08488460908276241,0.1528038243966306,0.08292975720806607,0.02929917975569331
339.0,-0.07318575797187703,-0.11107897008227631,0.03240985549445306,0.03223654251688399,-0.04131270452954657,0.0455176840557265,0.029335265951288162,-0.064566640725595,0.025443409733457597,0.09425516092312096,0.006043307568183328,0.010994148011647477,0.007218750880214309,0.16177566667767834,0.03182006688696826,0.008563697479315773
340.0,-0.12708482067110066,-0.09914813298314427,-0.004675761968651272,0.0013418470914759247,-0.06028002466209104,-0.0262104143120858,0.019927848867368432,-0.0763940408274272,-0.001808429741455609,0.09839846402249328,0.003463535526934815,0.002980736102857323,0.08475936531112634,0.1597929031907427,-0.02611263225518292,0.009714816378359572
341.0,-0.16690790375353481,-0.07215390143041517,-0.05019124411692841,-0.0283992056911423,-0.07861253159396547,-0.08614553997016064,0.023630556010653694,-0.06308843061982311,-0.02394446054321328,0.09208988026507806,-0.006954651402542307,-0.0050779629354076325,0.12989167498433846,0.15259794809430166,-0.07534140821678101,0.03870228742160766
342.0,-0.1776180140470031,-0.03253955269945366,-0.10138376204318714,-0.053845679321147276,-0.08931694530834919,-0.12457408641171838,0.0340786182098347,-0.03401600313401675,-0.03438222770821308,0.07289176368930599,-0.02110481776041607,-0.01671468758346843,0.1346855756125483,0.1439876967761052,-0.10269804222186216,0.09035993139035092
343.0,-0.15251497693509367,0.011692582906475957,-0.1525110579602543,-0.07333849235139497,-0.08758013083378878,-0.1380873153395412,0.0419814328001633,-0.0029760789732178427,-0.03183994498045738,0.04212531171620347,-0.03348615148664,-0.034598601069582,0.1051203416558221,0.133644685813607,-0.10075598405572025,0.14833216898829577
344.0,-0.09604561288739316,0.05014054215883496,-0.1950942744947699,-0.08557034367521259,-0.07169204058320265,-0.13105156376260838,0.04003490331617788,0.017389746299766928,-0.019335218800707137,0.006019933059284635,-0.03883671907441909,-0.05782637352703044,0.058633953482564206,0.11825991369971076,-0.06996585932592002,0.19057638805478302
345.0,-0.02169657102537237,0.07528161172152521,-0.22023186200500602,-0.08930587030309897,-0.04339427718570329,-0.11175284543266543,0.026833806258375083,0.0207238030579492,-0.002215562355984929,-0.02713972174347347,-0.03387346023271436,-0.08134608702803214,0.01641978855637814,0.09456161930084409,-0.02000245794308624,0.19865335398157752
346.0,0.05359202740222575,0.08629041037861315,-0.22188238361282955,-0.08392271900109453,-0.00790968813904057,-0.08703780972335533,0.007936241388543475,0.008865439982357424,0.014030835095349546,-0.05101479550281467,-0.018353060652609155,-0.09783785670181455,-0.005247408534711365,0.06211059689139693,0.031568360087037076,0.1661864063802187
347.0,0.1150345704685866,0.08846903480267074,-0.19868791354690313,-0.06974196706903639,0.027092676147051846,-0.06034244481773962,-0.006703776032526094,-0.010470815056832039,0.025824682044728417,-0.0632179371090898,0.005178211293571505,-0.10094415186777457,-0.0007359664700904997,0.024458359804433914,0.0649681304247279,0.10177215437452533
348.0,0.15356751176044417,0.0887506179365845,-0.1536663891478509,-0.047956605552343524,0.05387906635976871,-0.033097145328088266,-0.00767577245817005,-0.028414459702254515,0.032764333704034976,-0.06494550566389592,0.03271109977573926,-0.08807321973382919,0.024376742235224787,-0.01160510938485845,0.06624317035749978,0.02479362425864818
349.0,0.16708328242579243,0.09070593014675102,-0.09360037206746513,-0.020725530132118093,0.06742255417512637,-0.0063331950310930845,0.009289221924934078,-0.03906640293126528,0.03693307272824709,-0.059695587397040395,0.06011901917301379,-0.061541456760769546,0.057716974897540095,-0.03856804022374094,0.03292183124728927,-0.04328443509010691
350.0,0.15927399591656083,0.09260297266459735,-0.028837478209781393,0.008416902901929263,0.06680788321621631,0.018614980371328072,0.04101605332374843,-0.04106663285484533,0.04010587326161428,-0.052147533117457165,0.08389373915752997,-0.0281190899631305,0.08644130181913123,-0.05215263809502339,-0.025922179851873863,-0.08732336337826024
351.0,0.13667838420582976,0.0897265938678844,0.028422162674467472,0.03439607670149338,0.0544246252647592,0.039159511433582365,0.07695450463462594,-0.03653336081888154,0.04130280517798811,-0.04709573065287353,0.10165547487901858,0.002542547696433456,0.10107056282151038,-0.054972394173204465,-0.09434050061880338,-0.10322192339092066
352.0,0.10617033232576174,0.07894374468733044,0.06801873836792059,0.05155278987658491,0.03426815795241615,0.050889688752608374,0.1014585736685461,-0.028897289821175308,0.03745176748005179,-0.048166928272040145,0.11261052036043892,0.02075846707614325,0.09520815268364728,-0.05656412241724583,-0.15559085714923224,-0.09821756290871243
353.0,0.07469543709740595,0.061811185346825934,0.0853896225197177,0.05599577501820215,0.01117593450497546,0.049926844862136464,0.09906191772178699,-0.0213401193140118,0.026357316954694395,-0.05662768749832735,0.1173068760865512,0.020561993371902194,0.06457622304915298,-0.06794215328261363,-0.1971199334212938,-0.08677425388598373
354.0,0.04983267273247184,0.04384291305500724,0.08252670705963948,0.048003685921214706,-0.009207360909631921,0.037414632303012,0.06167777286889758,-0.016504142468432976,0.008659995224478322,-0.0705316083422519,0.11654651649776632,0.0022681592884725,0.009276346304027497,-0.09365976044575058,-0.21363025298185703,-0.08297134529314361
355.0,0.03831091203791821,0.030540091125680915,0.06606757751697818,0.03228763872816556,-0.021312308767307237,0.02111828263512315,-0.006769974423349388,-0.017066971793257193,-0.012443681586548579,-0.08443833910008695,0.11058443764211397,-0.028132834833272224,-0.062219222345734876,-0.1273529876696885,-0.2072653538083259,-0.09327453501389356
356.0,0.04238871102439749,0.023257672265832505,0.043259786041640706,0.015497792418776406,-0.02152974954644564,0.011321584096688724,-0.09164607100177558,-0.026115963163175816,-0.03231261313295385,-0.09061735871709775,0.09966595088197859,-0.06216759044971708,-0.13251852900194705,-0.15416553882290124,-0.18400423314481004,-0.1144744702278922
357.0,0.05721551022823442,0.018194310999606493,0.01839541903001876,0.0027989860171199403,-0.009580073290907697,0.01426942749547795,-0.17340475895596208,-0.046325379970988914,-0.045722959535810744,-0.08209711064093972,0.08533888969210382,-0.09205611205107764,-0.18095040619044916,-0.15869214164741513,-0.1483705665497685,-0.13779568177642235
358.0,0.07210961476798954,0.009155599093838262,-0.007055072006482572,-0.004007621041946866,0.011547134736471051,0.028569978945287348,-0.2342275956117714,-0.07819851364488027,-0.04761028965266186,-0.05603212303955539,0.07088602491035223,-0.11215997631783224,-0.19277466152688938,-0.13388713675675964,-0.10116982496392557,-0.15523186200154435
359.0,0.07549650720836673,-0.008320141314903277,-0.031481725697405545,-0.0059716943280472565,0.036547573127685994,0.0464416972661924,-0.262838957725229,-0.11869707467741378,-0.034147165110133104,-0.01553465872831334,0.060047190721324514,-0.11927406546543466,-0.16576704771607306,-0.08529172511766041,-0.042596353618428846,-0.1628419203003984
360.0,0.0602875565578194,-0.03420972631034431,-0.051692368263680066,-0.005348584938289557,0.05887274340779405,0.05773222446989593,-0.2561628971751279,-0.16094959462581973,-0.004396841811191619,0.030618433769898163,0.05481189992343291,-0.11255022127946013,-0.10962504838856614,-0.027590314237759418,0.022338937102387508,-0.15944237974474673
361.0,0.026665076345379374,-0.06348397462890802,-0.06475137464773702,-0.004419166998389244,0.07182359373342014,0.05437164014560459,-0.21800039915854685,-0.19499744607759484,0.03806070970536331,0.0704771795240782,0.053888537783127945,-0.09265105922675956,-0.039576040793543474,0.02339578358575244,0.08137058766668248,-0.14393587276609018
362.0,-0.018336332296315937,-0.08755416276778835,-0.07051842527980118,-0.005064258139958074,0.0699410226203437,0.03375442405519779,-0.15665228043765492,-0.209928459227197,0.08512700140162122,0.09336659042062698,0.05318853621355346,-0.06056540797534043,0.030176490425891718,0.056898777476110524,0.11806924735834388,-0.11482932329647626
363.0,-0.06347887724408306,-0.09748105881640681,-0.07177842708355481,-0.008518361354863,0.05067389065172001,-0.0004231345874340684,-0.08316266197080599,-0.19750684360778226,0.12671774584706016,0.09439924219969169,0.04828047092823432,-0.017911161972028373,0.08920975729173228,0.06873494325176296,0.11914442411038353,-0.07188955987105475
364.0,-0.09716923996518323,-0.0879143307362086,-0.07182647663546397,-0.014938037382493772,0.015864384904629485,-0.039678762691574006,-0.009735323062286404,-0.15586632247881663,0.1544068550663903,0.0761232259491525,0.03712952800950176,0.030962747452951616,0.1306481242830246,0.060572049696654445,0.08207120585864285,-0.017627287169156354
365.0,-0.11162244542440967,-0.059480258753429736,-0.07190098113317221,-0.02296476812915025,-0.02763038200571251,-0.07274573764737788,0.05273310125460335,-0.09119041625973488,0.1638504016229222,0.046497757997125376,0.02139844438779428,0.0774450934982328,0.1505303554428661,0.039622514021642394,0.01815515722839898,0.04263978734626815
366.0,-0.10598152123818015,-0.018290199613300025,-0.07030542030498153,-0.02984580335067156,-0.06886589493038227,-0.08788150483847688,0.09725396346747026,-0.01665744791939367,0.1552562869676133,0.015384481168062332,0.005726479492702627,0.11011987755405622,0.14756040399266424,0.017724814995516633,-0.05133158512909168,0.10137307474490297
367.0,-0.08650205543770847,0.026408626168299674,-0.06325504276287333,-0.03239154826342639,-0.09572056600005723,-0.07666643497570437,0.12159463403104048,0.05084961362343069,0.13262540908637788,-0.008218479374629594,-0.004925160498918872,0.11902473646012114,0.12299263775636338,0.0073347404776174805,-0.10364855459089398,0.14926298410707897
368.0,-0.06314223113949315,0.0648900890536336,-0.04692194094387796,-0.028271899966148113,-0.09922268907591134,-0.037779611914815256,0.1272370594118937,0.09570958199466631,0.1023821358975503,-0.01784141029510987,-0.008634239807685866,0.10026483840287695,0.08075073300304436,0.01559746201863344,-0.12315654691904213,0.17664147244349893
369.0,-0.04470702090287512,0.08942061490711387,-0.020054292583295545,-0.01691562738879987,-0.0773194285757569,0.022580932018289413,0.11845260510130425,0.1088386479239175,0.07152957474677107,-0.010548926927898218,-0.007896155306925463,0.058588130036240645,0.027460187050966006,0.041321958139535625,-0.10611508305906833,0.1770431415699032
370.0,-0.035625701402394565,0.0962420239084817,0.014195653386247432,0.00026947868822257254,-0.036060015672058424,0.09343161903552329,0.10232326144827929,0.09080837525921678,0.045711026650045936,0.01241842882033468,-0.007568731442737794,0.006914882708962555,-0.028086468808243403,0.07741146383504008,-0.060112008434859004,0.15103014914987795
371.0,-0.0354149180199949,0.08634916535555297,0.048661127479771776,0.020305833160486265,0.012393044828192862,0.16145855367540068,0.087859468997413,0.05143402090151981,0.02794191084939116,0.04537148562254445,-0.011171097389683502,-0.03730876073428889,-0.0758762392529465,0.11591514551622796,0.0002550159133403285,0.1066602246198292
372.0,-0.03998500398848973,0.0646889379247526,0.07467268762487496,0.03961408938634027,0.054170572986203466,0.21250126354319485,0.0825264260487632,0.006414368358070686,0.018225908368442723,0.07894684065171918,-0.018517521700857104,-0.05839122363623432,-0.1064272741442842,0.15142150918402547,0.05797416118404851,0.055892118893325356
373.0,-0.04378482302849737,0.03812867636808234,0.08530954748937028,0.055201626807694186,0.07878443128804484,0.23458609262035768,0.08740022795855021,-0.027945656789068993,0.013724922175129436,0.10267595188069219,-0.026033155129192666,-0.04905053043358683,-0.1142177627345874,0.18150645627171152,0.09678823153938894,0.009775026622675806
374.0,-0.042109450751742994,0.013111604710733228,0.07809837234006796,0.06534417937139057,0.08255016042519044,0.2224432593714437,0.0947122600963414,-0.040508306367635506,0.00949814178791487,0.10858169405935071,-0.029056618043184837,-0.013907552355638127,-0.10131505115953754,0.20533443286423714,0.10435192709431113,-0.02501238270255944
375.0,-0.0330517954879982,-0.00577687809032794,0.05614353799774517,0.06941806365888158,0.06877534255280476,0.17961868561611247,0.09089094046503066,-0.02890778126716589,-0.00016783007458195845,0.09356892287370211,-0.024914272067886243,0.03224067400742955,-0.07760284666504523,0.2214358252734666,0.07675700496404936,-0.047601223925092084
376.0,-0.018735899468584623,-0.015616024546576575,0.026800841893752272,0.0674991485271831,0.04510522173388472,0.11590607307368839,0.06420193465966008,0.0010411125324437608,-0.020227786307551402,0.05930093642170008,-0.015601422468224319,0.07051539415906125,-0.056272659219090665,0.22585797332383126,0.022525219085231574,-0.062056998702029666
377.0,-0.005174035045935519,-0.014188137671004505,-0.0018442324660956466,0.06041678789668554,0.019880706324138846,0.04265044191317358,0.012601037306523073,0.03884396836189381,-0.05318662894216823,0.01070963437463565,-0.008061667487474918,0.08583030686655108,-0.047090546114422926,0.21277952690612398,-0.03791059820446014,-0.07427187726124315
378.0,0.00012414112934632272,-7.198463569806582e-05,-0.024614302480418442,0.0500227415615109,-0.0007132798491518193,-0.02979616157445369,-0.05246477882536539,0.07274255322484811,-0.0970295373582884,-0.04513204063818962,-0.01062158198199544,0.07328868979785506,-0.051021270579895875,0.17842111096855884,-0.07947334342162903,-0.08813919390827868
379.0,-0.007880086633102633,0.02604795659231136,-0.04065498505670148,0.03901569420700526,-0.013907425309078115,-0.09124707049703211,-0.10841064881738426,0.092317795985051,-0.14380074695822143,-0.09967778858287972,-0.0274536151730009,0.03987198527937156,-0.05896599120701344,0.1258579715916039,-0.0840574870070215,-0.1029772468839518
380.0,-0.028820827751978223,0.06076735198452224,-0.05206158611972421,0.03012204055398021,-0.01990382614957917,-0.13069013829053602,-0.12997124957658404,0.09135062014547266,-0.18106554745666328,-0.14373683623261754,-0.05526230716722544,0.0003251278587852191,-0.056291222872842384,0.0666561428705036,-0.04980462737627981,-0.11342883601662528
381.0,-0.05693113239341143,0.0988268811070586,-0.06097255270054947,0.02488981782748145,-0.020245603344670442,-0.13905776794597358,-0.10094155772879497,0.07026367348582846,-0.1970015492658415,-0.16860271440019142,-0.08493964277719039,-0.030227158388578777,-0.03191692989321621,0.01713040567986944,0.008057440299801776,-0.11221647667234322
382.0,-0.08341171121236442,0.13394684434852827,-0.06697715718685458,0.022537192129827587,-0.016423167706421892,-0.11516482969390092,-0.023644199282267277,0.035984420342434854,-0.18638232414521436,-0.16795009243475426,-0.1070806780327362,-0.042693763506848816,0.013559332664371954,-0.009070124632040004,0.06505583400746479,-0.0947105499939214
383.0,-0.0993876376196139,0.15871336419752163,-0.06628653386220712,0.019505138429022604,-0.009818005520630517,-0.06972737964140732,0.07905066189408881,-0.001370175347027306,-0.15303168004429668,-0.14088093125449527,-0.11732954599678043,-0.03656539449453948,0.06669582417925882,-0.008079992168594034,0.09876477384884548,-0.06305705792230284
384.0,-0.09836575565123451,0.16505384360663855,-0.05334649203709701,0.0104583670143254,-0.0023704849433415025,-0.022889024370834753,0.1710072001556216,-0.03323490888252993,-0.1070638552140208,-0.09430746005633692,-0.1178841197350339,-0.018154401518079306,0.10788792700416726,0.011098193195761111,0.09757089208679844,-0.027494760412615366
385.0,-0.0781937929784302,0.14721217396377592,-0.024637684943488523,-0.009154469848004053,0.003228444111695152,0.005050569617079491,0.2175616985755558,-0.055962721458914365,-0.05981226942648978,-0.041460485331818675,-0.1140942771026967,0.003858769236815483,0.12160470426221677,0.030170504062724916,0.06370940969381383,-0.0029359301092311773
386.0,-0.042379563044698476,0.10597147562108553,0.017223821210042588,-0.04006820741494615,0.0040369881726326365,0.004524804114937142,0.2013548878613357,-0.07068948991491664,-0.020185572897046904,0.003832293803025858,-0.10858560197493693,0.022779661783061244,0.10449331287509298,0.030888399609444124,0.010576113555162676,-0.0014679085875692046
387.0,0.0004221470573039711,0.04983417708055283,0.06238452249335901,-0.07743270403803623,-0.0021951896642916275,-0.019096195368702037,0.12954450921673571,-0.08002647043971828,0.006921373103979752,0.03297476821688723,-0.09826041803004792,0.03553756706949769,0.06660573484909815,0.0038762719006039323,-0.04364500811730611,-0.025611993526416466
388.0,0.039524235328284016,-0.008962950006307603,0.09739753361900129,-0.11166526403478608,-0.015703127168557506,-0.05145413645887023,0.0273056190823001,-0.08438243872004822,0.021279304729050243,0.044323946132195494,-0.0777577909142824,0.041211458925992046,0.024164750558253158,-0.04912989131948685,-0.08320475652796687,-0.06714762893205149
389.0,0.06645791454680329,-0.060508359385454145,0.11152293861240647,-0.13206678861103363,-0.0335939049619679,-0.07938823512423354,-0.07653960767044347,-0.08075142787204499,0.026924857431070044,0.041039575717595464,-0.046540629575997354,0.03918864292896229,-0.011529897790921543,-0.11875493582801888,-0.10001009561593598,-0.1112979771865449
390.0,0.07764551557842304,-0.10070340986554081,0.10166273845870205,-0.13166663422054603,-0.05031615934273672,-0.09719258802066821,-0.16092192463593022,-0.06488119982813811,0.029951949046871092,0.02817748687168181,-0.012750434324584427,0.029578660181660922,-0.04024832480389441,-0.19227607393718052,-0.09502975572870043,-0.14273202881330327
391.0,0.07412464251570712,-0.1303918085646264,0.0732576407968644,-0.11060874402467012,-0.06022750758213559,-0.10681944548265626,-0.21580465132979523,-0.03547593761480109,0.03537609562154198,0.010861519583901526,0.01019380320028557,0.014670117284084025,-0.06948255258736821,-0.2565574544053978,-0.07616145359160402,-0.1506290407296579
392.0,0.05942367566617529,-0.15197823683624967,0.03726712819696914,-0.07587948053933559,-0.06044817967562194,-0.11442885671493229,-0.23983582965719594,0.0029364147827126708,0.04507468828712604,-0.006561230112504047,0.011803291579809696,-0.0012922297960617979,-0.10626653077404659,-0.3002515580757194,-0.05430073287378928,-0.13147019345214894
393.0,0.037682660110951435,-0.16697538661885,0.005523317969862256,-0.03760597994978671,-0.0516735841521468,-0.1256562702688141,-0.2367260319929585,0.04152536558786518,0.057532024436462714,-0.020763550302468414,-0.008795477436848838,-0.013990082922146475,-0.1517769334079973,-0.31588829075934094,-0.03927734552431638,-0.08895189367958206
394.0,0.012864279375102436,-0.17585730097705987,-0.013198933115810151,-0.0047948570835175406,-0.03704174245972454,-0.14173688588423494,-0.21256313411505204,0.0721925500928801,0.06882174699762271,-0.02931988143142059,-0.04227790110907061,-0.020542353131798235,-0.20062884371954193,-0.30207953148896005,-0.03657828738130734,-0.03147760270940197
395.0,-0.011468468640609396,-0.17851004223644068,-0.01544759563149197,0.01676623127147159,-0.020768796647727992,-0.15843965731192963,-0.17416213772198139,0.09183004848346144,0.07435623749103695,-0.030710193428029477,-0.07401873961487698,-0.019568903974413597,-0.24207500492178893,-0.2650626042384089,-0.04551275247991299,0.03133496454711871
396.0,-0.03218716917278457,-0.174083517173358,-0.003492763076001673,0.024359754759018092,-0.007090710273926345,-0.1677012008380252,-0.1275531457561866,0.10270912882707224,0.0707705221080803,-0.024891091517538405,-0.090328491240733,-0.010460954830059644,-0.26194266536181054,-0.21734361054841694,-0.05996354979839443,0.09151646440064613
397.0,-0.04632857393665989,-0.1612352991987095,0.016061598354512867,0.017434928177016144,0.0010878330028097722,-0.16047742520450056,-0.0763155414347395,0.10953469698799419,0.057031540884106204,-0.014028166091298736,-0.08301457931669218,0.006839717857281404,-0.24659973535401003,-0.17243017553914547,-0.0721083067962455,0.1439621008014943
398.0,-0.05083631564416585,-0.139188757740964,0.03453103739219533,-0.0029250087768292947,0.0035830045716987047,-0.13045091111318233,-0.021078887319653475,0.11591902944737228,0.03455216430704242,-0.0020902875542029293,-0.05191980874922754,0.031093216269033802,-0.18863579273801898,-0.1385135212053777,-0.0765281280844713,0.18598689985485112
399.0,-0.04308113759566384,-0.10874250923292147,0.04344985611573678,-0.033726654249655236,0.0030760811167624296,-0.0780501277192624,0.03811306249469689,0.12294007158325349,0.006515124252069843,0.007292456332165731,-0.005140297527588692,0.05881379154848202,-0.09133074583274386,-0.1157560944717507,-0.07096138631062807,0.21590932771982024
400.0,-0.022211524250740435,-0.072906144544976,0.03716534549449075,-0.06944444143745993,0.0034223988977302223,-0.011776804558050769,0.09746570204097636,0.13026976411461824,-0.02338408649283191,0.013127316193411457,0.0440511562864471,0.08426540999775711,0.030431455151893674,-0.09877516331945019,-0.05384466441157122,0.23175572603038064
401.0,0.009523203143717407,-0.03692190514665528,0.015298918410539966,-0.1023275593913017,0.007152007070996074,0.055320177708582156,0.14758080309650531,0.13779788751666716,-0.05193051013084301,0.017146026705322333,0.0826431917671181,0.10116917634121603,0.15329707653169478,-0.08133087404427373,-0.023140558516444146,0.23146886988205187
402.0,0.04621943047087281,-0.006775460169937145,-0.016656247527667617,-0.12413905262430851,0.013993000286947563,0.11140830599924986,0.17709600674354067,0.1456726149977054,-0.07626364345021164,0.021701916335409497,0.10250676884162148,0.10560972409673806,0.25236417468051636,-0.05942217113157075,0.02099827183944779,0.21502578734364808
403.0,0.07915272353979515,0.013603382897161339,-0.04928136247826876,-0.12829831262196792,0.021363759056734145,0.14942486596411594,0.17862543534582384,0.15278615755234967,-0.09304553808455124,0.028104027301417003,0.10198252206158895,0.09797461645532443,0.3096484299900901,-0.03201660015048716,0.07288661149083728,0.1865238036420568
404.0,0.09962911136795893,0.02428792848461902,-0.07264735022188284,-0.11135845120659568,0.02605883934119465,0.16701499218234114,0.15193562813012088,0.15529956589149177,-0.09846022135994087,0.03686368256967428,0.08511539226014503,0.08222204020667694,0.31948521586445905,-0.0006779861586174043,0.12133265545037088,0.15352809009822024
405.0,0.1027768146773168,0.028427870685768457,-0.07988070534329243,-0.07372173605325971,0.025919208975459077,0.16445438150497296,0.10334072328961048,0.1471573568432072,-0.09031186092872218,0.04822673363778814,0.06005380862611025,0.06335806025142945,0.2881955728119185,0.031318569398019004,0.15322337363845662,0.12346752097518048
406.0,0.08934540981699962,0.028870929516285986,-0.06978626359343185,-0.01974108866340262,0.020942650659373705,0.14270304710211523,0.042774805865628325,0.12326154253635974,-0.07093640868769953,0.06129063517908785,0.03632007730470875,0.04534470282508569,0.22983314378117167,0.06002078846976103,0.1588049055751006,0.09982292963512727
407.0,0.06410878778335487,0.025140422056735997,-0.0474904164502913,0.042694265496486146,0.013261464629790914,0.10299544689263976,-0.019980360287887248,0.08313998705448306,-0.047442990516998226,0.07279233599817482,0.020589357482314125,0.030454462293074126,0.16123089481719452,0.08106057951323198,0.1365325275709452,0.08110858633723249
408.0,0.03275336891813999,0.013561914246568737,-0.02242439944660904,0.10284518347572563,0.005574524990254454,0.0479905656709695,-0.07771725463757219,0.03202025863171613,-0.028257810097628767,0.0777520781263629,0.01352774753579378,0.01945748224269339,0.09801946961985465,0.08962817156017894,0.09454764035386984,0.06330325097841748
409.0,0.00016527311095823516,-0.009491904747114156,-0.0037588169411721098,0.14853874898484756,-0.0008809132235360768,-0.016911459801318064,-0.12560767272244433,-0.02092813254768234,-0.018990641659738516,0.07209070813757082,0.010556429627646672,0.01188967411107145,0.051983477840361766,0.08196091603391725,0.04708862291818496,0.04345625199776528
410.0,-0.02884435244649791,-0.04427132432564605,0.004761528492407512,0.16940369275054787,-0.0068243007088245565,-0.08351049078339587,-0.16011679628855233,-0.06516170552195386,-0.020327725449457126,0.05518496379748665,0.00577012198339163,0.006388432979778743,0.02938970296029126,0.058008142492438616,0.00794943861240633,0.021370368669225367
411.0,-0.048396365521549606,-0.08672065666403728,0.00676975650244255,0.1612778123870986,-0.013272874324643082,-0.14189630998252964,-0.17900656232733878,-0.09154827361309334,-0.028006207757684733,0.03047880459764754,-0.0039286975908166925,0.0013420100643725533,0.02990592051423103,0.022641534139715303,-0.014780191056841013,-0.0012771257919742568
412.0,-0.05297194815142652,-0.12902575265382166,0.00985005630376096,0.12868339511954927,-0.019391109015077856,-0.18159310706462084,-0.18148450012229211,-0.09570868520132668,-0.03450337182473702,0.003794041084278159,-0.01650812692853012,-0.004189570552506275,0.04708774024683949,-0.015415694186057875,-0.020031831521031707,-0.022332970437112337
413.0,-0.04102543491701076,-0.15996583034245535,0.01934081455500728,0.08297776491331586,-0.022126744076435372,-0.19291446446047653,-0.16675882007485113,-0.08018481302192385,-0.03235110714761374,-0.019547436495372463,-0.02500627622807562,-0.009986116599824336,0.07155015471889006,-0.04506969409307631,-0.011622950116160618,-0.03943590611067189
414.0,-0.016893628298197513,-0.16648029837807116,0.03429911542297626,0.03727633606655173,-0.018121140118651926,-0.1699312170348381,-0.1324127183040322,-0.053486185732485494,-0.01767722707843944,-0.036837943566649684,-0.02052044047521764,-0.015451625658473364,0.09535309848357726,-0.054393288871007764,0.004870913063205972,-0.04986289534149685
415.0,0.01115024028035696,-0.13864111854763556,0.04826184194937047,0.0016550220652179085,-0.006371228741316456,-0.11456712490369934,-0.07595965648996623,-0.027134244422372934,0.008218459997564707,-0.047917213804481856,0.0022912558021011345,-0.02100623220866674,0.1144283416309527,-0.03439780625942989,0.024067855013216136,-0.051601090886311166
416.0,0.034781912633959924,-0.07606456628119782,0.05376789678498415,-0.018721955108524868,0.010172579339839975,-0.038503617634048554,0.00033201375591382674,-0.012558142754403284,0.039983072116183724,-0.05328210333146046,0.03993407853837852,-0.028315979865074274,0.12753789511484742,0.015145013989025284,0.04125038828101617,-0.045358038979704
417.0,0.04868891801269198,0.009556571951832135,0.047333997878507374,-0.022931374502384222,0.025212311549690072,0.039756099634933824,0.08604726161809541,-0.017488331391041063,0.07068303054881243,-0.052216364403792744,0.07964374687991126,-0.03892342494149942,0.13354678707490106,0.08233761888469024,0.05255263604863162,-0.03511421081490015
418.0,0.051801527600675155,0.09867269345843856,0.03154560934368261,-0.013319613046289007,0.03191563503008467,0.10174124600223794,0.1652760607298416,-0.04188632217188517,0.0937811728080117,-0.04274778229526324,0.10513034073292486,-0.05247503887939767,0.1305621010988196,0.14654103220315096,0.05551740030352852,-0.025811200460140245
419.0,0.046889889584619295,0.17210530945318114,0.013036170803744066,0.004826750974186091,0.026258263337052307,0.13630629646444006,0.22418353996436105,-0.07644428212656665,0.10407486722586094,-0.02373545501688975,0.10466927378036156,-0.06589359554815973,0.11827945209770829,0.18765439855777152,0.049523603615432475,-0.019895071789285745
420.0,0.03891732858897299,0.2177639497500369,-0.002002436701203783,0.024149566747828213,0.008789760820191474,0.14370961451976166,0.2573063474420271,-0.1064620786173302,0.09836165931298833,0.002461297491255456,0.07685458551799623,-0.07441363435919791,0.10033941225588239,0.19533456160055074,0.03611750201549451,-0.01616827314232536
421.0,0.03267464271819098,0.2326258675900973,-0.011451575713155969,0.03758196826264049,-0.015781581401387964,0.134143165090868,0.2679143103545732,-0.11927932835365694,0.07644089932088712,0.029196168222985902,0.03162299424975245,-0.07432436605103931,0.08246493295122596,0.17233771412095633,0.01959516539090702,-0.012360833574874332
422.0,0.030709859806304227,0.22100167758321476,-0.017430292021218693,0.04127271155771086,-0.04038835337836612,0.12100652272042914,0.2634437851536752,-0.11007545000223319,0.04218739813512324,0.048107271499487576,-0.013766249665664048,-0.06550151387946265,0.06725902417086321,0.13117752864933757,0.006606247120232391,-0.008713050648943873
423.0,0.032623288827119006,0.19175755204315767,-0.02325311522890186,0.03615915614694238,-0.05768174218865326,0.11271927225726301,0.2502546770570385,-0.08260159519976748,0.0038393319662530898,0.05367487622196685,-0.04211068326560601,-0.05158055692861828,0.0515612975448842,0.087592608176723,0.003479571996571557,-0.00855952578796313
424.0,0.035706852288261044,0.1556114146416582,-0.030229923175755354,0.02693513888635165,-0.061774759452762465,0.10861522423043948,0.2311005019315251,-0.045549560285295686,-0.027452857943005973,0.046243076304497706,-0.043394532499942545,-0.037699347585608806,0.029623236683504476,0.05462192409288345,0.012763996753102571,-0.014922980955714477
425.0,0.03624023369387473,0.12236662031099478,-0.036979751891251425,0.01894707537514206,-0.04982031707672271,0.10167151447120464,0.20589026827105625,-0.007719778178016779,-0.0410873051517047,0.031297198509298456,-0.017979692822949978,-0.02768077674821187,-0.0012928396852868631,0.039256145536332776,0.031785093499159554,-0.025918160563038112
426.0,0.0313140587666225,0.09850074321533311,-0.040831426762741825,0.015230287550207028,-0.023469029919782426,0.08522954622703081,0.1738820971995118,0.024990147664638904,-0.031365649188286895,0.016139948278784146,0.025129073512578818,-0.022601379464410917,-0.038007525515030255,0.04198158609565092,0.05391948383366535,-0.03310771005163518
427.0,0.020694226863740228,0.08595333697422142,-0.039219415271312806,0.01567683576585476,0.010644341111209966,0.05825413739665986,0.13515050630717515,0.049581826415013186,-0.00032780403948055387,0.006597064691155119,0.07235742899580466,-0.021286384863592644,-0.07310006604402362,0.05823998130507873,0.07133047840232314,-0.025395255632200263
428.0,0.007265156844747092,0.08227631322001258,-0.030039914489830344,0.018444043313784363,0.0423582415831748,0.026097477391922475,0.09057224428177618,0.06413530192734372,0.04293337166189082,0.00514609825006659,0.10887010514543188,-0.021765973598518645,-0.0996710188106906,0.08032318260247903,0.07804231030452197,0.0028471133033920277
429.0,-0.004464058462608556,0.08164646135302021,-0.011459426393171277,0.022189015997792903,0.06139417154886463,-0.0025819907683663854,0.04094478080880655,0.06665795658059825,0.08596648338276205,0.010382015700121906,0.12125897433366897,-0.02268944510399946,-0.11567877144755154,0.0993231283758147,0.07244353627566426,0.0450341191064576
430.0,-0.010497908339948056,0.07667082568922104,0.017787396989176953,0.027441806208237114,0.06153142762476928,-0.020318666552378746,-0.013613788198464668,0.05587704151696304,0.11727423406095007,0.01757551576470575,0.1017423525622511,-0.024303354858798466,-0.12447123556771585,0.10796109011392135,0.05789995217345581,0.08310085937964995
431.0,-0.008651248824241434,0.06137774878354325,0.05739798213735705,0.03625414162408371,0.043597924270400476,-0.024583169259224366,-0.07327239004236226,0.03270062861842266,0.1295008233495972,0.02041923824577441,0.05317672840100508,-0.028212046041435814,-0.1311464474784338,0.10400049069164446,0.040687612499115525,0.09660203366292515
432.0,0.0013237814825319998,0.03437766046055982,0.10473154925805804,0.05070695706843199,0.015478835043245915,-0.019427484984916712,-0.13731760434508908,0.0003848838055908038,0.1210912423624058,0.013636255075184678,-0.00950079504731751,-0.035522309803423385,-0.13833475322857014,0.09156768969198972,0.02607483434866027,0.07450196181082014
433.0,0.01812858517342071,-0.00021736401124377802,0.15480388579497942,0.07149747505563198,-0.011197174257302796,-0.013757888592074533,-0.20279959550056414,-0.036606115714945424,0.09620708946373953,-0.004819769424657079,-0.06450260428876296,-0.04492529354053212,-0.14561781788714517,0.07825736253539137,0.014854421608523398,0.02173046883899363
434.0,0.03927715191873495,-0.03485275218438577,0.20071386044752296,0.09705545331656654,-0.026060474768512493,-0.015811036252882247,-0.2634234094663516,-0.07369583955453166,0.06276573218858876,-0.03302182516410194,-0.0928287969531121,-0.05257275195162191,-0.15230531804513908,0.06998828989248954,0.0028544215585901605,-0.04369166813891863
435.0,0.06156227947421619,-0.06185992558442831,0.23486626089716273,0.1231910185246841,-0.02424625439414314,-0.02705422984594197,-0.309646454473098,-0.1066329339338273,0.029570725312296278,-0.06545267336018167,-0.08656534348326415,-0.05369256509874488,-0.15900548857254224,0.06773935462328137,-0.015724369603695842,-0.10046907363825189
436.0,0.081727306558713,-0.07616803867431907,0.2514655704028648,0.14382897480593645,-0.007960956322201184,-0.04129543618759384,-0.33132984778807084,-0.1314313540365252,0.004163995549422676,-0.0940686667981461,-0.051396058189897564,-0.04485466984710551,-0.16549132626451504,0.06784570216391739,-0.042992977616499034,-0.13396328666460608
437.0,0.09685858081700924,-0.07620190221288206,0.2484167121552099,0.153054158367894,0.01539472302289276,-0.05035747962445756,-0.322119321860246,-0.14435506977791182,-0.00806559192794632,-0.110561083569681,-0.0028271822879916706,-0.026099441305777345,-0.16786618731707847,0.06477761088902945,-0.07376076010707203,-0.14066497427617566
438.0,0.10411639402780495,-0.06266024049631273,0.22634815468410588,0.14722961907288032,0.03746739195808786,-0.050338717089057294,-0.282134713356731,-0.14274515800828635,-0.004361155406512238,-0.10950394347692576,0.040974062065929545,-0.0018523755819817428,-0.15931351980550937,0.05470553104605904,-0.0966917859810869,-0.1267799226852373
439.0,0.10046352081380631,-0.036843574190137056,0.18639753565389042,0.12568737824462003,0.05281902033336636,-0.042792974853203394,-0.21712713285961546,-0.1264662959011134,0.014765902376426087,-0.09039671480862552,0.06580189460811404,0.020594365809496747,-0.1347723928313057,0.03784066481780964,-0.10001550877477516,-0.10400171884299687
440.0,0.08385438847820265,-0.0011273001483692129,0.13046667225901065,0.090011114955245,0.06011273718986312,-0.032002379295727454,-0.13629476678013186,-0.09870445718873849,0.04530158744496781,-0.0573536595906091,0.0650085178791753,0.03445616637729215,-0.09593143614942355,0.017823648576019386,-0.0782848616102356,-0.08480685971790607
441.0,0.05580103302166992,0.038448803012097965,0.0637344775519983,0.04325706179849928,0.06073565870080876,-0.022077394719862618,-0.05127648039076668,-0.06551248127756999,0.08031084692406079,-0.017349304296814392,0.04000914806801245,0.03641428591827458,-0.052310529765565994,-0.001195078198776162,-0.03606493553619809,-0.07838473564048297
442.0,0.022432886642705166,0.07111900758227585,-0.004562430642998312,-0.00991518982339837,0.05675257249661099,-0.014790580842381603,0.02476151498418095,-0.034356475745405124,0.11106702738839601,0.02165932318554657,-0.0010208877702320707,0.027613153702446182,-0.016818897824522935,-0.017016689113582954,0.013617533172113819,-0.08864853995374182
443.0,-0.007985327415220822,0.08463841818991387,-0.06357921004961238,-0.0628310083254485,0.04961518091805478,-0.008126845897410926,0.0799691694750499,-0.011910739328133697,0.12908894876191476,0.052572584092877274,-0.0454836633832208,0.012577687762630893,0.0013643409972623716,-0.03011571175687309,0.05483661465380018,-0.11492859172577338
444.0,-0.028889118459934887,0.07072702587277392,-0.10374363815950066,-0.10746147947483112,0.039814566549779634,0.0030142814807257922,0.1072652071341844,-0.0015317227587316397,0.12935815363803035,0.0710209153964546,-0.07992886493221457,-0.0031638541703461957,0.0010040759566835914,-0.04377190202260744,0.07449587272103031,-0.1535974458149305
445.0,-0.03719550974777178,0.02863424485328712,-0.11820817595529305,-0.1365352356069995,0.027214520189377284,0.02341225218954874,0.10599610440092026,-0.0015066813825579395,0.11254762994222615,0.07640083506067735,-0.09459726254200523,-0.015215646820809248,-0.01297767852759051,-0.06371137189487208,0.06528118343369287,-0.19826959001303854
446.0,-0.03280581439914094,-0.03429190618563651,-0.10450394468557345,-0.14635462801408008,0.011826117704263171,0.05384150236279835,0.08201687097219357,-0.0054754025200866455,0.08349613894787969,0.0714016491040101,-0.08694053065499091,-0.021167554999589586,-0.03473304851727645,-0.09554918362422793,0.026391488766069157,-0.23863161309037975
447.0,-0.01788439495023487,-0.10384868497831744,-0.06728496677407289,-0.13882407301976912,-0.005171878420242761,0.09021432441687846,0.04681312492178963,-0.005438862383814641,0.04719961280993606,0.06067680786281019,-0.06168982210602285,-0.020443201092472673,-0.06073635227743783,-0.14000486213741437,-0.03569250787300974,-0.2606454811499413
448.0,0.0032232721666814366,-0.16192849577062188,-0.019214180134713443,-0.12089222457399179,-0.020507288579969165,0.1257194818116714,0.014633371313936471,0.004086422284770946,0.006761609515253761,0.049471232027222735,-0.027441490547244506,-0.013645174453610973,-0.08824014186651129,-0.18928175161763783,-0.10653281715295192,-0.2506790721836602
449.0,0.024249524098349223,-0.19176656905180312,0.023038922275628412,-0.10118445371567185,-0.028990072369018464,0.15350073793017202,-0.002090863555428751,0.0229501689558877,-0.03525417008099155,0.04231240329992226,0.007469728659431299,-0.0017783333240693677,-0.11120391985651634,-0.22869345856731912,-0.1662080913629192,-0.2027117924942135
450.0,0.03808152661454967,-0.18403732421112018,0.04567229632557136,-0.08615573070393996,-0.02575310113070382,0.16843167907610024,0.0035491591332704954,0.04464524225948689,-0.07525848779789417,0.04185805548727145,0.037123445648185566,0.013920343547760587,-0.11849108537134376,-0.2435377543189015,-0.19628073927775921,-0.12383626345370267
451.0,0.03848347748341239,-0.1405969977447761,0.04214283103523806,-0.07828558005508535,-0.00951101875442175,0.1685073802228229,0.031740469833052044,0.05843208568722662,-0.10926314057284862,0.04820704141509271,0.058051636059011466,0.031325278082048005,-0.09751465822411608,-0.22611051209295693,-0.18796750550389738,-0.033177189589796034
452.0,0.02205403965093288,-0.07377035841399072,0.01270219157946222,-0.076555309842892,0.01578429015302036,0.15571945599360706,0.07687250972522441,0.05396819475210423,-0.134211186917906,0.058963646759397206,0.0686691927599599,0.04695904872125725,-0.04229305299903926,-0.17790590776790446,-0.14646827883790076,0.04605523986088325
453.0,-0.010241290758741623,-0.0016032836125344004,-0.03841729892714656,-0.07789300584971696,0.04215458720744807,0.13517693994366117,0.12981183289459114,0.026723340843652275,-0.1480837414505172,0.07022164640180853,0.06899589099853842,0.05679977645480042,0.03955164136697756,-0.10733389592672987,-0.08834603475552409,0.09678939717454783
454.0,-0.05291667829249382,0.05851802860480005,-0.10467364474143505,-0.07864307341193444,0.060542895516231425,0.11217083308948761,0.18049244185413407,-0.018570650217259153,-0.1493495853391986,0.07796159879542126,0.060383585705195066,0.05802178783666589,0.12682423965185716,-0.026988957703576788,-0.03294824119133075,0.11457261147680595
455.0,-0.09759998365723503,0.09496242419037262,-0.1769937571719303,-0.07576754345826567,0.06360663725299,0.08815769041549507,0.21942449837892503,-0.06849589873511387,-0.13723238277035113,0.07902021843488936,0.0447307130686347,0.0503692619648998,0.1927361400016649,0.047495326678255394,0.006425768027125669,0.1067416466316281
456.0,-0.13574419489573045,0.10399879909567356,-0.2436312677853651,-0.06759068292722269,0.04741474929625777,0.05812730025381895,0.23831885198302707,-0.10553327758732986,-0.1130475731842451,0.07184693032759037,0.023559229164440476,0.03636251868238528,0.21597823716488687,0.09923919614450956,0.025704952160751072,0.08590171124313867
457.0,-0.1610944826709391,0.08922660709238414,-0.29210897933948915,-0.05404409223809119,0.01223781883427569,0.013061889045291208,0.23173406799607432,-0.11452507813333133,-0.08163938064189206,0.057484413507980676,-0.0020509911314648857,0.020204333876473666,0.1886534157486877,0.11492551056289785,0.027309335736942695,0.06326993739064721
458.0,-0.17089617200336438,0.0594926323062785,-0.313088000441762,-0.03649361734774363,-0.03731715888911807,-0.05242839794573858,0.19960519695592913,-0.0881383165433937,-0.051517536517588246,0.039504412262762446,-0.030618502015638708,0.005680580876750609,0.11791591641660551,0.0905983204206332,0.015806693440824915,0.04591128038390807
459.0,-0.16574572548829003,0.026172027452860135,-0.30399667406281256,-0.017223079884442268,-0.09280784094304351,-0.1332506393039523,0.14777044090243172,-0.029570764683981773,-0.03250937961290205,0.021829055546947713,-0.05952550195165365,-0.005620995859156176,0.022143837994355462,0.034207581240810796,-0.004166068367064928,0.0372635759455279
460.0,-0.14880418277691093,-6.006777760113632e-05,-0.2700513534771024,0.0010757988095564364,-0.1428395963201184,-0.21338004072280709,0.08535575686321693,0.04792372907700745,-0.031239287959564023,0.00636671508934135,-0.08513017728384618,-0.01424636563193403,-0.07562527839879397,-0.03661162315826123,-0.02705956833350282,0.038406106399370504
461.0,-0.12498982363507138,-0.012593389929118686,-0.22193736190259863,0.015436102116056661,-0.17454009783427632,-0.27212099130031664,0.02109637174860349,0.12496733253739316,-0.04714751422628305,-0.007048957722257279,-0.10354740933867289,-0.02141451221356155,-0.15428085188990434,-0.10023144233276178,-0.045400639171602045,0.048748706691382
462.0,-0.09990845543482085,-0.010900834571501625,-0.17141378530802287,0.02264761697365998,-0.17665305730733025,-0.29357796433274863,-0.03920565635797981,0.18310012451660201,-0.0721611142844619,-0.01904044507444033,-0.11138281635990485,-0.02800185340566651,-0.19942436767746552,-0.1383718793131669,-0.05154993420533707,0.06606642298261527
463.0,-0.07824145589975696,5.241107983061734e-05,-0.12704358354601133,0.01972766546113917,-0.14429909449868916,-0.2740071613297391,-0.09323478624794747,0.21192346184539068,-0.09440350159342331,-0.029752009993440076,-0.10640982151229761,-0.034379921669803304,-0.2056006931267229,-0.1426002967573441,-0.041318100168229545,0.08617249126228009
464.0,-0.06238172535347603,0.012521382687796167,-0.09213125475484422,0.004836059219727408,-0.08301299334760803,-0.22275777734036606,-0.1406144289669941,0.2116439202734352,-0.10359751825809924,-0.03945165040800894,-0.0892371174187235,-0.04004236964116248,-0.17580815216753326,-0.11677083286127264,-0.016258902150214985,0.10282665643901759
465.0,-0.052326421382580916,0.019367156433952315,-0.06576572719302384,-0.021734166569929242,-0.00858179165845248,-0.15714880735484424,-0.18004956936238456,0.1894933523458634,-0.09549269982812826,-0.049607769185474104,-0.06540057759361183,-0.043036115402179095,-0.11875720502093355,-0.07373174276017339,0.016669596128110514,0.10896155873389711
466.0,-0.04683002797940867,0.016834120134859448,-0.04574561887580906,-0.056790169215562264,0.058633244655425396,-0.09503336879803134,-0.20713359026389108,0.1537978582412823,-0.07361527705463083,-0.0628559401197413,-0.04439821581845761,-0.04055314157887968,-0.045529179398741376,-0.028235101827241905,0.047363556436702405,0.09993908879636992
467.0,-0.045000106086377195,0.005477547764483629,-0.03089252015050475,-0.09405964285580136,0.10206928831670295,-0.04821036255260559,-0.21499884469639866,0.1105699833313191,-0.04760192759743136,-0.08108694611372733,-0.034076147452938334,-0.031048437156621252,0.03227498351861847,0.009292033295657719,0.06565188156455959,0.0773345164873969
468.0,-0.04702819551796143,-0.011309738313817885,-0.02123730661654474,-0.12516693970227039,0.11497966436984453,-0.018558188078807172,-0.19808181664267938,0.06409270467867541,-0.02884787983737426,-0.10289802425697703,-0.03488447652657287,-0.01643875017397781,0.10262023209380004,0.03457492964445897,0.06422259856907431,0.0499806174016393
469.0,-0.05312773825109276,-0.029750410030592887,-0.016665999062199018,-0.14207806581146354,0.10110839893323949,0.0011085146413185988,-0.15630170205016305,0.01951089551018758,-0.025892485746897304,-0.12312495815845824,-0.03999634788899785,-0.002427151387421653,0.15362420277349098,0.04756656688324167,0.04106577992006826,0.03064124051681042
470.0,-0.061812453850312976,-0.046895395885893816,-0.015744374408054287,-0.14019681104601553,0.07100124176067897,0.020746401340285076,-0.09636509981055337,-0.01580166277440768,-0.04160629579054675,-0.13536073348385616,-0.04114360108233434,0.0041994886444543435,0.17653598273377274,0.04993236064619502,0.0012895964483975856,0.029938662670790008
471.0,-0.06967311297577108,-0.06023770996736215,-0.01571242882510706,-0.1200617369617341,0.036780156019266215,0.04495172338667339,-0.029726736469709893,-0.03417789010704517,-0.07212147587082934,-0.1350372709389495,-0.03429424809440633,0.00022614410096678542,0.1697242142047216,0.043842848455537736,-0.04306457618069213,0.050834729943855156
472.0,-0.07266749206961504,-0.06724996848272158,-0.013092736591056017,-0.08622228233989539,0.007806040147713117,0.0692582386267307,0.03064834776209333,-0.031895107210084796,-0.10707578071608424,-0.12071533546500371,-0.020704466478223577,-0.010962741855388253,0.14029715810987228,0.03182542830953197,-0.07651877148042621,0.08648316231301911
473.0,-0.06729577173617939,-0.06578827503735528,-0.004263235568924654,-0.0444935453548077,-0.011106984073915064,0.08386014864775276,0.07311323078530152,-0.012212095752144025,-0.13209151450053047,-0.09406121604771855,-0.004276284481448753,-0.020746487724773464,0.10175403304071283,0.016860832085234055,-0.08556982023830016,0.12239339721475134
474.0,-0.051438064002268226,-0.05474294308527381,0.013275133509200902,-0.00030114540473268905,-0.01899661975787224,0.0815669197932341,0.09000447631169545,0.01548145020682382,-0.13395226293985715,-0.059843102018361245,0.011289221651485836,-0.01988427556625139,0.06904216717207981,0.002459884034205957,-0.06330335461897334,0.14214989095625666
475.0,-0.025551511342355608,-0.034354165253305896,0.03853859045830391,0.04091815485762211,-0.017649379680885455,0.06377631644616828,0.08020668470432431,0.0396768004149986,-0.10639028118177388,-0.025706853744781787,0.023868081084662207,-0.003189631495561126,0.05294582892221935,-0.007359883128627005,-0.012186149540064256,0.1347524048878791
476.0,0.006484806843320672,-0.006608890853387532,0.06569840189301378,0.07322216314694469,-0.01132608537492803,0.0405095015238702,0.04994256689964421,0.0510004030342495,-0.0531710043809098,-0.0006639623653890616,0.0333079045133285,0.0279313200422187,0.05536317952048718,-0.008754135831135067,0.05513098360438858,0.10019441703865295
477.0,0.03817143333977652,0.024181408792969712,0.08620397246931359,0.09169852019610333,-0.006137364062150559,0.025047133006160047,0.01042826323937742,0.04479752756556687,0.013092894296727659,0.0078090916480519044,0.04111092751051971,0.06597080214609519,0.0683396914540221,0.00018924988771737718,0.11827557766610014,0.04989595848566699
478.0,0.06266322161853921,0.05161503275716478,0.09352587505488856,0.09510135412295158,-0.00770741093468049,0.026671606651128228,-0.026309150803122305,0.022102539154328592,0.07557905272109973,-0.003029363018826472,0.049075786125066766,0.10072345701199156,0.07930762397576709,0.017700342739140253,0.15603084469856612,0.0014730403411081759
479.0,0.07524252528192707,0.06900979016474496,0.08668777841973327,0.08686355666553722,-0.017780664487975696,0.045706001844513226,-0.05102734383503418,-0.010515171398697974,0.11934699422377588,-0.029165014292835672,0.05752460929810199,0.12396722910635476,0.07982928788243454,0.038897786349182964,0.15562444691171684,-0.02923996354741632
480.0,0.07505177539822165,0.07224711248800278,0.06986633307949323,0.07363374755527854,-0.032302837662329845,0.07375238927746594,-0.05908947808473963,-0.04257698301789128,0.13641187973560978,-0.06031215698586782,0.0646536679127466,0.13261376119395624,0.0708462494593258,0.05922802228489837,0.11886049844630572,-0.034880435922922365
481.0,0.06544561088602036,0.062098447366076504,0.04900110300318695,0.06260147496475361,-0.043143445561292855,0.098896647218765,-0.050387797299937115,-0.06325617049626245,0.12797648166694847,-0.0834480758584885,0.06781766937838381,0.1284818216337768,0.06040828008351575,0.07766136351215347,0.06079967044923336,-0.019284076528451252
482.0,0.052222594020322005,0.04431875246025044,0.02847612503032214,0.058802391012205045,-0.04269143276410616,0.11239933493414801,-0.027878048465537746,-0.06566726659203782,0.1035000190654636,-0.08809806452778622,0.06589985596128622,0.11562035554983309,0.056993016611166784,0.09622679011287723,0.0024658369442467536,0.0046638549238201005
483.0,0.040396614909018025,0.027049169241816624,0.010044560665237222,0.06324249309788861,-0.02812409166309049,0.11250847542498421,0.0041223399461182645,-0.04948381180352078,0.0768323277080808,-0.07044096804545213,0.06084963161499271,0.09764959475876756,0.06468592139253139,0.11668204562935329,-0.03770394881842385,0.021505166944208207
484.0,0.032268791026594,0.017150807985016905,-0.005751582186462939,0.0727851787575372,-0.0028150073143445933,0.10321060697322532,0.04080025751455284,-0.02075358016755732,0.06012236699198339,-0.034235994286597224,0.05724718291921782,0.07669059563513424,0.08292270606486343,0.13796350901504006,-0.05002875664347333,0.021303792018856477
485.0,0.02851079554153532,0.017659738196476673,-0.016942554704933967,0.08187605619418223,0.025407306770169228,0.08939909746349697,0.07657158808228369,0.010647363679612054,0.058066220765782266,0.01093854480016506,0.060443460493046795,0.05402829370971937,0.1082390912256283,0.15607834379065236,-0.03523716990557711,0.004947232356275148
486.0,0.030419964137538075,0.02702111856522389,-0.01860712042801598,0.08497880523009409,0.04794493365383043,0.0725211773958782,0.10464734729132379,0.03496696297230304,0.06610665086289318,0.05295705423498193,0.07395677143801994,0.03154251048563332,0.13479545657603967,0.16529353319600024,-0.0014663940743309299,-0.016557651774892882
487.0,0.04025125125416895,0.03954327919364781,-0.0044968377175058334,0.07857680115227214,0.059227314952867025,0.04992195993500347,0.11828814541301605,0.046323465469067564,0.07401033675442725,0.08129988319364388,0.09635788986113131,0.012139236158595013,0.15396780704840757,0.15974499467950937,0.040360008436696446,-0.02840602129776892
488.0,0.058839590992234986,0.04706579591711546,0.028393033014966144,0.06217571227112244,0.05869750246939098,0.017382214558010343,0.1140440676119505,0.04441564866571649,0.07217670453158231,0.09075256385368471,0.11936173714551637,-0.0016648463546853132,0.15536172144025748,0.13582860147844986,0.07938219476531884,-0.020160656002504076
489.0,0.0826367355411161,0.042331244339050965,0.0753760567878578,0.038169777063789316,0.05010772074548757,-0.027659482111392433,0.09470444773889737,0.033513906272934456,0.05605788844805633,0.08269580576540048,0.1299845479604274,-0.009489564261108335,0.13015437400294022,0.09476404377530999,0.1061711750678037,0.009275930628549808
490.0,0.10306018582699998,0.022994382142001685,0.12361083176657807,0.01094034280318692,0.039029379430603243,-0.08343587934966872,0.06932087572873492,0.01941938138173356,0.026492136024301685,0.0634384019571891,0.11676887938210496,-0.013175420141617806,0.07547586154329516,0.04344746257420134,0.11477089988016577,0.05258462782926304
491.0,0.10937960329059261,-0.006885781701315485,0.15668662941400627,-0.014216621425714157,0.030189794532650138,-0.14242230285786242,0.0494002278224301,0.00612517490429419,-0.012242002012282637,0.040922298395241224,0.07585013603491296,-0.015365067077601005,-0.0026028004505493072,-0.007190144920706806,0.10458200273971041,0.09861573647205991
492.0,0.09372228559317487,-0.0396886639833428,0.16159835618697516,-0.03214289887117287,0.025549767613256346,-0.19283252783659058,0.042700479651333736,-0.005540099972600795,-0.053926123046639726,0.021559553246742438,0.012838961362362688,-0.01819756822294957,-0.0898211989394796,-0.04557291566038547,0.07934329406308736,0.13636791238192822
493.0,0.05507732068749281,-0.06876268419142896,0.13438705580451707,-0.038959512524402426,0.023566652518252622,-0.22360078368049732,0.04795897478042558,-0.016532104330517737,-0.09100932706870538,0.008299367121053811,-0.05957123558794982,-0.022974997446253333,-0.16856874269124908,-0.06369712357502486,0.04376391364389879,0.1571429726259529
494.0,-6.503420932414894e-05,-0.09055213515624765,0.08197049384345322,-0.033202467924721736,0.02017945606358549,-0.22979626916183254,0.054178844435355956,-0.027260988024963,-0.11562456380553059,0.0004964830028963891,-0.1261210147442316,-0.03034823399440926,-0.22377583221567018,-0.06079824950528346,0.0015026889653952087,0.15647315924082525
495.0,-0.06008832805231049,-0.1037606302384077,0.019422387945315686,-0.016658296190177547,0.011433366617624001,-0.213860608411131,0.04624219581726714,-0.03633531011980471,-0.12164310885692584,-0.004072597085527634,-0.17362170155868203,-0.04021931188894368,-0.24607672135613012,-0.04409340350633146,-0.04353151341037423,0.13633495877687546
496.0,-0.1115805413392186,-0.10782747090163665,-0.03603563039200183,0.0055245278114595085,-0.0036247738142693893,-0.18174455409014867,0.014563903241884741,-0.04114919904596911,-0.10687256157505501,-0.005989442705161775,-0.1939797992324762,-0.051500960124345005,-0.23230050256547125,-0.025304026775523035,-0.0842148668149504,0.10552470273071994
497.0,-0.14246173372174595,-0.10209024534953122,-0.07145818899899554,0.02596811149359919,-0.02173574114676814,-0.1379486749316431,-0.03728782233928861,-0.0401971817842202,-0.0740992236256202,-0.002674022044270492,-0.18476181686671722,-0.06267136593673532,-0.1858684066538526,-0.014992040213645865,-0.10921124863446749,0.07602050653633491
498.0,-0.14511405033792754,-0.085685893748878,-0.08210138863091493,0.037409942045896316,-0.036995722064927246,-0.08359183554544014,-0.09231000409782035,-0.03538212634215362,-0.030263948339874017,0.009428239061831645,-0.1482938727071619,-0.07293566935438271,-0.11713935555624387,-0.01836282347697594,-0.10692527826659477,0.05695754088701266
499.0,-0.11911849935239502,-0.05858644365816224,-0.07111177228075724,0.03521336953564687,-0.044319416283277666,-0.018279047240954856,-0.12768964224516088,-0.03155711944400742,0.016022763835456193,0.030919336330786116,-0.09115225322263047,-0.08233130135972005,-0.041643838685806664,-0.03443702771410815,-0.07345296594096182,0.05048465506692165
500.0,-0.07177828865961745,-0.023891384404774604,-0.04530099456747143,0.018757500953165123,-0.042392746559449586,0.05553212081797744,-0.12655907424063179,-0.033054822728067416,0.05717447509855529,0.05757243186778268,-0.0244724822377645,-0.09031862207340094,0.023926145369326118,-0.058171133791978184,-0.018720624428526265,0.0514620896709622
501.0,-0.015530329939105574,0.010615517568726345,-0.010095973321602619,-0.008689827210196937,-0.03425131117119105,0.12837642408369435,-0.08753322899862451,-0.040464847707147936,0.08780918784320038,0.08182232188560272,0.03685561547469047,-0.09483925223644724,0.06576736582616081,-0.08374123587840951,0.035406990848378894,0.050072095707367974
502.0,0.03615505194872174,0.03444060525580064,0.03227287921725575,-0.04093312767066889,-0.025511894597182724,0.18419763685668883,-0.02580961020392916,-0.05050369052741032,0.10454317145906933,0.09616304029290564,0.07804765343711342,-0.09334889680312759,0.07549150985099687,-0.1066224675346454,0.06560347880588613,0.03619897752989683
503.0,0.07260156760626661,0.03965021448012463,0.0803736903694282,-0.06985766913537993,-0.02153076999691574,0.20730654518548175,0.03497134613058071,-0.05848027718680038,0.10599277891322387,0.09646628709515999,0.09005307535910803,-0.0846128262025544,0.05169946541991155,-0.12344399767334967,0.05991369165062003,0.004297707229668336
504.0,0.08893062002762103,0.02556149417455105,0.13028696534800552,-0.08676549937755759,-0.024958915529134134,0.191253528235528,0.07357099619370301,-0.06113001308273406,0.09342272577928606,0.08358003472050975,0.0731007460502593,-0.06940750629675528,0.0010258665195749836,-0.13115489151151227,0.024672047607354784,-0.04353535316342614
505.0,0.08730861237540267,-0.0008008890355741559,0.17489770030862978,-0.08493229656946756,-0.034849805139782086,0.14240469976035358,0.07760338272326953,-0.05814134033560165,0.07106021117834799,0.062412941226026426,0.03561321883600049,-0.04994797827407643,-0.06280752180261051,-0.12752865116997963,-0.019143526603173443,-0.09808140013470446
506.0,0.0753233743148911,-0.02864239736132918,0.20553232935200266,-0.06286808101995497,-0.047569262576357026,0.07630330259014505,0.045171293031558576,-0.05171351154362418,0.04544574219057752,0.03952342777246861,-0.010509536581906117,-0.02891334971561087,-0.12250217663634871,-0.11291948294708551,-0.04809416756811541,-0.14658604315795565
507.0,0.06215127851891299,-0.04881004270207699,0.21422249495356632,-0.025787650903340027,-0.05850444510998655,0.01074623880397898,-0.015093920448737624,-0.04455559257924085,0.023866754116613174,0.021150836485258458,-0.05476497251980235,-0.008901551508319271,-0.161284354805534,-0.09133583060305993,-0.049108013652428964,-0.1774650285039221
508.0,0.05463785517905805,-0.05742979531704765,0.19679765601066082,0.016610416745865542,-0.0632425179271475,-0.0405611659104863,-0.08598416462923153,-0.037592452072096896,0.01222267016197544,0.01210315570616528,-0.09021929488068704,0.007376155790122522,-0.16656305245833578,-0.06934475235965565,-0.024871677144534678,-0.18458906517308973
509.0,0.05501972452498232,-0.056295163787481894,0.15653649134445172,0.054730407047537705,-0.058225961863874104,-0.07228127627305912,-0.14795280079411652,-0.02883507192280935,0.013122522926050036,0.014410745852243166,-0.11316339990251115,0.017003835837242312,-0.13410252266653783,-0.053053852207486055,0.010137119121054283,-0.17003527591885567
510.0,0.06096269860437772,-0.05053937796804686,0.10485397386360404,0.08260279102624946,-0.04198944157965749,-0.08834605069102641,-0.1874200729998221,-0.014612402214514018,0.024924969326714112,0.02592811641329884,-0.12242141194472672,0.018047427535095042,-0.07138930983389344,-0.044898589352821566,0.03870525714075142,-0.1439426949258863
511.0,0.06775926854475542,-0.045605830092561195,0.05649556530087863,0.09831035091054369,-0.01674977177472834,-0.09858571574502138,-0.20166969283811273,0.006872416992231497,0.041783067924150874,0.040781609727961014,-0.11932004711518795,0.011594641250072021,0.003637604849814074,-0.042604424805247676,0.04940177397772015,-0.12053483774878886
512.0,0.07119338439208597,-0.04536159468755844,0.022455574238816372,0.10223268668993317,0.011539592838350177,-0.1125722631648415,-0.1977010018943089,0.03206442186074601,0.05491563820525334,0.052274316302675844,-0.107409230206377,0.002743973532135408,0.0690312494277577,-0.04118443292385936,0.04054037176608343,-0.11156965760235926
513.0,0.0687506549679361,-0.05108816335694057,0.006173863721457804,0.09539275462477866,0.03540479687433811,-0.13378351180585876,-0.18678753891033836,0.05206798242433514,0.05575037744698391,0.056185680266532784,-0.09101190549842313,-0.0008562791374914215,0.1063338426898758,-0.036223164346256144,0.018277456161675573,-0.12100702434034155
514.0,0.05897535389218207,-0.06034967427955079,0.004610609393695972,0.07907133624384959,0.04869532263708104,-0.15698533912133425,-0.17816105868802845,0.05714777090754853,0.04036018548467887,0.0518951512649739,-0.07306439143773258,0.007407793759281682,0.10588210331916,-0.026526471872426682,-0.008546685038969992,-0.14425371943677248
515.0,0.04145236456227128,-0.0668090072812947,0.01168034061425262,0.05515716320261907,0.04819062518192511,-0.1703495702318286,-0.17466592280345536,0.0428053731484661,0.012651701957008921,0.040869183234517076,-0.05366523827974349,0.029153542203295326,0.07021794506505784,-0.015299792592496886,-0.0322546494684049,-0.1716387111209908
516.0,0.01853115778264083,-0.06277847976371936,0.021315801069537198,0.026558748068645017,0.03397244088308624,-0.16104817623670437,-0.17179135586732427,0.012909077482563223,-0.016310639756538972,0.024538525089530284,-0.030460983118445497,0.05898380749072272,0.015605664818457703,-0.008856565179539049,-0.046968933681620376,-0.19287124175529183
517.0,-0.00347108810413673,-0.04354081561546318,0.028926795375605538,-0.0024490522783875987,0.009703651762461763,-0.12090253367492772,-0.16010378875131293,-0.0222999062713456,-0.0332501241441071,0.003907963736873557,-0.0008472706629406712,0.08623196762987326,-0.03157994563858909,-0.012896358891532629,-0.047856474647097504,-0.19994239341930772
518.0,-0.01594376943475543,-0.010370574130399372,0.031306923944118596,-0.026386447351639697,-0.01713866650452882,-0.049731034804993746,-0.13021631372356365,-0.05138145291545901,-0.02936420898597508,-0.019032136608525634,0.03540047331149892,0.100091593076486,-0.045891404637023195,-0.02871429844481531,-0.031340623910540946,-0.1883001325243559
519.0,-0.011946572079403597,0.029437045492697322,0.026183951195197466,-0.039701417091009626,-0.036663723868724275,0.043546577051193636,-0.07818404386588132,-0.06618015502609746,-0.004758468402841683,-0.040288009723950094,0.07495293544755284,0.09519804576623381,-0.016186435225303063,-0.05149669708732311,0.0031051868941691075,-0.15701455046761364
520.0,0.009986968036763848,0.0651116179521984,0.0127395749085934,-0.03837779899581217,-0.04064982893015372,0.14157555159437266,-0.008401060253772245,-0.06354007456655027,0.03194425191559332,-0.054968571604350654,0.11178306011617271,0.07431399590539861,0.04828707514675516,-0.07103718492041278,0.05067001742537894,-0.10819551828872369
521.0,0.04425005020733837,0.0867300858487629,-0.006907853210566111,-0.02125409825727821,-0.027243072255453624,0.22179458948145994,0.06734557473937652,-0.04499073241162107,0.06828649779707777,-0.05975269868848765,0.13898014388739657,0.046374684086432735,0.12292328506966514,-0.07480643325567231,0.10066087578203148,-0.046276533321908245
522.0,0.07959327572294578,0.09012820133229364,-0.026830093455911957,0.009106896985115737,-0.0020240436574382,0.26317934566257994,0.13370192931606453,-0.015852125309157413,0.09381782427000276,-0.054628474807641665,0.15066263978622016,0.020792324162865847,0.17909343760566793,-0.05299153585927016,0.13954512944911435,0.02199248338500171
523.0,0.10294270952598086,0.07961318335531839,-0.038910667285548206,0.04628539482966589,0.026042010234714138,0.25483762824631206,0.1765774439615034,0.0158410628520663,0.10326582173393425,-0.042968443558395616,0.14410968598591928,0.0018248370896040123,0.19497782782584794,-0.003534656551080943,0.1562923104582787,0.08759189168203602
524.0,0.10389242374289662,0.06595704081919865,-0.03701987846250934,0.08136535611906467,0.050042367306113264,0.2015501859658649,0.18722807604849354,0.041035217542177406,0.09568607830390564,-0.030518048843335345,0.12147165931339222,-0.012864073728054282,0.16214125645146044,0.06569688792380199,0.14600392950815352,0.14066718441429002
525.0,0.07841714153791608,0.060605642001178385,-0.021108515787358107,0.10562433203936532,0.0674416594882214,0.12201265108685151,0.1647440197188445,0.05226033003198827,0.07244404438312858,-0.023653691815032435,0.08926413216116531,-0.02885407056230915,0.08717272150494017,0.13913596269432194,0.11001962445173714,0.17271691808238987
526.0,0.030883018416648117,0.06964242662983391,0.001847645004017345,0.11297631807091646,0.07875856150100832,0.040310233343915335,0.11650658579368496,0.04652577141258474,0.03739140610212758,-0.026665130967828965,0.05534486944537502,-0.050109897373302,-0.010851307014591886,0.1989555767304167,0.054530050429588986,0.17809462994506428
527.0,-0.026686990806953987,0.09066436476454359,0.020562729106826404,0.10097398524178654,0.08486770172000291,-0.024526741799332435,0.05578681216523164,0.02714289029060258,-0.0017408514631938388,-0.0389867734758843,0.02553142346265143,-0.07640970169009981,-0.1061848797475217,0.23096869576595194,-0.010837595815620766,0.15523952255536524
528.0,-0.0784655679487308,0.11424175622743234,0.023553631080131678,0.07072353863801939,0.08511740677529613,-0.06506519185953767,-0.002767028279627781,0.003132494660304582,-0.03430113678221323,-0.05465701584401825,0.002152790841188139,-0.10403476979519435,-0.17444491192327558,0.2291153706454277,-0.0750893516785134,0.10891818602403974
529.0,-0.11032132105429832,0.12945171153106216,0.0022405718696476323,0.026618069794966698,0.07758636640913598,-0.08479550642290776,-0.04688636912494493,-0.014439937326118753,-0.05091643372569943,-0.0651711449466546,-0.014874308331254629,-0.12780130118524413,-0.2006018479890671,0.1975136739104103,-0.12823761913580545,0.05218549553609073
530.0,-0.11457467980165358,0.13014485304650936,-0.04715293518483415,-0.0239489350902067,0.061254706363828966,-0.09178323825698227,-0.06848878207003188,-0.018158812913965334,-0.048269850053756176,-0.06429349394097793,-0.025999162398446324,-0.1424934012841735,-0.18351588918792072,0.14853780711943643,-0.1626986627156896,0.0038684428252566483
531.0,-0.09239238091358347,0.11774704566196421,-0.12170286973811979,-0.07167399916678506,0.03798107020490093,-0.09177285637616153,-0.06492313063766225,-0.008722896380418,-0.0311715992532018,-0.051733605811691404,-0.031412722974843585,-0.14362690263163413,-0.13471915296828127,0.09693022686661554,-0.1738789189893505,-0.01988002069439253
532.0,-0.05322120826065727,0.09906865914932933,-0.20991339124662106,-0.107806367710147,0.012331914437879744,-0.08494685560390591,-0.03977526600223709,0.005057035979774891,-0.010291350618335469,-0.032983843983346646,-0.03186286915269576,-0.12820331660122328,-0.07234514532200674,0.05369487589172264,-0.1609630643132216,-0.014166954731864941
533.0,-0.011256633893284908,0.08140615450481932,-0.2917938365776071,-0.12698823225908143,-0.010403490116891524,-0.06701419862857089,-0.0014226333489819974,0.010949875721541644,0.0035331650594108985,-0.015407768235210586,-0.02841995343775958,-0.09545303264616439,-0.013354734842117163,0.023703843324809206,-0.12784520991598694,0.01321403281588882
534.0,0.02013539562251533,0.06870280915423264,-0.3429284052010831,-0.12861745486075038,-0.026185537574644056,-0.033120471248824564,0.04072350257825139,0.00016338327507460976,0.005089870721260131,-0.003765839262371984,-0.02044393883322633,-0.04742710958499479,0.03247721462259312,0.006652122912449638,-0.08269547475998854,0.04754291648754567
535.0,0.03386717276364274,0.06081959002137886,-0.34244815211517626,-0.11602316737540279,-0.03307389918328108,0.01735938471157898,0.07974251507927328,-0.02695639739814734,-0.003071520728340912,0.0016320569895907305,-0.004697478203900095,0.010468563959166906,0.06403181641693653,-0.0011665239397131955,-0.03503758679640953,0.07434767856493067
536.0,0.031734918921962146,0.05527717065620101,-0.28186359445784226,-0.09433015949592363,-0.03112196543599993,0.07761506170079663,0.11252284658770398,-0.059843792765883544,-0.013351255468529813,0.0035698471500392077,0.021633375834151758,0.0695321251858172,0.08535069938796302,-0.004568704881866033,0.00794350412338122,0.08399653776795861
537.0,0.022349705796651454,0.04958670351212255,-0.1702464062752511,-0.0683524144846308,-0.021757466287020483,0.1344935739476055,0.13911074750578512,-0.08306425063503041,-0.01840779768626433,0.005068232435943983,0.05629595008435196,0.1193316004502156,0.10020769445232706,-0.006194260699381013,0.0427139143369835,0.073474097622814
538.0,0.015131030559973757,0.042569657255878926,-0.032709277894316414,-0.04144574048294532,-0.006958498575943721,0.17401580933326585,0.16115189023595647,-0.08510232719644091,-0.015651518472677744,0.007344316993086891,0.09119346368629662,0.15057818735841755,0.10884195925089016,-0.004369594034374359,0.06805665400911236,0.046066755279443844
539.0,0.014413936209762576,0.03413330189102169,0.0973978020343665,-0.015554465800920517,0.011207126285891043,0.1872200868271043,0.1800177592296507,-0.06412572530702941,-0.008729031961198305,0.00980136134842045,0.11669806336286502,0.15787602079698937,0.10828056222590006,0.005266721097660043,0.0836543727890719,0.009494246439912991
540.0,0.018154096579597573,0.024377593300836352,0.1893367970790137,0.007956636096573457,0.030291436425133548,0.17201899254841488,0.1950559190142187,-0.027149815385194488,-0.005538354412763983,0.011338613079344934,0.12645790829178122,0.14102918049979093,0.09474449780336502,0.025383107003248456,0.0896303018460849,-0.026709781996857813
541.0,0.021358472865122474,0.013245435456203174,0.2247100528750068,0.0274039380068661,0.047014103835262035,0.13149887115440914,0.2028448858635859,0.015062822949972599,-0.013843100825815607,0.011207034886317094,0.119075062760869,0.10460102356977413,0.066330948705866,0.05339793066875566,0.08578105423117595,-0.0540671753220965
542.0,0.02012693719400275,0.0007074020341122419,0.2024779374692616,0.04059642490947654,0.0575297501259672,0.07255630613985625,0.19800299516361716,0.0529542926551828,-0.03673788873747954,0.008554253643435098,0.0974474737608376,0.056325402161700254,0.024725649920558607,0.08112448018730604,0.07038796175320672,-0.06809794116614956
543.0,0.013293523933378706,-0.013217015492183388,0.13775994212396098,0.04581902884886783,0.058542822502829744,0.006507011508011958,0.17508472499174127,0.08068842654432443,-0.07043764634252002,0.001749303208730094,0.06746002501679992,0.0052371498431234755,-0.02498543109080906,0.09756943253703063,0.04054143342839081,-0.06990520037100528
544.0,0.0021727880656872076,-0.028611724298953575,0.05557655174725943,0.043297177802964666,0.04885221978708155,-0.05145441798337758,0.13083279875118542,0.09608095962898164,-0.10564422905605346,-0.011046157182798916,0.03617449337994494,-0.03999300223723214,-0.07591728987046124,0.09318216566625558,-0.005073460432695632,-0.06482016156436386
545.0,-0.010444221096612956,-0.045612013673254494,-0.017839599948261686,0.03547939720113308,0.030442759544350793,-0.08722330657326592,0.06624644158883512,0.09894108277342067,-0.1316092125796914,-0.03018592819726757,0.00922313056351406,-0.07248054832101868,-0.12081986359728802,0.06342168171888753,-0.06301735870455652,-0.059477165276995904
546.0,-0.021950018684329647,-0.06416108246636563,-0.06336068052343723,0.025522472551682187,0.007890382802268094,-0.09463422987966698,-0.0120173385970432,0.08986119833451064,-0.1406717508200126,-0.05307166403486313,-0.011775146958307819,-0.08826369527013389,-0.15262630669117275,0.010567222168896632,-0.12457140874716754,-0.05982852430698719
547.0,-0.03171916552234539,-0.08372058772179705,-0.07449753557464299,0.015395322585674116,-0.013881031441776407,-0.07779728040930459,-0.09152115690906723,0.07076433224498523,-0.13135157562900399,-0.07407986713676647,-0.02952996127049405,-0.0870281339947032,-0.16468358402243238,-0.05606680419002158,-0.17826869947582916,-0.06985180372200579
548.0,-0.041702936508931386,-0.10286273756390536,-0.05839803027835164,0.005272826355626951,-0.03160016829449276,-0.04673993920438746,-0.15628914041300027,0.045984465427929756,-0.10871922839525801,-0.08615046594285602,-0.04795683389277752,-0.07224671850937818,-0.15197632032547947,-0.12155326298725545,-0.21344267854435595,-0.08945052055775005
549.0,-0.054945840805606334,-0.11883829050641914,-0.0315686203273712,-0.005585108187077871,-0.043924264095073454,-0.010939767532136305,-0.19194192154757725,0.022022707344696028,-0.08162578795630472,-0.08331519352354416,-0.06821124107114662,-0.0502603343634414,-0.11426249609350932,-0.1691553167904451,-0.22291898741589497,-0.11241405808226228
550.0,-0.07255366858323889,-0.1277682091038496,-0.011658395559171586,-0.017475623827676298,-0.05061721592454336,0.023798199071562227,-0.19169515072219878,0.005984363978852276,-0.05846115663918631,-0.06310823093577218,-0.0877836842210945,-0.028130261503155677,-0.059567952874644274,-0.18620067923511702,-0.2043190623589796,-0.12719527372475148
551.0,-0.0912040611587686,-0.12600289597856892,-0.009277697777998393,-0.029570515223600255,-0.0520573439474673,0.05439275701648431,-0.15915260511748963,0.0037279224184644686,-0.044019161908646035,-0.02807848375682297,-0.10278255892873137,-0.011181353243439943,-0.003929466064765603,-0.16921705959069194,-0.16067570158657338,-0.12155060164338341
552.0,-0.10357050296780995,-0.11196671455929622,-0.02439354048119046,-0.040357496328577776,-0.04931968026149908,0.07845663406189331,-0.10548740293248043,0.01813916781564321,-0.03807727001927238,0.014186352466700764,-0.11000935445516372,-0.0014183493173359704,0.0353781803912085,-0.12493772713249882,-0.10101366688097302,-0.08851781028460709
553.0,-0.10199103654127609,-0.08692513344928281,-0.049005004298480606,-0.04860149968348437,-0.044154418840770183,0.09353575554347483,-0.04320259563673925,0.04754121788585633,-0.03525371384561404,0.05288114882723913,-0.10728795567324086,0.002648592603541165,0.04983370523673597,-0.06682391265550505,-0.03967376227477978,-0.03013676126514513
554.0,-0.08317950152850241,-0.05420937052599197,-0.07348817374269281,-0.05389215427215161,-0.038695896980156845,0.09756491119067168,0.018654711306495594,0.0849096162104081,-0.027080434492689976,0.07752997528760369,-0.0936569819160697,0.004669884137624314,0.04458165676899407,-0.010092514742384439,0.007648621118819668,0.04250634325705252
555.0,-0.05114017470851382,-0.018212150617931865,-0.09159145804255237,-0.05655592872220161,-0.03519097481261756,0.08950364560658262,0.07525776962207771,0.11920862719291853,-0.006815034513558346,0.08230314363371934,-0.06998896885177987,0.008222882678764228,0.03330646288169782,0.032206190976634644,0.030557416035234722,0.11243279405234635
556.0,-0.01636799225897617,0.015927084830031735,-0.10082717630691618,-0.05726522352698093,-0.03568365306525519,0.06958130450027845,0.12412238468310863,0.1390554960279313,0.025627255151654486,0.06890079569437098,-0.03882327950943912,0.01522440464498022,0.027683683420846518,0.05206587685283552,0.02931410960023082,0.16225806949238772
557.0,0.008876224590415493,0.04275447168945245,-0.09979537661086246,-0.05650702381430654,-0.041407531392002477,0.03906263167689847,0.16304767850942684,0.1367600787559066,0.06258192336847127,0.045793609020754106,-0.003543786921032694,0.02595798806312715,0.030813312697759904,0.04840076781747588,0.014985051944753502,0.1803821561862906
558.0,0.01681644715052249,0.05765569116959847,-0.08685299092103688,-0.054077098029957825,-0.05198983974374304,-0.00014861799413326343,0.18906075462156388,0.11069297914977817,0.09260400866719604,0.023983823823813435,0.032024991853177094,0.03976597951122659,0.038437478633622374,0.026593485476958074,0.003949636593849257,0.16511448519994484
559.0,0.007884351464818754,0.05802582222399173,-0.06212059019166586,-0.049004599387512594,-0.064981274328977,-0.04510582853833766,0.19840930135488605,0.06589282314928226,0.10667343281693793,0.011913651497615588,0.06396619125716686,0.0549047798830376,0.043845869207429784,-0.004208469613937434,0.009520280618463205,0.12439081047006335
560.0,-0.010441520061580892,0.04389061486489557,-0.030279779088592355,-0.04000268646686881,-0.07616327733966106,-0.09041771511546173,0.18728959454148367,0.013356028342287388,0.10233914504374494,0.012299256521790473,0.08938382557606435,0.0677516856962362,0.04204167809644741,-0.033881865550483885,0.03470005473446622,0.07130878251365193
561.0,-0.02829686546158959,0.0180326673850349,-0.0003826126444467752,-0.026196750703149734,-0.08059980834773842,-0.12784927034274676,0.153099143970777,-0.03255840462894753,0.08374145872296013,0.022100301298016854,0.10751577187896093,0.07300659619310354,0.0325978310731941,-0.05340692266408113,0.07009543025501307,0.018621457193336192
562.0,-0.03820791926418016,-0.014287816641252057,0.018102649078137543,-0.008098444168733282,-0.07416788160663525,-0.14861878438078657,0.0961689902657127,-0.05864844192574472,0.058778087102163146,0.03509737176968273,0.11924860171866394,0.06583630826654664,0.020665567914702577,-0.057313825892080436,0.0985966944481908,-0.024443440471319685
563.0,-0.03765487198154543,-0.04592495503323885,0.020194103252109005,0.011374777130833876,-0.055382101426001674,-0.1468490265292013,0.021473934913964574,-0.05766674868706981,0.03585266100830044,0.045300629073327846,0.12481165064158442,0.04494889609513695,0.014307443515223343,-0.04622360089847667,0.10390454180400152,-0.05265174939723127
564.0,-0.029056764125427393,-0.06911344001033581,0.007742062204439637,0.026725755973774003,-0.02705643964840081,-0.12159838176235667,-0.06106563499630097,-0.03131736270171055,0.021465171977140762,0.0493731963693842,0.12152239400054254,0.014349117371630653,0.019037235301456092,-0.027562540217561517,0.07778151798326857,-0.06434828791177682
565.0,-0.017862411377386766,-0.07796812241950936,-0.01204537602999781,0.03132694167367476,0.0033294367291279194,-0.0771785632777906,-0.13866399571553054,0.009977734500793043,0.01843668920318818,0.04746360377185449,0.10389588589221432,-0.017650789993297784,0.03366873909269521,-0.013256174857314068,0.023072488978410723,-0.06101821514665593
566.0,-0.00977960453579873,-0.07121662516846423,-0.030276598926695705,0.020202071792858448,0.02568318357861473,-0.02274208338207459,-0.1991913372012669,0.050541789694115886,0.02455737205187088,0.04255978085501669,0.0665725633989316,-0.04154796863031828,0.050291875146554595,-0.014789054868540444,-0.0474996881152021,-0.04649725473989863
567.0,-0.008261373198625282,-0.05294929625455426,-0.03968650664961546,-0.0071497209121557355,0.03137722193041087,0.02887829878630753,-0.23409195585223636,0.07445991374288326,0.03270498805182796,0.03824445250856236,0.008235364303044281,-0.050258899443217396,0.05784138762412425,-0.037518386057037924,-0.1156485993555564,-0.025712413623010796
568.0,-0.0132105830820372,-0.0308110063613939,-0.03637383104615371,-0.04542840578179303,0.0171970689578794,0.06406229923718815,-0.23957177197873145,0.07067798444805395,0.033866836272240644,0.03544927341791961,-0.06608299131751964,-0.0418901620906992,0.04732753495151978,-0.07714553868658822,-0.16340477527231556,-0.002957966566588138
569.0,-0.021279367779546362,-0.013261433676740483,-0.019892600110080563,-0.08456081852220543,-0.012930288940751712,0.07341764826455098,-0.21655900246440257,0.03737559079803104,0.022526473972081556,0.030577360870488686,-0.14561189420386386,-0.02058259272835075,0.016568799785706065,-0.12038215299841308,-0.17844824741796853,0.01968161884451568
570.0,-0.027222917445236798,-0.007341262341517314,0.007991875732238652,-0.11276759622465024,-0.049029112405011156,0.05666398931733541,-0.17059478418222138,-0.016523802498864634,0.0008483598970454202,0.017327949594727943,-0.216462206636665,0.0054003243429357976,-0.02809945373521345,-0.14968735371211717,-0.15701426678277358,0.04229818557376429
571.0,-0.025693846367429402,-0.016874512037561552,0.044681349675971906,-0.12046939883914086,-0.07846938525675715,0.023015983418018422,-0.11173149392211337,-0.07486128886331116,-0.022355874568934588,-0.008379362248817955,-0.26471861360498944,0.027774973228801892,-0.0745805783958761,-0.15049607985917296,-0.10385668314200013,0.06515727061436666
572.0,-0.013700927320772837,-0.0405941079973165,0.08713223214213113,-0.10356687612654962,-0.09039284922751446,-0.01435747836785135,-0.05288505650985218,-0.12129079891449743,-0.037465346768585255,-0.04371043347285661,-0.27975121971336714,0.04211269118411726,-0.11035340797408297,-0.11818440949945964,-0.030207538558564746,0.08621623579268363
573.0,0.006740520502726522,-0.07094309691588303,0.13157170517232922,-0.0649596994420937,-0.07931331807342737,-0.04549554199992517,-0.005837214437137803,-0.14553371223495332,-0.03931103318028263,-0.07777126609189881,-0.25782227490427834,0.0489515071464553,-0.1263751798261405,-0.06074471668194401,0.04902824945722283,0.10009010796143326
574.0,0.028334962222878183,-0.09548201650565577,0.1731716431741136,-0.013722936594283164,-0.04654389200340298,-0.06715467118162767,0.02310582003507095,-0.14590351790591727,-0.02772773587821618,-0.09551864512061162,-0.2042585158966635,0.05182369839645678,-0.11791601357986507,0.0054031751119794705,0.11829250559383782,0.0997810251606681
575.0,0.04224269503106864,-0.10151743748769476,0.20572391949063962,0.03797702618035723,0.0006080151969951202,-0.08177356474785269,0.03499933019587575,-0.12798182183191176,-0.004952423992591801,-0.08548639778333962,-0.13171103356595337,0.05425475141369272,-0.08436504089571782,0.06427611047428348,0.16433205124954717,0.08081555258890628
576.0,0.04307331829198259,-0.08184180858474494,0.22175568203120413,0.07889208446099219,0.051067282494432265,-0.09445928563160283,0.03677740026042274,-0.10059740837002627,0.026005827771641545,-0.046926416343189295,-0.05516142122767692,0.05776265131473232,-0.030020228006974205,0.10811141517921122,0.17855140628276925,0.04519890880744975
577.0,0.030786708984425912,-0.038506278989527125,0.21399539879969037,0.10149123889033664,0.09276221025298437,-0.11013691329979676,0.03731378481240863,-0.07128275279878601,0.06053361345268186,0.00870658705131692,0.012553857576753823,0.06109398392142629,0.035052596940835144,0.13914024050708843,0.1584899528558515,0.002157898998162135
578.0,0.008926352696281654,0.01730010772808147,0.17804777689817028,0.10274937868876559,0.11561229069503107,-0.13123866082129731,0.04290782648255391,-0.0440816157673671,0.09119164118468348,0.06315938642263694,0.06295700687769978,0.06041897522606759,0.0966139908991927,0.16462503632085945,0.10875650250009335,-0.03527440856981538
579.0,-0.017729803749636095,0.0693378946650357,0.11469618102039607,0.08396724584194576,0.1145598736797804,-0.15615895961614878,0.054368472701022665,-0.02046228318715808,0.10865095396932538,0.09978584277304647,0.093330795062191,0.05098177018120242,0.14089180730002795,0.1890389826071838,0.041411323302389204,-0.055900501908133574
580.0,-0.043849129136992036,0.10254247404847232,0.030837765223972087,0.05042008078085537,0.09155633596077016,-0.1795992860610807,0.066793937824385,-0.0012334281351106479,0.10495172180691492,0.10961323921669766,0.10733139507186672,0.03003398546854765,0.15971814759075145,0.20876599733662526,-0.025496305472216596,-0.054749842149070534
581.0,-0.06338898057856245,0.10863925108353181,-0.060619250848975986,0.010370948833593789,0.05495865406207281,-0.19500602616506182,0.07155926669388055,0.012410541857264958,0.07702001540377378,0.09258440901547604,0.11264165262021751,-0.0007901217769621332,0.15308577617468308,0.21233890163283392,-0.07249492997494496,-0.03400025930605905
582.0,-0.07069938759265858,0.08915415938729292,-0.14246054129370178,-0.02698084468891685,0.016162893864476887,-0.19732591361361254,0.059860711446288205,0.018966406378704902,0.0283307005169824,0.055178919001404515,0.11571670817604505,-0.03541027109722734,0.12794201238678093,0.185967594979527,-0.08515822737244502,-0.0010529525749888142
583.0,-0.06313525033607867,0.05498991575496427,-0.19768646466096107,-0.05386209499217975,-0.014815772678762919,-0.18452025873650654,0.02738077814823218,0.017725253249229803,-0.03180382457612615,0.006978858020039742,0.11723245108459243,-0.06541602588001451,0.09418475511032069,0.12189584102904943,-0.05925773345937604,0.03451789370372131
584.0,-0.04279691715495022,0.022496279746049026,-0.21518543975713736,-0.06530262330066425,-0.032432105786150606,-0.15753557678569935,-0.02182501938018674,0.010414504686739484,-0.09057154151113635,-0.0421278576247358,0.11189964303739199,-0.08274444175632459,0.060216801723445575,0.025551113922877417,-0.0017897455155398837,0.06427335116660396
585.0,-0.01520734722288809,0.00697640853366036,-0.19262019203274944,-0.05918833747257804,-0.03594142829482686,-0.11874605977145869,-0.07529107416101823,0.0016040329192365992,-0.13488127062089345,-0.08360622333177305,0.09289826304984686,-0.08167935636611781,0.029978558034963958,-0.08281730618939831,0.07297967898410292,0.08356931919371732
586.0,0.01420793034426235,0.015936362474167676,-0.13544269370242346,-0.035932131257037515,-0.0276916113253133,-0.06981957145727792,-0.1169693992203999,-0.0038824061244759614,-0.15496455740973772,-0.1111010695569822,0.0576412194667697,-0.0603943390648072,0.0019199099824366338,-0.1739813857835025,0.15004867255454454,0.09196057687303723
587.0,0.04287622739724824,0.0453218324355059,-0.05463356953833706,0.0012872820372364572,-0.011433171643361823,-0.011142834916549367,-0.13412411486753462,-0.005448310942753826,-0.1474195780961291,-0.1210340281511661,0.010911442645626946,-0.022394439305419504,-0.02969787957276106,-0.22094622774596565,0.2182547297152429,0.09109529667091108
588.0,0.07102709153184479,0.0812591836670489,0.03517153155577448,0.04610785310801754,0.008532554244696355,0.05617224050522584,-0.12176745756351022,-0.0088593157582928,-0.11634099371678364,-0.11300528675963886,-0.03638705396873582,0.023260304989409047,-0.07041415720094744,-0.20971253361199504,0.27066219869887304,0.08240006621489859
589.0,0.09928284234768546,0.10706144010313669,0.11794997041309194,0.08980167972619246,0.02830905922583449,0.1275708067264793,-0.08225209627351797,-0.02298802692154345,-0.07144859481158859,-0.08951628377963902,-0.07176453235333813,0.06442082603169136,-0.11944681376607265,-0.14342431351587798,0.3026664524963802,0.06677324417678422
590.0,0.12624047754498866,0.11224401951594545,0.17913739339319854,0.12376424810305983,0.04583307415108416,0.1947063639756797,-0.02175612975413564,-0.05322180001131594,-0.023323525326410494,-0.05494247573963129,-0.08607766964761025,0.09056104299326688,-0.16631144585124846,-0.03889489571190808,0.31108901998147204,0.045693107382602724
591.0,0.14795844955065743,0.09854975337396607,0.20769372360823335,0.14225957432085146,0.061568982666102764,0.2482189671121446,0.052598909939097986,-0.09648298555221578,0.021598020800830106,-0.014379175165455683,-0.07642231606776773,0.09706223992075774,-0.19398190787119515,0.07981421416142966,0.2956163253852293,0.022031931944054325
592.0,0.15902669486913035,0.07865708091046816,0.19676982582394692,0.14387914522923143,0.07740264478968882,0.281459614734854,0.13309027498743178,-0.14099135781758607,0.06203307430703345,0.026905806748886114,-0.046699156283491014,0.08629904243903173,-0.1872880083104628,0.1871561914643766,0.26082627457022856,0.0003303371426311773
593.0,0.1541552589969077,0.06772679561926298,0.144425625723048,0.13147675297214492,0.09441115720743215,0.29278515385018994,0.21012580658579788,-0.1709196371996144,0.09783599466791802,0.06352240038216672,-0.0064956586215701145,0.06526765020477426,-0.14086998406435053,0.2616938050016093,0.21592648647505683,-0.013681750308026614
594.0,0.130323884061408,0.07344221061554558,0.056285177770152316,0.11092505677721202,0.11135640994603746,0.28555619121589004,0.2710525191053864,-0.17389960272991586,0.12548634424120306,0.09042988036772065,0.03182546037203043,0.041904659241586026,-0.06194346677700071,0.29111528577172063,0.17155929873621584,-0.01553781367420714
595.0,0.08920888696828473,0.09116648289885812,-0.05102451040570169,0.08896100824163772,0.12477554468560868,0.26592454459235576,0.3003442217953743,-0.1472969458876745,0.1380746420170338,0.10400346834204298,0.05750089799729236,0.02209992650714448,0.03219550971541031,0.27369228365586634,0.1356789710039737,-0.005597473373146557
596.0,0.03815230738347993,0.1067500590292938,-0.1505366536365159,0.07082960211503173,0.12990847538609282,0.23911734567142975,0.2827713785225773,-0.09932502718969233,0.1296450050509042,0.10284799280590548,0.0652424077220733,0.00813570216740498,0.11919145652734048,0.21592973074555116,0.11068384261987951,0.009864411727282496
597.0,-0.011605457613902113,0.10472939554328323,-0.21336573417610835,0.058780087853408325,0.12194173576795762,0.20646678501646604,0.2103993399187338,-0.04473840979352236,0.09981441781951002,0.08808544927388459,0.056670536926508974,-0.001194453787896367,0.17754016342163856,0.1301601198334854,0.09266491855007512,0.021722791680179654
598.0,-0.048933850450259296,0.07709976122774342,-0.22183497735908608,0.05194237217526678,0.09802518592543787,0.165979778899689,0.09046959267252255,0.0018296029184704079,0.05496698883779066,0.06347774788420935,0.0389332915164255,-0.008949419755763558,0.19303831351240894,0.03354885871203217,0.07284963096980632,0.022807811366443092
599.0,-0.06726073912278566,0.027876438267428583,-0.17853373021439697,0.04743339349604503,0.059723958230746575,0.11579664586514636,-0.05246871968866241,0.031587519218203346,0.005227680833371124,0.03508271914532207,0.0214181061044119,-0.018047306256860296,0.16396279618713666,-0.05490241572266037,0.04130165568255181,0.011204720437512488
600.0,-0.06694607454962108,-0.0286492293166785,-0.10438130877611757,0.042228505735382435,0.014137414759220115,0.05663928867868112,-0.18439578405089574,0.04403007036260508,-0.04028582372740153,0.009929120866344527,0.012288869991663339,-0.030240293690795814,0.10188876123438373,-0.12078096752294569,-0.007451475685352394,-0.009144797054843768
601.0,-0.0538751657490697,-0.0742972723445036,-0.027218723461687962,0.03522332711172375,-0.02770711851735905,-0.008124983265100541,-0.2754064059312817,0.04494763067743026,-0.07642713693621708,-0.005869679969543018,0.016444626814931376,-0.046063439546361586,0.027579597478184274,-0.159085563212075,-0.06910682701647988,-0.03024662508228694
602.0,-0.03522357299785165,-0.09445720186581293,0.0309487628969399,0.028645631395043697,-0.05480439768781707,-0.07264644375325167,-0.30956194732529435,0.041299643158516475,-0.10196488164830105,-0.008754106827258959,0.03495216233143413,-0.06486001386329283,-0.03517815271728887,-0.17274448484712673,-0.12898589369069535,-0.04356461022356635
603.0,-0.015511260499103719,-0.08345448949007932,0.06105407611732083,0.027514190691240666,-0.06080331406890155,-0.1284097108052172,-0.286200246182587,0.03674980994687486,-0.1179164386373483,0.0011860359339575142,0.0648923159721993,-0.08459447741917213,-0.06557499589940259,-0.1674279146579408,-0.16888751041360767,-0.043902720600465094
604.0,0.004491665948015966,-0.04629288069958429,0.06717898838569117,0.03651769077926784,-0.047317308152527056,-0.16566915677056324,-0.21639783939338725,0.030957824244871503,-0.12593894662881847,0.019704321935501274,0.09929667468573525,-0.10184186283132939,-0.05225776297579422,-0.14857096547371937,-0.177934838152008,-0.031798349589103485
605.0,0.02613610263950149,0.00306472972403605,0.062312687527199116,0.05594416454671486,-0.023916294377728336,-0.17704770900373604,-0.11982373685838027,0.02214846621424788,-0.12718813855421243,0.03884553257053157,0.12818119962326338,-0.11229941484545425,0.0003861911944389733,-0.12211812904589515,-0.15943558207249361,-0.013113022190732643
606.0,0.05048208533909016,0.04617959123289352,0.06168537740811546,0.07969409334993253,-0.0037894824364371705,-0.16165923260402645,-0.021650055188971777,0.010076002425507729,-0.12166571089187493,0.04894159053592175,0.14163570292332417,-0.11207633840739838,0.07136625746778684,-0.09578536313744437,-0.12866825151850142,0.0039868493653055495
607.0,0.07646415858190693,0.06647067201384245,0.07524445868557157,0.09712281361447896,0.003153259386344083,-0.12746675431462126,0.053589776179926614,-0.0028850187368074107,-0.108450982522544,0.04217064226934795,0.13428773330783236,-0.099551523032037,0.13163679402297934,-0.07804982205743602,-0.10386478540829283,0.012753757977083106
608.0,0.10012695074040101,0.05536681555961983,0.10260634858986536,0.09776001924581267,-0.004539815974685062,-0.08905322583329163,0.09001198103830822,-0.012668986407611287,-0.08670192003580035,0.016325795624205098,0.10856503289078305,-0.07646327052552737,0.15786272854549815,-0.07510665612070751,-0.09693705900811911,0.009889460466827532
609.0,0.11551784055049724,0.015471474638861867,0.1338506016799175,0.07616855173746834,-0.019901860991428943,-0.060191206556733906,0.08493750681124702,-0.015346112674316277,-0.05629939616991358,-0.023474458222622313,0.07359428920190388,-0.04705024935127803,0.14222352745570999,-0.087994217100052,-0.109048423789458,-0.004793527056049602
610.0,0.11716825522589253,-0.041193588380593685,0.15550899044386568,0.03431790646927193,-0.03261861691885235,-0.045962295239400645,0.046964122895034544,-0.009152807262777698,-0.017482636838338703,-0.06651902869755279,0.039213185101799844,-0.016234898377206732,0.09267038543057332,-0.11195383870054089,-0.1321649278351976,-0.029607892867784126
611.0,0.10264081491970477,-0.09919479065351379,0.1574252422091389,-0.019623986517815693,-0.03559872339700639,-0.040601603887629345,-0.01023725599339426,0.0037833899824611843,0.02905641718646685,-0.10104312925115327,0.009461952336064654,0.011199211455037694,0.02567519780784598,-0.13825904768842373,-0.15454644297530384,-0.061839895719135195
612.0,0.07365388857205947,-0.1461317006369474,0.13662051492200916,-0.07500488836697423,-0.028852062095242822,-0.03237233758067598,-0.07401282470194402,0.01739070213079978,0.07996901348738926,-0.11932520744488265,-0.01880913638636568,0.030431877306837593,-0.04166103615424802,-0.1573071479279734,-0.16681545751163684,-0.09850581744945094
613.0,0.035668881268662224,-0.1752351194825394,0.09737886452414023,-0.12225328952529188,-0.018568860654572084,-0.011585113220330664,-0.13548813976914997,0.02441760226176825,0.12692603611003814,-0.12035848540887083,-0.0513490204031966,0.037027751258677,-0.0951485554121821,-0.16190153842281174,-0.16577925122153309,-0.13705304596425208
614.0,-0.003624256443860976,-0.18365070600430292,0.04923190525818361,-0.1544506141507019,-0.012597783207241144,0.023305269873410046,-0.18839687386982462,0.02106089179967157,0.15810550719024719,-0.10831283167943365,-0.09032693151185997,0.02852819135996661,-0.12366806174124885,-0.14972038050593242,-0.1548618123354252,-0.1746768684387043
615.0,-0.036798668091253005,-0.17021471354725973,0.004329187259023208,-0.16767126121489373,-0.015710452564231796,0.06466768496629269,-0.22656707340448565,0.010235694722830445,0.1634536526709694,-0.08849205712950926,-0.13135260837830207,0.006075577605890079,-0.12019330265434931,-0.1237570651216064,-0.14150327097331408,-0.20619618464611142
616.0,-0.05972986641391031,-0.13598048463075108,-0.026279845937075892,-0.16172814872774458,-0.02743714962812828,0.09982742692416689,-0.24361633973189337,0.0004334705417685535,0.1394110906613485,-0.0646867387619109,-0.16512588405648498,-0.025329609874050432,-0.0852075112688138,-0.09064213668060504,-0.1325805896457864,-0.2232641610651707
617.0,-0.07360148009660167,-0.08648511424802582,-0.03773329718673374,-0.14099523644693518,-0.042883841298793475,0.117354538357626,-0.23539696989281755,0.0005722768996628881,0.08999172784184291,-0.039689172155490324,-0.1822945649184561,-0.05821889591890279,-0.028869836323516525,-0.05827397948732374,-0.12974324432511788,-0.21708442818842225
618.0,-0.0838689899650316,-0.032705027989824734,-0.03472599030133245,-0.1135899491610391,-0.05539061738035337,0.11160804785652534,-0.2025595287822269,0.014589277915976416,0.024834920311742975,-0.01702499113905898,-0.17898063298609307,-0.08483204713816692,0.03225792873221346,-0.033880787703845734,-0.12772448747520537,-0.18310598659759067
619.0,-0.09618010836186686,0.010839956294831095,-0.02898705449884337,-0.088596434204738,-0.05972110608901035,0.08400763845373999,-0.15071890426856416,0.03933304809261326,-0.04381606885757353,-0.0013104295919700206,-0.15979576629307102,-0.09913903750484221,0.08243428177343683,-0.022009016362663978,-0.11757350132891457,-0.12447654839847534
620.0,-0.1121883959640971,0.030567830151699893,-0.031557606877707214,-0.07282211149904348,-0.0544600539615513,0.04165909637259996,-0.08793594951429991,0.0665062348934375,-0.10408772900569288,0.0031362299939006453,-0.13595356906558875,-0.09839668348205696,0.11175480091809084,-0.021854759624479816,-0.09270193544206655,-0.052389182825491404
621.0,-0.12823527863140213,0.01923539320070654,-0.045760366880363765,-0.06860315440787321,-0.04232151302994749,-0.005832446781485098,-0.02148619683453274,0.0869173587158316,-0.14669220744129913,-0.005555218596615027,-0.11933499701816408,-0.08405941875236395,0.11560505580581058,-0.025711449202272637,-0.053032419763203185,0.017051851559558812
622.0,-0.13720581673175208,-0.020532246159966187,-0.0657730886190143,-0.07337005977541344,-0.02804457296979782,-0.049992641746275254,0.04346261112730208,0.09476973150022586,-0.16582818278581632,-0.02482352644003807,-0.11614178743554227,-0.06134816110887302,0.09216045968302156,-0.021307088518678,-0.004680099864248899,0.06849388511621655
623.0,-0.13229621547706819,-0.07646416645348535,-0.0808653933026256,-0.08105252204914858,-0.015404804901323128,-0.08544191418592294,0.10275824123570156,0.09015655575699065,-0.15927938656673296,-0.0471397426624205,-0.12339072646990719,-0.03709914410373556,0.043278953564582834,0.002299486913852564,0.04296149557009394,0.09248339385360639
624.0,-0.11127371984454704,-0.1303253956808092,-0.08220486850016534,-0.08478769666658843,-0.0057021075732211325,-0.10933756128459454,0.15195151371097837,0.07846774755275988,-0.128649333847468,-0.062086942095722825,-0.1296416121351691,-0.016986884942045036,-0.021995788953302554,0.04887929065651903,0.07946932171780159,0.08712068286134049
625.0,-0.0790023854906134,-0.16382018082486485,-0.06845501022434174,-0.07979623248950542,0.001474274463148013,-0.1199711217817154,0.18660693583527244,0.06726766569832937,-0.07939038504370234,-0.06049097256626764,-0.11988881253929413,-0.0036938602922240373,-0.08730953852747038,0.112238125765291,0.09487347777310338,0.05692617160892831
626.0,-0.045860222304263336,-0.16506340028275762,-0.04665740570387889,-0.06496363743523194,0.006750895276402404,-0.11671180741436361,0.20362628942882027,0.06315724542269309,-0.019643201615730292,-0.03849105553353139,-0.08288893863999773,0.003493112270973041,-0.13517028101920647,0.17722950103983157,0.08272006705045956,0.011707832703657859
627.0,-0.022136197426415215,-0.13294817247441018,-0.027352626959639404,-0.04233403330484277,0.010699659020891816,-0.10094091016094098,0.20233487965768682,0.07008368244138043,0.04188232289168306,0.00043938628649924083,-0.017488402000431728,0.007874618127908985,-0.15531985243576513,0.2245370164846368,0.04449149199058943,-0.03440387521399145
628.0,-0.011780845593690276,-0.07688542890589069,-0.017694605992662368,-0.015326629904426804,0.01464756645433184,-0.07584903936968389,0.18529154079296525,0.08824166582903356,0.09773648651444762,0.046477819674431646,0.0655019002863045,0.013611029393192099,-0.14871676102935658,0.23825081803244616,-0.00877662474592615,-0.06610917293077773
629.0,-0.010011372904109266,-0.011917097259471147,-0.018125886747198172,0.012737994964292256,0.020576635033416748,-0.045132310284075584,0.1587351529026039,0.11312899356772815,0.1422479929441254,0.0870155267490038,0.14692898166426302,0.023876292566358634,-0.12445865326879489,0.2129823021786434,-0.06076729468455394,-0.07267637958278089
630.0,-0.0071133101722653126,0.04784239060002646,-0.02437094127997851,0.038970294149930314,0.029377653493825973,-0.013030396545503873,0.13140115224994958,0.1361369615500847,0.17052787361435784,0.11095730399576517,0.20643300196677122,0.03986196531914541,-0.0927932552460554,0.1565538657522342,-0.09731774243999433,-0.052879117888144776
631.0,0.0037272213574914893,0.09370457651375741,-0.032141546718822744,0.06038182919559304,0.03924684514901006,0.013924400781039518,0.1112432223392799,0.14751220461673734,0.17736009691292326,0.11184819809258181,0.22983380195843198,0.06070728691479262,-0.060137012120301744,0.08693176856708583,-0.1113317609705165,-0.015259725185929336
632.0,0.020350014659526756,0.12303654259693551,-0.04078559732889714,0.07336156021525377,0.046059494392161844,0.026638060675805413,0.10200186283502774,0.14037993348217645,0.15823119171311353,0.08940145163751698,0.21396873166707356,0.08367591519324184,-0.029498193222273195,0.025204633848615515,-0.10308566689478744,0.026722371499830356
633.0,0.032199267260434684,0.13731525470677966,-0.05318834946291526,0.07409243449186859,0.04540765783967498,0.017256344742130354,0.10202443511328246,0.11372465104413859,0.11233569214801276,0.049744764426491395,0.16711479325343392,0.10441019454083181,-0.003841272924809457,-0.011998717555372476,-0.07810489335112868,0.06148899831552041
634.0,0.027342898494892905,0.14032884743770704,-0.07198162820643804,0.06041893530642324,0.03457344316239858,-0.01453183392106305,0.10599051935825408,0.07294717012499942,0.04463786136251565,0.003865608250829197,0.10471890136570139,0.11783455466381353,0.012915120959820484,-0.017082233801798866,-0.04471755642112404,0.08411153791963738
635.0,0.0009885284724336547,0.1372939856953768,-0.09538972938508614,0.034441387797248625,0.013253652362434743,-0.05758857613847387,0.10839482445469165,0.02756463782003425,-0.03472631195110996,-0.036085540835663725,0.04282001490617473,0.11968796289405036,0.01857411626412238,0.008107820538095082,-0.011464629542774706,0.09661911945846156
636.0,-0.04012604442725692,0.13340766439467733,-0.11643567750994922,0.003579477466446369,-0.016749047828114098,-0.09246446644095725,0.106338373962153,-0.012969147159387419,-0.1125549132306635,-0.06099656365652436,-0.007037796136442808,0.10773317706112284,0.014785469246524,0.05386705744833723,0.015725697596917425,0.10390682126340475
637.0,-0.08019099729002606,0.13149642306821777,-0.12593338026197198,-0.021913629348815904,-0.05205932431522439,-0.10158090702597909,0.0995691374568197,-0.042747867888690505,-0.17478916597444288,-0.06717478613325809,-0.03968734430765989,0.08202990485429687,0.00496255845254656,0.10462188900546195,0.03527227484352557,0.10824644248803317
638.0,-0.10232671589194504,0.13056820411547054,-0.11676470008873426,-0.034045706076868784,-0.08816693266065942,-0.07962613683869238,0.08866488361676925,-0.06032147294778402,-0.20912606524344424,-0.05632912327509034,-0.05599348305344783,0.04460496841187678,-0.00977663319756621,0.1426508052580063,0.048886669800361646,0.106913224788014
639.0,-0.0976271601351791,0.12659155130478209,-0.08738648236933869,-0.03104871019431438,-0.119995684394033,-0.03530055414123677,0.07409719327223563,-0.06773089517645567,-0.20857396139244097,-0.0342335888654862,-0.06115580839277015,-0.0007638005066635416,-0.03136614683217486,0.154034087056411,0.058542449634549056,0.09505289557892259
640.0,-0.06994711100786985,0.11494321392449824,-0.04361481858264064,-0.017487236486530045,-0.1427841528073562,0.016794826218185482,0.05683781758801772,-0.06899086922530996,-0.17456735242803284,-0.009177160700299785,-0.06186270103922801,-0.04839100220946114,-0.060900985617689585,0.13362602616020597,0.06451767093585448,0.07112901005694
641.0,-0.033510002802552306,0.09302343010772054,0.0028136548956837247,-0.0012658786871759865,-0.15306433345903783,0.06559437073488862,0.0388589524096667,-0.06808613216357139,-0.1171645519403075,0.009726088272988154,-0.06323808762896033,-0.09075226767833029,-0.09417818305819886,0.08584995168448134,0.06590961296731661,0.03998396116639505
642.0,-0.004751212784501484,0.06184765327602202,0.03948830819059432,0.0101785230285327,-0.14931101112984352,0.10629088722943364,0.022931218297131302,-0.06687660544439321,-0.05152436211845028,0.015162373192381236,-0.06662604205892919,-0.11962024873340289,-0.12126174173893631,0.022379065950130343,0.061897898691835034,0.011107544461116019
643.0,0.006679333361759691,0.026094243971733207,0.059644511590389006,0.0130424073744624,-0.13200309552117978,0.1371298666400867,0.012495263574068997,-0.06460757924396547,0.007736835649115873,0.005113472973003871,-0.0689033570838132,-0.12833429725453388,-0.1307046517809149,-0.040756062477106426,0.051936691453662046,-0.006195233420868026
644.0,0.0025931356535699147,-0.007519483765657917,0.06531199748046727,0.008777044082437773,-0.10309036714515936,0.15607323316690344,0.011102879201377557,-0.05963744124619714,0.051744787419770046,-0.01503425209054286,-0.06421939025795252,-0.11421191970813677,-0.11539937425834297,-0.08712689289671098,0.035582869882352215,-0.007575933018421911
645.0,-0.0055028432885856375,-0.0327486860299479,0.06521852036135099,0.00331781807975905,-0.06510880558650455,0.16084386759509095,0.020435136949568344,-0.05163455188003944,0.07983425637326512,-0.034237560640071676,-0.04748782073952208,-0.07986598480511468,-0.07673643400154481,-0.10567865147596943,0.013668614540422749,0.004188451247482839
646.0,-0.0029087523101537054,-0.045492516629452674,0.06910933213082268,0.003962423535450051,-0.02066833526729813,0.15142425223084116,0.03804895699903826,-0.04233136586603363,0.09827475857499657,-0.0408695395361291,-0.016879526400652187,-0.0328366621862735,-0.02538127817095207,-0.09511261138161095,-0.00966797776145879,0.021059898204992017
647.0,0.020754832708866168,-0.044027553539137995,0.08223746859713972,0.015330864261334159,0.02693437157408864,0.13150044273886177,0.0571167077334087,-0.034522311900609504,0.11614804418398156,-0.027919677988540142,0.02583198545019876,0.016514393685989278,0.02184257741900053,-0.06331966212800463,-0.027068579946393768,0.03463424534019033
648.0,0.06646532654379501,-0.02908939312809485,0.10262644415097143,0.036425021066014786,0.07250947721730988,0.10636787944317318,0.06899689310369089,-0.03040631492431087,0.14034276717265598,0.004352531084116469,0.07559465141528803,0.05842078584208876,0.048586889619321685,-0.022940355480468032,-0.03190157489229798,0.040425128455705756
649.0,0.12491511617146446,-0.004625117830551508,0.12162248883546344,0.06020965121788181,0.10890878507944968,0.07886560327607245,0.06712338339554548,-0.030971027450659352,0.17162802381398543,0.04900385831455302,0.12413964250570948,0.08689911419805213,0.0467961130027486,0.013309992066405827,-0.02325402626635271,0.0384889534608795
650.0,0.17956699322070474,0.02189963016904911,0.12753974121125208,0.07598701933978443,0.1289557027874517,0.04803631777169565,0.04934357372034759,-0.03690420975253382,0.20316092587812823,0.09536206999903121,0.16048497652742535,0.10068690984064975,0.02115589604611306,0.03578312809787985,-0.00709120413887411,0.030909133422492536
651.0,0.21216114959947013,0.04112133232395041,0.11146908673399823,0.0737624987718674,0.12826380407352708,0.01302240416112416,0.017340310946812203,-0.04930477530287754,0.22180469804198671,0.1323665177079623,0.172869801197774,0.10162859035376111,-0.013271379412508926,0.039765500179509215,0.00761491864496395,0.019152928647996083
652.0,0.20898599267956874,0.045142514786354775,0.07256984528548441,0.04895380875939355,0.10715258984430284,-0.021663213542704424,-0.025279623973812775,-0.0684823446083922,0.2122856314595124,0.1507976500951358,0.15253388771307888,0.09257436251748855,-0.03884110463320019,0.026105716031819347,0.01410800811111949,0.0035976908876158066
653.0,0.1661371874674151,0.03086211558896087,0.019654523410118887,0.005341983665820309,0.07068648981311078,-0.0460943709038835,-0.07391794899262176,-0.0916252215961895,0.16396044971373158,0.1448141636231151,0.09818150644832752,0.0768704162120074,-0.043445953985138036,0.00010546258267710997,0.010417856543402935,-0.014820292951846085
654.0,0.09181925869820375,0.0015014923852339707,-0.03193991025437127,-0.04543355844194327,0.027050243662159388,-0.05161030280917518,-0.12242712872019546,-0.11182571534320883,0.07803453728844982,0.11366137492892699,0.0181529728126409,0.05901119843018088,-0.024522258929609325,-0.030833000101511236,-0.0011778835842505633,-0.032698991492109204
655.0,0.004341479184700007,-0.034373066259051135,-0.06649009166721195,-0.08799873589917655,-0.014802103883376235,-0.0386013322372642,-0.1625103686019101,-0.12021040917262113,-0.029098826644271172,0.062914651791748,-0.07161684451842308,0.0442988569284449,0.011732547910257999,-0.05912249043029683,-0.016029678729757163,-0.04427182907454832
656.0,-0.07377101249179342,-0.06579777812768896,-0.07408600606211017,-0.10912153345185775,-0.04746874585532263,-0.018215306346648367,-0.18498722384430102,-0.11054666262673303,-0.12983920068576751,0.003851262428613656,-0.1522499909463519,0.03683819786321233,0.053658625161718196,-0.07770344521007505,-0.0290306688502554,-0.044227639130723
657.0,-0.12318804111297904,-0.08290010894508165,-0.05392453829920479,-0.10245043807675486,-0.06705747052566034,-0.005840015046798177,-0.1834230225970735,-0.0831974886184525,-0.1957250209657009,-0.04940907651536811,-0.20658983273062262,0.03755053018535047,0.08828013786658039,-0.08085508173302891,-0.035680896912314304,-0.03129548402380788
658.0,-0.13375783442890665,-0.07973757308526784,-0.01321690305763775,-0.07019035777271698,-0.07410806088507939,-0.01121301213259801,-0.15843772706917653,-0.04518399918169352,-0.20892689263972256,-0.08409340109530035,-0.2234708850795084,0.04367919301870793,0.10630745357103796,-0.06627364629512421,-0.031884082595321564,-0.0097486366896347
659.0,-0.10718789000461289,-0.05616095547771095,0.036773975988250655,-0.02176738941824894,-0.07266210986563153,-0.03267099176353204,-0.11972644257813968,-0.006476163926012739,-0.1692476997848421,-0.0928263364384001,-0.2015313056005113,0.049641239680630916,0.10684551416874961,-0.037208847193574424,-0.013889713495576854,0.01212962882927692
660.0,-0.05593948360021296,-0.018329267963615278,0.0843431361521426,0.02942093328008018,-0.06775877821578886,-0.05915967834107857,-0.0834435820429863,0.02435324881779324,-0.09352914163785295,-0.07572169933174812,-0.15040617931059333,0.04883106480084088,0.09817965862480131,-0.0024674220329524584,0.019856705768157748,0.025603467323781093
661.0,0.0014589538520047276,0.02287742792969826,0.11911792524442211,0.07010643390247324,-0.06257355915653703,-0.07768779569015699,-0.06521962513732722,0.04287169318268385,-0.007716242306742035,-0.03935423400216432,-0.08717076882303092,0.03631210578247784,0.09212219782880923,0.026153930235356344,0.06620781505423906,0.02574344561054961
662.0,0.04743404270397023,0.05566058778119115,0.13345174037694493,0.09107682261479112,-0.05632065765516509,-0.08101055270056613,-0.07223180913099982,0.049823991708746546,0.06432876894075854,0.006542980367659983,-0.029033768465175788,0.011547583110223648,0.0949212704216497,0.03782627548067702,0.11733325801635311,0.014749151216692506
663.0,0.0716834208390302,0.07201952271992033,0.12488951955547262,0.08990737657681527,-0.04417190109880903,-0.07074939635088483,-0.09927190840979125,0.05042241949854367,0.10910145840182514,0.05252329760366181,0.01358449180418648,-0.02052150979789769,0.10179290608645268,0.026907417644395852,0.163663779632275,0.0019085164837200272
664.0,0.07360071101407353,0.07091485980232581,0.0978575232246307,0.07149192102835299,-0.020268072489746422,-0.05423013817213298,-0.13194046570226423,0.051667991840775904,0.12495038066926666,0.09124180307672534,0.039261427097515005,-0.050981369787347554,0.09957721388120881,-0.004124067107599527,0.19685689939956338,-0.0008965403552447358
665.0,0.060141997052501076,0.05789216552805687,0.06149421831178308,0.045557712801012784,0.01744914657853434,-0.03848242645912948,-0.1549459937895455,0.05900845139965265,0.11769719762400238,0.11722989758137792,0.05227412563650809,-0.07016238021865176,0.0757058490505136,-0.04516798474044939,0.21090239605929,0.014284392566419252
666.0,0.040939696709067934,0.04149370071820339,0.02463852907883157,0.021899684662369953,0.06432329736202401,-0.02698200807809276,-0.15938962161282985,0.07448637996273084,0.09469349735864793,0.12617266236636956,0.057258940845898824,-0.07089090608462117,0.027540836859111135,-0.08257228457864761,0.20237141298674172,0.04706111045430705
667.0,0.02319243857904398,0.02879951533372001,-0.007408314663212131,0.006176898365550476,0.11049239315218592,-0.020250045141612615,-0.14465279624396082,0.09680539856681811,0.06148852851618075,0.11584503397893173,0.05635673196685221,-0.05082070833536165,-0.033769288947083746,-0.10417251995599218,0.1710156592520887,0.08872294002408106
668.0,0.00882766174164496,0.022378746446527067,-0.03246865734025403,-0.0012442920438914774,0.1453507858465011,-0.01697987328254757,-0.1157049458353204,0.12186950161923187,0.02187961742248441,0.08833954690182345,0.050549565662276745,-0.013571436689101407,-0.08740532401170593,-0.10306079942838459,0.12036350271966702,0.12600530876379237
669.0,-0.004545935385743465,0.019547796207443856,-0.05009228084486985,-0.003688632263666494,0.16149182410062338,-0.014304007983816687,-0.07925577051986776,0.14299493787233422,-0.020913375495705325,0.050427065093956086,0.04270265510632551,0.031709115823119895,-0.11276917989828311,-0.07962506223992359,0.05772588842873306,0.14626432419845203
670.0,-0.019786417329697988,0.013955344826484901,-0.061288955571760055,-0.00571937860118109,0.1564487042732658,-0.008700201734837642,-0.041117259921319954,0.1518855386308382,-0.06351857296623294,0.010387989996560293,0.038383660872212066,0.07267811401122284,-0.09962160248047736,-0.041545165069203006,-0.006310817266901931,0.1418296272741596
671.0,-0.0361661042270274,-0.0009031177084550011,-0.06826344385368817,-0.010903246018573499,0.13291465757465878,0.0025121684458955804,-0.005273884794622853,0.1414223604202323,-0.10171029376274139,-0.02591908109052567,0.04342402377821515,0.09757331300261281,-0.05285754802136286,-0.001300836135642691,-0.05898519228809561,0.11222833438837321
672.0,-0.047928494619763985,-0.02769295706924514,-0.07329497682912728,-0.020021596789210522,0.09805381883929645,0.020257587529249107,0.026377247611208524,0.10915728826764519,-0.129808261367907,-0.0559947108406341,0.06052820797159903,0.09916262893313618,0.010539028703700664,0.028303603683151234,-0.08800178817805028,0.06397115370282347
673.0,-0.04716476816995158,-0.06293711500477578,-0.07824043546520991,-0.03058097709401525,0.0614088393994141,0.04287882691163332,0.05492424377223469,0.059097385962630256,-0.14157396502909458,-0.07874934955439629,0.08730087344940846,0.07728615704693263,0.07001122990485133,0.03890087413844678,-0.08629287284801583,0.008295954921353819
674.0,-0.029702342896135974,-0.0977171374283032,-0.08524338975281699,-0.038506402332111264,0.03135995503582515,0.06535545267467537,0.08491257573448749,0.0004623117997095472,-0.13295331489019713,-0.09276295036770861,0.11644284315424155,0.03867129885737393,0.10981669672908015,0.029184945104318995,-0.05660146057276387,-0.04249373857808013
675.0,0.0004711748837359283,-0.12109804521099377,-0.09643631718968843,-0.04089937234008131,0.011732003219846987,0.08024214176398321,0.12174599527757482,-0.055808413029998984,-0.10480643044839705,-0.09668211809073178,0.13805196335882908,-0.006146273679364094,0.1230742837109638,0.004291870478650674,-0.011684488654617641,-0.0788506443738051
676.0,0.03187561731722053,-0.12457025451448872,-0.11162164643013726,-0.037408347704111666,0.00090922868321232,0.08057288435075492,0.1665641442466611,-0.10078256655805172,-0.06359779010318893,-0.09093292962180304,0.14336331692799392,-0.04715873173208551,0.11132508936928928,-0.02650477948941311,0.031169588078784807,-0.09616803145742867
677.0,0.0509203636108972,-0.10515770389061635,-0.12698844927716238,-0.029358387347871627,-0.005552433314561455,0.06290511395014305,0.2131220344723217,-0.1296529427028188,-0.019629847297349394,-0.07859352395451727,0.12848101475108678,-0.07791556171521102,0.08154957094994388,-0.052245030153916995,0.057830021033064435,-0.09473389796028794
678.0,0.048690795082328424,-0.06593596732840518,-0.13737992092528975,-0.018097788647647054,-0.010744748604938929,0.029056579440312907,0.24995059863876076,-0.14157743748958956,0.01653026757536394,-0.06432812944518561,0.09659998926802395,-0.09578285318390649,0.042446851660243465,-0.06314853594430422,0.062226700484911024,-0.07862220995313507
679.0,0.025412804848847403,-0.01459915890264398,-0.13969282024292035,-0.004356136424847917,-0.014092393675934345,-0.014021956234209884,0.26599477462646265,-0.13803195184841058,0.03821447083264699,-0.05238528935367691,0.05741143824116577,-0.10025632354644581,0.0014299275019935378,-0.053544746398399186,0.046292978346427364,-0.054417748510606115
680.0,-0.009601121473608002,0.038817055441747995,-0.13376561278931015,0.011054063043035163,-0.01233613720055012,-0.05670019472873835,0.2551018048904498,-0.12107735889715107,0.04546301479837245,-0.04515352859671603,0.022974097902606076,-0.09160725038708228,-0.03682179771783793,-0.02314733470025751,0.01670430961862693,-0.029154579737516898
681.0,-0.04247865279458957,0.08428987938004881,-0.1209016635738932,0.026472560350740408,-0.002319943925001492,-0.09096039223520987,0.2168817455975266,-0.0924956247233224,0.04452814023780659,-0.04263649466630116,0.0017600159244530896,-0.07136682965595584,-0.07032130912400995,0.023656000586209487,-0.01878569955053518,-0.007385034041099252
682.0,-0.0616976708657637,0.11331956473207633,-0.10235791982356966,0.03992083404597833,0.016484121316963415,-0.11377107899489258,0.15527204816548262,-0.05432596453504688,0.04365978340249394,-0.04267828275817783,-0.005119170407994132,-0.04365559223332208,-0.09882026574792724,0.07885460866637381,-0.05394844564042155,0.010308253167432418
683.0,-0.06368958440247649,0.11952928215889264,-0.0786484550145861,0.05052875783323196,0.04082836380951022,-0.12662429591164434,0.07720253507503866,-0.010568567574490569,0.0477194387189932,-0.04197947058248272,-0.0028243496800263272,-0.014936022723382968,-0.12256627602106458,0.13148999228919514,-0.08487073184271794,0.025530930159427388
684.0,-0.053865524463437585,0.09980519039614544,-0.04956578265775932,0.05893951471824207,0.06422681202101145,-0.13174096034684007,-0.008113784251404623,0.031808868458198546,0.055867504145126284,-0.03765350137679334,0.0017486874189904548,0.008459521595568464,-0.14126568556067434,0.16931707318552794,-0.1087086779495356,0.03892541287876749
685.0,-0.04294381648542707,0.0566772973025317,-0.015278365949361002,0.06571231938162697,0.0785334570996307,-0.1283379612586579,-0.09036393794247345,0.06447099139280327,0.06361995084927755,-0.028654611191101555,0.0039623284812361145,0.023089978860455714,-0.15352425524402188,0.18219329144707044,-0.12195139043200609,0.048690919445578205
686.0,-0.041341577652828365,9.749334058871845e-05,0.0220204014068568,0.06920435394229794,0.07559629760638532,-0.11218526485132252,-0.16016476272161428,0.08121653073250401,0.06605941381342535,-0.01664920435643488,0.0023058908968426775,0.029487215794987993,-0.1565796791681248,0.16549731092035563,-0.12071838038967629,0.05131217521795996
687.0,-0.05441530991956612,-0.05426762384548337,0.057667575157609355,0.0652866632447888,0.049382947283156446,-0.07938885967332032,-0.21063641251529922,0.08087929487058271,0.05917607401100859,-0.0059694780036849615,-0.003284180322407695,0.03109268643197415,-0.1460048405431669,0.1215236101942764,-0.1034081856810098,0.04375748942447689
688.0,-0.07997931048074092,-0.09084173956463588,0.08596466575786128,0.04964984453731992,-0.0005762743858475016,-0.031712706008687294,-0.23726857014760577,0.06798385038654692,0.040025527152806696,-0.0018098457206619288,-0.013354589301849589,0.031610446425366326,-0.1162595247773541,0.058698207418074626,-0.07309911107708122,0.026631650564156627
689.0,-0.10871225239399834,-0.10082865648285176,0.10214168328210764,0.021279662493724573,-0.0660297798073616,0.021441129024653456,-0.23669956787804747,0.05091578145902901,0.007950515942478328,-0.006755205650919717,-0.02900290987877212,0.03221998140378799,-0.06374429565259765,-0.010390357536042012,-0.03751213447697255,0.00612709038168826
690.0,-0.12729355971698744,-0.08535242870881138,0.10357851701452425,-0.015275768639385703,-0.13045320491143403,0.066790292727127,-0.20632667765110585,0.038270218612253326,-0.033067013485878385,-0.018055692046357864,-0.04995264161154691,0.03061437526889728,0.00860239923991728,-0.0715045432359327,-0.006539850403834121,-0.008331905545048337
691.0,-0.12325530459473528,-0.053415940524577106,0.09080064052738304,-0.05046677192260632,-0.17418453757917035,0.09405665923381126,-0.1459644322034881,0.03499100972505856,-0.07372188556261301,-0.02827990129689223,-0.07287592180150648,0.022791800774109108,0.0894667102960683,-0.11145750997352571,0.011752061966461924,-0.01012923320601326
692.0,-0.09003327648781938,-0.01680049247467406,0.06869502182640218,-0.07310216674805753,-0.18174882471089096,0.10101211607446653,-0.06074094187764143,0.0403412037641058,-0.10241907156004429,-0.02928575264634511,-0.09193728067724023,0.00633802156566641,0.16292624907948874,-0.12070422804091105,0.014928177489670872,-0.0004200900519510415
693.0,-0.030253472090582944,0.014592172870270863,0.04601289065275212,-0.07512549627194745,-0.14783610743942185,0.09332048612199592,0.037388798644899426,0.04864663458727226,-0.11026393537825832,-0.016793509576046608,-0.10106738370331343,-0.01729316497498267,0.21555572606568393,-0.09592340710464688,0.0072060621807339765,0.0116133171788442
694.0,0.04443461482519669,0.03470336933996344,0.03137178379267718,-0.055579029897630354,-0.07983374496778887,0.07947159325089871,0.1316024185634118,0.052043801901312574,-0.09493708077129662,0.007397997585617417,-0.09629096579933853,-0.042908754175581,0.24167940732407056,-0.042215963051892215,-0.003326636053966794,0.012973737446263216
695.0,0.11691472675258045,0.04063976733603887,0.028035900670241306,-0.021452730757382486,0.003812246690547751,0.06491637011811899,0.20477153556207048,0.04401108033143319,-0.062196668602814226,0.03633416743922242,-0.07712716806436472,-0.06356324475304038,0.24316390584515807,0.02692814313629767,-0.009437691923488683,-0.006566303536865791
696.0,0.169712912509353,0.031380564896561804,0.0320186158317471,0.015317552615413111,0.0794104079931728,0.050174970885785125,0.24395665271343464,0.022576285779009622,-0.02435176571948568,0.060815600630301,-0.04660217721548467,-0.07315170240369993,0.2246236956924604,0.09337369573477175,-0.008461111455623631,-0.048239001171302746
697.0,0.18979519054053162,0.00783977712214106,0.03518095687580587,0.042857681431381994,0.12639743939832432,0.03349566362808772,0.2429618586404135,-0.008498245272242374,0.00488021871426356,0.07313538425758148,-0.00965110666799362,-0.06864048947784204,0.18880939111646777,0.14007069919082527,-0.0028356010600438324,-0.10228261730068126
698.0,0.17223040184189747,-0.026077835311056737,0.030765270252492843,0.0534035056297075,0.1345744057503647,0.014425074439171796,0.20228780381312367,-0.041752728878215205,0.01694428993413133,0.07050896191609296,0.02923559235691856,-0.05127157291095432,0.13626771732282023,0.15523764625965644,0.0027762738921263278,-0.15262936499207375
699.0,0.1221018824704033,-0.06334108399173971,0.017403741386241057,0.04482005057721083,0.10663058766299083,-0.0046877412868374865,0.12722349703019042,-0.0698739927577732,0.011666126730177962,0.05640888979491729,0.06726380854580787,-0.026432650489612856,0.06860190600412178,0.13402921352576944,0.005435989692777434,-0.18528735781104666
700.0,0.05358547287410662,-0.09532038478608051,-0.0007486524528262423,0.019968427597089406,0.05530345276733391,-0.019272937016139843,0.02652684962908596,-0.08833274550327726,-0.0050895421502329535,0.0386544606831397,0.10221297339636169,-0.0020375397433345177,-0.008313760359647416,0.07932159235535088,0.005730573976948736,-0.19394129996804677
701.0,-0.014214585309229167,-0.11407941397825744,-0.01726755240710982,-0.015096343988369789,-0.0025025547330104147,-0.024244128363385912,-0.08647200356613959,-0.09558874897654131,-0.02598208636163052,0.02534876329937807,0.12984294829567758,0.014523694619689102,-0.08346952861410706,0.001938779640235812,0.006453493442776341,-0.179538705897246
702.0,-0.06327957164710594,-0.11465232121803602,-0.02743965045708643,-0.0532694728221606,-0.051570990294861854,-0.0161979463032838,-0.1922298630863724,-0.09216372962103371,-0.04443825488626083,0.021156608568040334,0.14279030227888848,0.019670116866142662,-0.14271328879503034,-0.08116876307922302,0.009936689274947105,-0.14655748486126963
703.0,-0.08221721916269355,-0.09709222896068416,-0.03017020274359248,-0.08799365637957401,-0.08212860828565824,0.004619533780920556,-0.26724894423122414,-0.0798715170496963,-0.05442128785429468,0.025449159309826306,0.1328152812138231,0.015082008973222488,-0.1735886388342445,-0.15122365477977162,0.0164695635618522,-0.10084031447671073
704.0,-0.06955318517832573,-0.06735873346499492,-0.0268272164094133,-0.11373537359650901,-0.09097216674100463,0.03347077113334728,-0.2916926982612745,-0.061153889281683235,-0.0508233574389638,0.032384177173121635,0.09462613124766671,0.006360956298439081,-0.17112519049402253,-0.1928281288540024,0.02483475287236,-0.05041625385787323
705.0,-0.03381265410541069,-0.035616312682291554,-0.018706191253111043,-0.12587806233674695,-0.08068546475627174,0.062180375923475056,-0.25792092704607156,-0.038385716199945435,-0.031856943803449965,0.032920210292772735,0.02863264260738478,-4.613189207688794e-05,-0.14038510299600898,-0.19789649440550588,0.033991725514727296,-0.00582362295835623
706.0,0.009793324824559198,-0.012051731959378826,-0.006116003844696353,-0.1211208289110063,-0.057781851162589035,0.08220810216294358,-0.17400694768677155,-0.013611566795232649,-0.0016373178900545894,0.018793314198612562,-0.057598611785399656,0.0003598855784089418,-0.09340922041457428,-0.1669843274744571,0.04402867482792031,0.023197771072973886
707.0,0.04505971790798957,-0.002338348329714121,0.010163218141341362,-0.09856941433935595,-0.030130072741556217,0.08829594071889249,-0.06059063664161942,0.01105257687206413,0.0296141282816919,-0.01277675047509467,-0.14903528448143924,0.009214651760066618,-0.04312586571443357,-0.10830009856707858,0.055337334052480355,0.03253447142762757
708.0,0.060732630345508104,-0.005113903180287672,0.027609440787138204,-0.060662556792458945,-0.0042087217035654935,0.08016644653039612,0.05636702195537701,0.03278441317963352,0.048793922093565055,-0.05631430121470518,-0.22585106584776124,0.026184527589660708,0.0015689281406470886,-0.03561266362702867,0.06694383225779521,0.025467438585879697
709.0,0.05435388266383248,-0.012735936687042922,0.043002425000718957,-0.013141267945382831,0.01670990445839918,0.0611094413728535,0.15342408648447445,0.048029975606054244,0.04551991851350605,-0.09938823750587913,-0.26985320505029226,0.04987840774834404,0.03785187974216782,0.03451769091251021,0.07592906881936057,0.010069964927776601
710.0,0.03236296772290606,-0.015239482190743042,0.054660256618816294,0.03607604182418537,0.0323512538522411,0.035010392774628384,0.2151809760720088,0.053705428221924825,0.017347625236365283,-0.12739668468558887,-0.2711036724805994,0.07761189510821782,0.06795231636100982,0.08662610755084708,0.0780965351858505,-0.005074914991190023
711.0,0.006344225876529236,-0.005580815432741296,0.06333509125747164,0.07884119269131114,0.04319575485026457,0.004464513853763728,0.2360177243548245,0.04908445659659063,-0.02845866448822481,-0.1290584183978941,-0.2301055176502699,0.10492942098926657,0.09508274474927317,0.11083677984330974,0.068557720863656,-0.0136673643372739
712.0,-0.012677999402367161,0.017000166267109103,0.0708845624956888,0.1089530965709426,0.048149683944630685,-0.028878755517147137,0.21880775331340868,0.03696224068690954,-0.07756643764463711,-0.10026661899529725,-0.1554735121257366,0.1257787258287045,0.11874526091233367,0.10577432979685118,0.04272581657156407,-0.012145277607333709
713.0,-0.018783069936118307,0.04711141609438359,0.0779694308632928,0.12353560146127339,0.04454211089800461,-0.06295018438602902,0.17234083564825073,0.02329137608608593,-0.11378966989197127,-0.045645594131586475,-0.06097398483883682,0.1329719556713146,0.1334121300890524,0.07784546043162971,-0.0011146726956023079,0.0006613159390897028
714.0,-0.012308091949668079,0.07571135814296812,0.08266205050312063,0.12285580871299948,0.03049509619296503,-0.09466207655697557,0.10846048752734704,0.015351931130520113,-0.12432413145445609,0.02212420103978908,0.03606725337325604,0.11917680231202124,0.13114036671320897,0.03737516452792535,-0.05945181636086525,0.02301864103479659
715.0,0.00217652812468365,0.09350453188882328,0.08128562983283702,0.10907839649564013,0.007418282491255727,-0.1202109145409348,0.03944874845883745,0.018708505752687316,-0.10353545585789574,0.08555923648602039,0.11708947895521997,0.07964063898562523,0.10539220760256603,-0.005577568662680736,-0.12385418863111197,0.04934860572660131
716.0,0.018840110320568267,0.0946716401377616,0.07097005957354417,0.08523714704773319,-0.019549109350446646,-0.13540668697014213,-0.023907657515341484,0.033789694727795555,-0.05472574505412274,0.1280720686441186,0.16710036287717442,0.016135734200208498,0.05453542431903789,-0.04334488696941362,-0.18322753088022814,0.07090607923416373
717.0,0.03237337324053326,0.07972892310940917,0.05131524473024621,0.05505315344735038,-0.043681318089575566,-0.13629253489301812,-0.07350758299553127,0.05402298525800858,0.010461714845750293,0.1399507320748431,0.17971710005742875,-0.061011125476067136,-0.015267555471330421,-0.07050154501001797,-0.22624568599415387,0.07922702177682707
718.0,0.03851394896980423,0.05571128914366062,0.023705352363378746,0.0230704593480937,-0.05979625972686856,-0.12086098340512937,-0.10427611724008942,0.06744736723140161,0.07514288597215696,0.12160000389992653,0.15887658255147655,-0.13532322990430282,-0.0891762415035786,-0.08277151364365795,-0.24380492428255449,0.07066896071081864
719.0,0.03485020813658009,0.033358331665095615,-0.009885509225592545,-0.005878234142289186,-0.06591875782861915,-0.09092759685035402,-0.11362938561597803,0.061924803082206076,0.12223531738220712,0.08252282038884373,0.11640624311601525,-0.1898670158613419,-0.14650401462271814,-0.07692502039234408,-0.23133555711001244,0.048559916701164975
720.0,0.02238005882500561,0.02267408689614642,-0.04659878518554967,-0.02817542121981405,-0.06273413296766132,-0.05221435858750115,-0.10103701455343479,0.03155610785908274,0.14000358204250238,0.03670048830838631,0.06722556521389023,-0.21292189742841924,-0.16734362317511575,-0.052861614266894195,-0.18993344577132046,0.021173961058004363
721.0,0.006122238295523294,0.02855386793739446,-0.08170324583031903,-0.04285294428281163,-0.052228610717908054,-0.01243958675855564,-0.06893434028120994,-0.01950268380412829,0.12617313353487578,-0.0030673557621876514,0.02412289471331384,-0.20140412858662918,-0.140894032183711,-0.016406209155229858,-0.12604031512383637,-0.002688224398759933
722.0,-0.0066168399346624475,0.047991428888684046,-0.10901739796566463,-0.05147088221194907,-0.03693578762603037,0.021163134191299456,-0.024487317413183073,-0.07831733162287668,0.08863801311530198,-0.02912266578462043,-0.006168685663373512,-0.1613050791020338,-0.07179335370024134,0.020689119207040182,-0.049866552756310856,-0.017185203940210336
723.0,-0.009201427724636266,0.07023957895696763,-0.12322246891890595,-0.05629296852097695,-0.019661603639916963,0.04391046096064994,0.02028574416915134,-0.12865937338540512,0.04202721647672269,-0.04037923948390374,-0.02360503533041617,-0.10496013863260012,0.019314836090753625,0.045398848493536814,0.027759876671087872,-0.020326386832406656
724.0,0.001839685889203953,0.08066979975896184,-0.12212689646476806,-0.058169204088628045,-0.0026978052444085613,0.05515362253407135,0.05207368781318138,-0.15745078878842517,0.0017618011575023555,-0.04142262183485614,-0.03178518548568777,-0.04622902411654678,0.10253026119831324,0.05048679018701663,0.09914536921933555,-0.01284125481375726
725.0,0.024947418731188383,0.06731578781566533,-0.10654474712410755,-0.055528267880683296,0.01335255220548556,0.05880288240775093,0.06226482002036361,-0.159187299209431,-0.0215394295848498,-0.03940674795313757,-0.03404383232686516,0.0037980491512720994,0.15048562901052856,0.03893561840162289,0.1612523366405,0.003757923272095184
726.0,0.05271460084254672,0.026839751171905193,-0.07786630085854342,-0.044986464690902436,0.029608444265396053,0.06168467123550939,0.051080853786368445,-0.13691036219357675,-0.025005397336354786,-0.040136224931912705,-0.03184941005777829,0.038636339007563615,0.14954671735136654,0.021908351429383542,0.21377971883001898,0.028374523363743888
727.0,0.07387568154222723,-0.03347431327172269,-0.03636637548100335,-0.023361007375142406,0.047145272274575385,0.06926614524643884,0.026694302335899804,-0.09987620741053187,-0.012749119347075797,-0.04559924651907199,-0.025656591531007092,0.05628388279199609,0.10409694331097724,0.011310272335058743,0.25595698787551496,0.059447265864875955
728.0,0.07838881903389815,-0.09824981467134197,0.016917988885626827,0.009748425152951427,0.06480591089167541,0.08128698684011065,0.00040150602609810506,-0.05938108228722972,0.007666787451964898,-0.053826833630016495,-0.016422176188227743,0.05860642128343332,0.03125921364180502,0.012445012199423174,0.2846162821585008,0.09306046413294002
729.0,0.06251615600661191,-0.149049960856423,0.07593099210617145,0.050005301036960485,0.07843678144224787,0.09118603374983002,-0.01884316733503195,-0.024716297294875806,0.028744886727061936,-0.060610957175888706,-0.006450836365665725,0.050424657505617296,-0.04967841500868869,0.021913548334023397,0.29423981147845135,0.12257211730598104
730.0,0.03017351095480622,-0.16985400106901755,0.1275448292277562,0.0882452056499156,0.08242088692684683,0.09032138684753355,-0.027940845151511566,-0.0006765751513453152,0.04470657437984611,-0.062148239189331336,0.0008685452243006777,0.03766533848848062,-0.12496099942957424,0.03123615254640382,0.2788404813100703,0.14018320115280494
731.0,-0.009824174529269803,-0.15167056549844923,0.15518750723635955,0.11313120015119217,0.0729419144206206,0.07392007498478936,-0.029895627155733143,0.012959933199836052,0.052222287294171166,-0.05701429083182603,0.0022108789531496333,0.024976023062934276,-0.1871590026948518,0.03215805198890355,0.23518808031696123,0.1390847108010432
732.0,-0.047818526096118634,-0.0953285142724953,0.14701931464905946,0.11584219783571438,0.05085243657743385,0.044276495959896564,-0.03102336811242978,0.020161228935397485,0.0514258880348298,-0.046369310524463726,-0.004225958017815595,0.014213755000994109,-0.23224610822016073,0.01973522127985428,0.1656018993122304,0.11572094046121316
733.0,-0.07629175375408823,-0.011904482292259069,0.1034679310889642,0.09410821396393483,0.021920075224736577,0.009023323723197228,-0.03711077611401149,0.026025438695245724,0.04610256219326043,-0.033181565019544626,-0.017650896164570933,0.004622583332067535,-0.2578301337610801,-0.006834610880369707,0.07830970288105928,0.07226826016156353
734.0,-0.09148781681299782,0.07959699675909566,0.03911000309990224,0.05313945789306633,-0.005593540715619402,-0.023518473796738087,-0.05111836180718912,0.033961797918270954,0.04142793070481459,-0.021481422210867403,-0.0351374496092845,-0.005629551323515508,-0.2636713644523332,-0.04396292033574281,-0.014710145115890716,0.017953025777180807
735.0,-0.09406672718610877,0.15743233381662491,-0.022314181516112943,0.0032870889907464086,-0.02420804797911322,-0.04796157816507047,-0.0733087198504007,0.04425387546806583,0.04011466378282671,-0.015126872904026582,-0.05398578894107969,-0.017356470894246374,-0.2523752644794229,-0.08407131285678655,-0.10095363286685168,-0.033036601654220586
736.0,-0.08875349986572548,0.20401061942233853,-0.05751075766627645,-0.04396679877599025,-0.02998859155943693,-0.06269487527310064,-0.10181235703108915,0.054455804151464816,0.039875289515653146,-0.015845401769413743,-0.0736755870531144,-0.028747503886971615,-0.22825404664381013,-0.117590721987498,-0.17016917876575832,-0.06699503132775697
737.0,-0.08278038466460816,0.21186946983429467,-0.053905427748436145,-0.0797264596558803,-0.024197423008117072,-0.06899613590308575,-0.13172755767937563,0.0605938929199727,0.034534874416392636,-0.022057283262221866,-0.09478909227179917,-0.035558530885802686,-0.19489863966105198,-0.13625924516880009,-0.2158170348893166,-0.07622150372228748
738.0,-0.08302292982940108,0.1857374595136141,-0.015671113424744566,-0.09966654301661061,-0.012955761034263515,-0.06938960456108892,-0.15437291455076665,0.05839160500991656,0.018743983193208223,-0.02932279474891461,-0.11624826612353341,-0.033542371423302214,-0.15370793224169216,-0.13636788935972255,-0.2355437287310226,-0.06142152023719584
739.0,-0.09225424025358517,0.13922341406519345,0.03835226424119148,-0.1040283227051141,-0.004536546399829445,-0.06536256430913275,-0.15945922072992555,0.04476906547826227,-0.006596813834306009,-0.031460143152166935,-0.1344958263193447,-0.021459880250893126,-0.10418323154832713,-0.12067089894638548,-0.2313765590046753,-0.030667757775401455
740.0,-0.10655767395971102,0.08801564691194262,0.08410788022676934,-0.09636380943385031,-0.005616683483153952,-0.055497616187319534,-0.13972670230788856,0.01956442415879574,-0.03255796882442984,-0.02227993099185997,-0.14518386608451347,-0.002190642038656832,-0.04505162868393713,-0.09798171763433335,-0.20902734929445912,0.0037441438618310728
741.0,-0.1165515927802826,0.043729973084458335,0.10320591075682904,-0.08179417699470524,-0.01864089427759387,-0.03585120924866454,-0.09491311696895163,-0.013543024349535367,-0.04640338811911532,0.0012561225938302254,-0.1447622318371977,0.018648096238728328,0.0239919504255448,-0.07990261161179395,-0.17545134506604895,0.02964326608336607
742.0,-0.11225454063020703,0.011331345389701358,0.08900466321783401,-0.06522607576903007,-0.041477537028759615,-0.0029321988515629894,-0.0326710758899862,-0.04767400644894389,-0.03943014602153205,0.03615231858965661,-0.13082238118322,0.03505060054213494,0.09965444242367845,-0.07559044665425416,-0.1361492557862295,0.03963189239554209
743.0,-0.08835077201347867,-0.009793874254092302,0.04648889962210931,-0.04994413551080588,-0.06898276215492158,0.04258884262580783,0.033724437766055236,-0.07471846159886138,-0.01267711430432129,0.07398730257578087,-0.1025338888290078,0.04247456669492402,0.17281566077255048,-0.08735611354752712,-0.09493142207487418,0.03388493360595463
744.0,-0.04698577344416116,-0.022982673611318283,-0.011402263907640677,-0.036982190768304765,-0.09529316343549689,0.0940148634777171,0.08960435871128752,-0.08792511577822615,0.02397688734590051,0.10523344538932902,-0.06167500613031582,0.03891840013248804,0.228930239531079,-0.10988664648149532,-0.05612499752809466,0.018953681554528486
745.0,0.003069574857185831,-0.0320249841995932,-0.0684207815590049,-0.025390422437194943,-0.11571446027632269,0.14010582617144282,0.12322698943242841,-0.08432784731936949,0.058525577836437116,0.12404275337370047,-0.013095468315966008,0.02540097630187885,0.2519865062292799,-0.13322614531011664,-0.02597561763457176,0.003238094045152406
746.0,0.05062849613043014,-0.04041365527034866,-0.10979193344771968,-0.013280343887249448,-0.12735233601577253,0.1693057167321249,0.12853681433670586,-0.06616523936224841,0.08354342306052531,0.13018045892775773,0.03603158254678232,0.005724777701655592,0.2307635981358211,-0.14703449252491246,-0.010805442876862179,-0.007483003100014969
747.0,0.08708262212886854,-0.051063317346583655,-0.12677347837943503,0.0005196441441849836,-0.1284711878756777,0.17412708115954276,0.10601050625998432,-0.04041780213553615,0.09771511701029013,0.1271978263649455,0.07784575639998864,-0.014641423263397343,0.16482241758941893,-0.14379310687884495,-0.01327880996461805,-0.011751794904928468
748.0,0.10866822306753549,-0.0656687810492584,-0.11971642120654034,0.01476978082283666,-0.11781195602704035,0.15336847780438478,0.06237640690472841,-0.015920451614663156,0.1028435105446792,0.11888081099430331,0.10615233364197296,-0.030347269205739623,0.06762966470147991,-0.12028459942386806,-0.030265260793910207,-0.011383252935879974
749.0,0.11546208618968297,-0.08384142001834798,-0.0978153503079175,0.025394816473092278,-0.09487707351948622,0.11204132977049681,0.009732031141349243,0.0010948838583660434,0.10058782131406203,0.10720645763455382,0.11909982274689292,-0.038002768484448425,-0.03516556277864382,-0.07741621234015883,-0.05406222423735351,-0.009281850547142454
750.0,0.10937112503850419,-0.1021625115459133,-0.0747970070609935,0.02726725301151928,-0.060771522919028056,0.059852232202101376,-0.03653038871934607,0.010160385967295515,0.09133845804343153,0.0927230946839642,0.12051663785931287,-0.03711083543303648,-0.11319916453848244,-0.01911126598525684,-0.07575460656691345,-0.00781203472147233
751.0,0.09256911005811198,-0.11403504716646141,-0.06215243214733848,0.017246257820573305,-0.01887995015273133,0.008737685971603685,-0.062006350392935894,0.01554770536084573,0.07492221769898771,0.07548795448309527,0.11815521179515313,-0.029419777782434892,-0.1428357112831081,0.04817424802289157,-0.088812774193196,-0.008853699566523297
752.0,0.06655860130796883,-0.1117109532213346,-0.06362597534517117,-0.0035840561115290034,0.025080257856009897,-0.02993689803887309,-0.05884642480408853,0.02170109178592704,0.0519482212904359,0.055429931370014306,0.11943605372915898,-0.017356874888806988,-0.11671797941368746,0.11519783031506589,-0.09161847049147853,-0.014959528335096022
753.0,0.03237845742455222,-0.0901570451216533,-0.07419789853150167,-0.029612397594309846,0.06428613906905532,-0.04823701155335861,-0.02927082365469311,0.029376524361330352,0.024452378537623387,0.03286729703837568,0.12764929620990567,-0.0030032293615036036,-0.045266812310597586,0.17107075563732335,-0.08693916263237299,-0.029262719111259203
754.0,-0.007727946138326844,-0.05042617603394374,-0.0837267452405127,-0.05236425701096164,0.09322483342638074,-0.04454716557949744,0.015426026303796428,0.03567255028046939,-0.004656706044445248,0.009304910059252656,0.1412993428578912,0.01170921284160909,0.04951476180757303,0.2066577391901788,-0.07722494605933623,-0.05305325531489781
755.0,-0.04834953583021393,-0.00019992537511333457,-0.08269123907841738,-0.06380264381437721,0.109756650014591,-0.02484536472211792,0.05979257302148466,0.036892921100004444,-0.032535281053588924,-0.012427361122841778,0.15663920340209364,0.02411031054002152,0.1422805576274871,0.2179085705889091,-0.05920690128829928,-0.08303623720606973
756.0,-0.08087460112508237,0.04887970353374779,-0.0668569799812176,-0.060146423765803037,0.11516637523683786,-0.00030433442975149905,0.09049736006068079,0.03128526354665655,-0.057145710610063245,-0.028948269175337278,0.17088334166433078,0.030602299939716877,0.2112736479479561,0.20648949456190188,-0.024094463606936827,-0.1110496427563777
757.0,-0.0965589173964995,0.08532124778764527,-0.038751374045974035,-0.04402031074297919,0.11202050982993096,0.01783389689537949,0.10091434885707354,0.020184964595933642,-0.07785203712636556,-0.03755219839945001,0.18319928285050158,0.02836176363869512,0.2436930467558411,0.1778170937752334,0.03452102762024227,-0.1271727503704612
758.0,-0.09102699992401728,0.10113796744037631,-0.0058028736707448885,-0.023173881028264516,0.10160556806878894,0.022912844680450246,0.09204701651798106,0.007509540734188721,-0.09533180842355875,-0.037490960647691474,0.1925676828357714,0.017961938087240736,0.23776230423420813,0.1388160667999962,0.11087212353076106,-0.12462143414947421
759.0,-0.06689938909175627,0.09365547852204407,0.023172429619536593,-0.006207418589563536,0.08323326274368324,0.014804732275753837,0.07031725363704013,-0.0020101254844516344,-0.11019168490376272,-0.03070429381793167,0.19467905193037835,0.004142748456866014,0.19980481263827005,0.09711482403544598,0.18453820352344155,-0.10310377408670147
760.0,-0.03264695487406047,0.06633486550304907,0.04111070619394788,0.002077061311765408,0.05569873484528865,-0.0012958815125752845,0.044384242662706595,-0.004818571068296552,-0.12107686141924284,-0.021507196535666476,0.18156242123988983,-0.006467146923318153,0.13908761675584244,0.061046080034370266,0.22885277729143189,-0.06838708914544678
761.0,0.0013131744827793962,0.028547203038636462,0.044447540576931024,0.002724743495289083,0.019360532694235506,-0.018115156901863747,0.022558303984175448,0.0003469663701113954,-0.12419811057640848,-0.015480659627535656,0.14560385483052274,-0.008809121023379827,0.0651939536270885,0.038699344181326166,0.22465081184516322,-0.029106042454571702
762.0,0.02649728064768984,-0.006966335451632316,0.03354236275638207,0.0009738913916043176,-0.02231789231449038,-0.029562687015937096,0.010836413219396646,0.012341375255689374,-0.11539511044207158,-0.017795827760534805,0.08562613042166875,-0.0013620798382343957,-0.011261070687060918,0.035570634538150306,0.1705528352574013,0.006399273839164851
763.0,0.038284853983926406,-0.028886849889474826,0.012401201405748389,0.0024854399942060537,-0.06250605492605558,-0.03288680352761424,0.01118476855655489,0.028000705914349906,-0.09331367166861443,-0.031041081249541573,0.010309086995355222,0.014178922341305512,-0.07792034946681752,0.052237997536246736,0.08449906116151698,0.03158337571345333
764.0,0.03619041941229735,-0.03167033830489134,-0.012049989128246775,0.010327067747625337,-0.09271722340967536,-0.029722526947945,0.02061649233448554,0.0428614895742615,-0.06085054468604078,-0.05360313127365427,-0.0642348735718604,0.034230377387654644,-0.12268765953439272,0.08373210303826946,-0.0037497008369045443,0.04198368153875872
765.0,0.0236205340213729,-0.01666843048116057,-0.03169004142427564,0.024479339821998902,-0.10580576169036596,-0.025616151247051543,0.03202706460318873,0.05248737347033816,-0.023964250237441625,-0.0798411131531639,-0.12126809867695335,0.054357304081352455,-0.13783432198475004,0.12103965262669553,-0.06515483694778786,0.035545956304230644
766.0,0.00732669502119001,0.01022232200348885,-0.039930200687467735,0.043172831834337316,-0.09839226741767859,-0.027576091377678677,0.03722717033206019,0.054087161957733214,0.010427813897582698,-0.10172515221261065,-0.14994532097549915,0.07016086993160588,-0.1234256420411453,0.15409850431212518,-0.0824065924392779,0.013456837032079196
767.0,-0.003991175818047485,0.042018734205343966,-0.03384649341405721,0.06392927440710486,-0.07171288026732837,-0.040853920973520065,0.03146041602398473,0.0473656062676402,0.03601569916358968,-0.11088804316251552,-0.14820899457863085,0.07850039432058206,-0.08749129511445587,0.17474895591137768,-0.05458304444645461,-0.01903699672068484
768.0,-0.0021892965544459725,0.07230444481517745,-0.014234306129372296,0.0833720746355401,-0.03105857280377681,-0.06699232139399888,0.016613926076594093,0.03436123155873541,0.04851954075856348,-0.10082877256163195,-0.12208754242024333,0.07855635515141733,-0.042566454716445754,0.17784474671671943,0.004735985085958652,-0.05310841240534803
769.0,0.017060937147564858,0.09458354590153008,0.015733429009162855,0.0971419785747282,0.015848755886529,-0.10360248990740695,-0.00010630428688569214,0.018947646501744773,0.04729283783733117,-0.06944540915385851,-0.0831075760266866,0.07207909944130829,-0.0006118602575078528,0.1609854141399367,0.07362128095959988,-0.07926109537504052
770.0,0.051540156317455926,0.10183998533426361,0.05150640636063671,0.10135315266972696,0.06097990787665367,-0.14485623254141078,-0.01154792052832163,0.005787347374789057,0.035607401026517445,-0.021457593045667456,-0.04499767708983604,0.06284044032489552,0.030787138216092087,0.1251952492589242,0.12964129762638768,-0.09147159734287812
771.0,0.09229653466261661,0.08840539159091919,0.08740796235354356,0.09484666725911896,0.09775653680897473,-0.1822781762898112,-0.015406610347343579,-0.002021798330552241,0.018184934301066432,0.03098449813399046,-0.019916440312189015,0.05529444579432343,0.04916989297783535,0.07642281660853169,0.15674725464139108,-0.08948700242665936
772.0,0.12681669736771994,0.05322162766698014,0.1169028955647881,0.0804191597750618,0.12199780727846657,-0.2066100375174017,-0.014465690871483793,-0.005281270106029362,-0.002507218354196091,0.07146414266790717,-0.014986244655699445,0.05235909959024207,0.055680863762910225,0.025203480618159496,0.14959185974762235,-0.0776686124028054
773.0,0.1439454947342002,0.002039931238143726,0.13309486975520726,0.06421661062666521,0.13214401188615127,-0.21121674715668182,-0.012771786711816065,-0.008208540569009595,-0.027569525041767438,0.08594126726938911,-0.030704603518647292,0.0531797237648532,0.05338526988621287,-0.016420035867798978,0.11471112374745361,-0.061431506380403386
774.0,0.1380197216050084,-0.05340161601388077,0.12939767546132117,0.053340382518187145,0.12894966107348063,-0.1953567318711112,-0.01158423474920946,-0.015022306436651686,-0.058957084872288484,0.06958124742081652,-0.06150005478543925,0.05273220033858266,0.04631379393749451,-0.03885934252627304,0.0676658612507275,-0.043590301958459934
775.0,0.11038214597296538,-0.09977226739758743,0.10145899821408255,0.05222162139593693,0.1148484276821465,-0.1644104193524775,-0.008450036366573682,-0.02674572606682677,-0.09549637288306827,0.029636412163806605,-0.09740057780236415,0.044302045228467604,0.038586118499614415,-0.037757256173290045,0.02629997943481739,-0.02262237410031075
776.0,0.06776274375138008,-0.12811889219193712,0.051066907524053656,0.059615740230217235,0.09306590387347162,-0.12667581231664324,0.00028069012761960016,-0.0406792116547283,-0.13177382872546492,-0.01762364423424988,-0.12665251249583592,0.023481584443916015,0.032731471097328595,-0.015211544263201785,0.0030135143856760897,0.006201747739832431
777.0,0.018935053403332857,-0.13764177282905024,-0.010435466481493787,0.06866382958923191,0.06655251082114665,-0.08961390597563597,0.015887132088890837,-0.05216382216832645,-0.1604741886972319,-0.05425867656569205,-0.1394462007592296,-0.00882977842853181,0.027547712822797398,0.02007449154836569,-6.459957212427879e-05,0.04702396084827515
778.0,-0.027925426409319876,-0.13489877198482886,-0.06353102624026619,0.07065824833866695,0.03738894566495795,-0.05806085498397193,0.03583395221280117,-0.05689327039322585,-0.1752957893470056,-0.06822049650675255,-0.13129484796711033,-0.04578690995738134,0.017787051662628547,0.054600911150951364,0.009386023118963497,0.09886627547986614
779.0,-0.06620631180354812,-0.1291617182932459,-0.08807693535675351,0.060289807889131145,0.0074478228999509555,-0.03425386920924498,0.05579685938360429,-0.05261099656482979,-0.17237142404863895,-0.05762454545610249,-0.10411752487689112,-0.07650023111928463,-0.002481552266292206,0.07500356839715142,0.019310439537914195,0.1535869589926859
780.0,-0.09099510368965448,-0.12685443002107172,-0.07345551531588199,0.038901221733586136,-0.020238699614919593,-0.018265996569652814,0.07288097646254911,-0.03985593321419088,-0.15074876866090361,-0.03047684064956402,-0.06489046657824317,-0.09019795274683562,-0.03502945894102954,0.07399975824566576,0.020268599168618676,0.19779075335980315
781.0,-0.09933272734720529,-0.12818969064658628,-0.02506614528507981,0.013697300817955822,-0.04120397448393682,-0.00816755881796223,0.08666396943598738,-0.021605498681563032,-0.11317370947387606,-0.0006554354319293248,-0.022993440949782628,-0.0810691638333918,-0.07557134694853808,0.05288271661373981,0.009620572521446057,0.21704734940494277
782.0,-0.0908757633725079,-0.12753245203836733,0.03770879892350673,-0.006313129867284289,-0.05130902587332814,4.6412721559809124e-05,0.09783172317411927,-0.001969894454242295,-0.06674703956073233,0.01785360339696787,0.013065123819836754,-0.05095098658524838,-0.11561961713776514,0.018926806454296917,-0.008514927540586973,0.2004873714289103
783.0,-0.06859801369568937,-0.11689619178576374,0.09140312880531701,-0.014909046612991654,-0.04934711724877134,0.012254776558465656,0.10653215223091349,0.015618320504853308,-0.021521625328533522,0.01619461271671587,0.038601966437940866,-0.008434981651210626,-0.1452056144727484,-0.019323391681136073,-0.025880347689927363,0.14535209926214768
784.0,-0.03861691122312319,-0.09042127217433113,0.1197104756898917,-0.01120907128131088,-0.038296926302779935,0.03424827767824551,0.11142945044429042,0.03023169130743875,0.013551062600751878,-0.006418156491806669,0.053371674358360016,0.034190688218566447,-0.15535006071784616,-0.05525102186924995,-0.03396509770760792,0.06055446759502119
785.0,-0.008577355169206864,-0.04757703966672723,0.11917076295955176,0.0006370868625345052,-0.024105066350299294,0.06765563889169528,0.10945009762185541,0.04407786766402263,0.03502139545034232,-0.04306889501829414,0.05901647257705987,0.06429823129231879,-0.14124905634165433,-0.08506942554047071,-0.028426743257821515,-0.03349302500389761
786.0,0.014808669569462455,0.005997606666447342,0.0974106274544656,0.013829280819216685,-0.012805241342377557,0.10709341632257673,0.09688283154608203,0.06059434573778498,0.046604450839107095,-0.08258124716676159,0.05585940212539707,0.07225485706709768,-0.1049449275972326,-0.10727550071740236,-0.011513963149391815,-0.11065366081370762
787.0,0.027596134221953096,0.06016889043650517,0.06693798535786659,0.02206896054421007,-0.00776067551891147,0.1421625969598368,0.07174670626827905,0.0809386596765243,0.056784818403645514,-0.11401236934029789,0.04259838160057731,0.054516675432015466,-0.05490985680579435,-0.12129770674022124,0.009857170927447772,-0.1487215750451645
788.0,0.028862020093076507,0.10392767565066757,0.038880915667390784,0.022027098274443057,-0.008336080535557405,0.16321725879601073,0.035259396910431624,0.10194278437287338,0.0734334919404258,-0.12978835951742304,0.01917675928244242,0.015155822842848657,-0.002762349960999465,-0.12648031279967334,0.028435464353565275,-0.13858717497465103
789.0,0.019973114396194258,0.12911643595015254,0.019476860641635577,0.013926926562931615,-0.010451856485166302,0.16640606702814972,-0.009109643618160324,0.11743442951919744,0.09850668849698921,-0.12682106559835793,-0.010558433181651937,-0.035291919535276176,0.04067841960511112,-0.1227003524655836,0.0394239251676905,-0.08833680703604307
790.0,0.003993889043445714,0.13221721361768252,0.009763671584058622,0.0005141348463812144,-0.009021829184803376,0.15492312168312147,-0.05751647297130647,0.12175389112996966,0.12629806602419552,-0.10628629115308919,-0.03923758119380681,-0.08334857271945886,0.06905587285844365,-0.11201098216644052,0.04099564862876382,-0.01970368051539803
791.0,-0.014707811092310324,0.11397189021535602,0.007515991158005688,-0.014233522096199254,-0.0013749760695814612,0.13653372337143332,-0.10652133922636178,0.11264658635970815,0.14649025524727197,-0.07264692361712255,-0.05898450597743106,-0.11706550889176279,0.08311438563267737,-0.09942346110212268,0.03425045256846404,0.04160631683377798
792.0,-0.03147690727244456,0.07811311089091919,0.00979646848232134,-0.026207236772313375,0.010556795594893757,0.11883404819039238,-0.15280575652727812,0.09157708070652247,0.14998791463247627,-0.032453672621068,-0.06517809923278534,-0.12972652341192187,0.08978100589150453,-0.0920261040725278,0.022914883793171435,0.07641686101551147
793.0,-0.04309278758234679,0.030162523680584766,0.01439892925928449,-0.03254340602227455,0.020991877207989108,0.10443504043204996,-0.19272366819426767,0.06188246314094495,0.13389884986302003,0.0067516327103483076,-0.05920597601161732,-0.12151626226376742,0.09677641667545447,-0.0965974316882411,0.011747114771441745,0.07814732579349896
794.0,-0.04890029644006612,-0.02327980917454519,0.0194879843044695,-0.03310082324787767,0.023253374885120935,0.08926343067954107,-0.22200267192323886,0.027023370537431778,0.10303501754996079,0.0380094781856323,-0.04828830978359811,-0.09875812065829628,0.10666148961510842,-0.11617020055156105,0.003911128834504759,0.05257511508197538
795.0,-0.05025768059949769,-0.07432089327503813,0.02225638338928056,-0.031106294208918528,0.012970554216617592,0.06604115272387683,-0.23576110435119757,-0.009341792141688132,0.06770276231602732,0.057532720381501916,-0.04151778517808404,-0.0710940533822795,0.11486681184623071,-0.1472305999683967,-0.0006018256666814301,0.012861427916604292
796.0,-0.04898173805634817,-0.11321294587076211,0.018382745069371938,-0.03208116064282929,-0.00960057518457862,0.03099232262869532,-0.229068575456444,-0.042012984619349075,0.03921405076942684,0.06703109336262163,-0.04424157106249392,-0.04762412722316497,0.11243941261880085,-0.17955465416888614,-0.0038687812010804387,-0.026740622616365436
797.0,-0.046308890111533385,-0.1295174818741841,0.0033494783778530222,-0.040861997292134265,-0.03877371295787365,-0.011584186867462865,-0.1981517081960118,-0.06382658889382056,0.025188983529133752,0.07321347088116219,-0.05448645238328663,-0.033552216182838816,0.09217810226858489,-0.19873579612848724,-0.007259065252028854,-0.055294583033164875
798.0,-0.04268488511441894,-0.11591754623074839,-0.02540751962546323,-0.05823398638446873,-0.06496313927031315,-0.05083049129227574,-0.1423876892966322,-0.06778422107685561,0.02697319058299968,0.08369346486632115,-0.06346942039058297,-0.02865824877099234,0.055731378701507406,-0.19050884824983283,-0.01009237444027495,-0.06682162071066727
799.0,-0.03756002569380191,-0.07232752651785489,-0.06683668219922509,-0.0799000047292745,-0.07848777511103383,-0.07555332232775941,-0.06677015582882825,-0.050855323401370445,0.04026319123656962,0.1019017774959557,-0.059633527824514636,-0.028009633126716647,0.01623883191124088,-0.14660447342006014,-0.011340823027799046,-0.06020322091674671
800.0,-0.029246075583211503,-0.00718597784368905,-0.11491505037066509,-0.09870476681731534,-0.0739645913647104,-0.08028954181949793,0.016720460978946066,-0.01668184913405013,0.05766865879699106,0.12457711069873996,-0.03431638997247944,-0.024673397943073067,-0.007915574462278243,-0.07035165335496488,-0.012150898727570584,-0.038263880491183594
801.0,-0.015844857278040206,0.06463345275962314,-0.1580515217546426,-0.10815289129717884,-0.05300717670808455,-0.06730503469252266,0.09083201242942286,0.02475121943707955,0.0713198168155326,0.14304500797954728,0.013347642612988531,-0.013446048086215205,-0.004393580788685289,0.022069406525800382,-0.016069177792284655,-0.006566661972143113
802.0,0.0029235547450711607,0.1260917204164549,-0.1816567327270589,-0.10509414129324789,-0.023750488109075627,-0.04382527070721712,0.1383819913492212,0.060451062462291726,0.07491400842580237,0.14688237438199975,0.07492226991167743,0.006441952228583878,0.025990608303276572,0.10692613203746917,-0.026821431079800364,0.02778830619149314
803.0,0.024538104558037035,0.1631986135892729,-0.17476572613788335,-0.09095131014989595,0.0026772951293690915,-0.016898572249160734,0.14908028264266115,0.07951449214257071,0.06536600079039803,0.12809543371576682,0.13589440746194792,0.031215485556896343,0.07038705025851152,0.16212524477246212,-0.04577174307219607,0.0578117029296452
804.0,0.04411131692744744,0.16926351389102512,-0.1370611499127133,-0.07123315469414764,0.016955773319766172,0.010378047229740454,0.12370737481307384,0.07777114158814519,0.04387899209213592,0.0848711744731883,0.18198957655942524,0.05441358950230793,0.10993576808000266,0.17548152334905864,-0.07089630729552134,0.07887932088305274
805.0,0.056166365451381345,0.146037865242016,-0.08087213061112716,-0.05316951923356053,0.01514029545937956,0.038786506122913594,0.0729740658943532,0.059259879226531344,0.015742937933422203,0.024058535005899096,0.20467970102579244,0.06906595397724315,0.12681889255122528,0.14893855016628885,-0.09773404153336976,0.09038710905231413
806.0,0.05699096281448216,0.10153590382828345,-0.026147705781579426,-0.04250354848250378,-0.0007436818915280778,0.06946039590482411,0.012352317011557276,0.033318134321367335,-0.01152960543206772,-0.03956878249758763,0.20259403420173688,0.06969850982619666,0.11069333902692995,0.09734736737300072,-0.12119143246688115,0.09525880403184767
807.0,0.0464424799276105,0.046349340296515974,0.008556736164652003,-0.04114748104094851,-0.024807629341971175,0.1000244592119325,-0.043533736951414194,0.009273629939065595,-0.030976142539501192,-0.08851864439715709,0.1790632017373928,0.0545768632428287,0.06265309624401082,0.04156207718018842,-0.13636496914238264,0.09720651149730561
808.0,0.027816394314873646,-0.009443169449109343,0.013847437670644492,-0.04655962982780284,-0.049862385626434746,0.12410942026387509,-0.08410857674308253,-0.007466705377707121,-0.03872263795714131,-0.10996801836667602,0.13934150283381697,0.027555791010028023,-0.005403296676975543,-0.0008863421824620652,-0.13804292439393154,0.09816647470681897
809.0,0.005693157492991819,-0.0579248218950632,-0.007420051707492721,-0.05299253861029509,-0.06857152701805382,0.13507698680389324,-0.1032860655183438,-0.016012501868548357,-0.03559928831384553,-0.10092789598937024,0.09013940795826206,-0.0022930005765190767,-0.07607235526330558,-0.021559232273137576,-0.12097401586256731,0.09875527778692225
810.0,-0.016201699131941777,-0.09414396775788486,-0.042042284738073615,-0.054416128521180454,-0.0740116532213059,0.13063563224211425,-0.09902034969533116,-0.01839754885787104,-0.026813980829886147,-0.06860881118060441,0.04020466895898004,-0.024085065283785234,-0.13369390734733233,-0.02093149738145599,-0.08282632293350979,0.10066854389154418
811.0,-0.03534089280408655,-0.11635487591752622,-0.07197528812370699,-0.047689976479541256,-0.06154152868974638,0.11420754248119652,-0.0736083520500284,-0.017745716341325754,-0.01888976429590523,-0.026324858737103145,-0.0008282245812642161,-0.029902219069404056,-0.16962540639961066,-0.00551206591248898,-0.02833652583237702,0.10670307444813007
812.0,-0.04973372970407014,-0.12521766982685945,-0.08143951457102036,-0.03383108121035234,-0.03161789604613829,0.0923075022959437,-0.03426072860001951,-0.017347170583378712,-0.015611259641232807,0.0128312030187475,-0.02578349686083342,-0.018104957880598016,-0.1833549105629328,0.01434161531072171,0.02949532073438571,0.11703424266427798
813.0,-0.05802267827987162,-0.12260800296209781,-0.06307437357246956,-0.016796523135338064,0.009063219581023005,0.07073394822535777,0.007791436575416307,-0.020739719400769296,-0.016339570873019772,0.04123668549575419,-0.0331650223373828,0.006449338265213974,-0.18049734260314731,0.026201087082868904,0.07381975453828493,0.12582540294257788
814.0,-0.060120322368336254,-0.11117835165406716,-0.020603368041052145,-0.0012037551655937086,0.04997448969306631,0.052445665426031005,0.04047278644284751,-0.03147998050997072,-0.01757133492026059,0.05829738445496977,-0.02748514181420565,0.03473044487073709,-0.16961428439767745,0.01855751073295893,0.0920032415758789,0.12282188434452883
815.0,-0.05659978296593118,-0.09407761784286783,0.033249757794787616,0.009579858129821725,0.08154944687974418,0.0374647380331532,0.05509611171215326,-0.05115407279506451,-0.015489706569256448,0.06816708695643627,-0.016124011645287727,0.05669133136677839,-0.1583767682653827,-0.015158544008983789,0.08178373320017494,0.09955830422757066
816.0,-0.04673142217383274,-0.0739329217669125,0.08230804711399292,0.014503061862268343,0.09883709567581819,0.023659212267709187,0.04923484332811631,-0.07682928017369312,-0.007727070420760028,0.07562126893347308,-0.005311350675833745,0.06394066240616698,-0.15006276546453307,-0.0733545219066682,0.05135744054442839,0.05494563828846438
817.0,-0.027764122643521297,-0.05202733845938492,0.1127923944598142,0.014735040819659947,0.10170689969025316,0.007964692460096956,0.02671240419385595,-0.10113387401953271,0.005618555585764947,0.08277849258548318,0.0014213922150842478,0.05174042415500672,-0.14313300723552316,-0.1457113965575253,0.014511999891335607,-0.004364188023553206
818.0,0.0026413519637764806,-0.028690751927028628,0.1171634224142583,0.012276336374850072,0.09288158960325872,-0.012079930802668866,-0.004665358797656158,-0.1155813515286825,0.021586633277507386,0.08825613311728578,0.0020709378545518656,0.020723825448315553,-0.13468041257839558,-0.2160104411134099,-0.014977640325275994,-0.06792122606028052
819.0,0.04265784257585148,-0.0041959509204101365,0.09562071999016024,0.008316260910174155,0.07642017384233282,-0.03742604125615121,-0.035947952574837995,-0.11406919985924668,0.03504911941435753,0.08819790712496914,-0.005067821476905707,-0.022029329407550462,-0.1240251180658909,-0.2672983572486625,-0.027430322765597988,-0.12531286651435097
820.0,0.0849392222129659,0.020604594757283375,0.05550387232400613,0.002921510471093988,0.05732097480591179,-0.06777143074553689,-0.059666177077956024,-0.09433220476433055,0.04088532486866517,0.07802547432569959,-0.021040684733846463,-0.06411418484850903,-0.11227840235017729,-0.2871292313997107,-0.020076762121363285,-0.16795907609506328
821.0,0.11912788141191186,0.043781898680798445,0.008515447241448397,-0.003893865067517087,0.04105680464661567,-0.10214056706842561,-0.07191682439773743,-0.05847877466062054,0.036771001143653316,0.0547701365883674,-0.044900297520817395,-0.09206998652214152,-0.09868893339692449,-0.2708317851628848,0.002044537319749583,-0.1901780549805999
822.0,0.13617155340099396,0.062423351650036624,-0.03390604391206176,-0.011341461240497359,0.03212382689970101,-0.13871912918345478,-0.07273552581164015,-0.013795563373271978,0.024331776280227112,0.019719484817584464,-0.07261664636152043,-0.0969692363788332,-0.07871655983396657,-0.2219033263866223,0.0286852971914924,-0.19040474695802304
823.0,0.13165135425916136,0.07378532190787054,-0.06526261704090108,-0.018243027334305606,0.03210385971542544,-0.17347942727181795,-0.06456096568278709,0.02777473746753735,0.007469419482178792,-0.02026799232188077,-0.097358223120989,-0.0777638314947353,-0.04697108149023179,-0.1501761119628602,0.049673034634378846,-0.17177893536370528
824.0,0.10720979918418105,0.07659578295982561,-0.08578293032832728,-0.02381156374031699,0.03868894385987602,-0.1983462707341802,-0.050603270063135905,0.05340054346309176,-0.010528448495985467,-0.05466595629981451,-0.111734622761652,-0.04062444921422859,-0.002768806908821791,-0.06906135000498073,0.05958360529273159,-0.14089348965170923
825.0,0.07026887378477936,0.0715939075446312,-0.09973298293865952,-0.02772073600857091,0.04662103883229317,-0.20156309991355628,-0.03401996172784756,0.05493930252137716,-0.028533825182188895,-0.07421284265857661,-0.11109761086240816,0.004518094403765601,0.046887382887609526,0.007633025642989544,0.05901581194028373,-0.10467129148483195
826.0,0.03176305193547795,0.061438751606928015,-0.11028881598955058,-0.02943570939927599,0.049963706481948034,-0.17275353715884434,-0.017064082959604238,0.032532948407848754,-0.047066585578690236,-0.07584418203163645,-0.09569914371736006,0.047915343912322945,0.08981959990107968,0.06904610641763392,0.05238991216918306,-0.06738616217696068
827.0,0.0018822624190599074,0.05000315417523615,-0.11617451536787382,-0.027517615993421767,0.04436875559076324,-0.11079559781327261,-0.00020159357379324032,-0.00591883781761212,-0.06695676070872919,-0.06394230605627566,-0.06993038878706097,0.08247147803254747,0.1146485411059275,0.10967415006167126,0.04464866688646906,-0.03019460835895945
828.0,-0.014426079730895497,0.04080787161904186,-0.11236481507000272,-0.019582907484982703,0.028560602888398925,-0.028243796597310116,0.017624077736687466,-0.048536754893583195,-0.0883188225253625,-0.04694182750524086,-0.039460812464295905,0.10394845401801422,0.1156975174127145,0.12987121852282577,0.039010007433815205,0.0065893840211395
829.0,-0.019269916445057118,0.03525755062155889,-0.09357800005425777,-0.003246129580804551,0.00459406540786114,0.052167203765038396,0.03745972782551585,-0.08410503998825095,-0.10986401735913907,-0.0320628002032602,-0.009286009299958793,0.11010017525408038,0.09461769311233004,0.13456382846344264,0.03582489212269931,0.04062100508759061
830.0,-0.01948721545654717,0.03203765976088415,-0.057788116428092014,0.022205463299151112,-0.023508367914493608,0.10694087474920183,0.05926589188837965,-0.105146231514087,-0.1281921995310815,-0.022193012596571287,0.01581590747787847,0.10064707848898695,0.05981751204918979,0.1308533376908027,0.03240588322458605,0.06692613928822375
831.0,-0.02190164596325556,0.028357059106619543,-0.008017203984691615,0.054253235988255114,-0.05191344344646351,0.1212429297456345,0.08246314567283462,-0.10844495468537496,-0.13769045632633106,-0.016726545742441198,0.030257721544412818,0.07817842042018296,0.024591012922525593,0.12522504387987943,0.02493049261488056,0.08045868121519727
832.0,-0.0295095458765523,0.02241669827746336,0.04776418504728811,0.08673522280031928,-0.07795314681540617,0.093829774016774,0.10663578452422942,-0.09416261598572755,-0.13255371110064926,-0.014663341718518767,0.028528239256394465,0.0484111174924733,0.0031827923968563853,0.12148678808748027,0.012024416398371877,0.07924541591926151
833.0,-0.04064559798970415,0.015379834676971554,0.09848884481842547,0.11123565075078623,-0.09936908129736455,0.03644552514588658,0.1305656086099886,-0.06498397316815128,-0.11042628586026533,-0.016725818516941313,0.008040632056816122,0.01887225408826319,0.004650727759577914,0.12053816663971376,-0.0033353542923759793,0.0651028045894839
834.0,-0.05074411935919803,0.011053254075683106,0.13382986315627288,0.12003051148206564,-0.11358591452435754,-0.031093870265430337,0.15038793742087767,-0.02544031079066045,-0.07413993657961283,-0.02486674287050012,-0.028113945847094028,-0.003495110313391583,0.02708081095185994,0.12182142338366692,-0.016235900123281657,0.042143642779968765
835.0,-0.05497375693728929,0.01327704223755323,0.1489174554851546,0.10933298786075915,-0.11844564497950877,-0.0879729557700433,0.159185872998958,0.019008200894502846,-0.029588681011749836,-0.04003992288086356,-0.07038582367013231,-0.014575539567783584,0.05665925486808787,0.12515165721540839,-0.02490522944544113,0.015209564315791927
836.0,-0.050325871404105424,0.023075966913877064,0.1465223306134739,0.08124609465322453,-0.11361257452331344,-0.11895774107186348,0.1492893103062798,0.06310198292262552,0.017466037054074148,-0.060095238849532016,-0.10462511865134558,-0.013843368097379476,0.07385017267675595,0.13141689456559486,-0.03376308543927969,-0.010915978674565644
837.0,-0.03667885700350697,0.037560464888871825,0.1343214997669538,0.04335078084151456,-0.10104399113901108,-0.11809986833878945,0.11647032782230735,0.10241397061202667,0.062374439663926334,-0.07949881972562732,-0.11622536434557054,-0.003171571705028721,0.063205020395671,0.14121893781311842,-0.051348268347507504,-0.03206117863594898
838.0,-0.016905352298530837,0.051077418301875045,0.11938140379475445,0.0059261431731069195,-0.084112176466168,-0.08884914384419867,0.06358341651220052,0.13276087104908424,0.10106416697057184,-0.09154082292379823,-0.09523355675509107,0.015010725841564399,0.020737949049707577,0.15253834847278483,-0.0846278829589448,-0.04540828443348289
839.0,0.0036740976701572212,0.05800988638326582,0.104471467522096,-0.021854777193201093,-0.06602231936116054,-0.041734741424502494,0.0014097153968986498,0.1491005648313824,0.13013447513304885,-0.09156877624713185,-0.04061702310276493,0.03820880844488384,-0.04416054749405106,0.16043244657267927,-0.13363890930824163,-0.05023186045495619
840.0,0.018289449794336245,0.05596209037003437,0.08840919937688818,-0.03480753636965623,-0.04834182407684775,0.009195526450324185,-0.053846388885924766,0.1459251977123656,0.14732074074554236,-0.07874432220982197,0.03782883932731876,0.06275150706961083,-0.1117822391776133,0.1599491791423419,-0.18929646793970278,-0.04829465008909481
841.0,0.020544232651665252,0.047592482317250905,0.06878997221431052,-0.03265770434976603,-0.030750873104740003,0.050758702429473807,-0.0857585665965333,0.12000516098075685,0.15112569752099989,-0.05545110360970237,0.1210447399553559,0.0830413232860379,-0.15859770681984636,0.1494956410708304,-0.235774613355798,-0.043612872282863556
842.0,0.0071114230094130315,0.03949506850498738,0.04449549699794701,-0.01912709584584117,-0.012632037666493628,0.0747231527434637,-0.0841463799219132,0.07359766855940549,0.14012366909755064,-0.02563521405977918,0.18609036370181986,0.0928748830714198,-0.16537409517990062,0.13153886890520214,-0.2571265998720562,-0.04121347763633801
843.0,-0.020259948390161823,0.03800766662665073,0.016980787936613898,0.0003328005554525687,0.004921091966381956,0.07961096718618256,-0.049809045369447774,0.015332278549310444,0.11317953482556287,0.006344650903478538,0.2139834771109209,0.08820465319534898,-0.12465133194595197,0.11074520635291217,-0.24442602028619745,-0.044990059949421596
844.0,-0.05523813728840275,0.044447632420408084,-0.009500109297684668,0.021275017789996492,0.018864338973487743,0.06955380713988692,0.005804535101522249,-0.04190812159559674,0.07084297565063334,0.036112197809918596,0.1970385196638106,0.06921623815440518,-0.044637917086271246,0.09170134956981582,-0.19871309745468588,-0.05574697169632828
845.0,-0.08949552771421793,0.05334150163818489,-0.028567520059990255,0.0418841214596284,0.025971651318842354,0.05182868435620357,0.06567771542927495,-0.0846952177822555,0.017175687332653268,0.05973713844536439,0.14234179405692943,0.04030142477115549,0.05348104869081154,0.07746673145200837,-0.12896892043262295,-0.07058211247737266
846.0,-0.1154081815769977,0.05486266929593068,-0.03331472982526845,0.0623031973876442,0.025019662985660517,0.03470835002943919,0.11300531455465833,-0.10298536703948404,-0.03944817416049354,0.07454856468775055,0.06900923309234802,0.008124923225295407,0.14468196187042942,0.06882432077926372,-0.04805869392548734,-0.08384629677621347
847.0,-0.12790769227106755,0.03975572001227926,-0.01888281165626545,0.08228304492951452,0.018021898726412012,0.02519077502391057,0.13524830298378074,-0.09325881424240838,-0.08790170429437269,0.07960390800281826,-0.00018466285525702873,-0.02098399492717688,0.2102727454000968,0.06437225196997745,0.03100132494210208,-0.08926764179054393
848.0,-0.1256425092786798,0.00442465132414437,0.014288084898574126,0.09930719088098527,0.010112588608378815,0.02613986768932719,0.12742421160631806,-0.05946018549390448,-0.1179989644018969,0.07553486521294793,-0.04833850395855501,-0.042976963914328044,0.2427888687592713,0.0619552126676389,0.09792716853371763,-0.08222653826001983
849.0,-0.1110290877304653,-0.04590684311637566,0.05793686276434277,0.10888452596184621,0.007953224646310729,0.034836386786334925,0.09433769802975958,-0.01104975625270729,-0.12429362401721117,0.06436782171263802,-0.06956223173003721,-0.05671911027391975,0.24455242523229323,0.060401716397193425,0.14647786717891903,-0.0609183711258069
850.0,-0.08854261368439124,-0.09793036930223599,0.09667730188243441,0.10672008055557762,0.01661587743084831,0.04500548614298411,0.04880568825644028,0.04036944628032622,-0.10755707243106372,0.0495254880811168,-0.06783946473097505,-0.06351535098009804,0.22320685400448612,0.05944343165437844,0.17343796805486064,-0.026801765479765947
851.0,-0.0619959250632705,-0.1350971245266477,0.1133569227346385,0.09116695107913021,0.03598612766201341,0.05097747368114927,0.00552623975115902,0.0835527374379484,-0.07323982661646289,0.035388066005934624,-0.05239825063107726,-0.066055619139042,0.18724769666514932,0.05779384100358151,0.1767385020768836,0.014518400746654385
852.0,-0.03273268056362738,-0.14423539978012065,0.09720791555686074,0.06468485970953058,0.059294690681763663,0.050598097496993566,-0.02518913443345102,0.1088519045739836,-0.028648868332651803,0.025995589066768694,-0.03318056654777043,-0.06728838702188487,0.1432493416061732,0.052127879342472205,0.15525352343758397,0.05335061610130165
853.0,-1.2943782549715759e-05,-0.12068616373778486,0.050182526409180826,0.033593369584459146,0.07592341638434509,0.04498949334787928,-0.04017222823870537,0.10965810022543687,0.018961807787700534,0.023274308858391837,-0.017895536799841558,-0.0695074592942019,0.09552640055949785,0.038784527293874035,0.11044411600827524,0.07882701074872557
854.0,0.03687447886866242,-0.06971983951408814,-0.012727796369076597,0.005714687957291783,0.07721011099142895,0.03564432017568657,-0.042774706329086816,0.0846967025910342,0.06284485084430909,0.025685915211656578,-0.01075777860415847,-0.07362567735825865,0.04739144821626594,0.016492199325087793,0.04796319779386247,0.08329017315555362
855.0,0.07631131781984929,-0.004209800731336513,-0.06972655794073772,-0.013156097923052544,0.06098129761178418,0.021102410438969182,-0.04045054373123581,0.03977014959274968,0.09683966239716808,0.028470398382233683,-0.012387344405537841,-0.07888086206550014,0.0023269217795585917,-0.012552163680439873,-0.022195253068709,0.06541108443621564
856.0,0.11316413242789496,0.059752273912771665,-0.1013240338870559,-0.021480998606549742,0.03176204516675018,-0.003653268848963868,-0.04158964790469545,-0.013122575730250718,0.11622946133182062,0.026280902079307583,-0.019983205094195614,-0.08333188080453931,-0.03613206144392505,-0.04351097662638367,-0.08736468675197048,0.03090634385403296
857.0,0.13946972517250214,0.10773707846064845,-0.09758742435071843,-0.021347835724126768,-0.0023303914778155113,-0.04356607115491196,-0.05238240215558221,-0.05978192948969597,0.11896811185092579,0.017081790946096794,-0.027901692557651656,-0.08485282345066832,-0.06548858700643827,-0.07028748077998923,-0.13492611495468457,-0.00907229541767416
858.0,0.14734826617742247,0.13116124368420914,-0.06125785928729617,-0.01623586786495814,-0.0327763190405858,-0.09771467809778672,-0.07429308578189874,-0.08887241927416745,0.10578468548829963,0.004152155833529394,-0.029557545248601835,-0.08230775548409681,-0.0844234719758081,-0.08695761127361343,-0.15461317149828413,-0.041347735126860054
859.0,0.13326275897450296,0.12908841180157446,-0.0067143905316329995,-0.009482073833951924,-0.05224079040718411,-0.1557085065170199,-0.10258272773921653,-0.09530540766595555,0.0791828253380273,-0.005878116586453985,-0.020213935646412592,-0.07666158482513011,-0.09108602051915439,-0.08955216507716478,-0.14021201795330873,-0.05486725050230462
860.0,0.10111145522449781,0.1068048285093408,0.04515855252994038,-0.003834984781929508,-0.05562102879629141,-0.19994567664162993,-0.1267613506456777,-0.08096734636609994,0.04311853820276942,-0.00729674725636731,0.0008717566162321845,-0.07094698449019543,-0.08152277486469281,-0.0775884327216241,-0.09181699389037425,-0.04437352046819692
861.0,0.06182006965793216,0.07295599439755018,0.07535798406812506,-0.0009236929692523838,-0.04184442892382661,-0.21367321116316695,-0.13376997964453158,-0.05338290930534435,0.0037537126092297727,0.0016588734890747021,0.029584363849663665,-0.06851377188292142,-0.05094490917367701,-0.05399693300201585,-0.018608093843550617,-0.012500380244557931
862.0,0.029203408225301274,0.03749898440749132,0.07509946270335675,-0.0004436806944071657,-0.01532208200280826,-0.189715570272522,-0.11333001917477344,-0.02296707969695084,-0.030662231362781095,0.018519887350468524,0.057318985196713926,-0.0708816756279018,0.0016283294969858782,-0.023431565019939798,0.06050776389402367,0.030859801692565813
863.0,0.014157690614450357,0.009927850838189556,0.0499779845262452,-7.561197993576924e-05,0.015218097286768638,-0.13366456359906104,-0.06320805427081215,0.0003792054225987865,-0.05192101710951624,0.03783141260277285,0.07311512118947244,-0.07665087185212918,0.06828056309078162,0.009325755178155926,0.12191120693587822,0.07240880847824407
864.0,0.020412456019589555,-0.0036903555059528046,0.01747034534847974,0.003360425183903914,0.04066787780881497,-0.06041443258360186,0.008536019871476045,0.010228213347165718,-0.054543320615436,0.052701850311204765,0.06777412320042837,-0.08156314038476019,0.13197693208735412,0.039654043702868576,0.1477311671322508,0.10093189259157606
865.0,0.04383395889017645,-0.003289474022715865,-0.0019395587202306684,0.012110078054958352,0.05560351986962515,0.01193643880982657,0.0858929759520519,0.005351389438017528,-0.037360981094121046,0.05683847270597508,0.03815326812936641,-0.07951956737683048,0.17364285473809896,0.06284541105960456,0.13541650722881302,0.11121594406302539
866.0,0.07444077611383786,0.0059923877157331586,0.0040083449703028715,0.026019966290858267,0.05972507827768839,0.06728875749536255,0.150617108949372,-0.010299278192310789,-0.00413467372258004,0.04697455063783209,-0.011068454499799497,-0.06493450275051289,0.18187653578409632,0.07467489073092652,0.09905538366303103,0.10424137502306866
867.0,0.09940240875411491,0.017555170330070324,0.032198289104391487,0.04202783696218959,0.05636646768949382,0.09562617282897969,0.18817948750634617,-0.029737042983735675,0.03637185880813524,0.02438718545132725,-0.06866562016128656,-0.03606706528249995,0.15774177198311595,0.07257812569643206,0.06145029747666677,0.08432483511620148
868.0,0.10696956745248534,0.02642428123239547,0.06561159232530574,0.054609305319200496,0.05000893614407971,0.096092123311031,0.1912509790003868,-0.04644376651250274,0.07181603857314658,-0.0054788899206371635,-0.11947791637004464,0.002874220909099703,0.11158685936706451,0.05614323901652986,0.042793101935349444,0.055881882178750265
869.0,0.091437557850351,0.02955584147160507,0.08281583246826663,0.056939597176506006,0.0445666434144578,0.0771224664121184,0.16018700665778318,-0.05705861583221341,0.08994270916883845,-0.03494416869364186,-0.14785018980666867,0.043066135737705936,0.05514262185466345,0.026678311928860218,0.05245929420558869,0.022196935898276773
870.0,0.056522760912852965,0.024781131851885276,0.06958377267819597,0.0429099221390884,0.042431765360527465,0.05238292045069987,0.10207819308648396,-0.06142619656780052,0.0828371497706423,-0.056804106451293995,-0.14280163675027646,0.07532740606521467,-0.004385832211548931,-0.013172592108213175,0.0862615556866109,-0.013680977344998119
871.0,0.01383677875652981,0.010742877931319861,0.025309382117911883,0.01005366540659849,0.043620063926877096,0.03478412192588567,0.029581662902835558,-0.06039120532415068,0.04914873753728628,-0.06706667512882503,-0.10334789599985302,0.09421537699547754,-0.06350041299849969,-0.05926360336596112,0.12848581239422466,-0.047735832747716686
872.0,-0.023068468676862883,-0.012097528483301907,-0.03863803666330403,-0.037948184868410006,0.045501818640242754,0.0322299393610961,-0.04156749197804385,-0.05382800534752739,-0.006336692793837447,-0.06640931235262194,-0.040106018943962166,0.09940748250319884,-0.11765655786455557,-0.10592986376830811,0.15833979269764517,-0.07489440053292502
873.0,-0.04497751860129656,-0.041197843245085734,-0.10569464790109893,-0.09148265325352356,0.04406471394393912,0.04630634900267951,-0.09760890210571267,-0.04102232776421911,-0.07457887250178376,-0.05931103551233024,0.028153134070474015,0.09435622897209933,-0.15995239138512407,-0.14706494296635578,0.16011211655638574,-0.08992926789562734
874.0,-0.05000127934726139,-0.0731371363902754,-0.16116212508227262,-0.13856303216691773,0.03621627437418253,0.07254556543851255,-0.1324007419427806,-0.022837147887782665,-0.14426620084464434,-0.05144338219303719,0.0809010012999221,0.08351046285940983,-0.1851029994890328,-0.17821535946416953,0.13247314371500996,-0.08863696405608809
875.0,-0.04275607561844621,-0.10467585529879372,-0.1959811179116235,-0.16938846537066102,0.021393870008123348,0.10177563295531175,-0.14938527161082607,-0.0031382999221527407,-0.20292867501061682,-0.04667640417839796,0.10291039985012172,0.06959926689825152,-0.19309994499883282,-0.19824234267502983,0.08958601324189348,-0.06918095396046631
876.0,-0.031402787218344955,-0.13219453914295576,-0.20641085566055697,-0.17891166975848508,0.0014946499590864093,0.12374767660849134,-0.15779595766673907,0.012368058083002818,-0.23759200369807032,-0.045036591708382215,0.08999717631928814,0.052898351427341235,-0.18828913796686367,-0.2088853157153032,0.05193006404807795,-0.033872420401326625
877.0,-0.024293226663859288,-0.15104123065348893,-0.19176280200539142,-0.16659023864652753,-0.020188121345348527,0.13198652279561074,-0.1659757138063788,0.0193451165169363,-0.23718799882842034,-0.04327850110920551,0.05046828780366575,0.03318149256028805,-0.1756136626841882,-0.21232351723129708,0.03424624318092117,0.009540656339418212
878.0,-0.027196458896688855,-0.15748094614864205,-0.1530567116660601,-0.13476330750986132,-0.03986155636191395,0.1260571831994224,-0.17697257721517354,0.017596679333536758,-0.19779444935590682,-0.0383082439694513,0.00035978045148968415,0.012271599722654345,-0.15754860006599591,-0.2088532328456814,0.03972673658101276,0.049267970577203286
879.0,-0.041482320065689374,-0.15228454962324064,-0.09359997333132547,-0.08749093057927369,-0.053793722529754194,0.10978956661119865,-0.1887419017897006,0.011190455823466363,-0.12752615063935072,-0.03055899094758136,-0.04507958538787554,-0.0054070770111534425,-0.133355366912329,-0.1966039101321663,0.061925270707777966,0.07415064421737783
880.0,-0.06346999930840427,-0.14161450910313364,-0.02055194482676948,-0.030412281826803216,-0.05913774410244292,0.08799159350807209,-0.19716447482114946,0.005959931521296915,-0.04581649603104332,-0.0240845894143044,-0.07757485999311726,-0.014547904160402258,-0.10093658413072275,-0.1733120483654488,0.08992217056605797,0.07879377338457871
881.0,-0.08548912410935877,-0.13315081391927924,0.054074803839761654,0.029172529368795424,-0.05518165422715602,0.06464028645449497,-0.19880219109717004,0.006464667335001128,0.024368149098987504,-0.023545306808987563,-0.09549746787627743,-0.011402058537088953,-0.060252236522985315,-0.13867734938231044,0.11314291307534549,0.0654006861496186
882.0,-0.09881967475725682,-0.1304762330605306,0.11447879886111992,0.08292372999632107,-0.044017050015910435,0.0434580906292709,-0.19167274304347803,0.014423566495841452,0.06661765176244874,-0.030924943078590526,-0.09940171319569122,0.004441011534953303,-0.015679039984746797,-0.09545034472015455,0.12445640722281627,0.04123552499445736
883.0,-0.09702953656293295,-0.1306921794190372,0.14508066856432517,0.12281155043225592,-0.029280106995908016,0.029274782544711875,-0.1745455577074419,0.0288376339055265,0.07686249103740841,-0.04415702978277703,-0.08926600461874379,0.029344542831213443,0.024292457993112585,-0.048622294744834815,0.12092478950718182,0.013970087107890067
884.0,-0.07772222705684857,-0.12726257034761265,0.1364219639001696,0.14242102063529669,-0.013613145662532362,0.02748508141860912,-0.1464300310926354,0.046769698835364575,0.06252542068942839,-0.05780593869397068,-0.0653879928187624,0.05602039593821894,0.04928365143944636,-0.004225688179942717,0.1031622532236851,-0.011627402623962602
885.0,-0.04255104990545962,-0.11514082210383342,0.08966354561284991,0.13798715369912415,0.0024634054882262083,0.04119862437374627,-0.10688972403205632,0.06395091243681335,0.03761307915643198,-0.06506134607957618,-0.03006667319162225,0.07541096841217841,0.050473869546416604,0.031120845466050578,0.07542530396728123,-0.03380135066980203
886.0,0.00318996582285302,-0.09360398278422462,0.016765334750075186,0.10984620910396396,0.019121447887756327,0.06844270688002281,-0.056724657409305025,0.07518881233358048,0.017042589199805662,-0.06043713102132491,0.012238304047864352,0.08016469654685279,0.024737009171338965,0.051294712772571145,0.04618667602944287,-0.05189399443300743
887.0,0.05101719297097566,-0.06553485254724713,-0.06337954962098499,0.06377376971945312,0.03506520383211083,0.10119522203086849,0.0007971110224120636,0.07524428107349268,0.011787649714829618,-0.04228688025057019,0.0558428118572156,0.06819466482966599,-0.022891274268535957,0.05327688759970997,0.026239068447095282,-0.06508750287780009
888.0,0.09069218945832139,-0.03541166137015818,-0.130428455855795,0.010040167697729644,0.04667775929062486,0.1263719249716742,0.05835873398732075,0.06052338862492072,0.025554815278890752,-0.013920332615980866,0.09493879444542769,0.04371799891844013,-0.08035496646388976,0.03926229576622067,0.0232887248950658,-0.07277969032638996
889.0,0.11311489741088275,-0.007976033655232662,-0.16786068585440772,-0.04029994967884341,0.04898530090872647,0.12881906757559897,0.1050311633693537,0.03067758283768072,0.05394038585924116,0.017258700797161006,0.12430538841441324,0.014737564310591776,-0.13204309802418795,0.01613234118869967,0.03627559120719763,-0.07530678050844958
890.0,0.11370537764995838,0.01252843823446381,-0.16699375722926893,-0.07936688319721287,0.038058970485635724,0.09667371926542578,0.1304460466792335,-0.010920337842628044,0.08691571909889838,0.04229652925893123,0.13928410860934567,-0.011192911187856468,-0.1626703865893099,-0.0073881598099934855,0.05406116533672498,-0.07411494042387728
891.0,0.09438832735253667,0.02330177903794131,-0.12875438086781146,-0.1041647472551561,0.013728003429910037,0.02819383164236642,0.1304174346917708,-0.057589239929481874,0.11368789949918681,0.05415937790313255,0.13586581985912954,-0.030036086365337403,-0.16150526173249133,-0.02417001707653883,0.060667417431101205,-0.07166104998437078
892.0,0.06265052612165968,0.02425679251470938,-0.06316408764330424,-0.11572632745200227,-0.0191064143370287,-0.06379928421122603,0.10998006278707743,-0.10012349755125641,0.12679916113865616,0.05086477213848006,0.11241086665126782,-0.041675928130214195,-0.12658391759747775,-0.031063021429728766,0.044719756020840384,-0.07058717322044095
893.0,0.028082218933260912,0.019058972488747196,0.012519043822703897,-0.11678852447901202,-0.05158716245815283,-0.15443017266201786,0.0820096767648467,-0.12847943229736689,0.1229743725516626,0.036662630951454216,0.0727593587537834,-0.04822098997943168,-0.06644714136864674,-0.029238779480669254,0.0071289823878829955,-0.07150997367866403
894.0,-0.001303514436671548,0.014802740523862398,0.07698635242672415,-0.1095657201721621,-0.07415290865216374,-0.21648610169320304,0.062207421907030234,-0.13494391998554167,0.10136017746380509,0.020267905059754305,0.027742669383464234,-0.05195302027391884,0.002831121815890595,-0.022771150406884363,-0.038443737368414214,-0.07109581003655766
895.0,-0.020943141647311554,0.01945568689416283,0.11023288682262433,-0.09517126326077731,-0.08067764252698893,-0.23232783169020646,0.062493146825270615,-0.11765825593226235,0.0618960888385433,0.010705560679015041,-0.008236653452950283,-0.05430443375896637,0.06397641763668199,-0.016746870626189528,-0.07343136775315078,-0.06300817825901717
896.0,-0.02959833147324327,0.037944357711846365,0.10027404440828967,-0.07495277193140244,-0.07150041589409396,-0.20133525963787427,0.08558239353268274,-0.0820503569648836,0.006086334966027266,0.013013625077767953,-0.024697822064645752,-0.055653415820216656,0.1043421953689322,-0.01590512221356642,-0.08621540686280946,-0.04139725981263335
897.0,-0.028608816191399416,0.06912633737720468,0.048293653685982756,-0.05215235318884696,-0.05343333505678916,-0.13886773008185527,0.1235617798960839,-0.038792335136949435,-0.060055823046167064,0.026496267663279918,-0.020775382565948786,-0.055070113427925144,0.11886203132935805,-0.023718051558792135,-0.08014365087890521,-0.004369695502944993
898.0,-0.021742563274645334,0.10512350859489969,-0.030705643939774457,-0.032068411539575035,-0.03652148044155783,-0.06803671559387968,0.1612523207731838,0.0006596215539598444,-0.12399187994629035,0.04632830917242447,-0.004110556617888529,-0.05066442830472058,0.11007566013393559,-0.04124361732897317,-0.07158275839634838,0.04398959593716282
899.0,-0.015083872471786759,0.13342198786088796,-0.1127906795560147,-0.02020514471563824,-0.029130818384102267,-0.009817118036164254,0.1824176807224677,0.028685119816041386,-0.16877474414228244,0.06657539492937789,0.01572888124091622,-0.041531727247851855,0.08591570685396342,-0.06549288567855213,-0.07910669660377867,0.0935855463890992
900.0,-0.015465775620044638,0.14186143086061473,-0.1736310440068287,-0.01920540191854799,-0.033667421950247856,0.023110765700792624,0.17622672588098126,0.0443724630190802,-0.17940758537903514,0.08215148660343966,0.03323032912353917,-0.02969427810028498,0.056446424275095254,-0.08836480136824604,-0.11146600565940566,0.1310637023220228
901.0,-0.02731705231848492,0.12493897254966996,-0.19650835940177458,-0.02649334549350283,-0.045343856162034214,0.027014785820157754,0.14185517211786688,0.05330033800002522,-0.15043372308769218,0.08918011212629483,0.047627779297167876,-0.019448686794478965,0.03127065699106801,-0.09830570006326132,-0.16190606375112504,0.1445725241435
902.0,-0.04972013897132627,0.08759799839053795,-0.17645423679375546,-0.03488638130548564,-0.055081193280817585,0.004204109026561236,0.08911082589335191,0.06383620814592286,-0.09015929017471844,0.08509927718621332,0.05910527859440835,-0.014226747625545448,0.018526613199562142,-0.08538860382265802,-0.21140651149523396,0.12801404568907437
903.0,-0.07600251797160804,0.04342740065075867,-0.12023019480570077,-0.03663959669837556,-0.054533574857309974,-0.03995860655118685,0.034056383243489634,0.08157228874282507,-0.017738390531929247,0.06964262333325066,0.06510064500735553,-0.013595636748407924,0.024565097967373325,-0.04715059912683476,-0.23852957292346463,0.08335063076793126
904.0,-0.0966850877346022,0.00781312390831574,-0.043824428056626015,-0.028514099525992584,-0.03969032763821628,-0.09782059057648176,-0.008493510975999739,0.10526528871994392,0.04614627558661577,0.0460599903014033,0.06011790163865255,-0.01301439133854999,0.0526274892455233,0.008639879336419187,-0.2305583474702222,0.020895523983556
905.0,-0.10399225992567539,-0.009734947992677937,0.031427302901357555,-0.014279341098005077,-0.01173593733254521,-0.1585182700753906,-0.03144724926936371,0.12686232822677496,0.08909921112261295,0.020922284471523563,0.03896703472020999,-0.006966094137796037,0.09998429306868235,0.06616781371878425,-0.19001488552563398,-0.04309035938098148
906.0,-0.0951838886967194,-0.008941317513634308,0.08439966746467852,-0.002791950508753219,0.023631123939320417,-0.20760776150683474,-0.037293929047916605,0.135410510882399,0.11089490614090028,0.0018153555747668722,0.0013097745676703084,0.0068034123911119414,0.15518651736952432,0.10797338306168734,-0.13322430577185543,-0.09168049509004575
907.0,-0.07352374210652098,0.0038978443095021675,0.1010824768233051,-0.0028679743465989975,0.057693927119980865,-0.22881385448196104,-0.03466201398343668,0.12259114356482433,0.11982928376606247,-0.005962376251253365,-0.04513367621296892,0.025432621784686766,0.19879349131076118,0.12271470681490732,-0.0820777359298737,-0.11302330431958182
908.0,-0.04692425944624034,0.02145240363248276,0.07987582293994808,-0.01789205748791052,0.08145018127665363,-0.2083874454831569,-0.03212032667859642,0.08712344950571808,0.1252189542982694,-0.001738565545488325,-0.0853539956636952,0.042772188002209346,0.20966392761028146,0.1103985782210219,-0.05376435136718284,-0.10347990704140861
909.0,-0.024491275283205945,0.039202548087587705,0.031647867835578915,-0.0429310316754818,0.08910431143307161,-0.14126899627415787,-0.033306269000400714,0.03592192932729433,0.1310474728765989,0.010325606036684441,-0.10273151328258781,0.05303474506516778,0.17466661918946,0.08230352458906057,-0.05376770387858083,-0.06733988484523809
910.0,-0.012391683870398271,0.05558963189585569,-0.025589570639865743,-0.06611219955257684,0.08050947344723018,-0.03583763662005462,-0.03621854621604017,-0.01838986879634988,0.13385529001415483,0.022946496113651738,-0.08693513703532833,0.05364142746509367,0.09663261231814799,0.05565952287368105,-0.07507521268031178,-0.014059267943147684
911.0,-0.011600372368267142,0.06982843226736757,-0.07359503098807163,-0.07409836173728036,0.061131467129710904,0.0865610753153039,-0.036282999979705244,-0.062144962310331245,0.12533300287964577,0.02849830389680062,-0.03933541572668527,0.045915660976253075,-0.004031811646622587,0.04581691090588758,-0.10344587234807187,0.04538517689873223
912.0,-0.018737038541387786,0.07999279507884383,-0.09889738022405697,-0.05891048576925081,0.03951480722732152,0.19755142452385888,-0.03010458540445156,-0.08534451782980841,0.09775867105415907,0.02192479280803247,0.026763400850520352,0.03361850143166714,-0.0958184844762635,0.059763417540751075,-0.1257898614695287,0.10128500455166817
913.0,-0.028939586756974986,0.08293288730513465,-0.09540847547281789,-0.022151624323537907,0.023357773676533796,0.26968269871628675,-0.016937556403908503,-0.08478457465772321,0.049182556262222475,0.002606500535171022,0.09051424039293995,0.020349140165413605,-0.14873142814253837,0.09401947044244925,-0.13656751434898168,0.14637787985127088
914.0,-0.03886193030876422,0.07594835822159182,-0.06521032774437517,0.02581037741972602,0.01597613383590328,0.2835654577512479,0.0023250655232101365,-0.06470883471519474,-0.014450134237027745,-0.025763717442936825,0.13063394804321216,0.007596275706649144,-0.14724119898209387,0.13725468660825443,-0.13796900232214945,0.17560009898252543
915.0,-0.04805672545323846,0.05893991295877714,-0.01712275524725788,0.07091392220956014,0.014981483643341498,0.23355369214100719,0.02638925109390687,-0.034876807993965524,-0.08125280073327865,-0.056915586519698545,0.13311117225595231,-0.005110718252380795,-0.09652700340880814,0.17526053858352128,-0.13468175001861804,0.18483634530495885
916.0,-0.057926908413197066,0.03549174467916269,0.036891733586805794,0.10151177200812012,0.014077135564218662,0.13075371066985245,0.05320551563077751,-0.0068215520409826745,-0.13786767898913316,-0.08387333003407955,0.09679300704922512,-0.018211375046400944,-0.019184909193149583,0.19585366054648365,-0.12849070060660175,0.16996066190015074
917.0,-0.06911050617646518,0.012300897321084853,0.08574127526909617,0.11242840809365166,0.007083155038630367,0.0009623300353670102,0.07858864662520343,0.010340880737973969,-0.17376606321438454,-0.10017525993712262,0.03396482003451847,-0.030237068423457494,0.054437516140697126,0.19284063040476213,-0.11713552003843451,0.12805686102208919
918.0,-0.07917062022296521,-0.0027582678553028897,0.12180580710366827,0.10566561204031309,-0.008467638363202669,-0.1229860336705878,0.0958983142143919,0.012925935342343426,-0.1839311098357851,-0.10106329146089135,-0.03500778171573353,-0.037926960139168145,0.09779643882387232,0.168230475561786,-0.09757247574956998,0.060968601844739206
919.0,-0.08220132268214927,-0.003710378810157973,0.14186927733547547,0.08813435393453511,-0.03053098966898523,-0.21171137296220538,0.09811515177027144,0.0032038705246677,-0.16983466213310544,-0.08518671286953282,-0.0904088606523368,-0.038277897281968405,0.0981085346025034,0.1312219862525097,-0.0699252219083867,-0.02150149204692
920.0,-0.07125553147215444,0.0099168189043579,0.14700151533717276,0.06794627626240307,-0.054357218492390114,-0.24815384276246524,0.08152452741240532,-0.012582390581293667,-0.13863993660043097,-0.05587668932556432,-0.12077397264292179,-0.0306954538223347,0.06028153157414008,0.09382028623720463,-0.03808959858396655,-0.10198553939021604
921.0,-0.04287921359795696,0.03110915451114158,0.1414278315822567,0.05129070961908393,-0.07498652322781747,-0.23108585245426688,0.04863670512302643,-0.027395232609998082,-0.10055314483187267,-0.020507077809308584,-0.1261364037014518,-0.01773292286228081,0.0021016422377385623,0.06540277433781826,-0.007211611174293646,-0.16035125039658646
922.0,-0.0006331994458701953,0.04768327244112716,0.13019699714537322,0.04110307310945257,-0.0890545877748136,-0.17272386363020345,0.008017833933163611,-0.03620779427103759,-0.06496126240275413,0.01206679207610909,-0.1160903322222219,-0.004292339980916414,-0.05582763197852233,0.04909743677740594,0.01808379588913175,-0.1809631427767503
923.0,0.04551782465042789,0.048715482768533276,0.11671683162806613,0.03722133138410447,-0.09548117900267238,-0.09315151719345867,-0.029517201388570804,-0.0375238877397548,-0.036741085979931164,0.03459726235295008,-0.10368794316948662,0.004387197810855582,-0.09849915592744247,0.04115545693844846,0.033266233518856235,-0.15920649543604454
924.0,0.08381194582561002,0.030692975670895857,0.10199302177624621,0.03717638081025517,-0.09509333836437975,-0.014414398508802996,-0.05625317391502075,-0.033460303102169006,-0.014758933491091713,0.043880500207878294,-0.09827782453506557,0.005350435384541335,-0.11937486079775994,0.03308178305360888,0.0339923999568906,-0.1040188779068753
925.0,0.10623208502912203,-0.001269925196276869,0.08603161331359474,0.03712587523903092,-0.08979692608800677,0.04462462036542559,-0.07107654460769396,-0.028328019486193422,0.005747875510487012,0.04157191004804259,-0.10175593029948499,-0.0005355768287623865,-0.11908685909421832,0.015792782053750072,0.018119701312663376,-0.03457186013405023
926.0,0.11154338000467275,-0.0373599509214028,0.07012196506456535,0.032788864233606295,-0.08192570566391796,0.0723507110438473,-0.07913348616530787,-0.02587293655825717,0.028063284352829794,0.03233276078650957,-0.1103512158868774,-0.009693478809868181,-0.10348760631004474,-0.01579412250812015,-0.012556147248356343,0.027625622255610906
927.0,0.10428443450028296,-0.06824948969911143,0.058189898770192504,0.02069563897012269,-0.07342969552184112,0.06704656324374393,-0.0879698630150162,-0.026699314145190868,0.05047744319585991,0.020019036073831976,-0.11921559950562728,-0.018655416232509613,-0.08172504428455821,-0.05979967867405435,-0.05235665468289117,0.06732259354674161
928.0,0.09124957327083418,-0.08779224565564071,0.055686055187430764,0.00013731008534474028,-0.06463131549392273,0.037681778533036815,-0.10187728725792425,-0.027808337036649176,0.06753068076802429,0.005091405915738286,-0.12511131103548384,-0.025752413898776468,-0.06232029655978103,-0.10702287828807532,-0.09267327604176834,0.0808261024307304
929.0,0.07840153702819079,-0.09278174456893788,0.06607487490100535,-0.025084559863039518,-0.05385160472731417,0.0018400125257389004,-0.11748974390060914,-0.024269851622610958,0.07438817734950474,-0.014260782234880769,-0.12551353692769163,-0.030374061127736503,-0.04830819809605761,-0.14324373988882205,-0.12319992832760238,0.07579510218451399
930.0,0.06949037820953959,-0.0819532924603836,0.08760411675573246,-0.047084562752191736,-0.03898844356530426,-0.02018295527942192,-0.12424147755313829,-0.011821870950311083,0.07025082466681987,-0.03846591944783649,-0.11687968483494071,-0.031381929517815745,-0.0362790234423682,-0.15420815452850997,-0.13388661103183921,0.06615124719533043
931.0,0.06576999572627702,-0.05596017408876493,0.11329939759334498,-0.05709770754045096,-0.019653382644091187,-0.013896951838567841,-0.11018891515350264,0.010317319100424648,0.05873256777543581,-0.06380486082075332,-0.09550864605619365,-0.02665998347452136,-0.020830071713148345,-0.13202259045153347,-0.11765672316596058,0.06504714309894312
932.0,0.06631272028287469,-0.018151773849820942,0.134161621432087,-0.0495147178947347,0.002284979468847261,0.022434313243797833,-0.069292197556776,0.03762377622320574,0.04579303664761326,-0.08273612231911624,-0.060697009107662396,-0.013930618288554306,0.00020157554606618314,-0.07952331195599158,-0.07289814181755826,0.07892455053140207
933.0,0.06902089985906631,0.024718918815664917,0.14319681974784015,-0.024078071246401777,0.024015026571933187,0.07662554169936889,-0.005927461754645789,0.061303107818719144,0.036819062321417795,-0.08717723452717538,-0.01708436546990919,0.008027511295872635,0.024174330265787674,-0.009565303483199374,-0.00420683863778245,0.1047449654575341
934.0,0.07192265799613225,0.06258566223679433,0.13819324764120594,0.014660976520675644,0.04362578083373059,0.1278478328168065,0.06486299206067436,0.07239502822084518,0.03462285446638303,-0.07290654530243879,0.025929103196823972,0.03810060665689295,0.04513347957207279,0.05996171101480904,0.07928174372559398,0.1314676067555449
935.0,0.07366032302710025,0.08389491308085797,0.12212370714954904,0.05926448523866591,0.06099447171798721,0.15561142961355096,0.12142238275407675,0.0667203748052473,0.03912849955971513,-0.042368310225089856,0.057765340333586976,0.07181706719323061,0.055936500855906894,0.11144558207453402,0.16668881613422004,0.1449164435670376
936.0,0.07286759429126687,0.07972833389512933,0.10075878784497355,0.10112954967562979,0.07686187715318613,0.14853224436504675,0.14358949908950006,0.047835610611136656,0.047763712653094065,-0.004060048142669213,0.07165168218566637,0.1017248105740241,0.0507997263241458,0.13112531521342924,0.247464213561269,0.1336376091114208
937.0,0.06753986506594457,0.04872405603433264,0.07851839654592252,0.1320488315193234,0.09085192086678882,0.1091383494164057,0.12258321967099862,0.026203878664768743,0.05567462327738383,0.03106064904961962,0.06800025891762851,0.11988002899891063,0.02841773517184121,0.11253654009400439,0.3126251282045342,0.09380760091720498
938.0,0.055380304265333455,-0.0006614812261233551,0.05524019669611318,0.14618915507204286,0.10074692879327925,0.05259726411516479,0.06721916596865293,0.014477203713214665,0.05662350135155444,0.05419940415715037,0.053848778689608454,0.12105207776876202,-0.006221260268536995,0.060509921062930704,0.356188024952582,0.03202133425388951
939.0,0.03494381156914822,-0.05278015002159136,0.026370700521758154,0.1418279934915033,0.10413710997098123,0.0002875077455344208,0.0015933312594773538,0.02107321305085526,0.04552731220603393,0.06208177987908894,0.0389995117153268,0.10435189650355524,-0.04281828730479978,-0.007781831992973399,0.3767241305562705,-0.03552512370357691
940.0,0.006925750519262351,-0.09080689233913845,-0.013519568515445021,0.12163722722717141,0.10063705698058145,-0.028794201321871667,-0.04512346193131442,0.04578716348192365,0.021775203011545802,0.05745635737497465,0.031772712241827816,0.07282014719619768,-0.06837585574142686,-0.0684414546803915,0.37779565527407327,-0.08857053724955037
941.0,-0.02514207231115327,-0.10256858040532887,-0.06664503376266938,0.09137094854720788,0.0924552977744782,-0.025594547313137192,-0.05119678546018481,0.07990402288999537,-0.008709235127815605,0.04701112658773967,0.036636332340642716,0.03249274818521878,-0.07008065453166104,-0.10110279029946607,0.3663255391601495,-0.11127267899969981
942.0,-0.05561035469121326,-0.08380416074425509,-0.12982504355533395,0.05786726044010257,0.08328848377977277,0.005764500923804284,-0.011032957496090885,0.11039473936179652,-0.03454594401366132,0.03821466279272532,0.05362489349761662,-0.007966895646709706,-0.03900989891991008,-0.09718177337188283,0.3492423403987783,-0.09883604448190492
943.0,-0.07874935466063196,-0.03866075093850413,-0.19437889316480467,0.02725222249234809,0.07670037280519704,0.05109791946277826,0.06331754837884516,0.12587408248817805,-0.0437498134829378,0.03634563111999531,0.07839410452468833,-0.038090142329502134,0.02532448551451644,-0.061952591830585706,0.33003897803344817,-0.05853022787690756
944.0,-0.09066480501697316,0.02190048371028062,-0.24749923775287244,0.003734632368207886,0.07464151737100608,0.09320702607375958,0.14737347045159704,0.12153127963831994,-0.030322384775481315,0.04263326369961112,0.1028781359304714,-0.048731265576635,0.11189352675588685,-0.011203143053464728,0.30701845496457614,-0.005610057950521733
945.0,-0.0899483155124695,0.08342964842344533,-0.2755867648626833,-0.010782944890462148,0.07661880805484474,0.11792162161010106,0.21312856843865047,0.10084409300758344,0.0015588030856560804,0.05414507499899011,0.11762913108246714,-0.03689953248229263,0.19917779183157178,0.03541762002460978,0.2743292607879967,0.04282279044750549
946.0,-0.07727260735569147,0.13227336808153795,-0.26930024077667025,-0.01622175351462358,0.08035314704550962,0.11745324859721566,0.23841632886200165,0.07323808561163514,0.03877687949385606,0.06529085531255018,0.11588945423932613,-0.008585945198982156,0.2612609168936416,0.062134323442952256,0.226190736864151,0.0735587847102457
947.0,-0.05455633562376194,0.1587590566003419,-0.22748235029163313,-0.013624070113626258,0.08376109804274923,0.09262854635640497,0.213725175164903,0.048797577794460326,0.0656617223287746,0.07028819349331766,0.09728011053411179,0.023247869988409373,0.2771398662790214,0.06247910565508528,0.16229586266692939,0.08087498336682074
948.0,-0.024141909360958072,0.15788050472305099,-0.1573638695812862,-0.005125062458828143,0.08640136028117713,0.05354297938245344,0.14406644861647258,0.0330630073233332,0.0720950210082881,0.06568536172012557,0.06842379285014928,0.04433660953598105,0.23866597038437318,0.03977201496963607,0.08965620513030083,0.06629532006849241
949.0,0.011320209077191768,0.12890614662331887,-0.07184101826708186,0.0056356847028465615,0.08893549658259542,0.015751654124503744,0.04578338605460345,0.024972387875060273,0.05814588332594353,0.05172076420969768,0.0398310276605442,0.045060284810315605,0.153041064249162,0.0035655420955983995,0.01871795738516956,0.03480710489761762
950.0,0.04767990993096486,0.07592524358653081,0.013816661482871577,0.013924632511777656,0.09134792452586439,-0.007804488043346608,-0.059327728833140886,0.01874437534899629,0.03210883378221099,0.03182314317268327,0.021005527357551127,0.024101302925815377,0.039635656873807996,-0.03437259221268682,-0.04241109531621025,-0.009058937195188757
951.0,0.07782209993915527,0.008613021677516564,0.08487787446186185,0.015605113016151773,0.09168214356990965,-0.01378366899132414,-0.1497525871289065,0.008304309090499847,0.004267592489772398,0.01086728176350654,0.016442718472711212,-0.01144090736931266,-0.07623841730196027,-0.06255686217984016,-0.0905561731864715,-0.06209023895092197
952.0,0.0926552447372747,-0.05901693281586072,0.12978543044043506,0.009026234422161638,0.08629984397491694,-0.008868313457466333,-0.208699195706747,-0.008256119276039114,-0.018356836245941623,-0.006710096834128106,0.024204854595384625,-0.04957411793079837,-0.1701130501842355,-0.07214855378302883,-0.12607914058381028,-0.12055294586038685
953.0,0.08559924134941607,-0.11228273656150031,0.14238098918944608,-0.004222078359536837,0.07157335706553669,-0.0038737239721907094,-0.2275697465357774,-0.027143466899498602,-0.03331064565979086,-0.018360926608452566,0.03754074775326114,-0.07886904304230108,-0.22400144209885614,-0.06031933783930473,-0.15000607162362992,-0.17818873209563219
954.0,0.05737663372043565,-0.1402041122975826,0.12339836781969815,-0.02009483359442097,0.04613263990825895,-0.007047319025095377,-0.20818631766821866,-0.0416700652083782,-0.04085493445689127,-0.024118409289667287,0.04864294347791037,-0.09288463036529676,-0.2295449383169273,-0.032505105447823535,-0.16184939824340822,-0.22589788493442384
955.0,0.01676998240125033,-0.13875495922722383,0.0807308804658648,-0.03399157670934151,0.012410463234572382,-0.02129529602291546,-0.16260281568886534,-0.047387049464277575,-0.041480467501448647,-0.026154209927729658,0.05239927495299245,-0.09163111845983193,-0.1889274422490759,-0.0007064121816299715,-0.15926501021441536,-0.25369235009617946
956.0,-0.023199218209661025,-0.11211662691852431,0.02776272107171656,-0.04293072352457113,-0.023646594482624066,-0.04561143709564511,-0.10980182613290114,-0.04566627268156236,-0.034901856532938536,-0.027514907870073775,0.048152427368391246,-0.08018870802635684,-0.11506510268705579,0.02207004162831329,-0.14045071408727178,-0.25437918070671806
957.0,-0.05046175101042089,-0.07156424288159859,-0.020345638104673193,-0.04684521388896657,-0.054872649339178806,-0.07797843032133445,-0.06949716203825607,-0.04308946871335842,-0.021030566605662177,-0.030917488026115058,0.03919982530399773,-0.0656167657120367,-0.030410863155753795,0.028134846179563397,-0.1082119147386063,-0.22709287154030736
958.0,-0.057574587609971146,-0.03201764597236863,-0.051348962931609524,-0.04811050940157996,-0.07586049458000352,-0.11661642092847747,-0.05475726300771612,-0.04692245370137293,-0.001567987409405179,-0.03773187845744951,0.031016891691585384,-0.053563482134878396,0.03834625241544325,0.018472612831457604,-0.07180852377392326,-0.17848822912479065
959.0,-0.04345856509671653,-0.007173941159020777,-0.059739756659647765,-0.04976380351461423,-0.08493221883375272,-0.15865713718171343,-0.06705362760610041,-0.060118748132309836,0.019607804240021044,-0.04695991992424003,0.028388761243051102,-0.046235587470824235,0.06950665463862457,0.0010953598044608748,-0.04389072561526409,-0.12099261981519048
960.0,-0.013690675928961862,-0.004894364170522757,-0.04804938952581339,-0.053873411781481695,-0.0844386787604432,-0.1983078586727028,-0.09679422854403943,-0.07992980801513178,0.03768924160089694,-0.05504071359886017,0.03149221683530603,-0.042787843053740386,0.055200432870022575,-0.014502076783969363,-0.03449288253103878,-0.06925643762079994
961.0,0.020983618601567257,-0.024528775406314412,-0.025157942040819777,-0.06094004466121239,-0.07955188806128914,-0.22671335135913326,-0.1286060353035429,-0.10059461067099615,0.048818935506688074,-0.05737328149670618,0.03372316954286197,-0.041210645368534485,0.00521688869837765,-0.02298278644598351,-0.04656103537266082,-0.03593635326995226
962.0,0.04815092706252456,-0.05733805036214536,-0.00260455742723405,-0.07017912927896522,-0.07606613235379163,-0.23393742555864502,-0.14748274503618988,-0.11683978243474889,0.051332670580013354,-0.0509413946776642,0.02492097081619452,-0.039622494614871225,-0.05692670592745901,-0.02505036935036925,-0.07555836597349928,-0.027321248877384685
963.0,0.05795600618314392,-0.09014002716453194,0.009339503359563349,-0.08006547740884143,-0.07818361615051726,-0.21258388328158817,-0.14273157015960752,-0.1254053802257177,0.045606356060261116,-0.036464676939553076,-0.0013388822594739363,-0.036519983660196265,-0.10522837436568096,-0.02473570503178679,-0.1121974512606965,-0.039974933859759636
964.0,0.04630041801229286,-0.11059177456266622,0.0045584549481087,-0.0885835552444921,-0.08717732708318293,-0.1618143871147437,-0.10962930548828943,-0.12468962068617376,0.03273132249656492,-0.018900664059351712,-0.04252300129509554,-0.031204503380813486,-0.12385568876384466,-0.024952416642771983,-0.14580126639750157,-0.06065621253114519
965.0,0.016212727765734115,-0.11137883531395963,-0.017156628667949664,-0.09316713221429516,-0.10100882004859944,-0.08903774525696394,-0.05015138754050773,-0.11403584834012194,0.013293826702819382,-0.0059243389767046,-0.08808972790042613,-0.024374365817897262,-0.11272445021726536,-0.025076495347071445,-0.1670016775339747,-0.07113620307522087
966.0,-0.022942820787080643,-0.09163572368935911,-0.04936712917961529,-0.09087057010703874,-0.11473889759181816,-0.00663376273114726,0.026657780725785805,-0.09359126785303812,-0.012439249738395566,-0.004829689865600103,-0.12509521160301745,-0.017620013277440866,-0.08313276202185878,-0.02189856091674537,-0.17034398003677134,-0.05670038569502428
967.0,-0.05852400442374779,-0.056057395138819466,-0.08003359149004997,-0.07927013685552639,-0.12195177502634412,0.07488379782936834,0.10543993809408939,-0.0647140438543857,-0.0431197172694639,-0.01918161835569912,-0.14420516378734552,-0.01193035159621032,-0.048912201989912245,-0.012387078777898377,-0.1567918480991504,-0.014048838028500512
968.0,-0.07903706454814967,-0.013123773128761507,-0.09506856400348646,-0.05782818168378508,-0.11711036440705992,0.15117377459486292,0.1675712853556922,-0.03045825977629822,-0.07531682072831283,-0.046739651742585014,-0.14306239955163347,-0.006728421730612567,-0.020097387879318217,0.004244112475933156,-0.13370721429180524,0.04619769198399081
969.0,-0.0783191229260605,0.026678233751149763,-0.08361296779469421,-0.02864623104477895,-0.09798364478315535,0.22155150717946695,0.1967036074740385,0.004432414956348126,-0.1039210780311898,-0.07955695929728338,-0.1265663071017198,-0.00022461322073087645,-0.0012556888763599714,0.02607751906259176,-0.11059114011522939,0.10421199421355155
970.0,-0.05800818223400228,0.05304894809650317,-0.04302602248883852,0.004134798174673925,-0.06694571028540808,0.2830183977446974,0.1850764499374666,0.03419920889178119,-0.12318983285096971,-0.10649745249104936,-0.10475421427051972,0.009492194528666913,0.007308804284535538,0.04876304920022236,-0.09349675611957071,0.1402325918598957
971.0,-0.026971237646483293,0.059409499112359695,0.01882588879774812,0.03578397818550034,-0.030189235433324288,0.3278945866393358,0.13742066674449366,0.05316275958241243,-0.12745394152770295,-0.11743762632347461,-0.08835553554286843,0.02343428349809693,0.007550783728235264,0.0663593210868716,-0.08308404219495984,0.14295081646664087
972.0,0.002701112629787048,0.046677762618101276,0.08582890322622964,0.062234807477422195,0.005003730670906736,0.3472684618480636,0.06989443521873283,0.05729321644373328,-0.1120306676201713,-0.10721449931856682,-0.08308477840311117,0.04099543397914576,0.001908409733936066,0.07358535728391337,-0.07728263929979548,0.11269712479853379
973.0,0.021155401306786704,0.023746025122782163,0.13989201658465228,0.08059612706906294,0.0333038526466619,0.33602433982488367,0.003990179757070498,0.04623813021718083,-0.07541198364246515,-0.07733932595265913,-0.08636262883521419,0.059623820869734584,-0.007900106215495079,0.06849900166144693,-0.0748019100687988,0.059273249543677575
974.0,0.024501676820622223,0.0028894602764903197,0.1677819079520747,0.08902131156762948,0.052744291471256644,0.29478736903301056,-0.04197019961374738,0.02469222708489408,-0.022012193097908,-0.03478700163649344,-0.08921740236068595,0.07533438732712935,-0.021247643443093767,0.052925508286375954,-0.0762065178416339,-0.0023973195642992863
975.0,0.015062655663859255,-0.006803133972805791,0.16479156397515052,0.08645186504530732,0.06389052814671024,0.22865405468502953,-0.059614643563653875,0.001652900773488261,0.037193493108044845,0.011310041166752258,-0.08161122909909703,0.08430693079025825,-0.03760134978370024,0.030164404556736125,-0.08287112347052583,-0.056066253381973186
976.0,-0.0012620612400563499,-0.0032969351602949322,0.13430780472706483,0.07266909457016422,0.06796850053469274,0.1455325936278589,-0.05230284984811821,-0.012807300806810844,0.08789579710766,0.05327487714260191,-0.057447192454419295,0.08481301239773055,-0.05417588677226175,0.0026791979018336355,-0.09520588457503353,-0.08742134178288741
977.0,-0.018291742961509854,0.008839452289830872,0.08509702260309335,0.048593798272051236,0.06567946586623273,0.05556664033128666,-0.03191934342382027,-0.012163216952275187,0.1178169582321726,0.08705963666322736,-0.017288999876208223,0.07812444065078399,-0.0642872140742017,-0.02798874758892293,-0.11050894125285048,-0.08791960955424619
978.0,-0.031332640641398,0.021687995427528618,0.028386498986233265,0.01656167376712041,0.057127503105634476,-0.029403268205347124,-0.013149457651173403,0.002968921671644926,0.12071835186926323,0.11212663938445763,0.031539401715293146,0.06773790712360069,-0.05926880893141086,-0.059624140189684906,-0.12162088933811617,-0.05818862925943508
979.0,-0.037163771942149135,0.02784789048934639,-0.02455967268102813,-0.019570055715842832,0.0420550381446506,-0.0978758469643469,-0.007287463562580673,0.024830305204199783,0.09744332151875253,0.12940455455390873,0.07752653790187253,0.057363121494313114,-0.03365207969790223,-0.08814431492360741,-0.11858068030324719,-0.007982918160131879
980.0,-0.03369914114465554,0.023337288133198835,-0.06451580162945188,-0.054482232935543586,0.020025970966710733,-0.1422108846431373,-0.017392844767119366,0.04249349916238099,0.054622005455102145,0.1388816366987355,0.10947478975672943,0.04882316897745954,0.010434437691796635,-0.10854534067103953,-0.09303029236795819,0.04843883391490854
981.0,-0.020368402393704438,0.008688529683476704,-0.08608779835886417,-0.08166836857489947,-0.00905552688705115,-0.16192657152495293,-0.03767277254454212,0.04737471871635854,0.0021506830813989236,0.13868278268357678,0.12046688606109826,0.04120800338649065,0.06311636751796086,-0.11766477249356838,-0.04239881108714701,0.09861295423194603
982.0,0.0010807814378614078,-0.011748969194746392,-0.08915783112639909,-0.0943791692684349,-0.04400358779183086,-0.16443683483134044,-0.058071875603254164,0.03694899708957439,-0.049516515143783364,0.12617685096098075,0.10893468841336981,0.031882644156044825,0.11092025083967988,-0.11601859554531595,0.028091247219650818,0.13575752790172468
983.0,0.026187750513448002,-0.031264818965955794,-0.07928226705088665,-0.08769915063146033,-0.08141512369528398,-0.16167416895710204,-0.07031927089399062,0.01457137764529563,-0.0915425682832146,0.10015026948549598,0.07776925443608895,0.018619707371498248,0.142603563837525,-0.1066218610883638,0.10599705955607268,0.15886918314237758
984.0,0.04858570281803718,-0.04189884831760086,-0.06552498425209248,-0.06119102956767742,-0.11525795916429703,-0.16387936483496385,-0.07061782466399653,-0.014190602853597776,-0.11796391737725727,0.06286330556652067,0.03426386335964367,0.001507305782017915,0.15307521513297123,-0.09219149045844711,0.17549601946306917,0.17054741405868146
985.0,0.062305989450468766,-0.035819262816202145,-0.055835752565110586,-0.020477473217325824,-0.13759050569509498,-0.17466341228815072,-0.058461404265361054,-0.045607832382670944,-0.12560373347734793,0.021018506891258972,-0.009621087224462217,-0.016338817356815964,0.1435976391024049,-0.07373215366610039,0.22386765254880264,0.17434303000962034
986.0,0.06447883075727821,-0.008533697298174282,-0.05314073336228131,0.02366775632065599,-0.1409331167896885,-0.1903305957291965,-0.034726575927623224,-0.07867668236729103,-0.11309668994959729,-0.015392842555789007,-0.04006935062990044,-0.029543306293611103,0.12004758265811882,-0.05142862485697736,0.24670224488267314,0.1723504240131572
987.0,0.05646165871252117,0.03696066920724443,-0.05493038648820816,0.05873277080144267,-0.1216976459033081,-0.20270298044331211,-0.001271453474143632,-0.112398239207351,-0.08066511637164948,-0.036576259344803526,-0.047398800391107984,-0.032439541786984806,0.09142712770054064,-0.0261994386472735,0.2477175431558023,0.16388364488112128
988.0,0.042651616594340344,0.08874705178588492,-0.05569594915488314,0.0749268797896404,-0.08262041326119363,-0.2029290564606809,0.03828007944558986,-0.1425266943183752,-0.031219989197704336,-0.03715989258017573,-0.03066023934412004,-0.021436004895785288,0.06784578672082547,-0.0002180265204038873,0.23378131770316896,0.14660792591202282
989.0,0.02808684697813921,0.12962352709755545,-0.05006256094223062,0.06858624935285973,-0.03244387707375746,-0.18469127458669446,0.07782873545316027,-0.16100843347803762,0.028641552059256597,-0.018727311461908164,0.002683504217996051,0.0032787843020348705,0.0567616852328272,0.023682024332201287,0.2100697653221534,0.1197624277507158
990.0,0.01627059004261281,0.144255262025309,-0.035558919630708286,0.04291856580179272,0.016985785652726588,-0.14643478605477286,0.10935996915837244,-0.15880171970546528,0.08904436395959903,0.010642864330766468,0.04072679226238615,0.03712245464781704,0.05928049909695056,0.04299178166274632,0.17864122414000344,0.0865892482880429
991.0,0.007965190345302863,0.1260063503309435,-0.014588955286975585,0.006058186095653015,0.05468300355623793,-0.09240401504391285,0.1254517966894683,-0.13060421911511474,0.1386056547336243,0.0394140006342871,0.07159470882558631,0.07146285194785455,0.06968730998951894,0.05629683732745903,0.13928043701504128,0.05369153348842481
992.0,0.001221953982327205,0.08004329212941247,0.005221416790484059,-0.032051720401457304,0.0738071370980637,-0.03173257344597591,0.12284996695217092,-0.07896690678883461,0.16698054932403325,0.05706561615936447,0.08720378903577153,0.09540261899284037,0.07919489846268539,0.06340403785667442,0.09107277627372222,0.0282462510494503
993.0,-0.007435842412704881,0.0211885512395957,0.013136313789406074,-0.06234504734218848,0.07315868706581435,0.025101999765123326,0.10462627064000485,-0.015032727992582443,0.1674793253911046,0.05851987488234342,0.08604283210277307,0.09944502087292396,0.08128444817854853,0.06485081688052395,0.03498062915509253,0.015411025096692215
994.0,-0.0209885413338962,-0.032544886467111976,-0.0001315186177028927,-0.07847755056716339,0.057047005534803616,0.0709843180730601,0.07870630553675727,0.045212727176063595,0.1391160369907435,0.04629035064721791,0.07322738223790533,0.0796981826697183,0.07416636893453572,0.061318559278421225,-0.023547402072958457,0.016512101450418308
995.0,-0.039671753540217354,-0.06749783433144209,-0.03703102972165592,-0.07826826788235396,0.03400163183413217,0.1043335033529625,0.05334014723959285,0.08730241686199554,0.08769543524325556,0.028665633078267114,0.05643913346252703,0.040156635533239414,0.05883217917620214,0.05320170373100403,-0.07488547644984103,0.027602897374148644
996.0,-0.05987329748469203,-0.07915827903187568,-0.08981457101721023,-0.0644743449329053,0.014031210782121306,0.1271144088416417,0.03283676571085361,0.10394908398429714,0.025067416217257603,0.014914426050940018,0.04050973295729997,-0.008404881663447415,0.03589838995031942,0.03999606478169385,-0.10926692899455284,0.039711647293444764
997.0,-0.07531276753013548,-0.07212362868199931,-0.14159193162750994,-0.0436462425572556,0.0047728542529316634,0.14125549694675382,0.016324920483602498,0.09751058383869053,-0.034330886304972066,0.010622403551523904,0.025731791362754167,-0.05238648513983793,0.004592443315915322,0.0197560983035666,-0.12142125524816141,0.04244714328951045
998.0,-0.07982107188803741,-0.05581798691608643,-0.17222754953548414,-0.022811413747944827,0.008594426220857973,0.14659753451800053,-0.00021641262826014855,0.07835678617971359,-0.07834688259906276,0.015657429801882682,0.010919240432577281,-0.08009854710476093,-0.03540111068894193,-0.009985675359539098,-0.11254311392903625,0.029583463398221183
999.0,-0.07003452105430368,-0.03873819265740403,-0.16676909535721793,-0.005925951671846266,0.022361836988333914,0.14130189023679793,-0.02025092748305745,0.06009181306441019,-0.10045702043291777,0.025043808878801012,-0.0028901412081314957,-0.0853064936562618,-0.08021396915647994,-0.0494306895726484,-0.08915976975283393,0.0030110237608576788
1000.0,-0.04699184058946495,-0.02462285627559514,-0.12213278600749465,0.007411368479962738,0.03944702280384499,0.12386352622197033,-0.04376511114278089,0.054047971023206756,-0.10027618958545013,0.03155245594834758,-0.011720871113487904,-0.06881972203152413,-0.11948357690041783,-0.09382219287122402,-0.0603336748068405,-0.027271444963773966
1001.0,-0.0161657222080266,-0.012262097144948454,-0.0487439278836638,0.02008765807629325,0.05253960439781659,0.09478926952738262,-0.0669842582239193,0.06528084479488541,-0.08217993386791746,0.02885320566059095,-0.010721293935219008,-0.0379978013417076,-0.1393915753363514,-0.13340654616493025,-0.03500731763523536,-0.04718648243526329
1002.0,0.014298120628459868,0.001824741819651482,0.03320083928853704,0.033785050513944585,0.056176626402669586,0.056898283019266714,-0.08464607408786708,0.09107868672570646,-0.05314766407309931,0.014231438095045866,0.0029885050280955066,-0.004358318195730028,-0.1305036146157873,-0.15704465785954513,-0.020350550241027915,-0.04538312850739408
1003.0,0.036424972786749124,0.019981844803410347,0.10084630043681818,0.04627706617134136,0.04829179342627147,0.015466610866783134,-0.09295115099075454,0.1221878787775048,-0.020470777699292703,-0.01033522851870125,0.028068537164162834,0.01999005885466875,-0.09464631232265401,-0.15752033544469182,-0.020385710376824153,-0.019881277017093295
1004.0,0.04491499466578946,0.04128310128611156,0.13648665271639218,0.052073790290620384,0.030469992912942202,-0.021395509084288875,-0.09096858234086878,0.1465143240138967,0.00983354289812767,-0.039071213821184274,0.058189464426073305,0.026412162503936173,-0.04525018230704398,-0.13461742466465917,-0.03412548785735965,0.01972538938559854
1005.0,0.03851347635548064,0.06135725821181765,0.13386124817380518,0.0462362089491864,0.007089840192451766,-0.044491449172214426,-0.08008199538846421,0.1542868966790083,0.03335681354268597,-0.06439357756620237,0.08357792802413014,0.013331807916366399,-0.0010367550580305366,-0.09431465097232093,-0.054013497196052786,0.05653614799140196
1006.0,0.020321635524347827,0.07377926008431172,0.10099367992165155,0.028499557489707072,-0.016023299718326313,-0.04795146551819677,-0.06275392360640934,0.1423248591701785,0.04691591773798591,-0.07937063770249118,0.09487643276072238,-0.012869502626220903,0.022408886637131923,-0.04583830986043567,-0.06674251833112997,0.07443839032748449
1007.0,-0.0030623357918320667,0.07262879644059116,0.05759496320665594,0.0045710210691915975,-0.032723875123808394,-0.032689934371850866,-0.04136827911931965,0.11475016006783044,0.04848286582704984,-0.08026562138637366,0.08746804317296693,-0.041101369258370594,0.018786058269806154,0.00179799642626767,-0.058142928085939564,0.0652552978955527
1008.0,-0.023862804545952992,0.055483889345948376,0.026624766769820524,-0.016267104119111885,-0.037579686180859585,-0.006088774827500153,-0.017398739029642916,0.0799513493942115,0.037818597138865095,-0.06804077262510216,0.06354287583585275,-0.06117775523942029,-0.007083412665028028,0.04302330224567913,-0.021225972878963367,0.03156044971687934
1009.0,-0.03613789270627804,0.025286567187289645,0.02327595129006232,-0.025647569782353084,-0.027572974092879725,0.021279206038395816,0.008258245182811125,0.046318738163611525,0.01719786876847268,-0.0479358142982474,0.030892174247478005,-0.06821099547181131,-0.04205349503325291,0.07693092348302276,0.037087289002976254,-0.01588448556310525
1010.0,-0.037839616020051606,-0.010243890160871145,0.04738528870374948,-0.020226994978444348,-0.004084123666775254,0.03975452878899836,0.03384811576324615,0.019092439937101063,-0.008727106727459105,-0.027671851400631865,-0.00032299205692139964,-0.06359026046044837,-0.07093370302367559,0.1049722901609719,0.09630626511206351,-0.0642504177918195
1011.0,-0.030905140195610224,-0.041587303584228734,0.08399361458867803,-0.0034217095408974546,0.02647007417572002,0.043720644712081626,0.05618237119474424,-0.0008411942352676556,-0.03420614831606036,-0.01533156682811259,-0.021327466355726153,-0.05292540653937175,-0.08350224960770153,0.1270970186871521,0.13158294581600824,-0.10389440226349289
1012.0,-0.01940605176128415,-0.06133783303098699,0.11206183558432206,0.016230311399056174,0.05424393027469347,0.03294605770804333,0.07196881928982066,-0.016061315921035203,-0.05416807544409697,-0.017151029794749285,-0.02819924864136664,-0.042903254077075736,-0.07879818309950085,0.14055229326245566,0.12633700255847274,-0.129646616720926
1013.0,-0.006740980103648436,-0.06706092957780051,0.11622644609153195,0.02957871848725175,0.06919636751086809,0.012333691542752302,0.07928872973766496,-0.0300660250285443,-0.0653885291251103,-0.03505098131969542,-0.023842900676904696,-0.03854100008160899,-0.06432181271430408,0.1422132480083696,0.07975103324685497,-0.13957891327239713
1014.0,0.0061007493493988605,-0.061687747893559665,0.09457320069780698,0.03178710289549362,0.06458003501115739,-0.009791708241859138,0.07737977052956216,-0.04437942648710212,-0.06625726351281307,-0.06457947765481296,-0.016768494123397773,-0.041082265006342315,-0.05059870536737458,0.13076184533977303,0.005279440376480474,-0.13446312109595573
1015.0,0.01962688260946225,-0.05137554437517082,0.05845310012560377,0.024600587102419344,0.039340044389650844,-0.024702350450618846,0.0654929510719598,-0.056905142074934176,-0.05571856488352722,-0.09500352264820638,-0.016680747230424082,-0.047049305271853956,-0.04469739214803454,0.10637657589838402,-0.07658572107703912,-0.11831690675394521
1016.0,0.0331827564481115,-0.042210389123157874,0.025440679133596072,0.014705412792570902,-0.0013988688748603215,-0.026793784829032982,0.04289167784602437,-0.06254007744155747,-0.033277265546874366,-0.1129393186837997,-0.029673442264747985,-0.04971251953555587,-0.04687751741133845,0.07017453721186724,-0.14532975809681623,-0.0975831331144486
1017.0,0.04316082396555967,-0.037849204232423404,0.009777679689095828,0.009364060748147772,-0.04783918096628771,-0.01624894475930373,0.010554553160319172,-0.0559995426212303,-0.0009562937092902433,-0.10846753849059557,-0.05584733924179996,-0.04295381246237994,-0.05181898654053877,0.025433811095873005,-0.18433957698076256,-0.0780341930302423
1018.0,0.04385972327985526,-0.03903814518145595,0.015338083887450563,0.01203343850657084,-0.08832486079051627,0.0009473616854408377,-0.027032160674708393,-0.035376336456375994,0.03487475471250404,-0.08002756975757493,-0.08952260124800361,-0.025359699204809988,-0.05282402803991444,-0.021184336423258024,-0.18320478419134337,-0.06247597450276679
1019.0,0.0307380634345771,-0.04402533890056604,0.0347471234014788,0.020854151564724352,-0.11236830545816869,0.016348913931968256,-0.06190570855290413,-0.0040441884022049575,0.06457986837951038,-0.03477730515594434,-0.12110455238172946,-0.0019211666676314906,-0.04556479763540882,-0.06058223551622023,-0.14012389697335859,-0.05203446006402005
1020.0,0.004002091297198563,-0.049094455456636134,0.05488060483248861,0.03068375743805233,-0.11319808306224288,0.023630721740590405,-0.08477126176252192,0.030299370340677374,0.07901643445684964,0.015344738023369492,-0.1404336790563659,0.017962648684984962,-0.027959438104760037,-0.08399146668875919,-0.06346478329652473,-0.048976037871745565
1021.0,-0.029990752537313738,-0.0498608696607247,0.06493122264848536,0.036333135283230164,-0.0894726407793135,0.020939804400265633,-0.08817386244333193,0.05835751108753481,0.07346867060614919,0.05881746278738409,-0.14067617940083052,0.02534535179023088,0.0030457546258149133,-0.08627563959362268,0.029568492609130456,-0.056729731473004905
1022.0,-0.060491050247589905,-0.04340741846522434,0.06185469002809578,0.03449469533782465,-0.045472167946084115,0.009549535300701215,-0.06961261815247312,0.07205322008964439,0.04987829167741675,0.08837418008892489,-0.12040702266050855,0.0166896330718319,0.05192778173787282,-0.06884995222779779,0.11789663436735594,-0.07606035133397758
1023.0,-0.07635636752134724,-0.02980137058871162,0.05066345730375067,0.024209776505646537,0.010593688269852375,-0.009120325655179793,-0.03371725617270801,0.06677255960163551,0.016577866343620636,0.10241687712207609,-0.08288453431123559,-0.004157279150533161,0.11879632931992783,-0.040826198535931,0.183318241027548,-0.10135809529639546
1024.0,-0.07049889669920019,-0.011861394193485638,0.04059980503748666,0.007038178735029718,0.06916022690476689,-0.034472533924598876,0.007814773808596076,0.042803310339337604,-0.014516979468293955,0.10376341552236668,-0.033917345890668825,-0.028158124922392187,0.19232397530613218,-0.016375194231361627,0.21524150385719484,-0.12196869321329075
1025.0,-0.04279983298671327,0.006351019262737879,0.03965114584415974,-0.012913987929477028,0.1212358826600723,-0.06458417950700711,0.03964960678908071,0.005503430273897805,-0.03233550033182755,0.0966122384138529,0.019981448345912655,-0.04592367663595738,0.24953103609788005,-0.008007236344969389,0.2112620509835373,-0.12841971479789288
1026.0,-0.00029037074487288166,0.02111311180470845,0.04965767756336162,-0.02998400736815911,0.15930265830806706,-0.09393026668997348,0.048898578138823055,-0.03613101758228935,-0.031114865964252163,0.08386956783545702,0.07234939299099565,-0.052220242535336456,0.2646899174280784,-0.019430177931745094,0.1753865230220853,-0.11804700881692365
1027.0,0.04512079421551657,0.030120664121144818,0.06400538817485911,-0.039095831031170966,0.17792528387081302,-0.11432377078020535,0.030910561620507065,-0.07220294483069425,-0.01291453415133296,0.06648445717569244,0.11638180235806862,-0.04778716893590168,0.22233025262115888,-0.04335028103304958,0.11646107140879032,-0.0954451828236414
1028.0,0.08043042627797431,0.03322729652975977,0.06953851296026776,-0.03795127183818608,0.17460147237003762,-0.11872021490500269,-0.008452261122730448,-0.09496812436888946,0.013465310425564222,0.044603589469847695,0.14443582751159156,-0.03783899001261733,0.12682972708286924,-0.06582029548831425,0.04696195521302566,-0.06843782965140909
1029.0,0.0957154650743865,0.032670761615542214,0.0526611495451235,-0.027959936828759534,0.1506082364439264,-0.10491552840634846,-0.05516005016841433,-0.10097012129312753,0.03665460423030183,0.019227612214913488,0.14899684212564315,-0.02837032686478018,0.0032319095523291024,-0.07335170583275649,-0.01886426931290111,-0.04341005152991601
1030.0,0.0871795893856862,0.03220633127672917,0.006927308480682571,-0.013510619060901004,0.11106331444228587,-0.07698886977619505,-0.09246031022033334,-0.09149937920534079,0.047298060311007556,-0.006983197693581363,0.12523479181486222,-0.022607837747001598,-0.11163787483432623,-0.05804627416011826,-0.06774735972645167,-0.022967272804812932
1031.0,0.05807405731431827,0.03531466135451872,-0.06197988822394089,-0.0003162919511270037,0.06357921517686096,-0.043844047779262124,-0.10664885811937397,-0.07143771590050967,0.04076134027577057,-0.030538209783824464,0.07377566742184033,-0.01970892135320747,-0.18405148564584933,-0.019360081454142582,-0.09042059610599003,-0.006370586994333345
1032.0,0.01768897322486918,0.04342195637324484,-0.13660602889269546,0.0064916662571047655,0.01595157982665343,-0.015116290514258677,-0.09085155591755324,-0.04726787534135416,0.0176014132284691,-0.04893690171521467,0.0025342703799076656,-0.015920294660189273,-0.19712821556058013,0.03617079239473766,-0.08410034049710302,0.008583083494998091
1033.0,-0.021314643446951807,0.05504796042793132,-0.19330188168585297,0.0044494837906707396,-0.0260282114924741,0.0034563387311087445,-0.04617646581570374,-0.02528376540069853,-0.017382675528993734,-0.061678679795298647,-0.07346535056595567,-0.0070635215215253885,-0.15660839009965152,0.09635737558125453,-0.05377757614524436,0.023485099099818097
1034.0,-0.0473021320070161,0.06658806346037893,-0.21106869595223998,-0.004740820293295858,-0.05982220871923966,0.011968061853598107,0.019228514788552652,-0.010413678337054632,-0.05671873742265942,-0.0696445799077032,-0.13571212144270528,0.008638541731202794,-0.08651941750251528,0.14644404245057926,-0.011811030719053326,0.03767498712929946
1035.0,-0.05450032146084656,0.0747540581862192,-0.18084147463082065,-0.01577227788604574,-0.08572850128280572,0.014495567376654264,0.09305316535790369,-0.005187701880232919,-0.09183500450179194,-0.07356891836814682,-0.16878229910993034,0.028591252925259016,-0.017509065291755405,0.1738848400117491,0.024663069692296372,0.04807056163803913
1036.0,-0.044957842439322965,0.07908898551833313,-0.1108474575455366,-0.02229546701752506,-0.10474681937056793,0.015231102108289242,0.1626941113394132,-0.008595507996437124,-0.11426297069917325,-0.07255216711301021,-0.1662910445845343,0.046347074338329186,0.026620946046735934,0.17294193044954692,0.03863234573077546,0.0512021131120974
1037.0,-0.025637619822842468,0.08207652442320369,-0.0237287065419355,-0.019399500648051328,-0.11624755174604724,0.01501617273213867,0.2170610373640028,-0.015767868627941425,-0.117196462542617,-0.06380752200670867,-0.13263899436061374,0.054826308299577055,0.03704292702825616,0.14645642248586851,0.01964039410240742,0.046033612160559644
1038.0,-0.003400145416042196,0.08634271482471088,0.0540010685690293,-0.004555745421208265,-0.11720391271582795,0.010197000520495879,0.24536996280458392,-0.01973620495392393,-0.09829539782900522,-0.044707872197114286,-0.08012333301099848,0.05014732043729744,0.018408364365627736,0.10390680663502644,-0.03057467388432044,0.03497619948852513
1039.0,0.017525517691950102,0.09173628093079987,0.10359279406295842,0.0221692492785473,-0.10348935249213245,-0.005076989085815064,0.23713847469690877,-0.015005326278162529,-0.062080347510047706,-0.016096059634551053,-0.023706823605800613,0.033632746431340996,-0.018372651727809306,0.05784007258390029,-0.09675167778895,0.022360288576469645
1040.0,0.03486226531221064,0.09547162577027425,0.11982323693936696,0.057563838158658676,-0.07255934727483124,-0.03388163912903888,0.1869538735723906,-0.0009686027076662358,-0.018746449005437135,0.016059610356306785,0.02388128016355857,0.011275058463752126,-0.061277644298154674,0.021364272793649382,-0.15509358870821194,0.011919366871887415
1041.0,0.047201205029163584,0.09518948572892352,0.10898441443838267,0.09498411175396775,-0.026101535845958593,-0.0723981660713758,0.10104179389676027,0.01672840649944938,0.02071363595257275,0.04253725504999027,0.05520677443056942,-0.00847081279387284,-0.09810971591217703,0.006363448380071446,-0.18254910894016477,0.004949316386250115
1042.0,0.054063811467603494,0.0914777469305964,0.08233517901566281,0.1254104776370562,0.028830864112231357,-0.11076670146176505,-0.0008492141625315607,0.02779851306796609,0.04924023233396909,0.0551695047739556,0.06896272391653833,-0.01745137699982572,-0.1172497230372504,0.02000560357009107,-0.1657520166709153,0.0002800906288140712
1043.0,0.05621230824597016,0.08691452979374724,0.05003370982617577,0.1399099940542834,0.08103076567059796,-0.1386390262776437,-0.09147933948188286,0.02194070326608013,0.06492387933898644,0.05035713390789591,0.06857855557488894,-0.01066081643530624,-0.11105738146629403,0.05988412072099272,-0.10576593074694432,-0.0034331281289621627
1044.0,0.05525664410899815,0.0824972479874018,0.018544673155889743,0.13278472970224636,0.11849634472981643,-0.150006968444576,-0.1471126848117928,-0.005594909601018746,0.06901335486032106,0.029470117506734825,0.05925216812449621,0.01112137004681313,-0.07986259803750385,0.11202200745716705,-0.01722661925803697,-0.004935585976294811
1045.0,0.052609613068133804,0.07497476283041901,-0.009087679270014765,0.10416048364631562,0.13260735724045758,-0.14336306586345574,-0.15704309673677078,-0.05131558118650966,0.0631008039356462,-0.0027726571174202224,0.0452367127569083,0.040293358888755376,-0.03235703129557383,0.1551822433929301,0.07704426185093982,-0.00023387691806078285
1046.0,0.04849221747411287,0.05774504490813322,-0.032122032670132576,0.0603687986509072,0.1211912087862724,-0.11939616919125419,-0.12681774500146967,-0.10515682870753139,0.04739733291768289,-0.0392236682866816,0.02897279267773738,0.06485639692144393,0.018613150965077364,0.16999260259836205,0.15349340426265745,0.01474224786970986
1047.0,0.04198959960853902,0.025236850161093033,-0.05128618680281,0.011405399471929588,0.08898503380547504,-0.08035174667677322,-0.07411479107456255,-0.1543516318757309,0.021152587889302542,-0.07033506374889881,0.011474103218530627,0.07384830816264179,0.061072497773690185,0.14775784298184552,0.1949735343314362,0.04149395952952039
1048.0,0.03222386387299517,-0.02227425784458407,-0.06838519923795713,-0.03310487684247761,0.045292939785823584,-0.03142238336476398,-0.019716607815105276,-0.18718095795983508,-0.014768656480083905,-0.08584449440503451,-0.00766918907821213,0.06245099885181753,0.08639235718024728,0.09428841150991092,0.1952765953127614,0.07783093103177006
1049.0,0.019198970505493417,-0.07752354823496205,-0.08573263361873527,-0.06678147663291266,0.0002183864699232004,0.018615513300257878,0.02123300323594578,-0.19592588660410165,-0.055273536249529,-0.0791386366461925,-0.03052147414191313,0.033826816754766106,0.09011534131903055,0.026955162099131975,0.1592757866097184,0.11739040374973152
1050.0,0.0034262103478278987,-0.12966649912770922,-0.10477741516585123,-0.08657681067151479,-0.03838598532076801,0.05972824646928616,0.04305243119746823,-0.17867806679236206,-0.09153782877022489,-0.051544874602751284,-0.05955229547839936,-0.0024076568951847304,0.07287808441911253,-0.032991414685592725,0.09942181456591184,0.14950871123739914
1051.0,-0.014660462272586926,-0.16877862042747274,-0.12459022217693048,-0.0909475885145423,-0.06595805608041153,0.08530386110310123,0.04800300766951888,-0.1395223717750722,-0.1150285137253822,-0.012938600362853277,-0.0947875564678181,-0.03386493572847021,0.04034410356067915,-0.06803899133955725,0.03130805886568965,0.16126561544021836
1052.0,-0.034528337380854604,-0.1882009584160271,-0.1414140010913483,-0.07873533572669257,-0.08065363407769652,0.09578746237258978,0.04235713644508481,-0.08699709884465297,-0.1218512650520357,0.022275952090623403,-0.1317924159477198,-0.05039697966751145,0.0005665970309389184,-0.06874277436861745,-0.03015417119829947,0.14310552711554314
1053.0,-0.054970216372520676,-0.18492245398127755,-0.14936486056420556,-0.05040024966274822,-0.08243141073438358,0.09802780270375137,0.03285932300289115,-0.03148470797808139,-0.11412063427926221,0.04174096973495977,-0.1624545711574901,-0.048718188558076456,-0.03936273861461399,-0.03544506841054649,-0.07364108488034245,0.09548416444477152
1054.0,-0.07348706626435608,-0.15962314953237158,-0.14187701333143415,-0.010375327080578275,-0.07256403624196968,0.10091426646862593,0.024479990825159205,0.017349621954833572,-0.09756010252564411,0.04070642722760098,-0.17769824312626242,-0.03375634250205924,-0.07405733454863227,0.021241399619612713,-0.09270010993703309,0.03105474069558666
1055.0,-0.08577181115632017,-0.11695679410330521,-0.11416950709061448,0.032042174069947436,-0.053578718598165063,0.1111442419483292,0.01935146438032433,0.05274783040573174,-0.0769741859558057,0.023571280332061656,-0.17014699864025057,-0.01530415056932359,-0.098229805665998,0.08208110897797061,-0.08566240694059588,-0.030263419563899614
1056.0,-0.08642230413360066,-0.0656711244122207,-0.06647216499628432,0.06453824385843249,-0.029366883311165316,0.1318307960209015,0.017088870094775707,0.07295731642637622,-0.05273826339465475,0.0009314720750325607,-0.13622721737709914,-0.0018182332925344737,-0.10592858334268171,0.12453285596234438,-0.05584031345558029,-0.07003002636094977
1057.0,-0.07177684889116949,-0.017977780548959193,-0.006088199313866383,0.07584268948122762,-0.004978686194328988,0.1633929805952011,0.01632709169555292,0.08213780910656897,-0.020917610679320544,-0.01591678434063555,-0.07791941436198528,0.0046136732756300435,-0.09212908075044532,0.13087326543411146,-0.012059690535118054,-0.07806909759489315
1058.0,-0.04323341526424089,0.012607834936496854,0.05369862491730057,0.06023401033086501,0.014351948686080961,0.20451532495527827,0.01618509660803572,0.08831818109976451,0.023126300221354795,-0.020247191282149916,-0.0032748200525619347,0.008844257538443725,-0.05524793308076461,0.09540621905568449,0.032494916794779,-0.05429567401684752
1059.0,-0.00811461607829861,0.01576295403555605,0.09802047014908134,0.02011496578376996,0.024597159763436176,0.25143574928356194,0.016698129764082397,0.09891536972675914,0.08023075517117104,-0.012281134847884605,0.07527201203697477,0.01870570711427506,0.001828504754376293,0.026828721775018168,0.0641709548216662,-0.006720676276918741
1060.0,0.0227661724759278,-0.009834534601260178,0.11613088675312341,-0.034721633519029155,0.023921831718972206,0.2959793873553148,0.0185418179615141,0.11661337276391193,0.14449552805780505,0.0025780042641560088,0.14436182950830337,0.03944226504630855,0.07299473171921325,-0.05540514315795276,0.0740936947394111,0.05177673867410163
1061.0,0.039021195255275885,-0.05332462078311777,0.10520879242257235,-0.0905970531032736,0.01298086499317908,0.32502466697671034,0.022439971170942128,0.1381744163841011,0.20288486055439375,0.017857427282116922,0.193710988864348,0.06982309480346827,0.15034719811531602,-0.12881135789893258,0.06162683371779149,0.10684863620112477
1062.0,0.034056411528142067,-0.09500466684743118,0.07020880696540717,-0.1345637067123886,-0.005463289559031449,0.32348290158850673,0.027919840271246308,0.1568117079262819,0.2377725154132386,0.029032094163157073,0.2190184351788406,0.10159754784803535,0.2237576167963724,-0.17642118100615084,0.03339320854084767,0.14645587471223775
1063.0,0.007186785144430023,-0.1157558509913529,0.02100848520201246,-0.15832809602657258,-0.0275705114024467,0.2800113658338529,0.031659151592313056,0.1663933179058529,0.23258334519552346,0.034016599125440965,0.22198343571427803,0.12245629067795889,0.2803057363783168,-0.19280497892691967,-0.0010297361673999963,0.16404937166479552
1064.0,-0.03562973188655827,-0.10690858009028169,-0.0302735497844415,-0.16012897180803215,-0.04946867993358493,0.19314695334326948,0.027487359380947114,0.16439115726275863,0.17918058038954462,0.03240273443176272,0.20729896921237226,0.12154145545948739,0.30678472696580494,-0.18491188085814617,-0.032540614902842255,0.15925261871653767
1065.0,-0.08290667250406179,-0.07381730445202986,-0.07105762271148754,-0.14407797242162423,-0.0676534221127662,0.07524184700486679,0.009737065596692036,0.15175904944089458,0.08368358738288709,0.02470832467290875,0.17882816950741862,0.09511035930505754,0.29493717211080883,-0.16696543339383085,-0.05343546640990596,0.13611765098060083
1066.0,-0.12106093542279872,-0.03130720751949089,-0.09063133780512207,-0.11743453616997955,-0.07918678057991091,-0.04890441492091912,-0.02191730335587628,0.1309151537067803,-0.03305220427038355,0.011759846933276925,0.1377740965852609,0.049176899398749405,0.24503775249654539,-0.15184456019197629,-0.05873964212363377,0.1008464913333791
1067.0,-0.139407177944866,0.004926887806880907,-0.08345215403411313,-0.0872240721355208,-0.08239853062440394,-0.14992308852695266,-0.06007985737955697,0.10426472604593492,-0.14173611577476272,-0.0055584157875480985,0.08427209075233687,-0.0027948122809786278,0.16482914203330207,-0.143994112475947,-0.049516162761074775,0.05986791035070607
1068.0,-0.13416046505338508,0.025400701905518783,-0.05181272407832222,-0.05810392317163904,-0.07775833848077911,-0.204777553265326,-0.09177331430088759,0.07409887657912281,-0.214961920203078,-0.02584711295801155,0.02110908189900265,-0.046020003714167604,0.06633955561169158,-0.13832634538511818,-0.03441172127538573,0.018239323888350343
1069.0,-0.10897307486561374,0.02912789875879312,-0.005920323663372015,-0.032511454728835314,-0.06801000491198304,-0.20486038467175707,-0.10423876509614208,0.04304369255621927,-0.2361598722201944,-0.04662325783876902,-0.04396925963475072,-0.07042982437953597,-0.035504131559485,-0.12547813342918326,-0.02578595707316366,-0.020841687842827163
1070.0,-0.07217770919325442,0.021402032297266203,0.03925233089734466,-0.012040517401686986,-0.05701790616584796,-0.1576948514364125,-0.09136468053552207,0.01436557341772261,-0.20324442035536175,-0.06455382836803743,-0.1000241293986318,-0.07317196954954132,-0.12324942058367665,-0.09930916924479816,-0.03266087499005609,-0.05472914261445871
1071.0,-0.03305486443162841,0.010138105071534537,0.06887807423277205,0.0018296865067640702,-0.04775797378523429,-0.08259009177764716,-0.05656548337504141,-0.008153168531906908,-0.12691580632941568,-0.07620794888002969,-0.13762371611360777,-0.05768426981471609,-0.18005210304235295,-0.06161981049197767,-0.05583991063501817,-0.0793902037155704
1072.0,0.0010708274907699636,0.003337266761394904,0.07253211251035206,0.00800023706601897,-0.04095258197664207,-0.0036179280229455997,-0.010139404834890346,-0.02122874059062248,-0.026269002054952053,-0.07826714207632643,-0.15247690597616845,-0.03157390800315141,-0.19600252450239236,-0.021903341589620404,-0.08766520008890942,-0.08917790633635049
1073.0,0.026588082668981963,0.0073871341972642605,0.04703380738586832,0.006284652205571359,-0.03543961157446341,0.05661302922490327,0.03594471557033871,-0.02373309012872266,0.07597155218833036,-0.06749756840809336,-0.14536922399486457,-0.0043670537964824035,-0.17302927684554043,0.006981469520023681,-0.1152976216006409,-0.0793468637331333
1074.0,0.04414235787550337,0.02481349359979188,-0.0015914686369858351,-0.0019632454587944245,-0.029590651718099957,0.08156897006047721,0.07143185277701689,-0.017461238293538812,0.15821578879605633,-0.04192877712249365,-0.1196606952255341,0.015033986448173848,-0.12403106764104663,0.014717787570712765,-0.12613428396933457,-0.04954420545344494
1075.0,0.05741824301963762,0.051948995574761105,-0.05801601203686052,-0.013376819544040516,-0.02230591908598287,0.06436198655787077,0.0886497262999591,-0.005865194677471592,0.20500077798427882,-0.0029337123302732022,-0.07951551034505618,0.020850226431123692,-0.06714784678308276,-0.002067586801513331,-0.11400776469344771,-0.00548905674224495
1076.0,0.07039288828864983,0.07892860890296113,-0.10143682073171004,-0.02320013043011993,-0.013021404012600348,0.009467006502678217,0.0830887283527382,0.008499041875008159,0.21108759351657722,0.04383220482437156,-0.03041418744489722,0.012106487513109668,-0.01920412784466297,-0.03876736644039071,-0.08262269926537305,0.04202028429749152
1077.0,0.08482448916941511,0.09352216258724959,-0.1132808437769835,-0.027139580093343333,-0.0012733843993982402,-0.06889670415917874,0.0547884741275967,0.02561113024328649,0.18257224448866305,0.08944968251441059,0.01961372267673125,-0.0068861870670057865,0.009484922889302508,-0.08458223929391083,-0.04302992086564179,0.07997302468712314
1078.0,0.09944491684839882,0.08716030661141776,-0.0856415645452134,-0.023086916538319884,0.013347183172280301,-0.15144327368762622,0.009312452017694293,0.04670496030072617,0.13394613857962023,0.12406963532690324,0.06080170811278833,-0.027591604439796948,0.018567069329996855,-0.1259318635606397,-0.007084450700791742,0.09718094174888055
1079.0,0.1105447499721955,0.059497286720355605,-0.025950133343206068,-0.011523949930511302,0.03052398017564262,-0.21936907974332243,-0.043506754897043934,0.07053469755405391,0.08218579412560939,0.14002415722853823,0.08476709380449536,-0.04028833283750506,0.017412524866224896,-0.15099119834287614,0.017801743648315296,0.08831802380727477
1080.0,0.11311531884578016,0.018707894366245918,0.04524558532595608,0.005094026268923417,0.04834145839052785,-0.2588051793237987,-0.09326022044177795,0.09050633682492495,0.04054757261348352,0.13468438232119728,0.0873329761802503,-0.03828859082983863,0.018929573603889846,-0.15424223756674177,0.029772740913912216,0.055993026207751144
1081.0,0.10260737285265932,-0.022465900121996833,0.10283802783217326,0.023027265905555643,0.06314065512592573,-0.2638153739253299,-0.13287961801916406,0.09563091322938876,0.014728526284092058,0.1112694343612749,0.06938106082493929,-0.021057692890028665,0.03003055653389322,-0.13870535346407548,0.030865758103387056,0.009910768292257635
1082.0,0.07745348252113708,-0.05213117927847718,0.1278144893368948,0.03782468080060115,0.0706709558928973,-0.2376128193606961,-0.16017302775278097,0.07523465265808474,0.0024683368918312623,0.07705426455068433,0.036540116241908754,0.005480228163604293,0.04565324775909637,-0.11399185371961841,0.025180482957246966,-0.03627257916234618
1083.0,0.04117870724199506,-0.06305016422548654,0.11477158001179157,0.045346143291506165,0.0682711472706996,-0.1906761399119566,-0.17655813097286854,0.025014881476815996,-0.0040038210355832285,0.04050499652372166,-0.0017197787688326284,0.031419892438830255,0.05111955129617406,-0.0906958437147086,0.017741413152150217,-0.06965670986210391
1084.0,0.0021730660290517293,-0.053923598037602986,0.07324110153988432,0.043404726333771834,0.05680645704621301,-0.1360594177647046,-0.18445591926522542,-0.04892226970838269,-0.013765386849843242,0.009269923925074496,-0.03451181901314356,0.04700544148989985,0.031706034062873284,-0.07447715167843724,0.0132730889694156,-0.08337762483421583
1085.0,-0.029452451529657517,-0.028970393683965725,0.02333071839237343,0.03305298916856591,0.040621574058644944,-0.08464172372933149,-0.18513034751384125,-0.1308331642190005,-0.032604999703683135,-0.01045469076458566,-0.053592601850011565,0.046586759699454486,-0.016570521688756234,-0.06401752159074077,0.014451468776252844,-0.0800989495744107
1086.0,-0.04622451640559008,0.003553578727076183,-0.011731294202465149,0.018195726385277212,0.02505088187851119,-0.042481862610943145,-0.17812518116006826,-0.20082424894824158,-0.060003796798654196,-0.014302724973800742,-0.056882448927246455,0.030565381046888558,-0.08205694958670838,-0.05402946627177842,0.020606882463659756,-0.07087710149145578
1087.0,-0.04621016717691537,0.03397874103521971,-0.013879826931889229,0.0036295547347373904,0.013324538377648864,-0.010876156696734687,-0.16185068131625677,-0.24208452922180387,-0.08903349720890187,-0.0010278678767207997,-0.04887837534848463,0.004777628291137153,-0.14172621441387945,-0.03991761516479785,0.028392141005329698,-0.06893797572074785
1088.0,-0.03291724627249491,0.054600139340692445,0.02275082875350846,-0.006893011553396122,0.00530531067184066,0.01130256932287995,-0.1340395340695829,-0.24676462376390756,-0.10888233121751564,0.025832914566491554,-0.03749141857368786,-0.022090059941290888,-0.17205864380747918,-0.01988890628151805,0.03414573124654441,-0.08195879721507998
1089.0,-0.012730114117485078,0.062389827603795876,0.08912479806604318,-0.011440758389605758,-0.0013673520501240027,0.02529628747921833,-0.09228154448498506,-0.21858560040844563,-0.10907073689776144,0.05771028969060544,-0.029354210560607105,-0.04219237773709025,-0.16045622184599964,0.0055180858538163655,0.0355825233768272,-0.10786695911217688
1090.0,0.008233169432510106,0.05985099938953194,0.16490160043348154,-0.009753196518939394,-0.009103108793148846,0.0324242090836149,-0.03591377411487642,-0.17104761870168508,-0.08419577326032836,0.0832869661140252,-0.026643500082064522,-0.05181525542288242,-0.1110131801305754,0.03357336424074731,0.03175109557133246,-0.13627710490401154
1091.0,0.026084175497924716,0.053780947767219485,0.22630622296967468,-0.0027361707929380616,-0.018723689602154574,0.03503004057649049,0.031098091949992406,-0.12156092029962552,-0.037191318910295416,0.09280398628421568,-0.026992197848094975,-0.05213043873510137,-0.04189200241566234,0.05887963432547704,0.022857456437008712,-0.1542110976546208
1092.0,0.039342420617310615,0.05213516819379959,0.254073956074085,0.008204202712409746,-0.02910125648391411,0.035742606140707595,0.0987062073454831,-0.08416722849177061,0.020703367156559554,0.08234765180279653,-0.025726066440015558,-0.04677197489029444,0.02349829939345986,0.07475099666410163,0.010946543570261986,-0.15304513794757477
1093.0,0.047993168184783,0.05987243599025859,0.23892327488502402,0.021828144094818463,-0.03795775817400288,0.03555482926991626,0.15288115858452284,-0.06457055532127269,0.0733439017005497,0.05539655861259485,-0.018878900198173922,-0.03839388716641113,0.06649204481889738,0.07653692691361759,0.00024652616088556036,-0.1329021516365373
1094.0,0.05260727338803899,0.07593812253506126,0.1839344859891793,0.03736156188756185,-0.042933682119196494,0.033603896003318964,0.18093530822553222,-0.05951826680006441,0.10527660624165185,0.020421308962141557,-0.005614895034374526,-0.027022233013522898,0.0794124867093933,0.06400343282142783,-0.004028946399907887,-0.10173898245381434
1095.0,0.05400566951236985,0.09365369658647503,0.10320673508349747,0.05423394783766733,-0.04214233843227195,0.029083650873792832,0.17727135642283237,-0.059982235436478785,0.10779372610251142,-0.013530841808539449,0.011257431322429444,-0.010930897253572297,0.06562521402838745,0.04130248057621734,0.0015272138104827854,-0.0701967553551879
1096.0,0.052989620224210006,0.10445135141165679,0.01651590481834462,0.07144588493912428,-0.03446939546847543,0.022102082567863928,0.14597839357354,-0.05623751781242493,0.08294845337405236,-0.03992019682274464,0.027285691136663227,0.011166147310469098,0.034811054136116105,0.015670155860066922,0.01507352083493663,-0.0465588317224991
1097.0,0.049981470224472746,0.102013856517104,-0.05786608836284644,0.08691882757445558,-0.02012942555755123,0.01187273060491312,0.09824003281552406,-0.04234436364474043,0.043014924695412474,-0.05497329148264811,0.03978388822400831,0.038122896501789565,-0.0025887613722460445,-0.004425613262270403,0.028189240311317504,-0.03460485156253161
1098.0,0.045198985656347924,0.08404942878801419,-0.1083402790627689,0.09733937488618237,-0.0012077818514271404,-0.004313241104973549,0.04623267672026533,-0.017805836748321775,0.0050782919885767495,-0.056336232546034405,0.050135171859190454,0.06567691450114241,-0.03829255905607305,-0.012131426438961998,0.029703665275688306,-0.033481179335711014
1099.0,0.03933309888777058,0.05192221419193378,-0.13136769808256657,0.09906091056605837,0.018514817092566617,-0.027843469959194227,-0.001805925841393497,0.013573523811772771,-0.016221551760458894,-0.04237693268402037,0.06315821726327897,0.08746660169873868,-0.06590302825170723,-0.005130697640044224,0.013246437849782024,-0.03845435733916206
1100.0,0.03361842795191748,0.00995284858977794,-0.1303528406585352,0.08987156705958656,0.03472151492739701,-0.053733561365173474,-0.04213948578758731,0.045566515136424124,-0.013970755955441803,-0.013415466311274321,0.08389974866078014,0.09723797935865038,-0.08021726705141305,0.013569682160839189,-0.01746706934381516,-0.04287960166211425
1101.0,0.028734259905721486,-0.035074741309599776,-0.11336882881633295,0.0704476061162241,0.044097173731621336,-0.06976255991032862,-0.07310865784766793,0.07104833125757228,0.00897971182629252,0.025947923580704385,0.1135349125908936,0.09129734414117802,-0.07893008105155191,0.03773309558992907,-0.04964697071824476,-0.04106138756717883
1102.0,0.023569108269043258,-0.07497954049000562,-0.09006509621533672,0.04448854770467004,0.045240167702370195,-0.06218313978405681,-0.09312420182209015,0.08399049074693703,0.04071490448714808,0.06591141277339746,0.14658871056378325,0.07021793326493671,-0.06522455317027655,0.06165064606567731,-0.06758601895142907,-0.03070141475061504
1103.0,0.015497578460641962,-0.1021968568286108,-0.06848803189765197,0.017650921255827765,0.03854863226900053,-0.024008969645242566,-0.10030254601341879,0.08217802010438442,0.06398996814839525,0.09394169275958153,0.17196854196676442,0.0388459717310446,-0.04720859113819659,0.08340247790640923,-0.06034660341590383,-0.014117387934614627
1104.0,0.0024495591905063546,-0.1122267808308223,-0.052795356292613546,-0.003958092217889903,0.0256986685681596,0.04031030674607168,-0.09300374070616997,0.06871904483493459,0.0631149246542944,0.09979935983948816,0.17821036222119993,0.004337769393596487,-0.03362208760692656,0.10511714747077315,-0.026921991188112577,0.002280378309207033
1105.0,-0.01508470035493061,-0.10538741647869734,-0.04253255711662504,-0.015216057417468664,0.009547849770532883,0.1161368830018982,-0.07103212126908692,0.050379594507030744,0.03132785687674823,0.07993973325299504,0.1595182005102889,-0.02662687089564216,-0.029348399256546805,0.12955794128321327,0.023928267361447514,0.010777937273625686
1106.0,-0.034043113387199134,-0.08649000668227863,-0.03401713189994353,-0.013228129918911894,-0.005718029809056399,0.1835337755034777,-0.03717999636091853,0.033864176294855726,-0.025807643778412725,0.038906574736518526,0.11856580161653824,-0.04960794251972987,-0.033807976810446984,0.15613780082977383,0.07810592868183532,0.006587246693713882
1107.0,-0.050362820621912496,-0.06236613263692163,-0.023544286588600957,0.001767582713921564,-0.015047901447488988,0.223426573137432,0.002655124625799584,0.023351285578906,-0.09296886568908386,-0.012357855967954683,0.06543313227733726,-0.06246665949986369,-0.042373404890895625,0.18042261176342092,0.12164518939746397,-0.009170269688821127
1108.0,-0.0603490967529798,-0.03921970895246714,-0.010597870809659548,0.026181292290234356,-0.013804680103942766,0.2243803757283882,0.04174040188269927,0.020598559707328774,-0.15114691265574973,-0.06041711258659615,0.014476995039776862,-0.0647299175613069,-0.04897915943428748,0.1972980671343608,0.14547453281752926,-0.029918912430319643
1109.0,-0.06126025464233979,-0.021448844346877424,0.0014514254307379517,0.05393990163860898,0.0005557652492685411,0.18790770774160526,0.0751072785903707,0.02574657036860258,-0.18366142162150584,-0.09430056862846214,-0.019815592379722777,-0.0574894468683127,-0.048332221243018204,0.20395000740969663,0.1483355751376496,-0.04698520916553439
1110.0,-0.0517611562013657,-0.011309848515267878,0.008266151873626159,0.07845636375317147,0.02707638746359328,0.1281830022507854,0.10012069677669222,0.03719122264634691,-0.18077743099278562,-0.10944266559026829,-0.027845388025716587,-0.04397545182030395,-0.037703303866805475,0.19957438731507665,0.13605077848260502,-0.053605702899233255
1111.0,-0.032435082017993874,-0.008355345408878804,0.008962763163760948,0.09479467147083818,0.06115059829861699,0.06471455017360427,0.11539913859612631,0.051496607074301315,-0.14255836668670632,-0.10839514370762611,-0.009596800387894828,-0.029755226483806047,-0.018708890897821722,0.18291838186966167,0.11698822386865784,-0.04764291672228543
1112.0,-0.0060112287936494235,-0.009245130777932906,0.007838604179286925,0.10077339810397533,0.09600745605844951,0.012316794635108267,0.11992785721541606,0.06468760725081395,-0.0789258969663971,-0.09798032074026956,0.023668863380686994,-0.02134414241397624,0.00182902856860604,0.15133018905290108,0.09673303696792977,-0.031932349592638014
1113.0,0.022619120159949224,-0.008841715856140618,0.011210153942324523,0.09676121934165531,0.12475437522917344,-0.02465978457522761,0.1134545536028134,0.07395223846243965,-0.006442934586958188,-0.0850779087725368,0.05292051458273275,-0.0233423305963372,0.013846786274857633,0.10355740976772392,0.07570100148011752,-0.012283423735983583
1114.0,0.04658255102809962,-0.002287830299019919,0.021901844336899987,0.08488785222306237,0.14157970111212861,-0.05061224974224708,0.09768725571740504,0.07797981723205175,0.05697061001461937,-0.07398006176100236,0.05910338096041585,-0.03582668349067709,0.009441224446313951,0.04444441788538906,0.05059101218894634,0.005529790846070579
1115.0,0.05810700072762696,0.012420422426689096,0.036301236992087836,0.06812639766064021,0.14206752148468899,-0.07259819780454478,0.07670367635449761,0.07626789874620032,0.09718600180020943,-0.06634105137208585,0.031052780729660712,-0.053925135718407555,-0.011090424356122891,-0.013216073547201713,0.017469950895821523,0.018045989118257576
1116.0,0.0509425568807336,0.03204299401341711,0.04618571190186855,0.04911312145091734,0.12382756247074501,-0.09476941422616579,0.055920873675370984,0.06908793799042764,0.10701587887962231,-0.0623270325167794,-0.029943847825719266,-0.06998523517229605,-0.03728396892503415,-0.05271073455999748,-0.025451614110598132,0.02489167971402443
1117.0,0.023291010141899722,0.048037012562684,0.04321032540601674,0.028935422010541546,0.08804320942484148,-0.11512324229540696,0.040527566811930905,0.0583490977815416,0.0867700995814747,-0.06135564750808939,-0.10993735229222516,-0.07685281579012486,-0.0525632667159936,-0.06136407910423634,-0.07558758502517016,0.028379453770080235
1118.0,-0.020383321592805207,0.050480054734409995,0.022848010460778008,0.006968406609613849,0.04058114057192584,-0.12544647532833217,0.03381333313211143,0.047967334638189855,0.042932427133604595,-0.06238597062052927,-0.1868508223725571,-0.07032408584749189,-0.042021952959900646,-0.036884570908586066,-0.12520637306893137,0.03230800963763631
1119.0,-0.06999162280370735,0.03393699818847491,-0.013534817727101736,-0.017675092787488574,-0.009339911449487927,-0.1165083451529978,0.035244019888681984,0.042588252931726044,-0.01382872203042933,-0.06436618491640599,-0.2394105672660136,-0.05008754077065932,-3.8027101428634894e-05,0.01209087346141174,-0.16362244328088482,0.04010206552167835
1120.0,-0.11289333014511123,0.0008863469111510164,-0.05859982088021193,-0.04431421801772612,-0.05269257902474812,-0.0864495972990195,0.03952051110848503,0.04474897607504272,-0.0706796860759585,-0.06650352200237694,-0.2566308228354605,-0.019731345735684778,0.06585421396631955,0.07016790191410784,-0.18114469696703608,0.05301821868119239
1121.0,-0.13795820931213842,-0.03957177839535796,-0.10131997297487272,-0.07034058501656841,-0.0837436335741964,-0.04420340334082314,0.038332006158584044,0.05206977765337738,-0.11515917834518397,-0.06788170068223154,-0.2419513016470811,0.013750257154506658,0.13667789568204047,0.11994452232558708,-0.17192320656805352,0.0696852113635774
1122.0,-0.13895627696000948,-0.0760907815457336,-0.1309668068771474,-0.09265159931186685,-0.10083366418845255,-0.0033221257687447003,0.024325954873149834,0.0570984544377472,-0.1384684067526257,-0.06715249973589565,-0.20935243879226834,0.04151541749685476,0.18810791090738913,0.14545517691693302,-0.13531973175747417,0.087196007274855
1123.0,-0.11621209465826457,-0.09932185352815255,-0.14019317644337212,-0.10920099413513264,-0.10536118141468981,0.02759037596080642,-0.005018383001876548,0.05106900915317067,-0.13768497296713592,-0.06295504665155058,-0.17445672378019897,0.055955948420946505,0.19833243229507,0.1354571239579504,-0.07712196597645112,0.10232264553789379
1124.0,-0.07614879806742676,-0.1042219165433558,-0.12547270673009162,-0.11893079817215486,-0.10026549558472841,0.048453471672685974,-0.04554753376560684,0.029458280309477173,-0.11517506193616683,-0.05441928929820528,-0.14671655892367433,0.054016203295615815,0.1558120124862306,0.08731026461128213,-0.009870115160773912,0.11174860845559648
1125.0,-0.029162397214168634,-0.09062070778782978,-0.08661093620783246,-0.12068152096742994,-0.08886355705126289,0.06387109235048882,-0.08749996396406458,-0.0045687021548597075,-0.07672408886591811,-0.04119483338971328,-0.12700251291732156,0.038395702255822645,0.0650220261322582,0.009510810304062863,0.04991011207407631,0.11199093975736471
1126.0,0.013469349622224213,-0.06296599541666581,-0.027851182517347847,-0.11329901122077178,-0.07458445270077076,0.07743017993275478,-0.11943193670341573,-0.04117823143464183,-0.03060381084812481,-0.023549050462828257,-0.11045917059032782,0.015624645309290175,-0.05282285844285175,-0.08025708376454672,0.08715026494616912,0.10002908523753144
1127.0,0.04309625684464601,-0.0295323408672254,0.04044763869404709,-0.09755282312917794,-0.06135715570626976,0.08823038078641933,-0.1333790882039313,-0.06868700174206765,0.013226443854505488,-0.0030354571948055633,-0.09143749149939427,-0.007549942420083302,-0.16625694052297074,-0.1618223846149285,0.09252568687262464,0.07457097555861837
1128.0,0.05651505436433224,-0.000461038300359656,0.10301297427944324,-0.07782066326435243,-0.05331361393569302,0.0904216738345643,-0.12810647215500626,-0.07921407248605157,0.0455214238446601,0.016903014041099965,-0.06705405031986127,-0.026870976027575547,-0.24524798731268577,-0.21976557617939882,0.0633266037670189,0.037525083288728014
1129.0,0.05650250535944924,0.015691132495639762,0.14433292428956473,-0.06112163214099709,-0.05276625763106411,0.0764815665853253,-0.10825960367360352,-0.07170474210405052,0.06097207821818603,0.03154550294914756,-0.037649673042518185,-0.04083946321531282,-0.27190249272222006,-0.24675742349814764,0.003471848722791956,-0.00457580828286278
1130.0,0.0494895961690227,0.015551826568328778,0.1535105403039446,-0.05335262248901604,-0.05758048887052424,0.0433893633031848,-0.08075113556511408,-0.05084483717568146,0.059809678038794487,0.03695572031981431,-0.004807455078947377,-0.049212513623946075,-0.24469040989009874,-0.24291958124702104,-0.07494322770574076,-0.040282606349068724
1131.0,0.04163640168129491,0.002330893278132701,0.1266422650366727,-0.055286891827052216,-0.06072573092963623,-0.0031611028185110964,-0.05171866102520275,-0.023717017510094772,0.04673401565998578,0.03226750332276088,0.030728889457875913,-0.05177682891697263,-0.1752570936315241,-0.2135558439007133,-0.1512210287514985,-0.05586176280315014
1132.0,0.03559075822394917,-0.01607776619573324,0.06732620563640872,-0.06144399070673038,-0.053419617721229475,-0.05083204549930153,-0.02543903578694728,0.002743409088751514,0.02859418902742063,0.02040804464492928,0.0688949064685244,-0.04862559882352009,-0.08107664332183977,-0.16641545837766403,-0.2005597855393006,-0.04102108144485868
1133.0,0.029783110148041882,-0.03085701311320699,-0.013233964598131798,-0.06280433539867404,-0.03024930189466881,-0.0874901849102193,-0.004104019160922237,0.022642166206847503,0.012688884879212811,0.006659606231669148,0.10783853115055358,-0.04095831808315165,0.02106195892470195,-0.10924452854268225,-0.20289760167273926,0.00504832534677988
1134.0,0.02050231027802303,-0.03542962586403094,-0.09723431985329899,-0.051646602242594555,0.006858681780605332,-0.10728323801221228,0.012385936855702877,0.03165121281563565,0.005569002107693687,-0.0036844882716996017,0.14189207277363697,-0.030651619851399612,0.11727516412538135,-0.048697438080200064,-0.15166922004801645,0.07163113436780365
1135.0,0.005148139573668535,-0.027110584084962794,-0.16434758726218784,-0.025773287433792636,0.04823221357628344,-0.11156684184334438,0.02618310125582469,0.027869825637062282,0.01102088526277376,-0.007070221119167861,0.16255137517347457,-0.018758732924725054,0.1954456159988174,0.009491721199684404,-0.05770584948658711,0.14095007966536088
1136.0,-0.015555267675417712,-0.0076086026519231005,-0.19834427151889772,0.009870609164579854,0.08001827022482313,-0.10456396041272835,0.040523921598342484,0.012464092886790798,0.02754633200570727,-0.0024502381138618696,0.16232376275754126,-0.004981202465293826,0.24507412224056369,0.05992862172983081,0.0541135473186838,0.1965677984523981
1137.0,-0.037407122231901256,0.018007538276715068,-0.1926050030474658,0.04490474373211468,0.0900261134806932,-0.08807745577165137,0.05843373648373766,-0.010304561201481616,0.047776636763169095,0.008939701717397231,0.1394762301882543,0.011026961174855517,0.26043430341167917,0.09713289687571522,0.15422324939845097,0.22966800355417583
1138.0,-0.0542477145614999,0.04396490130096841,-0.15151629830768068,0.06805582528240947,0.07316138168005155,-0.06065298074754106,0.08116893278673314,-0.033844341005940054,0.061351540776359,0.024781406196391315,0.10093283238231619,0.02813559699732572,0.24385801417330796,0.11616777336551641,0.2194368960262843,0.2396024002440374
1139.0,-0.06043280179968097,0.0660573730087102,-0.08791099031272252,0.07259516111818817,0.03404619708111288,-0.021890510887185927,0.10637580332829358,-0.05140447589200157,0.05976502995129714,0.04308202562334337,0.06059272835213219,0.043542850988840115,0.20481217425326895,0.11471446287911218,0.24062736326159412,0.23010065970755963
1140.0,-0.05341518981606755,0.08178101676153358,-0.01861610772324593,0.05944464544722895,-0.014476299176549157,0.023209918902159465,0.12756998665109082,-0.059000378814753576,0.04034190641853849,0.0626226088456735,0.03316092720018946,0.053688533200838905,0.15511508641027558,0.09476405564745795,0.2240902206123365,0.20490270783444123
1141.0,-0.03525128933504416,0.08935400435112299,0.0401626472332611,0.03578370427294867,-0.05649596750648159,0.0645626302228398,0.13701149488688227,-0.056538312779452676,0.007496246450937273,0.08214468579724761,0.027374954870659284,0.055584188193490834,0.10420567541859568,0.061917294947111436,0.18694467125926653,0.16575651488328388
1142.0,-0.012244741757932342,0.08740442042011624,0.07690137357284885,0.010611248170742054,-0.07944184025362167,0.09124063176672063,0.13065034631126296,-0.04623793064721999,-0.029118906798938457,0.09916139547794035,0.04277428819651163,0.048264854434564304,0.05716329103765465,0.023213330019751635,0.1487958563274098,0.11326057045933595
1143.0,0.007138661255686751,0.07557330052387518,0.08744490544895317,-0.009252681027317274,-0.07854334718873107,0.09576840734779893,0.11070946966819234,-0.030683228885490722,-0.05867159925430107,0.10968774750721466,0.07117799147439466,0.033861396457087516,0.015482539845098698,-0.014468652199518435,0.12277920423279619,0.0489917402862775
1144.0,0.015357382042329193,0.0554761037581108,0.07491015727854267,-0.02096881662014844,-0.057518861255472384,0.07606842987698782,0.08361494335259594,-0.012468892658638462,-0.07343984987262778,0.1095455032532608,0.10111221077332011,0.017387812152050118,-0.020527646343338007,-0.04565605726619306,0.11003055841147893,-0.02271510097516921
1145.0,0.008823715398496008,0.031240195978427136,0.04666243048388627,-0.025629673242091713,-0.025931090109839162,0.03519215634894189,0.05565204409727692,0.005402603999591892,-0.07112431291485065,0.0964915723039076,0.12216726372833882,0.004736612871975585,-0.04899265804557078,-0.06787175264723416,0.10080586051527993,-0.09395877592827884
1146.0,-0.01045228152067162,0.00864920183379595,0.010841435793293889,-0.02677278660226721,0.005306858957397932,-0.02016503313503181,0.030199713590722394,0.020165652483172827,-0.054141983103138634,0.07144536928226443,0.1272328315623113,-0.00026324138853387743,-0.06511245659745263,-0.08179864271213998,0.08186117234764034,-0.15358576644027916
1147.0,-0.03549042171997282,-0.0068905000409408895,-0.024652125080450584,-0.027868967815365832,0.028584122942964155,-0.08144240706734042,0.007861081422266717,0.031003625200639887,-0.026912551398283063,0.0379609201918166,0.11316075390431776,0.002224899101683281,-0.06298459057312603,-0.08861919055470159,0.045446377139700296,-0.18926865935870904
1148.0,-0.05672960640985895,-0.012180291519446251,-0.05112384887246943,-0.03024660630369284,0.04213948892768018,-0.13940719347622943,-0.011912866425544181,0.039923113859386426,0.006330075644163674,0.0007612676518786374,0.08145215206483439,0.00853023955783931,-0.03991342913798416,-0.08692758576618737,-0.0062485139886591014,-0.19188510135972264
1149.0,-0.06479004355928153,-0.007186439414081052,-0.05965160014277391,-0.03297040977073374,0.048831239688776305,-0.18427772460287978,-0.02928632923800746,0.050284866663300606,0.04148827973953653,-0.03549643635702389,0.0385767105227615,0.013887316252275139,0.0007417445963576512,-0.07271022343686245,-0.06363511185074722,-0.1605469850665987
1150.0,-0.052992509759151415,0.004996355413533073,-0.0448482739437761,-0.03444564723282066,0.0522663583206296,-0.20568783772148957,-0.04317105670699609,0.06356751661731269,0.0736376796008775,-0.06665258081828826,-0.005803205704218019,0.014828495592499625,0.050810481024058565,-0.04277531796354717,-0.11535483024829972,-0.10473964448340685
1151.0,-0.019839699714645945,0.019649954319127142,-0.008551510042484197,-0.033999263194249355,0.053531158992274154,-0.19474263969385233,-0.0512149395526122,0.07669859393372445,0.09770577300352908,-0.08866438804543282,-0.04269271261958486,0.010006996908263571,0.10077976001371271,0.0011462888916487538,-0.15157420393902357,-0.04151301810998165
1152.0,0.02925184878975919,0.0330392608152875,0.04013857487183564,-0.03199735518706352,0.0507339504493484,-0.14884601196853728,-0.05062161181418119,0.0826066966493901,0.11056690349117074,-0.09724896988634625,-0.06751658462566082,-0.00035990087848591516,0.1425639769952779,0.0508880499852722,-0.16429963632866515,0.010948012715921768
1153.0,0.08263494329603499,0.04432217880694886,0.08809236304554897,-0.028604878667590206,0.04119852457180643,-0.0759736079085293,-0.03931974727260608,0.07449831645807402,0.11204039371676335,-0.08883454067670953,-0.0812757665459756,-0.015091993104314843,0.17052536579492977,0.09431047693717852,-0.1477694312758446,0.04009122839715022
1154.0,0.12604824489249986,0.05511466746320428,0.12244775876067311,-0.022526473004322364,0.0247299522146429,0.006163567638118194,-0.016933748504260823,0.05103265464453335,0.10399300590557174,-0.06287928937840292,-0.0881909195469951,-0.031764028670606355,0.18076477102127606,0.12051060941898298,-0.10053343866648884,0.04297908406866961
1155.0,0.14774417584947502,0.06694529232003926,0.13470615008635697,-0.011058811441920635,0.0056983068434593885,0.07701005296246605,0.01465201554654224,0.018698713849886688,0.08908283405721724,-0.023711528470422218,-0.09154933530134002,-0.04595949296470427,0.170202447973822,0.12475045106437159,-0.0279963289406121,0.025759687535077
1156.0,0.14278983984001464,0.07900461426135774,0.12336853612859582,0.008288521861960075,-0.008168801209774243,0.12250822827737613,0.05160948708518305,-0.010390271625984666,0.07032470765077134,0.020104429202299667,-0.09110883699085968,-0.051640389762408555,0.13811986676555787,0.11019230062798853,0.056757756109572885,-0.0006870989882488474
1157.0,0.11448149462449454,0.08838355735892216,0.09346877201048011,0.03560834325133737,-0.010089445266583981,0.14140817294446614,0.0896444807595672,-0.024666808793834462,0.05108428584511473,0.05873844591217161,-0.083895572844468,-0.04373234512088792,0.08962790229116577,0.08555684758874431,0.13550707657587324,-0.02602607891235176
1158.0,0.07237603318664348,0.09208153564404847,0.0531091175833005,0.06733793184962483,0.0016350575143703626,0.14483841311470544,0.12495706883307652,-0.019983969385900444,0.03442229336749765,0.084207038929124,-0.06694680112710934,-0.02145547267593584,0.03631313587741013,0.060207836971579096,0.19046605750386938,-0.04399617455023108
1159.0,0.028361101162674828,0.08847224188823634,0.00967754653787963,0.09673430132599854,0.022939402822295056,0.14962257589636602,0.15310803857151611,-0.0022121506232581486,0.02149420243414316,0.09187857921014192,-0.039618678741700906,0.010760637751174761,-0.008456911439583477,0.039559070875848666,0.21019866311591542,-0.05348351502343783
1160.0,-0.007362938603080137,0.07733852653203127,-0.03140926769019025,0.11583361294625011,0.046798276774783806,0.16891491113760568,0.16784374300498386,0.01693056009249482,0.010476394414271827,0.08063374338799222,-0.004759547058079776,0.04573966444717832,-0.03598580201436829,0.02353989916927389,0.19307722548416079,-0.05749668905488744
1161.0,-0.029138719702898306,0.059257132017821526,-0.0654494644535755,0.11823123856422373,0.06680646129666819,0.20451860805281744,0.1626817399778771,0.027621300886141623,-0.0021481230384019414,0.05272797423755703,0.03131842298382284,0.07692285820625482,-0.045523862269000036,0.008776657528191066,0.1469237483937679,-0.06066630107764007
1162.0,-0.03677949747474622,0.0353212722374775,-0.08751048314966872,0.10176605523987797,0.07899077134086499,0.24503067436073428,0.13443253787719053,0.027161057915520002,-0.01839794804507372,0.013675034947151787,0.06060366068218241,0.10009754810658458,-0.04280324054257502,-0.007670185351302419,0.0849539633350008,-0.06649478341858318
1163.0,-0.03451626291194344,0.007453463538657145,-0.09396847351401405,0.06977544394202899,0.08141623617706682,0.27151368334402093,0.08599050451072342,0.01956360031671362,-0.03623871091478931,-0.028140724608603163,0.0765017243868886,0.11348790457250965,-0.035146902382702634,-0.025984213902663627,0.020201127886596445,-0.0758846296425044
1164.0,-0.028683002563509554,-0.02109581983845647,-0.08525240097859509,0.030168625845366195,0.0732197835682324,0.2675215131909765,0.026839015288298875,0.011426048046706853,-0.04972978348483519,-0.06255046245574312,0.07667846502942977,0.1173916419256051,-0.026479921773050422,-0.043637186030870544,-0.03849354011528676,-0.08745726452669224
1165.0,-0.024988428029428918,-0.04549813721649325,-0.06644593132025757,-0.007106369662416611,0.05496518851378167,0.22736391582912036,-0.029367737600302545,0.007749598864893183,-0.05191025755834165,-0.0797148997649416,0.06422142231325835,0.11372702768790985,-0.0162622996058392,-0.056697451192864914,-0.08729281120195782,-0.09859973475190544
1166.0,-0.02616318162510948,-0.059984647201392266,-0.044355806581337975,-0.03325632181617446,0.030143012062371046,0.15848010075641408,-0.06984285633903892,0.009616166171335528,-0.038478323731014605,-0.07298017354733403,0.04659728945890596,0.10519095126901258,-0.002919390594650281,-0.061582872031309834,-0.12522091673340896,-0.10623196935651633
1167.0,-0.030792048973223674,-0.0602725376137416,-0.023491297548471176,-0.04376696149818871,0.005463042083077759,0.07808542302218115,-0.0880794199002141,0.013733321633284001,-0.00997251489804509,-0.04144111722699249,0.032727071753448606,0.09404158875296713,0.012322583214745908,-0.05726744633123646,-0.15112298235185986,-0.1075733259655419
1168.0,-0.03383188377447815,-0.04706875686109754,-0.00454384095818955,-0.040199229671908296,-0.01171788778455082,0.00655670029960842,-0.08626659203854625,0.013497960686707512,0.02799366897306019,0.008951982289831259,0.029210159770557024,0.08112325538496755,0.02514817255567389,-0.04697002074717751,-0.16273178358390294,-0.10101745906013375
1169.0,-0.02877160817957236,-0.027544765020301447,0.014061902437905812,-0.029128587354102883,-0.01730651288233733,-0.04004006206655876,-0.07317281627954453,0.0017213996798194646,0.06558816913377431,0.06653678452569457,0.03714959666403925,0.06605888056641725,0.030702514171270835,-0.03735412170570096,-0.15846814501917655,-0.08644373507202577
1170.0,-0.011007047700947471,-0.01253181878431369,0.03412673186043768,-0.01829052654610053,-0.012373281455383144,-0.05560652012494506,-0.05928394634961702,-0.025406156337088658,0.09085653565248453,0.11731561703921332,0.051271117515813106,0.04874320449274819,0.025293244521671285,-0.034954984024682174,-0.13928959977889188,-0.06496262823295627
1171.0,0.018683436451515906,-0.010936148961044934,0.05679747201593048,-0.012425966515890648,-0.0017570963355596598,-0.04469565520644383,-0.05207624612598227,-0.06527839669784966,0.09372925516108371,0.14929242977984747,0.06248433316639553,0.03056235542473888,0.0062940158650306955,-0.04232045840531043,-0.10848230556791325,-0.03857392102427309
1172.0,0.05293128360209478,-0.02502543684937714,0.08188383467139813,-0.011879997789189741,0.008692416177309942,-0.01772291839918769,-0.05330764696848155,-0.10887319017115685,0.07064895276267057,0.1558475922649361,0.06298610053006275,0.013726447443854628,-0.027055595601107624,-0.05656447978456149,-0.07030653091084908,-0.009703421866829732
1173.0,0.08067950144566254,-0.04945000858749461,0.10676562721673118,-0.014613326564320076,0.014137190105319556,0.014979524868382391,-0.059469163670144154,-0.14383422242917152,0.026730674884789918,0.13689647160585217,0.050707623837637335,-0.00048643982441128926,-0.07110445024342539,-0.07076557157912139,-0.02915356611577121,0.01915799369376026
1174.0,0.09245580395231287,-0.0747802129239388,0.1261255117875026,-0.019172955640525065,0.011883273208041332,0.045718750790885755,-0.06514395091561995,-0.15939442888422212,-0.026512580075717836,0.09780994250722427,0.02995282543414191,-0.012370605315984145,-0.11633814371594116,-0.07721298572414777,0.010725413290981154,0.04514532635158251
1175.0,0.08400564417292798,-0.09338829613660786,0.1332663907937444,-0.02575099100863005,0.0020817677161888855,0.06918696738153986,-0.06680513671044656,-0.1513136010398116,-0.07662798017874309,0.04702726525433949,0.007937426442865462,-0.022695110398096744,-0.14942293576492924,-0.07132992117539055,0.0455016635680064,0.06460709309524783
1176.0,0.056585557123948506,-0.10315909685827944,0.12219235676607987,-0.03497734802718244,-0.012240023592458786,0.08235359749523775,-0.06449747364729147,-0.12414943196927979,-0.11510134548454447,-0.0063096856209831,-0.010049531970307859,-0.03142871756631926,-0.158560220183943,-0.05440687607279163,0.07176306437482913,0.07384020083720085
1177.0,0.015480767569726715,-0.10618997896557882,0.08976969638723374,-0.046223361042881245,-0.026308348459774353,0.08462189165590374,-0.06099552773613873,-0.0887275303358943,-0.13869060203222977,-0.053860802426174754,-0.023242842710829416,-0.037904113032543256,-0.13982464817903872,-0.03316923518019564,0.08599999342806955,0.07088128653068292
1178.0,-0.031417552662664563,-0.104539463934706,0.03806088206675652,-0.0569483175725667,-0.035719109983819684,0.0767971530010842,-0.059574793705241914,-0.055979096861269305,-0.14785195640364288,-0.08900755990955203,-0.033959896831525026,-0.04209147576655253,-0.10047560213204831,-0.01602652097618185,0.08451860465465762,0.05707089069603747
1179.0,-0.07479419935277584,-0.09765501931893308,-0.023952886615745808,-0.06340666420721368,-0.03837186119157895,0.059609361555675894,-0.062005230552608294,-0.031626032431208186,-0.1449786074733863,-0.10777131709580985,-0.04409274552490554,-0.04536428935350689,-0.05686078697501691,-0.008575034377838244,0.06453270900655025,0.03714871853094681
1180.0,-0.10551837416174112,-0.08365589029569342,-0.08145223719289803,-0.06221911022798063,-0.03499522965868717,0.034033216964336865,-0.0683256766976085,-0.01525497091444455,-0.13350351855098355,-0.1095165604812829,-0.05328248564466239,-0.050034788940109466,-0.02880872883609172,-0.012025588885063419,0.02593079435863665,0.017111581140274078
1181.0,-0.1169145743332929,-0.06254331456922886,-0.11871573359272715,-0.05198953773395403,-0.028168021624866556,0.003294852610123291,-0.07846427820705146,-0.0033585502491509708,-0.11692485365575968,-0.09689614411894204,-0.059866742482017135,-0.058217414091517976,-0.0332995603039259,-0.02525040088339984,-0.027072914279980532,0.0009454986928878181
1182.0,-0.10713787425555044,-0.037938632144402996,-0.12550094672374143,-0.034328494137337476,-0.020680928835983884,-0.026703552205188632,-0.09371110590331692,0.006493839788700409,-0.09759560286205793,-0.07493793287562228,-0.06264593336460159,-0.07075319981283097,-0.07863227454088047,-0.04713594785363695,-0.08488826825001126,-0.010715613094616197
1183.0,-0.08023975079926049,-0.015589116389908444,-0.10097254061710935,-0.013779345897511317,-0.014351198034950054,-0.050470398528818884,-0.11603773637814888,0.013251407347160937,-0.07650885213471054,-0.04959310762252167,-0.061736102011395046,-0.08668084606657747,-0.16064857487806458,-0.07630711115543484,-0.13329472703465042,-0.018911208468759957
1184.0,-0.04470952094453822,0.00020084428651155644,-0.05372535324157125,0.0037313437835694648,-0.010212167633802834,-0.06685491548427169,-0.1453259402464434,0.01333128817696304,-0.05444213154591598,-0.026539427545054752,-0.05844230505458839,-0.10342841548664922,-0.26254524483240477,-0.10895455955819996,-0.15778433378059492,-0.024231829456592018
1185.0,-0.010261386267563297,0.009137414285096568,0.0009188551234405214,0.01325629428712199,-0.009719829855899,-0.07993135674635497,-0.17701146437365708,0.00405835069340004,-0.03300217345414686,-0.010784514367294593,-0.05478542951976352,-0.11741613031121051,-0.358437183094508,-0.13817712979828703,-0.1506330597704028,-0.026805355199766026
1186.0,0.015297188098572669,0.014399878971894169,0.0453007710782258,0.012415291446887623,-0.015285802520624867,-0.09639959836076387,-0.20345785432943453,-0.013258788452383116,-0.014124035041919527,-0.00624584215611055,-0.05328011351385444,-0.12476107072592499,-0.4206971604207015,-0.1571149158532124,-0.11568373368690535,-0.028044481576138137
1187.0,0.028522123425503983,0.01963274088997773,0.06511991126154563,0.0015236435439375743,-0.029300068252505605,-0.12190180728801676,-0.2189910759240824,-0.03305581303551995,0.001507943267573369,-0.014463714955587651,-0.05730727819349655,-0.12235445985534979,-0.42996478411299843,-0.16333563652452257,-0.06679840704487432,-0.03185411247294284
1188.0,0.03195590788225111,0.02581930212416224,0.05504281168519826,-0.016865733625283454,-0.05257621303039336,-0.15812908247615362,-0.22351496238591395,-0.04826519075903888,0.015400030939346552,-0.03352869223490687,-0.07125579218647259,-0.10944702056080477,-0.38315203669955666,-0.15969213920202036,-0.02150668110655449,-0.04332632459190049
1189.0,0.03323167677662896,0.030505924288595002,0.021444363701980076,-0.03811335927178685,-0.08324960922774449,-0.2013374297113271,-0.22011192696452794,-0.054364638690559235,0.030585643648134517,-0.058660684027508125,-0.09849044848566675,-0.08871474010909754,-0.29396129263197934,-0.1509654788730639,0.0060646777490954065,-0.06505180742374442
1190.0,0.04032244613969443,0.030304596255701744,-0.020112971939709436,-0.05571895913225721,-0.11647095319874724,-0.24270439731665197,-0.20868702720399218,-0.05190860906244172,0.04956331573137252,-0.08382418462158406,-0.13717994081745538,-0.06547521990611341,-0.185484408974706,-0.13989068609052302,0.010332786207510962,-0.09350923585219315
1191.0,0.05564948489089551,0.024553806318028785,-0.05206209410625618,-0.06262231564328942,-0.1451672483800677,-0.2707270507379556,-0.18286723053876147,-0.045185038192915215,0.07173035627469683,-0.10299422247133873,-0.17797342073800151,-0.045203232607368894,-0.08085569350476178,-0.1255818072086256,-0.004174342639782903,-0.118715238333206
1192.0,0.07412908528988447,0.01678239712250225,-0.06255462677133267,-0.05366737550279141,-0.16201305990847756,-0.2753024527129827,-0.13418080020846085,-0.03800356802211044,0.09205812886883213,-0.11112144814159511,-0.20718327183102953,-0.030898647314852187,0.00196698542891687,-0.10452238327287025,-0.0259295069561796,-0.1281212752076738
1193.0,0.08673126947195484,0.012928339937097081,-0.049599989933609985,-0.028019328752937712,-0.16219672521693496,-0.25247679739536616,-0.059557564590451195,-0.03084313524902119,0.10292467692733956,-0.10534581164924407,-0.21344402483764702,-0.021648081563936418,0.05176631112739908,-0.07275026005984911,-0.0432850353276796,-0.11222697274943878
1194.0,0.08646834346985804,0.017885766921961043,-0.02077041329867457,0.009926690657559037,-0.14584621507636022,-0.2076132810171529,0.03414633250257091,-0.021907641400313465,0.09893759988294129,-0.08609962146812587,-0.19244354601168945,-0.012873899710831613,0.0656632294836171,-0.02826615637835181,-0.05126301386920162,-0.06876640124840408
1195.0,0.07280310925620295,0.032597694668042056,0.0104474401692028,0.05176027635754919,-0.11855498670023462,-0.15427100375464686,0.13049715343650442,-0.010220467598741385,0.08128594175532419,-0.05754882489772826,-0.1475105872583732,0.0015210508387158066,0.050573644702892245,0.026784594224158544,-0.0533699365333206,-0.0043882293731124155
1196.0,0.051997582147256395,0.05306772157732136,0.030614436630197483,0.08788261822017664,-0.08918307034983598,-0.10854733128745754,0.20743738639856105,0.0025427158586193662,0.05760214078099889,-0.027191457501766568,-0.088081679543526,0.025345000883322366,0.021596426237715165,0.08519125130636857,-0.057116044705841126,0.06668500654203374
1197.0,0.03322563216360555,0.07149178970194889,0.03248024092290989,0.11071258333716788,-0.06582635870739134,-0.0824175326771506,0.2437146983273716,0.012678761919661774,0.0371216911436464,-0.0043641569546903685,-0.02781336300214397,0.056255503418243126,-0.003493295997329351,0.13622735888862836,-0.06735259901782271,0.12760149822952857
1198.0,0.022893631854286643,0.07923080685020135,0.01799785237092935,0.11698016682214402,-0.05227919168213518,-0.08043376815011805,0.22641406254106808,0.016569629256026657,0.024942190300852787,0.0026476963886758876,0.018375027119513734,0.08471390758597847,-0.011008429024897728,0.1695572307879408,-0.08264949969843818,0.16546844841645136
1199.0,0.020939883721054015,0.07062341668191141,-0.003406300933087093,0.1083330513143684,-0.04722331297920599,-0.10074595527212403,0.1566228433695664,0.012727382862639332,0.01940401932122032,-0.00952272164847932,0.03885927582340341,0.09771813673058295,0.004600559000761614,0.17964221162427502,-0.09613711071325241,0.17526094161453065
1200.0,0.02152387539071051,0.0453454921968562,-0.020214845812051713,0.09019067511601345,-0.04640434930968323,-0.137623984820111,0.04990551396412781,0.0025080514963941275,0.013982340047444409,-0.03647121266433045,0.029633643713557162,0.08564546292908347,0.04071742962528076,0.16802867087360615,-0.09892618781894183,0.15890992824560624
1201.0,0.017311307766450866,0.007837092113326397,-0.02562270359350927,0.0693192570896884,-0.04588172960606809,-0.1828391119361855,-0.06878435523110765,-0.01099556583719422,0.0019809477381014908,-0.06676756972159797,-0.004215608620230802,0.04754349737723155,0.08896493737788426,0.14214945146057875,-0.08433821537379814,0.12200579640269867
1202.0,0.004184818055127981,-0.03484594029310786,-0.022573304109319656,0.05115794401241963,-0.04403398268100043,-0.22651383986166596,-0.17267556627580555,-0.02513708683919431,-0.019359754586048196,-0.08670286854802697,-0.05085706477498064,-0.008283980208161264,0.13912893518070882,0.11199050864370452,-0.05201738199340046,0.07178377485773682
1203.0,-0.01655717603174914,-0.07472653079086826,-0.023246295186779755,0.0381564598264698,-0.04126194647694165,-0.25951457259121596,-0.24014583081191104,-0.03926006824602534,-0.04751602115693973,-0.08625682508191762,-0.09636040715027121,-0.06752408149717704,0.18374222418898326,0.08713809583557723,-0.010099804730235556,0.017128954858569672
1204.0,-0.039564606225480324,-0.10434609506874629,-0.0422143005282749,0.02962063464509432,-0.03810776398504182,-0.2770649009608274,-0.2596330594085587,-0.05406352447988085,-0.07588258291874177,-0.06253389964213699,-0.12868781383555383,-0.1144360686001586,0.2205075868530341,0.07507240623813731,0.02692165888295272,-0.03100042184121071
1205.0,-0.05934615977969987,-0.11913356191602559,-0.08728061224151674,0.02279654788116131,-0.033610349371301855,-0.2803616954205928,-0.23143406490055293,-0.06889932116032446,-0.09668549851557184,-0.019278107107876405,-0.13915724088524464,-0.1362347528972679,0.2511508286709494,0.08008979149395028,0.04475751921104383,-0.06020904305723237
1206.0,-0.07404861353977606,-0.11984114033943785,-0.1531711717560865,0.014738219239090173,-0.02523008636001601,-0.2734975443196712,-0.16585554143495349,-0.07943821099685355,-0.10488880099910441,0.035566945015121226,-0.12210492913465258,-0.1262479465905473,0.27906029730825765,0.10236502343186707,0.03693608615215366,-0.059839585224815486
1207.0,-0.08625138793247555,-0.11265842673433121,-0.2209312010188151,0.0039581172931704945,-0.010171578616365456,-0.2570168436125454,-0.07875631602594681,-0.07864896354330106,-0.1013067545685644,0.09171906165752516,-0.0752488363316366,-0.08502580286528512,0.3076933623028424,0.13685849033479108,0.008591305949751717,-0.027318056409449922
1208.0,-0.09975822941113467,-0.10624908722884105,-0.26349037694249033,-0.00916553141687092,0.012956447434697196,-0.22388368621518454,0.01345743557797383,-0.06123620031569005,-0.09248883375142279,0.13756551669653821,-0.002374658496279607,-0.020054758386241104,0.33844140043276627,0.1726078465897057,-0.026373867884664854,0.02594362781525603
1209.0,-0.11442023817851991,-0.10735285646607416,-0.25590770630834975,-0.022711884164831282,0.043071724720608155,-0.16319527536107992,0.09767724822739011,-0.02833243045439223,-0.08671529282140816,0.16182313502504747,0.08378276367763643,0.054846402533570225,0.3672038742439706,0.19479847165992195,-0.0527976625161022,0.07557703742867013
1210.0,-0.1239850419111288,-0.11719237912194717,-0.1867372321569523,-0.03296762355493321,0.07676128181230683,-0.06931764350926482,0.16626957758073987,0.011515608808793371,-0.08876120951629447,0.156824975080357,0.16285981305957017,0.12162362054085069,0.3829217343744551,0.19130290767302363,-0.06065766822863803,0.09473543038908186
1211.0,-0.12080098642096669,-0.13026275812789972,-0.06539525722529826,-0.03415712380462976,0.10964030325927189,0.05218045007920641,0.21794024665947673,0.04706983585600233,-0.09766010023961698,0.12212230878700177,0.21371837433207416,0.1634411316015998,0.37165373536454416,0.16057152601926541,-0.046123003498418684,0.06906483898796412
1212.0,-0.10370060129311609,-0.13639167735712648,0.0789487474349849,-0.020513407922025,0.13778051194263255,0.18616168224061205,0.25670934901985787,0.07220199902567619,-0.10877050800364454,0.06547840766762526,0.22348072740763056,0.17165662399696424,0.32432858581160695,0.11416631861294473,-0.009369415505382164,0.006419297230209701
1213.0,-0.08027766836218521,-0.12582408844416573,0.2074352398124377,0.009214710474036512,0.1581729621135668,0.3134077054663085,0.28742271157805066,0.08970171889272059,-0.11690425423710206,-5.811070225296891e-05,0.19360596672370903,0.14915698828657328,0.24187674416917646,0.07059027584863134,0.04568594087185439,-0.06654161757607872
1214.0,-0.060623449029362765,-0.0945568396399983,0.2861699420793941,0.04901136661122946,0.1688221814690936,0.4153862196443488,0.3096170290460237,0.10696483302758028,-0.11728606166903956,-0.06092367930190608,0.1391831511873362,0.10733121322233583,0.1345968986742236,0.04464888024696177,0.10926639374705582,-0.1191829385205326
1215.0,-0.049090013471521664,-0.046123301028703,0.2988282547713666,0.08792843660366652,0.1692549150514619,0.4773261822164606,0.31585646867002837,0.12831525207016267,-0.10539802869105692,-0.1066997286763104,0.08161058653593956,0.05979871005845824,0.018635899041745868,0.039883070042153405,0.1658991808961313,-0.13216659944795495
1216.0,-0.04193463441397012,0.010599177640665074,0.25129265541680396,0.11520286092401372,0.1608081260799998,0.49014710561724617,0.2970086542299896,0.1515179868685324,-0.07842727563671739,-0.13173533733940732,0.0391414094623119,0.017833922147140885,-0.08777302221306975,0.04811770512302923,0.19983413790904048,-0.10354264498011716
1217.0,-0.031892603050692116,0.06492058485246172,0.16646590367640948,0.12396198008351118,0.14609727200579278,0.45177750603914624,0.2493915721133572,0.17012433010330757,-0.037896137708568714,-0.13508934549419427,0.02042932856705662,-0.011223421942815932,-0.16872447916323935,0.05536458157486988,0.20310996530289213,-0.045326773049209276
1218.0,-0.014548609364083568,0.10768845663232444,0.07328929966976454,0.11235949242031783,0.12819678352121933,0.3677533250972669,0.1784203553979238,0.17820363931801528,0.009395319576670573,-0.11908556799952598,0.02324251419191158,-0.024088088543548505,-0.21439628158024093,0.05055968771465353,0.18054894883173545,0.023848303165191202
1219.0,0.008534051893876111,0.13425157100593818,-0.0038453502979720142,0.0829750818442925,0.10989650135929165,0.25027977753686387,0.09835855713514029,0.17395497223929884,0.05369510115386014,-0.08747527283564119,0.03735101133632866,-0.021142010305663688,-0.22158975541530082,0.032193994577369225,0.14760191664435837,0.08556686562977658
1220.0,0.03095732032051326,0.14605030084881732,-0.05172824073795987,0.04135092391533496,0.0928261042088143,0.1160108865072918,0.029421479848664178,0.16061589230550558,0.08693488466106851,-0.04470894780774537,0.04938931456789517,-0.005784560940109599,-0.1922347349514448,0.008888515212241675,0.12168514458762912,0.12661988387268558
1221.0,0.044971592868098605,0.1494372915013863,-0.0699719732898704,-0.005395709647203819,0.07670007985776582,-0.01634701420143298,-0.008206095459586235,0.1447501258742211,0.10675313915997657,0.003520152286254526,0.04789962595413688,0.01648222722000023,-0.1326185997611834,-0.006370361345906809,0.1122483014668915,0.14160336786618874
1222.0,0.04496672466096498,0.1514326886297581,-0.06768036450978467,-0.049525397209906404,0.05940063640240389,-0.1284545666994904,-0.003337310422708281,0.1327718435146947,0.11676566192164643,0.0499241804909627,0.02744031705287024,0.039624968525483986,-0.0534371382663072,-0.004925574752550521,0.11610918536764657,0.13228575412968782
1223.0,0.02983225467269203,0.1543900446031573,-0.056698183876224634,-0.08372953748101485,0.038289248482963445,-0.20446777716411668,0.038583208207791014,0.12742136926502967,0.12295529838587314,0.08692818510458004,-0.009054015232708124,0.059154818704722056,0.030447596101769572,0.011437018407231965,0.12099555070013236,0.10447044853079539
1224.0,0.00400141123740385,0.15350894410902535,-0.04463999388767376,-0.10247437928866933,0.01224029425769329,-0.23205278716894795,0.09579615303151143,0.12674137948184205,0.12968249986504476,0.10948983756029457,-0.05038791150308238,0.0735261272531909,0.10126568915931294,0.03121252556076586,0.11412238766472682,0.06510487958470673
1225.0,-0.023437666969650932,0.1397665269736381,-0.031226743082854662,-0.10325026992923608,-0.01693386546298321,-0.20367601407760205,0.13995455707053656,0.12623243414043142,0.13845599574330594,0.11746412708518009,-0.0801485025049231,0.0836536306205184,0.14147062008408853,0.03973157043085081,0.08945881162686897,0.02129657132248808
1226.0,-0.04213296359750435,0.10667832309818909,-0.010077526505285983,-0.0876146363594249,-0.044546768740663545,-0.12031848313985796,0.1490643262541175,0.12170919611711939,0.14904765110140755,0.11561377502035937,-0.0822918996244782,0.09062570798435136,0.1386489524105874,0.026534166412797683,0.04988174312067972,-0.019905914711230557
1227.0,-0.04493822658587605,0.056547910986639124,0.025130450884919272,-0.06165957727176872,-0.06435313778360169,0.004496929706834472,0.1163052716101005,0.1106247068265908,0.16052762176532795,0.11131217528631816,-0.04756618994644871,0.09348146023395128,0.09034210120433055,-0.009935210777147978,0.004896322965748746,-0.05252797877357452
1228.0,-0.030653891505308926,0.002071702187351146,0.07486693004818085,-0.03472263652372865,-0.07079410451756511,0.1456513343803629,0.051685574219848075,0.09212320607558044,0.17105855022693892,0.11126890509294382,0.02207534517162281,0.08923758746583978,0.00665940179320521,-0.06072501529642831,-0.033975443627308935,-0.07333979693400419
1229.0,-0.0037084378158618284,-0.03833138974158579,0.13254892037405858,-0.016075696423241637,-0.06184540235912433,0.2743432324702049,-0.022700927661613135,0.06673887325878997,0.17748619513344802,0.11858648690342116,0.11362536577515502,0.07518665357232608,-0.09073071317245786,-0.10820656280783149,-0.058428330950587574,-0.08284003862234339
1230.0,0.028196899851698362,-0.048975561716199136,0.1869141423802435,-0.011534328077157673,-0.04104838586907307,0.36856299330166625,-0.08096377256877008,0.03607824300566959,0.17607213303697264,0.13154252333809832,0.2078488498090094,0.05124008550619908,-0.17401187196273724,-0.13233149558761906,-0.0669606125428993,-0.08442774486319969
1231.0,0.056873568434721265,-0.023935381106904154,0.22457352477660597,-0.022067490328675294,-0.016849526378789354,0.41906454076502914,-0.10202866674620135,0.002797281314826528,0.16411700070956187,0.14508733400110024,0.28597150727484555,0.02050283715607294,-0.21815682636266567,-0.11985578936729951,-0.06494589399981665,-0.08204508260893494
1232.0,0.07601458985162496,0.030967761216760984,0.23268247799947334,-0.04447147182264219,0.001122761976875007,0.4279738796255503,-0.0762628154925596,-0.029077857535636895,0.1413760762769443,0.1540855768492172,0.3346233437729065,-0.01175614432822088,-0.2099082233968898,-0.07165157037498551,-0.06144254947382737,-0.077907446963651
1233.0,0.08281408332039877,0.10081092763842407,0.20312295811819203,-0.07315762631575387,0.007036489163123038,0.40352441112402176,-0.008519378868542949,-0.05421601881774832,0.11088667085295116,0.15580858885627372,0.34759317224118436,-0.03989907563185577,-0.15235654552651154,-0.0034234958066567105,-0.0643791164623466,-0.07183425385281411
1234.0,0.07847977339029365,0.16629267717249088,0.13659719813733626,-0.102332240578299,0.0021756777968770257,0.3558695375047161,0.08298893160775589,-0.06731094384638513,0.079086297906393,0.1502099624934512,0.32589899425799457,-0.05995883744570295,-0.06314705924563702,0.06101078362888559,-0.07610238703963969,-0.062267906022181276
1235.0,0.06724873397279174,0.20890759042724352,0.04394775766609838,-0.12757710545445825,-0.005667842357425214,0.29555296499741496,0.17139232492413806,-0.06567594046026864,0.05442407711101177,0.1385414537699838,0.2775982803847361,-0.07089941524477708,0.032081572483777,0.10034860399164004,-0.09150446922452306,-0.04781697364405931
1236.0,0.05408441175929471,0.21615774102791488,-0.05572816666305725,-0.14578707739898353,-0.006773556409606743,0.23303703798583528,0.22888855399527455,-0.05174435016062691,0.0437996610663343,0.12170836665808657,0.21617190638646389,-0.07412696429454663,0.10818532124916945,0.1046641915450057,-0.10035842216563791,-0.028450075118446678
1237.0,0.042389423996934635,0.18553712563326155,-0.1395203127009385,-0.15384890686848965,0.004666646254270514,0.17729935848936218,0.23610482078203776,-0.03338613611146156,0.04807331736412431,0.09952573634685655,0.15610248538220875,-0.07208172505063329,0.14806482522570943,0.07784188819911148,-0.09329934092595878,-0.006353647852634281
1238.0,0.03340227775641257,0.12502528116952122,-0.18736620618336036,-0.14805457843700673,0.027338461633572075,0.13338123119681958,0.18909960379175322,-0.02111923469990026,0.060027246188430756,0.07112514166329587,0.10713375518480533,-0.06746487478103019,0.14661084462644802,0.032487743044682015,-0.06801096714823482,0.0137030516814595
1239.0,0.027373994301770104,0.04940058627961583,-0.18940989779279505,-0.12568395042676642,0.05416208047049034,0.1008702061691518,0.10024669391871927,-0.023596083438479416,0.06734427066963593,0.035903280867466296,0.07073476501241444,-0.06302166151318432,0.11061244241799369,-0.018717652708833826,-0.031245118056971184,0.025390454807285048
1240.0,0.024802924002319926,-0.025519429517234647,-0.1506451721935487,-0.08762845056393272,0.0764901724207464,0.07529504441483895,-0.006781765584693383,-0.04366249841823542,0.05911353477862959,-0.005381220907179855,0.041191484049550635,-0.060904717509010366,0.055887204364815195,-0.06858228897595674,0.004922792934066272,0.023981786380008925
1241.0,0.026224110311337062,-0.08752347878180992,-0.0894827311358159,-0.0394515157062307,0.08776638753825129,0.051972399402977494,-0.10501516801781186,-0.0765226750560704,0.0313420544554201,-0.04946380243144014,0.010434320100145288,-0.06171682276105305,0.001891990848769359,-0.11463802125318719,0.029786295546677045,0.01054175594915257
1242.0,0.030757615653142303,-0.1297250852293753,-0.02968086422214576,0.010354987756625604,0.08490092908599056,0.029199800436045684,-0.1725344678427504,-0.11093706105572468,-0.011816945971118369,-0.08997256752802926,-0.0267460184620521,-0.0640325425378731,-0.03524190652100156,-0.15467132669104441,0.038724631723364523,-0.006527388066671976
1243.0,0.03499308580132096,-0.1501224314102408,0.010538827472463928,0.05388935301147179,0.06794624420478623,0.008053548268544979,-0.19937878863178216,-0.13374833711873868,-0.06073662709041591,-0.11829242300407344,-0.06994398516825753,-0.064869627179129,-0.047978210351792464,-0.18344761439318708,0.033077913485073454,-0.015567807432002069
1244.0,0.03397939767701838,-0.15078740513401573,0.025899280547815998,0.08695805478462931,0.039351171262465845,-0.010499313012636614,-0.19098988400442968,-0.1360517307543075,-0.1043144265454811,-0.12643417696343504,-0.11358885525766794,-0.061350177289382996,-0.03882003401952167,-0.19354918829359322,0.01696196895245386,-0.009049868756733047
1245.0,0.02451200282497609,-0.1368802970254333,0.023959847587392596,0.10972371541409058,0.0033710315388430527,-0.028403242229396258,-0.16584222130795828,-0.11756651470920226,-0.13333075544841413,-0.11110230092099484,-0.14989336959701122,-0.05309455323606306,-0.018602301296701065,-0.17972302509556176,-0.004878789492080603,0.011929640801299197
1246.0,0.008340558176656653,-0.11492028311953505,0.018428918474430768,0.12451129488887237,-0.0345288415986619,-0.05151577527326299,-0.1468266905871565,-0.08661523737342834,-0.1427055095108453,-0.07651833092626578,-0.17285533488457225,-0.04350171602355152,-0.0022709027199816294,-0.14339303439315904,-0.027053361909402864,0.03944600734915867
1247.0,-0.0076773235841990466,-0.09109564680392425,0.0204394706420049,0.13296958631656167,-0.06838907094341262,-0.08805758195907903,-0.15002664245327307,-0.055821042969588924,-0.13270722232429888,-0.03376034281430779,-0.1810047018907715,-0.038083491744124995,-0.002221091945482313,-0.09359556259175753,-0.04382150815468671,0.0645619374568487
1248.0,-0.015060916194593956,-0.07030135381200964,0.03257431210663568,0.1350989227664836,-0.09239796122115428,-0.14418447871639878,-0.1771534009641241,-0.0360700474540711,-0.10886431733446544,0.0033622367576758047,-0.17690226000945927,-0.040465772119435015,-0.021620546390180594,-0.043368547386744956,-0.050989989439946884,0.08231397299717405
1249.0,-0.008734803914455263,-0.05508605787488693,0.04809152938124228,0.13012790919441627,-0.10154064694663625,-0.2183022654874009,-0.21574691288873318,-0.03213971608960145,-0.08023728253897959,0.023734278326980725,-0.16399544482144057,-0.04920271733723902,-0.05232894424976348,-0.00441928251944709,-0.04741651263610957,0.09290491681538315
1250.0,0.009460530646984783,-0.04441670623160232,0.05511120665951207,0.1175689877168606,-0.09277305251345218,-0.2979016495732026,-0.24569922496998306,-0.04188570377518849,-0.056270688467445894,0.022848543085483817,-0.14395818056461807,-0.05817810472366258,-0.07951386700774872,0.01651686826299169,-0.03440126662709974,0.09968871811585493
1251.0,0.031064336642509734,-0.034117430900824815,0.0435081801573571,0.09778678625967137,-0.06674251120589705,-0.3621785966731401,-0.24769710776144535,-0.0581407147443125,-0.0433112302200229,0.0032941442359138897,-0.11725281837407127,-0.060221410042009524,-0.08974661892729995,0.018601385094320858,-0.014161650062239512,0.1063377471902335
1252.0,0.04496458038055416,-0.020060881898392037,0.010907290454676607,0.07255688534651818,-0.028858017324287014,-0.3900436861377437,-0.2106308239786128,-0.07139913323686056,-0.04232844147016266,-0.027954596068678825,-0.0863205966890835,-0.05105564350165892,-0.07704683296768826,0.0058377484466030725,0.010628892144823104,0.1150042942999156
1253.0,0.042580069422625925,-0.0021500151576475113,-0.03538162737445355,0.04558251791770797,0.011691985379936898,-0.3693339007183811,-0.1365262390251601,-0.07263656549687955,-0.048706742707112005,-0.06300691625380796,-0.05765765575441786,-0.03123354800824766,-0.04420278675400805,-0.014843669095004135,0.03611085792603615,0.1255126110558521
1254.0,0.021741179341559332,0.014166259047242074,-0.08117455977580307,0.022006043755977003,0.045016896124158795,-0.30254357794153774,-0.04142560166410242,-0.05654817257266408,-0.05401452682518037,-0.09477452973669699,-0.040003155433311205,-0.00566514178397309,-0.0007758132920048233,-0.03567376451275046,0.05688049610872224,0.1345376955873614
1255.0,-0.012035927033854093,0.02029602942735527,-0.11125707339291878,0.006309734752602391,0.06429530076474588,-0.2064961989270669,0.04899253713077348,-0.024231108925048768,-0.04967037166957123,-0.1169353878262282,-0.03993429209382283,0.018559049514088318,0.03987072064145346,-0.05021173666102911,0.06755198710933075,0.13518327250889373
1256.0,-0.047227622217579215,0.009417889775095186,-0.11557763404728985,-0.0003327344621637599,0.0683012290200361,-0.10641638021097621,0.10797748088314695,0.016846197434135343,-0.03171215605656865,-0.12419096897756121,-0.05818808051625004,0.03495401603996792,0.06374668723641158,-0.05521850302156267,0.0658727125107245,0.11887962836285794
1257.0,-0.07031801170221713,-0.019168428865524785,-0.09316007974015225,-0.0010381275021266996,0.06128671215016295,-0.02782675179678604,0.1168133252413451,0.0560470184277935,-0.003627695357372993,-0.11395010502954979,-0.08860143243182356,0.03997245470823573,0.060379485668650014,-0.05151878095627189,0.055053969434170444,0.07963221405338285
1258.0,-0.0707710137538433,-0.05872912070024951,-0.052107654881191894,-0.001241426883847745,0.05028643327098032,0.010668937661323104,0.07113540701689422,0.08377741624273763,0.025516179952656537,-0.08800911462919817,-0.11969679443435534,0.034360147983979246,0.02802826832133253,-0.043272256079970275,0.043256881274056296,0.017957680308290574
1259.0,-0.0452644770380087,-0.0972821920143919,-0.0060529280387898905,-0.004853992515188169,0.041236477130182136,0.0033016995933073993,-0.017129000011543227,0.0945732032111072,0.04629461195090351,-0.052077632650646126,-0.13839996846388986,0.023179066881466807,-0.023376038248578514,-0.03544800041064494,0.03991648758039189,-0.05792838532741722
1260.0,0.0006511477252768629,-0.122131901027678,0.030954876175549404,-0.011466908172677336,0.03598468412017164,-0.039526568823673995,-0.12335391701334252,0.08846763791842624,0.05347042926988986,-0.013270159722110823,-0.13491160141980404,0.013799378722266182,-0.0758424314056161,-0.030838349655321572,0.050557623144450704,-0.13401912778744676
1261.0,0.054606010082853346,-0.12475604051854951,0.049007590957040825,-0.017030382539759324,0.03210628641206943,-0.09378977950859385,-0.2186292620371868,0.07026509555011574,0.047492418823166974,0.022198869234670165,-0.10645050513920729,0.01208220301664719,-0.1121394052371317,-0.02902261982885363,0.0733819855579766,-0.19420336518269182
1262.0,0.10248056340180924,-0.10362176152455094,0.04488565245724404,-0.01749294070917474,0.02548021701531709,-0.1308627904422018,-0.2786546261268493,0.046509883661629704,0.0332727614376272,0.04970638792870216,-0.05749336480907005,0.019200108273361546,-0.12321001671272394,-0.027598815357329803,0.10009787623835249,-0.22411799525016252
1263.0,0.13412151208013823,-0.06354907435471065,0.02193288096440783,-0.012229161745142282,0.01332380356753345,-0.12923300648313243,-0.2890372187488458,0.02183674785853205,0.017624811618106122,0.06608062815357454,0.0030361612300084232,0.03167475495321209,-0.1100738411039156,-0.02379716887579885,0.12032703601472809,-0.21477887763882964
1264.0,0.14677191858761912,-0.012860402139494088,-0.01218658222520408,-0.004622125666354014,-0.004236060252429595,-0.08351281402218201,-0.24700765512216027,-0.00238888317947975,0.006690609347368795,0.07003203898489016,0.06443943919978061,0.04425982775705799,-0.08177714181340574,-0.01560808154646906,0.1269370045957199,-0.16617254167234824
1265.0,0.14432195688103067,0.039291275548465655,-0.04828534729614464,0.00015451406550997434,-0.024097119090172845,-0.006337351051472774,-0.16132783252163505,-0.026247883209642452,0.004098609432454605,0.06316189499729537,0.11494709488519088,0.05309860433436267,-0.051974924545219355,-0.0027634630788505223,0.11965714403831752,-0.08907584573874983
1266.0,0.13318121032587965,0.08462850367185765,-0.07778074328951777,-0.0017169742913521724,-0.04117595532383474,0.07802084689720133,-0.05056853011330242,-0.04837202840625905,0.009764574388837547,0.05002381720148747,0.14235378824600833,0.057339509310276135,-0.03439217237066029,0.012942628058516467,0.10482615218995779,-0.002426181805573544
1267.0,0.11778885733618893,0.11713566143779988,-0.09424320928744673,-0.010489586715802168,-0.05035345141679872,0.14498908726128154,0.061154583171175204,-0.06453386401838099,0.01928148548974746,0.036153551405601614,0.1372902424628743,0.058963741280186104,-0.03730134300859352,0.02895486210612941,0.0909121477641725,0.07332165176238915
1268.0,0.09836426590190943,0.1342133449740331,-0.09486528175177712,-0.022530069245838887,-0.04867563630184065,0.17980161054573787,0.15085896710470303,-0.06872838850579949,0.024829653704507876,0.025189417012773982,0.09847541022347021,0.061173479404763045,-0.059392227568825555,0.04436930616760925,0.08293917034133387,0.12314584310793263
1269.0,0.07154277476156749,0.13674029414391023,-0.0811591864923187,-0.031948924276143965,-0.03638152472051914,0.18134963758652778,0.20366397002763464,-0.0563430963975253,0.01840758453366215,0.017331260033713065,0.035912713822628,0.06601878324844038,-0.08988998853660898,0.06120587289557221,0.08040194676101566,0.1414263685853768
1270.0,0.033184070076252334,0.1276751833174681,-0.05751634125538812,-0.03340416093180894,-0.01621514611344326,0.15929251965804042,0.2166159062778634,-0.02774407963187457,-0.003939134815468322,0.010065973472635893,-0.03130233099118793,0.07255799223997772,-0.11320572943997921,0.08275524628853774,0.07968857034232876,0.13175762787738607
1271.0,-0.017961863475018956,0.11019509147552324,-0.028011634505958498,-0.024635582164436547,0.007725679025431198,0.12782954653608072,0.1971680767033084,0.010133746060773286,-0.039629881214464535,0.0003242531588167359,-0.08185667833132171,0.07684134788890111,-0.11568744894781255,0.10983943610748254,0.07740088665864261,0.10326661224327399
1272.0,-0.07762469218511728,0.08670024591247694,0.0057804255118991945,-0.007527133848658617,0.03032008593162472,0.09987602389014665,0.15785901187836743,0.045460677114697076,-0.08036298288832361,-0.013455467965434141,-0.10010634594301916,0.07374136232772649,-0.09157725101044535,0.13774333904349867,0.07143234724916118,0.06573931449549775
1273.0,-0.13622266875867092,0.05904199589216315,0.04381220981744982,0.012603697779093615,0.04562097741024356,0.08342874401834868,0.11115340955998905,0.0656201220639924,-0.11574606282125782,-0.030703578957132854,-0.08166818005742206,0.0593140084446259,-0.046187736166954284,0.1563089762589371,0.06078564448838498,0.026191985943715076
1274.0,-0.18199524331184655,0.029222657958234494,0.08449576608438751,0.029077717077058043,0.048413748922569104,0.0801625705297948,0.06697215709476595,0.061842067529120345,-0.13776851099965717,-0.04978702835353707,-0.03497257179654044,0.03258310277495706,0.005179566327901804,0.15382947848517595,0.04608790041988614,-0.011927643675498666
1275.0,-0.20520223070377727,-0.0003581393467489036,0.12206785322088624,0.03638316475097192,0.036743457791751886,0.08588940828346363,0.032623716014207216,0.03258270081099647,-0.1434934155995104,-0.06944039056921095,0.021930692523934703,-0.003492994319527595,0.04353989204339139,0.12290168989751957,0.0299838832803855,-0.04736652622675964
1276.0,-0.20137137952703194,-0.02720481738204489,0.1461717370728965,0.03196765603487973,0.013237409673326846,0.092502972667208,0.013218481751374037,-0.015509127629285848,-0.13458819693733728,-0.08890391291475253,0.06836391189826706,-0.04222438412366102,0.05592317368534936,0.06509006006646002,0.015536735681848591,-0.07886687411160681
1277.0,-0.17255991899665307,-0.04926009263783393,0.14493129740385924,0.016508883300581756,-0.016076551492235063,0.090478874548542,0.01064082312667365,-0.06960401603252618,-0.1148317985089459,-0.1067496339085676,0.08873166888779951,-0.07504693979404864,0.042252170217996654,-0.00800414523525403,0.003054760611711335,-0.10377840861201068
1278.0,-0.12648277548187975,-0.06537952288808954,0.11113533507860564,-0.006959820528372307,-0.044556657760955264,0.07131169742943476,0.021473232412085885,-0.11540049495048961,-0.0879499316272576,-0.11986966339990254,0.07770955157491921,-0.09462786685052527,0.013860662841087347,-0.07785311212908587,-0.011660634952931294,-0.11848002617123399
1279.0,-0.07414224973590199,-0.07491432590796321,0.04780764958343949,-0.03388864436542328,-0.06733644115633215,0.030802492423015516,0.03700132980070598,-0.14241378566127072,-0.05723028070230965,-0.12360509912836304,0.041541566496115866,-0.09776990813445713,-0.014263203525495998,-0.12487085293035793,-0.03479478843245757,-0.12015284477844228
1280.0,-0.02684550490690883,-0.07649159411389256,-0.03127422053956032,-0.05854993350604717,-0.08209720890696588,-0.026867193468322257,0.04684687660522845,-0.1466476184421833,-0.026475629495693147,-0.11303638185802531,-0.004517910194445502,-0.08644417997637507,-0.030708494408208015,-0.13473722430962276,-0.06874566881390831,-0.10865391881190549
1281.0,0.006853832929132186,-0.06829168870179898,-0.10682383791202249,-0.07473057851172339,-0.08854820201619654,-0.08804251170050456,0.0434266362292118,-0.12974389333538075,-0.0004424287825302815,-0.08530963042320854,-0.04201022123079131,-0.06645287886519385,-0.030894134637219232,-0.10335295336052337,-0.10810132997002096,-0.08744211809444181
1282.0,0.023492144952562397,-0.050769624144881925,-0.16155364583116355,-0.07762665015143021,-0.08745734870503122,-0.13458766681790568,0.02455066640987201,-0.09692592767573363,0.016432036917107463,-0.04236143053594309,-0.05650783517188953,-0.044950985534017114,-0.016815745375304048,-0.03863113261922678,-0.14119138926870753,-0.06254273039861029
1283.0,0.024997770186593316,-0.028685751071734395,-0.18575836813936417,-0.06648729816759259,-0.07979315056010146,-0.15207282793872845,-0.004902043719033593,-0.05574280505196583,0.022042821949244992,0.007665136099018047,-0.04330679601632837,-0.028143969416113124,0.005666538816001307,0.04212517150665853,-0.15601664147876015,-0.03925584510820242
1284.0,0.016748323222237183,-0.009281943346208136,-0.179179998513091,-0.04621641323073192,-0.06663118552020512,-0.1358567778263296,-0.032058015594162374,-0.015095742931361936,0.017754408045971084,0.05227242488059348,-0.009062045743167367,-0.019275628400798637,0.03056129279865366,0.1179797505117404,-0.14676442949915602,-0.018793333688468375
1285.0,0.005074348231573348,0.0020544831769365246,-0.14949742854122436,-0.025935212667223113,-0.05008883864011141,-0.09301141759742705,-0.03944345323727367,0.016625058540862794,0.008266179319154616,0.07989275386006053,0.031448165043642506,-0.017116112817413008,0.054732737829479676,0.17044852811714792,-0.11809832334183813,0.0016487193535160804
1286.0,-0.0041667771969558,0.004621427610914634,-0.10847773465376319,-0.014443134276981564,-0.03404910768863062,-0.04012538040817042,-0.014196706721911029,0.034038988345367165,0.00010777138919925897,0.08542244550697148,0.06197875046860426,-0.016296776666119887,0.07890091018938648,0.18805660328640908,-0.08505821675849311,0.024664818580550384
1287.0,-0.006368485284554597,0.001651369516230376,-0.06735941708956122,-0.015272484922323524,-0.023030732949687927,0.0030311060428080314,0.04242976636437997,0.036531348999351385,-0.0016573468305426493,0.07168873717627632,0.07147025777031363,-0.010299649652036563,0.10586568152908633,0.168594733118555,-0.06693254592180008,0.04784030913397569
1288.0,0.00028063482864703156,-0.002793138063897823,-0.03343954190018545,-0.024558868919776912,-0.01978191564347273,0.021725744894489345,0.11294301325116501,0.028159466358712987,0.002663389080759802,0.046166348642405375,0.05741175796140897,0.004353243326232591,0.13666948599388137,0.11885929594042212,-0.07718924950995955,0.06284227732312445
1289.0,0.012938209158127406,-0.006568297542217932,-0.009118194626007799,-0.032994542311842776,-0.02417607782921324,0.011280543558896726,0.17088281182652126,0.01564875491628487,0.006157368367632733,0.0164941108844333,0.024971300198012514,0.025415415102291547,0.16754263613515613,0.05214360488804526,-0.11585014699096856,0.05976652967026068
1290.0,0.024460910996075075,-0.009979768701970673,0.006941947650224856,-0.03091911848924302,-0.034437561735897765,-0.02376344925049878,0.19302388918037822,0.005459561043180628,-0.0010608621656107524,-0.011950490596727342,-0.01683418369949435,0.0455086580242512,0.1902361080149164,-0.015990900801685626,-0.16948587161890374,0.034174286995509
1291.0,0.027030036125608076,-0.01422786174524034,0.017915213704371998,-0.013941758399104078,-0.048786112124103075,-0.07337532941154337,0.17014423082901423,0.0014833246756089937,-0.025200971472390702,-0.03609063739755697,-0.05971704541009527,0.055745513519244526,0.195857362775125,-0.0724300539207239,-0.21812050746726844,-0.008054924144544073
1292.0,0.016589443086099463,-0.01917960535922387,0.027133272419552764,0.014212368579545755,-0.06566327894742674,-0.12458867614441621,0.11170442427242336,0.004613666222525465,-0.0638523204142587,-0.0539608023989233,-0.0988587217242083,0.05035531984934723,0.17976236086309402,-0.1096870723596187,-0.24434675053371732,-0.051934072401729856
1293.0,-0.005148270532539165,-0.022048485469373432,0.03677467771969662,0.04341068324860234,-0.08301789342407072,-0.1630076992310375,0.042363275014454194,0.014149153417230342,-0.10609723900540177,-0.06374116014941911,-0.1322875092746369,0.02970576873901657,0.14432679144387825,-0.12644872668241736,-0.24003789476029355,-0.0803030624484321
1294.0,-0.03177672819604227,-0.018310355710109787,0.04722295730943934,0.062288455289361576,-0.09788645596652953,-0.1761495860248033,-0.008885351253734273,0.02942058719750123,-0.13714328369905152,-0.06434156490830215,-0.1585062105441251,-6.39896813457099e-06,0.09817746002546698,-0.12633743152666252,-0.20783188952834683,-0.08236810005607469
1295.0,-0.05488319019654139,-0.005059003491619709,0.05758925663803592,0.06393423517570997,-0.10667193430904846,-0.15869768492424094,-0.022397336574491576,0.049694648317408545,-0.1444465893526751,-0.05716320260991844,-0.17546306716953797,-0.030160630484271738,0.05246198374643227,-0.11625581151596645,-0.1577928039852746,-0.05909477134258413
1296.0,-0.06714968892590027,0.015186833365626836,0.06676150861614354,0.048974426729043216,-0.10623452999979795,-0.11586886517153802,0.003137780215980201,0.0723146567552443,-0.12232403502113738,-0.046546900924837015,-0.18124421906519322,-0.05389369137990918,0.015874910037826213,-0.10465215448593496,-0.10300282770487237,-0.02252233443963963
1297.0,-0.06519197075349234,0.033548156185925604,0.07355810941170392,0.024614004358079426,-0.09552638296869048,-0.061809770608121255,0.05172234869972155,0.09150497314710684,-0.07363443608909857,-0.03739393332846622,-0.1741730169632745,-0.068388411531548,-0.008840319703478983,-0.09924142060705274,-0.056741155567347844,0.01049309422327974
1298.0,-0.05099210475642794,0.03874066071804307,0.07604680774071701,0.000852241455806028,-0.07629463919715387,-0.013441781849116876,0.09940403408323263,0.09991926696615466,-0.008917042992105943,-0.03212586415700675,-0.15160834185950323,-0.07445564913531992,-0.02476132732720421,-0.10405100762018543,-0.029824118513124172,0.026187783652963596
1299.0,-0.031032069505036904,0.024579583545826733,0.07172429282537925,-0.013710953334105708,-0.05170615321058925,0.017289770871714728,0.12565997769154938,0.09204372935949756,0.056426338999732574,-0.030168755624703496,-0.10994881043746542,-0.0743277633521293,-0.03732832589112314,-0.11677894042442609,-0.026784092768945545,0.019154333275105094
1300.0,-0.013605019334797342,-0.0038028685578954885,0.05928824237403875,-0.014840299655461913,-0.024183296162405787,0.028723859643608945,0.121456115408027,0.06697777754065708,0.10679533226278472,-0.029639915762874197,-0.04781387325831517,-0.06915347933437736,-0.050095579463773326,-0.12857309646185663,-0.04354529622538806,-0.006623437985844482
1301.0,-0.0055211082312221415,-0.03066178909193041,0.040576689293511464,-0.003643171997932812,0.005288175853676558,0.029320265917266643,0.09137202356429559,0.029205696934116183,0.13158961577057818,-0.028320490430037402,0.02964481500254489,-0.05799898730175714,-0.06279486890852629,-0.12789751428186555,-0.0696955622980742,-0.04015113490005265
1302.0,-0.009328386548694775,-0.03854911388741864,0.02094891034919752,0.014617856855693752,0.03601714045810478,0.03214679627402951,0.049567462686725274,-0.012679233204207925,0.12853621322429343,-0.02326042518645496,0.10941178369178926,-0.03925766259863652,-0.07271317554270272,-0.10702770591347524,-0.09421702877704637,-0.0681231740120184
1303.0,-0.022250194628923504,-0.01974135959068979,0.007693667483064445,0.033008724918052526,0.0660412251319492,0.046952412741895905,0.012110874744205096,-0.04869489255645199,0.103893775254655,-0.011246242181912077,0.1740775363295926,-0.013080543478945274,-0.07762439105789821,-0.06650399577551085,-0.11061391105737389,-0.08051747085738888
1304.0,-0.0377243530581228,0.018329229803257414,0.0068441423976429916,0.04527654914128281,0.09148581492114322,0.07383309739180463,-0.0099786290669081,-0.07042411128902633,0.06958129328534399,0.008930201436685265,0.20824797762579378,0.017269957456957266,-0.0783938174977608,-0.013972779578871039,-0.11852269787929082,-0.07438928300149535
1305.0,-0.048803237658913215,0.05767739901736169,0.019292158282443194,0.04750504090482542,0.10747102139076602,0.1020977878701107,-0.014027068891156834,-0.07312190878255445,0.037759479559486615,0.03435017254880789,0.20419917129195475,0.04578606526437128,-0.07985020913944493,0.04083712171313505,-0.12166183182930329,-0.05390402245368004
1306.0,-0.05128510076143172,0.08067026021483421,0.038384173728068606,0.039246643672856595,0.11031058793937315,0.11556181625678195,-0.005637601725274426,-0.05691882746321702,0.015118644755048826,0.05828360650343636,0.16412118159498432,0.06545282863467888,-0.08846768339296102,0.08983820485463058,-0.12388753991658433,-0.027403861232808652
1307.0,-0.04519057542232728,0.07922411119687131,0.05169617237598744,0.02382885791454,0.09969478388817495,0.10143153850092493,0.003253311896817306,-0.027259267121109276,0.0007409213295681596,0.07330917373120016,0.09899773141482515,0.07093892767350969,-0.10780873904122114,0.12684459117070593,-0.12576620803689006,-0.0035164036385506177
1308.0,-0.03462056887558305,0.05675670588712785,0.047296098202008044,0.007244169035557597,0.07935107558383009,0.05720014143475728,-0.0019032123302199215,0.006049977079187083,-0.01067858671708378,0.07538164022733301,0.02556526448548552,0.0613266104146199,-0.13470218236585096,0.14705501671167473,-0.12358522098991136,0.012193968539388337
1309.0,-0.02596530389645781,0.02352164880647533,0.020947292872964124,-0.0041798465631111194,0.055680425544561915,-0.008398882510458162,-0.03222584697530272,0.031807145746227936,-0.02284023954688103,0.0661156320601384,-0.038097826672958884,0.04135025159981848,-0.15788366339932142,0.14811176265439893,-0.1109116347012697,0.018905059934962377
1310.0,-0.02439209226945515,-0.009883723996174269,-0.020698197596515828,-0.006349549615433973,0.034979244139730775,-0.07954916720055573,-0.0886157051729425,0.04177704279249398,-0.03385663585524548,0.051790056141997665,-0.07804296078211014,0.02003233832045014,-0.16040133131891404,0.13141093923183475,-0.081147194564882,0.01992502169760661
1311.0,-0.030371027024443217,-0.036492449192144734,-0.06331988097175319,0.0009171830100892302,0.0206869250136777,-0.1389510218134906,-0.1584664556753765,0.034493196356300514,-0.03736799922653672,0.03975348826325739,-0.08890975800886536,0.007038644974284362,-0.1267164960227314,0.10178672502994486,-0.029771522685508908,0.02041340170477164
1312.0,-0.038940096400036504,-0.053532217661280905,-0.09222374876281138,0.014077282258700627,0.012606665883656682,-0.17256243039718266,-0.21955758176742815,0.016194949540129108,-0.027731664342155044,0.03436719502967204,-0.0748287039418612,0.008359005977484587,-0.051793887224982606,0.0660241795015704,0.04394141800610698,0.02497510600213158
1313.0,-0.04212779820937926,-0.061246409014947586,-0.09820701918148862,0.028001411922480984,0.008854071610350586,-0.1731977804760921,-0.250425050141871,-0.0023729974468383055,-0.004807568276892951,0.03475198803317212,-0.04655310584416153,0.023334838723953765,0.05314812595565154,0.03128495929378657,0.1353784148111662,0.03604121316488584
1314.0,-0.03265731880960014,-0.061422184401396775,-0.07886201216209128,0.038531369806163826,0.008647557205170141,-0.14263118292144117,-0.24160989177085473,-0.01198545796782575,0.025681591368588767,0.035658979171671934,-0.01655598050176292,0.04474598912446734,0.16210363874545827,0.00345714861561768,0.2334755625136482,0.05291780053699434
1315.0,-0.007027363314117957,-0.05618845644631754,-0.03749202520092347,0.043416302860144286,0.013191003997038268,-0.09142901367270682,-0.200732127591242,-0.010006660115740081,0.05601330709681487,0.031185296428202218,0.006016677754186712,0.06221556935504027,0.24326246335747873,-0.01450809633610399,0.32190064776254096,0.07173420869055627
1316.0,0.03331170991253325,-0.047306177621921804,0.017451188161597173,0.04136477721877171,0.024017569094696815,-0.03632416272804227,-0.14795672937512466,-0.001080702116978931,0.08092610718234378,0.01915141668743082,0.018473552011460986,0.06683721005455706,0.27132202116382137,-0.023198180255251107,0.3837746754180678,0.08725799500001127
1317.0,0.08271506837274878,-0.035718625693755536,0.07298991368080708,0.031079244694042663,0.04067343501551829,0.004490949359827935,-0.10474477596664929,0.007024617482030668,0.09951100773427529,0.0029754078817190227,0.02403333969293082,0.054317863684796436,0.2368050835881468,-0.025303955793396053,0.4077958344951172,0.09638773270805177
1318.0,0.13252800709904253,-0.021274978665086486,0.11407800448631424,0.011848919991930763,0.059954949085239545,0.01749850150465693,-0.08269615595067777,0.009550562419676905,0.11391349992147203,-0.010458898842462018,0.028248870378057664,0.026024150492328355,0.1491200822406982,-0.022784159905378427,0.39234193691114055,0.10054949056803729
1319.0,0.17199785284562547,-0.0032100788785907122,0.12777067691502733,-0.014990468817117962,0.07717109342488161,-0.0002316104090832985,-0.07855911658428023,0.008277028612569291,0.12634503828608204,-0.015107155290451832,0.03527192583404896,-0.01115370616697683,0.03392181302872009,-0.014785701051327612,0.3460923269451355,0.10406216542471768
1320.0,0.1902151433400389,0.01826251296064885,0.10756488730662858,-0.04547542219019412,0.08827882271698065,-0.03848618172108828,-0.07807086441167665,0.009616988746603303,0.1367496136811478,-0.008952498867164344,0.0462488847614895,-0.04622954847839222,-0.07431413280866113,0.0014442892901360028,0.28520902264965814,0.10936081469545805
1321.0,0.18009456391702466,0.039980576429727514,0.056460418178666455,-0.0738373813087762,0.0914778009035499,-0.07760011998039226,-0.06668801124871135,0.018843370934426108,0.14273348997027108,0.005652924596319944,0.05981297875131765,-0.06767341222793745,-0.14375826564269187,0.02634844427716718,0.22757351559610256,0.11325314810332113
1322.0,0.1429468706825731,0.055338167246924516,-0.012314027594758728,-0.09404729108357171,0.0872528804353818,-0.09750566160155712,-0.04036440723615956,0.03511949628182372,0.1414485774764346,0.02390907222077242,0.07300246831017873,-0.06805344012582079,-0.15738107379978586,0.05371658229788831,0.18601707829552241,0.10753422336599211
1323.0,0.09004153908186661,0.05672416096447153,-0.07780182011353685,-0.10159402712053092,0.07691161165831713,-0.0866827069316514,-0.008400997762424088,0.051211625286914655,0.13162437613178016,0.04082860027650107,0.08154259792335124,-0.04694717157612927,-0.11973374550153738,0.0707954645478019,0.16403529062539557,0.08395577268412985
1324.0,0.038539463389436895,0.03975398543591733,-0.11729204630055813,-0.09521806144021311,0.06115072850755742,-0.0457712886306612,0.013460138548799877,0.05794089786575937,0.11415354662424683,0.052127153325287084,0.0804504021646649,-0.010498629327116359,-0.05421814175071497,0.06416573112056469,0.15626199367039506,0.04028340389355726
1325.0,0.003590720001433439,0.006304167565909513,-0.11437382039805721,-0.07764543016437539,0.04009348480176637,0.014764235856858073,0.0134112631763264,0.049576302720008424,0.09098145436280944,0.05397636520372085,0.06628666861333907,0.0314258829648953,0.007701087075908574,0.027965460357980747,0.15252906594154456,-0.01679955467464692
1326.0,-0.008398760625487412,-0.03551907242355899,-0.06593815250764051,-0.054456199825422685,0.014565525311181741,0.08022744591134152,-0.009990967473866635,0.026110175786540256,0.06324591172725047,0.04341740879413534,0.040040111370815944,0.06845422212608705,0.03999064792012475,-0.031170881202124426,0.14283248035032398,-0.07371677589391325
1327.0,-0.0015323853573888373,-0.07415196757140768,0.015270553364035318,-0.03181220550808592,-0.012674515910088474,0.13719354492138708,-0.04751094610781254,-0.007873794239090614,0.03033001129494065,0.020151846840907834,0.007796971578446046,0.09214171430671574,0.03268362847130448,-0.09631590501291139,0.12157998980769609,-0.11526471634202459
1328.0,0.01313702020455147,-0.09853266263069554,0.10432272749870658,-0.014565940188721718,-0.036969672762118246,0.17620581640738373,-0.08310386649548258,-0.04508297245105752,-0.008524552482579283,-0.0116259397787887,-0.021769273356685267,0.09774257272178373,-0.004542870849903224,-0.14805103221382238,0.08972911691631953,-0.13011844620204951
1329.0,0.023911123726475997,-0.10163355145758533,0.17304779363694842,-0.005253974167831576,-0.0534935157093314,0.1918291911159814,-0.09973798485811106,-0.07677239668203042,-0.05031605272420945,-0.043078538455958056,-0.040810039245072836,0.08539127559119986,-0.048111768932481716,-0.17199034223540638,0.05351333774644226,-0.1144052100462403
1330.0,0.02383831544740352,-0.08255439340144612,0.20051974092158065,-0.003536792928281794,-0.05963171045724895,0.18289377135891638,-0.08563684212749413,-0.09424348656012538,-0.0856470991108516,-0.06299490425478763,-0.04449520204426076,0.05995728804415531,-0.07362139171736175,-0.16178434177574,0.020696281142397417,-0.07250277682817786
1331.0,0.012707793514049041,-0.04672197163482776,0.1802746294961228,-0.006016084659979743,-0.056171902023424564,0.15398444970803013,-0.03907924975284586,-0.0911363651635095,-0.10142475265993814,-0.0619464799920365,-0.03227107184900391,0.029208218655139468,-0.06874610100749125,-0.11862524980244148,-0.003048622050003312,-0.01535282904875832
1332.0,-0.00454547477372549,-0.003952998200129095,0.12144906022477976,-0.007136239647926612,-0.046487615899169735,0.11601836795663027,0.03049976148268714,-0.06568567709505038,-0.08836314867557468,-0.036500403173410335,-0.008384459826339404,0.0010145842833190761,-0.037970185415255236,-0.05057542247047294,-0.01582883083810202,0.04265743197018168
1333.0,-0.021161018305642734,0.03527000874333201,0.04428883201680636,-0.0015648743225640115,-0.034527827627827065,0.08378906032021757,0.10590484304645126,-0.021761002276134107,-0.0475810111107127,0.008854071504895452,0.019564016841460745,-0.019227359906297533,0.002465211971399312,0.02759601521383621,-0.01888234016632962,0.08712288714837647
1334.0,-0.03131764376153617,0.06345087915286475,-0.02764801310083986,0.012825248115845712,-0.023032160174306565,0.07051624721108044,0.1683344860011924,0.032018661637465834,0.008972767524389177,0.06321586746081949,0.04370098046170022,-0.0297437383442499,0.03455476412099489,0.09629389061686096,-0.014973133612723191,0.10680587106043295
1335.0,-0.031640312096557884,0.07738101250589997,-0.07573332178233058,0.0331198079991534,-0.012815777247069731,0.08162722664522756,0.20367438405507393,0.08484350754883127,0.06405438311488046,0.1132951981634245,0.057875516965387536,-0.03156105285493436,0.04720855986088772,0.13644971557626387,-0.008150182529480944,0.096510780554158
1336.0,-0.02193164420244349,0.07701211055375383,-0.09211160843568549,0.05210165362086183,-0.0030254151596029806,0.11138500109305233,0.20670296954511072,0.12662077429343632,0.10215128561996753,0.14788213734373876,0.057473035674906296,-0.026857492384385617,0.03959041412250214,0.13713496026876185,-0.00458780981866639,0.059125286620149826
1337.0,-0.005186821927493278,0.06369106703858841,-0.0812804605835073,0.061469621212032546,0.007968136949060598,0.14517809838407866,0.18137227274875514,0.15000860758995468,0.11407079161776956,0.1609277981984557,0.03921463532730452,-0.018191046511745117,0.018539072273535257,0.1010575794090555,-0.011722092658368806,0.005633499390673842
1338.0,0.01331836259001565,0.03909427655168543,-0.05727288362480579,0.055903857974654865,0.021100689210549178,0.1669642590118851,0.13730502274957984,0.151533393776917,0.09823032585064527,0.15234215830619882,0.002840092690048111,-0.008638879170300673,-0.0068814636448297365,0.043662253983215986,-0.03511306051300845,-0.0475913614005386
1339.0,0.027725151650190034,0.005487972004183943,-0.03751444017825785,0.03595305459354689,0.03503105108800305,0.16724635191701423,0.08528395972336852,0.13208251579242491,0.05981974931467628,0.12672062010626173,-0.04663927760576805,-0.001517984571228465,-0.02962838421105716,-0.01386763898991711,-0.07559093274620113,-0.08390950812146503
1340.0,0.033640353017047,-0.03279942447207976,-0.0351099589026201,0.008136998260135682,0.04569834064695273,0.14609783270960433,0.03428979987303102,0.09641677869149178,0.008844050471364254,0.09085450146664609,-0.09909943438471948,0.0008131324849425828,-0.0465251729955601,-0.053238250280156316,-0.12838063464507077,-0.09271096382453314
1341.0,0.02964799472563405,-0.06834812469150359,-0.0524641187555545,-0.01808749088191003,0.047942044383597726,0.11032870301778788,-0.009514757537239585,0.051652029093368794,-0.04293282526508725,0.05091243889990991,-0.14282279357914304,-0.0019598235781122953,-0.05861368520067653,-0.06516097069681041,-0.18358031496812202,-0.07412547778562079
1342.0,0.01740060226723756,-0.09181426122554373,-0.07983551688968131,-0.034860473749656305,0.03848818778218808,0.06864628859829335,-0.04236946355006661,0.005727248500426108,-0.08570039802316524,0.01038111217700547,-0.16912917254515508,-0.008220084775548033,-0.06962673558249456,-0.05118834334972404,-0.22771245163340717,-0.03888661274685868
1343.0,0.0004386725337356561,-0.09503878566146051,-0.10054833870400397,-0.03939800831107418,0.018328796570286528,0.028300589267011376,-0.06161743760745089,-0.0334043205161607,-0.11405233111473417,-0.029963707896727514,-0.17521627387090352,-0.015494711575363395,-0.08203216866547972,-0.02109440447972718,-0.24735262865629523,-0.0025320393026522503
1344.0,-0.01732183500095574,-0.07442583413370155,-0.1004062026337979,-0.03475184846898702,-0.0071815670694129925,-0.0062336644730157775,-0.06479422207063872,-0.05851942551533415,-0.1266357913423617,-0.06986606908999758,-0.16414313959601112,-0.021567455742767794,-0.09313080100112298,0.012631111887748046,-0.2346079259388058,0.022828578974515765
1345.0,-0.03272391937422972,-0.032906692640117,-0.07561367093217647,-0.027590546653793423,-0.030632998197269255,-0.03315009573002553,-0.050504463087947676,-0.06482639545329401,-0.12399613137774738,-0.1067858877167691,-0.14229369489064703,-0.025285257336261944,-0.09517799184068461,0.04011934798157922,-0.19174292047392177,0.03374254975909547
1346.0,-0.04391481830212817,0.0207320170879523,-0.034375573213095395,-0.024113048316890012,-0.045790473348535525,-0.05206891891929072,-0.020591317279198395,-0.0524482290180422,-0.10705733301078434,-0.13461881905186257,-0.11519772319683275,-0.026989331806228548,-0.08003347182109126,0.05698768298913151,-0.13177183128541695,0.03471691609795517
1347.0,-0.050343128022111765,0.07503537177721575,0.008197348947878621,-0.026384170078442667,-0.04985642900977411,-0.062442401796521975,0.018773361891804088,-0.02792024487132703,-0.077339023232936,-0.14512348561681673,-0.08398678208762697,-0.02819003598727849,-0.044379791392094504,0.06433796069399214,-0.073772474007194,0.033781248675190584
1348.0,-0.052383449753851244,0.1196423560663413,0.03809572922815048,-0.031193443066512543,-0.04376893605574967,-0.06308039376828115,0.05863203713635383,-0.0025433168156327166,-0.03804612812762002,-0.13173528920670463,-0.045321499762037545,-0.030498977181461197,0.008226719752702977,0.06679211786568315,-0.03471520582668507,0.03828585443952331
1349.0,-0.05082835037200553,0.14752525797923857,0.04866193671838976,-0.03180297749092844,-0.03084685595493996,-0.053251930569439054,0.09046884766846525,0.012488872262098898,0.0051689543732534385,-0.09375497115376538,0.004860288785421037,-0.03456755664209619,0.06877703318112899,0.06997662875214743,-0.022308136384118268,0.05242507273156906
1350.0,-0.04626907165029595,0.15543340580793297,0.04227314435467047,-0.021252447750081498,-0.014924860439965017,-0.03422550186194911,0.10894523828338272,0.011115626572062338,0.04450567830382988,-0.03807211014026368,0.06632239070534648,-0.03968000795247508,0.12624021797361912,0.07807528516239078,-0.03315036748962786,0.07581529377527238
1351.0,-0.03826275037674521,0.14375744850947833,0.02750106971115205,0.004506551090352616,0.0010169073552253657,-0.009933645239485863,0.11269557829896698,-0.005946865750416094,0.07206092723434157,0.023097722488301237,0.1315972452483492,-0.044121634859724555,0.17152836891236545,0.09111703948048579,-0.0561938629337908,0.10276945877506358
1352.0,-0.024930350497984023,0.1165155654710975,0.014413226057177608,0.04463635353325571,0.015346348757271507,0.013624426033318161,0.10321213363568127,-0.03328436354723881,0.08339687327222922,0.07711068588628894,0.1875607106246943,-0.046157586350186394,0.20023244631783235,0.1032459222600954,-0.07781152534539858,0.12293361409472028
1353.0,-0.00419780603425486,0.08075554325515126,0.01101232366428028,0.09286937949777799,0.027459687039831683,0.029826708120030212,0.0829087742912982,-0.0637486308283241,0.08004845605905318,0.11505669956605415,0.22112367459566132,-0.045248759885219904,0.21216510832991006,0.10496299614573963,-0.08614701295523346,0.12422763016927413
1354.0,0.023585163077271112,0.04476669307522638,0.02130884702293201,0.13856970477617797,0.037068055285608664,0.03323801554833646,0.05372096163227103,-0.08980268762030139,0.0680101002093835,0.13280865751578363,0.2253326600976604,-0.042909703009500644,0.20766606719589317,0.08911541415823322,-0.0752572803116131,0.09800940520411619
1355.0,0.05406056001059302,0.015994456761368212,0.04399200835807856,0.16939982327183897,0.04353799835415063,0.02158096099243403,0.01737876967239669,-0.10366529107050415,0.053168571507616336,0.12960981661936913,0.20181681354359637,-0.04246101982574344,0.18450590280571155,0.055477933690259086,-0.048864312411867006,0.044129886926635706
1356.0,0.08024777433631955,-0.00037640519031589375,0.07222854874480727,0.17501463355966593,0.045418951767480294,-0.002793644286187211,-0.022611917286887637,-0.09848933180913705,0.03820680707791458,0.10657458829572133,0.1586548196887252,-0.04720618505636234,0.13951721811919976,0.009906884271438592,-0.021060682150864013,-0.02767810167075905
1357.0,0.09590021783323052,-0.002529536109103121,0.095955983618349,0.15073563130746018,0.040470273274061906,-0.03326100586801587,-0.05902939849996499,-0.07167930669515905,0.023580784294717688,0.06663255095138416,0.10615084440008983,-0.05772612183049199,0.0736900142880968,-0.039939456366764554,-0.011146984281447555,-0.10134622049683928
1358.0,0.09798669425892359,0.007061774479283193,0.1060051695871811,0.09983711691699133,0.026668100454285863,-0.061411817042573764,-0.08173365989146038,-0.028703422932955337,0.010478332658261669,0.015452458531902335,0.05358896346477769,-0.0702572036198462,-0.004241829630508335,-0.08748615378607097,-0.033307982933334326,-0.16049401593849005
1359.0,0.08667425986574305,0.021981023536511043,0.09796170234131094,0.03310966346263422,0.003769553437255674,-0.0803194166924061,-0.08259698788843362,0.016186158212308926,0.0020235529892466864,-0.03844909093228362,0.0078114878783741805,-0.07785118286372839,-0.07898494436784469,-0.12723613925403504,-0.08681927323213964,-0.19380039951352432
1360.0,0.06381227865490291,0.03400202383124484,0.0740767747548798,-0.03447966875004285,-0.025806168299445372,-0.08735246847287569,-0.06188092056465531,0.04493256856881572,0.001447729017795387,-0.08554513966444964,-0.0272475334485921,-0.07385145662136328,-0.1346218162305259,-0.1544803147800311,-0.1535702021112737,-0.19827742061251974
1361.0,0.03205546034246298,0.03614039045489412,0.0418803946231538,-0.08844125263439959,-0.05750764779531589,-0.0859828719255847,-0.030324309277167408,0.04471463959452134,0.00894936388422269,-0.11811429459651065,-0.05037599588568595,-0.05511622367205217,-0.16213581873099672,-0.16635480462363833,-0.20533135484988044,-0.1793723904653869
1362.0,-0.004653265940344211,0.025538838816004373,0.009791753408735029,-0.11858821447206752,-0.08621157892316264,-0.08521832355570165,-0.004112782368682164,0.015133575790562268,0.019546652302911457,-0.13212504369068928,-0.061931799366866644,-0.022884054008311113,-0.16342238694234312,-0.16238391344618663,-0.21756974291020156,-0.1470383889558391
1363.0,-0.04076128450487204,0.005101099517574619,-0.017078237660349233,-0.12100852457062405,-0.10763645146531152,-0.09495356903747533,0.00419459505385762,-0.03179924200896301,0.023142124761150417,-0.12758490090350993,-0.06217095648023031,0.01824402357889911,-0.14887013127693918,-0.1431580563049447,-0.1822460166696901,-0.1096178548656804
1364.0,-0.07056375361506616,-0.017444698666897424,-0.03803795752582784,-0.09836882202333933,-0.11864616946562627,-0.11856716648870694,-0.007179335399007917,-0.07839384351212657,0.007259715922187071,-0.10827852439338813,-0.05036528034341932,0.061436713663330034,-0.130718552486647,-0.10926212248659506,-0.11120235811688502,-0.07007645710079648
1365.0,-0.09051316860347498,-0.03307154367662751,-0.055248109376487504,-0.05887696429200803,-0.11690487667270856,-0.14806020339382753,-0.028616868459268394,-0.109373270413672,-0.037620897454175066,-0.08150006308848662,-0.025857477141967265,0.09844780969135661,-0.11722229637833877,-0.06276796873606161,-0.028065521740421387,-0.02749614709605923
1366.0,-0.09992477295681812,-0.035549199929737506,-0.07127341568588007,-0.013782457742930508,-0.10122640260562268,-0.16616450693389304,-0.04540662643779922,-0.11686490820144925,-0.11163503597556289,-0.05699424680895686,0.009299237684731065,0.12106848222665265,-0.11062168715274519,-0.009979932438461275,0.04442757036419432,0.01811495485660629
1367.0,-0.09965102010734841,-0.024129708859065877,-0.0867399395425519,0.026426423852020934,-0.07292191270940185,-0.15448144425181595,-0.046823229514832004,-0.10142766592426095,-0.20157528425626756,-0.04416204954867467,0.048318332651550756,0.12361597239965133,-0.10791943359924795,0.03827684781685615,0.09297144084560642,0.06210248155043029
1368.0,-0.09071178978332786,-0.0041746876235588485,-0.09898996124520464,0.055540962637539625,-0.03688794190767242,-0.10305249386477658,-0.03238825751005629,-0.07006454914230918,-0.283271510548739,-0.0480623853456898,0.0804496324994955,0.1054532233237661,-0.10236184403742035,0.07049405610832517,0.11511332711146728,0.09494199905242236
1369.0,-0.07425606266599881,0.014563721730312878,-0.10272310169324834,0.07276022979439133,-0.0009135286366288528,-0.01685793734385257,-0.011906004386563668,-0.03262227735065653,-0.3305149867970098,-0.06624053206233818,0.09463089813926805,0.07173988256637259,-0.08577472437430682,0.07994914119645544,0.11590635345167018,0.10513699602227082
1370.0,-0.05218906299263828,0.021915071995597512,-0.09234957688299178,0.08123196001149267,0.027149012690161355,0.08383576821639259,0.0002889660949068708,0.0017538359414092058,-0.3258923320283249,-0.08891419801292168,0.08418840762537994,0.03126795298666485,-0.05261294599127804,0.06787807060738962,0.10353437180415366,0.08409355796865702
1371.0,-0.027343526482333517,0.011808401062705306,-0.06462788406659187,0.0856224439530175,0.04295805034094955,0.17044015514485877,-0.006546374784191274,0.026879751015606232,-0.26792654336412564,-0.10362524481190943,0.050244764810719086,-0.007509945037440262,-0.003992452796973395,0.04265168365005674,0.08654452209214993,0.03143730144671217
1372.0,-0.0033574586468577508,-0.015330434068282824,-0.020718999900824094,0.08975716014151414,0.04749252649687237,0.2181154022444206,-0.033508419442642226,0.04013876660671648,-0.17164553758432466,-0.1017586738984419,0.0019920648238970933,-0.03946186986952649,0.051471367887476145,0.01593219938555471,0.07291318251627864,-0.04193552035531093
1373.0,0.015141198322313995,-0.053479995476246746,0.03233064195917419,0.09441219814060649,0.04547213976261648,0.21637969311540836,-0.07154480427085996,0.04181932218462219,-0.06272401495642546,-0.08214381556616492,-0.046776159655505065,-0.0629259052425429,0.10119131028892815,-0.0022201569847342395,0.06924481483341456,-0.11576075490270246
1374.0,0.02291593761626068,-0.0938766246246771,0.08148294454643878,0.09618358896621293,0.04162387399689646,0.17123764155324236,-0.10653041538661451,0.03435155092714325,0.03226092611344131,-0.04977742872994672,-0.08341088046892961,-0.0776036029637865,0.13464823109573926,-0.0072824457024318456,0.07921209284449558,-0.16750345517859988
1375.0,0.016467671561504523,-0.12760182016298788,0.11088742847532582,0.08920609216641417,0.03807285958732266,0.09908657648997005,-0.1258194825351243,0.022447662127229196,0.09506147565858981,-0.011946266736589056,-0.10121520740812799,-0.08240736066084071,0.14834973040489008,-0.0011151199765887909,0.10249593748957309,-0.18119686781201075
1376.0,-0.0024163098622570303,-0.14718220762846854,0.10861037202976478,0.06951643960862082,0.03469475731868073,0.01978107047709146,-0.12215250016390955,0.013147899853961517,0.12028397978365744,0.02500720091319962,-0.10078278299866997,-0.07521176048098854,0.1465956605061349,0.01097806074261164,0.13540594330390276,-0.15284475259982827
1377.0,-0.025027820427444687,-0.1483150185886153,0.07365859917773918,0.03868255596466198,0.031016191376782,-0.046852635228186924,-0.09485419173103178,0.013599576057266473,0.11399975312950883,0.056527251041454035,-0.08825759226114127,-0.05446260726385678,0.13749947517399533,0.024067190623343254,0.17241019545523903,-0.09037846910600872
1378.0,-0.038715030945533795,-0.13214991950897909,0.018209090732732445,0.0034510805853040787,0.02703270124867374,-0.08425752765256288,-0.05014378127538037,0.026893990321340093,0.08853812426746621,0.07856174690777354,-0.07268798672449213,-0.02093677951657118,0.12710196318661862,0.03450072687923025,0.20722759788288309,-0.010640736949236286
1379.0,-0.033541285189117094,-0.1059715508196964,-0.03793731624252628,-0.028127856053651996,0.022176299604302032,-0.08508241661602699,-8.980583106530467e-06,0.049356650681177304,0.056692479093716185,0.08633990686517669,-0.06339893273589607,0.02150526129607273,0.11627492468692072,0.038355284721621224,0.2333262977126742,0.06448717890449489
1380.0,-0.008014147127704612,-0.08010679849262999,-0.07796565296670173,-0.05084076526530938,0.014344149144642028,-0.0560117260274835,0.04213412742536199,0.07189614850275035,0.027866710593054136,0.07549073094605074,-0.06684712415361202,0.06618309715710026,0.10276402226938866,0.03123972381039442,0.24454768520086606,0.11367656449001802
1381.0,0.030075101690845426,-0.06241614153541235,-0.09652247880903707,-0.06405201913987624,0.0011261016899880329,-0.015490226737605814,0.06789995531044099,0.0847320078281384,0.007083432831450838,0.045352734699592015,-0.08353077918373414,0.10496475350116717,0.08555540113225818,0.011144144127237682,0.2363220715385274,0.12370038328195426
1382.0,0.06744106855980857,-0.054189497174301715,-0.10045788507141772,-0.07056039667775887,-0.01751337181914192,0.015477518029788672,0.07833922740531711,0.08249179747490253,-0.004156093629583104,0.0018331137932614055,-0.10703683815865299,0.13059445828897154,0.06664911848375489,-0.018004299844790943,0.2072541981921311,0.09552940957642507
1383.0,0.09081731731269713,-0.050117340331627826,-0.10209918894655884,-0.07384855410476551,-0.03798213034112968,0.02283306454615223,0.0828534686267024,0.06638314187480002,-0.006716123056395709,-0.0429140635614705,-0.12621264206500288,0.13886374196105883,0.048757468253866856,-0.04561700629852929,0.16034720735769145,0.04444542534118351
1384.0,0.09175481359062918,-0.042287780869771675,-0.11031465951503819,-0.07594759878285878,-0.05448513634066619,0.0036490127633780362,0.09302343804807423,0.04231364152942098,-0.0026220650750954475,-0.07449688814782733,-0.12934806320420153,0.12970375473397586,0.03203527294170188,-0.05816787050532758,0.1029105067489684,-0.006714170164174039
1385.0,0.06926510520232255,-0.02559279275320574,-0.12539179850412688,-0.07746581009857503,-0.06160669919281369,-0.03536729802201289,0.1150656769480001,0.01714520297019652,0.006459117089116637,-0.08210851550778793,-0.10891434268017025,0.1070026162400721,0.01367352505398013,-0.04597285940800163,0.04453095783446642,-0.03746489437754924
1386.0,0.029518728616933512,-0.000671028650097067,-0.1399629358189009,-0.07891643127571046,-0.056137757535720194,-0.08246999176322298,0.145191223772343,-0.003884410277360269,0.020085365331603194,-0.06355127069655973,-0.0655370566545785,0.07698076599847087,-0.009177167232550562,-0.009232964039751232,-0.006116828673587384,-0.037636851042272504
1387.0,-0.017040039948998085,0.027438313545808123,-0.14374518166808967,-0.08127342856039134,-0.03768192078116755,-0.12557121863344778,0.17064312592450692,-0.017654808321394697,0.03815938614632905,-0.027122027690437152,-0.00885638818496297,0.04548002022230316,-0.03626468122496255,0.04069175322850823,-0.04351105756282003,-0.009851716546610566
1388.0,-0.05970994149601235,0.05286356965840362,-0.12888563995860836,-0.08544276956670085,-0.00876015881733108,-0.15470767676253255,0.17621173755447428,-0.022607402883176957,0.05910374136339639,0.011450207789251056,0.046598802060849154,0.015693850935516097,-0.06388659542004477,0.0857654417843094,-0.06535244718345287,0.034064410046355756
1389.0,-0.09104480992234051,0.07151933448825047,-0.09404444288057012,-0.09183172018239241,0.025147977384389508,-0.16270439689218338,0.15240899198165608,-0.018472764769808515,0.07884882796595162,0.03650592954494797,0.08852521439915545,-0.01195835948587503,-0.08707044193813138,0.10852922672012769,-0.07154744689817312,0.07992346355976862
1390.0,-0.10864313916923617,0.08176976159540096,-0.045811177037255034,-0.10025434713334357,0.05645788744300607,-0.14665969891209843,0.10056671554382632,-0.006580377128280006,0.09134696848079583,0.0402132512754277,0.11168013179065092,-0.037646579558697574,-0.10178396418450936,0.09846344589870784,-0.06399330072548766,0.1169338566020215
1391.0,-0.1145068601240429,0.08397547213088322,0.0037621167773774274,-0.10969532990569034,0.07780454684981673,-0.1103277284915108,0.03288966697972356,0.01020301031316965,0.09040214181176168,0.025748772414470895,0.11718822587439166,-0.059514533818321586,-0.10563872811507932,0.05559676878083876,-0.047460019945521695,0.13977934616892404
1392.0,-0.11211755173943402,0.0799182315284562,0.04265619249192441,-0.11813557224720238,0.08452015438102882,-0.06373390057770703,-0.03161517132755295,0.02848518018791737,0.07225161847949961,0.004633626127044719,0.10854752970139347,-0.07293756961663951,-0.09766129280741978,-0.009568487449416527,-0.029577550290185634,0.14762753416238802
1393.0,-0.10308453361553731,0.07253267496893227,0.06395419711747292,-0.12267871438672165,0.07585696633319332,-0.018081051890287907,-0.0734221137228966,0.045373863169764335,0.037768807359113,-0.009351178753415778,0.08916494473880886,-0.0724516667130572,-0.07831817498018466,-0.07957594225694352,-0.018032475460451468,0.14245776305059127
1394.0,-0.08621164357289297,0.06545845557746206,0.06742313410283331,-0.11997325495625298,0.05518879075175543,0.020387958625085866,-0.07909206420351411,0.05856776754307536,-0.0068368933803187116,-0.006244181432252029,0.06317855166225328,-0.05535353845308551,-0.050003918720312866,-0.13496856473534108,-0.01643866394221756,0.1281380130961428
1395.0,-0.05978744882121556,0.06162593195979817,0.05774824961852914,-0.1074133717141002,0.029478170601924043,0.05199058042952013,-0.04638297014608714,0.06613865418286137,-0.051178308110616945,0.016354303198228008,0.036782024252959865,-0.02471333367421272,-0.017277764840775752,-0.15924862717640248,-0.022613975734827523,0.1097338704306713
1396.0,-0.024625069964325518,0.061590290630962705,0.041731330637148886,-0.08502747548128615,0.007382516669836624,0.07979050376421114,0.013987622997526619,0.06702786038932732,-0.08347687598248094,0.052794489814621655,0.0172226745873126,0.010613401119011058,0.013770070278267578,-0.14380630160451807,-0.030662946425524345,0.09235735171439123
1397.0,0.014994586824944473,0.06344064525263955,0.02627123452923062,-0.056532173422445396,-0.003996628545695519,0.10499403792939258,0.08105084720181265,0.061840660164586635,-0.09442832307077483,0.09205302101696075,0.010361543523812095,0.0394394784520688,0.0368800943437648,-0.09166391163176384,-0.0348083125559513,0.07989685549572506
1398.0,0.05278730960770125,0.0642612246625305,0.017218542785717526,-0.0284039343440742,-0.002308535469181654,0.1256123572045315,0.13035233327945284,0.052805158952409476,-0.08090630626743271,0.12211927016268044,0.0187971102228255,0.05286034998283439,0.04705994937987496,-0.017607629574380012,-0.032594254032293185,0.07406015128994231
1399.0,0.08273072489714485,0.06118982632484109,0.018029273441999137,-0.007595743201388412,0.00862472697345644,0.1380873690572197,0.14289564956037926,0.042766883920844434,-0.04733765180056135,0.13397137929926858,0.040529935751069564,0.047146584138451436,0.041572074925014316,0.0564466797917811,-0.02651170933989757,0.07359042159070615
1400.0,0.10074477562498284,0.05148825144333614,0.028030081734170115,0.0008570988021304321,0.020094180211101174,0.13949049226681945,0.1125624061960855,0.03397018520308305,-0.0034848731802249724,0.12425711941269338,0.06832667030769644,0.024077630706416532,0.020340447411048252,0.10937321531763075,-0.02351726119593832,0.07362201366164148
1401.0,0.10538121669338175,0.03277076665889404,0.04224399406169373,-0.004173820985374885,0.022304470948653014,0.12821033399443718,0.047497902034807596,0.027266240783551093,0.039543488992305954,0.0963138940325497,0.09151805290150747,-0.010194294428266344,-0.01411416621953135,0.12833526188632463,-0.03201947432274973,0.06601960097045595
1402.0,0.09749534346926478,0.0037754166996562624,0.05443808260949427,-0.018736854649414998,0.00919868551410142,0.10292296735254246,-0.03532884419504359,0.02211954672763259,0.07213848803395334,0.05841685113078156,0.10047115107725112,-0.046809678474296394,-0.05700204770917298,0.11213546319637514,-0.057293887823263036,0.04212417225183233
1403.0,0.07914434810271362,-0.03468480200038491,0.06147707059233152,-0.034483689681213195,-0.018047276217348154,0.06255354833402368,-0.11750021967035075,0.01758532175306717,0.08749900525935764,0.01967221043411749,0.0912865936496708,-0.07634894810803065,-0.10139972586273704,0.06969288583562494,-0.09780192710603894,-0.0019714607768165932
1404.0,0.05281110576458909,-0.07862212513527203,0.06494702530818378,-0.04170134486026144,-0.0508113344652731,0.00917833727250735,-0.18349781515767247,0.013734079227092393,0.0827583254275642,-0.013479076969924661,0.06794278209313835,-0.09121490737121907,-0.13828589699662613,0.015792076337609633,-0.14438983823373494,-0.06065653221006743
1405.0,0.021934563526852104,-0.12023819591567639,0.06851715445023177,-0.033512394723401666,-0.07653397351996456,-0.04894742832433462,-0.22229330536808917,0.012147413884450963,0.06004851008835729,-0.038062053447030106,0.040423007895418514,-0.08752312915894069,-0.158258321030477,-0.033992317600047416,-0.1826232763093565,-0.11906256607015499
1406.0,-0.008308569935027155,-0.1492707749950995,0.07350408612633683,-0.009070175449437057,-0.08438376635393327,-0.09840490164701964,-0.22882919124271617,0.014559647423660003,0.026402941176835774,-0.053536691889970005,0.01926531515016818,-0.06613894218115494,-0.15574121879925953,-0.06815220722670434,-0.1976922020232865,-0.159692906410412
1407.0,-0.03213374255389279,-0.15682177031039365,0.07661371060573531,0.025974914854761284,-0.07008796680092569,-0.12560793965055533,-0.2051273461278383,0.02054835878459802,-0.007870833520453945,-0.06077161415975857,0.00962455911464209,-0.032752997379488905,-0.1321317107534275,-0.08202798885639527,-0.1807147690258963,-0.17158782663791755
1408.0,-0.04611277474190844,-0.1397558285575618,0.07217287381201094,0.06205321792807085,-0.03745189845754803,-0.12227274732215498,-0.15882573533171307,0.02639319606759172,-0.03161614709376631,-0.061612121326857394,0.009234672701683313,0.0034939816579019002,-0.09387507854860971,-0.07716909950369784,-0.1336446268874002,-0.15604021697494797
1409.0,-0.051121144475358656,-0.1028839324746572,0.057327938183088546,0.09002811814204567,0.0038333692092605456,-0.08862625267712126,-0.09983796605291967,0.026466476146081396,-0.03555012123951374,-0.058397654729696026,0.011624978682327262,0.033111395795630175,-0.04724249669842653,-0.05892192520711784,-0.06941835193393245,-0.12550210422178087
1410.0,-0.05132401426952383,-0.057727211070616444,0.03549145761207919,0.10492971357820115,0.042551812671286535,-0.033511225069996986,-0.038428100864406914,0.016286142558811008,-0.01545614482202828,-0.052936477304456914,0.011173626994715373,0.050081529033711936,0.004755891189813925,-0.034809589304049066,-0.006568202297773706,-0.09688037858332799
1411.0,-0.05136948454925087,-0.01842530440029404,0.014729917132813733,0.10702689749820649,0.07013196251812842,0.02865612421658828,0.014824684014321307,-0.0052074805581659115,0.02484020635507861,-0.04549312767636804,0.006193201448298947,0.054354347203226454,0.060912255194792986,-0.01331640165102114,0.03869267419362457,-0.08291929327319982
1412.0,-0.05386620276654389,0.003758398458892351,0.002646399194637604,0.10018369848901008,0.08278344597667052,0.08326983757563192,0.050348868684556396,-0.03544368042659293,0.07306511843294107,-0.0347669344759843,-0.0005226730537193145,0.0513758277237497,0.11793156027980192,-0.0011687183813427373,0.058462416467128776,-0.08581737893821254
1413.0,-0.058053634870623434,0.004991430691407945,0.0016441954745305526,0.08900545313102198,0.0812095609622838,0.12089061249364785,0.06350330139000936,-0.06908211348657052,0.11264870991313997,-0.018874138772886778,-0.003154198373193632,0.048726805573717565,0.16802141948770716,-0.0003296621373462919,0.05463581492713796,-0.09653029661243379
1414.0,-0.05993811328111305,-0.009813287652589837,0.007073132953638486,0.07641579122741936,0.06894073856355074,0.13943103370820106,0.05797459306075559,-0.09895215065669093,0.13024106426204823,0.0035550203161006204,0.003702001292258744,0.051844907422926294,0.20085914114592027,-0.008027761163902327,0.0363528534829069,-0.10004065747762272
1415.0,-0.054100870739677245,-0.029338951238603275,0.009255329359830014,0.06312753385194951,0.05074959312939927,0.14176209027925676,0.04480404737365201,-0.11781329369273867,0.12193079037106971,0.032291251441984914,0.021035482508335597,0.06140280665472283,0.20879263949805715,-0.019495157090688733,0.015599587223250522,-0.08356668823061995
1416.0,-0.036602711496317185,-0.040501221460564736,-0.0009012508454589701,0.049378857942769576,0.03166895121687472,0.13076095924905257,0.03660883076971607,-0.1214468514518028,0.09360362453084825,0.06389219568616838,0.043414785514197626,0.073390397437126,0.19037086740325065,-0.029668530083439275,0.0031895958480590834,-0.044053734193964286
1417.0,-0.007344444142936397,-0.03338666306221932,-0.025587550581111552,0.03693364485667595,0.016066330478497627,0.10607394277266506,0.04064008035427603,-0.1111370187533514,0.055529192357203314,0.09046820779564209,0.059901895548746815,0.0810971987352624,0.14949528177992485,-0.032835778956508486,0.0062775937313423605,0.008925190978329148
1418.0,0.02951404868565604,-0.004407567080535876,-0.05767330439580923,0.02883642699863307,0.006426869427911744,0.06567055514952973,0.055370086917878744,-0.09282134544188411,0.016160942466689338,0.10112066234125712,0.05744496807507381,0.07817614083104416,0.0926127244659008,-0.02310598792032405,0.02672985564953475,0.05778389353919312
1419.0,0.06714684915021252,0.04327024106973344,-0.08437850931240856,0.02703412890240751,0.0022849292838165083,0.01085105789535533,0.07226470420305918,-0.07302291152928342,-0.019719236951647155,0.08690508186504234,0.026421611431738316,0.06206386915193605,0.026934586661799893,0.0024869395699871695,0.05922111020631115,0.0868293304999115
1420.0,0.09877869055697769,0.10103695702781221,-0.09423323934699727,0.030269332852803203,0.00010316690598118853,-0.05023232676264719,0.08076100945205977,-0.0547771240550934,-0.04815199664229505,0.04687888105603753,-0.033238445112628766,0.035771128401709075,-0.04014371141488584,0.0402795091584261,0.09047871570532996,0.09045551382218665
1421.0,0.12024907418179867,0.1566627613709124,-0.0819739760240079,0.034222830365073245,-0.0051369377918316535,-0.10435414706150423,0.07315884770199936,-0.03646789836473601,-0.06298177731639955,-0.008993372522294417,-0.10903373785028823,0.006253499549871453,-0.10128190793277707,0.07934252479383003,0.10301548055282875,0.07426354784061079
1422.0,0.13119499119205663,0.1967197331778997,-0.048451755955900275,0.03394622306534217,-0.016863580372261065,-0.1396194035727099,0.046989253828996574,-0.014157124524983666,-0.056839733936765356,-0.06233933172023691,-0.17879303644329175,-0.019665517352600977,-0.14925883621176234,0.10556655802725785,0.08346843008073188,0.04965010915676979
1423.0,0.1342955124131169,0.2099117612920201,0.002302462968008177,0.026935162523383755,-0.034271261337067656,-0.15196484524789855,0.004776657487431911,0.013843159906634964,-0.025388525311272822,-0.09288957103679485,-0.21889889666566822,-0.038747895469990794,-0.17700818547594122,0.10844855053947977,0.030465396302074243,0.026479206668809433
1424.0,0.1329839473399536,0.19074856562282153,0.06412245466908979,0.014612837530225608,-0.05224564574442838,-0.14672610721615995,-0.04697705073279161,0.043132976393570804,0.028914052363165122,-0.08610777961851232,-0.214568021020607,-0.051774256498308587,-0.17857704397836985,0.08662680825413122,-0.043559625509735835,0.008459308113388717
1425.0,0.1287986825413002,0.14248099865877406,0.1266086050608956,0.001073120903379404,-0.06415491688182341,-0.1338626323224671,-0.09849474825140145,0.06377168017688259,0.09566443707501825,-0.0394615745011468,-0.16748965025292006,-0.06115540160381772,-0.15166053177008637,0.04938710662117326,-0.11771405910880832,-0.00632891214389103
1426.0,0.11998398541131182,0.07753732838740127,0.1743796765067087,-0.009780105041422623,-0.06554325625604446,-0.12045355689445614,-0.13813358308807988,0.06582643597184411,0.1580400660223464,0.03512869250470501,-0.09615198525247182,-0.06840410277375943,-0.10045835107694216,0.013316214553611932,-0.17135035340708105,-0.020507534780504773
1427.0,0.10265263297871668,0.013799352321010877,0.19176754118394496,-0.016260491150271755,-0.05608275899775283,-0.106083531277869,-0.15567808169359107,0.04599228915008129,0.19720190808686439,0.11461934405759788,-0.027501408729404042,-0.07392742947083349,-0.03631496448329931,-0.005287991202981214,-0.19091459756692455,-0.03244283571376168
1428.0,0.07415408092394841,-0.032147196671778344,0.1703734546854309,-0.01889137580545759,-0.038860640509889105,-0.08459269807143015,-0.14647633491489045,0.010585243119616276,0.19903044484249444,0.17317337146865783,0.015685820493474674,-0.07847337961732145,0.02534489750003432,0.0007964771409898674,-0.1726201236770514,-0.035943239532221664
1429.0,0.03631981895933425,-0.05112110004351014,0.11343593902602565,-0.019235812037061335,-0.018383362136453196,-0.05094999933505248,-0.11379006766234856,-0.02677410242387514,0.15991171937666251,0.19154347637933902,0.02383562806951129,-0.0835914927126356,0.07024691093575833,0.025157563596166947,-0.12190016387319316,-0.024569801028403403
1430.0,-0.0038745279074998995,-0.04405972918861192,0.03474645336666125,-0.0187359620253177,0.0009365472172950551,-0.00745749176347607,-0.06761236956189676,-0.051339800848458,0.0879893373988774,0.16315554370316557,0.0009446054481246417,-0.09010840977934997,0.08903000684545326,0.05146703439234296,-0.051101946716415166,0.00384899125732295
1431.0,-0.03692099130113101,-0.020664743677313472,-0.04575772353329434,-0.017727248623563827,0.015402339298149503,0.03615257703347193,-0.02049652890026654,-0.05379040348680077,-0.00022538195589572504,0.09513400846521841,-0.0413905966768245,-0.09612730419165286,0.0783208067503851,0.06385160126579327,0.023967939375544825,0.04571822708950702
1432.0,-0.055233471346110743,0.005247444164295884,-0.10743427296360458,-0.014629734755760244,0.022392531035546757,0.06803886668025515,0.017093789721056563,-0.0335158655121144,-0.08526400891955258,0.0053219846323816,-0.08963917011513277,-0.09677876032805661,0.04159793502269259,0.056789178186018245,0.08846626387104115,0.09247675480095255
1433.0,-0.056774787269671355,0.021480618458161387,-0.13427136906871864,-0.005958420889207335,0.020761897006473476,0.07974421632504737,0.03932861476191146,0.002213021970665738,-0.1499593765276697,-0.08298449541594381,-0.13045685732513357,-0.08676739308044265,-0.009392520513187237,0.03761702226804032,0.13310702356598494,0.13215179524767173
1434.0,-0.04563547039807919,0.021795765617483066,-0.1190615054197929,0.012232716138091878,0.010984276855337939,0.0687830542237504,0.04508365131192564,0.041289792627989534,-0.18358091601729695,-0.14745557999032066,-0.15170583871604781,-0.06420420277314694,-0.056023445099981146,0.02069794326197288,0.15677161189032945,0.15215354766495023
1435.0,-0.029298790367859085,0.007467706398498517,-0.0655481578849933,0.04190879088790577,-0.004986380485514556,0.039039010520206315,0.03689303912170752,0.07053163646978453,-0.18378165145942285,-0.17292870141641659,-0.1452223135924205,-0.03255141722680559,-0.07906448630483268,0.017827213717364843,0.16509419786358856,0.14369372792922952
1436.0,-0.01452944433857902,-0.014417908499575407,0.011860138037578996,0.08108331651573085,-0.023955103465630005,-0.00029439246458464537,0.019446569098895274,0.08000025018257131,-0.15562042934898837,-0.1555912949157917,-0.11052899250324852,0.00099282196451445,-0.06685400394688136,0.03081599288201555,0.16569894551229186,0.10576517864871833
1437.0,-0.004637937969177787,-0.03496677379374013,0.09118315481351957,0.1235204283444113,-0.042046422766132116,-0.03727800791867972,-0.002118754019401247,0.0669577160580663,-0.10881655755091184,-0.10390079340126145,-0.05638567076462059,0.029316641288892602,-0.02044241721889348,0.05067757780423129,0.16328299268527466,0.04637322043907316
1438.0,0.0004934367709851943,-0.04723973043794865,0.14899571539717857,0.1601041965409799,-0.05550115530464773,-0.06029659779221928,-0.023209731098978975,0.03722073231784361,-0.05508427073822128,-0.03569804092507631,0.00225315619582683,0.0485258365012599,0.04650426018778322,0.06378436717766134,0.15725282102448487,-0.019098067252714974
1439.0,0.002480027169989135,-0.048230989855935845,0.16851698666246898,0.18133291198592982,-0.06097387301743387,-0.06080488410497226,-0.03976655393674318,0.0027053507252722386,-0.006017152110270547,0.02800750267370483,0.050942335893189805,0.058283293574945695,0.11227733775986323,0.05998888154986804,0.14260388200819876,-0.07179506954400151
1440.0,0.0023986257690072144,-0.03946168891946769,0.14638077196463234,0.18053855657151102,-0.05531352709049693,-0.03608166919309165,-0.0480717209095109,-0.023632566246471424,0.028680890897179376,0.07006812265994229,0.08148727772201998,0.05973872789868063,0.15480811847056414,0.03657124827851136,0.11337862056292801,-0.0957146567822832
1441.0,-0.00044498146886040206,-0.026439891540599662,0.0939940619257295,0.15679484114052492,-0.03606103545538246,0.008822380593639547,-0.045065656786060414,-0.033066209407524944,0.04253321179248533,0.08176868423667105,0.09299234924498112,0.0537094740692011,0.16049148849463016,-0.00331764433387308,0.06678634712157928,-0.08508689670280682
1442.0,-0.00894351970231686,-0.016593713698909215,0.03201691601464206,0.1156055616715548,-0.0033423160508982953,0.06210104678551455,-0.029200582529873943,-0.024350417225387277,0.033285622577954845,0.06388128928094947,0.08931356181914818,0.041305812085632575,0.13059452422102616,-0.05410885441044453,0.005683119914125306,-0.048307995885909324
1443.0,-0.027357799889954626,-0.01588269381472943,-0.019136558426717052,0.06659477182300888,0.0382917155501524,0.10969729411444293,-0.0010965507775464436,-0.003555929478658255,0.003441104687917863,0.025369709595900986,0.0762286540459032,0.02607869313537412,0.08168089467767704,-0.10921918858397418,-0.0608198338322162,-0.004175925217967237
1444.0,-0.05855814395888525,-0.025394970883378644,-0.047622955910150776,0.019739569034408096,0.08019652141232464,0.14109267225121444,0.03671754519555703,0.019169724572862517,-0.04033125891564135,-0.019480146599512412,0.05987697895119872,0.014594697942707147,0.0385864700567994,-0.15982831443240067,-0.11781566274150286,0.028181346911444995
1445.0,-0.10030622155409658,-0.040197304896281164,-0.05329390368225678,-0.01768137341261224,0.11236682104463183,0.1531268483461147,0.08008772584667007,0.033913883762422325,-0.08880066664054713,-0.05540029574262244,0.04618788451898036,0.013711610754427964,0.02196398758676796,-0.19413952804496848,-0.1477696170061209,0.0385552918762335
1446.0,-0.1433582199196401,-0.0518426836577942,-0.04485019584111931,-0.04225384748624523,0.12699047076002737,0.14987384614949445,0.1224652088544996,0.03445843092890578,-0.13170621332784402,-0.07084206803089954,0.04023843700976277,0.02618407363907385,0.03713463254536495,-0.20061155311749815,-0.13813454834618663,0.027842441221245323
1447.0,-0.17351963405658455,-0.05269891263714193,-0.03376661859957792,-0.053791742685734,0.12115441630185723,0.13896109850344218,0.15480317538156843,0.019886818970152285,-0.15901373326737323,-0.06131694109454345,0.04459601208082845,0.04821291222730349,0.0724343070724659,-0.1742000807658137,-0.08977539615924361,0.0035726898948852046
1448.0,-0.1770537518491748,-0.038786230507399475,-0.028838631255475974,-0.05403608524498851,0.0976936991041092,0.12608312442008654,0.16862677813161747,-0.006132560165069854,-0.16280157950405857,-0.030476776962265254,0.05758892260213468,0.0712236052104464,0.10847947647868063,-0.11996477019833049,-0.019059590735374374,-0.02587162911815091
1449.0,-0.14673082419915381,-0.01030012717825362,-0.03325063692237872,-0.045784314136278224,0.06401049053113138,0.11036507211060301,0.1609181953757367,-0.03784248780533872,-0.13985962873224478,0.011319712720247345,0.07378211572731783,0.08635854970714586,0.13062584663251128,-0.05033591779453321,0.04930166183331581,-0.05401171034387652
1450.0,-0.08549298690882463,0.028756022767808875,-0.044066452891910496,-0.03251757989424943,0.029500403701911343,0.08423626847244338,0.13648219313848292,-0.06986822254507062,-0.09359661250513689,0.05086950767791566,0.08692139067142114,0.08773015164645576,0.13537245132644016,0.020784457235038193,0.0940641726407272,-0.07603382275252323
1451.0,-0.005834040945207681,0.07126946698045902,-0.053954199959737506,-0.018129640402466465,0.0024932457577064287,0.03934272239436652,0.10575028367368464,-0.0983891510558367,-0.03359677371973105,0.07727833542546698,0.09324593970350797,0.07245791784605943,0.1275631368678373,0.08146222162346414,0.10626320216840235,-0.08805287925715535
1452.0,0.07462464921942968,0.10867540475587818,-0.05495044668399635,-0.006497270551502686,-0.012391139399092333,-0.025167873195491606,0.07983127350117435,-0.12145081222501011,0.027553504960556904,0.08602400369550521,0.09327570876327577,0.03940162943906146,0.11221446507768056,0.12191372475364923,0.09064522537177568,-0.08722977362508444
1453.0,0.13872807215714947,0.13326195828280654,-0.04283943756459804,-0.000726485258323884,-0.01544598163146016,-0.09791916183310469,0.06553476725758786,-0.13905295750339422,0.0784767236073116,0.07950524834105946,0.0908829109805047,-0.010549391829285276,0.08804228845258753,0.13500793288020752,0.0606969625270923,-0.07275559606273488
1454.0,0.1741870080586469,0.1399348805664093,-0.019948123854393887,-0.002337929588766049,-0.010969261785116145,-0.15758588986611494,0.062490258447140894,-0.15251378337819996,0.11172089704480018,0.06370400653631332,0.0894222140472291,-0.07242121382880065,0.04796193151778186,0.11878742315883352,0.03145218493665569,-0.04748541321856426
1455.0,0.1762255899953485,0.12738106333967106,0.005151883559864442,-0.011012195734087035,-0.004899083173758064,-0.18176534944263914,0.06385628665139273,-0.16258171514010086,0.12432347560975088,0.04371086021572666,0.08766471387853796,-0.1357878285873889,-0.013408290913046446,0.07851093587616227,0.013652096665898653,-0.018732895147988624
1456.0,0.1485459769294612,0.09903880840728412,0.021305578263390832,-0.02499681895706961,-0.002426691490281315,-0.15790987783950255,0.06018949817208154,-0.16726234563350725,0.11773465201909086,0.021649687089854402,0.07980856835174958,-0.1862789533929088,-0.09099395145322095,0.025640674454194216,0.010131204437181171,0.0038435801122499373
1457.0,0.10188737038016106,0.06261282901163626,0.020343932303352994,-0.04170804886565013,-0.006114981704343018,-0.08941516881192056,0.044010691427744685,-0.16134033193955705,0.09770073929911097,-0.00233229604751391,0.05998413009893445,-0.2099302562834121,-0.167589411652311,-0.025470833153182753,0.014732581765140978,0.012632759418437547
1458.0,0.04955769719037903,0.026820069170203593,0.0012913534933316172,-0.058248021275795724,-0.014755627924023634,0.006533799490404713,0.012733503479112111,-0.1385951066301772,0.07282901942552548,-0.028112192288049377,0.026995689109605613,-0.19865361341059262,-0.2224112151177795,-0.06125527079958266,0.015152361175110327,0.005534062898489342
1459.0,0.0016784817869593249,-0.0029338199249363643,-0.029436705255436155,-0.07184074097758161,-0.024248571055083715,0.1060293238563097,-0.030918969943382626,-0.0957041957346464,0.051544012338194924,-0.05435462417125265,-0.014153715457388808,-0.15440242110746932,-0.24313933019983477,-0.07250566303941446,-0.0003634768591535341,-0.013583521414921376
1460.0,-0.0381032497851454,-0.026678460591160844,-0.06164709581155389,-0.08024868078618064,-0.030841222361176663,0.18496639285094038,-0.08075381606820178,-0.035681783033078875,0.038977230626137636,-0.07826813331359617,-0.05378245682563911,-0.0897884299934744,-0.23195422325719134,-0.05757436543180728,-0.0357252004151453,-0.037005455077338927
1461.0,-0.07140222922417701,-0.04859630512914449,-0.08671638750718844,-0.08242463655682358,-0.03423511255323735,0.22347203679615696,-0.13007715455553864,0.031138916060683742,0.03514005690633362,-0.09643622377699161,-0.08074407526437467,-0.024349368220298703,-0.20314062525832308,-0.023772748459976657,-0.08366063659447433,-0.05654957558446793
1462.0,-0.10092727083077098,-0.07356067575641176,-0.10174270655740249,-0.07950853630624863,-0.03767678940512641,0.21014750508941515,-0.17376458164009317,0.0895924720436499,0.0349416857873421,-0.10641098956192942,-0.0864426916968471,0.02242458488266274,-0.17565711201860928,0.01429939269498885,-0.12886163959932917,-0.066770561123485
1463.0,-0.12639235555615522,-0.1035165733214249,-0.10957242248126607,-0.07532661247400199,-0.04493929805582992,0.14634345554413936,-0.20773400331102096,0.12511217712287398,0.030224489567581357,-0.10796537305095086,-0.06851867263833449,0.038607718553893305,-0.16393635667822093,0.039944613223422215,-0.15529852805578492,-0.06634695136540447
1464.0,-0.1429358051937507,-0.13566178581697172,-0.11459975888980413,-0.07511488248426924,-0.05677620809117356,0.04756334714116005,-0.22667010070332277,0.12985606461757418,0.01345249404661894,-0.1031398823409942,-0.032472114992528174,0.024368340951620066,-0.1702611225525421,0.04237836696925554,-0.15247857605314963,-0.05683486154203797
1465.0,-0.14315652351885444,-0.16345525878935951,-0.1178713014298022,-0.08266804725593054,-0.0697183208959916,-0.06006831116017363,-0.22332825564588257,0.1062011373147845,-0.018033234479634567,-0.09495370104033479,0.010126741894044014,-0.008862603591432594,-0.18330983321853725,0.023483953692165105,-0.11834704429312785,-0.040256112969461445
1466.0,-0.12173002690372274,-0.17975268179340972,-0.11541489497113046,-0.09789469813181159,-0.07808267478114378,-0.14752721941490796,-0.19185233551669223,0.06517203735074933,-0.05920313074240522,-0.08545201700146463,0.04623397844563899,-0.044104755950820716,-0.18476338345756757,-0.002829750839530608,-0.05998433842448142,-0.01827593950689835
1467.0,-0.07952801830734738,-0.1801689181702055,-0.10100381108968345,-0.11639621765300864,-0.07753118767815206,-0.19291768991659722,-0.13359878788694485,0.02075141724968673,-0.09812861078138695,-0.07475708846555279,0.0661178346087049,-0.06640771838637707,-0.16018042686718248,-0.01966914854320583,0.007935230193890551,0.006280691547728339
1468.0,-0.02444030501171344,-0.1648172869272254,-0.07140307713427296,-0.13101018953908578,-0.06769634194823274,-0.19047941925873435,-0.06047978846192219,-0.0159140066273403,-0.12074219536716929,-0.062168158543644665,0.06586646932919228,-0.06836967792223017,-0.10744721688665575,-0.017749985638073736,0.06809678712519475,0.02797562636803428
1469.0,0.031345241851369575,-0.1377634285103573,-0.030687997600162102,-0.13448583942105696,-0.05247887140362806,-0.15311676755942663,0.008385560437709922,-0.039054819421385854,-0.11734066316267347,-0.04812633821104386,0.04730758664309891,-0.051056665181683655,-0.038017052408269615,0.00021571013819512313,0.10717109220954185,0.039909643775924306
1470.0,0.07564197670334306,-0.10514313452344848,0.009181757841978081,-0.12259597795397284,-0.03799146941781941,-0.10517071431038676,0.05551934006067976,-0.04750231559313452,-0.08738128156926561,-0.035162086779371916,0.016601923210124502,-0.02092738391277263,0.02899493149474824,0.022809248559290816,0.11996064211070324,0.037049245436376214
1471.0,0.10002352487253623,-0.07331996029629624,0.03274502859356565,-0.09662661597102185,-0.029228211254861303,-0.06923528568363879,0.07336511961737216,-0.04290653550512029,-0.0402044211474079,-0.027168722118337634,-0.017805836615095345,0.014216883353033297,0.07532258075268267,0.03674677247134969,0.10885119960045267,0.018978226699421768
1472.0,0.10190696675625616,-0.04741905919038645,0.028898116365981948,-0.06338794506492576,-0.027443582793206765,-0.05563461435042947,0.06643645226548466,-0.02897326092869609,0.008484815642593865,-0.027459447704657337,-0.04790605133970441,0.04768513661903671,0.08963174538887501,0.03310469183268684,0.08002396940004795,-0.009924787673694585
1473.0,0.08445119253777397,-0.02999654641256158,-0.0024069716326805108,-0.03184223851890232,-0.029965777047204815,-0.06038673257077591,0.046778524343122026,-0.01140925610604829,0.0428263078905673,-0.036844357983414504,-0.06863995672177813,0.07462508058488741,0.06973745021033988,0.01126072337514236,0.03962869654115244,-0.042410904927209794
1474.0,0.05432916369858323,-0.020307517162396923,-0.04952134814142221,-0.008514591901973817,-0.03244990006710125,-0.07063199561364492,0.027086574409580757,0.0034636922403686403,0.05285831752598581,-0.053239478021138556,-0.07874461214001001,0.09227704783505492,0.02281554704048178,-0.020508582235006644,-0.007703562004276989,-0.07060688358082069
1475.0,0.018680898860113457,-0.015043563337899036,-0.09517566135405489,0.00478410028673175,-0.03185914295591807,-0.07271668927224269,0.016181558685882322,0.0119880855286477,0.03734145100308056,-0.07303175923612945,-0.07977636258552902,0.1001820243841871,-0.035275297235549334,-0.04877188406475281,-0.057679876929754,-0.08762164249372173
1476.0,-0.016869528060990555,-0.010336222113782382,-0.12494601956785481,0.0098688107972767,-0.02816714013812118,-0.05892000689471687,0.017842505786767295,0.015751394729210295,0.0024878161644596368,-0.09254978021614005,-0.07469776606689084,0.09973919661664075,-0.08340513221620331,-0.061667602902749315,-0.10413800211554322,-0.08880384267746795
1477.0,-0.04842011285493258,-0.003463833933561687,-0.1329460186516066,0.009535104940572752,-0.023800787352667892,-0.030623319327659517,0.03130641826996263,0.020636121182735837,-0.04164104528673829,-0.10807345006903973,-0.06696490959489794,0.09281460086400035,-0.10276564178507135,-0.054811451743687095,-0.13843796472947328,-0.07308701552058722
1478.0,-0.0728343228892856,0.006815919389315597,-0.12258745377819578,0.005508799152978626,-0.02122916282057159,0.0030344538376003457,0.052099104488622476,0.032693292367375865,-0.08473855678849582,-0.11503346597269778,-0.0596537989561414,0.08030094611306535,-0.08543846897825624,-0.03317352973410807,-0.15194578790964697,-0.044112398055085725
1479.0,-0.08663888294233735,0.020517779155229683,-0.1031142122908502,-0.0019471561606430586,-0.020329361379988833,0.03010023987293637,0.07288511284608551,0.053793341372714576,-0.11836642558327407,-0.10832082265898543,-0.05448207396952038,0.06219078183851441,-0.038103194103927665,-0.008436450710664109,-0.14010748083512145,-0.009933335995147867
1480.0,-0.0860126470570675,0.03612581071656271,-0.08389118787381276,-0.012978132569673305,-0.01762050100933114,0.04157979447420406,0.08465545693045354,0.07996077889125694,-0.13665697063788243,-0.08424421663504329,-0.051526108345228486,0.039504412950426865,0.021670991299127175,0.006146684540257284,-0.10486472263969598,0.019807576717669338
1481.0,-0.06875804750142175,0.050194553940565594,-0.06929055930380229,-0.02682290249050007,-0.008322244053737809,0.03527909102163019,0.07936486109267869,0.10318374326056697,-0.13707367019153302,-0.0428815245640527,-0.04960341057924518,0.016195885418112385,0.07379483871422728,0.0007771852359690104,-0.054000624922831045,0.03846686305074153
1482.0,-0.03733500052111738,0.058115838484323355,-0.05721573713715503,-0.04130533143693881,0.00988551467251616,0.01628013390521615,0.054529966349755016,0.1150205747242141,-0.12164518014246736,0.010551211147923227,-0.046817140158955044,-0.0012503287824219425,0.10372261227060885,-0.027371250991985663,0.0010955256359280556,0.045801596773637536
1483.0,-4.3264342555458274e-05,0.056182526766735616,-0.04200906620253062,-0.05310465541584286,0.0339446102026477,-0.005991000415974628,0.01693194489439517,0.10986762162054381,-0.09673202035869846,0.06596628996246802,-0.042033843124849236,-0.0066839234967330935,0.10691251696298434,-0.07270785122393146,0.04774391188841871,0.047393356243215994
1484.0,0.032059563504888436,0.043893180794380246,-0.018724668354337778,-0.058195709304666575,0.05578647806945704,-0.02262608682159246,-0.019259173478512876,0.08693243518305582,-0.06993217839739913,0.11072611872364059,-0.037315393400793546,0.002451952554003602,0.08908992357590174,-0.12274286035410269,0.07473185922768344,0.050278489801969896
1485.0,0.051071305929558136,0.025444464511502524,0.014722561155142942,-0.05258815072975221,0.06647134448942538,-0.029350826669667915,-0.0401675944080688,0.050575786052632805,-0.046129963813904155,0.13405152852596175,-0.03840072527984675,0.023564243450715214,0.0629659899285061,-0.16273079085625536,0.07581106729122643,0.057997862936602244
1486.0,0.05618135512151281,0.009563411766649836,0.05725887659830878,-0.034031314970997435,0.06155535003664353,-0.027525151716362415,-0.03962821140718665,0.008865897576576985,-0.026018778578122733,0.13187033883521884,-0.05096694983946918,0.04968840809505346,0.04248733642695978,-0.18114516048034854,0.05238879763894955,0.0685295486653479
1487.0,0.05262457267976296,0.007008227622436426,0.10394893127608885,-0.0041538429290603985,0.04381245943400625,-0.021597069661214326,-0.0201696028177179,-0.029078922217161206,-0.007587068393113749,0.10911561546866398,-0.07488145225670102,0.07221511762802447,0.03688893965656639,-0.17269923818555324,0.013363737133710748,0.0763019552293151
1488.0,0.04747874986116105,0.026087234680826778,0.14550639763126244,0.030956242143089716,0.021633390100692342,-0.015066468614970038,0.01198390455313902,-0.05567886871842166,0.01190650131203024,0.07776994338292233,-0.10102024602685959,0.08461129096409659,0.04791103987173802,-0.13823927710055695,-0.02816538083494007,0.07664678757373211
1489.0,0.045893601057331486,0.06786016657642825,0.17083840875942696,0.06297898030662974,0.004888313017739222,-0.008300203020705563,0.051485687847318815,-0.06638413551830004,0.035049077285998646,0.05162543410333405,-0.1137895615429138,0.08542736508906489,0.07182585769856856,-0.08353217704835272,-0.05949792101933248,0.06927929137382983
1490.0,0.049425520656080954,0.12332577860281281,0.17264010914961075,0.08516251175960989,0.0010815369219017708,8.72468546863404e-05,0.09341392733247073,-0.05998997332167025,0.06346266309072537,0.04037252252449907,-0.09925933058530242,0.07881475411179187,0.10382699888975111,-0.017975018087287496,-0.07204554900652883,0.05821162887927643
1491.0,0.05632690984397197,0.1747092380549364,0.15211713545243438,0.09503760946651788,0.013038477025464242,0.01025120631657291,0.13013579670699604,-0.038311409800954696,0.09610678731249643,0.04596573343991851,-0.054205568221861906,0.07192979762686995,0.14039372899662214,0.04753591430820812,-0.06317007954170376,0.0485806506594506
1492.0,0.06290810125359948,0.20174017506366135,0.11880445006423257,0.09424131143930141,0.03801670332398871,0.020049990680749665,0.15079928736454196,-0.005662362576820982,0.1278392876900255,0.06306974430304162,0.011142980663948795,0.07037234756184939,0.17805980713045622,0.10327698506589816,-0.03638863019464321,0.04335463186199198
1493.0,0.06467050850346992,0.1911852334276685,0.08523831578364505,0.08583612912027143,0.0683630955728147,0.026760775817052135,0.14541269705067794,0.03176333460860486,0.14993672144065026,0.08281976853093659,0.07901402845968035,0.07436054306718569,0.21130373321854137,0.14225781502517465,-0.00041261044398155204,0.04260577764719789
1494.0,0.05685475294936213,0.1446146611835133,0.060558208843841166,0.07160757561599948,0.09406003689937432,0.029214852093739793,0.11093950771937003,0.06676618740083565,0.15293833969699827,0.0974165822989271,0.13335173268128875,0.07827592025656145,0.23273057382007697,0.16019905431731676,0.03317010464403384,0.0453252500331319
1495.0,0.03585594242848,0.07881234754885204,0.04773281667944001,0.0518398759704562,0.10644623366867505,0.02798112113577164,0.05485675096393675,0.09241604711039106,0.13095614941786948,0.10325709806647439,0.16587758808720596,0.07385846408866088,0.23543859308509416,0.15527270516730116,0.05376691131292204,0.05112376845948202
1496.0,0.002272504486982851,0.017767611261489593,0.045329923922227296,0.02741169162382295,0.10128403168847508,0.02353401206168639,-0.007068768045910718,0.10358896503460253,0.08576590409958536,0.10111472646135608,0.17653991845269837,0.05468253886564481,0.21546561040310414,0.12894893562306947,0.05578717497089781,0.05961413662052922
1497.0,-0.036730132033941695,-0.01896811938174791,0.050690804403564306,0.0016783001319731667,0.0797973989808037,0.014413917253303796,-0.057933765525477895,0.09828607097581891,0.028187670511324602,0.09352387220479524,0.16962938633038963,0.019287262494713055,0.17343866374276332,0.08738764518783736,0.04013565167458217,0.06854666501403046
1498.0,-0.06896038834234736,-0.02486505248089723,0.06097561189015319,-0.01976256852967751,0.047754123268714824,-0.002193361689463287,-0.08704968632488853,0.07805368612184133,-0.02526624358819351,0.0816993465936169,0.14913640153458355,-0.027884917607684225,0.11611989865123143,0.04098840296974472,0.012286058471252343,0.07364715115059439
1499.0,-0.08276102036024652,-0.007506978468775356,0.07204831942169604,-0.031075911654321633,0.013355831272346446,-0.027133195965310344,-0.09289096121584096,0.04741128839567001,-0.059666446734796444,0.06454763924681803,0.11693879769422011,-0.07746742070111043,0.05731723955218158,0.0008168757371453823,-0.020800233116470633,0.07092222577665042
1500.0,-0.07320095767051987,0.017703614062948722,0.07841855408446485,-0.028504547662014542,-0.01556813734409886,-0.0562733349216561,-0.0808323862237157,0.013150837515994981,-0.06861499806022299,0.0403680838430478,0.07445238621778288,-0.11793137176549866,0.014951018196543828,-0.025779991867044293,-0.052431674208908444,0.05881962731365675
1501.0,-0.045116328639842954,0.03647985640595744,0.07599910641762858,-0.011881523458725698,-0.03431655708886207,-0.08157676164233896,-0.058516779537967085,-0.016301069628356486,-0.05646209223592553,0.009828564667143585,0.02555859812477386,-0.139507877397686,0.0029801051871585853,-0.036785791748365645,-0.0767702667212372,0.03783254939272393
1502.0,-0.011282147221459527,0.041397244216522966,0.06530121966928673,0.015144307284013966,-0.042564259584517844,-0.09617980959222315,-0.03255169482070735,-0.032532483109153736,-0.03511070432697969,-0.0221283911389534,-0.021965159599864635,-0.13743243799187618,0.023393680546816436,-0.03389810206551197,-0.08926441855057002,0.008890917129540807
1503.0,0.013550896193129046,0.03217756255044508,0.051642383394705525,0.04614275328365219,-0.04348142563096556,-0.09911495889226962,-0.00819474827128026,-0.029812823274026963,-0.01791653368594379,-0.047195645202302586,-0.05816823567051164,-0.11281642168645808,0.06475526060494943,-0.02031728346738168,-0.08691914720607508,-0.026390727508600678
1504.0,0.019851389366915172,0.012609369441760646,0.041884408139467776,0.07362765307269249,-0.04178885223175008,-0.09587477548964271,0.009414814238830126,-0.00697568307521787,-0.013500116522114613,-0.057210265086256304,-0.07537281495618935,-0.0713536778586526,0.10738000656694166,-7.014817968942599e-06,-0.06855786624947316,-0.06355520180556057
1505.0,0.00781642808394321,-0.01256574024072738,0.040242072435350267,0.09072671534499202,-0.04171888894856405,-0.0948314954919293,0.01524916180482614,0.03273551542998641,-0.02186738498713645,-0.04823477548288822,-0.07283086043722867,-0.02154010194932717,0.1307370893714679,0.0219092600930373,-0.035548283217901794,-0.09417653166908334
1506.0,-0.013338649034350737,-0.03929363157266465,0.04598330000056137,0.09255935343835311,-0.04516136149121403,-0.10156354052210881,0.006554098409548428,0.0833119717731518,-0.0347849327638982,-0.022897126134660602,-0.05811387656433819,0.026667962228449592,0.11998356086102231,0.03954756546633084,0.0072860307393587155,-0.10777870750738046
1507.0,-0.03077573500755388,-0.06465931614234952,0.053983599801318394,0.07755023322626188,-0.05088307828362459,-0.11384981791678726,-0.014855187982875028,0.13762586809442706,-0.04020412629468924,0.010288075616358213,-0.04317675012717429,0.06332280813670203,0.07055770707864077,0.04857331796190601,0.05127533222450571,-0.09625940434924901
1508.0,-0.03489893672402847,-0.08662454083722235,0.05751257022693735,0.048563568953272705,-0.05550498932064184,-0.12114784922588087,-0.04283673009292522,0.18772480367786848,-0.027750796209710223,0.04045476022132696,-0.03698278381803793,0.08059123841098187,-0.010036536709798689,0.04865836970356338,0.0852399182261936,-0.05870988628268189
1509.0,-0.023657433483243038,-0.10342596987532662,0.052175547527213206,0.013095709948926374,-0.05519233606134929,-0.11027788979868186,-0.06990314160330957,0.22412026690607537,0.007680658771737763,0.059258618945236756,-0.0398274428450352,0.07524585477047709,-0.10429870082264754,0.043621612979973336,0.09987146559952312,-0.0037885220244656174
1510.0,-0.002080202415368701,-0.11341549816463699,0.03921872882524271,-0.018307785758165985,-0.04675675125833347,-0.07356757315345216,-0.09049483301026627,0.23669320686937112,0.06445411991195765,0.06450031437399674,-0.04352026745922995,0.050622878415572066,-0.1908087551354228,0.03949509642979401,0.0937030683868834,0.05263933690298481
1511.0,0.021685142390634262,-0.11583095660429785,0.025480884513741028,-0.03538421199019417,-0.028428552146035076,-0.01369532038137542,-0.10230575089811468,0.21874975002859148,0.13357711669250025,0.06008556850896999,-0.03729358609946651,0.01614934351585508,-0.2522784558897224,0.042296907860529205,0.07575264286509176,0.09396140961582178
1512.0,0.0406351319221191,-0.1116242297591859,0.01885385751889574,-0.031735796598537785,-0.0009480454065025714,0.057183192105392834,-0.1057746415993684,0.1714721436893664,0.19938714042901654,0.05236132796747171,-0.015265402604996835,-0.01649990754385732,-0.2816214640921682,0.05621778605706463,0.06116147960871736,0.10951613876598572
1513.0,0.051315227499798256,-0.1030154463644011,0.02240989989444237,-0.006743262394839295,0.03172885885425542,0.12280738038351932,-0.10297473318101491,0.10458804683844948,0.24332691284025665,0.04582440320664819,0.01975053795767079,-0.03821508970727584,-0.28242163543667126,0.0820978024330297,0.061919296965793846,0.09795562165901188
1514.0,0.054017224395340874,-0.09184079705174292,0.032136330250059186,0.0344972635601191,0.06336163673943065,0.1694290931510053,-0.09637729636573768,0.032620545533492355,0.25033728836565017,0.04137287497191686,0.05822606668835625,-0.04493349472995131,-0.2636764087864976,0.11642292449900031,0.07927878402019459,0.06676969677446362
1515.0,0.05146009956528501,-0.07820742752070593,0.03973620122820561,0.0822164522405077,0.08787084376582918,0.18973082597984187,-0.08770619588393597,-0.030333256693864424,0.21506575406594022,0.037583404088142695,0.08934101472086153,-0.03740092868154488,-0.2331579394197166,0.1513049894720715,0.10329055411062771,0.02904704605825702
1516.0,0.047044570688370264,-0.060857918523633106,0.03783450936112617,0.12383036308139263,0.10172539495231223,0.1828087413040084,-0.07749520462528643,-0.07447234769591697,0.14547849961114775,0.032988887893824904,0.1060623127322807,-0.01982463418314483,-0.19423224854027749,0.1756625897652732,0.11931895370044965,-0.0016149050864618707
1517.0,0.04336162074186449,-0.03903668477401807,0.02390465933513575,0.14728412813884978,0.10479396802915765,0.15298971059999633,-0.0653051100204553,-0.09608830185876571,0.06165403370003703,0.027294454030050687,0.10747766908315828,0.0017491123230924882,-0.14731623819674183,0.17807313218906987,0.11676252343973009,-0.016364057876618418
1518.0,0.041165931731801324,-0.014090117311673709,0.0005570588516348198,0.14542070277992702,0.09937179806641293,0.10942040614143662,-0.049690361156014384,-0.09748467856407352,-0.011661938932753597,0.021137751712160792,0.09754882659128844,0.02135915200254906,-0.09391450147588462,0.15168951321541146,0.09474063268756346,-0.013914483028180545
1519.0,0.03935839882748866,0.010591599949609216,-0.027234190239474314,0.11919773017790916,0.0882780210038285,0.06453147805387374,-0.027970969297363125,-0.0849728564902181,-0.055791467407776116,0.015255329460462494,0.0816717551971085,0.034978820740050424,-0.03981954034724263,0.09931187504112905,0.062030800054138954,0.0003663581787790649
1520.0,0.036365803921306325,0.030966624472186684,-0.05474839662991165,0.07755884505606875,0.07353477852602797,0.030052908562018074,0.002647667053274198,-0.0655478461956394,-0.06564375505426749,0.01014109347198325,0.06437993861909698,0.04149437821798118,0.0052479657414430635,0.03449419957326941,0.03194531125735371,0.018024147007552824
1521.0,0.031929676554032935,0.043751137111539565,-0.07776484427789927,0.033896556338311734,0.05665492470961073,0.012891033877592026,0.04216394990445508,-0.044191066257782505,-0.04961887399055023,0.006500701537400269,0.04956407877275907,0.04250298338157884,0.031208973292248532,-0.0235172103483277,0.015378781100051626,0.03148381970805086
1522.0,0.027688596659997573,0.04691463361981325,-0.09154623594331583,0.0011649309576925854,0.03979239800843444,0.013642922045518029,0.08539112550728734,-0.023558072098149273,-0.022766271655827893,0.0054584151054170825,0.040635606674915475,0.04113618911448632,0.03190771819838345,-0.05839844689294505,0.015746587361181234,0.03638258694918297
1523.0,0.02621249296135977,0.03949217902414316,-0.09080156359845912,-0.012247934602419653,0.02568513557372676,0.02831944791567332,0.12281454980950682,-0.005779111341669564,0.0019599621902114334,0.007548939887956081,0.03845871217353964,0.040227336791821444,0.008499747051726637,-0.063419931687057,0.028290782266922727,0.031551341021733854
1524.0,0.029486651191654313,0.021742723491164146,-0.0717058318986854,-0.0048632085346386284,0.015618596844075842,0.051936791385522145,0.14461485281449019,0.0057486168370689235,0.018942785045624917,0.011315884409925987,0.03925332013274355,0.04071045529774474,-0.028832488135199653,-0.0424764961349742,0.04354625265485781,0.017637713716929147
1525.0,0.037776063520407036,-0.0038347016340090647,-0.035474560307926714,0.017713611747168817,0.007402133738853089,0.08126411233817692,0.14503206324697837,0.006547309094666184,0.029376618590703583,0.013158193567442812,0.03605579102124438,0.04137175519700063,-0.06279066391724752,-0.006375140621798331,0.05198934839391063,-0.004005827481508526
1526.0,0.04921577174015798,-0.03159974594572665,0.009072154638763503,0.044831611920039954,-0.003941885435591229,0.11434977693362146,0.12441725671505902,-0.006875950052906883,0.03729826341564816,0.008885326288582067,0.023493745415730516,0.03992654142101135,-0.07607760380926648,0.03213999088679421,0.04728788661126808,-0.031205217081753382
1527.0,0.06013644294953334,-0.053599499200756004,0.0471344834718629,0.06446736350835419,-0.02273152983663813,0.14747211868626095,0.08847867195124719,-0.03491045269496771,0.04628397827121782,-0.003913143601704298,0.0018999368813140166,0.03432036609551708,-0.060710599350250485,0.06228885266124502,0.02798117001871928,-0.060070059932240245
1528.0,0.06581248523249837,-0.062290902342933496,0.06370180768211052,0.06716508359221239,-0.04947645090186603,0.17296710951031727,0.045934414984220594,-0.07388247324914508,0.058303635782690724,-0.02395038611986386,-0.022551651096534134,0.0233531673900627,-0.02280320995263072,0.07774849732765218,-0.0026700345015131903,-0.08503032535856989
1529.0,0.061350634891457166,-0.053470870114002374,0.049751008471237375,0.04881519438375668,-0.08050679316613614,0.1807564808085255,0.006145776538248184,-0.11604117597412932,0.07310979647434271,-0.04602718773675692,-0.04136507331678859,0.00661767569704187,0.02071484840652427,0.07796262622066329,-0.039491527271088574,-0.1008338559969537
1530.0,0.042906623932191044,-0.02761731736788037,0.005655997327014719,0.011674988220460236,-0.10950487518572306,0.1631082902132636,-0.022495524566382586,-0.15085000535550402,0.0871522779277767,-0.06320978142237389,-0.04786181571410054,-0.015591059790759506,0.050444336082637695,0.06781493320449732,-0.07879610390847447,-0.10515996610824445
1531.0,0.009357626151147574,0.010863172583094131,-0.058581549798255535,-0.03644872472053438,-0.12908110189510003,0.11951017670979834,-0.033671550807697674,-0.16877184988493116,0.09361005702669312,-0.07017323068335334,-0.03949908525257541,-0.04195819759882258,0.05276269495293259,0.05488124752821203,-0.11851303940558813,-0.0992337133690706
1532.0,-0.0362051423723736,0.055388477402598384,-0.12565387945751577,-0.0848589112399771,-0.13255668311793256,0.05861864169627946,-0.0242661432470682,-0.16630117278523196,0.08514625617481493,-0.0651578978426136,-0.018368504960386025,-0.0697542274420591,0.024954364471999772,0.04483855949971436,-0.154878532082783,-0.0855079624096663
1533.0,-0.08642276305297798,0.09844307824915746,-0.17579546188637415,-0.12365430870111002,-0.11667518620476382,-0.0038238167496797678,0.004433436736372407,-0.14817417743115507,0.05809662377127562,-0.04961239162048055,0.00942766843082415,-0.09496727208632699,-0.023976695743083407,0.037824677393435965,-0.17971412467368605,-0.06468536342620565
1534.0,-0.1318755256226183,0.13244476599263041,-0.19364866216681048,-0.1465948301786062,-0.08406290155041089,-0.05004734376488833,0.04628334934397628,-0.12451034197518163,0.014986077274795635,-0.027019549509289302,0.035826749911794256,-0.11312480635585644,-0.07690767399110258,0.028682344292112326,-0.18196344619132104,-0.03531771821002984
1535.0,-0.16459589571122057,0.15148078024888045,-0.17440997516258866,-0.15180616864684587,-0.04346263517781141,-0.06573257536900762,0.09120096630256007,-0.10503218918464867,-0.03635500167501666,-0.002462676428609854,0.05402998966525555,-0.12047347664490064,-0.11509970711629236,0.010532793484137925,-0.1534133807854504,0.003374460241756599
1536.0,-0.1805556950972971,0.1536079265925561,-0.1253860956212037,-0.140666298633856,-0.007225962973541316,-0.04384186775805974,0.1267701157880737,-0.09422354473002728,-0.08622043365944163,0.017396481671676744,0.06091168065820795,-0.11513432931060501,-0.12535584017069995,-0.02181509031118801,-0.09441983706471865,0.048008370590587594
1537.0,-0.17969789806073652,0.14174823375832163,-0.06166388697663234,-0.1162241401687715,0.013083373851578688,0.013221608777646152,0.14024945560241792,-0.08981753607931901,-0.12651682341072862,0.025681850741400458,0.05679521606357509,-0.09802566719436064,-0.10545376873718672,-0.07013178905048582,-0.01480567658173034,0.09001606859259226
1538.0,-0.16426311114568956,0.12198000078544467,0.0012495645156022832,-0.08234035105662729,0.011549109478946046,0.09267210274212065,0.12209574762016419,-0.08501531179100771,-0.1520545072122848,0.01858609671595695,0.04300806191555517,-0.07329849905719907,-0.06477457472014389,-0.13159624439148326,0.07066293482448732,0.1179566798858086
1539.0,-0.13723636168216513,0.10021412850029962,0.05309465746288229,-0.04383182641178347,-0.008921848979682104,0.17280757908475886,0.0708370858461878,-0.0732566900526803,-0.1598381218750455,-0.0019040338296835069,0.01972306302890472,-0.047724788681278836,-0.018651108042526215,-0.19828463525987464,0.14838210267159016,0.12161451672198843
1540.0,-0.10180878050118122,0.07943134534009212,0.08980945722976481,-0.006708276396591009,-0.0371748176906965,0.22831462844408262,-0.003834445017542086,-0.05284607268695399,-0.14881815521289454,-0.028897210975261357,-0.013609717171331,-0.02852569276501201,0.01998607342653453,-0.2585928186951847,0.20917494082424387,0.0959367036660059
1541.0,-0.06132508411428516,0.05886554709078091,0.11087949578527775,0.02266744948647013,-0.05829528836124445,0.2385042582849523,-0.08330802161341629,-0.028441916713263012,-0.12129969781611369,-0.05466435326429349,-0.055725535581679884,-0.020248695650327938,0.04552904044514767,-0.30035744600022424,0.24705504508685536,0.04335065999109807
1542.0,-0.019284990029616682,0.03521445536236364,0.11683480057967018,0.039403217422817056,-0.06001132747477398,0.19542024304424488,-0.14762206319243756,-0.00851312569935587,-0.0841833907357087,-0.07435602911957565,-0.10145198363110576,-0.022647476241449655,0.058807467033619366,-0.314302202502635,0.2562349736556416,-0.02641391785896999
1543.0,0.020377598353977067,0.005142770034264822,0.10869977515418608,0.041625177089242016,-0.038145619855223786,0.10791051127750413,-0.1839803832025818,-0.000746385936854932,-0.04779900280474287,-0.08676164782941742,-0.14168704556796655,-0.031109574997872445,0.06303865663233686,-0.29693500341687723,0.23106820071455067,-0.09887025380967966
1544.0,0.0531529079276115,-0.03229126265229684,0.08822175946831295,0.030812006351017045,0.0014973666415366972,-0.001402728653953332,-0.19109026698680032,-0.008379647319161326,-0.022406441546203738,-0.09261876447212067,-0.16564799041951694,-0.03923023845604564,0.060373989531238396,-0.2523576353525239,0.16991406586255964,-0.15882465711903565
1545.0,0.07481512450273814,-0.0743161548699956,0.057896848725499425,0.010967816202756797,0.045930146733050646,-0.10530123888811722,-0.177243108311778,-0.029009388378345727,-0.014435410237555193,-0.09289263478238342,-0.16508347235149518,-0.04193562451877568,0.051385624664774296,-0.1918768679663045,0.07926169695752451,-0.19451825892651003
1546.0,0.0829906652591616,-0.11437802737189852,0.021141732731393404,-0.012823229363310325,0.0809054423083172,-0.18207377965461605,-0.15388557034165296,-0.05565134503900661,-0.024431688933550428,-0.08862077206762606,-0.13885978962388826,-0.03771344094536942,0.03777183397028583,-0.13027810707629678,-0.025547254967373072,-0.2000640475918501
1547.0,0.07825346939454134,-0.14373007017570913,-0.017455838411448668,-0.03596224913090116,0.09652049666775543,-0.22183571331529894,-0.1290200077598841,-0.07939760658396036,-0.04739889368897994,-0.08147031556098758,-0.0949068475434904,-0.028902730065108805,0.02557807100241122,-0.07993963799361369,-0.12389649352948919,-0.17575234483413574
1548.0,0.06405734859823776,-0.15491804813867116,-0.05264592782459396,-0.055555347834807145,0.08978706021143316,-0.22773021976110794,-0.10477302745563195,-0.09279668920811021,-0.07526433613936226,-0.07326961771864574,-0.04748114533621909,-0.019844765234348707,0.024709658360511266,-0.04678223897625156,-0.1965970151767483,-0.1277139565608722
1549.0,0.04557826197594733,-0.14549211660636271,-0.07996990912616571,-0.07066943544295008,0.06408074011523757,-0.21227787282212307,-0.07986258116836394,-0.09220566885347695,-0.1003011415714715,-0.06464356324961627,-0.010987689078635218,-0.014274567919656941,0.04375401248908028,-0.03067673913557705,-0.23256518863580042,-0.06732459432923935
1550.0,0.028015275961124516,-0.11947533515143167,-0.09731822458759175,-0.08137756089715256,0.02723904069466437,-0.1904988724679727,-0.05332851863968897,-0.07762939973847943,-0.11765177984758135,-0.054523710309855256,0.00581758494603031,-0.013701525080555523,0.08414062278412879,-0.02828921120143009,-0.2311956348188778,-0.008496177611296722
1551.0,0.014959974383735567,-0.08578573964880311,-0.1054801580000205,-0.08732288876895158,-0.010659427583180508,-0.17379430301505805,-0.025895653572062825,-0.05086283440771733,-0.1260829152505991,-0.041426232741121616,0.002067379501502626,-0.017059462602079113,0.13813597283432996,-0.035004068169073005,-0.19929766833107487,0.037342979938222304
1552.0,0.007348941663176373,-0.05473499458518645,-0.10708157768425627,-0.08686512934220879,-0.040012311877435425,-0.1677461673852896,0.0009079476582848603,-0.014450472159652374,-0.12762550762290253,-0.025520498665396317,-0.01685087990713588,-0.020990608727095326,0.1914948878437283,-0.045535277541294904,-0.14632229057857057,0.06521938250137316
1553.0,0.003908264752101065,-0.0341904302081785,-0.10461728147114356,-0.07729512531684805,-0.0543087825849775,-0.1730961132718208,0.0257372722831266,0.027320578940793296,-0.12630012208175515,-0.00961376366557805,-0.04267966315880905,-0.020682872723417137,0.22885820853852862,-0.05457116256960637,-0.08160241774499334,0.07657908286166076
1554.0,0.0034380236569100313,-0.026525606797255828,-0.09898278058258621,-0.056165069600664676,-0.0514364183646179,-0.1876320559263888,0.04737460737413671,0.06697840997010274,-0.12548473561023352,0.002082081422046054,-0.06686454889279729,-0.011654509540067654,0.2391979558075427,-0.05769643213653706,-0.014047751117552935,0.07617339660467176
1555.0,0.0070052409493075365,-0.027609665919411365,-0.08891143537939648,-0.02340119783713634,-0.03361537616912544,-0.20755473088925472,0.06366435178059925,0.09467453550222776,-0.12513351788609747,0.006480049850635481,-0.08160239849283896,0.007631211613206212,0.21867908502962718,-0.05224807038147523,0.04674004905688623,0.06907744357111094
1556.0,0.017398572904216616,-0.029048880426111198,-0.07146250463096843,0.01704385666489029,-0.006397429800291304,-0.22729915409892887,0.07035280310751287,0.10197609375047449,-0.12120319724304668,0.003424681780970097,-0.08057313823321369,0.033756011887845,0.1701419402730314,-0.038200372550746625,0.08967019975567628,0.059669749299253755
1557.0,0.035795023152252727,-0.022827455003383644,-0.04463532427352328,0.05751641287784713,0.023266010869058742,-0.23816975723747583,0.06197035983581455,0.08621713043382737,-0.10783452385391802,-0.004064725618404231,-0.06003117631258909,0.059177022468514376,0.1010100637143857,-0.018514477486804473,0.10395493407303025,0.05170402782131584
1558.0,0.05864833519920013,-0.005269915911019252,-0.011256994685571519,0.08917271429850972,0.04931247976150832,-0.22841948564931283,0.03618606214444627,0.05247106596594039,-0.08075068285700875,-0.010703645506088788,-0.01953760729628907,0.07630047357703583,0.021603230417440028,0.0024636801290179766,0.0838493098041832,0.047886029660151326
1559.0,0.07790828580594972,0.022065606289517252,0.020102463753112802,0.10529574204269108,0.06788969663116662,-0.18720309185459344,-0.000996117640514005,0.012500686759487522,-0.04025819309122864,-0.010744619863848528,0.037896449447044796,0.08179514006521864,-0.055937024884736966,0.02241267980509528,0.03363447560576998,0.04890859792752339
1560.0,0.08444590374994708,0.05418969455439862,0.03959420101750213,0.10366051469867486,0.07716650040848157,-0.11160414065235227,-0.03481068437329279,-0.01887080945582072,0.007249518212798699,-0.00048561816393346706,0.10547093613260922,0.07765413966279668,-0.11884722669135976,0.04342562716217903,-0.03136672689425966,0.05292634547032579
1561.0,0.07202109929378968,0.08498002372017747,0.042549321949809364,0.08697107376253113,0.0765300793351419,-0.012159818833331204,-0.04847169642827492,-0.029700712730454704,0.05049041167771016,0.019626867168137385,0.17235196463883426,0.06885686478126647,-0.1559009503249275,0.07060141128631613,-0.09031269256048419,0.05583112538795076
1562.0,0.04003065638562631,0.10844293258725075,0.03239173504163857,0.061424289397584556,0.06625893339910238,0.08858086619073076,-0.03272570631349956,-0.017021716442694176,0.07777908171199187,0.04486282528917351,0.22539342959043096,0.06015482384042226,-0.16085102491935074,0.1073195661030735,-0.12609748312852628,0.05226020999624835
1563.0,-0.005459376913197246,0.11935579906175424,0.01769012947213742,0.03409008189203427,0.04777670872008106,0.16556599759174603,0.008897295992856307,0.011018085020454461,0.08297671001036266,0.068293040531982,0.2533412758588446,0.05399310861690114,-0.13567432413942068,0.15094320905623598,-0.13147239534259147,0.03769872582373836
1564.0,-0.053165948055056624,0.11440733323152985,0.005717172254063343,0.010199973034000404,0.023912787346660518,0.20299110118786126,0.06255940191238667,0.03908315062394077,0.06890523308034306,0.08360988580396926,0.25081495604100107,0.05015248244381671,-0.09071621567821472,0.19265349685679986,-0.10848758169716935,0.01150165543720434
1565.0,-0.09089985167977167,0.09379558954582867,-0.0026749025046366058,-0.008343546984546445,-0.001369497569143587,0.20020616195695864,0.11217061182081246,0.05259316024437722,0.04556245654109072,0.08703649938188308,0.2191858602813669,0.04694423015429113,-0.04019734546108978,0.22166130211540858,-0.06435931904729873,-0.021193943089623624
1566.0,-0.11106333014089827,0.06192179366173322,-0.013268753204397268,-0.022644468904595046,-0.023839658977583587,0.16927771208738088,0.1477209708641249,0.04516004686527947,0.024836023596015736,0.07792092732663843,0.1649330363961389,0.042964619248059194,0.004805817620908576,0.23056789594665786,-0.008422768640087473,-0.05094687747443993
1567.0,-0.1135980582819006,0.026053920829641333,-0.03349879664255271,-0.03528040686194218,-0.03991920546308658,0.128201637889772,0.16842906023811244,0.021428944095238295,0.015893561564729125,0.05865048735346506,0.0978288044497602,0.03805927286985392,0.041121254400179726,0.2181316260511798,0.048776618262552265,-0.06846981138174042
1568.0,-0.10364515734347621,-0.006377183807565229,-0.06534385213169977,-0.04839403384252722,-0.047210141274203865,0.09387160892471856,0.1789277906869828,-0.0060414919026745536,0.02341972806131096,0.03433032491370581,0.02923582420546808,0.033105542262682926,0.07246040645970454,0.18826585973810536,0.09611250366232095,-0.06909317496071135
1569.0,-0.08604207746954914,-0.030077764041081756,-0.10116315039661977,-0.06206531555559434,-0.044929024662605795,0.07614387871719369,0.1829004966266536,-0.023936529982870696,0.047497495197754966,0.011829352279526643,-0.030753939732124258,0.028995955321648097,0.1037010825453005,0.14716475165382953,0.12379089937549366,-0.054465085560504126
1570.0,-0.06213095659709159,-0.04297299060098447,-0.12564601626583402,-0.07380260943387237,-0.034550323524799295,0.07466615632752828,0.18008802242155908,-0.025316749378722133,0.08327363655782333,-0.0023242682724068757,-0.07645205738006518,0.025368483734539485,0.1351329643876054,0.10101321025895557,0.12640330873696656,-0.030851959743952658
1571.0,-0.031349197108897366,-0.04625373891490733,-0.12241256624655562,-0.07958971775725675,-0.02001669419398206,0.08083997318608484,0.16744817716968088,-0.012518917320572762,0.12077759297982016,-0.004729083462423193,-0.10698225851474125,0.020310597763053894,0.160415483085344,0.05516964605574121,0.10571910146039953,-0.0055288454267951575
1572.0,0.005353381861212674,-0.043335492203542166,-0.08166307239609581,-0.07583829765747542,-0.0066163335312833275,0.0838912983295053,0.1415728398785405,0.005768514440363465,0.1468299253074874,0.0029670638393677513,-0.12362162684206854,0.011922421326342,0.16860606056830785,0.014460003512864169,0.07113131969692753,0.016495121943182103
1573.0,0.0441662730529313,-0.03798333178237693,-0.005757220039189547,-0.061063364472474777,0.0011484135732427977,0.0761959377924721,0.1008648234406784,0.020664099233707735,0.14966286287706024,0.014403407918473126,-0.12760558820115253,0.00040931583549074966,0.14854403819303222,-0.016138196200552003,0.036077138279860865,0.033933730868093495
1574.0,0.07962826902287366,-0.0327394977050192,0.0900047000898256,-0.03676818731015161,0.0012572285066359261,0.05453092054064599,0.04755992586268508,0.02799630355310467,0.12466437049760488,0.021136121290832966,-0.1207854622042875,-0.01154189315827357,0.09386399624252838,-0.03142639755006211,0.011483573233509925,0.048513644336422065
1575.0,0.10651926327161657,-0.028394512346965127,0.18228705471052736,-0.007793100923783027,-0.005568018838241329,0.018669216475108795,-0.011070992935902765,0.02940214232846302,0.07841502702707916,0.016334213224916586,-0.10741068034623379,-0.02055538036122691,0.007450887404909821,-0.027638173099039078,0.00044351408163647676,0.06268904864263505
1576.0,0.12123586676046957,-0.024347662541330577,0.24790726841697866,0.018288064419951743,-0.01677778354067371,-0.029351775163781818,-0.06407947948372174,0.030009742068978048,0.027832971172431498,-0.002247799676960306,-0.09419493238344664,-0.024874036361743703,-0.09660746012016623,-0.005697342691979528,-0.002086602912132735,0.07718641435906473
1577.0,0.12260274747601663,-0.019659226359587167,0.2717655495257781,0.03384550122730039,-0.029117069656686312,-0.08419388492412698,-0.10150723471249344,0.03472981377692302,-0.006866595525239707,-0.031592348511065384,-0.08811539618979143,-0.025164518155805456,-0.19617748843767235,0.026430817917675792,-0.004784551244800571,0.08974184361455805
1578.0,0.11199271978837604,-0.014329841058996066,0.25191218402461807,0.0352627946325573,-0.03927641353149881,-0.1365269430787295,-0.11985912063968533,0.04554620076167786,-0.012194804590124713,-0.06512311532487428,-0.09347423112412365,-0.02329633544880844,-0.26891446635986627,0.05535004735654604,-0.014455728178681066,0.09553668169906016
1579.0,0.09230637253035356,-0.00966855541107459,0.19975866103059947,0.025300515363132214,-0.04421706207954906,-0.1752544475482844,-0.12392763353729172,0.06105387401458795,0.011624694238573464,-0.09516432004171892,-0.10997025399746377,-0.020421287809705892,-0.29986875676975533,0.06762187635098385,-0.03324908746738827,0.0892930924468503
1580.0,0.06605697350276767,-0.007292354849720404,0.13470985819612696,0.011524466529004383,-0.04170206308266425,-0.19205824724284573,-0.123029942625989,0.07744557303223414,0.050693221591885766,-0.11464568154992934,-0.13250414808978545,-0.016144269825289662,-0.2844223950339882,0.05541784456236448,-0.05903258358921317,0.06848956606868399
1581.0,0.03413159269869639,-0.007948409363618644,0.0756654508539642,0.0019248593938309927,-0.031220587805459086,-0.1846152490613786,-0.12443438271882785,0.08959084031832813,0.08420658276294607,-0.11814282123809237,-0.15244588062263423,-0.00941327156470429,-0.22708348571683568,0.019691298887547348,-0.08671182615866393,0.035869294388217544
1582.0,-0.003358466292519317,-0.011461568205112805,0.034164873182418745,0.0008245701368138693,-0.014929887619860912,-0.1560918539580283,-0.12887570741391963,0.09222655848363956,0.09448850583435414,-0.10324388523511357,-0.1603795482385301,-0.00011585894607101894,-0.13908511760502967,-0.02936985496076943,-0.10922308962536431,-0.0009783353424229527
1583.0,-0.0449448822891146,-0.017374369842040143,0.012542747565207716,0.007483652663150332,0.002383398768989073,-0.11261482637715144,-0.1310143810757183,0.08209347560067659,0.0750977401664001,-0.0722995820619046,-0.1504603213697448,0.01008569777790944,-0.03579126697182713,-0.07465229559848016,-0.11921854962980148,-0.032846236834645326
1584.0,-0.08638172009435917,-0.02486822307966824,0.006724729926875214,0.017826109152508658,0.015200013176657942,-0.06162659711897442,-0.12399228823991608,0.060635436713653255,0.03251215661830018,-0.03285087188321734,-0.12409536692252345,0.01813458898371112,0.06614074252874455,-0.09780871883999176,-0.11197658292182068,-0.05254978459352492
1585.0,-0.12071988853148993,-0.03211663056837557,0.010702552382053527,0.027685638530754855,0.020173667522461136,-0.011109627239404944,-0.10473138115660237,0.035111342024275835,-0.018532662247130585,0.005015231413222612,-0.08897082530345274,0.0207656503432949,0.15102370380793873,-0.0870790297296222,-0.08776132008948846,-0.05727546544416212
1586.0,-0.13980135077313913,-0.03676311423007549,0.019996591501807676,0.03506745546160362,0.017966454540369763,0.0319088300474541,-0.07647673487702276,0.016170730057134958,-0.06152153020902115,0.03348132315967241,-0.0533155261051815,0.015945862948477434,0.20567209172212508,-0.04312455843628009,-0.05161893869190633,-0.04917783760504502
1587.0,-0.13715477003324353,-0.03754491548335941,0.03323255498317446,0.04026394687738094,0.013039755549797402,0.0631457921180863,-0.04709954657647118,0.012643282758090207,-0.08305867414988427,0.05047803880947897,-0.020873694961658695,0.0038380573035457144,0.2212610331669966,0.021191679598143155,-0.0107046183541519,-0.033865194063202625
1588.0,-0.1113943860380917,-0.03493446201612738,0.05167837706238199,0.044674696066271544,0.011743250153401434,0.08147959181444939,-0.02433275729722649,0.026887567656017998,-0.07638862004796201,0.05904716323261254,0.008604933647864082,-0.013217391661428941,0.19578464767363168,0.08720706363019506,0.0286228061962905,-0.017383638657919406
1589.0,-0.06811018711529157,-0.029996419574863972,0.07646231750763945,0.04933067571499987,0.019295350031328318,0.08808101341651042,-0.011000911866228397,0.053765066860704695,-0.04373285717669661,0.06345591208395215,0.03498434326189968,-0.03134363820410522,0.13590754596155766,0.13846183405333443,0.06141878565214866,-0.003873574608048851
1590.0,-0.0186066446538721,-0.023224398500788467,0.10467058799237883,0.05356476809581849,0.0367446537942051,0.08595037607561978,-0.0036546979366954557,0.08346690321305249,0.003979703295477874,0.06568074530065164,0.05509069290983423,-0.04581393053146932,0.05670393375962651,0.16493533693527293,0.08247346670840158,0.00449350251004277
1591.0,0.02434171990145788,-0.014989446203973366,0.12778908918650383,0.05483851900216104,0.05953698108813559,0.07994975039323714,0.004032097833835095,0.10560441765079989,0.05053306924567093,0.06495061070371227,0.06452779213847372,-0.05187401911902263,-0.021496353603734454,0.16250280300179024,0.08544097165552034,0.006241564263555959
1592.0,0.05152984353786622,-0.0068516819832671666,0.13528391333166806,0.05058537581274074,0.07878132429035553,0.0751940533543977,0.015506037124851801,0.1118590744133802,0.07981107644988635,0.05977360287428164,0.061449230990727584,-0.04614071270155322,-0.07873600167646476,0.1312399239958622,0.06543787000604234,0.00016550103872719433
1593.0,0.060310482760254,-0.0017019730055082094,0.121377734997832,0.04084027431883047,0.08488188762170502,0.07374274508357373,0.027806617903187805,0.0972516669803287,0.08125506223318633,0.04992904305874516,0.048588636803949106,-0.028356367339017967,-0.10211470814281995,0.0756177934607092,0.02361801119661723,-0.013649374837779511
1594.0,0.05419066905890848,-0.0023747971404103796,0.0892124507032286,0.029190927135042018,0.0717118816267843,0.07297145282150883,0.032793065111579436,0.061740932962689295,0.05335573519546113,0.03689296843152325,0.032536736069393155,-0.002252997082933708,-0.09162154499076694,0.005066889280046008,-0.03081404256720601,-0.033143278757556
1595.0,0.04010337627532863,-0.010422094039332105,0.04901881466527768,0.021115551649065735,0.0391561916496846,0.06737887437655984,0.021648313572519083,0.01176595229778029,0.004021370857724555,0.02325287322209787,0.021353257992592783,0.025669349655785323,-0.06202781285209814,-0.06804046305224028,-0.08380367440439473,-0.055728797176520156
1596.0,0.02540902856397605,-0.02577528415025403,0.012358821649559712,0.020915061615049524,-0.006816149639988779,0.05187492120768265,-0.010172607591467844,-0.04070316823878193,-0.05195011238592353,0.012426931055747251,0.021836939524556655,0.04913105247429372,-0.03728616298475061,-0.13205582699740212,-0.12250081938952875,-0.0805471959257818
1597.0,0.01588253712133465,-0.04631006299332532,-0.013404894828076505,0.0291178150182015,-0.05602604799039158,0.024568792126307828,-0.05941612107017052,-0.08236996391138032,-0.09759613914227783,0.008784329114989779,0.037442162235113784,0.06480724455339369,-0.03817242792779231,-0.17835822499108908,-0.13966279511371507,-0.10831885651298848
1598.0,0.014883341653207621,-0.06731253956566254,-0.027490581796092425,0.04182275385271892,-0.0973532280908396,-0.011397665817490929,-0.11422399682075861,-0.10385152951163716,-0.11965411477668476,0.016751713367099467,0.06729929982914959,0.07267745475037697,-0.07012177096142522,-0.2020902779506524,-0.13486320183674563,-0.1384791660140451
1599.0,0.023294482423161168,-0.08203161381503092,-0.03440993131250327,0.05244045302131458,-0.1226416695382579,-0.04744531877516155,-0.15671154234532403,-0.10299979173495143,-0.11346884411132704,0.03819768741726659,0.10626881196605785,0.07404015315121344,-0.11888150617149149,-0.20247592367347264,-0.11362952688811621,-0.16669638920786023
1600.0,0.03958669391158091,-0.0834234436388441,-0.040882713929917464,0.05474909962457481,-0.12939145425856155,-0.07120549548245918,-0.16828094619775255,-0.08473269743003715,-0.08461238502700762,0.06978028344506927,0.14581577053471534,0.06953468297365051,-0.15690471038025813,-0.18218671515066934,-0.08483633795824255,-0.1849269998725603
1601.0,0.059806577510268404,-0.06629588017682292,-0.05316862027270974,0.04519724061468289,-0.12055848861595085,-0.0701945319623214,-0.1357936033592863,-0.05768904297893015,-0.04625324484071632,0.10284461641453573,0.175889067418092,0.0589756595425768,-0.1577478659631076,-0.1454684091487275,-0.05678883316700391,-0.18341717029710902
1602.0,0.07800859239709838,-0.02946290885058842,-0.0753661604642901,0.02334766067605564,-0.10186669327569026,-0.036821444985302265,-0.056421766451280234,-0.029746277503175815,-0.01333865631122167,0.12665250452420684,0.1880971684713423,0.04246949543795137,-0.11058843009379901,-0.09675142905636869,-0.03437864612514525,-0.1536857811412715
1603.0,0.08753860954157502,0.022646472697158058,-0.10795679387417952,-0.008567877679050763,-0.0788663206428162,0.026890331890817073,0.05960892937540389,-0.0051244770016840475,0.0035537533752226205,0.1330958338869984,0.17905538770733642,0.02139770063190484,-0.026026797302537968,-0.04147698177524662,-0.018914070573253793,-0.09253223123115603
1604.0,0.0829747108655865,0.08013751882707944,-0.14636466126739842,-0.04567346249269493,-0.05566893036631165,0.10780717743544824,0.1884410530929344,0.015608655573972155,0.0017617667239040566,0.120163284377545,0.1516379970596089,-0.0014193810625950098,0.06939160135861892,0.011605785552075682,-0.009423177615675436,-0.006143105531191897
1605.0,0.06233782227366755,0.13024121626474575,-0.18089640504083737,-0.08054585281589453,-0.03516610139428663,0.18591952601688497,0.29623125719942056,0.033647166986392966,-0.013421955645797604,0.09251758213831952,0.11343921581035622,-0.022372318697207814,0.1448225578190531,0.04987371279084281,-0.003575903092518266,0.08891409940690238
1606.0,0.028634064311758866,0.16137178550217118,-0.19949563827984326,-0.10476272191366637,-0.019090435789858376,0.2427590806914861,0.34910936979204926,0.0501208794981034,-0.03151925219739271,0.0588867862359434,0.07379117039924556,-0.038145738003167846,0.17597535897825348,0.06047565857153217,0.0021602144025773128,0.17036812637430634
1607.0,-0.010764031098803778,0.16650618527636524,-0.19226946273387105,-0.11190400583225668,-0.007335037869838984,0.2679565700044359,0.3264017381915337,0.06560055914572173,-0.04130144171550081,0.02744692685891233,0.040540380936611095,-0.046713996486797055,0.15179041071779478,0.036735076890556814,0.012184324171498034,0.21883402365707616
1608.0,-0.04690968682440997,0.14461181798177397,-0.15541763843142495,-0.10041335506983781,0.0022994228658701705,0.2592899945821944,0.22991519923533843,0.08066232440734913,-0.03496713358834926,0.0020388668256754697,0.017368860502841837,-0.047836992025819404,0.07726379117748756,-0.017134400131709096,0.03045543044678294,0.22531382847123774
1609.0,-0.07215432026175084,0.1008752080258855,-0.09368141778176163,-0.07450695397203225,0.012932817599986468,0.21868239542727058,0.08409881706920783,0.09571331310428514,-0.010238516339061126,-0.01829247470419077,0.0030662085438681375,-0.04290920430173682,-0.027247388661607464,-0.08642859662838262,0.058473880764083226,0.19376909830016964
1610.0,-0.08153860694533868,0.04642025144595118,-0.020915364726042635,-0.04233259177627789,0.026509306881995848,0.15041704250872065,-0.07289801029286339,0.10917696732372782,0.0295473361552445,-0.03673687281154483,-0.006524249767825639,-0.034445804640378795,-0.13151349649303234,-0.1511943482440593,0.0934823844672216,0.1383579261901843
1611.0,-0.07324239478789384,-0.00357235576432801,0.042568175640710686,-0.012464480348714743,0.04219253423459949,0.06338217181034322,-0.20272037320474875,0.11621195322232863,0.0763357942890391,-0.055420336757751466,-0.015363158954740249,-0.025464297246955963,-0.20539701300892999,-0.19316341454856506,0.12834546384173506,0.07736034962866618
1612.0,-0.049149518222795126,-0.034077326230352666,0.07615612831972263,0.008795559808979728,0.0564700998672879,-0.026946726580022243,-0.2782381847670596,0.11052679364006517,0.11923772731572947,-0.07318884851854157,-0.025066291395089424,-0.018580938609568946,-0.22895746854718413,-0.20117812869560012,0.15412486056787458,0.026791541923150038
1613.0,-0.01531906620108798,-0.03541691417708456,0.0665361915892019,0.017978423462964542,0.06503769595970353,-0.10106572285361262,-0.28862140990558055,0.08843408535423551,0.14762363504742462,-0.08529129528132813,-0.03452401765473748,-0.01495362789421962,-0.1977974649574521,-0.17345734633425966,0.16397942786153025,-0.003566445948076403
1614.0,0.018926839015153483,-0.0072986639740509965,0.013713255712265091,0.013940587027298475,0.06518637321548269,-0.14207321494745112,-0.23869465772461781,0.05187428732419733,0.15445117402516664,-0.08544239439958107,-0.04090250778839348,-0.01393582045807549,-0.12269723301838359,-0.11672748886919178,0.1555867146741843,-0.010861263196041242
1615.0,0.04395875755163113,0.04014066672783903,-0.06749506551525339,-0.0024028951270003646,0.057136151153037405,-0.14248922758698523,-0.14551849108597184,0.00805237218767183,0.13842897604321358,-0.0697166047737652,-0.04157423750453576,-0.014011270273949323,-0.025481942666386367,-0.043854090805307916,0.13101720131808428,0.0020603928532220896
1616.0,0.05347275296391969,0.08970101229496862,-0.15240367844176492,-0.02820426037424285,0.04376319340587281,-0.1073060318547423,-0.03365229819981437,-0.03410277685527914,0.10414319991314655,-0.03968186720813717,-0.036059924312562795,-0.014181534812454884,0.06747891366716789,0.028645545632038947,0.09541437540906478,0.02813467595790988
1617.0,0.04634457289297006,0.12451886505576969,-0.21658775075398687,-0.058973741471663135,0.029430847401245498,-0.05156855541688717,0.07107758981820615,-0.06803326658777561,0.05971796463529195,-0.002059727623722351,-0.026470793282165415,-0.014231790087305681,0.1331270849323881,0.08425110340277467,0.05604314328021126,0.05756129676181105
1618.0,0.025696387234954435,0.13575320475141855,-0.24578537153865396,-0.08894807421662833,0.018875294223402655,0.0058454547512163,0.14873580661323133,-0.09150910177526564,0.012931476474162052,0.034542497505339324,-0.01596705604745647,-0.013785845914701628,0.15857252354086393,0.11213855499516291,0.02134243671501147,0.07990737157468694
1619.0,-0.003491447990792939,0.1253405418653009,-0.23950926807896017,-0.11185838515590289,0.016138658998805643,0.048751661690077906,0.19076127110304378,-0.10608639138961862,-0.0315318628006922,0.06267006735062881,-0.0064681266338507465,-0.011750201141747959,0.14424880557504738,0.11194948793282414,-0.0012977468579204242,0.08681117331573461
1620.0,-0.03616019944888036,0.10225720755867762,-0.20720283057325267,-0.12234745078094066,0.023213764602807236,0.06796408626084896,0.20071622534844513,-0.11517520304685468,-0.07171808128482715,0.07720402241781502,0.0025440441740646417,-0.006762059458431985,0.1023501427670726,0.09353559801241106,-0.008146405503512628,0.07451893807740759
1621.0,-0.06747367624134754,0.07633469473344791,-0.16159257459322363,-0.11739423788148573,0.039109888947188025,0.0627756452192837,0.1899853571948276,-0.12182426725050557,-0.10576316053710556,0.07573873239186905,0.012948684048359079,0.0021039348425224745,0.051517765962076446,0.07177394018947367,0.00038464184702776587,0.045498709930736736
1622.0,-0.09250787253546028,0.05447680483773202,-0.11426219133732192,-0.09702770295324209,0.06024809504581683,0.03989959927909781,0.17128661203606785,-0.12734020362591544,-0.1295264901504983,0.05915938647395003,0.025299706933889554,0.014379732348865084,0.010170492424431712,0.060128802110767106,0.021606184845421008,0.00844470301278747
1623.0,-0.10676603952543609,0.03988614914143556,-0.07389116831365934,-0.06428390536723787,0.08181972592092476,0.009890819435049202,0.1530147354658272,-0.13124181028431636,-0.13659702955729727,0.03191982353548361,0.036950909974194944,0.02698129801507204,-0.008949907205790884,0.06592528032107796,0.05216912483727409,-0.024102085801978024
1624.0,-0.10776020407098055,0.03212316730045888,-0.04487237626460696,-0.02447190744424522,0.0990732717850983,-0.018144969407219047,0.1362940701747475,-0.13210950574632804,-0.12115215829501125,0.0010354937835191911,0.04274854993904209,0.03420968846631266,-0.001972474205535801,0.08841265559323011,0.08771157745503545,-0.040618899177781484
1625.0,-0.09628321757415581,0.027172393422387923,-0.02622817388916758,0.016257985786432134,0.1079535898752386,-0.04077041177362402,0.11612887183211722,-0.12873499163622973,-0.08215667358704867,-0.02650462975783748,0.03759146349690415,0.030057003757111525,0.02547641045311679,0.11980606551424856,0.12182443469878104,-0.03623769915829404
1626.0,-0.07575100185916571,0.018614068584761997,-0.012812224576215765,0.05236516714682721,0.10518779245993336,-0.06077147689972198,0.08623174653064185,-0.12087983370924095,-0.02586426557603525,-0.046749552562810805,0.018957765497204154,0.011621180380625493,0.06105786724261,0.14833369078068806,0.1465847655597905,-0.01592729333562233
1627.0,-0.04986437716380849,0.0006452386505111835,0.0013103933025413958,0.07930014422497288,0.08844114940974869,-0.08406324876393712,0.04413764878461575,-0.10919543623842795,0.03575688384835112,-0.060014952497386365,-0.011873141627805455,-0.01858103948514264,0.09109680087242082,0.16147592439108957,0.15516132680266756,0.0073362631592311265
1628.0,-0.021190286088664717,-0.028294674501535014,0.019778518264775783,0.09307077981885699,0.057241773716494165,-0.11505360276048417,-0.006948368283193389,-0.09476407136523153,0.08978068339730186,-0.0692624827505086,-0.050134784305325815,-0.052974708844931995,0.10525294191431851,0.14887231647134247,0.14480131250125572,0.018882298309900195
1629.0,0.007623108890855144,-0.06387605343356138,0.04261478816245258,0.09074849399630765,0.014623336036238428,-0.15293958921414716,-0.059852110658062625,-0.07863382989110607,0.12657993090159725,-0.07717544393173917,-0.08886555612743616,-0.08210489889448762,0.09861997569328505,0.1058022410755655,0.11766333843928473,0.009440711201763347
1630.0,0.032228684916555804,-0.09769325125633034,0.06637934481778415,0.07245716962799359,-0.03191992756790912,-0.19065274866045534,-0.10660418562618361,-0.06122162353688101,0.14086946982169504,-0.08457008985807234,-0.12052897607495322,-0.09881878393276475,0.07233677870738398,0.03662666077713983,0.07883536009997985,-0.020753605131449825
1631.0,0.047779465945678605,-0.12134462727965707,0.08525813852566189,0.04282405355937395,-0.07203114143527398,-0.2171614960916781,-0.14130099756547548,-0.042265131200324886,0.13043355433524012,-0.0908697304657255,-0.13869404000876598,-0.10078940884770855,0.033205295518098685,-0.044776050396014976,0.03393021431769597,-0.06217976756950744
1632.0,0.05211896042284272,-0.1301504685103489,0.09294180457843834,0.00994180281431683,-0.09667265536273428,-0.22233248189497953,-0.16151860141947624,-0.022276066308121262,0.09550928334321962,-0.0949533337727285,-0.13970386612340643,-0.09015058819318467,-0.008964828410779078,-0.11947807159127193,-0.011544460197804033,-0.1002676430102993
1633.0,0.047176847036602645,-0.12475922516365114,0.085254076370461,-0.017531227676592428,-0.10235022596719354,-0.20170146107196832,-0.1678813484624066,-0.004500201134255482,0.04004177632809444,-0.09520964402970586,-0.12432153101556788,-0.07108350845119743,-0.04582040112635003,-0.17094725457885662,-0.0519943811598931,-0.12224460995792986
1634.0,0.03709877255867766,-0.11035734130415499,0.06260331451932823,-0.03301290784416398,-0.09247064181335544,-0.15858987703906524,-0.1627928606018697,0.005225400074303469,-0.027081276068405248,-0.0897053020191327,-0.09855453368344833,-0.0472301282567373,-0.07327886667527357,-0.1911881768025999,-0.08260978437169055,-0.12305069432795308
1635.0,0.025409250778031016,-0.09399786061490312,0.030586746000583434,-0.033165351017246984,-0.07506478147249368,-0.10314396504676845,-0.1495595805553546,0.0017321661215636659,-0.09321940447679385,-0.07732960786561775,-0.07182801612274246,-0.02064184903455912,-0.09042638492385,-0.182388147032267,-0.10074985487101236,-0.10640758095538386
1636.0,0.013830391858870344,-0.08118690310204917,-0.0016809995328215632,-0.01793232773901357,-0.05859702374044174,-0.049405243390866466,-0.13181980226765128,-0.015457925575394152,-0.14574084398521456,-0.059146057266982736,-0.0524038782897459,0.007293170356899553,-0.09660063001364824,-0.15381670408373496,-0.10612805891163407,-0.08071027628315307
1637.0,0.002919612394975451,-0.07351405299060783,-0.024374045085810425,0.009723508774120286,-0.04850592012543511,-0.01140493407760332,-0.11258871507230077,-0.04084403613864701,-0.17620184778762438,-0.03870390317180196,-0.04338558425573022,0.034143797962094456,-0.09018563824513183,-0.11626683737912552,-0.10036210948303283,-0.053446702252587665
1638.0,-0.006969545566794772,-0.06879323070041388,-0.0297255775693153,0.044191907940971296,-0.04595810410537298,0.0014558233979836965,-0.09303143013378277,-0.06558508685556562,-0.18244009596450356,-0.02104402359126053,-0.04278264961740179,0.05577633893827949,-0.06998588993126044,-0.0772164291189549,-0.08739040635624744,-0.02825637683476066
1639.0,-0.0154129128191016,-0.06332739509488355,-0.014086652609763477,0.07813772171807705,-0.04837920426241933,-0.011519046747836416,-0.07212475028406926,-0.08224080863106581,-0.1677710085783625,-0.01117429668666294,-0.047241764117024465,0.06753416366465564,-0.037610596924272266,-0.03881903904719925,-0.0735348544378866,-0.0057858386114859935
1640.0,-0.022010333892268554,-0.054273026894972314,0.02109070814618049,0.10425702739033675,-0.0507939812185833,-0.04204873399551888,-0.048270835831865345,-0.0885461452937338,-0.13861141089593562,-0.012790341204132038,-0.055617166253372596,0.06629419773296429,0.0009408209763912413,0.0010647922327407758,-0.06540129450377175,0.013643497253177785
1641.0,-0.026011272975432116,-0.040655918932286886,0.06953975285751304,0.11746054490267659,-0.047672559211604446,-0.07740620637108352,-0.021870460408755652,-0.08776995225964536,-0.10224136557503703,-0.02690239449772843,-0.06884110595354186,0.05185102279779267,0.03572057192007807,0.045906663865190524,-0.06693788097415158,0.02833401996195879
1642.0,-0.02543250182770043,-0.02333890824137243,0.12178769751860272,0.11660225266202434,-0.0349818522510096,-0.10583287859568823,0.003785686582366596,-0.08538358645303691,-0.06481664657129875,-0.04970348215851216,-0.08603715565330565,0.027196302948657745,0.05612556683075082,0.09718944005687487,-0.07771305556961333,0.035774067474792455
1643.0,-0.016798755759366873,-0.0048517661997754665,0.16762335002141038,0.10496643414758272,-0.011682357679396103,-0.1191983911377355,0.024132363265454728,-0.08450296097762755,-0.029165073824024054,-0.07134795511873278,-0.10060066593787224,-0.0017784600108499175,0.056426682607397756,0.15203143135230726,-0.09253236550272739,0.034646251286063516
1644.0,0.003323550114445819,0.010885454377466292,0.19847713474084022,0.08905107515787766,0.019676105296908185,-0.1135483576604592,0.03555206195304417,-0.08331416826954756,0.006263318731103932,-0.0789096938716948,-0.10042713441298545,-0.02726420178238839,0.0400451687810852,0.2025555523225729,-0.10269278879956607,0.026202554423374377
1645.0,0.03522964940189744,0.019503860213556434,0.20882515842194135,0.0756864579012831,0.05308841502734781,-0.08945079390050673,0.03670102728860815,-0.07585924479195849,0.04529667061352726,-0.06312204010183108,-0.07278077475390009,-0.042010748735627185,0.018768833003449028,0.23768249957820606,-0.09991640779836324,0.013604747429868162
1646.0,0.07336001703374403,0.01755350300500179,0.19643008461328262,0.06867981032764078,0.08043163800531992,-0.05218793621255659,0.029195798917328885,-0.055390328485709045,0.0894009728567797,-0.023833980243768815,-0.010782300441273393,-0.042866163149210795,0.007253228282120636,0.24741246939218264,-0.08122767259827508,5.03417503102138e-05
1647.0,0.10644728443710355,0.0035810605476643323,0.1622054947314688,0.06713014340480755,0.09457265350613234,-0.010913265082289724,0.017695737755406192,-0.018475011381699748,0.13372089617875466,0.029700260335698794,0.08151795757163946,-0.033021508377452616,0.01666307456828206,0.227613758199768,-0.05026141455869733,-0.01238286373440107
1648.0,0.12146635669820609,-0.021142199968644873,0.1104296239417925,0.06663322610628042,0.09264354088454758,0.023524527655155194,0.008204988514852646,0.03202267020842997,0.16709145650780818,0.08288549183051522,0.18733981655131374,-0.020756935751545264,0.05045408918723843,0.18215093905434676,-0.013780140750155677,-0.02243680334155224
1649.0,0.10961960469947668,-0.05227970046006195,0.04895044127544172,0.06236057725497663,0.07662417035757672,0.042033877071709455,0.004425810045192122,0.08666559662379988,0.17697009394509539,0.12118726022927252,0.28015381900394287,-0.01497479881660559,0.10272621620555011,0.12109493366228202,0.022398657127769495,-0.028574604286992676
1650.0,0.07098838357462509,-0.08279341582943626,-0.011554987925251918,0.05187420492492039,0.05108406726418238,0.041319114964204706,0.004981965474509176,0.13261004884754599,0.15653351766125612,0.1347027506993436,0.331922668619206,-0.020246850600219045,0.15876571280850496,0.0566815287861678,0.05455205816557528,-0.028043215428357693
1651.0,0.015185596309053386,-0.10399514242241506,-0.059534480985854406,0.03629650560320054,0.020808847648232875,0.026400214210396577,0.004786053533525911,0.1588345138412729,0.10899815712285982,0.1208718094841225,0.32448176059484735,-0.034254422345644096,0.1985097929285698,-0.000235399158265054,0.0801771962781922,-0.017018825283674068
1652.0,-0.04232096556622526,-0.10765294274697258,-0.08498259921242822,0.01952668131905924,-0.010153214719853735,0.009497294023768687,0.00012169502270458918,0.16023289025835558,0.046162244576596574,0.08462598009629278,0.258881027043067,-0.04878821853449398,0.20384380690514345,-0.04169145166077,0.09721794636570316,0.007506114590590871
1653.0,-0.08613638750904001,-0.08937603829295702,-0.08191884005244535,0.005686572342928879,-0.03874805397766019,0.005086437882993403,-0.006619318458405196,0.1385032609728782,-0.01735651082068769,0.03607245234984483,0.15680335358611877,-0.05374952190400903,0.16740537934331234,-0.06293240054379541,0.10412405773157964,0.044739329682966025
1654.0,-0.10610758193368042,-0.051409247989723746,-0.051087587957688155,-0.004059246107853105,-0.06299250374352494,0.023004690765594474,-0.006593409919331056,0.10043380797599638,-0.06997974978968978,-0.012843969572407323,0.052199055255853215,-0.04223606029229801,0.09698109962217719,-0.06339301841233475,0.10024911087154838,0.0883363287151306
1655.0,-0.09980995529302415,-0.0024736913875991963,-0.0014537813111573736,-0.012704481538512058,-0.08157654164521694,0.06282042900752936,0.01047168130292021,0.05495303290012147,-0.10590859016667745,-0.051353681972318155,-0.02284601895510284,-0.01420660929853036,0.011393258829826655,-0.047864005189305434,0.0855849708580489,0.12778365189842486
1656.0,-0.07210209473512832,0.0453471966285708,0.052254337755482015,-0.02468657574185943,-0.09311256031184219,0.11255294643466458,0.04885716041515924,0.010011877656121285,-0.12414328408174852,-0.0722136796426812,-0.05111965940636742,0.022696057290523385,-0.0695770603663612,-0.024913943718910876,0.059931718189894685,0.15239060909314814
1657.0,-0.032327775714844485,0.08092527762164446,0.09589594777929623,-0.0410516923978147,-0.09578777666289912,0.15322383816489632,0.10233687763904843,-0.02885244235383372,-0.1253047050855281,-0.0731384818992863,-0.03609396921301488,0.05538163067180243,-0.13376023644184967,-0.0019508605078196266,0.02318408142483034,0.15587569400252058
1658.0,0.00946226509092528,0.09758596316374613,0.12174695044675728,-0.05697195062918804,-0.0879837681075338,0.16832744163454752,0.15613514687818789,-0.05711617863496278,-0.10932379970784425,-0.057009984445168964,0.0019444637198898032,0.0705331856830376,-0.1778846802241693,0.01880707401753467,-0.022426418168686332,0.1394411060014489
1659.0,0.04510866721888284,0.09423668077677394,0.12948566747382678,-0.06411860443498887,-0.06959289405944875,0.15372489779023882,0.19391972950472808,-0.06927533977788149,-0.0765365915721351,-0.03099657787220114,0.03673852547622799,0.06120021675813368,-0.20284667104566328,0.039184247919398674,-0.07018456773967084,0.1112575777915333
1660.0,0.06880454920160732,0.07435665382994973,0.12282057007039451,-0.05613114414814337,-0.04319562788204289,0.12105848139925494,0.20491220376387959,-0.05964463028449482,-0.031148881505169937,-0.004812453600457357,0.04764747117002167,0.03092758851287989,-0.2092104180036982,0.06004750392922826,-0.11000500339443092,0.0816969217136838
1661.0,0.0768584701209161,0.0445198496852995,0.10587633493661382,-0.033027661031346564,-0.014180565364072396,0.09121287775714695,0.18715587970361613,-0.026161438831933722,0.01691492819860768,0.011812027975334998,0.026252407368834833,-0.0075712757946680715,-0.19675060037262293,0.07751713292949304,-0.13308645949969167,0.05724950073050112
1662.0,0.06830732745218458,0.01316893278939667,0.08221105248787101,-0.0014593766648387865,0.010744130642988355,0.08193093181667549,0.14639650472741295,0.025869661569421113,0.05461614377431524,0.012283345963503889,-0.02375981280892795,-0.03832633381335528,-0.1663336232057749,0.0835227818380212,-0.13667067301334804,0.03777687307871774
1663.0,0.045715882562339376,-0.011021304703442654,0.05571492277899437,0.028724582153659375,0.026089464646910258,0.097785662706308,0.0925844275406815,0.08353107451102064,0.07183451676140903,-0.003991048931824694,-0.09069064570486789,-0.048787265769155465,-0.12077415720262231,0.07013870625622816,-0.12523592540885026,0.018464546718874243
1664.0,0.01458407232696323,-0.021470093746664583,0.03089570507624217,0.04860288006552907,0.02975849372407495,0.12815933756024828,0.03607954494075754,0.13065780142633085,0.06674050198689462,-0.030758927491995214,-0.15916359033594754,-0.03399669103581684,-0.06425011913782468,0.035099504504653385,-0.10772558304188784,-0.00611548076054937
1665.0,-0.01861857232418093,-0.016065352170029867,0.011520777255606431,0.052981354733662674,0.02380563504138731,0.1534779735590812,-0.015483423088506408,0.15464724441085395,0.046536147270295945,-0.05711409128919307,-0.2135445068618488,0.002288002459145904,-0.002673949914220392,-0.014845818857127763,-0.09373202949516683,-0.03850558284956587
1666.0,-0.048297721770071966,0.0014358977617016655,-0.0010969893683896515,0.04172994255940861,0.013661565835591683,0.1555762386854185,-0.05869589364297425,0.15188906096933455,0.022901579873351154,-0.07170947958680257,-0.24126818919272616,0.04875183187479854,0.05466252271044566,-0.06551273457547276,-0.09092843658177786,-0.07653619126518273
1667.0,-0.07037539426208497,0.02227705476263609,-0.008611139652626285,0.019563507631939477,0.006382632822475187,0.12655555708759159,-0.09310397288984346,0.1289207933910146,0.005530076305869864,-0.06680332519997355,-0.23615356100591467,0.08991453833737564,0.09597954837483452,-0.1016188413117781,-0.10279640954017444,-0.11371649048337983
1668.0,-0.08183305772803222,0.03637007724808402,-0.014610239550768176,-0.006002117450642482,0.008433822968479417,0.07251509002982025,-0.11809256366077096,0.09884939094845253,-0.0015276236960248865,-0.04059782009080306,-0.2001445153165297,0.11152438857090727,0.11255122286506937,-0.11391231059341163,-0.12583032300703917,-0.1416127031493987
1669.0,-0.0800874977404544,0.03717945355673941,-0.022619801949498176,-0.02779092581385275,0.023131088071081937,0.011698599912252044,-0.13085751535907555,0.07502864885122065,0.001053141026534947,0.00238600749165683,-0.14204785484749366,0.10598967175480502,0.1043651032262508,-0.10258429426361658,-0.14844130527599123,-0.1528037681815421
1670.0,-0.06342409653590936,0.025261967454694594,-0.034450261128754,-0.04174884014884525,0.048499333688886564,-0.03208213083842212,-0.12707717802654006,0.06529837607890276,0.010658104956520812,0.05267205081653933,-0.07419445857499578,0.07544424995367917,0.07969624252705111,-0.07586592332178123,-0.15394659247129422,-0.14314195538774982
1671.0,-0.03282275412251024,0.00870263493393519,-0.050095842599987214,-0.0482632481924752,0.07727071841640783,-0.039582385873944255,-0.10361158262861526,0.06965996059602235,0.02389688540854788,0.09870452265483776,-0.009241548140196456,0.0314299248452305,0.04884555415371723,-0.045681791788387924,-0.12719239918249556,-0.11311693461850297
1672.0,0.006437329804480267,-0.000384468706070404,-0.06865638422556616,-0.051427283180353764,0.09970388541133682,-0.006488957336722544,-0.06190737025085201,0.08199282022575408,0.03621701559043347,0.13046848148033077,0.042453657031260035,-0.008808359551625877,0.018159731085305265,-0.0224893607936767,-0.06232166068265728,-0.06825597949541351
1673.0,0.04545515302472199,0.007631621970240482,-0.0886788482137488,-0.05625187578306827,0.10756428947232184,0.052427198494932055,-0.010122355361076904,0.09387309713146735,0.04251023953926516,0.14244897917208132,0.07577320207398308,-0.028694742370335913,-0.011051870492125911,-0.011298467446755034,0.03166700254362042,-0.018018213699809615
1674.0,0.07456730855744338,0.03416355104001098,-0.10747050260784001,-0.0652266252000255,0.09707050210718614,0.11023030762878515,0.03852444683447901,0.09799901974629448,0.03952535922156289,0.13486630699098306,0.09307616496000298,-0.018816720373534594,-0.03932730718778032,-0.010846122148688925,0.1314218719941059,0.02675646094946585
1675.0,0.08655901398791992,0.07151914979850865,-0.12045829598719637,-0.07658621677852871,0.06993768426993081,0.14286202188449554,0.07137008040603962,0.0901072704451749,0.02820932895253986,0.1131509161287151,0.10322318192952533,0.019932224280708514,-0.06526441433010093,-0.016043927872921276,0.2075432225597302,0.05672600760923518
1676.0,0.07889103395156083,0.10707324126721508,-0.12199872626846538,-0.08545287870116876,0.03266191744143313,0.1425624399890584,0.08226111958754824,0.06988911777256492,0.013677074847507572,0.0860964232041599,0.11701110835829769,0.07758382033208819,-0.08441112531683853,-0.021690349957300136,0.23729541168423707,0.06630766448619849
1677.0,0.05439585324336882,0.12915910445331674,-0.10805239894703406,-0.08683122924719179,-0.005372519001977287,0.12099426750537588,0.07336398742125294,0.04142039686862007,0.002374949149256504,0.06302797839792097,0.14149305905722956,0.1386795857372834,-0.09192749005220836,-0.025602935045106044,0.21496188075122621,0.05500546934615666
1678.0,0.020129092102619414,0.13155703900929658,-0.07933709678095577,-0.07837480248745421,-0.03425391977129164,0.10082063535502817,0.05178089762161818,0.012232872780886472,-0.001731083799905509,0.05062845720186503,0.17616147277962943,0.18640850402613293,-0.08748822927133112,-0.02993161414884993,0.15445167418934674,0.027537814241199596
1679.0,-0.015211261668557182,0.1154437106510513,-0.04271137583632986,-0.06144038889310446,-0.04614243180867044,0.10142044372632604,0.02421674165641021,-0.009562865359081628,0.0005844602680712305,0.05070852308525911,0.2128223445999851,0.20727318108224047,-0.07820787705432951,-0.03936520353480274,0.08271201976555864,-0.007409979255608754
1680.0,-0.04395893042411482,0.08859842514534097,-0.009386569836796019,-0.04039001748012444,-0.037890016164441154,0.12668494094775165,-0.005775605384467063,-0.01868931128337273,0.004678782797161316,0.06008517600705786,0.2390283569969862,0.19593606912754818,-0.0752094902487683,-0.056798094784715335,0.026865589548858555,-0.03970806984803049
1681.0,-0.061154791625851385,0.06183953163866914,0.009705204797811692,-0.02100546451757797,-0.012627501117519905,0.16145997298123654,-0.036286271313592945,-0.014608225242344241,0.005457626674131727,0.07243902035209496,0.24305671581627655,0.15778930987213421,-0.08483124036331639,-0.07988028857556037,0.0016562682412616353,-0.060915857326210666
1682.0,-0.06532733471173914,0.04387209883410882,0.009003742973224241,-0.008670309479524829,0.02077197972308567,0.17902206536812,-0.06413286082693494,-0.0010914247121162775,0.0002819862242647245,0.08074312045634967,0.21803942205940388,0.10650851203705353,-0.10186038054868501,-0.10135191080293016,0.004168557928516657,-0.06683789422981959
1683.0,-0.05877369674083668,0.03735161926859519,-0.00928311455592398,-0.006646965496958195,0.05035629343002773,0.1554699544453493,-0.08461200332514188,0.015724660840502953,-0.01108357720271602,0.07924996043212608,0.16375909285324977,0.05728520835681244,-0.11123956569111192,-0.11263075290978287,0.018367742891965765,-0.058919414796596875
1684.0,-0.046819417579982335,0.03846351064861749,-0.03657149265095889,-0.014899314575879478,0.06491304046306726,0.08242292218688113,-0.09426764218949754,0.029317045177586543,-0.02796071577001336,0.06543578011168785,0.08614463970676138,0.02022204772134755,-0.09714818704493502,-0.10812892926717467,0.025780263468316113,-0.04413364054578609
1685.0,-0.035469467618420285,0.039864606575898534,-0.06142175729330167,-0.02999623487588237,0.05763308302337333,-0.028926365377473715,-0.09351880557532118,0.03425046297307885,-0.04867097344014982,0.04190603038995218,-0.00417779553490805,-0.002078871869442959,-0.052712601859279604,-0.08827920419996148,0.015715604036739095,-0.03216803618110055
1686.0,-0.02849973008814252,0.03495232837776777,-0.07328466973152391,-0.0465557005765308,0.028360864359656835,-0.15310878457160385,-0.08675377824844954,0.027313981153153696,-0.06925033808056676,0.016223977358988242,-0.09349371973166704,-0.01270198177969238,0.015850776315132285,-0.06031890691620174,-0.009933730524684168,-0.030265060198010892
1687.0,-0.02608647981896448,0.021018166940384022,-0.06582399891557246,-0.060086175638472995,-0.016458930487904942,-0.26046829146619704,-0.08012673228285894,0.007917705741325361,-0.08399761609994279,-0.0029436577160062817,-0.16755869641562457,-0.017141907221742032,0.0921582619629477,-0.03641990329308015,-0.0391368175822435,-0.039348679547513955
1688.0,-0.02571944713544129,-0.00011169612093642636,-0.03891656573918476,-0.06963951251492144,-0.06609653091303218,-0.3268772441827075,-0.0784321702147916,-0.022523565959668757,-0.08853360069637545,-0.011239461739542001,-0.21546030398249597,-0.020695048006461447,0.15671131064980973,-0.029149713324584988,-0.05779931613546778,-0.0544493543728767
1689.0,-0.02420445660870111,-0.023309089789402288,0.002252898046090754,-0.07799301289959237,-0.10908082482503745,-0.3400890648611366,-0.08223235392438194,-0.061247822762538824,-0.08230713848717607,-0.011258851141219325,-0.23306284378056122,-0.026914432459238424,0.194301270426387,-0.04550772307180029,-0.05819014454997326,-0.06819626428089846
1690.0,-0.019201542575037006,-0.04212245150737217,0.05064807507401459,-0.0887384965130662,-0.13660347086207367,-0.3017202017915836,-0.0865349135714306,-0.1037664989048364,-0.06782761107880504,-0.010470606251505378,-0.22374752495505565,-0.0370364495985424,0.19933908755446741,-0.0826388351058032,-0.041952792092378795,-0.07401868893910325
1691.0,-0.009710548379924522,-0.051738947463551385,0.10031670922917532,-0.10246628837615136,-0.14451104325364456,-0.22525157123268158,-0.08265202297406651,-0.1430808691744932,-0.04763181119979558,-0.016421662964678542,-0.19583561131263805,-0.05048855771834742,0.17718086202483907,-0.12846398629467315,-0.016556626530030427,-0.06765197264770911
1692.0,0.0038255753495250525,-0.05258632916155077,0.14649395652390307,-0.11523519695372725,-0.13331281740127365,-0.13113801452095297,-0.06346982411459408,-0.17049825265764135,-0.022158479128014212,-0.032662537370577796,-0.15819261542160426,-0.06625286663508854,0.1400922104066503,-0.16749013319313275,0.010613494127747465,-0.04815656741354752
1693.0,0.019044445104069795,-0.05151768885397057,0.18394779108098083,-0.12041129812807629,-0.10694260482517082,-0.040563916550324625,-0.028976215461467895,-0.1787960456819552,0.00962326240189737,-0.05737957756305244,-0.11686150483605595,-0.0839709378885084,0.09970364643000901,-0.1881456860892038,0.03566407883356697,-0.019290615712715016
1694.0,0.0316213090995976,-0.05785199801993361,0.20632009694295325,-0.1120903570615785,-0.07145383701501175,0.02961102744994588,0.012536442160935857,-0.165605328938,0.047652376667739346,-0.08454856138018772,-0.07514812490537918,-0.10342544257299428,0.06158411418097895,-0.18703763865327258,0.057702669510441125,0.010351410233484688
1695.0,0.03711064048232412,-0.07657237896307635,0.20755220269540395,-0.08785202019072295,-0.0339345539917611,0.0686189574232723,0.048580990660514696,-0.13424550008828,0.08871664826665768,-0.10635153993799737,-0.03645077632653901,-0.12277182046612843,0.026099915027587458,-0.168375415710897,0.07605644262036622,0.03023830139823937
1696.0,0.0341025249630401,-0.10455602144428736,0.18377747733821032,-0.050056371526010675,-0.00123940044460509,0.0710687607742032,0.06855616627936442,-0.09175354796922826,0.12668071308323284,-0.11584802262379049,-0.006116191987406273,-0.13811967762628186,-0.006617594830915108,-0.140128767965024,0.08762112297907854,0.032725993900915205
1697.0,0.025826062872136346,-0.13260766449817799,0.13394125673581775,-0.005746437607101597,0.02156265344440116,0.03651649152879581,0.06841142419138116,-0.0460659049113784,0.15457477455130916,-0.10929943022245704,0.010060989157989891,-0.14597654534600865,-0.033423521284913126,-0.1096049558780757,0.08693532773246461,0.01666387453011184
1698.0,0.018161487326338703,-0.15068416047119002,0.05992311135094383,0.0349392501456697,0.032506218874163,-0.029148010895972992,0.052264408275785636,-0.003906757276710351,0.16701813094074983,-0.08747150191234856,0.00907710664170151,-0.14612473576894278,-0.04974590662543465,-0.08041426819753747,0.07012217349288578,-0.012129921803450919
1699.0,0.015694733979799962,-0.15252226379589673,-0.03222434970023496,0.06193674147035684,0.032999286123572114,-0.11193440613796438,0.03025268296691385,0.030617010108187254,0.16188960712540107,-0.05533111666323584,-0.007500852597005886,-0.14151084725167407,-0.053595137588987075,-0.05169917066742495,0.03949049736910774,-0.04313212674520209
1700.0,0.01935974580592497,-0.1377642110166997,-0.13077682158662096,0.06928436735985564,0.02670205489536979,-0.19070808190985802,0.01362771342417798,0.05682426760370278,0.14030230547410943,-0.020275052467433344,-0.03440924553824219,-0.13545583373082917,-0.04727456019231998,-0.01989590481583494,0.003957083125036714,-0.06456637883413785
1701.0,0.026855233426900774,-0.1109522004914312,-0.21933106850852704,0.05797427257019641,0.01780337970488329,-0.2424380951678096,0.009932180979236134,0.07675584792754181,0.10478481563374235,0.010233618927874851,-0.06474939265859417,-0.1291732151377055,-0.035523844514731354,0.01763669834965728,-0.024677143069595536,-0.06649596528877316
1702.0,0.03422462584056524,-0.07800529203956144,-0.2811849620923062,0.035467214770375434,0.009888599526136667,-0.25030800548367305,0.02063403520162793,0.09255080802692978,0.05764476640474894,0.030615295140845687,-0.09153726566036509,-0.1210355940516,-0.022696502002352136,0.05944507314209622,-0.03586067391935858,-0.04283123355658554
1703.0,0.03722957166480906,-0.0429769147803715,-0.3045779701565822,0.011974034744160327,0.005495362443321083,-0.21097911090363863,0.041533804991869046,0.10347793824455308,0.0013529679406413322,0.03799254247749664,-0.10874671383512903,-0.1072489597794292,-0.010943749342744682,0.09969652052852386,-0.023500423773379842,0.007240045255664955
1704.0,0.03266708478843512,-0.008004850552626605,-0.28586828096031197,-0.003829074821153777,0.005596289389185556,-0.13663703256272475,0.06474146940416643,0.10511556678819894,-0.05987084068893293,0.031898895230046166,-0.11238851219581188,-0.08386088708682407,0.0003020080465815737,0.13091081308600028,0.011221465600370566,0.07773516513880058
1705.0,0.0200390922292709,0.024281260289296988,-0.23023162008809656,-0.0070552363560733135,0.00917163549942771,-0.050083917753371655,0.08111459423570476,0.09199917240846986,-0.11921226989611675,0.013874962866355927,-0.10118793783751193,-0.04969376236371188,0.013081425838598606,0.14766101241357033,0.05893807414326175,0.15528033828369492
1706.0,0.0028258156827891123,0.04942488689523999,-0.15024479831290308,0.00362150272835039,0.013958674014443416,0.024495273929988442,0.08299171057841613,0.06247261143101978,-0.167834397489359,-0.012311324332698648,-0.07622027573168264,-0.00824403607463593,0.028212039148761053,0.14911257325074864,0.10523569068944702,0.22158967339995525
1707.0,-0.012218973401587474,0.06257650984672743,-0.06195423051198836,0.027400076897032583,0.01839845247889262,0.07055552053865644,0.0669897576798152,0.022242453014014247,-0.196397005475942,-0.0405389258013545,-0.03993405047393316,0.033430126367123,0.04349366429347412,0.1397248789518881,0.1368455507089479,0.2591519645766125
1708.0,-0.018037908569489072,0.06100069354101948,0.020405188561083153,0.062449675739880736,0.02324846983127376,0.08400738832362817,0.03563379672625988,-0.0166296789271506,-0.19723925956749755,-0.063406239281162,0.004328181424114058,0.06829966431685447,0.054617480913767225,0.1282612284480053,0.14707551118960366,0.2570830412088227
1709.0,-0.01073794013215757,0.04531686702481725,0.08789093358824554,0.10593913779958959,0.03139950062229163,0.07182038064544266,-0.003260010198912202,-0.041527054408155434,-0.16736622827718897,-0.0743902327044081,0.052039051801823485,0.0924232606904247,0.057610672282613996,0.12491739022319706,0.13734037996014567,0.21423963054356351
1710.0,0.008327935039228613,0.019196106172290964,0.1367557893604582,0.15329091676415363,0.04582557716516457,0.046573716111314986,-0.03897123075413682,-0.04640190621644159,-0.11141850336781348,-0.06997969369460316,0.09733144261829396,0.1051613094947718,0.050900356654478555,0.13712568528255165,0.11451129827005875,0.1394173413462327
1711.0,0.03259507005533078,-0.01127935345847132,0.1661677015319669,0.19769626825566028,0.06705874060920823,0.02174301961064196,-0.0608876507146609,-0.035348457091988986,-0.042287449307641084,-0.050953717711221216,0.13365241047424506,0.10734451677869288,0.036476355706551174,0.16612299035825057,0.08606236659396883,0.04940320509058032
1712.0,0.05261460444613929,-0.038412976667833776,0.17647808957279545,0.23101215291015798,0.09197805519125177,0.009355662258435505,-0.061670787510431216,-0.02003006554060493,0.02235755088993694,-0.02260266446783651,0.15502257775036302,0.099763567239184,0.019536242928351367,0.20590515706139867,0.05588473435833729,-0.03506931213165609
1713.0,0.06025115447887124,-0.05495923867837764,0.16905004062744797,0.24603966543180253,0.11452242929265068,0.01726818384151237,-0.04011365231395968,-0.012862135762585427,0.06643033013577429,0.00635779708148231,0.157736355988583,0.08314622775805863,0.005972533699606035,0.24466599494895386,0.023331935758424918,-0.0951517242622888
1714.0,0.05279901364752086,-0.057309662142940046,0.14617935226833348,0.23889163311287542,0.1276439829487812,0.04473541035158952,-0.002491701953044201,-0.020791393418114017,0.0811406226646915,0.026444076271914894,0.1422566405515187,0.05907626536249038,-0.0007061989164835636,0.2685147487801095,-0.014246703309046102,-0.11985518279503642
1715.0,0.03426852707786044,-0.047281215657936505,0.1098428064320747,0.21024731382574777,0.12587611806140275,0.0801420770258372,0.03872826316675774,-0.042920974203700335,0.06717499421363171,0.031078004086985887,0.1139636025781406,0.030764720884069268,-0.0005232686182364497,0.2667790005919046,-0.05816147576250957,-0.10945949635617604
1716.0,0.012915941319844504,-0.030363252150869317,0.060563928415366,0.165025303482063,0.10786873631592174,0.10543838156968327,0.06892825801949135,-0.07149411044041279,0.03317298517807363,0.019595665528381698,0.08160437923739523,0.00304064679014437,0.003970889048179979,0.23661273889616977,-0.10682965631799385,-0.0742848698448113
1717.0,-0.0030649807208440456,-0.011758482347180693,-0.0014052691851435032,0.11060046740569612,0.07717958118037724,0.10555987692919674,0.07683109471751752,-0.0948881433911347,-0.007905507455629422,-0.002430792139520889,0.05437286175758047,-0.018711234388894684,0.009333582558578244,0.18427009606322245,-0.15596813706486143,-0.029374840191450646
1718.0,-0.009037298826683356,0.005995517140179841,-0.0728241332922986,0.054648758868079655,0.04011871346522088,0.07566450630996353,0.05879910132051751,-0.1024063156643676,-0.042905366768482466,-0.026106483319759562,0.039199127468730756,-0.0306813333919658,0.01244548976229093,0.1220308693138735,-0.1990960965071165,0.011633419011278718
1719.0,-0.005299936903878664,0.021860554571979354,-0.14513576206571852,0.003932002827437689,0.002336901974043466,0.021436129676744315,0.019453197264634625,-0.08964826693486593,-0.06185815886378558,-0.04336859129661946,0.03846532027393602,-0.03276082567932674,0.010979399475172609,0.06196716495518542,-0.2279389888566222,0.03994369935032658
1720.0,0.0037386576122352554,0.03376102626672882,-0.20575606126145998,-0.03596914445261595,-0.032862985569495844,-0.04561954397432023,-0.031062069818845812,-0.061339378440659544,-0.060205119470434144,-0.049845093426120105,0.04815885013202069,-0.028909995645944212,0.0032426272075529914,0.010184881249759851,-0.23425000643225244,0.051738696259606004
1721.0,0.012258884917142773,0.038150510424629566,-0.24244942968865127,-0.06079363681032455,-0.0638684139451502,-0.1131003748999262,-0.0804116138339387,-0.029408340010130516,-0.04032776856962258,-0.045880556274089206,0.05792787752686548,-0.025251314281054746,-0.011893932004824056,-0.03393128445062641,-0.2142122225794943,0.04715844694801451
1722.0,0.01659087770377117,0.032290698733659334,-0.24756768086123648,-0.06798022628481148,-0.08956397807079598,-0.17027208662741394,-0.11658217194494004,-0.007458454185394701,-0.011812490227871503,-0.0361550348344235,0.05475789334723859,-0.027063168193362783,-0.03431183145800717,-0.07274573072683457,-0.17237700800578076,0.02960422642193702
1723.0,0.01757676319981694,0.01702613875367238,-0.21938530535350467,-0.05742493648714817,-0.10878609908420168,-0.20837822554206398,-0.13027951833311235,-0.004948434305890667,0.011860834023037408,-0.02737950411932908,0.029637699391058925,-0.03633357086625736,-0.061396203907898225,-0.10454571701000777,-0.12009416025636996,0.004863162744043862
1724.0,0.01982548414223146,-0.002504087812943935,-0.16066196462201995,-0.03257001764970706,-0.1200334595429561,-0.22010874394328078,-0.11751727718295851,-0.0234026928259624,0.02058217791762025,-0.024116247390058444,-0.016156015929169917,-0.05098969098161786,-0.08728547680415398,-0.12229193275643241,-0.06876172826046607,-0.020453299618454473
1725.0,0.02805627140294376,-0.0194266960598863,-0.07709760547675315,-0.0007180286352662257,-0.12142034163497545,-0.2002529726956476,-0.08158512054602512,-0.05533297832541261,0.014084829332147494,-0.02527705886819022,-0.06918629187329413,-0.06602699543142007,-0.10397522747780397,-0.11771486734875086,-0.024143780222917386,-0.04063860680725847
1726.0,0.04311279496642943,-0.029225753563890823,0.022209706657287796,0.028819948662822215,-0.11169942883024603,-0.1483256476387009,-0.03300038696840423,-0.08656383964505243,0.001813390104773342,-0.024454476424517226,-0.10879429466887264,-0.07582344153680098,-0.10463029401406386,-0.08724707467757878,0.013558059922443858,-0.052309928429630836
1727.0,0.060482034711210005,-0.031606213630472876,0.12343440118171617,0.04814576553419448,-0.09215931192767553,-0.07117204197399862,0.013728737888922902,-0.10203876036744298,-0.003822863713523655,-0.014297835165848583,-0.1173851786343891,-0.07638625195011678,-0.08745275862031086,-0.03581844268454733,0.045231810841137,-0.055359444604791995
1728.0,0.07209392514669201,-0.02873190811079852,0.20884371685737915,0.05331958654671354,-0.0676037834536375,0.017452175644012816,0.045468440860034064,-0.0924992474594576,0.004894584245596942,0.00814040407181641,-0.0900587217861772,-0.06664651155854527,-0.057448995225744245,0.023146012054196252,0.06879092374819405,-0.0527655261160636
1729.0,0.07013944339044326,-0.022109202916623123,0.26111106201854983,0.04456132818388512,-0.044948064755214706,0.10131277641550726,0.05486838537698049,-0.058000636897885066,0.027794200192521285,0.03854866525157341,-0.037121097923972335,-0.04859120413961229,-0.024570358900877602,0.0713420535898868,0.07912526350672495,-0.048433928910050314
1730.0,0.05084312478734202,-0.01096859275521538,0.2694061948460844,0.024922279513640844,-0.03014906451692505,0.16760495587232424,0.04204449189853523,-0.006734624677757832,0.0588653143914397,0.06664755105964545,0.02162785477750901,-0.026420419951106344,0.0009565122767921697,0.09210164679319736,0.07163207241710653,-0.04403345156709077
1731.0,0.016242579594547012,0.0066177998793280225,0.23386556522870683,-0.0011736006974786585,-0.025639620671120772,0.2099765370934782,0.014026624586645085,0.048655623705234095,0.09034057344072258,0.0810369857550341,0.06616991778632927,-0.0052839367666990805,0.013366375039775858,0.07764692288240793,0.04551150576893245,-0.03798436293494519
1732.0,-0.026611563803334203,0.03086761187134167,0.16573968445481113,-0.02914592815141566,-0.02963357737917724,0.22747515295974738,-0.017602430980882596,0.0947471055944567,0.11527156604312046,0.07489751084657616,0.08381437896154979,0.009939652745528087,0.01309995181537661,0.032911225030410794,0.003969785138845366,-0.028291510088572464
1733.0,-0.06802574253021709,0.05827935702742407,0.08304824343131148,-0.05527357392217059,-0.03710469728717825,0.2225902459943382,-0.04101173855400684,0.12084130966380091,0.1277975289089459,0.0492702819300187,0.07283013328464762,0.015773212939754776,0.004176256337919385,-0.027081707904065284,-0.04737224246840311,-0.016287663116067466
1734.0,-0.09864710154555036,0.08216694963879943,0.0040887710580242535,-0.077079526242839,-0.04169086602669728,0.2003345821272649,-0.049174203335143815,0.12244880739490598,0.12289607823166689,0.012438382519098713,0.04206442094852226,0.011066999748502577,-0.010846584933810563,-0.0847330101398136,-0.10098016252488907,-0.006960704909224083
1735.0,-0.11251896156181167,0.09512515193421534,-0.05799154612576433,-0.09301259119959804,-0.03796081061585378,0.16684050666534006,-0.042859322285042745,0.10297633619659965,0.09787210471787426,-0.023719897134555135,0.006819244632141515,-0.0023474305637039166,-0.03345083187583946,-0.1275343521443794,-0.14650670778487104,-0.005560167636515371
1736.0,-0.10901310899563434,0.09199916178601564,-0.09730327318003903,-0.10232384831382614,-0.023436284380286526,0.12702013784159188,-0.029305773713085608,0.07183942916399381,0.05565414816863657,-0.048368281910147276,-0.017781990037975016,-0.019421271113343734,-0.0658939139277398,-0.15187344854134738,-0.17075134033979203,-0.014010681879078156
1737.0,-0.09269490126197066,0.07233862566387869,-0.1140747383151786,-0.10558045271413034,0.000513384576939483,0.0837628036185374,-0.01703312820756027,0.03985993147640205,0.006508669497383486,-0.05526024616455729,-0.023367304154311732,-0.033001183260842316,-0.104838154875966,-0.16171351144003218,-0.1606949111575809,-0.029914892788679086
1738.0,-0.07169670940780509,0.04135989329604907,-0.11250468920862484,-0.10491800272594488,0.029477614434153206,0.03990602741673518,-0.010158689550936002,0.014932821953768355,-0.035288716994784954,-0.04397784071722394,-0.012051877039720632,-0.03660379854234109,-0.13858893037539521,-0.16375251422378284,-0.10968896664725432,-0.04770914432571553
1739.0,-0.055399724479753366,0.008470445917673186,-0.0992927506444427,-0.10324628529451699,0.05790282954064542,0.00047088075516959625,-0.006044965286256081,0.00030475651647098425,-0.058443056718787925,-0.019021010372898828,0.004569872435119083,-0.0270674773820635,-0.15145579450744112,-0.16247731219266118,-0.023817603695340073,-0.06027445413177169
1740.0,-0.05135589172279697,-0.01646136698734116,-0.08209325121410792,-0.1027627235888214,0.08062816687347932,-0.027593246207582262,0.0024961932165510478,-0.004584543009906417,-0.06015325703855613,0.01229460453443905,0.011325321565434943,-0.005320580084181699,-0.13255680049101703,-0.15762442417555697,0.07633172106457,-0.060701762224089045
1741.0,-0.061948855310503585,-0.027087036581813412,-0.06684522390173812,-0.1035286709372852,0.093365421090781,-0.03790197704783429,0.022364518682664522,-0.0022868733340331345,-0.04674907222530326,0.04217323835951764,-0.0022225873130219446,0.0244843527071487,-0.08332587099326476,-0.14420353188853643,0.16140698546204826,-0.04466390986570673
1742.0,-0.08281496105806066,-0.022291656630684175,-0.05523041933739731,-0.10282946940526082,0.092874812706605,-0.027499015513972616,0.0558149188211789,0.003887183867482587,-0.029837421960461408,0.06412846823408504,-0.03568746603263625,0.05661872077743261,-0.01873867882538359,-0.11491949404604034,0.20473066305819548,-0.012671318610683227
1743.0,-0.10464752812416293,-0.00514557973436727,-0.04459810753565767,-0.09606118790683844,0.07766986956357032,0.0014625370630872282,0.09874833116920091,0.009967558953374315,-0.020348588956105328,0.07401597374053878,-0.07788916870147101,0.08568105695008928,0.03940300036507499,-0.06528004357243025,0.19363610267386816,0.02912887621102453
1744.0,-0.11755156514511012,0.01903472408254491,-0.030726719826546806,-0.07916196233750429,0.04895462667371393,0.04205486502436867,0.14194702863929318,0.011178160743216547,-0.023351826147699786,0.07074097665470284,-0.11283743809238672,0.1078390370340315,0.0737355749608787,0.0008398791445460564,0.13456662407902534,0.07009594903426086
1745.0,-0.11543581190640241,0.04400883845175515,-0.011421782089602083,-0.051343688463809996,0.011032368962407474,0.08470373377115799,0.174232094329634,0.002798795780523061,-0.03582035775735086,0.05656914061400454,-0.1277363001122255,0.12091488239272798,0.08015062301056126,0.07010294532669652,0.04941814356154714,0.09820222119497281
1746.0,-0.09822209060345383,0.06375953545031714,0.011151268079379342,-0.01657693250923001,-0.029214568894230183,0.11994269031884182,0.18642239375040004,-0.018004404881535836,-0.0480784651996555,0.036213533941641216,-0.1185530116576228,0.1239641879573928,0.06867702229368193,0.12530993714311411,-0.03442038914518162,0.10482130314429783
1747.0,-0.07088667846631976,0.07404926278664893,0.03052996655041405,0.01696748958074953,-0.06396094717743275,0.14044493514578027,0.17502131316249842,-0.050640227052453746,-0.04853557855237803,0.014717546278298813,-0.09043855152380806,0.11678273566463708,0.05639480160233654,0.15382891679085295,-0.09478274801348557,0.08908698333322558
1748.0,-0.04008010649978819,0.07353231741930134,0.03887409749304342,0.03966933783997842,-0.08688779540601346,0.14146557618711983,0.1437342172207597,-0.09082354491104327,-0.02986552502225081,-0.004316292270269166,-0.05323923434497204,0.09925957889851633,0.057060604367468806,0.1527458087436265,-0.12082543417880388,0.058548748549023456
1749.0,-0.010754793277838418,0.06361627136586634,0.03143416694039576,0.04469227817252202,-0.09513918983357149,0.12022344161057033,0.10115651694335956,-0.13129856193389447,0.006773627813510394,-0.018726933652891003,-0.015686065492215785,0.07112494669001442,0.07372658798105482,0.12842600065491094,-0.11278724690589464,0.02537977993517
1750.0,0.01495695949162245,0.047739872762794774,0.009280686631056226,0.03138691758932876,-0.0895136182287893,0.07621680072927116,0.05588300825333681,-0.1627561347204979,0.052065956835969165,-0.026434488618925632,0.01752502855348306,0.032941591687253545,0.09863950704900443,0.09263230511432413,-0.07831073871016692,0.0009958722869285457
1751.0,0.03667481273657024,0.030761740674516643,-0.02155491430650381,0.005408587451255837,-0.07328289904406744,0.01347754270225774,0.012915795036367108,-0.17500749837011875,0.09287707427423875,-0.02437827977286918,0.044924727892500634,-0.011858009186219012,0.11961120856230131,0.05764961812536204,-0.02905208129759595,-0.00784125106915929
1752.0,0.05432433921905535,0.01798191990929227,-0.05279609116467968,-0.02430071407881803,-0.051193802764288934,-0.05710216537253118,-0.02595828766393077,-0.1593295808753328,0.11778555236922666,-0.008979218352207658,0.06642365028803336,-0.05563334954834202,0.12783946309691566,0.03161605652380347,0.02155859900784754,-0.0006432379100526236
1753.0,0.06761292076131876,0.01336003423523187,-0.07608479439734235,-0.049441220987964704,-0.029070908909710945,-0.11863879946229806,-0.05913204227844666,-0.1123102748420047,0.12110459594116266,0.021683982003288423,0.08274309811024545,-0.08794856618793497,0.12203296539547576,0.015848922954582453,0.06060666354719619,0.01722728271916671
1754.0,0.07640753798624325,0.017740845857000438,-0.08441018066090106,-0.0654463852164737,-0.01263688903911566,-0.15384815957433015,-0.08318831463109728,-0.03948041075195635,0.10408573399815897,0.06497636526216215,0.09536313350332654,-0.0997393480958787,0.10685573043487372,0.005921816835273981,0.07898002386998453,0.037005060350986885
1755.0,0.0813924432669,0.02872793602080967,-0.07359301128883468,-0.07265689153579799,-0.004805420689599119,-0.15263577600891273,-0.09405363220034417,0.044528032919553,0.07327858040499449,0.11214751561844416,0.10500475388624195,-0.08779730419879174,0.08820233738215685,-0.004010130623161719,0.07466314262358827,0.050003953942615705
1756.0,0.08435198012150252,0.042898433778587715,-0.0435967442638514,-0.0746583616246753,-0.0034420533521590073,-0.11642611572883471,-0.08986849700672414,0.12081265489521653,0.037224018259340026,0.14975738347271883,0.10911674053670134,-0.05680447660270414,0.07004595960603682,-0.01626259736696409,0.053086031616172015,0.049982768698455596
1757.0,0.08767551734514792,0.058517290905334834,0.0010548227964371079,-0.0743289768825114,-0.002288109584062998,-0.05680769547280534,-0.07237525849848568,0.1733818462325437,0.0034644192160510514,0.1638696929830998,0.10171130031719358,-0.017549407512070105,0.05490023669499501,-0.02719929862444357,0.02352502366765031,0.03387437421692813
1758.0,0.09307612088694775,0.07584704123453978,0.05197983233422491,-0.07033147219576319,0.005151878709292592,0.00942070675902919,-0.04541864025599148,0.1943581599046195,-0.022996431318783928,0.14528817897561058,0.07758214987231775,0.017922674760506914,0.04552828185319939,-0.02909070182913727,-0.004851739668476106,0.002582392407853852
1759.0,0.10001452176172139,0.09461613780588539,0.09888678448904059,-0.05711472595303461,0.02171464564786099,0.06526651086360705,-0.012717721843904224,0.18521744007317262,-0.04009169908619258,0.09373525810697184,0.038056203964880686,0.04141458551455741,0.044370922848047445,-0.015195010755569392,-0.023897879937166935,-0.03798309623477746
1760.0,0.10489213967251525,0.11126357509743037,0.13286527002227547,-0.0290768105383089,0.04519629450273854,0.09651717628174226,0.022096648216529395,0.15478042763698902,-0.048278046122261206,0.01926101993957382,-0.0069683673609102475,0.05103604829984608,0.0504135916573932,0.014915322710457238,-0.026021978655632053,-0.07796614628366376
1761.0,0.10202240465304172,0.11885638534533523,0.14984269343261,0.013951492499670884,0.06983167004367026,0.09369339953728205,0.05366674715387384,0.11554262214276587,-0.04940373008566226,-0.059915901537824584,-0.042917146821645144,0.050330841768728714,0.0573688514833522,0.052577400724037306,-0.0056421383992161876,-0.10739637750246979
1762.0,0.08643910325642902,0.11039111541455998,0.15159391676878015,0.06441621561688972,0.08950569091781138,0.05555042015663015,0.07479043638876766,0.07989168115110905,-0.04584691340295311,-0.12290952785555773,-0.057716617241752984,0.045405160403941,0.05640636150600253,0.08183850879975481,0.037808557590848786,-0.12014270087880034
1763.0,0.057216275525699745,0.08330326706279029,0.14291482192222976,0.11010033202203744,0.10098891620753077,-0.007079502493710062,0.07927404312749553,0.05727698214040213,-0.04092742086148907,-0.15363906062044982,-0.04731729653177139,0.04180681740114062,0.041515265995644236,0.08635503048391693,0.09817818765017297,-0.11538631833846813
1764.0,0.019052987609611365,0.04173207201244713,0.12734928783575322,0.14004298095701628,0.10534955180018715,-0.07274779865829795,0.06501166333285156,0.05247317747341611,-0.0393405663862706,-0.1471744422398346,-0.016402913755338387,0.042415127119831655,0.012992403781206557,0.05805657784223793,0.16345658237933683,-0.0964668080214959
1765.0,-0.019148918534242523,-0.005085645037689625,0.10584387712051783,0.14900385581908598,0.1066380923309473,-0.11863457707321866,0.03470446169889763,0.06445684945393794,-0.04523109875112356,-0.11117298278487142,0.024880585292442862,0.04680352011221641,-0.022967980666898567,0.001800515795799418,0.21854755815969976,-0.0684008726004905
1766.0,-0.047795234770450265,-0.0470393477761146,0.07951609040231507,0.13844716850432962,0.10886960539794782,-0.13172755051768456,-0.005418266519649849,0.08601741013700172,-0.05853288885725606,-0.06122212531550351,0.06521500543828004,0.05195574311443574,-0.05737916099347507,-0.06654252704120146,0.24919881747367179,-0.035525533592989725
1767.0,-0.06032509694067619,-0.0776406416661689,0.052702361329389116,0.11466026863041429,0.11341444778517512,-0.11351788320149198,-0.04752976086803494,0.1054913087661739,-0.07352241090464268,-0.01303414137097161,0.09559074964193624,0.054004646929657056,-0.08219178487302095,-0.12665281153789237,0.24624314930917812,-0.0005847470325561364
1768.0,-0.055688448165805225,-0.09680701398709197,0.03216502432757204,0.08566502930888492,0.11813429532280326,-0.07601487715919905,-0.08415425234266094,0.1113686508942742,-0.08201335906358088,0.023827032331531734,0.11144793816130925,0.05022371915389463,-0.09328166197011716,-0.16175694717894898,0.2086476643154948,0.03426788180831805
1769.0,-0.03865522176012411,-0.11047636834327952,0.02301973850905105,0.05857403457889869,0.11822589021048642,-0.03377895789233102,-0.10980268667202465,0.09758386585167528,-0.0791411326614777,0.04760198033476443,0.11285478884298489,0.040115930516914436,-0.09208505970067747,-0.16471055464111264,0.14390329635372412,0.06579438560211727
1770.0,-0.017776779839088264,-0.12696601324035162,0.025562366042269958,0.038099923744681664,0.10827016093797286,0.002136932697522052,-0.12229281508573732,0.06598388863454073,-0.06742946111392763,0.06143954832213759,0.10261617119022622,0.02514839566091555,-0.08549339894836795,-0.13954423009809708,0.06548788600138224,0.08935131663883612
1771.0,-0.001958267187532786,-0.15188009890533902,0.035769434820198856,0.025945061197971984,0.08495707721476066,0.025926648314169937,-0.12370222435649396,0.024768912322787055,-0.056133497926757314,0.0688166353685647,0.08372650804024745,0.007974222941706573,-0.08321694189377485,-0.09849627496051767,-0.01116321334783705,0.10043891964068231
1772.0,0.002719834736185412,-0.18387588576919142,0.04800903483678818,0.020838886652521347,0.04929666082357532,0.03591762880828746,-0.11967648603718319,-0.01567188646725839,-0.056092016343607456,0.07062319260177148,0.05804307033081314,-0.008035617077519505,-0.09230030210888308,-0.05660847973050427,-0.07228166533660337,0.09665251136526033
1773.0,-0.005288874977025371,-0.21338825477523962,0.05675659899852345,0.01926656415231094,0.0066896336882453795,0.03302432685146538,-0.11599729521843964,-0.047378128896675656,-0.07333358285733932,0.06510387466221214,0.026839489642477937,-0.019451541146254598,-0.11136279146690736,-0.026038094145962143,-0.1083242318173921,0.07868107553091898
1774.0,-0.023056998068569378,-0.22598130225545118,0.05645562176539641,0.016711164287586625,-0.035530909106503625,0.01995732572503571,-0.11437988163697248,-0.0674921890804751,-0.10517824425823026,0.04974502280167751,-0.007646944474652497,-0.024357501272050514,-0.12944419208116253,-0.012025351825728526,-0.11565179396115838,0.0504130236648748
1775.0,-0.04460181939878527,-0.20939512199067523,0.0414526870551032,0.009095063115720938,-0.07141922648601848,0.0013537943252827642,-0.11135843481552343,-0.07733058958335479,-0.14053135924604251,0.02358076066463379,-0.04128400603101151,-0.024060712185025694,-0.13188817822667379,-0.012394779822231281,-0.09727237742209462,0.01841077288972016
1776.0,-0.06305506637105683,-0.1602229523818498,0.00800655606780981,-0.005736740695208145,-0.09837088524177956,-0.015972779632672792,-0.10138434846852454,-0.0790714993582632,-0.1638849497354726,-0.01163424457153607,-0.06878603506962847,-0.023188144889435252,-0.10997981084166916,-0.021033901440565488,-0.062398732987386164,-0.00964343162930145
1777.0,-0.07313020619352813,-0.08647661486540346,-0.04209988795098741,-0.026739739705895712,-0.1168505147950421,-0.024332963733993455,-0.08115748354919798,-0.07322168142523512,-0.1613365200193076,-0.05192508528410556,-0.08573690054326796,-0.027339411025773162,-0.06730208705607296,-0.03266926678572075,-0.024349565446912722,-0.027442839439292217
1778.0,-0.07318594627952377,-0.005231541661756035,-0.09927958950974661,-0.0491987878781177,-0.12863081192895226,-0.01875043960042901,-0.051843680093062686,-0.05877304385440545,-0.12628051517222388,-0.09211296008955892,-0.0905043759942235,-0.039425783709591294,-0.01782113890960822,-0.044841318512739974,0.0035491560826649547,-0.03225586774209454
1779.0,-0.06577101384295019,0.06326464900995189,-0.147846404342715,-0.06569994344451069,-0.13486870081872976,-0.0009649781604287671,-0.018672301209417486,-0.03560099864856952,-0.06256850726925499,-0.12641685762777494,-0.08482452232568843,-0.05710346246636247,0.022481782554154596,-0.05614171999940556,0.012666227157884187,-0.025720922050658675
1780.0,-0.05600360941102234,0.10280394232867104,-0.17175946663560596,-0.06866767661589335,-0.1350626172057703,0.019807711848845357,0.011015078875563737,-0.006882359401268815,0.016086420455573625,-0.1491694114240512,-0.07251509949427733,-0.07311497384301663,0.043933943909228966,-0.06371626041985087,0.0016353489065000972,-0.013379100802826635
1781.0,-0.048459583321504296,0.10710462418684719,-0.16201030463093366,-0.05374238309278912,-0.12740722178247543,0.03134631837525325,0.03100332385901935,0.02108476272841667,0.09057690294313989,-0.15586344148116762,-0.056876873535139906,-0.078476037428283,0.04698147954460565,-0.06273223572541319,-0.024104417528982805,-0.003444406692917617
1782.0,-0.044375352281048976,0.08179885510454114,-0.12179271648257234,-0.022474026294230266,-0.11038414364154626,0.02543889879810001,0.040081212309295115,0.04201417415928609,0.1434951391006139,-0.14389377239253495,-0.03898697588797906,-0.06676629714334191,0.04100870224594395,-0.04806088338595894,-0.05422259973228921,-0.004409135404706717
1783.0,-0.04099573864657881,0.04137770463701356,-0.06579369239613322,0.017337249091293555,-0.08454274771200714,0.0019459331360993605,0.043464038258991686,0.05288980818867867,0.16582812227328295,-0.11317839958844336,-0.01897612865644625,-0.03718196749865343,0.03877904037188761,-0.017485387193085733,-0.07588634041271164,-0.02119045560646789
1784.0,-0.0335925809200413,0.0024779610716715483,-0.013281840758985945,0.05423755192333381,-0.053150432435388355,-0.03270755128370594,0.04921359968040573,0.05442122150324102,0.15965157219676088,-0.067201565037372,0.0008312258312844175,0.005103120852755986,0.04828905470121659,0.024978765187410983,-0.07744062902592556,-0.05162028594004878
1785.0,-0.01878987866082062,-0.023104677459373522,0.020642439180115053,0.07746972422785145,-0.02124779747100597,-0.06995268208788193,0.06215574552537604,0.048909692250914495,0.13532644073482275,-0.013610414521212215,0.014782285237630996,0.05098239388020807,0.06686634460667291,0.06822666861608113,-0.05335396216808568,-0.08641815845460371
1786.0,0.0028875613443516876,-0.03228877666330123,0.030219708996802215,0.08090935975621771,0.006138872628492923,-0.1023626145196095,0.08039419630511145,0.03806473838008539,0.1051696081317326,0.03689380012407517,0.017156333467715584,0.09060790932490663,0.08232788371032215,0.09743657138475695,-0.007830467621766452,-0.11355915552964274
1787.0,0.02634941425392339,-0.03013215325416071,0.018845716672744987,0.06467816183233946,0.025354183810029355,-0.12462198610881038,0.09613583394647573,0.02249283560382298,0.07766933847845522,0.0732142963074611,0.00738056431323673,0.11646212314409299,0.0806824122869252,0.10071593920694516,0.045770224392551184,-0.12392657931073146
1788.0,0.043451810565943674,-0.02594030837901773,-0.004745060358296544,0.033738113740144605,0.03447341169102556,-0.13331810884602383,0.0994610371831796,0.002660520031248652,0.0555850290298028,0.08717190886764287,-0.008355612481164383,0.12500150363131676,0.05450488035681181,0.07585572627997345,0.08979045065275006,-0.11405239716730584
1789.0,0.046623651240166444,-0.02830730905719877,-0.03148618569708598,-0.005166158999341668,0.03327954539512141,-0.1266067926416128,0.08383660532142787,-0.019727986446202012,0.03812968296525623,0.07654787153048412,-0.02144379346969972,0.11613316458796995,0.006414537228865283,0.03313981331619135,0.10896828919827552,-0.08492761927656216
1790.0,0.033242804879650846,-0.041105117070277364,-0.05561118938417248,-0.04546001461367159,0.023577328434585904,-0.10433956069983763,0.050947840946032136,-0.04127338979055807,0.024262280881479983,0.046257496336748014,-0.02704347021750585,0.09158804900490732,-0.052995420378616716,-0.008601431895142255,0.09619820911006746,-0.03948367193004962
1791.0,0.008254812493603944,-0.061799974688025484,-0.07465349194353331,-0.08030804542789122,0.009573918860960583,-0.0686339433397144,0.010885567453188413,-0.05813770883715328,0.01399643000984352,0.006358377779224319,-0.026422594887017915,0.054159875828697,-0.10971600379697052,-0.030938563087575817,0.05525648074037249,0.018336420450534126
1792.0,-0.016834428168518878,-0.08254963299365083,-0.08638932441109026,-0.1016838183613668,-0.002560679941245788,-0.023416760413808028,-0.022850584543735005,-0.06795818860064609,0.007548654818338572,-0.03218271196064188,-0.02455547918721862,0.008356163419177743,-0.15047740222968944,-0.023791364069456394,-0.0008481312487695392,0.08256086016980752
1793.0,-0.028710273041215876,-0.09345446937524729,-0.08650971392126904,-0.10180042374077274,-0.006487427784431463,0.027940354186415696,-0.03931565274945503,-0.07050998508125662,0.004500102374428166,-0.06142039128465605,-0.026382557210007523,-0.038861562320219166,-0.16534758019630225,0.01201337493725094,-0.05566933147329766,0.14428258288326698
1794.0,-0.018774420625560256,-0.08698453995292502,-0.07012189499459998,-0.0772223403028631,0.0015381842218916406,0.08389041279261761,-0.033696812254866614,-0.06662911913422744,0.004453930871974378,-0.07803302181056163,-0.03440026000572131,-0.0787664957402451,-0.14911220283608698,0.06662996300641254,-0.0964827244189036,0.19283682065318863
1795.0,0.012112473416055283,-0.06238090166552586,-0.03609588637305016,-0.032699968770955934,0.020457968070888073,0.14113778691877588,-0.008809621397548326,-0.05676929311067172,0.00825525009231639,-0.08232087145401283,-0.047721276008755024,-0.10314490545661102,-0.10257858569482203,0.12448128370169162,-0.11864433728763854,0.2187483111095715
1796.0,0.05366467640776179,-0.027606184237849947,0.009715060550622958,0.018820823313821424,0.044684438663786706,0.18884108424705953,0.025069580649989952,-0.04119000234391123,0.01772331248248337,-0.07608908388280997,-0.06238898859298168,-0.10702020014512549,-0.03380436638589269,0.1679981038954172,-0.1250336627119293,0.21650189874110173
1797.0,0.09117388217265227,0.0037102826062779884,0.05551098344360849,0.060909837412625484,0.06730523059097979,0.20825603859160288,0.05305560582448788,-0.02212525182417215,0.03350280705279668,-0.06136141388147508,-0.07329999394962193,-0.09052157962366537,0.042669568791401116,0.18223961878463094,-0.12194001039742347,0.185910828849562
1798.0,0.11258897888678772,0.01961758403854758,0.08848773077266167,0.0805062808146503,0.08409545597519455,0.18110048875282717,0.06093341351985293,-0.0053632447774937505,0.05312588428697391,-0.040441276539861,-0.07725390093297603,-0.05908030464856506,0.10980375862252721,0.1596368758508346,-0.11449973342743054,0.13205069315430462
1799.0,0.11357011573375929,0.016831063502773445,0.1003513416979106,0.07293824950076805,0.09502982365889233,0.10138458635244259,0.040763633959431805,0.001498265907648523,0.07127983863308616,-0.016218723297521647,-0.0749777897043824,-0.021621459739071147,0.15370098482076794,0.10297646727547285,-0.10485610359578007,0.06396879480072847
1800.0,0.0979968793583278,0.0026446393771255914,0.0901485847043784,0.042769751310794114,0.1019461463905249,-0.017971228688390288,-0.00506875994000838,-0.006681592951594132,0.08183461582680006,0.00811163489868299,-0.07004788608541204,0.012670824674782002,0.16811224679665868,0.02515890820542526,-0.09409979241678547,-0.007395072728609183
1801.0,0.0746024453399366,-0.00928395292507097,0.06382734804240174,0.0010263871364434287,0.10478671550596871,-0.14829131131806375,-0.06289764944790663,-0.0292894840488932,0.0801777490824994,0.02960403998185764,-0.06559850892958648,0.037244004501931084,0.1561802909542213,-0.05437867373680783,-0.08490249287206561,-0.0713324657420191
1802.0,0.052570654443916405,-0.006555714474745177,0.031941584734869216,-0.03919625080912562,0.10025994557072522,-0.2554242111614466,-0.11188999634265155,-0.05989529024622465,0.06533498692204462,0.04610748154780092,-0.062112911481060934,0.0490065243199675,0.1287854337809074,-0.11539171218739773,-0.08079119300464378,-0.11916293728927964
1803.0,0.038370331264533125,0.015357263646245694,0.006572421191980433,-0.06715505716075583,0.08403234417036856,-0.3111478360348498,-0.13323863742065842,-0.08874143776887798,0.04111836969976541,0.05681531814038376,-0.05805424267784218,0.04728505325889479,0.0992604209490355,-0.14306199964127855,-0.08269651995141616,-0.14583569459668777
1804.0,0.0340894089613538,0.05110741491902642,-0.002560675937277109,-0.07773091994309196,0.054329902886858746,-0.3016199471972672,-0.1193953857700907,-0.10592678328069408,0.014656895485480029,0.062317229314473026,-0.05200601873212944,0.03269413686447955,0.07682764066607002,-0.13305139698882282,-0.08702432442696723,-0.15104311712850704
1805.0,0.03686408240694512,0.08876839411347305,0.007494231564111216,-0.07222440927909128,0.014435295195900963,-0.23120077569317712,-0.07657333394113236,-0.10421893097602175,-0.007711709325115437,0.06385701723966863,-0.044208680534309125,0.006994871057998032,0.06360042409877117,-0.09341146945988352,-0.08725176876458238,-0.13881313486792385
1806.0,0.039913399851412186,0.11608563383027741,0.030389579148252265,-0.056276523410493856,-0.02721543110865426,-0.12065270277299095,-0.01938008772330814,-0.08089795987489917,-0.02427360847830075,0.06251096755942843,-0.036703766592238486,-0.0263644514357313,0.05693674559228972,-0.04159913406094473,-0.07745045424175738,-0.11515245305203135
1807.0,0.035759723578277634,0.12592499961285042,0.05305001268044601,-0.03646553596718855,-0.05965937545559631,0.00024528010557477213,0.03688753764261844,-0.038085719188818166,-0.03825927645209613,0.058957470542562236,-0.032246187467959146,-0.061658379042061166,0.05360328816651946,0.0029906503893060957,-0.05528485348139623,-0.08508059546647964
1808.0,0.020503281066508124,0.11797215015610509,0.06292592642428382,-0.017825171180796833,-0.07397764356863248,0.1031624335857056,0.08055154522960951,0.018034949916743596,-0.0543471547372038,0.05359344808706743,-0.03236065879061389,-0.09106103303716685,0.05180453292506943,0.027093814100759898,-0.023111159376340968,-0.05128568850078905
1809.0,-0.0035363727805154893,0.09656194544952332,0.05473240242409725,-0.003236222766630469,-0.06759053338324457,0.17013018429081336,0.10381941884885296,0.07802504161797641,-0.0741898322217456,0.04658208411821481,-0.03574949017618263,-0.1064117563816087,0.05075886369200562,0.02738127415850377,0.012760388740440054,-0.015228399779603495
1810.0,-0.028715915786447284,0.06727065928108208,0.03193807859166602,0.00594838745080975,-0.04575991158698523,0.19706062667345728,0.10246713717522796,0.1299206966111345,-0.09422305707984113,0.037974950895026935,-0.038635868315467364,-0.10226731590180772,0.049798476342211864,0.008832605058068904,0.04430971309413783,0.021136087059474035
1811.0,-0.04580552619794586,0.03500468739383063,0.0033264863758375213,0.00928739844918482,-0.01936863091388268,0.19143190491703918,0.07732185696645749,0.161037533680085,-0.10704568663607508,0.028095903533648756,-0.03696241842062189,-0.07859975839484218,0.048264726723684495,-0.01923957209715008,0.06540492036255201,0.05517807782933791
1812.0,-0.048337075166013405,0.00420994371900451,-0.021629739481564148,0.00746881514237501,-0.00010799922003191757,0.16614487131472475,0.035727382249956426,0.16155681272458194,-0.10539535350240324,0.017724175081032915,-0.028693362264061103,-0.04128816119500912,0.04578167473610647,-0.046635582387381684,0.07490901920063013,0.08421900789133156
1813.0,-0.03565137022522891,-0.019991915011966784,-0.035868858588335537,0.0030266337832496534,0.004473799337561492,0.13235107262349605,-0.010055403884319688,0.12880361671427462,-0.08613515891877561,0.00765836407710178,-0.014678366692491973,0.00024223408390275375,0.04166623828006587,-0.06489855567366086,0.07633750419940138,0.10511705335513234
1814.0,-0.01325683699456823,-0.03163863038386988,-0.03590766191647627,0.0003764126655508966,-0.006468631797677446,0.09537757709064607,-0.04745323849586937,0.0697363554922978,-0.05168526190713107,-0.0016851671580278154,0.0022099840669116163,0.036907372967223864,0.03271945578137727,-0.0693895648650829,0.07422592975512879,0.11364541470380997
1815.0,0.00983323789160854,-0.026163144741850858,-0.021455387963639484,0.004459840122097384,-0.02786180194340708,0.05693118640479703,-0.06827001807742257,-0.0005169753282136172,-0.008590482048304642,-0.009875236997017789,0.0186911057372663,0.06306074690354585,0.011277263752075467,-0.06009903881362724,0.0708037555331341,0.10572229364231824
1816.0,0.025170667543714723,-0.003997154331602865,0.005542245680527123,0.01836982664835991,-0.0517665976125538,0.020859094613995183,-0.07059214505921615,-0.0640132695724443,0.035013456736182134,-0.01584940521281808,0.03252446937734231,0.07738733714700856,-0.031937303947673946,-0.04052377744737923,0.06520194095110844,0.08012871402329368
1817.0,0.02808860606205336,0.027798014178348138,0.040929147289896696,0.04107059781207657,-0.07074265000527781,-0.0044921103081959025,-0.05728788303920357,-0.10658794311308853,0.07172045660172911,-0.018138730775660774,0.043874906643506024,0.08167938264357523,-0.09918990539239066,-0.015251716999946853,0.05450237649692817,0.0402945494456055
1818.0,0.018864713514931224,0.05786494122724542,0.07735617163071491,0.06661875418400874,-0.07989613283126033,-0.010397116603872538,-0.033097474670013685,-0.12230865305217944,0.09684848800864206,-0.015805827825219505,0.055991467566901945,0.07857671680820928,-0.17838431715036207,0.011832702698106407,0.03566933637962597,-0.006420399369559472
1819.0,0.0017103532444656215,0.07556848563310448,0.10406612914082908,0.08581201302862308,-0.0773096917636519,0.005849868870885689,-0.002635726609256409,-0.11378479169015883,0.10962703236400752,-0.00901894484024042,0.07352383775801283,0.06973075567533926,-0.24500311629206323,0.03731698511704899,0.00775763338169586,-0.05129389188243788
1820.0,-0.017574698290519386,0.07587936142429727,0.10927047642749073,0.08980798036861723,-0.06384514951654828,0.03850024221935032,0.03014187580556668,-0.08878932547688069,0.11261563535098153,0.0012407642291071843,0.09886333551744562,0.05533299946641463,-0.27287282036797544,0.057148099789517175,-0.026859417093347476,-0.08682874300306208
1821.0,-0.03371943551313661,0.06134141698479411,0.08521257499995678,0.07394013394728668,-0.042915699251029005,0.07646072157419809,0.06146747376016758,-0.055859486548688594,0.10952880035448324,0.01372663410045397,0.1297817589907429,0.03507324300482476,-0.24624028394299102,0.0669972323211543,-0.063255077381594,-0.10812710736566611
1822.0,-0.04297638550114509,0.03958612641987269,0.033115698702766275,0.03991778309877837,-0.019626342006994906,0.10847245318278442,0.08699474442865436,-0.021453270807944264,0.10295673122417927,0.02696563324704061,0.16049508846609437,0.010086129034601462,-0.16677073452551677,0.06397863626576829,-0.095747243231358,-0.1131443930404995
1823.0,-0.04340774122190068,0.018122770524772944,-0.03597511772090654,-0.004467930141697974,0.0010394593547754698,0.1270134651289879,0.10196032143936772,0.010850836175255056,0.09354221273751752,0.0388730575005302,0.18457506046976252,-0.015306419468478993,-0.05367580208987157,0.04727915750820323,-0.11862021778827495,-0.10279278711231363
1824.0,-0.034970518998262465,0.0005909135515287176,-0.1053195867032047,-0.04813077982449833,0.015872434796042813,0.13050999762215043,0.10278710886927314,0.03972191257616752,0.0809629184314993,0.04673632563838445,0.19724165786632564,-0.03421233244615043,0.06239993267816465,0.017067031152195253,-0.12588334992020975,-0.08145126160865426
1825.0,-0.019283425558488377,-0.013117487674881986,-0.15856327100236295,-0.08085491728044579,0.02356729937123918,0.12387143687440656,0.08890427955291072,0.06437971740701609,0.06543545227442382,0.04814748075926878,0.19652280598585004,-0.04111605012357083,0.14994408124186195,-0.025866693881630785,-0.11250503241860532,-0.056865744165392466
1826.0,0.0010935434355956151,-0.024012989811517067,-0.18448584597691686,-0.09658249043707912,0.023707771225957512,0.11593563729052557,0.06349401392437987,0.08287482747807486,0.04843516678190437,0.04255288642035487,0.18354724435088923,-0.03626044804240407,0.18763661614094623,-0.07814956614869922,-0.07739415226906131,-0.03791321738777709
1827.0,0.023737880146349588,-0.031175427273366942,-0.17904615386843123,-0.09411772875084154,0.016462708084562468,0.11342464342567395,0.03301805212403656,0.09221575507053503,0.03259630384138874,0.032259881751736205,0.16167521371726046,-0.025920115434568406,0.17095157430938948,-0.1316263015757197,-0.025277515109161607,-0.030920244697071435
1828.0,0.047122723872968224,-0.03138142746519506,-0.14492149247746283,-0.07574604598447408,0.003641409518604461,0.11493660741447766,0.0056125122559436205,0.09052818478392545,0.020989421622581175,0.021747922877913967,0.13458552582941588,-0.017883834548609943,0.1119969573065579,-0.17376140212936672,0.03426911388564753,-0.037299387472318035
1829.0,0.07005965857980226,-0.021920929469559633,-0.08966905665514194,-0.04563315386474408,-0.010541512442270905,0.11055707757386563,-0.011251950180536447,0.07883952617244606,0.015834089639579167,0.015344963366891238,0.10443938847166387,-0.01612907193418613,0.03404060734761913,-0.19107392293034028,0.08976998645041909,-0.053739198220074
1830.0,0.09013141026401857,-0.004339605258159995,-0.023630470528966756,-0.008980973577887146,-0.02050723655648776,0.08850493788319819,-0.012869480234351818,0.060425995735492226,0.017283947311940683,0.014908160708314029,0.0713988346009337,-0.018901488144933705,-0.03685868218709518,-0.1741722557569827,0.13145997631395306,-0.07367291980961248
1831.0,0.10298757237852914,0.014792121034894684,0.04203112440847137,0.02843944289569599,-0.021613492365886305,0.0435270114633204,0.0011996761045761284,0.038431347097217086,0.02282581830736376,0.0192293012399671,0.034946654133233744,-0.021173042903461243,-0.0810672357081271,-0.12225689585497891,0.15422581341741937,-0.08913219132248543
1832.0,0.10358091998733339,0.027623575737653425,0.09701574721799472,0.060864517195280535,-0.012327307345654208,-0.01908790373748626,0.02618354347639954,0.014024905054163242,0.027234185986452653,0.02524095968244763,-0.0040193549852082225,-0.019007196323391366,-0.09190162340686031,-0.04487726631120018,0.15809698920152218,-0.09322478981087182
1833.0,0.08848944624122285,0.03032959544358542,0.13307212466244597,0.0835436143549959,0.004638022625393641,-0.08504916772922415,0.0526456290479569,-0.013581990990345183,0.02343315782573476,0.02974377111365129,-0.0421595045970855,-0.012166249417961158,-0.07577999347001162,0.040344051787758496,0.14596561204478525,-0.08259866407200604
1834.0,0.05798319714873138,0.02549579341220027,0.14485958269701962,0.09422724320630804,0.0228898560070888,-0.13598488512490395,0.06965919723423769,-0.04548374904126872,0.0050448364998359405,0.030457474921336002,-0.07441187382849893,-0.0034465945211374907,-0.046790229704316136,0.1136002001052339,0.12092096700872389,-0.05851262152569216
1835.0,0.016847658642102012,0.020028006440618865,0.13073744556117353,0.09400441209730717,0.034749855353590535,-0.15589871058172064,0.0698283062860435,-0.08075571107323039,-0.03014791168152725,0.026122973270621175,-0.09568815189679483,0.003617425885600246,-0.01983798585242998,0.16005938998264085,0.08554600241559976,-0.026097643566572203
1836.0,-0.02692168143160673,0.020605806840354252,0.09323488383864866,0.08609363309336773,0.03429643463964353,-0.13788950405011105,0.05320043085820056,-0.11497308761880179,-0.07866447910144916,0.01624799740411913,-0.1030599089678106,0.006396671266799608,-0.004625585097384618,0.17492030040826118,0.042868050351561486,0.007696920819160389
1837.0,-0.06537682004187007,0.0297481922747826,0.039063527079642744,0.07326051155356592,0.01939703142849146,-0.0887019435872788,0.027303601288113225,-0.14106709776968598,-0.13307748333514025,0.0011774403776893397,-0.09798537089443597,0.00357009423878239,-0.001318491030778579,0.16379470635250426,-0.00267710138468206,0.0366783098573656
1838.0,-0.0936506776206974,0.044356080706578926,-0.021354789687859733,0.056257980671337124,-0.007780205672880989,-0.02767231780638518,0.0030512349779547483,-0.15234698818345957,-0.18461571826772782,-0.017443003103380525,-0.08673096202655933,-0.004737917872229802,-0.000729003993636537,0.13817751401844344,-0.04526325862208203,0.05744745139500232
1839.0,-0.11056464414884078,0.05701540830875736,-0.07548220109748055,0.03466798510613791,-0.04109064771459948,0.02087222722995432,-0.01125080908963917,-0.14575807602769858,-0.22431762253494217,-0.03634893005827885,-0.07763158449284259,-0.016227606150765992,0.009129806688846867,0.10885467490041012,-0.07864927419032157,0.07019599814227659
1840.0,-0.11735393521856384,0.05948647324792359,-0.11165068575714976,0.009203927038169763,-0.07138892227126808,0.03802618262403173,-0.014456814561019084,-0.12350060169488493,-0.24398077170145732,-0.05125864981737989,-0.07688335461599738,-0.02604710504943516,0.03409719607235087,0.08184032224290938,-0.0973576732730383,0.07809390982614421
1841.0,-0.11678094967286165,0.04685728046276021,-0.12255133410093574,-0.016681712701926556,-0.08911229440382379,0.017953446218272117,-0.012993223105266818,-0.0922054239525704,-0.2384868845105325,-0.05864676707416915,-0.08590438900318416,-0.028435780325521312,0.06964022443872359,0.05914059403257961,-0.09757633858814183,0.08501453205400339
1842.0,-0.11315360718725401,0.01980886785981493,-0.10805295020684803,-0.03743775692223371,-0.088404982541377,-0.03074858308027799,-0.016879857393013065,-0.06001523631839636,-0.20814975331833205,-0.05763368149095409,-0.10142785988869817,-0.019689322169562366,0.1041813155587188,0.041913467814158924,-0.07801658372130955,0.09215817853112304
1843.0,-0.11155132829814271,-0.01661768849964241,-0.0759810757452625,-0.04805255253531306,-0.07027490593839698,-0.0902186356287766,-0.033763734191322364,-0.033222333635328866,-0.15900414885089492,-0.05033417184993608,-0.11739832517727938,1.4596289057136837e-05,0.12618102690907024,0.03196541481131575,-0.041031981879101745,0.09608209584605916
1844.0,-0.11528373664091741,-0.05630729329167546,-0.039459577422297866,-0.04683350945820611,-0.042298152457983934,-0.14206642646180823,-0.06420136178624548,-0.014370026262087538,-0.10100372217545714,-0.040279156903200226,-0.12722574743130757,0.026658671780466738,0.12932917083031675,0.030656866550562205,0.006105019357025135,0.09060297938353605
1845.0,-0.12320792521392161,-0.09405099876599235,-0.011357380422292028,-0.03648390721355802,-0.015089226921801438,-0.17453559565277296,-0.10061894989408966,-0.002307358691322771,-0.04532482167779351,-0.030261603685629617,-0.12536279088943383,0.053267259245545144,0.11336430146025729,0.03726410127044879,0.0510868118597266,0.07168856006157544
1846.0,-0.12958288467102064,-0.12476111475216242,0.0008027098200357363,-0.0230094721048072,0.00211432894218709,-0.18439563205683066,-0.13063042084611354,0.006351046947063441,-0.001445024017603007,-0.02119582528572214,-0.10802099405283877,0.07131135273795197,0.08183309033214153,0.04836375956159,0.07972527916014113,0.0411995881444866
1847.0,-0.12715881205240034,-0.14215358897030556,-0.0038782744820507545,-0.01305745808696373,0.00453110520673015,-0.17435311775730378,-0.1426761735517906,0.014795096638372016,0.025719542295422098,-0.012461446001699987,-0.0736678157703864,0.07305117510549641,0.039769895984174804,0.05874211263905807,0.08207091034524941,0.006208409396467153
1848.0,-0.11137464934270537,-0.1397360632274935,-0.021961836916109784,-0.010740655400153398,-0.007002815652040952,-0.14965518023392116,-0.13042325252518208,0.023572242054962243,0.03751657468875721,-0.0031475787290762354,-0.02392001781002457,0.05437381115337303,-0.00684538129540954,0.06419480118373304,0.05750902861886859,-0.025241815336150723
1849.0,-0.08284906786545282,-0.11386533272448097,-0.048235243030842645,-0.01563814366502686,-0.026359963844000862,-0.11638521101705336,-0.09430498859049374,0.029948099603731522,0.04049318137965236,0.006763435332864715,0.035546516398532284,0.01678508147885925,-0.05067815934161286,0.0647648686865868,0.014944533261444012,-0.048271125628911705
1850.0,-0.04701229134565543,-0.06635781601585101,-0.07636873322627645,-0.023535514594142222,-0.04390048820447673,-0.08109180674182136,-0.04088656035141794,0.029919327820845495,0.042546509312016915,0.01602012961021324,0.09544560517141314,-0.03248229682544809,-0.08349984046076828,0.06510984390189047,-0.03172846230435699,-0.062294630726682225
1851.0,-0.011760619521334306,-0.004876432368545856,-0.09881884752932972,-0.029410290993022815,-0.049717675503766885,-0.0501319593803089,0.019536926243774972,0.021516189563074467,0.04842755352187352,0.022593652518599253,0.14546002900664878,-0.08228000738901049,-0.09780165407397692,0.07115150253249201,-0.06919859352637926,-0.06911060872415421
1852.0,0.015376229580375354,0.05880717532288908,-0.10826012629490317,-0.03020475829446725,-0.03738268100768741,-0.02809509392682074,0.07639458375347809,0.007151948964275123,0.05723924867041297,0.024655340484923263,0.1776461732214836,-0.12059689120290157,-0.08878019609614082,0.08585832614989987,-0.08812209642068146,-0.07004396769168994
1853.0,0.02979466313892188,0.11161801951110231,-0.10080634287420943,-0.025652952605701555,-0.006474669845468728,-0.016532097659855995,0.12113537393684241,-0.006469726667031943,0.06366216558728764,0.021786916520413084,0.18843155450910118,-0.13819608620206958,-0.05651091052354302,0.10677480018471558,-0.08412996104324258,-0.06410405366973165
1854.0,0.03169460822968709,0.14220804764762313,-0.07883985819853757,-0.017591534985361125,0.03739360947885151,-0.014661287107051757,0.1474170717563672,-0.011024109108616887,0.06204290037136793,0.01573673737574372,0.17824788651586326,-0.13214659938763684,-0.007913516526459295,0.12600162293618003,-0.05795028838867116,-0.048256506071235016
1855.0,0.026218382691828787,0.14373549587865336,-0.05080214083571864,-0.008900780045018385,0.0848286049052171,-0.021269260196183224,0.15071551324254193,-0.00045005188505254436,0.049507291558786005,0.009434856790304709,0.14969250346624471,-0.10753484317549582,0.04341480305196828,0.13292201569160877,-0.01507893955484759,-0.02016854803458345
1856.0,0.02087909657657002,0.11603887268950408,-0.02749599602054871,-0.0025931911067360544,0.1257425614748876,-0.03473310137217107,0.1287405664868657,0.026164122373641945,0.025837779500488562,0.004570863124630167,0.10615270674187435,-0.0752719456928127,0.08110333735785771,0.11932899641498262,0.03583775436729807,0.018443399103920035
1857.0,0.021429585473989134,0.06653103321229062,-0.0172689577919742,-0.0012539500734500683,0.15213119056447758,-0.05038545118475848,0.08255882086416264,0.06422483804389435,-0.007556577795420619,0.00030468159461274685,0.05194723878647889,-0.04652923522994536,0.09225039002236518,0.0844843961831467,0.08609501659639604,0.06128051279990618
1858.0,0.02927545790144571,0.00843156310547484,-0.022495133113881623,-0.006821659541055349,0.16008120267550577,-0.05897926013747357,0.017637624883401485,0.10551349208822364,-0.04712395944943302,-0.005456326127700251,-0.0072335313747959725,-0.027703408372232098,0.07242982656712874,0.0364924018123745,0.12995328661858546,0.10029605506504224
1859.0,0.04221667335944195,-0.04407482263397496,-0.03802325274064564,-0.0200684784133921,0.15036354099710364,-0.05000797359019832,-0.05603971510823406,0.14081560324644513,-0.08624611106571542,-0.013742667391261312,-0.06504085982194437,-0.019319488320419794,0.026836422058907905,-0.011471321736322947,0.1652819294162742,0.12884101818309435
1860.0,0.05707149251613254,-0.08127827523326628,-0.05229943933313752,-0.03938640045048821,0.12712121070175394,-0.018310757498337864,-0.12534580509205825,0.16217860402187048,-0.11603676643149731,-0.023208502512546025,-0.11556418737794155,-0.018452395596682627,-0.03247704669889623,-0.04778845617908981,0.1911156578558379,0.14300466695934907
1861.0,0.07157638423329947,-0.10033635299073151,-0.05218243572358539,-0.059993498135905834,0.09554717572770959,0.03152434803037413,-0.17672499748318604,0.16443776597899737,-0.12790390449484765,-0.030428370418441198,-0.15337663820755582,-0.02192759782390236,-0.09128606775408393,-0.06772312507400992,0.20454663580724322,0.1417752638768428
1862.0,0.08449721147903835,-0.10341423749445391,-0.029679555826812375,-0.07514363551915129,0.060258318131480686,0.08646892863003428,-0.1997302717648059,0.1460097368186632,-0.11643077240896878,-0.03164742624269153,-0.17311003135143696,-0.02818854261538013,-0.13734023922374752,-0.07433167470392496,0.2005928381706376,0.12701967107693857
1863.0,0.0946279724082801,-0.09400039764220985,0.01389525676923449,-0.07905971572440751,0.024980722252590494,0.1308175879012854,-0.19066752638319456,0.10917411569866387,-0.0816111269453045,-0.02562447102098837,-0.1705351073515045,-0.03701807103158439,-0.16272585325425284,-0.0750230500425916,0.17598445223983775,0.10327699645194098
1864.0,0.09983660569901216,-0.07503517554674503,0.06894076095105296,-0.06938976204211936,-0.007168853454195308,0.15258389626201532,-0.15474079878169247,0.06005013354053483,-0.029899876642002395,-0.016101996151693873,-0.14556512030067523,-0.047569843120840255,-0.16490891109937028,-0.07694550287811462,0.13367209030996566,0.07679632998860361
1865.0,0.09711389443306759,-0.04996809298094038,0.12220489346543285,-0.047621936157106914,-0.03363951512219514,0.14742329863363662,-0.10499273533409027,0.008047738303448196,0.02683958741582673,-0.011348034471630753,-0.10465084730947112,-0.056528518548477937,-0.14712720198573065,-0.08439601251024585,0.08370615526241154,0.05378948347946893
1866.0,0.08408674248879218,-0.02430849766179775,0.16170375755599176,-0.0180087544391501,-0.052830231893033236,0.11888767023048585,-0.05813088380719793,-0.03615095304976854,0.0747880394242126,-0.019681604844926412,-0.05944024116210366,-0.058233046867183155,-0.11740531822914396,-0.09864958421002953,0.039333141703963584,0.03873984750599825
1867.0,0.06118611857882151,-0.00477081191153182,0.17982522239492948,0.013908034827529945,-0.06422793692581223,0.07540018846517575,-0.02875935195936082,-0.06460049905013006,0.10303592379065098,-0.04347509674967979,-0.02178627237410385,-0.04690259481784525,-0.08505408442009062,-0.11845524471002691,0.010981124654045776,0.03309883765020915
1868.0,0.03243339026155854,0.0039022651231429267,0.17460115190799974,0.04289628125241522,-0.06768080529312342,0.025845256497734188,-0.023739274180861216,-0.07590944295543799,0.10807742229037909,-0.07621721293533672,0.0012851173675098434,-0.01961247875994157,-0.055875511328799685,-0.13989642599196528,0.001600639435549585,0.03419336604849955
1869.0,0.0036439311901465027,0.0015044193721881181,0.1496532113866843,0.06524004939261394,-0.062649955693979,-0.023390468041433476,-0.038938579478360866,-0.07527760308540071,0.09554813470815371,-0.10525259734084869,0.009327499733790604,0.021550518259969922,-0.02970442605144312,-0.15638516657833257,0.005547136688187579,0.035363293385267745
1870.0,-0.020572386329104426,-0.008323702511788617,0.11235981391074593,0.078538439556382,-0.048755721852828435,-0.06827746781631198,-0.06065939870217543,-0.07040852430466857,0.07764956558650588,-0.11829889006468869,0.006794171537962659,0.06938592399682712,-0.002484714013772264,-0.1606693414896846,0.011538388646422378,0.028700937479776093
1871.0,-0.038392264029777655,-0.02144557768242677,0.07040845869045115,0.08046136650858553,-0.027344326688393355,-0.10525812303278331,-0.07186852422217198,-0.06674242312534974,0.06732994709515797,-0.10926728186822726,-0.0001655476779317986,0.11394655832232636,0.028833659534717955,-0.1489269248019372,0.008005593571945175,0.00953286965662692
1872.0,-0.049995720710173754,-0.035941686426160836,0.029264240547989553,0.0685893370408193,-0.0024946187215752675,-0.13067786732766487,-0.060490324891732936,-0.06514669483205603,0.07223481604064597,-0.0803816750985006,-0.00665725598518357,0.1461600707420258,0.062287839514644096,-0.12387980717406111,-0.012064750936769264,-0.02033923061265397
1873.0,-0.0558576506927885,-0.05193297730836921,-0.007101034110615774,0.042613649524783366,0.019880839346605197,-0.14242619659023717,-0.025623144964293243,-0.06259965408116142,0.09142533760065026,-0.04046954973880708,-0.010536843741341737,0.16050439017312484,0.09038697513259528,-0.09364416064172602,-0.04813686657436409,-0.05296315808975712
1874.0,-0.055983955902670364,-0.06938289843962085,-0.033833426463998235,0.0070396687369331705,0.03476186686567284,-0.14141520436500454,0.021880075884637765,-0.05467877882744625,0.11619741513194992,-0.0008814473136557072,-0.012113304259979635,0.1556378290613634,0.10326479435703366,-0.06703505216758258,-0.0911367230766949,-0.07778023197168424
1875.0,-0.05049229554361313,-0.08618852599068966,-0.045490717158379504,-0.029006206659601744,0.040493675843121385,-0.13087959113157766,0.06524853047106116,-0.0383455584374286,0.1341175322793234,0.02908784162134565,-0.013128923709182706,0.133724115307076,0.09381674841538297,-0.04960689149370855,-0.12606459459203778,-0.0860670781015001
1876.0,-0.04043913211075343,-0.09830892361793539,-0.04005231416546074,-0.055562966607120234,0.038714479493446634,-0.1140810754276533,0.09061642148365738,-0.013933340720673064,0.13433392614222822,0.04533908391167173,-0.015973916068351718,0.09957507018798908,0.06231653388760548,-0.0431049661836921,-0.13896937526258468,-0.07408874867672559
1877.0,-0.027891349350630687,-0.10212214942095384,-0.02190232058368982,-0.06607559572990204,0.032098783296985345,-0.09235955672888814,0.0933479425279291,0.014350560086982062,0.11217412538185402,0.04911771971412544,-0.022773194664120023,0.059801557543153507,0.017865450498467557,-0.04668680366243353,-0.12433335546234692,-0.044091165881903316
1878.0,-0.015458512022508622,-0.09689505603298089,0.000570433880557559,-0.059017377687911425,0.022383519498837847,-0.06547524586233708,0.07904335854492324,0.03991772558995135,0.07114458158224113,0.04438076256529132,-0.03421793390286959,0.021708343489350662,-0.024447476140630274,-0.057185611773564446,-0.0877071104196348,-0.0032822265710865067
1879.0,-0.005845584144229661,-0.08448586549480451,0.020433336219773907,-0.0370383307779479,0.010175309714758446,-0.03422468386823939,0.060173778251460294,0.056982687927767714,0.021304866820234122,0.034957098162433746,-0.048690100881247346,-0.007903529835133406,-0.04911289171290397,-0.06835976094885736,-0.04300971773419567,0.038587607289031926
1880.0,-0.0013760871010499698,-0.0662776233701173,0.03524674604507336,-0.005423450078690556,-0.004014413586040943,-0.0022148961254819,0.05016535632261555,0.0634293892815574,-0.02508003020035908,0.023841526833448156,-0.06167942597992472,-0.023719293179924477,-0.04628869273439241,-0.07121424518081239,-0.00716061521822012,0.07203401041444756
1881.0,-0.0033673513931903763,-0.04083736020846798,0.04599102313522059,0.029298234456506655,-0.018861941896816916,0.02598862763875891,0.05709224899065064,0.06116393877419482,-0.058200576808509936,0.014078374837715287,-0.06571625687033178,-0.02264241191126802,-0.016381937879739444,-0.056724638382637346,0.005910565997717893,0.08996824068791465
1882.0,-0.011530916224691266,-0.005352587732408475,0.05423743996546261,0.060542344251560846,-0.032196337487489235,0.04884383379020289,0.08046298252698525,0.05419155631156931,-0.07372357391266407,0.009096408240974714,-0.052203783703755204,-0.004274830788277704,0.030243262412752606,-0.020070167960632497,-0.009556788400764711,0.08871124999096118
1883.0,-0.0234128327911301,0.040042875490999254,0.060168747794993434,0.08250820582952263,-0.04151979944291423,0.0695122918722111,0.11289134603171073,0.046374514189413345,-0.07329160510560752,0.011514530682908097,-0.015840964201257014,0.028770993187568327,0.07952993605702513,0.035831358258787395,-0.04862147253921481,0.06813227961410698
1884.0,-0.034010858983654434,0.08900377430149697,0.062346434498886785,0.0909496188919549,-0.04445700483134425,0.09287533890762262,0.14414347460265822,0.04009938904521073,-0.06210496588912394,0.02147284103557675,0.04048029072075721,0.07063996369801873,0.12047764917427019,0.09939314417159725,-0.09727096668712709,0.031599797220521295
1885.0,-0.03662077833962115,0.12992711138542332,0.058524640939478054,0.08437190637357252,-0.039192308942579475,0.12055726205738505,0.16444799543342398,0.03611706139371224,-0.044967717516898646,0.03623459348242843,0.10416535989502976,0.11259072780514895,0.1465329086217645,0.1528780136126378,-0.1379555848243225,-0.01366053158800168
1886.0,-0.025923439192092793,0.15062709304632688,0.04674953834908283,0.06492870209859102,-0.025473242598189977,0.14879726572452667,0.16672909316304727,0.03432301387519207,-0.024293335516060003,0.051289934300431474,0.1567860662028142,0.1446297000277724,0.15323784173346278,0.177965591180657,-0.15650782620969197,-0.0566337505067565
1887.0,-0.0018413198542679928,0.14375581739168314,0.026792788685123893,0.037736527769965354,-0.006028055081997276,0.17105041182030134,0.1482293515507784,0.03444015062182743,-0.0018583476500474109,0.061769470575215556,0.1814153583982079,0.15826202581415935,0.13748254113015243,0.1625802470905137,-0.14723805852217992,-0.08506801876308273
1888.0,0.02936145803407192,0.11062984426700921,0.001244222422911419,0.008806155761573928,0.013095109771102915,0.18305000668200463,0.11128761277941437,0.035547444655590225,0.018153388811815937,0.06369717733409888,0.1693370153645718,0.14932066652117013,0.09997624675779739,0.10610274070780669,-0.11424364700480423,-0.09073055731733067
1889.0,0.05824606847430674,0.062023600397953314,-0.02528704023518181,-0.017044117404701832,0.024708738329505275,0.18601606293869355,0.06307082877928458,0.03494861751938991,0.02853788956189037,0.0554217930008757,0.12292697370125782,0.11942330137224268,0.047988667657266,0.02014213570202159,-0.06878307279758769,-0.07406180090843627
1890.0,0.07736082986130097,0.014718613651334232,-0.048359039670863066,-0.03724063294227044,0.02438801252410717,0.18501501340365728,0.01380104633756218,0.02810908472390717,0.022088424421937442,0.03870482120180056,0.0540390973237033,0.0750433479913657,-0.005569467498358623,-0.0758495519629325,-0.02428053316734937,-0.044480843613274416
1891.0,0.08486053632111445,-0.015362259667527491,-0.06447619298806315,-0.05110229470659022,0.013095666782383735,0.1842644350189092,-0.026773944248557332,0.010637725827945688,-0.0035386208876573093,0.01825908123122626,-0.02051374701587814,0.024775085924320595,-0.04752507992923545,-0.1612781407233469,0.0085235606348691,-0.015813505103486437
1892.0,0.08438207938346652,-0.019874155211410633,-0.06980534341152748,-0.05869889534345445,-0.003682070290967758,0.18429591887769042,-0.05280745835393749,-0.01862387858391729,-0.04263227067836909,-0.00040507105919012265,-0.08408320079417896,-0.023387719373163723,-0.07051838054825084,-0.21919275006407818,0.023989088798217494,0.0005094879937430342
1893.0,0.08147633717630894,-0.0010320682237288479,-0.05985157717127329,-0.06020894237094179,-0.01937611137074848,0.18263718180413602,-0.06330280755845026,-0.055783485619329116,-0.08296956709727381,-0.013624388868250122,-0.12454486633385577,-0.06352139957860863,-0.07532246032202042,-0.23812125546221544,0.020475393593846283,0.0004368101788355086
1894.0,0.07926548545564802,0.03015019196813267,-0.03201056149728156,-0.05605475816896481,-0.029652001686752066,0.175156378927276,-0.061399483663147875,-0.09326588052492124,-0.11143582145080862,-0.021340608923034507,-0.13752416402895362,-0.092244395278319,-0.06875271576537055,-0.21357614274697614,-0.0026370447460325546,-0.012684373306743418
1895.0,0.07647737312382967,0.0589023593716947,0.01140332223315802,-0.04694015581947072,-0.033868160900441015,0.1563785287889807,-0.05428289859565447,-0.1234124468365018,-0.11916717797481022,-0.02685401132480917,-0.12747056394026135,-0.10896045350529197,-0.059603607509424915,-0.1504894151608171,-0.0461253584838165,-0.0324579879086154
1896.0,0.06930329451465683,0.0727601098261314,0.06299383650378723,-0.033478316205726374,-0.03446079977089866,0.12062960641989774,-0.05281346125927278,-0.1409126697871527,-0.10278970080824983,-0.03413338605591035,-0.10486769941325437,-0.11568267469564943,-0.05487253366916665,-0.06387427067092064,-0.10862158819036266,-0.05401315606418022
1897.0,0.05551663952344554,0.06640104965794892,0.11306520540773018,-0.01602037993209632,-0.0347695349209322,0.06535540847371786,-0.06779622261878605,-0.14244229498444344,-0.06316154926528714,-0.044198295381026965,-0.08011270476475023,-0.11547983340467904,-0.057436735100379686,0.025014965518833553,-0.1824955517364345,-0.07512465417017436
1898.0,0.0371365049450104,0.0433072973429231,0.15263786033712148,0.004676245821377321,-0.03661834555835298,-0.005080143217490369,-0.10295875638870808,-0.12586609287704464,-0.004786701815693033,-0.053574200406340707,-0.05794786254334662,-0.10981982574387937,-0.06563588938886376,0.09581914826205308,-0.2513159531833399,-0.09393710282089593
1899.0,0.019436436131713853,0.013650979049543,0.17463122033022738,0.026140442762638095,-0.039356097834853214,-0.07789140763650065,-0.14965441096474413,-0.09163796752224877,0.06374466622399237,-0.05624822855586984,-0.03617754002735028,-0.09708340702282665,-0.07419204909509779,0.13566346104069743,-0.29317868978832473,-0.10671893005367043
1900.0,0.0077934842570273125,-0.010332197867146472,0.1738830143476706,0.04369963116961502,-0.040897282254810347,-0.13443746772692533,-0.1888959770351428,-0.0452791006900514,0.1303518650926543,-0.04737741089035228,-0.009044355316392772,-0.07410750850150939,-0.07572597208076323,0.14220922164235608,-0.2914143896774597,-0.10901461704151838
1901.0,0.005309290033090461,-0.019325438490388296,0.14792815054674338,0.052059929444410985,-0.039676110050404306,-0.15706014986755862,-0.20083754948477106,0.002565927263012824,0.18231354607780806,-0.026038354824675584,0.02712361668276514,-0.03969242283364005,-0.06329611935878465,0.12256099465068936,-0.2462395310227468,-0.09990759258451247
1902.0,0.012472114220008736,-0.010342187334682697,0.09871591229454321,0.048034830990060035,-0.035688949896221095,-0.13756019728551439,-0.1753611002264266,0.04015329173455541,0.21035868144873285,0.004222187252368755,0.06953685550872231,0.002853198727139174,-0.03424655241433142,0.08929909774496866,-0.17675806274597428,-0.0853367771501826
1903.0,0.027790849762534313,0.012693371972604632,0.033472214775233315,0.03226476316935351,-0.029620925320509625,-0.08175159725223859,-0.1167628455054347,0.060457720383969335,0.21179119694099519,0.03687952307406067,0.10911244497709233,0.045803507381088876,0.006361528398733646,0.0557468706227748,-0.11004559669863462,-0.07648185204282369
1904.0,0.047703609505104716,0.0412548226826408,-0.036341341645503886,0.009021246576040764,-0.021256067723086736,-0.00665816596855033,-0.04096447068304486,0.0643778210447168,0.19090884851642007,0.0649424363565738,0.135396070685967,0.0792499164499731,0.04552004695921382,0.03228680438986061,-0.06549245346202895,-0.08334970085772929
1905.0,0.06593137067367046,0.06601014183897304,-0.09711820478037299,-0.015314883633538657,-0.009224830166552652,0.06652011688228726,0.031226054210630967,0.05902565500645187,0.1564669068008995,0.08295999034695577,0.14218943973463583,0.09437946044727488,0.06675776467205741,0.02430377856070102,-0.0456031572286239,-0.10786920805489689
1906.0,0.07426321451201556,0.08014537107335937,-0.13557122123274093,-0.03433264032716119,0.007593680558576589,0.1182654662965346,0.08099273433571334,0.05291152651080995,0.11736433128097376,0.08783193880970899,0.12962781075294105,0.08672107815348754,0.05803924703602036,0.03139516632294284,-0.038045771120922965,-0.14136263803746946
1907.0,0.06547460777999485,0.08070557097430549,-0.1423476884762009,-0.043462598624176646,0.02836007592347579,0.13435315740099044,0.09705348972717177,0.051414133896928595,0.07862628716411689,0.07909626735513947,0.10270952494172432,0.057879169022153024,0.01894360779291542,0.04786990444417437,-0.02567808652608728,-0.16822766044570536
1908.0,0.03658831679466483,0.06779973830988215,-0.11676836546620727,-0.04089748108890601,0.04982314472035279,0.10927058998875681,0.07939938385703864,0.0545610596585421,0.03994658575220622,0.0591898558010754,0.06902944480176007,0.014854646774959658,-0.03746651615517941,0.06507541710696141,0.0030494546404149247,-0.17341355470748476
1909.0,-0.009356465792523609,0.0434158554708202,-0.06967561649425659,-0.027532413776438575,0.06776606812511043,0.04917431143324315,0.03986869313746372,0.05767896971216238,-0.002218372634389251,0.033057909426492005,0.03715297483094774,-0.03232345569287335,-0.08954913939130635,0.07521211761187786,0.049498744723941335,-0.14905031017281123
1910.0,-0.06340478964042622,0.01147386847309571,-0.02079961625152094,-0.006389266542515976,0.07910985662816901,-0.02903580141578233,-0.0019906850410432437,0.05451815278760246,-0.05043399649988275,0.006810611384910044,0.015000253246015569,-0.07337831906268182,-0.11611252663922526,0.0748135089986933,0.10677353522358174,-0.09697946319496002
1911.0,-0.11272657137838865,-0.021837580695925722,0.009117142850964943,0.018237145025156096,0.08288555945116705,-0.1045332917827521,-0.02680576156452538,0.041219907222190225,-0.10304629552345758,-0.01369973814873022,0.007298600687373459,-0.10029405982659113,-0.10509549284738927,0.06561914657418536,0.1650614010674444,-0.027071004319093435
1912.0,-0.14481647165619257,-0.04946170131363735,0.007224881315552471,0.04183975778119409,0.07998414063849107,-0.16178155906338068,-0.0232465432526803,0.0188180757494442,-0.15420347052127456,-0.023863254996450003,0.012812639335029626,-0.10898046913828964,-0.058361994953383484,0.05207480117959269,0.2169836911560217,0.04657377834349143
1913.0,-0.15281280751072068,-0.06636289850666206,-0.026167634330846446,0.060711256457129326,0.07262497973832271,-0.195173448190344,0.00779611931478625,-0.007054631170072071,-0.19629907215599898,-0.021238648523208257,0.024062066420974852,-0.09948010872872719,0.008468265714782585,0.03738027553897439,0.2600465748792847,0.10963875636139922
1914.0,-0.13892811987451176,-0.07124074879904935,-0.07847813859814319,0.0724313117725181,0.06388842183061352,-0.20588097372244307,0.05445777804274637,-0.028654310464706303,-0.2220623890117027,-0.006382485643098533,0.03112963409261002,-0.07502400725311965,0.07072717345275033,0.021128426529469734,0.29493266396638845,0.15136540922539124
1915.0,-0.11300421722266654,-0.06540566612760121,-0.1310419369443624,0.075703975435314,0.05714940352431556,-0.19546222328393087,0.10020785825002573,-0.03902951265850844,-0.2255182296001342,0.016962399803887116,0.02709977221613556,-0.04099644758651259,0.10367423005324729,0.00037408591329971956,0.32188804202363397,0.16737555692682674
1916.0,-0.08634985419763372,-0.05057700471359949,-0.16687409833580263,0.07022330572922653,0.05516293847784439,-0.16351998596569017,0.13225112643614192,-0.03393465880708848,-0.20336432662098686,0.042487042889560706,0.010999174057362874,-0.004227145172377213,0.09362364313702791,-0.026242233414481,0.33875061321933936,0.16013133686498954
1917.0,-0.06493511343950095,-0.028294670559321975,-0.17625116266531735,0.05703779421198578,0.058772037251734896,-0.11130964682660666,0.14689113566425843,-0.012475758442771748,-0.15700149010873563,0.06257967851292581,-0.012778020480819266,0.02785205607306706,0.044946819682796416,-0.054565556323592564,0.3414312758946072,0.13712902516120679
1918.0,-0.04695753067093163,-0.0009188785336102368,-0.15864074910776554,0.03871994997946732,0.06590855089351076,-0.04631805273246189,0.14810718797066624,0.022958104641885135,-0.09314724035229018,0.07019796318297712,-0.03641994038531351,0.048607509711625904,-0.022886116321238756,-0.07540513013517046,0.3254471666614728,0.10818153337727701
1919.0,-0.026369022701143316,0.02745291657608297,-0.12103970919888285,0.018545525042345787,0.0718414636383199,0.01777569557184905,0.1410262381539369,0.06681247921202721,-0.02168917341201869,0.06132737020561047,-0.050780137238517625,0.053935947584040654,-0.08650420285492395,-0.07979601231376615,0.2878638808717708,0.08221044038035452
1920.0,0.0007399906765572083,0.05076195400846933,-0.07328754449246647,-0.0009464233449787605,0.07088159482374941,0.06565078684141144,0.12621029884075602,0.1106459522592274,0.047703373407562304,0.03719782054103219,-0.048297359653086624,0.043473484810465916,-0.12982008107523713,-0.06485500056635576,0.2297240664765699,0.06382988669047084
1921.0,0.03163982839507084,0.06178249999201079,-0.022949648344903168,-0.018871253397585334,0.05873506177087918,0.08471339790161166,0.09942692364200285,0.14442916248071339,0.10755537354848044,0.004553737754219118,-0.02660198594927016,0.020613076266302075,-0.14820428415938433,-0.03606310841804786,0.15799563823275184,0.05163251457996429
1922.0,0.05735877137848945,0.054769557995589,0.0261606251120814,-0.03570196362736484,0.034253931520780115,0.06704011668356023,0.05661671073993065,0.15917274306477425,0.15245329153576526,-0.026829083829745172,0.009232450890384367,-0.008280888572122239,-0.14489256950228363,-0.0050884144695386374,0.085067927498243,0.04022739185768211
1923.0,0.06789234975170072,0.02899415219259237,0.07149688477872494,-0.052059493655207734,-0.0001800068527048497,0.011525121322721507,-0.0008122361965981181,0.1498974232318449,0.17828445460820713,-0.0479360691174986,0.04765709056097,-0.03467788678884728,-0.12449886400349117,0.01501121965355459,0.0247615353827745,0.025126841945862937
1924.0,0.058807461624411736,-0.00988532904790528,0.1095070184192145,-0.0672324263986253,-0.039456745618553446,-0.07242659674547716,-0.06511371682118829,0.1172605257921152,0.1823066365370433,-0.053231932288279514,0.07477000205990425,-0.049037217851854664,-0.08958750275520039,0.015092823697557987,-0.013394888137551053,0.006677726818062132
1925.0,0.03449194838618947,-0.05199830971715147,0.13624047125328595,-0.07802522076955176,-0.07718248581239537,-0.16364255381349396,-0.12539577496991078,0.06695306041292187,0.16418791488192222,-0.04139392666107087,0.07982992226798001,-0.04352654953763798,-0.04204575476247159,-0.005600227223154287,-0.0276784311076663,-0.009775553254101668
1926.0,0.005871978289260288,-0.08711396725015355,0.14934546916599814,-0.07906519604938463,-0.10726565470183855,-0.23475944289382814,-0.17130995159654866,0.007911286344819574,0.1268945165423511,-0.015226386655411235,0.059666176480765165,-0.016097422212122327,0.013755103969906635,-0.038023335567545044,-0.02273447067658615,-0.016941421372041864
1927.0,-0.01549762939522622,-0.10781661076916554,0.14865762379655806,-0.06546007377281919,-0.12513524225794267,-0.26323357485886545,-0.1955789009953096,-0.049115497470082065,0.07616316527455329,0.01814303435475706,0.019743786566598306,0.026634689972585657,0.06971816084019226,-0.06732920230344204,-0.004847080745099208,-0.00951206170758245
1928.0,-0.02324033860672593,-0.11122390080394795,0.13472446519709666,-0.036488429309521085,-0.12856915278955938,-0.24084021881916073,-0.19560755940950236,-0.09287458110650533,0.01881207380331903,0.047947648791451816,-0.028689851286931356,0.07038274493371881,0.11593507342786537,-0.08057828331507776,0.021196285934611637,0.013267224767299642
1929.0,-0.018931586506694416,-0.09923656248570684,0.10777614321743902,0.0025508482707007505,-0.11840110022395146,-0.17524831163227092,-0.173729906043978,-0.11395809358965368,-0.03864226268003088,0.06333398768306517,-0.0735085845195461,0.09844975857040608,0.14452022515568153,-0.07267537261374833,0.051146820770160105,0.047499757003262526
1930.0,-0.010656198252391851,-0.07727052467917277,0.06933958939545302,0.04174566446796091,-0.09863072180624706,-0.08390133493291001,-0.13534204345152243,-0.1077755833109874,-0.09016881589671598,0.05904346494043032,-0.10563641795918956,0.09900585865017579,0.15311402050847478,-0.046899648936859516,0.07910198949044989,0.08621371148975611
1931.0,-0.008233479658246706,-0.05178719406145376,0.024559758474473208,0.07030248711262457,-0.07524047204867092,0.013963849808690873,-0.08588913020116472,-0.07629274294754618,-0.12950073787326752,0.039347086514195766,-0.12009203704974188,0.07059215397953786,0.14585134476472716,-0.01083570681305384,0.09800758655081222,0.12122031070194407
1932.0,-0.017846671774554203,-0.027679341481413666,-0.01834076720860332,0.08084690169009406,-0.05400659613761805,0.10285079100267865,-0.02923704576790429,-0.027651366622059307,-0.14969336434352803,0.01670841990976105,-0.11467135809341407,0.022720676127517537,0.13079239813794727,0.029021866120114734,0.10275756646613933,0.14499585068310183
1933.0,-0.038975633207753366,-0.006925169573108425,-0.05132329271467444,0.0724436934122951,-0.03831200738913184,0.17390371176335903,0.03107467177300776,0.025538620214296377,-0.1442045021238932,0.005235948463643348,-0.08879627576514869,-0.028684695533932453,0.1154548783724339,0.07010287424298749,0.09282274939195795,0.15250394615401922
1934.0,-0.06485198559419142,0.01092815363567084,-0.06903407171077686,0.05066532698631281,-0.02801547476593436,0.22509216179148966,0.08903948068974316,0.06856539289450439,-0.10950579450438319,0.012849284908267599,-0.0446075646834466,-0.0682458062157008,0.10391214054625988,0.11174494318258808,0.07244832938553514,0.14211465605483317
1935.0,-0.08559651824934632,0.027268128980009503,-0.06879194210239056,0.02461851712314928,-0.019970252005928134,0.2578451135845319,0.13466449022332017,0.0879346561142376,-0.04782588728185765,0.037161671543993025,0.010750805051070312,-0.08688019330739435,0.09715210112313766,0.15029624719178825,0.048729506284594826,0.11528746018654787
1936.0,-0.092071852622688,0.042889345676903105,-0.04989412635872122,0.0028879769114624567,-0.00991167144502545,0.2722554419201966,0.15548745183790666,0.07563166207224406,0.03167713338102669,0.06713326483514741,0.06505000802493648,-0.08409758375237475,0.09455506244615784,0.17624817894565262,0.02863852268855152,0.07559932211836179
1937.0,-0.07900988960874925,0.0568386031917754,-0.014491525627060561,-0.00952309719090055,0.005009826997408007,0.2651166610271827,0.1411385971965871,0.032972580475464634,0.11417866172794551,0.08854814389728288,0.10479643915313665,-0.06654462908234844,0.0935870992115412,0.17669801411520575,0.01606043557913925,0.027561463867088156
1938.0,-0.04706264213249851,0.06601943202612855,0.030563682382730325,-0.012477556864244517,0.024097223096096503,0.23215108152808098,0.08918542759716495,-0.028295495013614738,0.1825166554526328,0.09000465236385967,0.12050274166737487,-0.0440479928518736,0.08882326862997725,0.14234555403207108,0.010224226721531922,-0.024497174678592373
1939.0,-0.0032989006893916943,0.06599089636012674,0.07361388489028599,-0.010059550028257454,0.04291709222722215,0.17222610936081975,0.008680757260827331,-0.08942043981143362,0.2214574942607236,0.06694730978259067,0.10937009313239,-0.025199872836787145,0.07429887668462035,0.07499590105648221,0.006525411042250173,-0.07688854834699535
1940.0,0.040637097138492353,0.05311081015745027,0.101064276066702,-0.008129787446706647,0.05558242809390511,0.09078358331382369,-0.08144726112819527,-0.13174887263442958,0.2216176468361187,0.022658959411348895,0.07453817809321185,-0.014210227671672028,0.049154131735466386,-0.009318184655794405,-0.0010567596656411611,-0.12602426760363808
1941.0,0.07229947338393705,0.027552270556417437,0.10168351410438742,-0.010984254692949605,0.05807471807373038,0.0004105263482083033,-0.1583816352023373,-0.14372540050150498,0.1818984594069803,-0.03341229323693963,0.02346857033224313,-0.009873602337784473,0.020735529396554053,-0.08446295915213652,-0.017367519655623297,-0.1672801910151083
1942.0,0.08247876544365804,-0.0044832659496491,0.07044201738336611,-0.018573289818023187,0.05082508110246794,-0.08207841781529382,-0.20253716313508943,-0.1239270640907083,0.10963446049665415,-0.08888049850179464,-0.032904884852727176,-0.006789066475213575,0.0010874143365173308,-0.12416028867471954,-0.0435399688019433,-0.19398599927205187
1943.0,0.06817299711631772,-0.031500320913569,0.011120596139037535,-0.025875569813485037,0.03929922907716591,-0.14053824886789457,-0.2028839494097918,-0.0795746869482866,0.018383809155907916,-0.1320891702858316,-0.081372973082613,0.0017020755926587191,-0.0004992677600752724,-0.11276107049545558,-0.07535530838011902,-0.19778217565794648
1944.0,0.03382193077679669,-0.04098368725355696,-0.06314330192433985,-0.025482897803999843,0.03155431944388815,-0.16423897697042178,-0.15905800705796963,-0.022889044406235737,-0.07574445898098969,-0.15514964230098774,-0.10962845491315377,0.019930938029434613,0.016424618249901272,-0.051777451914638055,-0.10462236859099087,-0.17199763721165254
1945.0,-0.009940736681480008,-0.02549122538320585,-0.1328627384320116,-0.012320835804026412,0.033380993229738476,-0.15100854505991915,-0.08064778271488317,0.03265486164693912,-0.1579601496024739,-0.15572140860215716,-0.11104372232712882,0.047010493323217654,0.0423449081403076,0.040336189933682945,-0.1232098224026904,-0.11708255790770997
1946.0,-0.050092203214770516,0.012681008974707397,-0.17933478004719636,0.012712954613703151,0.044183750362001846,-0.10756583321402047,0.015276644998557425,0.07559689118030186,-0.2177722596004629,-0.1374739491207179,-0.08815489522901593,0.0760852865703056,0.0624724301175499,0.13497595229968337,-0.12648357867683288,-0.0432339861121821
1947.0,-0.07603281889011095,0.06138064479577085,-0.1933959875373669,0.04271524655901763,0.056838862327164515,-0.046761059316263925,0.10823570144011806,0.098969328713535,-0.2500226246163418,-0.10891422053720935,-0.05187481229365723,0.09650185734012871,0.06438581651311348,0.20413604413384143,-0.11449775520343125,0.033327844849889834
1948.0,-0.08320021785599925,0.10366196098345051,-0.1801370215934722,0.06818042054628853,0.061912459310190814,0.016816981346777393,0.17991580368535823,0.10144087931480451,-0.25368846694309405,-0.08026960947138537,-0.016417721427338664,0.09824323247804366,0.04387318250940006,0.23053096468172019,-0.09189738041930999,0.09795159753536102
1949.0,-0.07384102490912374,0.12524033134131568,-0.15491657518787746,0.08172198747166912,0.05334512386253954,0.07085947111300996,0.2194372321287724,0.08673560478874964,-0.22999343684995047,-0.05952119453772551,0.007121340265754426,0.07684558748583471,0.006485331771161489,0.2124847329172196,-0.06709228309375127,0.14317398545286594
1950.0,-0.05451763299684614,0.12021557958654575,-0.13258889413485797,0.08132392284680083,0.031492579467714124,0.10763057412976845,0.22561199921416222,0.06149812215581584,-0.18178634799459772,-0.04966318464563615,0.015219631754146357,0.036418080199272576,-0.034904399620450936,0.16151878494055766,-0.04999781153818501,0.16882470637794153
1951.0,-0.03200572513628061,0.09259923336397431,-0.1181939920556169,0.07005669391703762,0.001521469473789951,0.12425490224352702,0.20511684103406208,0.032693943635937514,-0.11424440994145983,-0.04833434189464921,0.012679537166294231,-0.011460428228053179,-0.06557927132370242,0.09463032304128932,-0.04880962664161054,0.17792133445657235
1952.0,-0.010555811729887274,0.05371300395699561,-0.10617382234160204,0.05271362084326385,-0.030898372108064114,0.12174159505321398,0.16813909968234989,0.005868226857205396,-0.03546723597184078,-0.049532971767647684,0.009563012859127015,-0.05296499890704195,-0.0755997844833177,0.026191543826860023,-0.06832380462003111,0.172599709246305
1953.0,0.008171035111283228,0.01689951656339757,-0.08727756455067459,0.0323151756134894,-0.06257463913965902,0.10360452710226761,0.12429698131656908,-0.015720177508647116,0.04394477177289501,-0.0464154513284197,0.01561654248269861,-0.07812731321693706,-0.06403438816361079,-0.03612808656256065,-0.11049996024352086,0.15304495416907649
1954.0,0.02414381501192515,-0.00826725993872472,-0.05630995204479122,0.009266407096063545,-0.09213515219010515,0.07442955289191612,0.08083635530860891,-0.03202460602550925,0.11235364681381467,-0.034052269607105876,0.03491707679233308,-0.0840911564772357,-0.03809230293954844,-0.09007226679743371,-0.17388257521833747,0.11914736785986213
1955.0,0.03874311277593627,-0.019449087076398208,-0.015283687775583827,-0.01667984602089224,-0.11720470209154624,0.0385025568348535,0.04309235763287868,-0.04668526067433053,0.159434584027785,-0.011317538774108165,0.06357753260881148,-0.07453446433332898,-0.007891578417167323,-0.134073889205493,-0.24988868022139699,0.0730441895345259
1956.0,0.054515838024192895,-0.021044309252526396,0.028573787917664732,-0.043930793557443996,-0.13302575464543556,-0.0010727968584177264,0.015072771917404046,-0.0651284251787752,0.17870417690288695,0.0185732465193182,0.09171351645341193,-0.05660084328177544,0.01934027368699161,-0.16333032885681603,-0.3205447260132661,0.020901683182116795
1957.0,0.07361679002924525,-0.020709403795367832,0.06758417031122593,-0.06838824856568582,-0.1344035987188914,-0.04199016970630774,-0.0017925967874670744,-0.09022360358951362,0.16890128448996572,0.04909546044627606,0.10846565999507293,-0.037118184421588325,0.04126428700222854,-0.17040573942639609,-0.36362789749779334,-0.027139561009411613
1958.0,0.09583320480901393,-0.02498158175806063,0.097861684551771,-0.08507447108910147,-0.11919596726620424,-0.08119621064010528,-0.010081031541199678,-0.11860470575432425,0.13381192895178678,0.07271395648125008,0.10690480263966144,-0.020084830558565775,0.057437582222703426,-0.15013436194767932,-0.3635306637014112,-0.059196627010235855
1959.0,0.11788821824926735,-0.03574736806986039,0.12017447334016342,-0.09086423395771982,-0.09024305170907247,-0.11391976165788167,-0.014394405406337662,-0.1412131862508891,0.08122918728454447,0.08363421473064493,0.08605904410952679,-0.0069482272659513525,0.06523237057584415,-0.10499802184011056,-0.31952380749622844,-0.06571348134862955
1960.0,0.13429646636396156,-0.04916682377810567,0.1371282891694367,-0.08670358183664831,-0.054577065893349645,-0.13477839281284704,-0.016516521951412753,-0.14856429128229987,0.02112189531902283,0.07984418924317392,0.050142689801007244,0.0012640721337900183,0.05959474402398388,-0.046963433489979514,-0.24587701354859953,-0.044123495116234826
1961.0,0.1392378280997523,-0.057813634773235305,0.14920493790495962,-0.07785125232354191,-0.02083109527019402,-0.1401811073125389,-0.012889839596012701,-0.1372678773507913,-0.03713484740070848,0.06325896212068559,0.006720700703687823,0.002584735698008582,0.03692223859732385,0.006184653902522406,-0.16523461755660315,-0.0014918050518708892
1962.0,0.12901082028167413,-0.05512479310294324,0.1526888898470776,-0.07163389046137271,0.0036521996702776572,-0.12992969377461844,0.002448769483622046,-0.11302786357978088,-0.08703846552660861,0.03793666514957705,-0.035693729567646,-0.005417265589511932,-0.001000645746652325,0.038522395301933104,-0.09946630864536467,0.04723423435695694
1963.0,0.10398525349326612,-0.040023495991050255,0.14131947077867715,-0.07394499275554002,0.014737788816891372,-0.10709754062895965,0.03182946072954933,-0.08793902820910382,-0.12511244141096456,0.008082115784911106,-0.070729466265991,-0.024197835242221383,-0.04678068372682983,0.042570953894192715,-0.061668979555565905,0.08460739267134078
1964.0,0.06882093480764576,-0.018743662709032036,0.11116058087024334,-0.08655351966119998,0.011957883565321719,-0.07712410393859646,0.06945867875856793,-0.0740009859506339,-0.14963310877614674,-0.022398830048232458,-0.09624449948235382,-0.052745726169564945,-0.09129943984982707,0.020240120165213454,-0.0527042107015732,0.09630833710576536
1965.0,0.03120379577011606,-0.0017973081203645723,0.06496721397673343,-0.10640732057615772,-0.002168051556796304,-0.04718169412990917,0.10208184617518876,-0.07701219443622535,-0.1598132916747243,-0.04902681356082846,-0.11331161455210184,-0.08667122109194825,-0.1287582283084946,-0.020938298102656086,-0.06401052532978792,0.07488506756923369
1966.0,-3.3687696070309974e-06,0.0021366963341560375,0.012081875432936496,-0.1268638578947666,-0.023344353753353166,-0.025300962731044985,0.11533990361545621,-0.09423271374643251,-0.15588011801665946,-0.0663532452565783,-0.12301527010487158,-0.11862205145055045,-0.15907884416976975,-0.07165120610347621,-0.08394421622367863,0.021907071037316424
1967.0,-0.01722199765432453,-0.009130851080145204,-0.035693679249747964,-0.1401937645726914,-0.046399014187718905,-0.018104346447352735,0.10156572374230936,-0.1164593639847068,-0.13928774366637964,-0.06922471357832356,-0.12439931280004711,-0.14010597829037041,-0.18580653997416724,-0.12249176233540589,-0.10231381825857903,-0.051543082843221365
1968.0,-0.017082146986820947,-0.030838698677590266,-0.06849481466048317,-0.1403237058722955,-0.06533953846546091,-0.0274114588711138,0.06307929093534413,-0.1323614754518441,-0.1127399282591797,-0.05518812164642268,-0.11524555448732303,-0.14366967774178085,-0.21046765312499058,-0.16481583618129145,-0.11110824263861492,-0.1274687722988736
1969.0,-0.0023318669327642857,-0.054274102828822494,-0.0810821588453626,-0.12455515735839887,-0.07338174920698576,-0.04783097012549494,0.00972572735329539,-0.13247986713904672,-0.08004574713659826,-0.026595957047226244,-0.09407414522401425,-0.12456249807876782,-0.22709296362323086,-0.19174884835674794,-0.10416385910562945,-0.18682820664283148
1970.0,0.018770064842687242,-0.07097257113290173,-0.0739895426310316,-0.0937277558726432,-0.06435408602214333,-0.06798029912439277,-0.04586960433469813,-0.11209343688663129,-0.04549220715544681,0.008865689436241738,-0.06131914099631524,-0.08219994469132459,-0.22231553950386249,-0.19874244823590512,-0.07847630206712064,-0.21612388932521656
1971.0,0.03565577686384612,-0.07612119946165584,-0.05243116839002606,-0.05152051864890949,-0.03543970800105577,-0.07576001301698883,-0.09261980086017227,-0.07293736568987949,-0.012768081305325333,0.03993320606655359,-0.019595975179247316,-0.021540995028229384,-0.18336775139429637,-0.1836246282808248,-0.03626849869709806,-0.21146635776286096
1972.0,0.03992774440708615,-0.06970437244243739,-0.022851267789386995,-0.0036122567693650355,0.010488924755037448,-0.06418046675490446,-0.12416895289948553,-0.02293239436169714,0.01579754353356967,0.05558141037081415,0.026301754379246575,0.04688853140556904,-0.1089187304937429,-0.14687640668990873,0.015198213443928976,-0.17874660643270465
1973.0,0.02896762578592314,-0.05485842703156192,0.009766605371891262,0.04336442330874425,0.06473021063921294,-0.03329871453617201,-0.13976511371584557,0.026703572818663042,0.039281100060553825,0.04934250106397928,0.06972751165806573,0.10931883201145015,-0.014027428628089224,-0.09200149694802925,0.06740806908917465,-0.13047337584093624
1974.0,0.006710323426126672,-0.03520184848933652,0.04128592448285743,0.08297195753700345,0.115202236741734,0.01196609965354377,-0.14215068900598704,0.06576066799062245,0.05768380733191833,0.021897655689278515,0.10307217762633814,0.15257526365413618,0.0746818056347772,-0.02533601087264231,0.11536088317492212,-0.08074222042986509
1975.0,-0.01866497690126766,-0.014299786500085239,0.06682424640888672,0.10972804058913273,0.15043145095176988,0.06418574189195204,-0.13455367104135205,0.08835292332151899,0.0710315161300785,-0.019351580210282156,0.11936299626647363,0.16792538754532085,0.12993228556351002,0.044573688153902245,0.15903418025463698,-0.04054442267864736
1976.0,-0.038411400340532066,0.002765888826130043,0.08134073725853039,0.1196130830794224,0.16338520702727993,0.11369919208835635,-0.11936044810103896,0.09391738828557467,0.07846048811683512,-0.06324644095976463,0.11445011379598816,0.15388356964816366,0.1345391766789926,0.10766398120005125,0.20055719659821655,-0.01549361998137794
1977.0,-0.04626132023779118,0.009682318185888732,0.08127977715465047,0.1109021082675973,0.15343830747906675,0.14903214440532897,-0.09841020105920113,0.08627707239015514,0.07830321527038343,-0.0987981152134759,0.08879626290004747,0.11689496490629273,0.08782556714516236,0.15341312800357274,0.2404796451452727,-0.006145405444712824
1978.0,-0.039901379457085634,0.002701775217973953,0.06497163681428288,0.0852038948218074,0.1254962630963075,0.15973785051643927,-0.07330185110089724,0.07145880764256649,0.06958227139670875,-0.11848231066825352,0.04775838837553139,0.0690207451644715,0.006029255839397375,0.17283794157840293,0.27659037200979764,-0.009142657534804944
1979.0,-0.02098029051802014,-0.015589864316683584,0.03265959270482563,0.04780698021686426,0.08708997978055201,0.1404498271509711,-0.04523522516482569,0.055025677515906965,0.053652700541613765,-0.11970230424907091,0.0002931777457080025,0.023403371616319443,-0.0830217246512569,0.16143308145815025,0.30542485928723395,-0.017995066724814015
1980.0,0.0056673531591591225,-0.03628539578295534,-0.012368599350265153,0.006757618507345395,0.04563896226728729,0.09353811826106556,-0.014863969296903097,0.040175251171255116,0.03430011191949625,-0.10405922928598883,-0.04347365559237967,-0.009980225984712324,-0.14902668569336222,0.12211324654308893,0.32425356820493956,-0.02435168865667682
1981.0,0.03324742601171961,-0.04807736348362585,-0.06289994835831937,-0.028883983602445765,0.007321496738530156,0.02920877592194489,0.017789079567050416,0.027509619522807637,0.016092166762206254,-0.07538210012342073,-0.07521496394508805,-0.026076193777164924,-0.1693874818350538,0.06649274192622681,0.33172731479430817,-0.020608012257314266
1982.0,0.05497909731331743,-0.04294299524252447,-0.10921717798167065,-0.05093331215430692,-0.02285727907817608,-0.036786110866108675,0.0530889979676138,0.0164127480994895,0.0022214754125734633,-0.038034750489766095,-0.09034170516621416,-0.02390778131830449,-0.1374104130823529,0.012712123650754116,0.3273139755310576,-0.0030283506324136032
1983.0,0.06636966925543478,-0.020748893489263797,-0.14231054603360876,-0.05409198907828014,-0.04105151787147614,-0.08756225553133339,0.09036955416579673,0.0070631327291505635,-0.006597271918297952,0.0036837684074480927,-0.08764470889927733,-0.00492358249371297,-0.06529548046981383,-0.020947995427905555,0.31099442762094937,0.026269491484884038
1984.0,0.06633779083480248,0.010266546974592667,-0.1566095576888563,-0.03789283233837176,-0.04533518224131738,-0.11059875461887227,0.12566542213085916,0.0015018221252786038,-0.011332911701228248,0.045156121202172904,-0.06791193670841397,0.027586326337846283,0.02053613145389234,-0.024703893453926755,0.2839280677116156,0.06018274225981162
1985.0,0.056708215790965404,0.03813741711190086,-0.15089159765967908,-0.007398645584873766,-0.03681068599284173,-0.10146602570087927,0.15084138628010052,0.0029474350830273523,-0.012833986223045955,0.08090584873515373,-0.033710978692272624,0.06798650781388092,0.09101612469564789,-0.0029900753961556925,0.24921074892483944,0.090591428409165
1986.0,0.04110495886878563,0.05378107180758961,-0.12774099859168825,0.028203365093602724,-0.01986460133722547,-0.06365311645144256,0.15613237285475473,0.01423447063786622,-0.010974825840663187,0.10509930219525176,0.009680244639739545,0.10826144696217899,0.1272993535070417,0.027720461505692396,0.21162416022944872,0.11258365210788987
1987.0,0.023876505577409515,0.05468876245516407,-0.09247981527082584,0.05845004484397601,-0.0008710988539142561,-0.006079878293512923,0.13501277325537406,0.03644725678849497,-0.0054629889422973645,0.11334072501061486,0.053968744140880875,0.13940676870379867,0.12722851779794922,0.04838063534319498,0.1761069766058437,0.12532513225468583
1988.0,0.008699254711103228,0.04394363093274285,-0.05193221453987377,0.0746978865567116,0.014020251981259712,0.0586270546104112,0.08761734391633128,0.06768393146048815,0.0029685985845987364,0.10423379211835196,0.08928469563043849,0.1537981731627132,0.10199057118482963,0.047525596482853406,0.14546696512859336,0.12922191221566864
1989.0,-0.003073284512258286,0.026864535080958356,-0.013033638348796967,0.07266127340084398,0.020831884569737707,0.11502254046649289,0.020389927786334677,0.10209931720010978,0.012635663688591595,0.07936631918051412,0.10687268097851393,0.14755416891715,0.06709234912310286,0.025812662793535154,0.11872706348019775,0.12280082582317688
1990.0,-0.013326755957262378,0.008307377279554898,0.018378015552672947,0.05361781459421289,0.0187557205912987,0.14758742211231515,-0.05659701465696774,0.13060496546517253,0.02237901486759916,0.04266426020387683,0.10179771275909512,0.12183333308607253,0.0350184271855677,-0.006211958248691045,0.09159737523944142,0.10300494521913624
1991.0,-0.026401488074259044,-0.008259814595390476,0.03821224152145312,0.023667474894933788,0.009878161467791607,0.146155313018277,-0.1320409212006597,0.14377650398454567,0.03252617527117905,0.0005066285212819285,0.0747651681497774,0.08244839494673108,0.013189385457006745,-0.03466478744846021,0.058835997179527914,0.06864890791304212
1992.0,-0.04665287261756582,-0.0205039816825842,0.044297346085416495,-0.008584252993218387,-0.0023318044983302835,0.1110493802848504,-0.19488666427918655,0.13543302236059293,0.04343654901886725,-0.038368841506833194,0.03248683387860739,0.038221445625108826,0.005332594599032041,-0.05006067062145276,0.016922980977896584,0.023183720594947603
1993.0,-0.0756737340756893,-0.026621900135425876,0.036172472377677886,-0.034879374173118455,-0.014759058532629814,0.05430021611339689,-0.23564674844549557,0.10513181188979162,0.052760139221316636,-0.06496871257715854,-0.013855292598006181,-0.0011352190568050397,0.013091529168358491,-0.05242286818900199,-0.033580076421968176,-0.025519056520340016
1994.0,-0.11077689519540641,-0.02492450198889877,0.014461501016194615,-0.04992477327202899,-0.025360090797805664,-0.0042575981396554535,-0.24772267596103575,0.058665483741836395,0.05508290254371346,-0.0735030403183918,-0.0518539386100577,-0.02737073770244562,0.03657363022832958,-0.050078903421749255,-0.08612080577499356,-0.06715142063987493
1995.0,-0.14542320535694497,-0.014366592438672466,-0.019527285570150977,-0.05296029910216374,-0.03294788411347688,-0.044761490111226196,-0.22857466587032085,0.006147178885855154,0.045712276700456134,-0.06364114339612732,-0.07196675912942437,-0.036291280352529105,0.07352678752587899,-0.052477872549020935,-0.12834633433235398,-0.09145902275508175
1996.0,-0.171366616595296,0.0037730513492564358,-0.06289633065446118,-0.04724468162573804,-0.03695666420795672,-0.055983182478012095,-0.18099180693261643,-0.04153385609051692,0.025529463128878875,-0.04004372943484801,-0.07141055362256636,-0.02984347371781176,0.11754655861982563,-0.06269063432664686,-0.14618521014965477,-0.0914058256452568
1997.0,-0.18146153467769824,0.024626875071619182,-0.10930453390044789,-0.037574290793817564,-0.037428899812856506,-0.040563588509089775,-0.11419849916297929,-0.07594086676936215,0.0020557768023324197,-0.009825274037041075,-0.05602722337535062,-0.015907431875187915,0.15711266521949946,-0.07548298521693493,-0.13075667592154985,-0.06640797162937238
1998.0,-0.17139576281800215,0.04076410935521687,-0.1485148891581016,-0.027519912138944662,-0.034946162412784976,-0.013418599198829003,-0.04343517462290162,-0.09273948732065734,-0.014548978438630093,0.02007752730942169,-0.037731761250163656,-0.004922203789252414,0.17732975935379497,-0.0813707612768287,-0.08431962051497217,-0.023635796830126645
1999.0,-0.13968272425804013,0.04539597711082007,-0.16917859125574017,-0.017949560839007877,-0.030362159340712538,0.005998986890535621,0.013552872443691,-0.09191346506542228,-0.01722670856379185,0.0441465881079014,-0.027863765481154754,-0.0051768310641275165,0.1648198601769459,-0.0723275008937769,-0.021503860931640587,0.023969782077001525
2000.0,-0.08739338576878322,0.035833109004210155,-0.1636209983236039,-0.0071133881133222205,-0.024352785503427548,0.0029457450422823665,0.04288200574821697,-0.07709267668409416,-0.005150062389824464,0.058467760360716596,-0.03100937487150737,-0.019626817981962173,0.11456604782228068,-0.045431132269330536,0.03563726610496366,0.06210662613408365
2001.0,-0.01912433552276656,0.015119031257399046,-0.13153067532881627,0.00813668365585696,-0.01713644161533955,-0.026705659592312265,0.0407059881305091,-0.054407335829501455,0.01749986471103743,0.061088547314801775,-0.04366122916789209,-0.045412024998865624,0.03573518121499891,-0.003972979667304303,0.06675158402801618,0.07988047059781983
2002.0,0.055546680048948194,-0.009052357407034625,-0.08049159213997448,0.0304153915494656,-0.008772976183578224,-0.07571599734535495,0.015449702580019702,-0.031043692520390388,0.04536163527961189,0.052876547923923156,-0.05730184439966372,-0.07536815684534774,-0.04768866968439575,0.04318581220193211,0.0614993613454513,0.07374130236969102
2003.0,0.12232078105153736,-0.02759291036686338,-0.023032826419178587,0.05980191986915452,0.00033756961877534614,-0.12892113036292147,-0.015561552353443192,-0.013297914403461567,0.07473246244687738,0.037806922651211765,-0.06258847763827495,-0.10038670341336525,-0.10410414615563231,0.08399070103244902,0.022603527674901265,0.04962852502919681
2004.0,0.16548742167123479,-0.03399318449152429,0.028695690438530062,0.09268785749864103,0.009364313721822403,-0.16939427082694025,-0.03386380937751813,-0.0044842316233922284,0.10323610500037791,0.021509491166048972,-0.05272247024558411,-0.1123297416008077,-0.10758559145534789,0.1072524441660697,-0.03667396272482987,0.02095374004700335
2005.0,0.17338540589413515,-0.02700572674369937,0.06778572986863987,0.12202356757506674,0.01706922868899936,-0.18549154375698632,-0.028484801474198317,-0.004046363187883923,0.12771718575145535,0.008726241398754626,-0.025911860552521804,-0.10741469544206854,-0.051288709939953034,0.10676841333095652,-0.09791549044499002,0.0014067485325031906
2006.0,0.14333736019292437,-0.01038725840367203,0.09380382954385717,0.1390903061569819,0.021662242157483823,-0.17532482539256936,-0.000834081783749916,-0.008467120265907376,0.14336871766551088,0.0016667102410255917,0.013336058463674532,-0.0884315316592034,0.04643439069460151,0.08332726600696738,-0.1435383803892135,-0.0031792222243667676
2007.0,0.08338737053345012,0.009926734069041663,0.11012767381298126,0.13668434899177256,0.02130680984809632,-0.14578556813974958,0.03714225521778212,-0.01303447936800721,0.1451013390055351,8.854483732740333e-05,0.055040398251076504,-0.06370973325472365,0.14757558664451648,0.04402678029375643,-0.1619618078521097,0.002621002147794439
2008.0,0.009859379483914557,0.028931691274589628,0.12043294983615083,0.11256214619840002,0.015735382328682983,-0.1076231861922781,0.06980987787834779,-0.013473167921449133,0.1296030817053768,0.002301455259771044,0.08717452541262864,-0.043144858970232396,0.20947313530512923,-0.0004066355402163233,-0.15015951527611232,0.008380517473054667
2009.0,-0.0580692527376523,0.044133177386973,0.12706975606135323,0.071139531405307,0.007605360179794435,-0.07111190524228987,0.0844796116961235,-0.007107583041471945,0.09638789807464115,0.00641575442003327,0.10051872063414394,-0.03384859185388468,0.20214063377310104,-0.039436467260980136,-0.11279804826221966,0.004696493236873868
2010.0,-0.1043887599474113,0.05522552049403614,0.13127953038600898,0.022473189718837213,0.0017933524784437818,-0.044256258785154504,0.07448693711094591,0.0064967469452428955,0.04793672858470002,0.011745347966523862,0.09243336292468422,-0.037614548948048096,0.12051791117471765,-0.0662195720153116,-0.05919608006478081,-0.012734386231035082
2011.0,-0.12085308609576587,0.06202610967551957,0.13377263727369215,-0.020722403797803733,0.0027229350107835382,-0.031629631158737015,0.03930856275066436,0.025230856847786254,-0.010072299557350135,0.019561130776483367,0.06769794926475976,-0.05073346462586368,-0.013189056973863416,-0.07924560830026471,0.000290996625312967,-0.042941175624401494
2012.0,-0.10898166947585901,0.06194804233338651,0.13492127241367488,-0.04677648430832206,0.011844582285742604,-0.032912251206165144,-0.01623719122733246,0.04450843798159188,-0.06882913145755168,0.031853010871602666,0.0361875057208183,-0.06588726286247047,-0.15825168841013104,-0.08168828775882013,0.05715548974572793,-0.08150114697308318
2013.0,-0.07895870156970607,0.04990334340654236,0.13483636302119648,-0.04868960124277272,0.02724898495789354,-0.042989003176606894,-0.08230142549399365,0.058443883455318986,-0.11819129941947056,0.04854680816814629,0.008155047031158862,-0.07545635607788125,-0.2718791703629589,-0.0789797018344631,0.10537370189963685,-0.12211581660646194
2014.0,-0.04580939011999081,0.0218439288680052,0.13385079549179763,-0.0268110391923861,0.04538299452491202,-0.054444258469440364,-0.1444168871203732,0.06262309029626989,-0.15002982990623945,0.06587428121896034,-0.010867154522749669,-0.07472931092178123,-0.3258752083549187,-0.0756556251175469,0.1395705042025127,-0.1572482477471483
2015.0,-0.023974596584306812,-0.021070180610301747,0.13339698402770658,0.011008991139248627,0.06309122200091108,-0.06055701669380263,-0.18638185358703832,0.057291169111293866,-0.1609450081374897,0.07779318727391073,-0.02214798100096479,-0.0634341492635112,-0.31513132620175915,-0.07289664879686243,0.15306947566245913,-0.1787942948619346
2016.0,-0.021953409123916835,-0.0713988829724527,0.1359357891686647,0.05260318696498838,0.07833341037379363,-0.05644436345220815,-0.1959050351987759,0.04860027729520017,-0.15272429237674923,0.07934841558346316,-0.030717512641715343,-0.045151540599435616,-0.25412160705386777,-0.0676974916389018,0.13875390744828892,-0.17988866515877777
2017.0,-0.03941326097885153,-0.11771301002452078,0.14272096127143458,0.08634099508808762,0.08969077193093475,-0.03822459085025537,-0.16952068151066585,0.04637510872621541,-0.13073177909211334,0.06940970953471412,-0.03961421020481697,-0.02529151707602639,-0.1656908606060965,-0.0538141500898084,0.0932885117567197,-0.15787078920063027
2018.0,-0.06844424547966306,-0.1482495964710401,0.15143326597498172,0.10493317616968571,0.09600060850705563,-0.0031050118202029953,-0.11372212641251223,0.05892775781472967,-0.1015192429892118,0.051068870631206145,-0.04693695966060276,-0.00884619559598862,-0.07147426555146755,-0.024685616517849923,0.022010167741421734,-0.11696763963976603
2019.0,-0.0977971249844148,-0.15453215470467901,0.15730108055072156,0.10688281249462749,0.09672328226423532,0.04780117328374187,-0.04254045362536986,0.08753539884614246,-0.07127014879803638,0.029425961113789936,-0.04854530671391899,0.0011137925014385066,0.010683046698196893,0.0219128469065121,-0.0598951854682624,-0.06840979747842973
2020.0,-0.11736420050291228,-0.1343086569721858,0.1573048589740799,0.09581010005645514,0.09254565767205943,0.10748600363691156,0.027041307092317366,0.1244047845110376,-0.045551801650608875,0.008152644974713177,-0.04333397637886406,0.004146685944347597,0.06563422846849144,0.08004930909497777,-0.13234547352352963,-0.02696187181559267
2021.0,-0.12144298909889868,-0.09279427103584803,0.15287514920096112,0.07839572614968747,0.08566415210355875,0.16563270277382489,0.08073098116727886,0.15630179126019994,-0.028899578595410324,-0.012360630404100426,-0.03566632493433292,0.0026037566201285163,0.08253203841997198,0.13654024897262074,-0.17883802921459632,-0.005364968070185457
2022.0,-0.11029219469343227,-0.041016102934411304,0.14814276562318396,0.06175591914348064,0.0793053993505995,0.21311436232452644,0.11155417658877038,0.1715711841179806,-0.023259267155647814,-0.03349556846457248,-0.03309472457131275,0.0007967403943076115,0.06023598643941088,0.1771936003948856,-0.19286222809955644,-0.00947875412862586
2023.0,-0.08921706057888072,0.008562849943305608,0.14580831895519425,0.050958682835936964,0.0761453970305104,0.243936424919222,0.1208720369108023,0.16583604647634964,-0.026709817816023596,-0.05508069189139975,-0.041971865781704185,0.00272728640780498,0.011198532930060888,0.19389313017562282,-0.17898903240877087,-0.03623821263846965
2024.0,-0.0654202736063841,0.04687970505635371,0.14491652573473182,0.047352011076247695,0.07624847808322865,0.2549249070350177,0.11557675482971759,0.14364546381177656,-0.03407699080486883,-0.07344002847653329,-0.06389548761121033,0.00933757574447683,-0.0416033934825837,0.18727699062050698,-0.14955631515736229,-0.07479562008276669
2025.0,-0.04455818505704815,0.07071727650554065,0.14197835355138552,0.0483844912205976,0.07617364164096786,0.2454527124613705,0.10397441187457594,0.11602577960541807,-0.03914066924587154,-0.08214822219170229,-0.0938653682012965,0.017232055028741332,-0.0743234435484627,0.1639842134701451,-0.11985477694169176,-0.10989452262194398
2026.0,-0.028997245727086677,0.08159787358867127,0.13301623860289316,0.048934399998915044,0.07036675700578467,0.2171645522526882,0.09250648252630762,0.09521908263288771,-0.037055468153625606,-0.0745221291398402,-0.12080610974666635,0.020077094309069846,-0.07325361853327116,0.1317402126899849,-0.10417764739601995,-0.12658680250276205
2027.0,-0.01833987106080627,0.0826752570372576,0.11448817190082933,0.04327019298808203,0.054249033184960514,0.1732889990287195,0.08356736258121039,0.0892259906029378,-0.025756669525760698,-0.046772044697737984,-0.13175676163896674,0.01201153797591684,-0.04133722516648189,0.09603660834743791,-0.11301398374153068,-0.11566115013536209
2028.0,-0.011067648218566751,0.07641052037951289,0.08425851441622716,0.027159730816237782,0.027133980535506867,0.11875517142826669,0.07442027111848985,0.09915028030099846,-0.00588741879715415,-0.001079163739057027,-0.11893913231580862,-0.008996573175837859,0.003617243211058456,0.059375487139143555,-0.15023764191241318,-0.07795167912655454
2029.0,-0.005531463165672176,0.06422687647664665,0.04405095445464942,0.00022131683170261397,-0.00688206280647945,0.0611971032198705,0.05824107060501645,0.12037369500653411,0.020167347573014416,0.05320346612461614,-0.085229407207207,-0.039572617242740936,0.03859857469379618,0.021821914128700583,-0.21038595266840354,-0.024451039091118135
2030.0,1.4242899267520048e-05,0.047033862555499344,0.0016344498351132716,-0.03257768523381135,-0.04056285074210901,0.010532145749702437,0.02792486804822248,0.14598430653617597,0.04907766516813374,0.10222654867415891,-0.04335651959923063,-0.07158302061893941,0.04735221433575319,-0.0178799064504335,-0.2782725750759691,0.028924425590287794
2031.0,0.007084273722230458,0.025503688710875043,-0.030400060531330538,-0.06217984209828686,-0.06652571849017397,-0.02399556548271171,-0.018990988654454737,0.16958737078045982,0.07650761825092113,0.13346887441982927,-0.009089781081983755,-0.0949178086281214,0.027313218635405836,-0.060186395520438266,-0.33284132481759326,0.06868498812360341
2032.0,0.015992182430890917,0.0005273818694724331,-0.03970325750659298,-0.07935187476520217,-0.07984123679320287,-0.03723334171545135,-0.07754830593151592,0.18577521209070713,0.0966374830814802,0.14104630126112006,0.00627987151409824,-0.10185196408307773,-0.01190920718928971,-0.1019328525784686,-0.35415070797265824,0.08830242002405543
2033.0,0.025421944295946443,-0.025674995904347166,-0.020273597269106384,-0.07876771558043336,-0.07920831522325515,-0.029554742393375896,-0.13670264886657765,0.18951667519676835,0.10305207308402647,0.1273294575524321,-0.0005593907799338796,-0.09079761615904187,-0.05558765895771583,-0.13506782754128213,-0.3301248692736463,0.0883410743423675
2034.0,0.032987086349801874,-0.04872905265986961,0.023768257799599245,-0.0610149758777359,-0.06669815211459383,-0.005933314751880624,-0.1834084436149249,0.17669634908290346,0.09193296085755404,0.10084316024845613,-0.025521937309064723,-0.06673182021120941,-0.09073081844689065,-0.14927521097601018,-0.2605708513723129,0.07459369819091037
2035.0,0.0359759553599441,-0.06277010765396472,0.07886685475757117,-0.031965041561958465,-0.04668234133683512,0.02628233761688377,-0.20648053764320087,0.1458931790374954,0.06525128329934925,0.07250307481327375,-0.05927832144213718,-0.03819890016422345,-0.10981673078911289,-0.1377879928845135,-0.1578088101751436,0.056158335986617805
2036.0,0.03205266646890716,-0.06248311298015662,0.12729027935268214,-0.00015990442866687716,-0.024584974769659932,0.05945049439819335,-0.19897808850904142,0.09996017537142465,0.03064368007371589,0.051797494628417706,-0.08987672153044651,-0.01338484478082191,-0.11199794203467832,-0.10236098855475256,-0.04373411089241227,0.042406308117715175
2037.0,0.020271153022952067,-0.045415442835029456,0.15453962127108434,0.026368093172581958,-0.005672768679578429,0.08644479525718286,-0.15983411319417792,0.046183125859601076,-0.0020820492039781936,0.043652578016632484,-0.10659511627148859,0.0025350316323919943,-0.10227896959023992,-0.05344905886553811,0.05644867134774,0.03822092305406732
2038.0,0.0021169253625271485,-0.013521530938900387,0.1551817230773661,0.042478454557171884,0.006214082533708908,0.10046903357116348,-0.09510036850078309,-0.005717527306014414,-0.02478789534283224,0.046988858390295554,-0.10471376366075508,0.007993355525472453,-0.08838120529336163,-0.00548661446847623,0.12197194253796242,0.04059204976312048
2039.0,-0.01818668333214872,0.02671792130523778,0.13439768216217457,0.04712386674306227,0.00977059892409337,0.09559868626341153,-0.017776834378808157,-0.04728166434966177,-0.03290840355061263,0.055844456958128924,-0.08810682375134438,0.00395456831818876,-0.07658838489650378,0.029012559321885678,0.14250681850481825,0.040441001396381064
2040.0,,,,,,,,,,,,,,,,
2041.0,,,,,,,,,,,,,,,,
2042.0,,,,,,,,,,,,,,,,
2043.0,,,,,,,,,,,,,,,,
2044.0,,,,,,,,,,,,,,,,
2045.0,,,,,,,,,,,,,,,,
2046.0,,,,,,,,,,,,,,,,
2047.0,,,,,,,,,,,,,,,,
2048.0,,,,,,,,,,,,,,,,
2049.0,,,,,,,,,,,,,,,,
2050.0,,,,,,,,,,,,,,,,
2051.0,,,,,,,,,,,,,,,,
2052.0,,,,,,,,,,,,,,,,
2053.0,,,,,,,,,,,,,,,,
2054.0,,,,,,,,,,,,,,,,
2055.0,,,,,,,,,,,,,,,,
2056.0,,,,,,,,,,,,,,,,
2057.0,,,,,,,,,,,,,,,,
2058.0,,,,,,,,,,,,,,,,
2059.0,,,,,,,,,,,,,,,,
2060.0,,,,,,,,,,,,,,,,
2061.0,,,,,,,,,,,,,,,,
2062.0,,,,,,,,,,,,,,,,
2063.0,,,,,,,,,,,,,,,,
2064.0,,,,,,,,,,,,,,,,
2065.0,,,,,,,,,,,,,,,,
2066.0,,,,,,,,,,,,,,,,
2067.0,,,,,,,,,,,,,,,,
2068.0,,,,,,,,,,,,,,,,
2069.0,,,,,,,,,,,,,,,,
