Time (sec),DMNa,DMNp,SAL,OLF,STR,AUD,VIS,TH,MOp,SSp,SSs,HCa,SUB,CTXsp,BF,HY
0.0,,,,,,,,,,,,,,,,
1.0,,,,,,,,,,,,,,,,
2.0,,,,,,,,,,,,,,,,
3.0,,,,,,,,,,,,,,,,
4.0,,,,,,,,,,,,,,,,
5.0,,,,,,,,,,,,,,,,
6.0,,,,,,,,,,,,,,,,
7.0,,,,,,,,,,,,,,,,
8.0,,,,,,,,,,,,,,,,
9.0,,,,,,,,,,,,,,,,
10.0,,,,,,,,,,,,,,,,
11.0,,,,,,,,,,,,,,,,
12.0,,,,,,,,,,,,,,,,
13.0,,,,,,,,,,,,,,,,
14.0,,,,,,,,,,,,,,,,
15.0,,,,,,,,,,,,,,,,
16.0,,,,,,,,,,,,,,,,
17.0,,,,,,,,,,,,,,,,
18.0,,,,,,,,,,,,,,,,
19.0,,,,,,,,,,,,,,,,
20.0,,,,,,,,,,,,,,,,
21.0,,,,,,,,,,,,,,,,
22.0,,,,,,,,,,,,,,,,
23.0,,,,,,,,,,,,,,,,
24.0,,,,,,,,,,,,,,,,
25.0,,,,,,,,,,,,,,,,
26.0,,,,,,,,,,,,,,,,
27.0,,,,,,,,,,,,,,,,
28.0,,,,,,,,,,,,,,,,
29.0,,,,,,,,,,,,,,,,
30.0,-0.029019220047986384,0.16408167513667735,-0.009199070138935169,-0.1077398324843442,-0.12265748931831863,0.15992967613681028,0.1460405457368483,0.06369913357816792,-0.03329706104680748,-0.10531684021192059,-0.047728319387837226,0.1135976783006308,0.0023490928601452225,-0.0498624663720818,-0.3184077728659898,0.011511410498037078
31.0,-0.02881588491636331,0.21023314909754043,0.003879440520940891,-0.08181131132995377,-0.09811089704156675,0.12494583047489852,0.15613399731908323,0.08446082210982651,-0.05316882867622626,-0.07116921244466731,-0.004179222987680635,0.128527130660628,0.11344130156075377,-0.025317763529708413,-0.2565612487909916,0.02437812160076108
32.0,-0.035857281325493116,0.2406141522934221,-0.0034752289358449184,-0.05827675546996954,-0.066522667824501,0.03791810538291868,0.16181087006754774,0.10721007428744815,-0.053494682181775874,-0.034711542060935664,0.0393874621445865,0.12180981650174053,0.20011163741585558,-0.013447037394109082,-0.161706216986958,0.025442260440440748
33.0,-0.05267860819427378,0.24256255755847447,-0.02812853166279806,-0.0415515050931967,-0.034693352806877305,-0.09525307438937221,0.15079690481404248,0.12452140844639883,-0.03670928798124089,-0.00219181131538172,0.07915222986056833,0.09428645595140349,0.2408814044980875,-0.010058113539120726,-0.0525516008875372,0.012493683058053064
34.0,-0.07543124790468464,0.21074962705799882,-0.0613293916439688,-0.029316809828497034,-0.00684687490262827,-0.25169763550752033,0.11427560476636366,0.13088398820806785,-0.00885238975912832,0.02526378121859623,0.11328078736259602,0.05418997765594726,0.23275654048951716,-0.005683971476255537,0.04927882737656565,-0.009108999771042672
35.0,-0.09460820138213215,0.1511635481653866,-0.09178171997679342,-0.015472206992338932,0.0155318378961735,-0.39732863914714606,0.05231606860364051,0.12545475882393053,0.024270889029130487,0.05039820784772159,0.14023826724952573,0.013884560822754688,0.1896416087933347,0.008781637060379637,0.12593029373212924,-0.02957778468778557
36.0,-0.09926623093487849,0.08018393036168625,-0.11038292762937324,0.004331675367254448,0.03223894455042333,-0.49836227999872057,-0.025312926141342756,0.11212810650239795,0.05780459273054187,0.07694235020514939,0.15788713115688657,-0.015569369460109965,0.1329357754148261,0.03598115150506286,0.16700603420598376,-0.04121175774372295
37.0,-0.08210406212862152,0.018288754528522633,-0.11306993320607142,0.02926365373995305,0.04350148782575281,-0.5337005404323136,-0.10313084842998367,0.09704428269040175,0.08651584767510309,0.10620094481103778,0.16396892137320437,-0.029277971709509118,0.08060104864488188,0.0706325527258865,0.17188367746662503,-0.041794896904444476
38.0,-0.04285906108840807,-0.018885818972227585,-0.10006171100323558,0.05387744104061086,0.05045361587820844,-0.5009044603111272,-0.16591852174394403,0.085055523656061,0.10465117930954244,0.13502611618458474,0.1578754467261258,-0.030599713374555294,0.04008016054405465,0.1031996847096782,0.15086653703282107,-0.03295334496026832
39.0,0.01077032699503172,-0.027493065672592718,-0.07378997903131901,0.0708756050589048,0.05542618661173664,-0.4134528687728415,-0.20326597763616647,0.0774030300874477,0.10787351835753872,0.15663645066673867,0.14174195870768325,-0.029355817258368406,0.0074141083732597824,0.12460524434695698,0.1224522623860181,-0.017672850578774962
40.0,0.0647962024331236,-0.016378508143432557,-0.03789279640894068,0.07413394760481104,0.06055313674732806,-0.29373825868769426,-0.21135910710434222,0.07188962997659284,0.09511845445548824,0.16362032867756357,0.11873269232752527,-0.036532455952252976,-0.02741893356673265,0.12918936775461745,0.10534265443263824,-2.290421560255032e-05
41.0,0.10320318765753271,-0.0015104369486579883,0.003363235810658421,0.06146150981689164,0.06544969471186403,-0.16636945613061582,-0.19275370551617493,0.06481419696110247,0.06846684723111342,0.15116749756897133,0.08943139569972444,-0.05802301165677604,-0.071930429201924,0.11630499876833968,0.10888457856522589,0.01451703658042864
42.0,0.1136153453992752,0.0025907710702570462,0.046431225804485714,0.03623411202982818,0.06637557298746283,-0.0527054405769411,-0.15471731754237206,0.05321646729880766,0.03199746220759128,0.11927137319345724,0.049929513157470455,-0.09107123103683683,-0.12476883328263745,0.09088799847267899,0.12822862070220842,0.020476502172185763
43.0,0.09184057598863953,-0.010178899667681025,0.08947467916257201,0.0065599658147529475,0.05827305444824615,0.033133505527938034,-0.10607588864791598,0.03652118158768898,-0.008596129397389565,0.07341912558544743,-0.005742410844832317,-0.12519300440375336,-0.17522247502970473,0.06212843153258595,0.14760871717729226,0.015249741109089988
44.0,0.043046433404225794,-0.035534352158244464,0.1312409835902391,-0.017929471760217388,0.03855467062534906,0.08582802476475848,-0.053890776600771184,0.016801362479321458,-0.046230966849607924,0.023429447984580413,-0.07980738266727914,-0.1466490427935013,-0.20782658469527482,0.040227093449647006,0.14997234238520876,0.0009811894599485577
45.0,-0.02048420695108375,-0.06255724118516695,0.1686057702820559,-0.029944106615612615,0.009906381604989654,0.10821635236290035,-0.0025623681406035026,-0.0027672595131806106,-0.07406323638147592,-0.019244102438790885,-0.16545550103348652,-0.1445616998523989,-0.20924098104599828,0.032752046457255116,0.127095328601184,-0.01656420837459733
46.0,-0.08294356492547816,-0.08032683819735073,0.19542588324666377,-0.0272509731197638,-0.02018849258852121,0.1092425819339349,0.04435758689177743,-0.02040556674932502,-0.08773174000047076,-0.04486373365770072,-0.24591654675931474,-0.11625802877601943,-0.1746907479905302,0.042175585967947675,0.08366953158773532,-0.031732257090384526
47.0,-0.12845645316392967,-0.08295301152040348,0.20395372100848508,-0.013278164761616792,-0.04317531647422768,0.09991385667969732,0.08267805660887102,-0.03725172233925019,-0.08630377043244071,-0.04878207121785588,-0.29933533669529305,-0.06890681676430148,-0.11135686420886765,0.06534534984162756,0.03327964439139531,-0.04243503061653768
48.0,-0.14486143072537008,-0.07092140974389441,0.18786740643210822,0.0045399635740411,-0.05385501814108957,0.08742632477623558,0.1085472951683801,-0.056337251034732,-0.07212326242900115,-0.0338498432799322,-0.30810713020449826,-0.016284175002669193,-0.03705399788756065,0.09500380074570032,-0.009944530746290415,-0.05051905732363142
49.0,-0.12767811030025517,-0.04993114952987341,0.14565191086360388,0.018156478275070217,-0.05239220186520314,0.07118243773392674,0.12043368026814665,-0.0796436445235036,-0.05079244711621618,-0.010109709631754279,-0.2684165846425499,0.027151015375147063,0.02544651492745979,0.12281098475613757,-0.03811133009428887,-0.059177963772814396
50.0,-0.08221547099591603,-0.028712728841476638,0.08368307675937889,0.02271640412847043,-0.04275953490751801,0.044531751783992816,0.11974051620851457,-0.10595499787717123,-0.03065651859446328,0.008865271140225119,-0.19382756468534312,0.051438479045142135,0.05675863048280395,0.1425498340317421,-0.05092599914611807,-0.07018222667937311
51.0,-0.022178379618639228,-0.015992569289836226,0.01734388916992391,0.018765057937228154,-0.029492685404826722,0.001098330433583532,0.10985979947159319,-0.13152113036935828,-0.020400872606695653,0.011155379580254738,-0.10985882778147106,0.05362187944831166,0.0493266145925196,0.15200806543978504,-0.051977259616025256,-0.08300578103972599
52.0,0.035044942395814654,-0.016983535546712836,-0.033032997226071344,0.011343398346262122,-0.015677482826496544,-0.059106939868147274,0.09497818977056077,-0.15281093521417657,-0.0255045399854127,-0.009634775346415183,-0.04329841006912799,0.03757661982773984,0.012112271691501015,0.15260470981107396,-0.04417933287371951,-0.09546573759158965
53.0,0.07467499599760892,-0.030987587361438796,-0.05157687052704518,0.006392994476855341,-0.0030573886056367325,-0.12777283192687094,0.07937217154362018,-0.16877485188036284,-0.04610603692746144,-0.0531167344438907,-0.01264023267070661,0.011912027763881956,-0.03243458887826502,0.1470417753765604,-0.02854631015259722,-0.10476616512571925
54.0,0.0894090811880756,-0.051673613262236684,-0.035305961695344425,0.007016484544456804,0.007046755660930808,-0.19167779114363095,0.06697925485486331,-0.18061644111321423,-0.07774655712926754,-0.11267950974628059,-0.022864388967182982,-0.013452421362081197,-0.059639955445457145,0.1369910100961475,-0.0061515162876535625,-0.10861181540411616
55.0,0.08043977609400306,-0.06992902731115816,0.005564410417706032,0.012432873623288892,0.013326043553312005,-0.239258654412162,0.060792632476317006,-0.1896663778966587,-0.1137955813793241,-0.1769791638327008,-0.06510072215631102,-0.03113513774050704,-0.056325272349252394,0.12318928006711927,0.02008838031611796,-0.10606944863936944
56.0,0.05505787658852956,-0.07745364705072287,0.05525159909855831,0.019997052432257634,0.014837810965054172,-0.2658765511985013,0.061822378291386995,-0.19592781257400593,-0.14728811469405678,-0.23253920430168495,-0.1211584404686861,-0.038850176471882915,-0.027406706345908857,0.10766271178688565,0.045376848568002025,-0.09762905775078755
57.0,0.02325551541568726,-0.06938493912334621,0.10130292561608326,0.027751456909633654,0.011622018872937484,-0.27425932899133865,0.06815772895562976,-0.1987406214563197,-0.17135513140397146,-0.2672694381428399,-0.1709641671166221,-0.03934054733743636,0.009671512072101518,0.09481620946509249,0.06355205452105053,-0.08456265123258093
58.0,-0.005109434636753442,-0.0456582026532134,0.1386829034159625,0.035088564695536624,0.004886141716238197,-0.27066854173022736,0.075398961614802,-0.19822696766265022,-0.17929887136993417,-0.2734860874466834,-0.19849874255614122,-0.03810737189589201,0.03736715409496392,0.08921904437540984,0.06774198348778863,-0.06817016211322284
59.0,-0.022612802275251042,-0.011285810515010538,0.16782721319984506,0.041817706192350666,-0.0034890456694492327,-0.2600187230760967,0.07867978635524107,-0.19529021632828206,-0.16569808061210636,-0.2494871771052015,-0.19355737897063421,-0.040470421844969365,0.046680027513896695,0.09225803947262322,0.05226569406485528,-0.04934755859472886
60.0,-0.02603410034078766,0.024851313962109593,0.1898582491051295,0.047527105600820074,-0.011604409357612838,-0.24202436616239215,0.07470288287129495,-0.18997490342886467,-0.12878216665359415,-0.20027523535115427,-0.1516971799760652,-0.04922952603567671,0.036797516679334306,0.10132147862837194,0.015650181800449667,-0.028829015302893453
61.0,-0.016882093535040065,0.052978357902548,0.20358289898216295,0.05187272796284027,-0.017584467663535826,-0.20942299319126367,0.06241857971848587,-0.18041738668634666,-0.07279631946812444,-0.13756608538362508,-0.07596290278357745,-0.0638021221059955,0.009714250050543839,0.11177484143060555,-0.03704966663954621,-0.008219420758604865
62.0,-0.0004956117130325306,0.06606246655827858,0.20631687378774438,0.054690266915260376,-0.019196936861064745,-0.15077926644880305,0.042515785046117215,-0.16408858364337658,-0.008409243742400256,-0.0774374179145569,0.02054523318797368,-0.08147972752529305,-0.033418638809810663,0.11901311985088203,-0.09430469515056841,0.009012620872948112
63.0,0.015546326125027831,0.06200416706130815,0.19660544709261013,0.05522168822951644,-0.014442916718920888,-0.05900067428881384,0.016401899747490168,-0.14001235767594553,0.049865445871956335,-0.034895662396399844,0.11583019485518213,-0.10017248424593406,-0.0916279626115102,0.11888072389221704,-0.1412906115367861,0.018112109031569075
64.0,0.023505843365779582,0.04328441043707687,0.17583893590192634,0.051393472178248384,-0.0035582544514543824,0.05944731998446375,-0.01470817811301681,-0.10953952864900487,0.08832535353173848,-0.017937071162977294,0.1861884654025558,-0.12021792156895249,-0.1610615001716032,0.10721320315993152,-0.16522551052066636,0.01564089554496798
65.0,0.018334324432838875,0.015201062044195388,0.1475997087665944,0.040552453591977455,0.009598371853102066,0.18250996086496382,-0.04962072698574928,-0.07550785513664271,0.09868125037347851,-0.024773141548204036,0.2160322056779719,-0.14328779944960154,-0.23264451934355587,0.08009846946259819,-0.15971676005438934,0.002336300699995623
66.0,0.00023801496784109325,-0.015543136942257809,0.11540715947168012,0.021642572935016462,0.018860897097357453,0.280330791114296,-0.08569455332643398,-0.04133260546431676,0.08095480627013996,-0.04544636364322458,0.20386012371132473,-0.16934452991014565,-0.29248847085000207,0.03546607609803168,-0.12553060012961256,-0.01618618134648417
67.0,-0.02504915633984064,-0.04190412430477516,0.08048778632411745,-0.0030102243918181,0.01906181590853891,0.3280624306137274,-0.1178113929598845,-0.01044136043810676,0.04384085513094286,-0.0662251402478595,0.16064262455942946,-0.19440529657060446,-0.3253637332037406,-0.0247520892063548,-0.06872156448357646,-0.031445250234094356
68.0,-0.04900275408560321,-0.05839570363457248,0.0416542983028818,-0.02810586106576336,0.008864873315657442,0.3159991843112814,-0.1395886217140935,0.014912624862041016,0.0015458296933729939,-0.0747982571874334,0.10241027319633857,-0.21073383038077542,-0.31993466805991244,-0.09321290391811132,0.0012813588218087313,-0.03528121952488451
69.0,-0.06462061250745488,-0.06376857683651259,-0.0018844206651135588,-0.04766636348184552,-0.008396911505945558,0.2514375111013291,-0.1463107919975328,0.03530025808501454,-0.03268997861130528,-0.06516009494659694,0.04215465873815308,-0.20907642422162537,-0.27347702055602746,-0.15765326299223495,0.07314353454590176,-0.022361375394072534
70.0,-0.06961821152438712,-0.06243584715250957,-0.047110052347997464,-0.05728418455995964,-0.026086936858127775,0.15199117710720073,-0.13747056934685006,0.053842254356073364,-0.0525974899138555,-0.04036176015439039,-0.01417101488790633,-0.1820250727700447,-0.19376873285125903,-0.20410068665405334,0.13582391612713415,0.008525860068757043
71.0,-0.06656061951474651,-0.062426610485836365,-0.08670401060249587,-0.055092865225034704,-0.03734979113619843,0.03608556247117494,-0.11742811867759909,0.07258644614749687,-0.05999235926162611,-0.010628854163826711,-0.06580357059853985,-0.12799290331371624,-0.09707918898690086,-0.22244596573112585,0.1813135140154316,0.0539127954200105
72.0,-0.06047486804026077,-0.07059547881421235,-0.11206887064212499,-0.041787005290876526,-0.03821409513474212,-0.08217311827113345,-0.0941197673118985,0.08843288184191779,-0.061180878429736296,0.012841359233070296,-0.11189720523944481,-0.05434723859966893,-0.003307719100376899,-0.21130137138726587,0.20640537995766525,0.10602594828753216
73.0,-0.05593352666294162,-0.08894832554312221,-0.11725487597989813,-0.02026600406380315,-0.02852193271270751,-0.1919443620904822,-0.07643752951534243,0.09321580469015966,-0.06220234093978646,0.024239754245942116,-0.14744038882835067,0.023348570879168633,0.06948025898212537,-0.17812529586798645,0.21278520439005694,0.15482335366769057
74.0,-0.054913772352631,-0.11431194474020592,-0.10135377663920157,0.004973033151684426,-0.010441606582817146,-0.282582182995837,-0.07079802217867519,0.07912307049908283,-0.06510581612532311,0.02574650001820479,-0.16293054319563216,0.08750386505798685,0.10973779737517482,-0.1345749436230303,0.20564129141238416,0.19131849553666974
75.0,-0.056104165229213215,-0.13975779057953014,-0.0690103335019373,0.02849110395313732,0.013379779286032999,-0.3427131454103527,-0.07773357637190831,0.0460108558852946,-0.06616747863306918,0.025862424659413314,-0.14686893714400678,0.126857587956536,0.11577108123593836,-0.0914779284596091,0.19092696412590665,0.21043307007312934
76.0,-0.0560267959785362,-0.15636211180397502,-0.029653065174564643,0.04453067079830721,0.04010552247947925,-0.3621204610409267,-0.09049366305943593,0.004902521977614765,-0.05756516586532004,0.034925603127480255,-0.08980123987756446,0.14116023094972546,0.09595636139800848,-0.056798551539546216,0.17183774961342937,0.21138489831895987
77.0,-0.051174979692974826,-0.1557927162856202,0.004712667722814098,0.04799237623516661,0.0658263843848971,-0.3350894723513918,-0.09755317231348459,-0.02592954286936306,-0.032196426578803033,0.05958269291335147,0.00991130622971415,0.13918754319763843,0.06422211023069353,-0.03576814439559242,0.1467543775537958,0.19535839787146947
78.0,-0.03975182126948999,-0.13348963626990373,0.023555225667471102,0.036004217382395294,0.08555159530760593,-0.2635784648885372,-0.08805937489491453,-0.02997072721529092,0.012149688232081622,0.09876702576819202,0.14028534462459374,0.13228745182865695,0.03340413132332307,-0.0309739860904269,0.11126455755029185,0.16300215928289002
79.0,-0.02244253903738154,-0.09096242836902006,0.022199144008108074,0.009713870595236958,0.09494967064749063,-0.15867436243197602,-0.05651230097360468,-0.0002158558025376137,0.07205557087219176,0.1437089514002925,0.2751823545775415,0.1281718282112678,0.011818020346663965,-0.04215710937657071,0.06353711781174996,0.1144598152761158
80.0,-0.002190375681117887,-0.03581678706697134,0.003246541758706059,-0.02480685870419271,0.09237880904976999,-0.03915916711597368,-0.003979111853181946,0.05889291063101937,0.13979318202908877,0.1820886565100974,0.3823173895915093,0.12834957878602457,0.004624548248045298,-0.06650614408209934,0.008701523504369233,0.05163562628386337
81.0,0.017024825735044956,0.020948253361558738,-0.02641483731010637,-0.05793389197119671,0.07951374624634326,0.07293353987820954,0.06339152864339685,0.13518963355429264,0.20444501510251767,0.20365451972128532,0.4357262818379834,0.12938095887485826,0.016128678240628056,-0.0991753806703911,-0.04163736576830918,-0.019737792136825555
82.0,0.0316869128137715,0.06865914925700099,-0.0604533119113397,-0.08003005123886882,0.06056284820645208,0.1582420610197871,0.1360015962131259,0.21433723473177957,0.25296203328572076,0.20388815595031753,0.42493371943481917,0.12570290239578266,0.04882943818867773,-0.13346524188457112,-0.07483467942297628,-0.09009639787145088
83.0,0.03956476851779672,0.0990134186880031,-0.09582947840433341,-0.08510330067614547,0.04084049848182429,0.20495438627138854,0.20145137707607938,0.2829655759749363,0.27260074109748056,0.18385756076637824,0.35635404842266155,0.11216954405513105,0.09932413650835986,-0.1613417587240009,-0.08378867442908096,-0.14830516693799412
84.0,0.04002247091645337,0.10671707222182585,-0.1316555602766947,-0.07274672526520647,0.024933243596252843,0.21074058789012054,0.24559793112497402,0.328818756173587,0.2550971288551112,0.1473551945652836,0.24806979497331458,0.08646721506079581,0.155198396686777,-0.17539776184527034,-0.07015470878199455,-0.18527151351808724
85.0,0.034351183738529474,0.09114706932954145,-0.16568553091015556,-0.04791362865707402,0.014850776913221996,0.18160421369061322,0.2560169854333648,0.341363197760509,0.201069635184199,0.09851467724879831,0.12265027333619749,0.051545604087825256,0.19747951910484285,-0.17188100607376278,-0.042828898342267614,-0.1975853823616959
86.0,0.025539779052644835,0.058323601394677016,-0.1922596413323099,-0.018832794457804135,0.009248991516653494,0.12900733156023622,0.22746195456982385,0.31533818681299935,0.12207479959266807,0.042006010421883594,0.001765257191539739,0.0160504817565568,0.209149696569345,-0.15270176122313162,-0.013457590575390274,-0.18914962000418414
87.0,0.01682374281931552,0.01969395292688954,-0.20422714798758965,0.006082940899195894,0.00443203608673485,0.06688058542545014,0.16593316657279336,0.25500798448625617,0.038081850030006255,-0.015187352777429046,-0.09711631380815267,-0.009054654822275356,0.1843563754931372,-0.12457634974237457,0.008639086373131134,-0.16886255860706686
88.0,0.009927288347561248,-0.012552470052934446,-0.19696925828210407,0.02111129603112691,-0.003397848867106144,0.009339483788893614,0.08777900798719918,0.17472262524385831,-0.02972912947467005,-0.06312086384911413,-0.16287547491711415,-0.015833496308479834,0.1317607283979599,-0.09566777859011336,0.01981351138922489,-0.14532832759261005
89.0,0.004560746593889705,-0.029981278204823516,-0.1709928764291958,0.02498793896120646,-0.015934156331879782,-0.031230153174886453,0.01338416400713672,0.09431777369474348,-0.06775439723441508,-0.09127576835732529,-0.1917633400469518,-0.0028783334681484526,0.07025217864335451,-0.07180011312006748,0.02185825476034168,-0.12243374965470478
90.0,-0.000532499499854451,-0.029806032554740257,-0.13175561500078542,0.02104068303341775,-0.0317293057932634,-0.046618802949090744,-0.04104529416838857,0.03202386029643087,-0.07555362980633704,-0.09357636787743433,-0.18750039168545765,0.024310668137133538,0.019662114660884317,-0.053981251680641905,0.01854423434187588,-0.09859382982382976
91.0,-0.006073322418408585,-0.014653910794484843,-0.08718235425844206,0.015317889696692896,-0.04680079493881604,-0.03580666731520577,-0.06890026528318528,-0.0013125232709321523,-0.06473532247327586,-0.07298154897081142,-0.16099724484951508,0.05474404146622366,-0.009530960798174908,-0.03803150378975807,0.011750509643997807,-0.06952893474793799
92.0,-0.0115940678209912,0.009008008747461436,-0.044361115029043385,0.013323738098609065,-0.05646658289447485,-0.006758183153610816,-0.0734429885577276,-0.004541515828321819,-0.051202477820674205,-0.041545344495603674,-0.12861063548698648,0.07485296740827728,-0.0223003908152648,-0.016682843259776165,0.00023440139907824747,-0.03257060577342519
93.0,-0.016116406055281238,0.033453880523263986,-0.007481620093002072,0.017383674983674793,-0.05724016721878898,0.025665262724390462,-0.06358336441004289,0.014778501875055229,-0.04502806304747461,-0.014563491181143601,-0.10702463154312938,0.07360264466962238,-0.036149803533613106,0.01653455638902149,-0.01827121582698824,0.010271151765268983
94.0,-0.01918505713345868,0.052601905210734476,0.02222108418577689,0.02630324887602863,-0.047937537422189314,0.0463490874085168,-0.047923907313831816,0.043193250681888964,-0.044257076376390765,-0.0023893265607383904,-0.10610476362154993,0.04820536710197212,-0.06960288154327185,0.06356701130611327,-0.04397284914876696,0.05240235140186833
95.0,-0.020535150571546174,0.06416837247235717,0.045201542379967666,0.036953043087065686,-0.03018339969859888,0.047421683428543956,-0.030847956139569886,0.06499602727192356,-0.036667298689357274,-0.005585893974829541,-0.12474058799849931,0.0066501048575117,-0.1288768444404479,0.11993442067857599,-0.07399789106654577,0.08533065502152691
96.0,-0.018310694305540155,0.06989591917660709,0.061632608300889825,0.04619784845636802,-0.008537516520941965,0.031162348507417312,-0.012564655856036293,0.0665946752099981,-0.008470372124946146,-0.016124037654759473,-0.15296746811158857,-0.03527106566925571,-0.2010179911429545,0.1753202644631175,-0.10419894026072707,0.10184151487442868
97.0,-0.008286795181799022,0.07368755704985043,0.06969807848211752,0.05198270656892313,0.010405716508270067,0.007670239571984115,0.008431928997536593,0.04142586706152209,0.04546957090210787,-0.022954149624740114,-0.1782179772616431,-0.0612028417980714,-0.25802389658096664,0.21689581056564258,-0.13169421898044079,0.09835146736101615
98.0,0.013797106511251144,0.07933577388250343,0.06603423696420839,0.0533525194163931,0.02030491394009484,-0.008673256461152388,0.0329962123814322,-0.006084199373242403,0.11632647094354229,-0.018414231503637937,-0.1909849180152795,-0.06186593971835398,-0.2701528241441641,0.23434210726772264,-0.1554915153146923,0.07597254941938907
99.0,0.048258250949190076,0.08934176192011695,0.048842002952160624,0.04989166494411718,0.01756646613392502,-0.002753175843310995,0.060244705141245906,-0.06083127027644271,0.18406516189852645,-0.002412893457826528,-0.1872216553069767,-0.03904667058123292,-0.2210982143547983,0.2237284613339214,-0.175006411477531,0.039895956424666215
100.0,0.0896056276304338,0.1040098234626656,0.02105855468134586,0.04133949451231908,0.00255130026833477,0.03531970984321423,0.08782324383714199,-0.10332718333437461,0.22621458026993466,0.017745901743576827,-0.16754999992067382,-0.00415487814694878,-0.1168294707325669,0.18825526900366668,-0.18873146827618376,-0.002182526712261717
101.0,0.1283891942091606,0.11972131338034821,-0.009605901600378962,0.02803952238859897,-0.02070950300018754,0.10308157929107373,0.11264718245746436,-0.11829420073047074,0.22735505867430963,0.03243738512458177,-0.13466734301048927,0.027379136474082875,0.01575063301662675,0.13662466161571943,-0.1945021919900883,-0.041187497840480085
102.0,0.15494797757070788,0.12805828102460767,-0.03367448576438631,0.01220869150441092,-0.04568137423850687,0.18345978396615778,0.13100340593894824,-0.09984922259905872,0.18467172662953596,0.036963663403546385,-0.0911229188285227,0.043161204405176984,0.1388199888861898,0.08061626661967455,-0.19042843413080981,-0.06773277894101724
103.0,0.1626655359455316,0.11867021451698784,-0.04309786006310865,-0.0011408883689517793,-0.06476034157462376,0.25096152295518076,0.13858458826622347,-0.0514454530596595,0.10840698480091027,0.0355389181058095,-0.039259833352975206,0.03964041689084238,0.2178926575626937,0.032385207382998125,-0.17498720448367436,-0.07439948063816845
104.0,0.14964946810931082,0.08552727654831883,-0.03307251941442426,-0.005217344761595054,-0.07066130504013228,0.2829044675885392,0.13191637395416236,0.01719779065821998,0.01859062897423543,0.03830186262086932,0.0171658458363352,0.023697363165943917,0.2345860488498392,0.0013828392614249536,-0.14635574028997175,-0.05835483337325117
105.0,0.11880342890101836,0.032228167625352216,-0.0032169148852669058,0.005351320218570808,-0.05805527172875378,0.26896864395865977,0.11045079605056936,0.09317155151070863,-0.06094947638987988,0.05351299695452491,0.07203655092162536,0.008309013013940863,0.19230685196033806,-0.00878856925815239,-0.10255902718387902,-0.02242530838605189
106.0,0.07675989261355297,-0.027556029630679615,0.04143399717142318,0.030888428427505908,-0.0255345106727155,0.21440942633316412,0.07712332456636614,0.16221148567335997,-0.11072114948768452,0.08164499621267735,0.11809731690966489,0.004826927274451717,0.11274865291990059,-0.0022264512423775655,-0.04333367496586448,0.02547192148365438
107.0,0.03224015058927214,-0.07462184267384615,0.09046936125121147,0.06492441331526352,0.02304269580526369,0.13600503739495384,0.03714260514709212,0.2106135537542047,-0.12328862485522292,0.11589568697874336,0.1496775872003057,0.01706813684513292,0.02602174295776883,0.01054139321316515,0.02745962362562692,0.07389882549175678
108.0,-0.0056148059286021375,-0.09148125080251066,0.13028283752874412,0.0956004427770366,0.07885124761881274,0.053728856898110376,-0.0035406467202461073,0.22876097337766219,-0.10592276438347156,0.14675755293693563,0.16498723785145497,0.0402196311886479,-0.040761633102120456,0.017440222447904358,0.10097497778127264,0.11099464366589175
109.0,-0.028803807211228615,-0.06983064903046188,0.14848631036821244,0.10998040646646004,0.13016886233053562,-0.01659318671581655,-0.039722253145808344,0.21490662980816239,-0.0754631472373308,0.1653140414316533,0.16611322611499058,0.06393489639778858,-0.0726887165764316,0.011167635468388545,0.16512537246137116,0.12908747435860593
110.0,-0.03257845265930233,-0.015415647941823636,0.13882434486591574,0.09948825658708724,0.16564198241891376,-0.06667298883882009,-0.0687448283608936,0.17610108387291812,-0.048666217675570424,0.16375564701745232,0.15657594200078317,0.07732463197018485,-0.07142404400567473,-0.007209156332633017,0.20832738167616402,0.1282917870044332
111.0,-0.01820474172429036,0.052565543325594426,0.10383111622238088,0.06389092982774823,0.1778730734510787,-0.0961132129549261,-0.0913678201701686,0.12495107367707121,-0.03501502851208446,0.13571504559574174,0.13904424274245858,0.07351096693233818,-0.05266870421015736,-0.029906430302689364,0.2236032209412123,0.11581697716961462
112.0,0.005728782400147623,0.10848703713635623,0.05360873146956288,0.012106885731107015,0.16611297999135105,-0.11103393370889038,-0.10989962364357578,0.07404098227657513,-0.03569882885412634,0.07868481189734819,0.11572048921993534,0.05226147847290255,-0.03691383904926018,-0.04714264189769155,0.21098885359143554,0.10051486709277811
113.0,0.025926628604661283,0.13137621863607504,0.0015565608828092658,-0.04051359154322275,0.13666748968251566,-0.12052311919166346,-0.12478956553250964,0.03145793334932821,-0.04658174765338693,-0.0022736294940912693,0.09032431715512043,0.020208080548136872,-0.038354995482103436,-0.05072279554321788,0.1768352514425228,0.0864180837037223
114.0,0.03027135442889321,0.11451312150564764,-0.04052929938073994,-0.0779054105434531,0.10047911724461919,-0.13113713985672895,-0.133513618579388,-0.0006727852161216248,-0.06137458044413154,-0.09269222256668924,0.0686217090703655,-0.011682850988141162,-0.05902620633440929,-0.03538993711281827,0.13045792337115983,0.07044289421740543
115.0,0.013319059720157274,0.06772768524905833,-0.06594663389098751,-0.09008154558347314,0.06860827520090379,-0.1427891530336202,-0.13322604293605136,-0.025650570937050997,-0.07379496885550686,-0.17156898493112976,0.05608183489214961,-0.03334293186960961,-0.09095761601067393,0.0001388167524443551,0.08007960784559702,0.04589559017391212
116.0,-0.02174411248602203,0.010955468038104406,-0.07415481061714828,-0.0775528901048922,0.047231334296847,-0.14952757396619573,-0.12423912577528404,-0.05096363794811589,-0.07923912431669813,-0.218908199538784,0.05377703964659266,-0.04118005209592462,-0.12239028148103394,0.051703136249166996,0.030301737646949257,0.00847530953921288
117.0,-0.06496810107980634,-0.03649319490321616,-0.06892226624531439,-0.05045581308421254,0.03482031304389041,-0.1440135022687981,-0.110897713330593,-0.08559603183030881,-0.07585850608794514,-0.22444948303357753,0.05583439585740652,-0.03961768582020794,-0.1420492461522855,0.1095680449011955,-0.01725672505701483,-0.03970427648710295
118.0,-0.10354814668853654,-0.06410872391658418,-0.05441720147421171,-0.022552767554491846,0.02383469920723381,-0.1215024308870817,-0.0993679022698851,-0.13507502905496346,-0.06445943893233767,-0.19261437415765212,0.051969567701534436,-0.0366034926797293,-0.13971291407601644,0.16096608627782125,-0.060489317204992364,-0.08994868184843162
119.0,-0.12612022500592035,-0.07162874540833544,-0.03234618859524817,-0.0039189606446006185,0.006089721588794507,-0.08168769331044776,-0.09420070319093943,-0.19646579021842514,-0.04741035032573525,-0.14057716216085014,0.03433003575438157,-0.03669701428769601,-0.10645299339936945,0.19406093463048618,-0.0934397265889583,-0.12997192906297625
120.0,-0.12654356390693186,-0.06518954816111462,-0.0028592474888001302,0.0027724583115462816,-0.0219638247392368,-0.02926005826435829,-0.09610072562658067,-0.25741785179088067,-0.027485994580155826,-0.09050606801129435,0.0029264481346176407,-0.03793052277208579,-0.037838064870041516,0.20113861791796903,-0.10655673904513227,-0.14854483004770716
121.0,-0.10589447313434372,-0.05303589283168329,0.03191840758765844,0.0005578329239315313,-0.057404168990343354,0.026782575647686272,-0.10222306981640009,-0.30093910054825035,-0.007268011114927694,-0.06008429362419533,-0.03485190658401585,-0.03513249674643679,0.06157541329039421,0.18000829328934742,-0.09150551097605095,-0.14012529853746614
122.0,-0.07132115411456741,-0.0433239882334759,0.06554566029679644,-0.006264122462465159,-0.0929629455756141,0.07535673482737988,-0.10827138913299154,-0.3132401212096063,0.011322704850894231,-0.05543996764603578,-0.06923913175378765,-0.02627847314814928,0.17701217204803096,0.133639780324548,-0.047789725872744104,-0.10743869414663094
123.0,-0.03249557103714494,-0.042557135985664206,0.08838569542859408,-0.015358064575086074,-0.12091435689869863,0.10633286569560532,-0.11062877480662381,-0.2900765375224399,0.027922782190475007,-0.06915495493385863,-0.09274121553378205,-0.015567883333198786,0.2871677244738135,0.06866327659334932,0.013527822867813037,-0.06056161746275107
124.0,0.001720133659636695,-0.052961345511480136,0.09132666353998437,-0.026490542133504318,-0.1359968540065512,0.11374595279076992,-0.10725165123756583,-0.23828295869484784,0.04410282839461198,-0.08443843296154663,-0.10135235035487052,-0.010165044050734972,0.37056407762395793,-0.00611770980902,0.07239484692930748,-0.013071306247441053
125.0,0.024914173932332154,-0.06982111482972901,0.06990103253580804,-0.03940603068464336,-0.13634553869871607,0.09827315241729752,-0.0974195104066806,-0.17217393479467843,0.06163303362876167,-0.08388611128376115,-0.09343328830491288,-0.01372329699142341,0.41155626104870585,-0.0804666335635378,0.10788347473604895,0.022890026503463296
126.0,0.03370814684801075,-0.0817918625512581,0.027002135689196807,-0.05170166858654604,-0.12305374774907822,0.06702898038550117,-0.08135763841402652,-0.10756349449331452,0.0794115966526154,-0.0582510029586627,-0.06943136304631117,-0.02260193174480181,0.4038163391421584,-0.14305095778172983,0.10751480110156922,0.04113704099006478
127.0,0.028042393738647146,-0.07591626198697397,-0.026913295489450786,-0.05873968111530084,-0.09913047518232154,0.030394263085599307,-0.05995604499259821,-0.05684004781538725,0.09229133273660055,-0.010301000884927667,-0.0336273339103183,-0.02767179430745166,0.3501289640712995,-0.18240858854034547,0.07310594545106389,0.04387530231588877
128.0,0.011080317852866154,-0.04517339910650138,-0.07650753274971453,-0.05603727083573847,-0.06842480618981157,-0.0014109680049251407,-0.03404626175618706,-0.02635988476893433,0.0935907005234494,0.04795445714264861,0.004496297183062616,-0.019854606103260196,0.25926808133916546,-0.18954997188215306,0.02012729764762366,0.040005420826221286
129.0,-0.011283140954356723,0.006176053615270235,-0.10651019195927919,-0.042441423016587126,-0.03511046608449023,-0.02028253136319243,-0.003806498223745359,-0.015758315899408067,0.0793849417190416,0.10199668642514341,0.03250651205645802,0.004281570489941982,0.1426421412740664,-0.1617975027114543,-0.02940313396561517,0.0394101619220641
130.0,-0.031288038755266735,0.0631367332806423,-0.10727998778861338,-0.021406276221210194,-0.0037789751480285447,-0.021824522086670236,0.03040912911294339,-0.019339619797314883,0.05139163868669472,0.14084371990767797,0.04077839904197452,0.039730782231390725,0.013135511383237077,-0.10540828296796584,-0.05633769345724118,0.04661451848422839
131.0,-0.04113204404489903,0.10644125101402957,-0.078484898438543,0.0007078792116178782,0.02066976481146339,-0.006875018715338781,0.06618489727972117,-0.029679810505338588,0.016807059561191336,0.1595930312244035,0.027474073720376694,0.07459264444211787,-0.11374785869833466,-0.03462616962266708,-0.05095811122442935,0.0579167298373606
132.0,-0.035737456709661664,0.12114970251796325,-0.028786420750761668,0.017867650689004075,0.03421754466585195,0.018866036911225455,0.09828724535286301,-0.04152142804490649,-0.014768569404372243,0.15869468244674695,-0.0013145540233435934,0.09559817689227781,-0.21893983111454443,0.032528189452389666,-0.014930423099257125,0.06372510915531725
133.0,-0.01495126239776527,0.10254689024934849,0.028173795560210612,0.02706187946436848,0.03568751516559757,0.04757351588249065,0.12032038103012485,-0.05329722278356086,-0.0359627312883268,0.14168810530685824,-0.035236644256181913,0.09476566620207252,-0.2824854000160271,0.07934906127604861,0.04037596619743615,0.05447772677125327
134.0,0.016130933568782427,0.05684916771059657,0.07884370225580475,0.029203324388633024,0.027701418158509093,0.07216822508636818,0.12758914528272006,-0.06588511950540318,-0.04547559530966533,0.11315760680145219,-0.06299078472003194,0.0731551300061678,-0.29070848757877715,0.09460546552979415,0.09821752223987108,0.026551564081080167
135.0,0.048652087721085216,-0.002312256864741989,0.11346753153801278,0.027938428608062546,0.015224456867450033,0.08742966212216328,0.11922583268310868,-0.0802114232147702,-0.04871795846558912,0.07754543061487944,-0.07427604424954323,0.03961485420594137,-0.24399579506953575,0.07554160462046407,0.14202611222402278,-0.014951702186827039
136.0,0.07272615551679223,-0.058943952037208,0.12765561216283278,0.02734441812768348,0.002755467929802813,0.0897742618618981,0.09873197661259317,-0.09545673319542056,-0.05475336708107157,0.03800824356970852,-0.06290196935363183,0.006050173051451826,-0.159079453180545,0.029518257189774546,0.1598742429220041,-0.05765684051503438
137.0,0.08056848357922834,-0.0995165286492362,0.12189635568538311,0.03000603619244891,-0.007413829551900714,0.0768043426551113,0.0727811475181181,-0.10917187540830409,-0.0716757631881314,-0.004714193414725549,-0.03131938185362139,-0.017521777151760794,-0.06267934175107358,-0.02730462440305176,0.14681861884991496,-0.08669045907961971
138.0,0.06878450642359829,-0.11700815991013669,0.09964252375482165,0.036100075752543016,-0.015169187766428251,0.047010616763955515,0.048554852442277446,-0.11912559502193779,-0.10297776632751787,-0.051691673285158266,0.007294162058103375,-0.026111437205104226,0.020426232241889282,-0.0756187521479299,0.10586252102557207,-0.09077341056077828
139.0,0.03925090852816443,-0.11300049241845812,0.06558739640381325,0.0435912389184585,-0.021856290805586556,0.00023778555417813252,0.03090231898256101,-0.12467006389443396,-0.14607056759866222,-0.1030667065359075,0.033384928983326914,-0.020637522642690285,0.07743332588215844,-0.10101721479636919,0.047500188497740244,-0.06737102894035173
140.0,-0.0012463855158992023,-0.0963121440506002,0.025385406821494014,0.049418410510225615,-0.029340719547991796,-0.06035373886505106,0.020961713848584997,-0.1259415520189363,-0.19302447376387263,-0.15543086206380616,0.03128942771585034,-0.006397546035898485,0.10963305006462662,-0.09962068029371038,-0.013235139112888364,-0.024503388983441208
141.0,-0.0428130600239758,-0.0783503013463106,-0.013958800496644871,0.050700167726557235,-0.03857287895370994,-0.1258880212462966,0.016651403865711224,-0.12213314098750554,-0.23282296527217325,-0.2015576036815624,-0.0010526819641594387,0.010281564555259417,0.12636288647844976,-0.07789995791909136,-0.0616731141916399,0.02245730541597915
142.0,-0.07558328658678123,-0.06733139705056869,-0.044625811665989425,0.04524031649791265,-0.04835034605313161,-0.18168023547729018,0.014069666109765072,-0.11138460310128244,-0.25423357569911487,-0.23285569517073432,-0.050640037670924475,0.02493808313994189,0.13554217172682095,-0.047812437430061895,-0.0881612684256688,0.05795761081529303
143.0,-0.09277437811976891,-0.06441168266302381,-0.05998479909974739,0.032018819428271915,-0.055738084391599545,-0.21151446261656587,0.009019971395218178,-0.0927697801470294,-0.2492053513217373,-0.24297727279581968,-0.09759646867467868,0.03525831116814767,0.13729330925862732,-0.02134164514795694,-0.09099917225606406,0.07356218959948202
144.0,-0.0922252884764762,-0.06415979641334328,-0.05739757246225315,0.012100695587093103,-0.05825879667388591,-0.20537334293041956,-0.0012637625829411802,-0.06820196810623451,-0.21644380169687055,-0.2301193079329595,-0.12671248698681756,0.039505971614059415,0.1252183923116988,-0.007288990855725486,-0.07698440982765964,0.0713198433047553
145.0,-0.07632687911600683,-0.05891738549657788,-0.040107195121559434,-0.011012669793959685,-0.05584884004834703,-0.16567683704465533,-0.01657166069106215,-0.042281708836086514,-0.16291784890653052,-0.19678694212718512,-0.13406070638650314,0.035880252886271925,0.09410120738475936,-0.009996301410693747,-0.058626750513850176,0.06126287404318422
146.0,-0.05099129344297565,-0.04345775059163839,-0.016611104717383165,-0.03243478633802038,-0.05062104062578297,-0.10639509001612064,-0.03356897055890816,-0.020387849082390285,-0.10116647069802823,-0.14786151436005657,-0.12484378946209282,0.023645041813130846,0.046790689716869144,-0.028995010338433515,-0.04819866059686356,0.05441224921203388
147.0,-0.024201202387170443,-0.01689767159160552,0.0021846650318017233,-0.04781096957015114,-0.04488575384532784,-0.04520581423942923,-0.04742867254614708,-0.0064504531429701245,-0.04395251414538418,-0.08859674298625389,-0.10588241791099368,0.004125872878002658,-0.006240040706090404,-0.0597464472030202,-0.05157074447276801,0.05588272499017314
148.0,-0.004386670765380713,0.017708804510741544,0.006374307490620815,-0.05478362575499834,-0.03952702684205691,0.00491623878834444,-0.054137637494397844,-0.0013238250880507059,-0.00032910924666029783,-0.023917889966194338,-0.08013699271861117,-0.01958257078313017,-0.05337030426414008,-0.09516499383937634,-0.06558631954098955,0.06284706051105549
149.0,0.0015903267569701445,0.0542869687264459,-0.010341780306124605,-0.053262990453616536,-0.03378444984171245,0.03918518126476875,-0.05212794748876457,-0.0020538045979018545,0.025200884447767725,0.040464703681667075,-0.04756888858165154,-0.04330598117091588,-0.08754538907457306,-0.12707503892058705,-0.08025377623569853,0.06793500573123464
150.0,-0.008887431123257431,0.08499162586552839,-0.049116814683948094,-0.04491844207850047,-0.02577932731315994,0.0592409784510194,-0.042706500965775704,-0.002418739289960182,0.03217595056570694,0.09642408472541418,-0.010219651538172331,-0.062410694685039306,-0.1071880624212144,-0.147865960886194,-0.08431126395585448,0.06444320688864671
151.0,-0.032014994028500665,0.10216173615270968,-0.10475782334389258,-0.03257155307896138,-0.013200157186363859,0.06880290351070319,-0.029474215640689,0.004963174050261903,0.023815648951405224,0.13362980733324595,0.024073870434854455,-0.0730193074788679,-0.11382916577265108,-0.1524121688229224,-0.07134546900230679,0.04996586911110246
152.0,-0.05839137431265603,0.10007148088434947,-0.16493542897657573,-0.019570690509985007,0.005513060994993122,0.06980084748361698,-0.016983591102249396,0.025893340170090463,0.006418209109372436,0.14271395837940173,0.04361071591919262,-0.07371944799191156,-0.10947729765105972,-0.1388768906707676,-0.04303844965066616,0.027592064512671887
153.0,-0.07744442089300511,0.07587950658823178,-0.21181272325886755,-0.00904107717765628,0.0294447449284722,0.061276526327617785,-0.00900267676601288,0.06275249699464396,-0.011930979569906047,0.12016624527945714,0.039948124994529974,-0.06656360265738122,-0.09519353103889583,-0.10780582385719796,-0.007592149831545325,0.004595112270310334
154.0,-0.08238162353927667,0.0308954913359919,-0.22759396164085116,-0.0032021936691353173,0.054209312354571874,0.04118900721523207,-0.007187534127718413,0.1138290526248135,-0.022992964411800924,0.07211796911807368,0.014779216541968062,-0.05634231665600996,-0.07110245719555713,-0.06101462695384301,0.025064404708746654,-0.011436166058403993
155.0,-0.07217297918414516,-0.027309914240448478,-0.2020380425399945,-0.002974801257838189,0.07331519743377862,0.009262217310196509,-0.010487040443810292,0.17349456087684417,-0.020068612361062235,0.014332032106818937,-0.019076710153725532,-0.048026217166581744,-0.03729176110269551,-0.0017773556112163687,0.04784686637900256,-0.01715750318536051
156.0,-0.05032576244613791,-0.08425802193815678,-0.13764978777875853,-0.007919743753525688,0.081668030072791,-0.030848357674712213,-0.014885497955553837,0.2336491737596496,0.00032604011990314063,-0.03246347154410945,-0.04326200332576654,-0.043791503239116854,0.005052737311104245,0.06406694655115965,0.058489128122404,-0.01518898459904798
157.0,-0.022618175596781698,-0.12236925830676798,-0.0496117399684851,-0.01637737308614345,0.07860549738433004,-0.07082287003572844,-0.01385172625455894,0.28618429270442486,0.03711936566875055,-0.05050089850876876,-0.04223549933321534,-0.042123290840762155,0.05227360548484985,0.12784196528067918,0.058327648771721335,-0.011649670456188102
158.0,0.004845880716464817,-0.1285758371759975,0.039528777771048025,-0.025579997073011364,0.0679724255888157,-0.09939350868959763,-0.0007155914819370914,0.3246933030939568,0.08406973430924838,-0.03257090677989739,-0.009900978769477134,-0.03978814654064108,0.0972303019579771,0.17986638123901275,0.04954907618882362,-0.01191722991519118
159.0,0.027337254060743096,-0.10091254010563673,0.10808890322510427,-0.031780225368391674,0.05531899708504584,-0.10748946291268935,0.027207196225590626,0.34442328499448777,0.13038925176354305,0.015232164662959837,0.04825406007155718,-0.03444100325204008,0.1304510481072903,0.2124651158950231,0.03403749983672891,-0.01757432125516214
160.0,0.0427857552119705,-0.04950519142349743,0.14243143389586385,-0.030914404651001547,0.04437927233326769,-0.09449816325709069,0.06574932322636744,0.3413953907921813,0.16346357128784939,0.0775161847345856,0.117862470444841,-0.025572263307208732,0.14415909159797385,0.22152604808662138,0.014623495520483277,-0.02572245663549893
161.0,0.05202978953104471,0.00855434782068696,0.1396546410915315,-0.02033025220178592,0.035033386999675176,-0.06994484844948973,0.10557671421837737,0.3118876757095037,0.17352084002372126,0.13716197738521868,0.181229564289512,-0.014224205164054189,0.1370883050814967,0.20560279431484377,-0.004098522421570755,-0.030819877664980507
162.0,0.05794440900978418,0.05706979299481812,0.10601694134604255,-0.0010397780895610516,0.023808056609572706,-0.04811360378514897,0.13762221827179372,0.2533271299533741,0.15778769686695573,0.18090490562534195,0.22297349350846254,-0.002868896746510936,0.1160828746183386,0.1650957199465683,-0.017619868203251877,-0.028175334246860702
163.0,0.06384811771185604,0.08667896197949039,0.0539458462736271,0.021429668050765422,0.006500990847890756,-0.040071874058235486,0.15772617238428271,0.1675612187649264,0.12129999468158327,0.20074596797233135,0.23436162320630557,0.005012958209265717,0.09174205978010225,0.1039203582224149,-0.024360445134017583,-0.01693145144314238
164.0,0.071774581046446,0.09619931255165358,-0.0008991864885358037,0.03897823408976143,-0.0186587736584289,-0.04887573600418319,0.16718411024498397,0.0646375377239187,0.07429554854327963,0.19370486157247882,0.21574159391305525,0.006591979415990284,0.07048086157160484,0.031809923113483206,-0.026224479099956514,-0.0009030081989722107
165.0,0.08121049000636642,0.0903530102889748,-0.04302851728656821,0.044636741731784224,-0.049006579837518,-0.06928366947567947,0.16972018852472476,-0.03760195868913629,0.028503986356771524,0.16206513437170864,0.17572775845895797,0.001486554005908533,0.04968176922594563,-0.03618592179885259,-0.026515971772913653,0.012549844197294473
166.0,0.08861706768337047,0.07645237774406839,-0.06131832282847197,0.03569819082996724,-0.07762112154027861,-0.09022380286928693,0.16760323426169788,-0.11963768684825675,-0.006065936268878907,0.11301544012077389,0.12684529120184967,-0.0079055652187727,0.020591749345499517,-0.08342956241627138,-0.02813349782550471,0.014726996378713296
167.0,0.08817243050367653,0.061180581244241396,-0.052894444131261986,0.014846270525502497,-0.09604009943044897,-0.09881247970800147,0.1593875485660325,-0.1678206519937416,-0.023766176239638875,0.056716554023503896,0.08028735557593562,-0.017426701349793197,-0.023189452910142662,-0.09695462305279923,-0.03369831955128461,-0.0014655898813013362
168.0,0.07424001884801797,0.04770014186248653,-0.024511580434335403,-0.010967667204216216,-0.09859392450904005,-0.08532627857820703,0.14029122967893032,-0.17837172229435655,-0.024929271988229335,0.0041296817297732024,0.04296678067317947,-0.022714172707413452,-0.07872502103108273,-0.0726048431082344,-0.045843657072009575,-0.03813439498215227
169.0,0.044747982296114014,0.03474652927666378,0.010134092412642614,-0.03351614272955009,-0.08577684361640085,-0.0471662977140585,0.1049495277580395,-0.15691577530241205,-0.01532386737875273,-0.034459570237410815,0.017331011340425886,-0.020851017279138382,-0.13404720389782332,-0.017947712422055503,-0.06612645121174968,-0.09007823655899698
170.0,0.003418130078334854,0.019389751181436207,0.036421328784518064,-0.046930303769472485,-0.06433197433517883,0.010291013051536898,0.05131014889855366,-0.11559849868835038,-0.003320176267391189,-0.051504959847153926,0.0022641035963541006,-0.0115596758245773,-0.1755934504482318,0.04918154534791107,-0.09394750967992228,-0.14544540786015908
171.0,-0.040352828631147315,0.0019270369823243829,0.0452039362126876,-0.05019523656395849,-0.044009826382301075,0.07533947168398152,-0.016579098114615016,-0.06938531951164366,0.004010744994944455,-0.045529163655153866,-0.005987455066692509,0.002583251579438688,-0.19684002818676585,0.10655021228955014,-0.1268391171493741,-0.1895940923244232
172.0,-0.07371448553849322,-0.011353727933063747,0.036348860437253064,-0.04732275895412217,-0.032843105224330774,0.13220597639687354,-0.0890089680881195,-0.032089080957671844,0.004270157335453916,-0.023221855689118446,-0.012380839218038807,0.016779248660326342,-0.2010960048869684,0.1351288749051393,-0.1610049870720095,-0.210521002996056
173.0,-0.08428971350146072,-0.01083235587004108,0.017956045729298507,-0.045119654981058,-0.03344739871651452,0.164106550893835,-0.15425021411005743,-0.012892216571908784,0.0007355739848510987,0.002628817919022668,-0.020765077576137048,0.025079365284244363,-0.1969436752187022,0.12502806350403983,-0.19108499640693138,-0.20351650603447288
174.0,-0.06513917097621467,0.009370673680231917,0.001960322208008741,-0.04950852703751609,-0.04223764224383252,0.15844716010882653,-0.20281368742920258,-0.013986797942962594,-0.00013780173785025017,0.018906741819658044,-0.03203180650648041,0.022027158576243835,-0.19175219059298645,0.07781752212936764,-0.20997100126414237,-0.17260421738816403
175.0,-0.018593523305446804,0.045176817419504765,-0.001626781606637411,-0.06225535526264675,-0.05161888802474914,0.11319920319887723,-0.22954008986551616,-0.029756043184317616,0.006964541914566054,0.018320412848697527,-0.04458361491249899,0.005131639501840422,-0.18887152333777318,0.004936300973863671,-0.20968676477185097,-0.12770630083501583
176.0,0.04376442570372497,0.08227324931803061,0.011227755975423125,-0.07987948788766601,-0.05374604635935195,0.04024536767617851,-0.23331287001080786,-0.04892021025340001,0.023559349713981926,0.002594644074965255,-0.056540913822664816,-0.023012518975619962,-0.18852613525199807,-0.07655993025288256,-0.18377987269734244,-0.07955513490425481
177.0,0.10544715692772025,0.10223808500526911,0.03796796322312228,-0.09514021968309802,-0.04402052079181665,-0.03801144033007498,-0.21631958209355523,-0.060027276823853004,0.04784872308117896,-0.018856460836714994,-0.0668236928717682,-0.05522990889422634,-0.1890843966950114,-0.14851860806687772,-0.1308276169341068,-0.03583106794659152
178.0,0.1509962195829368,0.09100282397708459,0.07122135668792491,-0.10012488558726124,-0.022716086038843338,-0.09767295415222357,-0.18387923277907686,-0.056751240270699006,0.07660587030833188,-0.03403193745713001,-0.07396062677233105,-0.08311683388195425,-0.18718833812253435,-0.19513366623828185,-0.05686899951743046,-5.991276519132104e-05
179.0,0.17007944501060657,0.04469338024775296,0.10123363574678305,-0.08974306780187169,0.005621892548169944,-0.12286534581183438,-0.1437239668402804,-0.03892385471388366,0.10618347575912636,-0.03464809332060301,-0.07468217685216545,-0.10053276121119023,-0.17798605324821018,-0.20598272523597727,0.025381489868260908,0.027675087921383384
180.0,0.15903298393453594,-0.02924713919371075,0.11893016597948106,-0.0644649493106777,0.03392363361721359,-0.11063826379602248,-0.1036549294615322,-0.010128392518531934,0.13248987292856917,-0.020298892747699294,-0.06439692878016445,-0.10508131551140835,-0.15644440012421273,-0.17900636711227963,0.09996619540142111,0.049493664994957706
181.0,0.12126307035236752,-0.11439384429293369,0.11966009384979809,-0.03065572958888478,0.05457910641597444,-0.06910358971462086,-0.0686306955500603,0.024001806401698585,0.15111750888426706,0.0019717925855500867,-0.03957517573360895,-0.09799152598534144,-0.11912218427897728,-0.12198501286322386,0.1519255174733067,0.06813742171112291
182.0,0.06663499349681698,-0.18953687721651435,0.1055262445141442,0.002379367992318732,0.06174017306560822,-0.011097762160322086,-0.0395021441558809,0.05552784383492267,0.158049420251379,0.022189962410111817,-0.0010506598561570936,-0.083269460702662,-0.0660424009524526,-0.05100335057268367,0.1716392306341137,0.08494301697498273
183.0,0.008791341314863487,-0.23447572741612088,0.08387213378532705,0.026919393440081242,0.053598858397599036,0.051764599152855834,-0.014313809483116731,0.07477169375392599,0.15070047884596668,0.03258573891646017,0.04332134844660094,-0.06613590689748149,-0.0024781790866568883,0.014028407056033998,0.15855892965525367,0.09844046855500406
184.0,-0.03907731719539059,-0.2366203781600395,0.06269538281786152,0.03983472809875782,0.033281321456699264,0.11202452391672556,0.008991452598231782,0.07362812137964482,0.1287221455437204,0.029962321241268294,0.07937091979961593,-0.051010542701856905,0.06105278324820556,0.05547362879944814,0.12225090388738816,0.10498643038184542
185.0,-0.06810863533422588,-0.19583348597845188,0.046670642858320344,0.0424987127418222,0.007812152116796354,0.16665347490870175,0.030374967054664345,0.049892164345362276,0.09360040290068784,0.014880133771208589,0.09225706293609028,-0.03998048168096386,0.11170258614744989,0.06348410315627004,0.07900060015627652,0.10088871447548843
186.0,-0.07593434860220798,-0.12478891864969069,0.03639618905729822,0.03840300675894649,-0.013910781463712243,0.21480907433845764,0.04713886298026648,0.009447754285572978,0.047668826338569906,-0.010293455747883642,0.07419387492294284,-0.032658272953251,0.1385152995606144,0.03841110590629181,0.04486460456673487,0.08405991561094528
187.0,-0.06666354265944256,-0.04414147335262384,0.02985990564106832,0.030728596614282358,-0.02345247488273292,0.2538964946329036,0.05500956345358782,-0.03526926741887136,-0.005140320827731512,-0.04240773095686001,0.029135311277798837,-0.027345973888102466,0.13625794858168772,-0.010839479395647882,0.028762825463020707,0.054736661370669855
188.0,-0.04887777714915404,0.025429345471917435,0.02356166265491159,0.021865994428099823,-0.015448673240526147,0.2774441389903919,0.05019113827798549,-0.06970795022703961,-0.05719474806646125,-0.07700099245694472,-0.028132077482026698,-0.022011339003482813,0.10822045299206731,-0.0708346953705018,0.02953528519251829,0.0164150689919485
189.0,-0.032491563939978284,0.0706448416393487,0.01299803910652216,0.014675285170748066,0.010325878312373676,0.2775026514817699,0.03151138388091047,-0.08242584339900874,-0.09751213410360036,-0.10704189083990656,-0.07782607388097418,-0.01402013397231999,0.06623557356945838,-0.12691124733411124,0.03815030488646548,-0.02323435612559925
190.0,-0.025393897706195892,0.08932115065738809,-0.005827106632735094,0.013206723946940179,0.0486836806540928,0.24982462374881664,0.001993144620922294,-0.06915767046184904,-0.11595156343391153,-0.12281485090550531,-0.10359290704750308,-0.00011000480116128004,0.026432384272149893,-0.16429204315682722,0.04314486643378496,-0.05380313133739935
191.0,-0.030411482879408147,0.08870259871327416,-0.033913381555508625,0.02117583170542406,0.09069946198639323,0.1974706278489992,-0.03060119760612762,-0.03429261323031979,-0.10782105946600902,-0.11451782507426005,-0.0997355228163051,0.0213412300550961,0.0025393607847038428,-0.169650394968933,0.03689301362557706,-0.06661731812475775
192.0,-0.043509539955159215,0.07925651214165279,-0.06782516688014588,0.03896495523214445,0.12663078519453383,0.1303249935645325,-0.055050948615011024,0.011229248344748508,-0.07537040115679966,-0.07684196198076215,-0.07321332382491941,0.0469214462103102,0.000234542711207464,-0.13627621828354072,0.0205996267193074,-0.0587964337461404
193.0,-0.05492925861631826,0.06806420382698275,-0.1002642258086817,0.06165917531751248,0.14924783031976202,0.061765518542984135,-0.060638938902027394,0.05507623247161645,-0.02620661995715761,-0.012623759849623653,-0.038991277504876756,0.0675620833969931,0.014938646208279192,-0.07017215978715781,0.004710881621060154,-0.03340536456163453
194.0,-0.0539445206251287,0.056819931786570806,-0.12188056890863697,0.08020699703798352,0.15619643237371678,0.0050837186644634305,-0.04269590342247404,0.08904274155472607,0.029413550644919583,0.06697914960161676,-0.011445465651777832,0.07272099252768151,0.034171778424256755,0.009731678986048308,0.0026646761810642365,0.003140087518005389
195.0,-0.03482451736277101,0.04521544670925204,-0.1236859638722398,0.0856231483362933,0.15014456878336693,-0.029475357036134995,-0.006001068575705278,0.11192280498904512,0.08113072380713902,0.1456296269256503,0.002843727240523984,0.05687772231780882,0.04362030115196282,0.07959999248373759,0.021962773181673754,0.04325251780028965
196.0,-3.5548928368432353e-05,0.035178391460840945,-0.10001311288260174,0.07385952215398091,0.1370829798039663,-0.037625998097400304,0.037210656699460214,0.12834975813101177,0.1205357334428207,0.2059126045524745,0.00652501426789605,0.023785939474360904,0.03362452172362866,0.12192888143671048,0.06002304283974301,0.0796292122336405
197.0,0.04092247213339806,0.03134748021222763,-0.05139922804377686,0.048261772109633005,0.12411346721359906,-0.0235249814578895,0.07384864917879809,0.14412226006722115,0.14258514632223232,0.23298984469109832,0.006842551933183295,-0.014184468640387068,0.003090217688796296,0.13275517498859515,0.1072585382011047,0.10741952570302941
198.0,0.07558308107901313,0.03796305872185446,0.013959157918260266,0.01792469672527983,0.11710792046391451,0.0003292855644462407,0.09666616378115837,0.1608409216855896,0.14604614622248938,0.21818068807329843,0.008760548471179332,-0.04123781969607476,-0.040101425419898855,0.12057845909934677,0.15275700294481076,0.12646776327951137
199.0,0.09339511929267359,0.05583731049623753,0.08150834567119358,-0.007084261239431032,0.11789011004537736,0.017718832791164426,0.10659389630901898,0.17393886845736903,0.13287125625126026,0.16204841698695163,0.010814064702604844,-0.04524335483352978,-0.08232070929084857,0.09836680896742873,0.18735850826359063,0.14100868447541995
200.0,0.08973600436432402,0.08197038839304971,0.1350300108036544,-0.020570117239884216,0.12217229691470029,0.016671384689782156,0.10991857015498475,0.17574723979485968,0.10718577162079354,0.07533265784133578,0.006471387155488718,-0.02286681419909827,-0.1098222825727001,0.0754114638233892,0.20373919265381027,0.15550237791384958
201.0,0.0674108274466857,0.11130004892354319,0.16333656319930331,-0.022083913399934457,0.121026234380846,-0.004129337461705418,0.11337921899760306,0.16083809461592183,0.07457257972504469,-0.02315206387957777,-0.010205341130721439,0.02021279480819309,-0.1130796766559378,0.05518192268311671,0.19655965741679188,0.16903939057843284
202.0,0.03467941147497643,0.1384326584633612,0.16484734014391214,-0.015063136538884154,0.10625419992533455,-0.03528122963598802,0.12056921279640395,0.12916721433820705,0.04133749808714153,-0.11126599679592704,-0.03907187754039454,0.07326084152570163,-0.08752988758552309,0.038376148721708296,0.1643758907389468,0.17322260694905517
203.0,0.0008087469896138561,0.1581753658263776,0.14638118187142507,-0.003397961975953066,0.07576455786709806,-0.06277936382787255,0.13058062904586032,0.08502197699343099,0.013120219874910764,-0.16989296292450706,-0.07283049242286704,0.12457588243275979,-0.03335083145777019,0.026086354866725225,0.11165898092814008,0.15637102383505508
204.0,-0.028069547856241047,0.16603509153349708,0.11738384599832241,0.010703714307677416,0.034794805428578324,-0.07576685587231001,0.13852211856321683,0.03367945412694068,-0.00682906873339166,-0.1890732149512619,-0.10089381548022205,0.16321352967215907,0.04261002510397098,0.02072629017852252,0.04861991379829735,0.11187942835990011
205.0,-0.05030034155371802,0.1601425289605329,0.08461925780410974,0.02683274927523466,-0.0072204048359501,-0.07165509005485066,0.13763283809674245,-0.02070492734225646,-0.018364902819341555,-0.17134169580421846,-0.11505340677567945,0.18006389160863887,0.12496275646073826,0.025574728404884853,-0.011354919178914237,0.04490412961651448
206.0,-0.0668572839325615,0.14336799315262513,0.050844884708669276,0.045566270493046346,-0.041155470902960234,-0.05663853446593679,0.12209256019569151,-0.07421733013938417,-0.023326201083093242,-0.1303256322618154,-0.1133712981816956,0.1703726952555703,0.19274867011093566,0.04347615485871446,-0.05519156097093693,-0.028021336277725396
207.0,-0.07816745668208543,0.12278692564854496,0.01692412780865299,0.0673578855076206,-0.06140156881828542,-0.04160407741027575,0.08919886662276934,-0.12081970573021136,-0.02367409362801028,-0.08506105182804702,-0.10064985958761313,0.13654231356621024,0.22730738240292525,0.07465819449817887,-0.07315346257268214,-0.08661628753219988
208.0,-0.0825296624815504,0.10584078263756859,-0.015547125199849396,0.09128824521320922,-0.0671542048323955,-0.0360719837733046,0.04044593916922949,-0.15201521790733136,-0.020817990032076718,-0.05255225815284656,-0.08561281060082587,0.08858615745677426,0.21970443222911257,0.11450185197762253,-0.06128751631129079,-0.11600475437321257
209.0,-0.07773143008190905,0.09586645931385691,-0.043511702327554865,0.11443481681078008,-0.062049039414868584,-0.04417520376025694,-0.018297399812982576,-0.1605538146903379,-0.016474015835239834,-0.04116155502854498,-0.07581747965319523,0.04133714186967389,0.17328466203511575,0.1529313676663442,-0.023822382724931063,-0.11161349503209342
210.0,-0.0642175155451998,0.09025305031793687,-0.06368121149385222,0.1324186058407271,-0.05205495276174253,-0.06400175197106102,-0.07752412061065819,-0.1456536369092942,-0.013322737377518474,-0.046951669503891375,-0.07239002471069242,0.009668793765147397,0.10114444651128827,0.17686256910241485,0.025878333583086964,-0.0790436171182657
211.0,-0.04635771689844538,0.08215689500122507,-0.07413702454281802,0.14078149477365043,-0.042258769622231296,-0.0884859299285064,-0.12577745301953244,-0.11483451186710808,-0.014125403279245828,-0.055336162742124474,-0.06813049968963147,0.003492303138672389,0.0207365019531006,0.17560713469613465,0.06882512989629666,-0.031293189307092836
212.0,-0.030292459551129098,0.06448378215324883,-0.07540907802919106,0.13663744552743345,-0.03476676353304002,-0.10683436866882155,-0.15205784460217125,-0.08073968702252879,-0.020334540178154642,-0.04884878572255242,-0.051773689367901506,0.023968300507204648,-0.05129263141332289,0.1465007455717058,0.08827146422592598,0.0151597323635816
213.0,-0.02029213048155567,0.034087784392849256,-0.07106984383625707,0.11987239962749678,-0.029409698737265892,-0.10785890492267508,-0.14897789930265787,-0.055672084587344295,-0.03180247166539741,-0.01717350460149332,-0.01667165729642063,0.06241627251838729,-0.1018973850861031,0.09670487018600388,0.07718087728811038,0.045203800269316266
214.0,-0.016823384058723797,-0.0060691078534579794,-0.06717061786327592,0.0930404340592268,-0.026209443148969638,-0.0856761690578894,-0.11646645624158823,-0.04692792642639122,-0.04750348369342092,0.03730141578343499,0.03223731512791867,0.1029347693788263,-0.12327290209167649,0.03979063162274458,0.04045024225878758,0.05011292353972948
215.0,-0.017526952405688183,-0.048147386244064345,-0.06975138178242095,0.06021241068740017,-0.027009541699475653,-0.0441294315133537,-0.06373737553950078,-0.05429323419226862,-0.06617433940013999,0.10146143190607165,0.07897036897507093,0.1283776666430415,-0.11510890557746882,-0.01036644605664364,-0.008765722078931925,0.030621077630510227
216.0,-0.01955513052374447,-0.08302098747450917,-0.08150042209107675,0.026103853687066882,-0.034880063727267166,0.004732483531938848,-0.006433418568182379,-0.07049245433536641,-0.08641359826266126,0.15771725959804625,0.10517006626044134,0.1276511838027014,-0.08524983802193337,-0.04515622144797916,-0.05536954825318759,-0.003959575504146719
217.0,-0.021198979936251874,-0.10390588859203473,-0.09989775315759405,-0.004206381943283471,-0.05214923249377437,0.04756338261466742,0.04043243631561499,-0.08502965215459302,-0.10670968038284229,0.18998045560046986,0.10108803868692696,0.10069820722196887,-0.045539085854793285,-0.06416367445120245,-0.08776848095798143,-0.04020284346474033
218.0,-0.022115404848803286,-0.10864664806226464,-0.11822426694719215,-0.026073625182141957,-0.07880769561463379,0.07636151115443532,0.06881257940414605,-0.08967439199720038,-0.12550333158830043,0.188129611143782,0.07097879327517481,0.05801114812741155,-0.004684858343460815,-0.07376512616853877,-0.10128002942551102,-0.06596642639575173
219.0,-0.022586457570559396,-0.1004621069134194,-0.12892058143937268,-0.036853218106582694,-0.11201678987309156,0.09023497632485712,0.07886424842787822,-0.08177140292593495,-0.14074284359139053,0.15086489333176906,0.029828130051034216,0.01497788269222289,0.035933841442261895,-0.08147130744668303,-0.0992361991410061,-0.0743735464430826
220.0,-0.022718286080899958,-0.08745373898767879,-0.12748700780928343,-0.03693906311907064,-0.1463285512511966,0.09251619615124801,0.07539051573370573,-0.06356637550884388,-0.14938875505229662,0.08556662149646647,-0.004953523087713467,-0.01536908119415859,0.07995709049517798,-0.08970464487176424,-0.09097456090742105,-0.06565026391436357
221.0,-0.022285827506033133,-0.08091600048838736,-0.11469883066682884,-0.02943695802716252,-0.17455918419040253,0.08677145003532621,0.06350436929617749,-0.03984166797605608,-0.14817741303633952,0.005299045858867963,-0.020829938309388837,-0.02719282924031657,0.12967880770791193,-0.09385768706646289,-0.08686351409410745,-0.04665387239528895
222.0,-0.020856506880056223,-0.09158714909536457,-0.09544933591094598,-0.01899007368061421,-0.18977238182802267,0.07440108480571361,0.04671579629958876,-0.01667776224537989,-0.1356902272118361,-0.07407961098372734,-0.01255504239211252,-0.02225907078371671,0.18163404780443662,-0.08626637264924243,-0.09280696848002755,-0.028067463128102967
223.0,-0.017681548257423865,-0.12403131520538355,-0.07492139005576477,-0.010375497853730244,-0.18777882909831775,0.05367752373353424,0.02724629155435587,-0.00119049106550188,-0.11404111992844103,-0.13510883623189993,0.019651169544199137,-0.006821664221542612,0.2280673267478011,-0.06320414664234489,-0.1076231347961428,-0.020232642242583067
224.0,-0.012118944387134596,-0.17242219723280772,-0.055468140325503006,-0.006982558537561387,-0.1684833664574248,0.020078002265245632,0.0068112367709985714,-0.0001330635647822797,-0.08832374017207373,-0.1607115451741346,0.07178480058769673,0.012386600280746746,0.2623650335587522,-0.029840136393226115,-0.12479332626121119,-0.029092816811758158
225.0,-0.005007167791017192,-0.2212641775042908,-0.03659598683742163,-0.009685732318488727,-0.13557711965906422,-0.030832258749224777,-0.013262481661052006,-0.01662719836941835,-0.06385885896700272,-0.13998218128365794,0.13486725548855155,0.03076182469015319,0.28247224577922075,0.00033829100826334764,-0.13714193768393446,-0.053379423863922436
226.0,0.0007452162894778354,-0.25130219200770176,-0.017128688420921467,-0.017093594993656102,-0.09566420792034631,-0.09944520909604712,-0.03278867053493486,-0.04727672481256769,-0.04372789760005333,-0.07629868883230165,0.19361102881996095,0.045976755884441854,0.2887764482127514,0.011473313174528951,-0.14168977282509662,-0.08454315597696263
227.0,0.001971941349454677,-0.24794699342071247,0.0023849974543801557,-0.027250277896634367,-0.05711465332163257,-0.1811431619376625,-0.05320371696641764,-0.08240809781205534,-0.028628419296010576,0.008438904120304234,0.22911295480702704,0.056426170009619865,0.27950923104351433,-0.006686917549597704,-0.14154401204379338,-0.11057472562893741
228.0,-0.0018600115400343245,-0.20791796879327984,0.01854071024819057,-0.03954359139635327,-0.027633554291428455,-0.26805117161270925,-0.0758179573408489,-0.10950021710005023,-0.017855437832907335,0.07963736606835381,0.22570551267178432,0.0602472197708497,0.24971441276858963,-0.053231017807422544,-0.14258459570811197,-0.1219003130139121
229.0,-0.0075758684388558565,-0.14008994240859243,0.026386127062631423,-0.05533965037690567,-0.010978045420527258,-0.34938259915861913,-0.09820366333604282,-0.11798138012757851,-0.009388589092428255,0.10570641789626779,0.17821164538084747,0.05619178522281244,0.19595622583717062,-0.115819258005145,-0.14715469916576793,-0.11515282645464688
230.0,-0.0101147338249187,-0.06054487652229918,0.022298008218978305,-0.0767132910020164,-0.005457650043194811,-0.4107251176118329,-0.11253541652918521,-0.10356398501169305,0.00011260677464845097,0.07451043393261259,0.09533935074067214,0.04491736289444501,0.12246224314655939,-0.17554861550334996,-0.1505838544145682,-0.09253453491859255
231.0,-0.005547439456814942,0.013743800322553235,0.005814474742233245,-0.10392933843968204,-0.0057378435233397815,-0.4367163640909275,-0.1089666473634978,-0.07025529853655005,0.013246766079602262,-0.0010043819030977749,-0.0029647367930871436,0.028598593013033732,0.042349581925724036,-0.21445745276714154,-0.1435064698155088,-0.058553170987552854
232.0,0.00711408421137111,0.06874473583200055,-0.020524438596062285,-0.13330177570632099,-0.006245806776050891,-0.417062393279269,-0.08226742389570799,-0.028782515496713318,0.02820306267823937,-0.09156342382257186,-0.09299654505093578,0.009138859895213427,-0.027993947948418856,-0.22207415547658213,-0.11758937317767933,-0.017428464924210296
233.0,0.026014816983604198,0.0948339553237426,-0.05184427700272446,-0.15713680310845995,-0.0035273040212370653,-0.35094411068542053,-0.03652207289772959,0.007919570058991722,0.03714841496235686,-0.16731083765634705,-0.15541109671705472,-0.012681196154324675,-0.07744617410731898,-0.19790796727456544,-0.07046127550012228,0.02701578516410873
234.0,0.047348932404518665,0.08755129986116048,-0.08122671911376073,-0.1664699240538254,0.0032905315278735775,-0.24733504213371105,0.015599182000573412,0.02975742723635248,0.02967298445108996,-0.20982444401911676,-0.1799862175267318,-0.03609960984606261,-0.10533226598978288,-0.14958919095567436,-0.007031126080371089,0.06935148865474841
235.0,0.06601130000913384,0.048021502688870885,-0.10072338079693242,-0.15547068620284454,0.013329321607256096,-0.12256821508086471,0.05794789834038142,0.03259929531607796,-0.00044826600011413587,-0.21531570725283794,-0.16607627337556913,-0.059271619240026455,-0.11964006812985784,-0.08879544235306927,0.0630995470323978,0.10116927956149398
236.0,0.07630098346629847,-0.01716853148825453,-0.10372138895221045,-0.12490752461097947,0.025453086063338192,0.0035090606177467323,0.07683264516949487,0.018787814949195396,-0.05058762773786046,-0.19098856997532185,-0.12025574843386867,-0.0802487853193821,-0.13036861729450522,-0.02670927250942105,0.1297293548936123,0.11355313125432845
237.0,0.07342790866421836,-0.09657627896174552,-0.08724493966810325,-0.08233892780757372,0.03947876293328148,0.11175610514511057,0.0651685674408462,-0.0041710143480786265,-0.11019032247807699,-0.14888997926740444,-0.05354504092266322,-0.09885230326556692,-0.14321221141572943,0.02960853603872416,0.18449661657684163,0.10250729368445893
238.0,0.05566160488447356,-0.17517720287928165,-0.05278656895837688,-0.038662308822968436,0.05593189151591086,0.18724548056460094,0.024505595093888048,-0.02618879300208347,-0.16566849502182074,-0.10020322630101035,0.020474494487613647,-0.11652761924066783,-0.15709898824032809,0.07790132185497042,0.22107115783789844,0.0722873606830054
239.0,0.02602508999596439,-0.23658494444804354,-0.0059551994599792235,-0.003002217801900557,0.07461398617650213,0.22207001740931376,-0.03461179460399571,-0.03834532754599608,-0.20507858887470826,-0.0517385349348022,0.08761532212811224,-0.13394642474970955,-0.16620987587581484,0.11813972816535478,0.23494160794711538,0.03360362475479292
240.0,-0.007751083683331481,-0.2661537260169584,0.04446693853356266,0.020892467822311616,0.09361095061058064,0.21713553746003356,-0.09476411050752591,-0.03698302329177339,-0.2201661177349024,-0.006060905483198669,0.13571831930322728,-0.14910208884578166,-0.16462720826901142,0.14961509638860793,0.2239843353195949,-0.001487851494119321
241.0,-0.03551006065105458,-0.2545476951642562,0.0884704380783572,0.034690353510252125,0.10967884312660155,0.18135321755135603,-0.1371241068578462,-0.02574899127553882,-0.20660918111589488,0.03529203841235361,0.15663758536098413,-0.15767622369856052,-0.15015206948396695,0.17074544661463326,0.18974843009072664,-0.024327434983860093
242.0,-0.04824184440474001,-0.20089304293736343,0.1178116148105488,0.04258576427603215,0.11939909618551706,0.1282075988098851,-0.14837205315873467,-0.013325606907861552,-0.16470582322198093,0.06907454380522188,0.14712788252255726,-0.15497626679413637,-0.12509379194508732,0.18107424665348013,0.13888456659697884,-0.031515838442951125
243.0,-0.041414443965250715,-0.11426491885296053,0.12864901775626258,0.04783837817877638,0.1201363606239835,0.07212821507385303,-0.12516406282519,-0.007822549088821629,-0.1009379609575279,0.0910957883047799,0.10982653828194239,-0.1381701354659648,-0.09445156228474212,0.18237242621201008,0.08342112013972412,-0.023761500872282366
244.0,-0.016901161786637618,-0.01245826477622277,0.12246328494854532,0.050752309143470606,0.1107339604957137,0.026273773462942202,-0.0741279470341779,-0.011802321279380452,-0.028071319144389758,0.09904605369125197,0.0541953278860341,-0.10791529262485895,-0.06316965268391583,0.17742554367040023,0.038665670777904615,-0.0035385390436342566
245.0,0.017256585704847813,0.08235467965373404,0.10498101088350424,0.04879849838162135,0.09207139496749601,0.0009999404819805273,-0.00888491934865215,-0.021332394182669606,0.038111973876798835,0.09379515597915089,-0.004689026197282602,-0.06878458197108857,-0.034727619169223435,0.1679964130146529,0.018426303313037202,0.02644033462079772
246.0,0.049246934511405736,0.1503262860557774,0.08351327247165063,0.038500574462988574,0.06691653435454811,0.0022807009263060237,0.05369075761405311,-0.02895339100061525,0.0842550975030697,0.07836576199376248,-0.05106248074021203,-0.028576835643416818,-0.012606301313262541,0.153745130881505,0.028649177821552938,0.06306177546985155
247.0,0.06727013126103658,0.18045374163008307,0.06422743326055665,0.018092331920683474,0.038993516608070516,0.030589113180800733,0.09777479818228606,-0.027552051723659512,0.10423602704850687,0.056200991548373797,-0.07581741479542146,0.0031431760132305518,-0.0028015805016885697,0.13280849982337703,0.06310659250018132,0.10151904648816153
248.0,0.06378099138245012,0.1735863498229579,0.05154447690640547,-0.010208748620642086,0.012124219557268763,0.08042351962381221,0.11361430350596574,-0.012871883771292336,0.10088084384677087,0.029715849038341357,-0.0817075295163253,0.017598087483181923,-0.012950900476260194,0.10400350421634404,0.10515572859873715,0.1344361370049262
249.0,0.03878030448629907,0.14057467652303218,0.04955772446502454,-0.03943316561657171,-0.010278255371854688,0.14020019415416604,0.10132382925861659,0.015307202452625306,0.0832735761491146,-0.00011048982385484985,-0.08184890671293518,0.010559426637096712,-0.04622891229282822,0.0692643942018612,0.1349032681032504,0.15271419246654985
250.0,0.0001514934727401288,0.0970815618500036,0.06204749553067293,-0.05960731642530536,-0.02587631568215658,0.1934043252820767,0.0705736393197729,0.052925007576380176,0.06104674499113368,-0.0321841755614856,-0.09169974569664807,-0.014665299204299436,-0.09441089907205225,0.033938391482565416,0.13693478920950541,0.1483235570961255
251.0,-0.03976975093332721,0.057712263156162284,0.08873605963829345,-0.061970070150408375,-0.034308402770896064,0.22230402074163771,0.0354770374529131,0.0922593062051662,0.03959353420471011,-0.062753399409515,-0.11963499415826477,-0.04811804228157132,-0.1373429312637847,0.004249063765889158,0.10523947351253679,0.11791684012184923
252.0,-0.06939540776094044,0.03188315282087098,0.12096883224498607,-0.043529146793865575,-0.037677425371441045,0.21368819276462206,0.0077044334714129695,0.12331122527903395,0.01925454392141585,-0.08454579435298497,-0.16178827344065114,-0.07821502081722484,-0.1511418374616879,-0.016066199949817,0.04476825629602702,0.06493968604221416
253.0,-0.08151712785569859,0.02264866614661265,0.14270057111129897,-0.009142241402461641,-0.03969099939594745,0.16444558236582044,-0.007619188691406824,0.13648724026100126,-0.001819024032097927,-0.08917527307473873,-0.20374627006921445,-0.09721780410981584,-0.12004170727545883,-0.02760478946202258,-0.03041231226247865,-0.0013703558645538146
254.0,-0.07412322830629711,0.02787778152453563,0.13796895993803523,0.02997507062004262,-0.0432163862877384,0.08418715655757834,-0.011546676464504073,0.12654265353984598,-0.023649091209180826,-0.07190167576862337,-0.22775974427204185,-0.103537429710082,-0.045081701079762775,-0.034995954244309714,-0.10182456714832186,-0.06899695434599923
255.0,-0.04994770560376471,0.04251815100999544,0.09950317892321847,0.0605488988051121,-0.048078677869460525,-0.00766799741946259,-0.008807115910344481,0.09557253123615302,-0.04195689395681235,-0.035828733384414044,-0.22143125130460298,-0.10061183174232509,0.05395487117589404,-0.04497212338602929,-0.15261586401843164,-0.1259991961443828
256.0,-0.016011208008283314,0.06104260884971453,0.03248379938593891,0.0725346330289902,-0.051670136157251446,-0.08947664574382107,-0.005687787911172424,0.052672364111816694,-0.04909088759357409,0.007756855077904014,-0.18355112719577663,-0.09409600526468397,0.14422199473706473,-0.06337665783660681,-0.17320535133103984,-0.1629534624775133
257.0,0.01771570185857655,0.07908758024407637,-0.04791424858155172,0.06281624073051836,-0.0520611968001492,-0.14449305693104392,-0.008175208819525572,0.010213558416749733,-0.03827991881232716,0.04399331019025052,-0.12452391577084257,-0.08887378083037674,0.19164439019900933,-0.09185897942037693,-0.164514185547723,-0.1756230957606564
258.0,0.041357442338451934,0.09376311636237698,-0.12265773346765615,0.03548647715730459,-0.0502126074082419,-0.16364252368241305,-0.019884358120425657,-0.021435475818237248,-0.008207825564871448,0.061589457313757666,-0.06128750391856618,-0.08686172477202043,0.173964011349939,-0.12579501279967056,-0.13674259148886242,-0.16658613304979017
259.0,0.0487156547616526,0.10336679845219715,-0.17520714907868415,-0.0008013691190083947,-0.048890298534800015,-0.14472624997823197,-0.04100086006942574,-0.03807221904268019,0.03618129061455507,0.058413568104554954,-0.009139255017528958,-0.08636781866778591,0.08884475287822319,-0.1552382113185198,-0.10384295089481774,-0.14378598773875326
260.0,0.03951026602908669,0.10717626734513355,-0.19567840832468442,-0.03653072461208025,-0.049621944638527794,-0.09103417196651332,-0.06887387668984657,-0.04236270953358773,0.08745305294830892,0.0425880331104049,0.025280344099733686,-0.08350702535739807,-0.045649762870432105,-0.16940265084940204,-0.07719712903710708,-0.11631557399546483
261.0,0.019300762260457384,0.10497219374017891,-0.18262272695205126,-0.06432818467648921,-0.05084453273154355,-0.011337964280012961,-0.09904750972991234,-0.04121144567031775,0.14003378475089373,0.028656300211475572,0.04589807557955423,-0.07523702474543871,-0.19677855071477796,-0.16255039298391682,-0.062327221976015576,-0.09022642641079298
262.0,-0.002816869984855211,0.0963423776025667,-0.14334827534503206,-0.08010287372138834,-0.04867895867318568,0.07991457459524433,-0.12578305935694784,-0.04218924330466171,0.190730366458996,0.030657776575899624,0.06300321662481556,-0.062027618731237404,-0.32659129345376353,-0.1373396786629365,-0.05914422829911029,-0.06724185919646443
263.0,-0.01764677094481917,0.080895715589763,-0.0921639020503002,-0.08240726390708172,-0.03935235382156897,0.16499124764313522,-0.14229909869186988,-0.05061388252042546,0.2357509660492212,0.055292327189419246,0.08581886704140353,-0.04781490225432409,-0.40256411079697585,-0.103107077898776,-0.06416862698726242,-0.04700073001130163
264.0,-0.018911564005866188,0.05967445899577446,-0.04515916840066764,-0.07140358376860545,-0.02156583823574781,0.22768549602126975,-0.1415485490612468,-0.06712205256119382,0.2686373887901292,0.09835828686209971,0.11626765455635928,-0.03702693766252318,-0.4064485599698714,-0.0701782142805557,-0.07353401810929304,-0.03041616524641838
265.0,-0.004820171707355846,0.03637516145756769,-0.013228814036450083,-0.04842812119868741,0.0024362901544045627,0.257738193398281,-0.11836100143879338,-0.08607893653075893,0.2819877198212947,0.14620811228929137,0.14682103799393537,-0.03122178081149088,-0.33949456619954105,-0.04405979797611215,-0.0851786300694894,-0.020666378993511116
266.0,0.0219296022152191,0.01724620081823539,0.0019876690562993654,-0.01603543781162113,0.02758163760480491,0.2532159536600527,-0.07223684085658981,-0.09682808740944539,0.2709963866898241,0.1817530562322086,0.16368022320755998,-0.028139602565180916,-0.222953297527216,-0.023483186594774507,-0.09855586070328608,-0.020777253060448194
267.0,0.0552802376323517,0.00963694272811647,0.006607234155050812,0.021759527116591883,0.04815983696830037,0.22053553732299025,-0.008683882569526936,-0.08878191088308919,0.2352606755092074,0.19220643368960086,0.15475199480269775,-0.023586474710972975,-0.09204147280529983,-0.003188375496193685,-0.11269934215461365,-0.030270663727069675
268.0,0.08763260208427885,0.01920459671623155,0.009316641870227614,0.059303467302975726,0.06043990584903343,0.17187377459147313,0.06192483652791796,-0.05772668041760744,0.1784877652851486,0.17421937353898162,0.11832960654536483,-0.014268323978464713,0.016553466082330104,0.021387201697765704,-0.12537821548183883,-0.044289660877109234
269.0,0.11193704997049143,0.04627709108681366,0.016332613804146957,0.08995020785853168,0.06411531924058642,0.12041958023740025,0.12748677499375857,-0.00906783518657866,0.1082681972524366,0.13345480089160888,0.06634783262748621,0.0006673352470368433,0.07870535145216566,0.050648775669519475,-0.13419088002507576,-0.05616302511570593
270.0,0.12356630513733093,0.0835571511336374,0.029170561168654754,0.10808248065460624,0.06152307711473656,0.0753245868302302,0.17801555503404365,0.04423989671767159,0.03642497463755265,0.07995104889951168,0.019009247629303106,0.02029007573108939,0.09124064243610511,0.07972900694027149,-0.1377460495254907,-0.06090248256910536
271.0,0.12147042737384639,0.11745585082269115,0.04534984274271106,0.11141362652458671,0.055485432387632205,0.038772515465115426,0.20802751889292492,0.0881316421515319,-0.022379142531081215,0.0234754769627184,-0.006200601227974264,0.0436483850734995,0.07045621515744747,0.1000650622549313,-0.1356938381998051,-0.05651579874963461
272.0,0.10791919084906942,0.13279519721633956,0.06013463212959245,0.10138141362689884,0.047757579052162574,0.0066023144996034564,0.2161730452007414,0.1144691086700757,-0.055552924346871035,-0.028529031130300888,-0.0035132084545340843,0.07047880585595152,0.04196925198727973,0.10354302652374735,-0.12820855263218872,-0.04309620522506137
273.0,0.08656471507485328,0.11841954444572761,0.06793140520165564,0.0811661981962664,0.03888182093317586,-0.02807081208638548,0.203495150659532,0.12397569909786271,-0.058754839581543906,-0.071062087753239,0.01999168859381318,0.09998074829557078,0.027431311651148243,0.08723257246298961,-0.1153801329427023,-0.02202711808181362
274.0,0.06027176402598359,0.07146322629875478,0.06396981474062935,0.053603209638044304,0.02872847054665554,-0.0702389158210821,0.1725050702666928,0.1235059982361854,-0.038365295918881714,-0.10132262528965166,0.05056275081249129,0.1291359246738638,0.035205851531147005,0.05569946312126233,-0.0966158454782796,0.003720785190153949
275.0,0.0307505152096827,-0.0009187620543343215,0.04685505766446154,0.021225977079862856,0.017149866005430503,-0.1193214896775767,0.12732362242934386,0.12074059204974978,-0.007982755035076112,-0.11833418625298586,0.07602707201797408,0.15247734058227322,0.05977402571265464,0.01935028019344871,-0.07071197678746466,0.029583717865438838
276.0,-0.00013892712926320862,-0.08301921154230228,0.020614730607295025,-0.012043157784900279,0.004753821997090007,-0.16765401881822367,0.07360683333650767,0.1202767517002252,0.01811515577856324,-0.12203478321196923,0.0907062789254973,0.1635241920084436,0.08863059416871455,-0.010183821822260682,-0.03709158985159575,0.05100606535080476
277.0,-0.029583778410928335,-0.15510463205686192,-0.005789377143691988,-0.039915414110300446,-0.0066034242240307255,-0.20204687604569826,0.017732445609811937,0.12253803116395476,0.030138682713806063,-0.11252213402608735,0.09478508476146777,0.15707715113865472,0.11082196401837319,-0.02481463846428864,0.0021922534988520637,0.06590773472940323
278.0,-0.054856454296075406,-0.19961117780950435,-0.021795033685670553,-0.055084712165054686,-0.0144299476342119,-0.2085956539538975,-0.03399854664605755,0.12483942226766878,0.02469869923507116,-0.0907262377279262,0.0904829593548549,0.13177164889037965,0.12232837627078925,-0.02222366386055071,0.04100551254413745,0.0756910874029718
279.0,-0.07505832929611544,-0.20695447773563333,-0.01955032649295029,-0.05251104297250355,-0.017253230169264548,-0.1788642189585765,-0.07568343421632852,0.12325829237620566,0.0037697642455515354,-0.06023999331570919,0.07936902225294046,0.09197656745590536,0.12683683208791188,-0.005064236971924986,0.07027317050866096,0.08326309519009462
280.0,-0.0913795180951544,-0.17875866162497367,0.0031461019722408452,-0.032761973543463205,-0.015889262709415056,-0.11356348445798951,-0.1021735553482085,0.11416732522787137,-0.02825162942753851,-0.028168347530232143,0.06238285924967972,0.04751736480882267,0.13192624607815165,0.020898735687165743,0.0824640138037933,0.08963022152601734
281.0,-0.10534011162338425,-0.12655338649740958,0.04225403823577919,-0.0033646211041622317,-0.013025591331511346,-0.02114257423566655,-0.10975354074519021,0.09515918469181893,-0.06740266318528777,-0.0033933790209093257,0.04062152868447429,0.010471724258940057,0.14233098323654916,0.047615633626360426,0.07671906720518766,0.09251442906571565
282.0,-0.11678070701904363,-0.06603682345952437,0.08858258257888262,0.02278555449971575,-0.011517986600425344,0.08629796535537242,-0.09668848211983443,0.06572633475560238,-0.11038617708423638,0.0069091569574388,0.015510497348816604,-0.0097610995072846,0.15490226144019376,0.06468679899481435,0.06044095938653949,0.08823313915927
283.0,-0.1235165027596153,-0.010453388408617445,0.1296304392743268,0.031758287843453054,-0.013132286624094519,0.19445657617760229,-0.0636854598282262,0.027691913655920875,-0.15182891548925515,0.00023027268421600282,-0.010806569727830142,-0.010754664361940856,0.15964784514852323,0.06065000184864078,0.04559835149956035,0.07477117318610348
284.0,-0.12279311753898117,0.03273773569619896,0.15220346877807123,0.014744141167411875,-0.018808308081979093,0.28476703245715285,-0.01513173169876753,-0.01539682380443506,-0.182165411922013,-0.020735637714347378,-0.034727382559347875,0.0014174660599920476,0.1462737653482933,0.02760160978265342,0.041771589768617064,0.05371777719221523
285.0,-0.11330154694470035,0.06133749835320225,0.1459024897363362,-0.026546794081753356,-0.02945140524271344,0.33467616685189366,0.03926082082784966,-0.05982361564563724,-0.19031149686594262,-0.05052163110623647,-0.051432076664305736,0.014834928143994328,0.11118053036584027,-0.03236008195747525,0.0505411661749773,0.03033465731975563
286.0,-0.0964238851461985,0.07649260141457156,0.10669568697342083,-0.07919411119574099,-0.045333068811898566,0.3248897648107799,0.08494569933069272,-0.10199624336767603,-0.17024061040252111,-0.08443214957085593,-0.056488971574551454,0.018227635755889232,0.06036300066173958,-0.10436231211189272,0.06535600445102326,0.011894176690914152
287.0,-0.07582707167889799,0.08122174374459573,0.03964819670142467,-0.12461147459727509,-0.06401248549175131,0.24974977968084464,0.10709156674905132,-0.13646343421018642,-0.12554791080095423,-0.11954185641348433,-0.04791753696970689,0.007941055579685106,0.007560767604919231,-0.16580263513014487,0.0768955854855486,0.0048776696894842425
288.0,-0.05543750216022804,0.07944595753981662,-0.04043357884000482,-0.1470729444122099,-0.07925566432230768,0.1228408956977934,0.09755202748225203,-0.15474320822972368,-0.06766607960527526,-0.15172669949451334,-0.02747147963164055,-0.009307093618927167,-0.030631075106360078,-0.19686500263151333,0.07936629371311513,0.012064557331740514
289.0,-0.03738383963818731,0.07505169206071587,-0.1121135974208525,-0.13994107953195878,-0.08302557378313367,-0.026022970639566042,0.05987212831454999,-0.14802419432986325,-0.009756383879519393,-0.17231986652435677,5.857461678971043e-05,-0.019833894294427994,-0.04118080674308731,-0.18963038834317741,0.07294462807004849,0.030701970259293797
290.0,-0.021790940787890723,0.07087977368118183,-0.1538937133305609,-0.10651555082241135,-0.06937432722390993,-0.16101897274433363,0.008590374585367171,-0.11198632849118154,0.038439740335360115,-0.16922946648460627,0.029320668750035427,-0.010402895649249394,-0.020654115604016518,-0.15002531558605728,0.06169267866254374,0.052868167969016534
291.0,-0.008279198502305213,0.06798653012954466,-0.15136694066301287,-0.056269071180237974,-0.037306124473039985,-0.2534082859626184,-0.037344749158420634,-0.0496330908892896,0.07234652343040708,-0.13284748943130367,0.05642646852050154,0.02425533732908342,0.022057846838737696,-0.09197856070277417,0.04984945688180164,0.06842249804870917
292.0,0.002583538857909406,0.06549924140850273,-0.10250690683003172,0.000150214949980392,0.008867571370515736,-0.29199740194136475,-0.06332685918604787,0.029293428792755254,0.09207240633697465,-0.06279799591117427,0.07850647790072937,0.07742561132844594,0.06835668559887564,-0.028775413489669853,0.03981903442754695,0.06954199996783067
293.0,0.009111723916009477,0.06092836432179803,-0.019744945469552473,0.054057711728028784,0.06127002214880521,-0.2860439628067701,-0.06513175056529394,0.11085254208803152,0.10089971427128945,0.028664950526941374,0.09167362410428116,0.13273395805007165,0.0976066809169747,0.03215232045090853,0.03333918601421464,0.05474843431362409
294.0,0.009835598223017866,0.05089888694776019,0.07312324136137388,0.09953080606479417,0.11134121302091536,-0.25811761361349567,-0.0493290598014424,0.18026275237115783,0.1030929326648823,0.11926754260104229,0.09086252827944662,0.17252713848250992,0.09694094201959573,0.08899092164158671,0.034234266872568864,0.03030035150680244
295.0,0.005502632618494354,0.03297279317998915,0.14961957389079933,0.13306118870868125,0.1526182833171716,-0.22983286117614396,-0.028304687217467088,0.2260297780795974,0.1022140958910666,0.18532485319655134,0.07321918765750662,0.1870461159715436,0.06785386158499641,0.14201777566481627,0.04893364140230199,0.007921722984386871
296.0,-0.00022585854489330613,0.008531360143279276,0.19048075421566446,0.15262942015466946,0.18188569606889374,-0.20955971721258337,-0.013161613128216008,0.24352173152681228,0.10102363743344979,0.21191488972097322,0.041537981551439444,0.17827514305821635,0.02502133362027968,0.1893978896025135,0.08261192128852594,-0.0004106283419531997
297.0,-0.0025140827812446687,-0.015499736807001634,0.1889591402627413,0.1566121158816909,0.1981996931719367,-0.1907566011952478,-0.008765408021160511,0.23546864898842237,0.10183793512083068,0.19828095968893497,0.0030805109043443826,0.15695640771060942,-0.011704387996407892,0.22452338739781735,0.13351901355942386,0.011887757714283022
298.0,0.0018136519792115577,-0.028427756472755188,0.15016102957863176,0.14381712739058708,0.201093960610135,-0.1609456687431516,-0.012755766975144784,0.20925420934268352,0.10534591482544281,0.15594111180848758,-0.03568128021992141,0.13575993469845465,-0.026617124634577886,0.23724440744409045,0.19066281250248074,0.042996311730562536
299.0,0.012360651933109769,-0.020663270527701304,0.0869011375041097,0.11513882002729692,0.18971195921492703,-0.11321500025695157,-0.017499754187334772,0.17361539201637055,0.10814700860245798,0.10218487876327952,-0.07356080494325175,0.1226936123499255,-0.01424443231166808,0.21914975878402101,0.23756025903424158,0.08369653907363653
300.0,0.025018510276270556,0.011036107937872826,0.014345226514883356,0.07522046521985361,0.16343282350320745,-0.05208632880588501,-0.013791509593908798,0.1363529501779399,0.10189823413554731,0.0532577299115148,-0.11490073747513878,0.11769210893673576,0.01936584438543892,0.16918135068667017,0.2596659963616793,0.12149574339290244
301.0,0.03376878615914189,0.0609283436223704,-0.0547807591192296,0.03200997627352602,0.12303931819328241,0.00848968967498505,0.004335374123797742,0.10271940498339205,0.07665257732073061,0.019897300570284004,-0.1654561542967484,0.11366580626528737,0.06011220244425835,0.0950492207526737,0.2499989391727193,0.14570615130315495
302.0,0.03381241723769561,0.1160336029434157,-0.11230166584589295,-0.006151181776467569,0.07106280828013249,0.05245162222898597,0.03552921584495782,0.07457682675405482,0.02759947120603026,0.005876487410440051,-0.22592541159705073,0.10147832137540044,0.09265267807108948,0.009655648785843862,0.20960601395535902,0.1507753057547702
303.0,0.024105993376844128,0.1616403674303026,-0.15350871096770735,-0.03390303546559069,0.011338407101115089,0.07004670737321632,0.07096772433724106,0.05112522137785743,-0.03925048234746579,0.009353089834230053,-0.2868434298928106,0.07616657302434385,0.10762059925930298,-0.07369991340576251,0.14470826421163227,0.13616389499936252
304.0,0.0077063152310289235,0.18743637754332182,-0.1749817819647364,-0.05013533387380795,-0.05079869716700979,0.06249738554597089,0.09922737539184505,0.030924292778791714,-0.10704081160959153,0.02607490813760448,-0.32917426166705277,0.04066814334132931,0.10565040787157187,-0.14332660311266618,0.06461168859679832,0.10397337129998648
305.0,-0.00977562136802472,0.19055050249989575,-0.17383418068645753,-0.056607524471173704,-0.10721026846200839,0.039757804240625784,0.11262768450879598,0.0137187142601725,-0.1540031825144398,0.05235081904972285,-0.33190830686477313,0.004963052297722369,0.09579698227644053,-0.1887860145039287,-0.018272906061562316,0.057238494857551794
306.0,-0.022410227240909835,0.17393815497550333,-0.14907599985311562,-0.05555265587549448,-0.14646868789648074,0.013677128321003852,0.11029628693264074,0.0009555207314667588,-0.16157999857726382,0.08597626211433247,-0.2828154159655882,-0.018360152515670813,0.08948550198700678,-0.20165981656014267,-0.08864320707624843,0.0001933808652059413
307.0,-0.026122530507800012,0.142084749015475,-0.10384814517425639,-0.04808633159155559,-0.15658660056813303,-0.007036033358468281,0.09692330299454684,-0.005058060765603659,-0.1211691944543138,0.12519619716780236,-0.18603463978168427,-0.01940927437285274,0.09424333374276105,-0.1786458973233075,-0.1315094051864829,-0.0605332908739865
308.0,-0.020242198045572316,0.09794911782720656,-0.0466402527405133,-0.03412049144373797,-0.13072725920917658,-0.016695312654040617,0.07917895398770738,-0.002974833215589909,-0.03812349366476471,0.16702615066945076,-0.06220978067871694,0.004797807577450955,0.11022304527805853,-0.12425211413332223,-0.1377878932559513,-0.11526427239792196
309.0,-0.007666205977175624,0.043392880202602895,0.00975540946359148,-0.013338366424813052,-0.07243236087248528,-0.01081269826106548,0.061797958757034366,0.005446797510648476,0.06785797962697447,0.20602229938788305,0.058797060729651844,0.04823199734606838,0.12966626778948281,-0.05020560347003292,-0.1082169365581886,-0.15233056920056862
310.0,0.006621232439314255,-0.018196551159843616,0.05173242051750968,0.01365666651923457,0.003729927885949455,0.012498340547200861,0.045328541794190366,0.014360635391363044,0.16739404538243208,0.234169224792832,0.1490415091497992,0.09709064499225954,0.1395735206049358,0.02799209961763548,-0.052431402339643475,-0.16171695400323463
311.0,0.017989996270164312,-0.08025828117473222,0.06962923503669353,0.04467695381784925,0.07722432768185984,0.04887934554505064,0.027147161891892122,0.015395736198003487,0.23100877174341894,0.2425745089745541,0.1926774131991143,0.13455549240841436,0.12806312865539884,0.09504282003297516,0.015509536001614801,-0.14030997298021727
312.0,0.02456691063570386,-0.13429174705303948,0.06136391793849974,0.07608812609490802,0.12935603018966715,0.0873196781746927,0.004830144319242861,0.0011665919700520654,0.23976028068747846,0.22507262717306345,0.19096244535774126,0.14680184991587594,0.09185898840740503,0.13925371827932045,0.08163467094648605,-0.09527163646119524
313.0,0.028406410398130064,-0.1729728295236097,0.033053852569777435,0.10369145852624945,0.14956552925780844,0.11482424407726795,-0.021009271008947648,-0.0309660568084999,0.19148363576907917,0.18176649128463546,0.1596937245750123,0.12758996844857698,0.039820694895259946,0.1554074645442241,0.13501888528349304,-0.0422243655395425
314.0,0.034244162493567196,-0.19255949499541325,-0.0033656386504570743,0.12393442543715194,0.1376320303675039,0.12203543765010796,-0.046490550094748805,-0.07637791209479594,0.10012282097882493,0.11921140766275501,0.12011986229857474,0.08015977306634008,-0.010836066040517083,0.14615511631976813,0.16896333753321596,0.0015261516862457754
315.0,0.046287183797194396,-0.19310604432342002,-0.03435685382168668,0.13491457261418435,0.10145325955540724,0.10559431800782304,-0.06677680917012548,-0.12405785427931978,-0.010347185815721789,0.04656122012875329,0.08843694846478936,0.01570685661703445,-0.04447605307644133,0.12010630173857373,0.17978759265697342,0.02462837165276609
316.0,0.06536029644764357,-0.17718799089924417,-0.049307309627411214,0.13665205010988088,0.05212485558313975,0.0676226605204534,-0.0789147128274311,-0.1618501422966776,-0.1142800088845896,-0.028708819043838544,0.07005135617497332,-0.05148173213333643,-0.05749613490072502,0.08721309942300334,0.16445131056285173,0.025391821323162526
317.0,0.08820770951377857,-0.1487450616338545,-0.04384893985972226,0.13039374785194324,-0.0006288173450283292,0.01525919696345033,-0.08266918735981388,-0.18285970836507828,-0.1918219915942614,-0.10157603247996275,0.06095911536598666,-0.1098396171304806,-0.061637107325792445,0.05541030348285774,0.12054355448971273,0.009816249860184218
318.0,0.10905828502612439,-0.11283813866320681,-0.021168764465136113,0.11746015109542829,-0.05029742173250154,-0.03910714405143526,-0.07905833245901062,-0.1881851640171834,-0.23270639486834194,-0.1669736147808604,0.053428952546001315,-0.15363963623671317,-0.07602473544577147,0.03084953268659986,0.04976731920376029,-0.013464275358650725
319.0,0.12269537961128595,-0.07585583627741325,0.009286910837703716,0.09861200608240937,-0.09265632337839746,-0.07941843372662084,-0.06894453092902265,-0.18432173882812383,-0.2357534540674365,-0.21768500806514596,0.04167794202175344,-0.1820649662369555,-0.11268154313492264,0.018885053595850042,-0.03861953175280362,-0.037072690764340784
320.0,0.12735413321558064,-0.0453263925102897,0.03612677186087116,0.0743180227204075,-0.12406390648604479,-0.0913440895606219,-0.05336123727965754,-0.17788247116273986,-0.20645617287236684,-0.24544040340399956,0.025379079682710862,-0.1966081327012025,-0.16677946135345284,0.02231322876463726,-0.1285158536338363,-0.05613582729187364
321.0,0.1250170071221297,-0.02902386735230181,0.051341704113535544,0.04528082139641371,-0.14107079108247864,-0.0696397617856774,-0.03464700000311035,-0.17189904952831522,-0.15542508933356836,-0.24484827094215572,0.010380028399399036,-0.19984865105466576,-0.2192453735706269,0.03825268614910806,-0.20199637387746408,-0.06860591093157868
322.0,0.11858291764722168,-0.033405881150470274,0.05293177512898239,0.01253954340657713,-0.14162178746451287,-0.022637147580567337,-0.016814437865592637,-0.16571352885613366,-0.09753527964028728,-0.21759077517381123,0.005716075355456222,-0.19580800622122985,-0.24885382761254976,0.05765186619593437,-0.24508173465624944,-0.07576041556658088
323.0,0.10877691622714754,-0.06128033382665581,0.043681190769265424,-0.022662101660230864,-0.12655474766663213,0.029553978452729564,-0.004712685592247746,-0.15731440677313407,-0.04907795168159745,-0.1738626612741305,0.01738725219796599,-0.1899769192115025,-0.2441331261312806,0.0683859517199196,-0.2509062523933639,-0.08149134860657305
324.0,0.09373917692364053,-0.10903869528080636,0.028141024468691496,-0.05883431540376072,-0.1003258045315169,0.06276894413985404,-0.002190017696694674,-0.14619824623691532,-0.022063085999403854,-0.12939412709998152,0.04281690900004115,-0.18799483789878235,-0.2076026678650288,0.05979402411731499,-0.2200801687719774,-0.08936322184759898
325.0,0.07096073720248208,-0.1652009218492319,0.010090231177867406,-0.09410342608816967,-0.07057434479619253,0.05956274180551318,-0.01012214601984566,-0.135209835168936,-0.018925138956603017,-0.09908097215117255,0.07082027752213023,-0.19352796475726755,-0.15238888004281087,0.026982451850720367,-0.1602024383074202,-0.09960989306234573
326.0,0.03954285553618779,-0.2125798155028224,-0.0081952167048209,-0.1260077435732744,-0.04607786015804981,0.018422731590591743,-0.025935567839653024,-0.12973321923341113,-0.031404683372462466,-0.09021334229204353,0.08817293903631393,-0.20642023566601583,-0.0960860970566494,-0.02601094803928712,-0.08535395327516501,-0.10871477199774984
327.0,0.0015075600277657565,-0.23415493016295694,-0.024785372389787574,-0.15123724589617865,-0.033421555453183864,-0.04397121260528047,-0.045121025003816095,-0.13390791009861538,-0.04443645235402954,-0.09875168859213196,0.08833416423098768,-0.22232677428785433,-0.05530770238412989,-0.08616627279583879,-0.014115290506148698,-0.11107697302173382
328.0,-0.03850168598883875,-0.21963579253675472,-0.03724579325689085,-0.16608004857482012,-0.034477466394739274,-0.10002500303862305,-0.06340985185435813,-0.14662261619547015,-0.043562906664483904,-0.11134233141642914,0.07539271058660608,-0.2345026969055336,-0.041065109597979266,-0.1362121559343479,0.03507887810679434,-0.1013351451289707
329.0,-0.074956825862463,-0.16937516202192188,-0.044358481498723165,-0.168166481723816,-0.04652662368950914,-0.1249816976257015,-0.07841280263439122,-0.16091655542316768,-0.022799447986642497,-0.11281911857341632,0.059869897194843646,-0.23672900538926395,-0.054755934755508405,-0.16259514848787035,0.049906222573561546,-0.07717156224311413
330.0,-0.10326494749284015,-0.09425868247098118,-0.048707881209386135,-0.15831634467131944,-0.06433205534759708,-0.10942429566682346,-0.09024531570080845,-0.16709803818966099,0.011629967355790322,-0.0947696047022442,0.04980816007468073,-0.22520369814022756,-0.08675013824715752,-0.16231912814111707,0.028524768374527554,-0.04139189144007557
331.0,-0.12071693287438294,-0.01187014341876756,-0.05589465235307099,-0.14044657317604986,-0.08217041112830142,-0.06291921892406463,-0.10050531252693994,-0.1568988967632471,0.044840864322445814,-0.059561544272188245,0.04426359377830091,-0.19834826330422117,-0.1204195101796621,-0.1442491925173364,-0.019911143846978025,-0.0011224111604522702
332.0,-0.12662578205444758,0.059502786640466133,-0.06946865399802073,-0.11913995339480901,-0.09476892105826543,-0.007138006376042921,-0.10969113699650154,-0.12681241925487263,0.06215077731611632,-0.017598636217874823,0.03410993875713516,-0.15602253738881408,-0.14105993539464362,-0.12324744129874816,-0.07872849099827046,0.03568495618747944
333.0,-0.12169738257528563,0.10656662022174161,-0.08599626055318942,-0.09683995782172031,-0.09748585167854093,0.036237034865309097,-0.11517809784277612,-0.08023964060500406,0.05724078451804545,0.019637137811009165,0.009287371923328598,-0.10047570942880854,-0.14422484965479698,-0.11054376804263269,-0.12938951998037646,0.06370795721351263
334.0,-0.10708031074293911,0.12417960868957366,-0.09549552222172951,-0.07313968944580242,-0.08687923286899102,0.05546026667774314,-0.11239562526624106,-0.027576465616911294,0.03454471884943192,0.045529995318498745,-0.03311969695287691,-0.03868909646782309,-0.1375001192654373,-0.10737919957135918,-0.15703480508611942,0.08129217462712109
335.0,-0.08430503335256499,0.11484014983203249,-0.08766923897060643,-0.046645510560673814,-0.062314281124621125,0.05199290345648908,-0.09911028428940963,0.01698080857066589,0.005240046631394851,0.05938757909186994,-0.085485798798144,0.017323528784762503,-0.1346096433781439,-0.10638271883853107,-0.15433522099449173,0.08897918749631457
336.0,-0.05621862534504146,0.08526942747332406,-0.05908793649415158,-0.01758689238889533,-0.027589735680621123,0.03683862665883586,-0.07907137951739864,0.041374675729360516,-0.0194477097016447,0.06338672273290484,-0.1322380961781357,0.0546722140222796,-0.14613243389569364,-0.09826949330350639,-0.12288466487172568,0.08738922583527928
337.0,-0.02728017453556655,0.0427608200362244,-0.015954035096533235,0.010922322086885733,0.009099581440099515,0.02309605691791147,-0.06109976552241018,0.04112907356812053,-0.032908169455014645,0.05936618678359176,-0.1563234434276974,0.06609041666893174,-0.1727985465788732,-0.07791245819114916,-0.07204251890904424,0.07645413483301737
338.0,-0.002189523671972329,-0.006377584437290408,0.028908697905018065,0.033644462781281456,0.037288827747732005,0.01929081548078038,-0.05382911695709405,0.020627595794580133,-0.034125684849664384,0.04791373777144153,-0.14665570261889077,0.05383589941580989,-0.20464019156779042,-0.04652451817421914,-0.015678508447736498,0.05642632562323035
339.0,0.016059934474121334,-0.05631896916634097,0.0621387692725471,0.045352506542627125,0.04782599506679263,0.02690035967343621,-0.06017720183404249,-0.010143680608743688,-0.026394309564797117,0.029331240308542655,-0.10318737468197994,0.02812708063058918,-0.22514488871138794,-0.010500086418300277,0.032415169902987886,0.029469584317400873
340.0,0.026973465050680576,-0.10047996871067423,0.0754452437584857,0.043198625627095,0.03714413156287862,0.0421168268827112,-0.07527628445992617,-0.0399361091577301,-0.01495712892318204,0.005168487691977136,-0.0365912946345279,0.0018278632752820373,-0.21744815106911466,0.02163241923630258,0.06285023747570713,0.0003707130893857737
341.0,0.03184952085893908,-0.1308389115431529,0.06846325044588478,0.028141069829722982,0.010203612810234955,0.05874742910602274,-0.08862582020519977,-0.05834876998858266,-0.004085462258720926,-0.020938357593615377,0.03713568347250367,-0.01450823550436515,-0.17010756020857987,0.04284069687310228,0.07249762637835543,-0.02430329151750526
342.0,0.03255317242566565,-0.13923366155632239,0.047769696151543486,0.004637639086838377,-0.021090878922338855,0.06973000407572284,-0.08921405507669863,-0.05643641789186704,0.004540444324740308,-0.04396254868574329,0.10329810931992768,-0.014950456356487151,-0.08186227284741307,0.050121844033739316,0.06323700223201609,-0.03849521979548138
343.0,0.0304500781162298,-0.12109501553205328,0.022594848064269594,-0.020995458943000294,-0.04426996727783867,0.0682432136690413,-0.0714680810475879,-0.02894141112085423,0.010448028924227006,-0.05936765263577605,0.15237752239305333,0.0009126837863485052,0.03477551509415341,0.0448525774617781,0.039199256085767326,-0.039503102316360825
344.0,0.02555056142473581,-0.07918405328716539,0.00034212284957884026,-0.04221541897441715,-0.05285269054410337,0.05043106127326538,-0.038915686145207906,0.0217321249818192,0.011859153655177063,-0.06488054775740594,0.17972157147281798,0.027009905496215073,0.1536198456128622,0.03164156096585294,0.004711174059491265,-0.02975763293929084
345.0,0.0163885978728217,-0.023659515485030837,-0.01470313920400879,-0.05336306976584149,-0.048165005104056184,0.018908750843773078,-0.002873429885594338,0.08367503187118724,0.005706986380582237,-0.06093641765487212,0.18292762562630652,0.05144940368589462,0.2418437993143866,0.017176424816019952,-0.03568172788522334,-0.016257817670693227
346.0,0.00132619546545096,0.032019745849356004,-0.019987574211473614,-0.05090506636285884,-0.03602615925725725,-0.015818303275571335,0.023414079264644224,0.13878165270217646,-0.009505222743277893,-0.04958223822849546,0.16070193093872062,0.061001981951234935,0.27266289303495034,0.009351912527761673,-0.0758398466202158,-0.007656081040059932
347.0,-0.01928390856867257,0.07616590667077429,-0.013845963099151022,-0.03480009929545901,-0.021737284182834573,-0.03775129794165883,0.031620661664727705,0.17000988311486595,-0.03142377307141709,-0.032935393426214245,0.11503339505756904,0.04760303382020365,0.2372342520870817,0.015506890116827642,-0.10773237750568712,-0.010217808678385131
348.0,-0.04182289978366183,0.10197687936995876,0.0037785309482340147,-0.008899165867786574,-0.0071927844017664905,-0.031379003436695516,0.022325390326153542,0.16837574808389907,-0.05478495012443413,-0.012696130271724526,0.05426862301144054,0.012458416030585154,0.1493571448702968,0.0390967524656675,-0.12368101453827715,-0.024704786462373854
349.0,-0.06047313336019173,0.10797272758743255,0.030342060925010315,0.020127582238494608,0.008260003894037773,0.010601879372690184,0.004305329470375508,0.13554711918387316,-0.07455391228539174,0.00897865960145112,-0.007253715060646363,-0.034811725971815165,0.04065564421217982,0.07624708482277492,-0.12006650900611099,-0.04580306327995742
350.0,-0.07028110651515924,0.09654981204416457,0.06021235379070363,0.044601450532087895,0.024682602324422966,0.08136819023100968,-0.009873234415730204,0.08112133687222665,-0.08804792964847236,0.028889137430697258,-0.0547111682289041,-0.08104385915946839,-0.051644975819316735,0.11498661518109232,-0.09955974666521895,-0.06395897013268241
351.0,-0.06983761601798963,0.07237417777325339,0.08507100555996097,0.05769071660499581,0.03942350711535568,0.1597373618603268,-0.008766678509458968,0.01775421108261653,-0.09408687112417313,0.04430036576882052,-0.07994856204808305,-0.1148505040988572,-0.09874045112494349,0.13899174726819333,-0.06948926150318666,-0.06848146531552887
352.0,-0.06135209338522367,0.0415913857065679,0.09575646339581098,0.05548324023298498,0.04809752916389967,0.21687981784799462,0.014744543620985203,-0.04200201355409708,-0.09048489760085666,0.055568558794293725,-0.08443097382305434,-0.12899528703263383,-0.08947703937331279,0.1349741562451221,-0.037444694334475614,-0.05154016757515193
353.0,-0.048454532102673406,0.010955002754833052,0.08530723582778307,0.039012390167469636,0.047618915133228745,0.2272973676238493,0.06110159932624281,-0.08673695033234781,-0.07303839014889804,0.06686254357624985,-0.07616455071054401,-0.11990204786478034,-0.03148407012392809,0.10026193929819367,-0.007997188210047527,-0.012642050138713824
354.0,-0.03389843038824489,-0.013791994955811512,0.05228912329214988,0.014523129951505412,0.03862027981517444,0.17903547317096957,0.12205788571696399,-0.10755310497595191,-0.03760572514754241,0.0837725406495186,-0.0642371274718604,-0.08707801858085377,0.0542333886376404,0.04604252102451492,0.0172498286774671,0.039077989707751934
355.0,-0.018795775092242603,-0.029140477354324033,0.003217918533833139,-0.009359419331850381,0.02573303308482131,0.07826713421377464,0.18180347415350603,-0.10059717853956951,0.016079135772316462,0.1093950580919766,-0.05515819586470474,-0.03374118684321084,0.14184724392993175,-0.007090350398747157,0.037850264422649105,0.0877637380166373
356.0,-0.003559227056437551,-0.03345019831573319,-0.04786602731609753,-0.026101369737508002,0.015945508780737052,-0.05357283915201743,0.2230072569779616,-0.06836154721083729,0.08159265621017883,0.1412352546976489,-0.05195675689159033,0.032813992578851224,0.20959286325485027,-0.03990415673352083,0.05350966960813032,0.11785302671997779
357.0,0.01042066873963503,-0.02564294434455299,-0.08414930804278406,-0.03384868802212602,0.015801216781656725,-0.18748894095449267,0.2342748649201549,-0.018230289204951077,0.1461159678361123,0.17080317067052755,-0.05456730487769169,0.10237199948884286,0.24599427704722032,-0.04427093378500271,0.06406354541008291,0.12052274418131179
358.0,0.019826128228311136,-0.004795371895804203,-0.0936449065020347,-0.03421013432998506,0.028245562578620483,-0.2955565814311026,0.21408368228167857,0.03988655487367105,0.19403349672778092,0.1864830914258395,-0.06040715699874475,0.1637274949953333,0.25081480608584716,-0.02492991915902108,0.06909295937691542,0.09631209675631382
359.0,0.02026514736864322,0.02871274802105408,-0.07544060678974797,-0.02912549318978026,0.05066354456971015,-0.3585382275992237,0.17022487542324913,0.09516146813239769,0.21197470419907885,0.17831343252946827,-0.0656716073493278,0.20648267569514117,0.2311478273643584,0.006122188033641663,0.06739818733411139,0.05400720782533002
360.0,0.008944761161284119,0.07197740609839559,-0.04065956754857818,-0.019243576854573625,0.07584963761136407,-0.3706156226639647,0.11664500230717476,0.13759818739929447,0.19315458192387813,0.14236144377784965,-0.06755836096075889,0.223114546698151,0.19621530158248474,0.036694570134388316,0.05762012027797661,0.006979375120264862
361.0,-0.012398427693499744,0.11969140129134528,-0.007027079102548043,-0.004863304516204115,0.09553328901667305,-0.338105645091995,0.06897853984943185,0.16066319572955617,0.1398203136384808,0.08259476704761404,-0.06576276391302861,0.21162409505593355,0.15456151151099082,0.05861735072892534,0.03974052164133513,-0.031585960290976565
362.0,-0.03678236008047795,0.16513893799013962,0.010349591053294301,0.012487114498465953,0.10385118760096917,-0.2722982874831669,0.0395660955048849,0.1633287797345449,0.0628263540797804,0.009054767930506488,-0.06181838571080018,0.1773637671907879,0.11448516091854756,0.06846022382745451,0.016153271832551684,-0.052528697045370006
363.0,-0.05436535411843035,0.20113511071929693,0.006782235836590624,0.029816084763301377,0.09883746964308819,-0.1826689618146009,0.033768668175416135,0.1495084202703942,-0.02175088752981543,-0.06673461943330343,-0.05753822632442992,0.13180543604799264,0.08520714872742784,0.0658643622190173,-0.008256173518963216,-0.05251164148677061
364.0,-0.05643257448702891,0.22105267211630245,-0.010205062068285791,0.04370934207125018,0.08209407091995713,-0.07651969661441374,0.04938376536235333,0.12499113124561566,-0.09704411406899723,-0.13592726123426463,-0.054833893435461724,0.08793332286398932,0.07568270242813357,0.051041907398850214,-0.026779350461066675,-0.03415744220520125
365.0,-0.03917124079666132,0.2200625821479398,-0.026021862930838167,0.05146765791499309,0.057584621500178415,0.036622926198115746,0.07864806433580473,0.09448911449977333,-0.14930677457915215,-0.19337979659009896,-0.05682280803810732,0.05492411812479016,0.09078992426067019,0.02323838581536587,-0.031780976828324384,-0.00469358004085345
366.0,-0.0059312260685844545,0.19576194894138033,-0.027993454624270758,0.05167920456698364,0.030091809018767863,0.14261468905198485,0.11058183226577084,0.061157360598606776,-0.17150114118365176,-0.23618678269438798,-0.06789577167907863,0.03517494601574238,0.12716520027908804,-0.01840610293783075,-0.016106257106918275,0.02683889924922626
367.0,0.03327775299262182,0.14808374272895114,-0.012890085111064662,0.04445315482558387,0.003706083447928139,0.2252876536697593,0.1329542505016541,0.028211827360932158,-0.16575976509803936,-0.2624792303932481,-0.09132962758124201,0.024768318324444708,0.17130273744328295,-0.0719487587633242,0.023875577852839024,0.05254845448876059
368.0,0.06513979224690816,0.07997000735122523,0.01142113360533344,0.03176959575739258,-0.01900275589724891,0.2709000930140493,0.13520650084868496,0.00043474805307475877,-0.14237902933879204,-0.27165155357769327,-0.12583663705108564,0.016993854604617914,0.20243685415680274,-0.13017340591007837,0.08431200584465583,0.06752992809864794
369.0,0.07779348234503795,-0.0006860224529882847,0.030732569866987518,0.01761920732975877,-0.03677234857408694,0.2711700039917744,0.11258286323956285,-0.016273193882776312,-0.11487941752352951,-0.2647646769568025,-0.16390773553509444,0.007278065926390483,0.2008561187487353,-0.18117523042148156,0.15242737987004193,0.07056095182593247
370.0,0.06538601328060373,-0.08002039058321873,0.03230009698964272,0.007128670927933711,-0.048913545849863356,0.2254522141851108,0.06911785507217937,-0.017613319134363856,-0.09388201347971155,-0.24401758667296145,-0.19359940696294992,-0.0036775428408732857,0.15752078935774455,-0.21215435524803725,0.21014248959862558,0.06373166635310554
371.0,0.03076073683681024,-0.14054940396486354,0.011399410413827835,0.004683800238928036,-0.05478844631517375,0.14302829289051752,0.01695787040385356,-0.004069178258840492,-0.08334061455665832,-0.21199252588628395,-0.20312480064153912,-0.01088022531667823,0.07869531781584428,-0.21385186960702354,0.24121602284788793,0.05090043837054795
372.0,-0.015312751414010844,-0.16657278479194837,-0.026406723674260626,0.011789031497099397,-0.05374218340247721,0.04310360722316693,-0.028057048299477354,0.018425737503503386,-0.08051304431499519,-0.17162836305564252,-0.1859824609485768,-0.009068111850586882,-0.01665659703809605,-0.18323200501141565,0.2373869157011007,0.03572272214082599
373.0,-0.05817531720897732,-0.14997796555006837,-0.06801981880408225,0.02568238979957883,-0.045545403525546105,-0.05011755908537313,-0.05257357684601795,0.04129477765042641,-0.07837681483891032,-0.1263996710823779,-0.14409850498185603,0.0032826909083889717,-0.10414675233773782,-0.12444526135528063,0.19963105750322405,0.019977506230719696
374.0,-0.0845641570373618,-0.09384315720476402,-0.09842573979665792,0.040051300191075966,-0.031318938185453754,-0.11557667415198718,-0.05094541471375504,0.05743005867828629,-0.06885457839327515,-0.0799460475887645,-0.08751439586834907,0.022211605325265053,-0.16258187092419846,-0.048822834359426755,0.1344897598821935,0.002540046634908554
375.0,-0.08717790719181624,-0.01212233768330396,-0.10607579265803568,0.04807639878717662,-0.01423420281844586,-0.14278419071640508,-0.026714398861023607,0.06383674962717316,-0.046432042808862845,-0.03560195965996755,-0.03058215932256417,0.039767456696726974,-0.18103680640613384,0.026844603208065164,0.04961649944586114,-0.01976739585323145
376.0,-0.06702834628117803,0.07517560686053958,-0.08665022748550287,0.0458143723378577,0.0009904133219455539,-0.13563221723647115,0.010403844649560828,0.06155704969091669,-0.011252249171834719,0.003763334603738094,0.013761855396988447,0.04844187348665724,-0.1609712421397598,0.084774558648599,-0.04717272460427289,-0.04876780931381066
377.0,-0.03240291190131378,0.14920271410594008,-0.0448404175085615,0.03354741881593411,0.009843060313327798,-0.10996313778121841,0.04921797476841759,0.0534184152808494,0.03050344866348292,0.03609296843235509,0.03858175802598697,0.04599240993582035,-0.11248714810239127,0.11250330191908246,-0.1455163355996832,-0.08120274944643863
378.0,0.005153827540349634,0.19744508785138734,0.007018455379551388,0.014543223346201707,0.010136492921344558,-0.08452891670900932,0.07974661534949483,0.04141852501446262,0.0695820809257654,0.060647409315728575,0.04403424138445039,0.03694652931187748,-0.04914826014057008,0.1080719343129589,-0.23067606240472094,-0.10816470112232077
379.0,0.035422483795841515,0.21428808443234,0.05381111684598535,-0.0072952079059908975,0.003280016402431569,-0.07113952245205499,0.0933312136869008,0.025357435150805668,0.09776666835538436,0.0779307519312863,0.035423979857207,0.029281131607160123,0.014028861694966442,0.08092502190431748,-0.28540616004584374,-0.1189582945079735
380.0,0.05222486318931512,0.19901785429299765,0.08351775406634987,-0.028777452309382483,-0.0062988941103822955,-0.07128142451634738,0.08293708479256601,0.003186748992294019,0.11077026945969094,0.08927598145282548,0.020222905401863042,0.028523218885252943,0.06095526765909615,0.047578584147345275,-0.29563534108436246,-0.10728373656049058
381.0,0.05384790720952876,0.15498517255099037,0.09091063025914699,-0.04718854600811678,-0.013235340794111592,-0.07948989537328092,0.045814515629174726,-0.026911271591750326,0.1093181694800917,0.09687945204992732,0.005589917285952681,0.03372875751973848,0.07791894763924961,0.02413540034068241,-0.2574521898253264,-0.0756909747485921
382.0,0.04252192151941843,0.09064402501164483,0.07795668305048734,-0.060049320893321954,-0.013281155128803117,-0.08790021413971914,-0.013237514634714793,-0.0632480507348467,0.09866908054211575,0.103819683822919,-0.0025936188024780504,0.03862016817261024,0.060233181662939596,0.01919494061338079,-0.1813684531168229,-0.03540145580301221
383.0,0.023960668471557256,0.019746894215841658,0.05165458219833184,-0.06613365893477714,-0.004640213420419689,-0.08875935043802535,-0.08189743597385922,-0.09842646507751991,0.08666421450133276,0.11307319693665904,0.0008049915348214784,0.03673909352025728,0.016471629063119005,0.030226667469938902,-0.09062896208149536,-0.001856067296495775
384.0,0.006195135986476839,-0.041831502101045415,0.020909977258509033,-0.06643292726275088,0.011113292606679115,-0.07620619214007665,-0.14472291153653433,-0.12108174986060008,0.08039463457885564,0.12571195718196262,0.020226849990431287,0.0261041506188161,-0.03468838244918822,0.0453701947800849,-0.013379822565566335,0.011530016961077248
385.0,-0.003397324000792416,-0.08191487948820944,-0.005928197523852289,-0.06318287005659953,0.029013388557046514,-0.047996171561381924,-0.1887574714024305,-0.1217409659839038,0.08235672825879231,0.13932969259572053,0.05727543534165942,0.01016990078824683,-0.0741224102452897,0.05070206005119629,0.028392892218284244,-0.001320831492752072
386.0,-0.0017163578973265294,-0.09680294227342101,-0.022626296359284436,-0.057736044309689434,0.04256039815494768,-0.005771122147423907,-0.2067906380429448,-0.09931672469833713,0.08824070809171747,0.1478473930292968,0.10792660517634728,-0.004811851685100204,-0.09233979973857297,0.039164956019755844,0.02772970639989335,-0.03702805141277661
387.0,0.00874747339490666,-0.09182855655669904,-0.02639256461416033,-0.049707598158781785,0.04688942498995616,0.04615956163290264,-0.1979116742446492,-0.06360889647026274,0.08864238262887632,0.14355096689063723,0.16263136787155474,-0.013950063743454007,-0.09299444879619363,0.0148756253759618,-0.006198590620232783,-0.08425647501508542
388.0,0.022127792915425108,-0.07797463807646675,-0.018585827410059774,-0.03797793893162605,0.041090247717818634,0.102248689942276,-0.16689222476488513,-0.03118435224143465,0.07469860866205454,0.12078597895552444,0.21013947441690983,-0.016598794615078856,-0.08759406098636133,-0.010132994664861826,-0.05493608168223642,-0.12714110830716413
389.0,0.032840829601920134,-0.0669156252253741,-0.0037323742544818363,-0.022161091461646357,0.028203645235016797,0.15668724389568173,-0.12291677755930408,-0.01616809856660604,0.044429343919962026,0.07918824245096959,0.24170203362994525,-0.01582824684023602,-0.08643387444310086,-0.023598358888262158,-0.09925034315023779,-0.14928909170176377
390.0,0.03795770230446961,-0.0662337005346756,0.013032343816496676,-0.003496052092940739,0.013414098562444106,0.2036526788898774,-0.07736010833139095,-0.021767486587387867,0.005406248965186197,0.02471445181219266,0.25269409674508825,-0.014801152025827484,-0.092744455209437,-0.019580990724466996,-0.1237581981447223,-0.13836865756256841
391.0,0.037488071364752684,-0.07624404888904783,0.028481870572241757,0.015238593958339545,0.0017687355851769694,0.23737000341761008,-0.04092804243083162,-0.038752683835406976,-0.028561425601813246,-0.031868775466291965,0.24257062019127382,-0.013140311836561168,-0.10238785286860669,-0.0003410089996635055,-0.11839639232946303,-0.09068576311491877
392.0,0.03323168889091456,-0.09017518644346739,0.04177737646287071,0.03093091549950299,-0.0038354666731608114,0.2534277177850153,-0.02066736002996771,-0.051772646721495445,-0.04494094579505952,-0.07866449395645678,0.21485755236870166,-0.006731806961670626,-0.10720783209804416,0.026226808876476704,-0.08009861016239521,-0.013764872806385697
393.0,0.02711752751620708,-0.09819155616644669,0.05250360584007605,0.04166356204991201,-0.0037962276232464385,0.25143907229211054,-0.017511999223992613,-0.04816617598519367,-0.039152317786796696,-0.10729806143433326,0.17652028455353813,0.00861194444160255,-0.09991623229871348,0.05059323087475589,-0.014694318560190095,0.07492132871877039
394.0,0.01991371055556918,-0.09345997221313036,0.058548005719441396,0.047331430228632926,-0.001195888484813292,0.2365485168005074,-0.02615574230874353,-0.023378123659256882,-0.016100909063121113,-0.11619250949538565,0.13557571448420017,0.03262923435477663,-0.07886293218204958,0.06473714395311612,0.06387879491484941,0.1532510202720094
395.0,0.010957009695478062,-0.07675861354126604,0.056423779996081586,0.04898616256365936,0.0005265371931706879,0.21704354743810217,-0.03827369289554654,0.01847322296077581,0.01350839138033894,-0.11033687175839646,0.09768306164696228,0.05864884229756926,-0.04993677111392116,0.06444559096282292,0.1383243582294405,0.20187023655518407
396.0,-0.0009558300724768876,-0.056136101349164046,0.043904734647388206,0.04752345301604832,-2.9682217443999355e-05,0.1991221223480432,-0.04697257884311306,0.06702381790632192,0.038911899997744394,-0.09755604015321412,0.06407115358647307,0.07564333652102188,-0.02325577798866258,0.05062347955779828,0.19431231000715576,0.21075231529598523
397.0,-0.01605540210030934,-0.04157245815692785,0.022677747811770718,0.042871533282439755,-0.0017185389367521406,0.18348506688998947,-0.04958644835326624,0.10934476743147854,0.053749984558599015,-0.0838287559177526,0.03281185856737841,0.07339455957018047,-0.006664760742557368,0.02845379417019262,0.22470600098912305,0.18250688324610992
398.0,-0.03251590082899785,-0.03897233386232945,-0.0011108763163905,0.03463557423582452,-0.0025904947184770197,0.16611781376008955,-0.04790128307451756,0.13398854914249564,0.057249914659304,-0.07075938515917307,0.002626955160303319,0.04792508347243065,-0.0015973243725407678,0.004733529088094291,0.230318998565543,0.13124107117458186
399.0,-0.04648935656769816,-0.0474191911389435,-0.019231317955044944,0.02368081239178273,-0.0020381617344225967,0.1408380537633085,-0.045884095172773115,0.13464748783313155,0.052391407083284276,-0.05598345070978097,-0.024098610098646042,0.004008803546129801,-0.0041772648020746775,-0.014592227666702932,0.21808894809589116,0.07705523756879397
400.0,-0.053028316422984216,-0.05995514753378231,-0.02553724239039471,0.012683895106732882,-0.0011236213879077508,0.10151522936726841,-0.04588650222029497,0.11265658126991454,0.04350963105129145,-0.034966680786725025,-0.04153463246308454,-0.04653632439421595,-0.009145858567716898,-0.02579888401823075,0.19709941220450683,0.038127982487539215
401.0,-0.047519753051207446,-0.06679944944822334,-0.01916454157791057,0.004438641368236397,-0.0011793773354291566,0.04496764530878585,-0.04581560056257925,0.07718268379572372,0.035221818069645736,-0.003212387527389763,-0.04362400338998837,-0.08969926052884478,-0.012903460940200243,-0.028406361508580568,0.1730188349418876,0.02399511418913468
402.0,-0.02783157777370737,-0.05994472037317054,-0.004819894413954749,-0.0007509272009182349,-0.00258628381786164,-0.025497245809337297,-0.03923895439403323,0.041950695020752514,0.03195678796234741,0.0409932273060813,-0.02832252900142841,-0.1149254286702072,-0.01438152733190674,-0.025816202826460417,0.14456774155624652,0.033342712102573405
403.0,0.0031821047251641013,-0.03700426995004825,0.009220231996787601,-0.005883658892957897,-0.004769002922991076,-0.09918563794340517,-0.018534415670253813,0.019506766967206667,0.03650230781620905,0.09428835620939333,-0.00026096818985389187,-0.11887085677471483,-0.01462453853376781,-0.02414651293697783,0.10622602248471312,0.05714566196023872
404.0,0.03694854199512731,-0.002237455693770639,0.01371770546486094,-0.015165927427160213,-0.007247287480474779,-0.16187275552120042,0.020081482409827954,0.016331495147091077,0.047678310158767265,0.1482542701825916,0.03012830977638351,-0.10538408325585041,-0.016259399548092555,-0.028854504932017588,0.05550196331874511,0.08480083893710724
405.0,0.06217007755864813,0.03528230889464196,0.0011518424496995256,-0.030859646034434952,-0.01112739799448814,-0.20165536192198755,0.07238960284401763,0.03121258621327306,0.05898094073969472,0.19194558437575782,0.050945593867746435,-0.0822476409163469,-0.02306574222569655,-0.04124504274959942,-0.0023402968848099002,0.10906463182222888
406.0,0.07015637493192273,0.06502516388199353,-0.03136828353419654,-0.05193212820476268,-0.019617678792868576,-0.21264446963929837,0.12629589384160342,0.05667869294221356,0.05990705501699427,0.2153810950815106,0.054366065229325626,-0.05732639551415669,-0.03895207183742656,-0.05772839678683092,-0.05622162798478893,0.12681504805013116
407.0,0.058551803409948054,0.07855611215369683,-0.07994936174730156,-0.0752114273896756,-0.036250933877107844,-0.19578515165043195,0.16681345583739537,0.08227150735575811,0.04003138951059446,0.2126333882225419,0.040462684544790725,-0.0361687306081177,-0.06578061521307645,-0.07235168571018422,-0.09499391750898253,0.13667259537209792
408.0,0.031153938533355796,0.07208470051444535,-0.13410652273154522,-0.09710369553287444,-0.06156417608836623,-0.15825933272749695,0.1823518811332422,0.09854163466359907,-0.005666126655721901,0.18403973695935777,0.017668675757509897,-0.02101323242980195,-0.100645648035343,-0.0801534501963753,-0.11220962423803062,0.1371926420861581
409.0,-0.004818543744452989,0.04718132337627872,-0.17943080723782956,-0.11400649153175015,-0.09098283878323402,-0.11192640722408669,0.16842647785106904,0.1004835509123185,-0.07265311544226487,0.1370306082329208,-0.00020912005225134434,-0.01066646650915966,-0.13453399376623987,-0.07864043058870424,-0.10817187367091399,0.1272584872948252
410.0,-0.04122405663103289,0.00967379178494072,-0.201710579560308,-0.12182467816303448,-0.11612226591844405,-0.07071325755679732,0.1280414565693672,0.08919445805074178,-0.14643449725045699,0.08455324662627618,0.00013157833021655053,-0.0013987381982456335,-0.15420973572898175,-0.06743191260924625,-0.08948604373496612,0.10698600180724088
411.0,-0.07017942023196232,-0.03236616325321474,-0.19150910735629992,-0.11628060398302661,-0.12877673654590277,-0.04723920679396764,0.06999101292506581,0.0709593722026926,-0.20667797366455395,0.04077160156703518,0.02434721065541692,0.011242495177306303,-0.14734314876574836,-0.04828699156248034,-0.06603000887635245,0.0777360834549855
412.0,-0.08499516274229506,-0.07024728086488106,-0.14773690238165219,-0.09468738955652178,-0.12455656809870548,-0.04892576231774726,0.0059611835496995,0.05373906553440505,-0.233893793656358,0.015800823542614074,0.06556023804473356,0.030299587027630855,-0.10878176565851487,-0.026031578562310875,-0.045926686191785755,0.04174746125357689
413.0,-0.08193569026572736,-0.09566379322825516,-0.07858149389644174,-0.058105553281514816,-0.10394323969437891,-0.07452497620414522,-0.053016925434484746,0.04297475449452779,-0.2157549066158243,0.012431117337056562,0.10553847780072205,0.05542715533720899,-0.04441779460269198,-0.007967176749633502,-0.031470380915371965,0.001809336007151158
414.0,-0.06196540457231686,-0.1024336215475653,0.0005514387245472624,-0.012147272747097582,-0.07117635653935768,-0.11349653317674553,-0.09971953256815806,0.03969119565415144,-0.15120672477281497,0.026283052036182065,0.1223343500602603,0.08182622513255228,0.03010976347059759,-0.0002470350673735251,-0.019687257518485997,-0.03934921604758837
415.0,-0.03042037362016668,-0.08922632043696081,0.0713116819034998,0.03454277626815652,-0.032605751647179895,-0.15023172199675935,-0.13208261181126144,0.04163707698228192,-0.051469937411605646,0.04820824306477811,0.1001670709736716,0.10145538053818888,0.09514172085615429,-0.0035963147895196187,-0.007413651126168881,-0.07947814687547491
416.0,0.0058040626660964545,-0.060703001119322676,0.1179687222089086,0.07352713192967883,0.004941843341423583,-0.17125341684341192,-0.15194312179375527,0.04548920147502871,0.06247699854888589,0.06718626268756765,0.036570822024699474,0.10688987329502246,0.13399909871889074,-0.012306850053308302,0.004380993228544002,-0.11578935365747148
417.0,0.040976551844449954,-0.025172527873334388,0.1329084721144887,0.09962612468159525,0.03602152112191742,-0.17009615663647426,-0.1621230082377462,0.04819034105546673,0.1653830099450724,0.07336654922103379,-0.05560666361666506,0.09556508755417321,0.1385691516748636,-0.017603554092757843,0.011685408469327847,-0.14298969366373773
418.0,0.07071392783892028,0.00933682705787309,0.11986045814278656,0.11208811071286116,0.05795340509498876,-0.1470141341954026,-0.164192625673739,0.04712403053851832,0.23455987095578829,0.061480960883157826,-0.15195598587743603,0.0711999290805291,0.11185957375279063,-0.012674481763774954,0.012195014783872337,-0.15326221649797309
419.0,0.09066713918972698,0.03767297196353685,0.09255967078716998,0.11357108561669976,0.07062913115668505,-0.10632483477249013,-0.15814521788630212,0.039993867141745416,0.25620033238008144,0.0337329446745446,-0.22521679242172724,0.041692242458973544,0.067096702219359,0.004027495674377371,0.008147311068234294,-0.13996103867446477
420.0,0.09648657429386763,0.05821471960580509,0.06845554748278825,0.10775285665842994,0.075191688502717,-0.0551989215396845,-0.1429608401235021,0.025355728320911926,0.22927944812328033,0.00014457893519164103,-0.25536816076789215,0.015646170280419758,0.023698380043084295,0.028604430323771086,0.00456458940171602,-0.10292738254375706
421.0,0.08578480290546685,0.07229592538118222,0.06078839485265427,0.09721443194588719,0.07329439642242362,-0.003581261466959061,-0.11702086156139026,0.003915570209748554,0.16519160604861932,-0.024895616080949024,-0.2359708272434258,-0.0003299990242930692,0.0004214678649789966,0.05440754736131528,0.005304494273261435,-0.05133778304543577
422.0,0.060396137054906915,0.08264066934378514,0.07402283488486572,0.08319422462138024,0.06743727966374731,0.03760658986747488,-0.07905595421396386,-0.02064058829401861,0.08293479201024,-0.028647810243379354,-0.1745247696048877,-0.0031821872858187592,0.007652743916394982,0.07611645691021558,0.01081759676189702,-0.001605730437483257
423.0,0.027167214226322876,0.09124750120684297,0.10423627577882398,0.06683940744950122,0.06100650916380239,0.06068212520339542,-0.030244612820332285,-0.04297211995142057,0.0023604695606440477,-0.00564614770923682,-0.08880010661227333,0.0060523699711113425,0.04272425022160503,0.09231064568005318,0.018659436937308517,0.02864400813931569
424.0,-0.0032878555585166575,0.09815593113094556,0.14183388122846416,0.05007153977228242,0.057260245460321414,0.06544364557117952,0.024242798840522953,-0.059275135243978816,-0.06122750086215864,0.03949622956024178,-0.001398436666334014,0.023138414976942606,0.09082337777384902,0.10469217718147858,0.0250902908550646,0.027367356343995026
425.0,-0.01985046440789706,0.10197255484984381,0.17455490113545888,0.03545929651634414,0.058376258483647726,0.06051163502968499,0.07678260126796374,-0.06937586051950441,-0.09943311318082709,0.09306402306372326,0.06696638218070011,0.042761560614148014,0.1314094297178083,0.11559624598077307,0.026362415999264314,-0.006968671436785302
426.0,-0.015541145832093414,0.10099204449418041,0.19143687776216636,0.026040027781935714,0.06540965416744429,0.060127381040417566,0.1211682760575752,-0.07530269741237781,-0.11018932873066405,0.13676360187484493,0.10403573204381283,0.06047860669801093,0.14751952980416597,0.12660635077947055,0.01976884534354661,-0.06392793856612652
427.0,0.008722584512298287,0.09342306806807785,0.1874142809911617,0.02530905622000464,0.07844821623593934,0.07709930205142371,0.15469624911371319,-0.077927987759486,-0.09566281430697675,0.15451283993576467,0.10892660638888803,0.0732528786595586,0.13306682027552713,0.13846079186898877,0.005249193721762149,-0.12420791803371237
428.0,0.04404250626212859,0.07722680782228253,0.16559270246072327,0.036394971704476246,0.09613328343257227,0.11560069798599218,0.1764211709953839,-0.07565811467465922,-0.0605890236917916,0.13889528641520993,0.08952364884714047,0.0787829250251541,0.09443868988198431,0.150436182300452,-0.012824152973221653,-0.16676242623271856
429.0,0.07742319451339831,0.05083164046385292,0.13511704522385776,0.06007631724226411,0.11476037872838869,0.1682236902281076,0.18429663642680474,-0.06642019261228814,-0.011827595813725533,0.09382280507696575,0.05695747890792466,0.07496961712383016,0.04685280133536169,0.15918546734392555,-0.026185526452300774,-0.1768638871297295
430.0,0.0968853037889414,0.014454672831897457,0.10576618418510607,0.09269206878141807,0.1279663937184129,0.2188603309240344,0.17472622940872326,-0.05021388161641208,0.0414839933694818,0.031735449539066624,0.021434357132575573,0.060251690110840306,0.007867400084562546,0.15914643071740517,-0.027074338427350863,-0.15109057195292389
431.0,0.09508024921295881,-0.02892135788562828,0.08254788265942735,0.1252861193039469,0.128130532392686,0.24996864355157036,0.14493407248234869,-0.029463921209516863,0.08803698391881891,-0.032424364579703914,-0.009250986532511295,0.0341641677149151,-0.009834339867791168,0.14517689075868379,-0.013711256641155321,-0.09719933616570822
432.0,0.07105912406908584,-0.07322318662876803,0.06384526151855428,0.14511473109070597,0.10960065822873291,0.2508707916937692,0.09620453666790656,-0.007504294673707885,0.1157699196337819,-0.08645636417681724,-0.029754742667462225,-0.0023362102254818823,-0.0036007001904848953,0.11554626569030245,0.007807790782322285,-0.030052483840203478
433.0,0.03087769299624961,-0.11008639591274907,0.044265785623144566,0.14019769629677836,0.07198455003629704,0.2219795815254185,0.03587274344260379,0.012607331157933057,0.11540228721424928,-0.12332737513039932,-0.03687512537185007,-0.046107203394820655,0.019044746576291058,0.07335762538042333,0.026755821483086695,0.03353777514898397
434.0,-0.013676422914991401,-0.13134678411100545,0.019247598365410696,0.10547909731083185,0.021186518277618895,0.17170953638093736,-0.023602635335878936,0.027862969713428228,0.08473205920037259,-0.1413193918722443,-0.030113792384272118,-0.09060888762721163,0.04545643058931525,0.025677477925731464,0.03376348679163285,0.07884368730234835
435.0,-0.04949261602864542,-0.13225499131221527,-0.012548243633410849,0.046640018749245574,-0.032316411834509944,0.10973083455457504,-0.06872120023226572,0.034563829278570574,0.03061308924749889,-0.14303886222574705,-0.01367837839106545,-0.12621052591877374,0.06477229824041422,-0.019472774261632308,0.02600937727236409,0.09602106551633992
436.0,-0.06818787076662045,-0.11324409808612387,-0.04951526602083555,-0.021786613520976494,-0.07648779630658621,0.0439416809245702,-0.08977360693310545,0.028679449354702846,-0.03294844520990723,-0.13357856557044803,0.002743708316982239,-0.14359707284446388,0.07247634430904903,-0.0569087783534065,0.009191785231872491,0.08298686493817502
437.0,-0.06936316441801406,-0.07925984135793246,-0.08772357724356378,-0.08324286959405748,-0.10057437245004563,-0.017374945102344632,-0.0836519965972261,0.007989578452416607,-0.0892411159406549,-0.11785214833165855,0.007653713434318531,-0.13848941896164954,0.07041457138391666,-0.08634134646815031,-0.00447744580063833,0.047764713260230955
438.0,-0.05847390304010633,-0.03757518698264113,-0.12114989652434668,-0.12625784355573305,-0.09757292602696205,-0.06469967200198411,-0.05453732110409174,-0.025452197079523182,-0.1236840674181177,-0.09839217285687767,-0.005677509082377704,-0.11402066780777118,0.06313346343332188,-0.11079204065027272,-0.0017390478599111716,0.006660164835522991
439.0,-0.04201659824531704,0.004396416312871491,-0.14313352216432682,-0.14724702645559598,-0.0665856024944183,-0.09227251581334522,-0.013360713014136941,-0.06504598235404106,-0.12798007844800127,-0.07568857416854358,-0.035105417890537345,-0.07932156935083545,0.053682018889142716,-0.13221491015700315,0.024638062365623176,-0.023011887980863927
440.0,-0.024529874211381655,0.040416281299565364,-0.14941232219136472,-0.14832544037334988,-0.014408520018997213,-0.10413999831789267,0.024737106860159574,-0.10208018019260286,-0.10262668916247372,-0.05096508624762092,-0.07141779084003926,-0.04568774383308419,0.04178702473954305,-0.14795342905324657,0.07086626246610936,-0.030871054952046
441.0,-0.008427813357809571,0.06614714843425597,-0.14022948565627355,-0.1332838420443209,0.04515638556070105,-0.11360539343910601,0.04566043779324739,-0.12882532356079968,-0.05601596012157731,-0.02822038428480591,-0.1041977748470782,-0.02216401358542333,0.02510058612424991,-0.15125072939288095,0.12270290417493464,-0.01660492319174901
442.0,0.005204598006629641,0.07981267974975892,-0.11944268612262805,-0.10517594751605686,0.09502994903386555,-0.1355213597831555,0.04214775168169313,-0.1404276021522202,-2.7894807551181654e-05,-0.013067672787011642,-0.12715486549409755,-0.012222829625332705,0.0021785794762827562,-0.13538408429133073,0.16132654811608715,0.012170057341183661
443.0,0.01610708736940314,0.08240407750074749,-0.09181643603797135,-0.06668351128641954,0.12039108678241574,-0.17762325013257238,0.016239903785188275,-0.13561829921335045,0.054689514808029936,-0.009694054331138915,-0.14009329966522135,-0.013280644939560528,-0.025198606129951978,-0.09843596615481763,0.17110738685871196,0.04448163337470955
444.0,0.024703395480420783,0.07690808997423984,-0.06109530911670073,-0.022269784716439953,0.1135278248734858,-0.23660196811145887,-0.02307433221288061,-0.11685471161701749,0.10057152237003633,-0.018686484696586483,-0.14748140933779383,-0.019422558995247412,-0.05243482947480836,-0.04621165364267194,0.14567661505856097,0.07032168636534411
445.0,0.03186792122609604,0.06671598057928371,-0.029925055756092292,0.020301670111059926,0.07621981718054004,-0.29981419085601385,-0.06469462803424617,-0.0898795365190676,0.1320828683425284,-0.036811707718075286,-0.15468436190935259,-0.02551067402240992,-0.07507837187439516,0.008238713503718968,0.08993755102656185,0.08279126812999979
446.0,0.037808316596032496,0.05388540020792211,-0.0007625155754127504,0.05150163503972713,0.01917975871784747,-0.3500817308142125,-0.09935839776222129,-0.06278641301320657,0.1442040435537339,-0.05849853661944155,-0.16339670730790595,-0.03012247629383531,-0.09152435881504731,0.049148171717258805,0.01781943019450079,0.07762937275916974
447.0,0.04046490776379873,0.03841536281732831,0.023581157046586063,0.06432248370492093,-0.04135087362040445,-0.37120950180406137,-0.12135647389606226,-0.04491328206279135,0.13310305260082855,-0.07811849996740103,-0.16892323484757052,-0.035776882490990675,-0.10267885914863932,0.06494459701702299,-0.05223484057059757,0.05231678697591641
448.0,0.03575566456336834,0.019210293539881844,0.04041844825278041,0.057952227756987815,-0.0889649569103779,-0.35334968847028664,-0.12888008896340314,-0.04495423628102257,0.09901289750097561,-0.09173088542284566,-0.16168753108921816,-0.04654627952390622,-0.10909907940471754,0.053622881654005396,-0.10209745222243441,0.007440217322522193
449.0,0.02101813693233125,-0.004288485472012536,0.0485553053726757,0.03801130787409915,-0.1123100884387953,-0.29704027742497263,-0.12422576652701069,-0.06763429515278888,0.04811785872972645,-0.09764914786564614,-0.1321735246226388,-0.06461718780228844,-0.10907319358078986,0.023137145420371458,-0.11878605832453121,-0.05038319680630024
450.0,-0.0008549259729031527,-0.031177113989523587,0.049480121534083966,0.0138214878269668,-0.10809619765323145,-0.21340940948123308,-0.11351513489416071,-0.11034539416950072,-0.008915185429521702,-0.09615822528876829,-0.07614734916110755,-0.08790010030191504,-0.09965905954197225,-0.013230164647869455,-0.09915764072212499,-0.10776934848615162
451.0,-0.020954009047865013,-0.05887929777148281,0.04654076914127815,-0.00521182801348714,-0.08124338054779598,-0.11911640527850122,-0.10443263946995952,-0.16239725337362257,-0.060461093511288526,-0.08879519166277679,0.002043240668207308,-0.11004883401280241,-0.07894442053225194,-0.04320074157764786,-0.05240511817239715,-0.14864828160494825
452.0,-0.0290922460071823,-0.08315549210245918,0.042087482902963935,-0.012877553235542117,-0.042797095747498626,-0.0287635713909449,-0.10207507726026814,-0.20788671992083257,-0.09727073058139823,-0.07754984096521551,0.08918818983503138,-0.12292166461865844,-0.04737850135679317,-0.05992258894893006,0.002509067488882343,-0.16165512157808734
453.0,-0.02068571062752769,-0.09838337894711738,0.035674951465856114,-0.008257083173920272,-0.006521012194019825,0.049653869099979514,-0.10567016524838431,-0.23057195727535237,-0.11490747776022849,-0.06453105708213631,0.16676272488667077,-0.12029964686209409,-0.008259873006602142,-0.0631216987034111,0.044478373781899845,-0.14587912968236832
454.0,-0.0006698245402108165,-0.09870290286211428,0.02548443410105554,0.004309548209702237,0.01518601127800449,0.11332634178863141,-0.10913055193608646,-0.21867012891414375,-0.11497181318431296,-0.05211202013140416,0.21744040298168452,-0.10093719954315453,0.032228472322150634,-0.05792267021144151,0.05892878784988762,-0.11070285274969556
455.0,0.018571471588401275,-0.08063279872463523,0.010927628460932946,0.01712027177693804,0.015179536079502488,0.16011115638096743,-0.10530787640665094,-0.16868197648468214,-0.10436912951176962,-0.04252580970004406,0.23161779487974532,-0.06929075893484762,0.06610800011373578,-0.05288070906127689,0.042693188997783224,-0.06993429970085346
456.0,0.02385860969876608,-0.04611163043724451,-0.00654968479527703,0.021610344134864578,-0.006193952576911682,0.18648227023683142,-0.09021313476701312,-0.0873490592453502,-0.09226436648339098,-0.03632042798671427,0.21076572333221025,-0.03360488932346064,0.08602352653319137,-0.05752085160878038,0.002871538161157989,-0.034755262109074904
457.0,0.008118221001961605,-0.0033840264470465222,-0.024611308497958263,0.011105129104749227,-0.0416382084630245,0.19000684079066604,-0.06386602660544131,0.009535631611344037,-0.08572106720892976,-0.031134844737941286,0.16603462349562864,-0.0026213050131116663,0.08766442265215127,-0.07876365702724637,-0.048821180675777,-0.010512896880092772
458.0,-0.02624777693138403,0.03531988919130321,-0.04139131118465931,-0.01603103033847891,-0.07994799131800885,0.17296826627175121,-0.028815301018949368,0.10134912952954356,-0.08647361650161907,-0.022851391689418604,0.11310050618288718,0.01716494192871329,0.07055203232073065,-0.1169683238888593,-0.10192562863096567,0.0017755688628927322
459.0,-0.06878429153102145,0.05796888078729547,-0.05562767495358011,-0.05429342020989533,-0.11000454041138844,0.1431784914125002,0.010522888140271138,0.16844292754021573,-0.09069523931286341,-0.008879349316117738,0.06621019255819477,0.02266223973713568,0.03706584629225197,-0.1641977192503962,-0.14931649751660148,0.002784192638642905
460.0,-0.10587941169373881,0.056886832202134294,-0.06529146977370684,-0.09229721740135435,-0.1239009111185699,0.1114539361411825,0.047408222514345615,0.19845244714839033,-0.0913487900342404,0.008995220861763496,0.0339267384017131,0.014292994267779873,-0.008618065311004003,-0.2066322857011136,-0.1852756127640962,-0.006009505165031627
461.0,-0.12621183924749932,0.031313857371114855,-0.06632078351778949,-0.11749014345826299,-0.11817174518388412,0.08721561319167977,0.07350414635984891,0.19150685451705057,-0.08171697559875447,0.024558165080131755,0.017256528432683438,-0.003963194653193612,-0.06019181398218347,-0.2301360762278977,-0.20314792408824664,-0.02218981104477823
462.0,-0.12419403564890864,-0.012460394128348049,-0.05411513858065546,-0.12147858034843703,-0.09352915516429845,0.0745631623440268,0.08176904748245965,0.1607239264891798,-0.058828345089043305,0.030262552595212933,0.010138013646651003,-0.024983425357667625,-0.10894566155451195,-0.2258289994913142,-0.19628580672819937,-0.0426052238673588
463.0,-0.10075229018506039,-0.06308610369213553,-0.02782273663037671,-0.10290253283836512,-0.054175628893088,0.07202971693313992,0.06995199558539437,0.12569423725653764,-0.025351570203703648,0.02155609755972547,0.002302026642842977,-0.040641677103175435,-0.14626855316168,-0.19279473850838014,-0.16215039848402768,-0.06355162365211424
464.0,-0.062085340698025106,-0.10751619660087733,0.006730339192984979,-0.06703283060189452,-0.006956943654078004,0.07647782073603294,0.04242989051937135,0.1024671657000495,0.011102716411923641,-0.0004109563023794764,-0.01584775605611931,-0.04511820962297891,-0.1676629264612448,-0.13708419519536544,-0.1055987315110946,-0.08052192402361545
465.0,-0.01719314233358865,-0.134875161853078,0.03902789067411042,-0.02329868162889313,0.03998048003417979,0.08669918452354652,0.009000003693747554,0.0969127775987823,0.04114959740166999,-0.02917055777161972,-0.0478327503280171,-0.036779091323069536,-0.17407190107896314,-0.06851313647713765,-0.03827922546080572,-0.08823152071314233
466.0,0.0249582839699744,-0.13938236930717174,0.05889140624468974,0.017751934663214754,0.07876931525254707,0.10253443652125503,-0.01913204921156236,0.10496709714365555,0.057789714186179265,-0.05567704975027269,-0.08850740401521964,-0.01731426960287503,-0.169230923208156,0.002227160036503866,0.024986309777606845,-0.08149548687739934
467.0,0.057691075435443065,-0.12115981677743379,0.060040675010910316,0.047170249875936654,0.10311585776306412,0.12109739216392838,-0.03400615037748485,0.11774527384202849,0.05946151020673665,-0.0716952745237491,-0.12662732855964098,0.010231683772872334,-0.15548807677433288,0.06494630293012822,0.07032571289758623,-0.0567818780350908
468.0,0.07761791744721572,-0.08526754864241645,0.041011531505954414,0.059414428624477336,0.10936991695735516,0.13529910191800548,-0.03315087502965883,0.12704306994901376,0.05060090126257868,-0.07225013113808121,-0.15008984258477395,0.04217553861443456,-0.1313366090003153,0.11082749408458212,0.08815179959384929,-0.014161375843552588
469.0,0.08423430644532413,-0.039938252492599684,0.005387453747094608,0.05301606174843483,0.09741293586514793,0.1370139098600603,-0.018098395803725575,0.12795351691000006,0.03952896725958844,-0.0560251162250082,-0.14960402720716204,0.07326035812110349,-0.09303302411904696,0.13413327703260727,0.07554437350465035,0.04129126061042326
470.0,0.07850114405055607,0.005538630725245554,-0.038310589644055607,0.030541857581547097,0.07054555726291527,0.12194789591604854,0.00861961908770374,0.11844241708490147,0.0343908276978254,-0.023985251610539965,-0.12037356364809905,0.0959815537469338,-0.0403338322291032,0.13438123980575953,0.03732314634588796,0.10047685479927941
471.0,0.061328246280356415,0.04283325269054154,-0.0787139109319597,-0.0017619062681715541,0.03371849604864063,0.09182317987689535,0.04461201594679174,0.09789824376689424,0.038726994983407974,0.02174277036237772,-0.06368477338192233,0.10233635782271581,0.017630640095487465,0.11731365488021704,-0.015039436040207658,0.15378230193448053
472.0,0.033332304095118274,0.06597319676166666,-0.10553950963846288,-0.03497777157773734,-0.00870004090208397,0.052672006859564746,0.0863438728957148,0.06627106940977923,0.04887556279015411,0.077080895304454,0.011646617283527576,0.08773307033048106,0.06253753484613711,0.09343904724349086,-0.06670882875372725,0.19458073883353863
473.0,-0.003424707081272246,0.07228991352738197,-0.11307990131882983,-0.059617833612543726,-0.053385005484146604,0.011462428093263541,0.1277331381607521,0.024050755029725784,0.05508495848054555,0.13409225277435743,0.08975204298841899,0.0541345166157787,0.07527931781851706,0.07430191749609664,-0.10338709696936217,0.2205171360302907
474.0,-0.04339890659562479,0.06321929629492269,-0.10155976171631179,-0.06847304177016111,-0.09624372424652879,-0.026192680094053126,0.16096617336676627,-0.02705303237563437,0.0467265926239055,0.18027036001384744,0.15142589464036116,0.00981227210950854,0.047566633523241926,0.06788633130635818,-0.1144275034951446,0.23240234751175798
475.0,-0.07803171035542919,0.04455560736547756,-0.07615089828955292,-0.05899089227894255,-0.1305829841185687,-0.05615699014727041,0.17992480781423212,-0.08287346300601257,0.01941747658881198,0.20097877255083438,0.18048979268784737,-0.033977517184492184,-0.011120157782791202,0.07555532380577414,-0.095435224473042,0.23147059134307316
476.0,-0.09910343285277601,0.025443328352299212,-0.04423994809595221,-0.033887074433387634,-0.14807629507263817,-0.07493092134082105,0.18410758621732992,-0.13596589888423655,-0.02054352891399494,0.1852276567131863,0.1696372382127447,-0.06683654740101089,-0.07596269855660555,0.09267801473360042,-0.05016266384059949,0.21657796483300878
477.0,-0.10242765030971027,0.015573363858509413,-0.012205071319147621,0.00023783660642159635,-0.14276926121165492,-0.08026647647330477,0.1797597693667577,-0.1766404809250716,-0.05839836180680922,0.1319600790976173,0.12204693239062402,-0.08159729260479763,-0.11742966125470895,0.11249994494772285,0.01013077935389234,0.18390363329457884
478.0,-0.08925308232858649,0.021026744696844606,0.016540390782940548,0.035250982918711996,-0.11513198931132601,-0.0734500967634377,0.1765974063356656,-0.19585408475771784,-0.07910264567045289,0.05247883155921635,0.048495324280502475,-0.07543050917695465,-0.113982011114893,0.1300320836185399,0.07065614552200175,0.13062339074973883
479.0,-0.06473549270772275,0.04125751227660959,0.04115689321008624,0.0635752132598342,-0.07284683945655974,-0.059905409784701685,0.1819528374816685,-0.18825091742145783,-0.07572102158142283,-0.032986222327183214,-0.03639651191793217,-0.05052594125593124,-0.06061801820909225,0.14311780057623966,0.11842966490035431,0.0603408159242236
480.0,-0.03488051972206817,0.07011424720531188,0.06132810463261429,0.07955631281561239,-0.02772400578322808,-0.04576821525116911,0.1963837936150018,-0.15389495507773063,-0.05224520196463839,-0.10299055121165619,-0.11588984030150831,-0.013649138659513425,0.029504231692951875,0.15091054300803972,0.1458177017749972,-0.014711916779998467
481.0,-0.004111594779806534,0.1003319583953607,0.07527669811724666,0.08035822139900912,0.009241464772700362,-0.03305967305294547,0.213544055055054,-0.09875884506118324,-0.020004575772799786,-0.14312687404959296,-0.17237315743874643,0.02636797837522363,0.13034314530771934,0.15214316400929925,0.15084992411982,-0.07745001958915353
482.0,0.02543448580080355,0.1271959155276368,0.07903370121219463,0.06653076383235407,0.03197697660345342,-0.01806897484969802,0.2237447181329702,-0.034434942543665,0.008671352269757472,-0.1503809268134789,-0.19147258931033612,0.061797982830922714,0.2131083360772776,0.144939042564943,0.13583272982158487,-0.11306945519759648
483.0,0.05323176767719986,0.14837494120554043,0.0672941414895869,0.041826385185191474,0.04071065335069502,0.005570414519987893,0.21867740745487724,0.023685833910756852,0.02537019641037736,-0.1312916750971564,-0.16845970892228657,0.08749742866556906,0.25702604447290006,0.1279961493581805,0.106522174011987,-0.11472454736534725
484.0,0.07895741097541312,0.16164253896379854,0.03587157966016701,0.01182796074942257,0.040374850605217935,0.04150925412707891,0.19535302580919187,0.06087618359576159,0.02710927953058975,-0.0959093671872599,-0.11176918769025075,0.10081020808215387,0.25626970683788003,0.10188796675374914,0.07172782575974047,-0.0854563679979028
485.0,0.10086241844333282,0.16390810383759954,-0.014999147435270853,-0.018182785487816933,0.0374673538633622,0.08651502751631464,0.15814593480715208,0.06910516181511336,0.01505550085626777,-0.05214134082282561,-0.03990512753280744,0.10182086872474079,0.22082961734640627,0.06941454244725395,0.041468216519007714,-0.03695663639451031
486.0,0.11488653800281981,0.15220267529605777,-0.07875333412114446,-0.04493612930051656,0.03710193122719705,0.13001202144970514,0.11742289815899001,0.050931835943389535,-0.0077281889719776125,-0.004238571646538427,0.02613046093911884,0.09408903298325612,0.17129888194551732,0.03468402293210544,0.023352835207419532,0.014066486166695528
487.0,0.11575490586289879,0.12477040206441678,-0.14405291868405296,-0.06743846133583377,0.04099146605661196,0.15795885033111431,0.0839874260376963,0.017673987559909864,-0.0379941101905674,0.044485039279859924,0.07015513191034481,0.08378359681841653,0.12900534974165298,0.0015610823956333725,0.019187757914309492,0.051521484858949536
488.0,0.099961270016147,0.08142638524193054,-0.1988755803683403,-0.08557427885980444,0.0466136772850486,0.1588094356267425,0.06223020835089804,-0.017793481135601887,-0.07241880014497301,0.08834661693939734,0.08516461843573027,0.07622580258735409,0.1054712322136972,-0.02735938897503316,0.023904135231379006,0.06549823429043221
489.0,0.0683652492773929,0.024220739553805673,-0.23391782422856328,-0.09803655789785849,0.04821212840951414,0.12813107805739943,0.04748432723941587,-0.0483614196065646,-0.1062162144574848,0.11899665332048635,0.07414038844634149,0.07196347617893788,0.09763199783271267,-0.05084395149075969,0.027529399218223054,0.05477167593919276
490.0,0.026166908245826636,-0.041305818720241735,-0.24358678861162103,-0.10133046769166988,0.03999063815929247,0.07092803335378445,0.030251825813280057,-0.0744174711113656,-0.1325092014783538,0.1283537903247409,0.04743469114509052,0.06589380101706636,0.09270555340054366,-0.06851253840615372,0.019559547615663888,0.02563368422033928
491.0,-0.019351003004138206,-0.10581324951492983,-0.22583745887346893,-0.09084733766145492,0.020212514981742237,0.0019877790513545177,0.003960564224143136,-0.09943802928900641,-0.1447672309507248,0.11228961583264954,0.017739510298135114,0.050972865466879,0.079073043860685,-0.0797151189433962,-0.006023901078808321,-0.011238288707432544
492.0,-0.061366508363186634,-0.15803231382237518,-0.18288911847385836,-0.06360793919520598,-0.006488695988926328,-0.05747569258171678,-0.029980014093875924,-0.12409068516943636,-0.14125116802765103,0.07251499123307648,-0.004915388016481707,0.024033087944394845,0.0544025541023243,-0.08218807895086065,-0.04736993935720783,-0.044276223536285415
493.0,-0.09521814847658014,-0.18818736037458905,-0.12272092604547305,-0.021334259900273985,-0.03069755973898443,-0.08817295237685628,-0.0630868224395259,-0.14382346174417576,-0.1272297122037654,0.016117727633811738,-0.015394426548293675,-0.011060706997779184,0.025214305140369955,-0.07245664227499933,-0.09478007647369553,-0.06395225578562737
494.0,-0.11897820495402685,-0.19111545918456224,-0.05880698366644163,0.02809457941205668,-0.04314128899275204,-0.08260438220565175,-0.08480772691024509,-0.15119787941021978,-0.11179099205054968,-0.04592242246561885,-0.01230082031734473,-0.04512795214804607,0.00019122705641644576,-0.04932251321486758,-0.13466263440546042,-0.06471287858310737
495.0,-0.1329572540394774,-0.16739916812542238,-0.00612576473034844,0.07237328004579671,-0.03956122532130391,-0.049617165662602186,-0.08745369023044292,-0.14019240258722548,-0.10100418051858456,-0.1004977367424504,0.004587471579214106,-0.06796645092377607,-0.015938981085128298,-0.01782170265403761,-0.15611027313823234,-0.04615826390692211
496.0,-0.13874767533506266,-0.12225602904420736,0.025155786600555185,0.09926226948613441,-0.022170747805843983,-0.00953243355353128,-0.0683163552635228,-0.10903080067930865,-0.09315310377745513,-0.13518484442573334,0.035644707365650626,-0.07206401088695945,-0.02399605748962179,0.01127562688462147,-0.15649568116142493,-0.013575402944585625
497.0,-0.13825802618309993,-0.06354340297235733,0.03417197734759404,0.10141953222516586,0.0025720023916796135,0.017244051211972953,-0.02937809219502676,-0.060660956460078526,-0.08022468532662823,-0.14199465424925067,0.08035698447176187,-0.0547331100358284,-0.027989133680545532,0.027574400022365324,-0.1419382159638874,0.023188977321199938
498.0,-0.13260495296199074,-0.0005000467619329009,0.028480192128844263,0.07912255235266887,0.027506563360027183,0.020466963271166795,0.023114727934546424,-0.0017831935530941744,-0.05402234270192386,-0.12012123263308119,0.1351052050326221,-0.018852639889126655,-0.031071535106458364,0.027866230030516345,-0.12205017742222228,0.05340774091279379
499.0,-0.1213848767942083,0.0564970431743999,0.018224545951621964,0.03986829405193696,0.047334376199886286,0.0033611950043973015,0.0783391090933651,0.05876499828018324,-0.011699075586671909,-0.07619188085967737,0.1916796098901211,0.027625283621607842,-0.03266446555233187,0.01781610697355511,-0.10345732777725611,0.07006354972312409
500.0,-0.10335912602283953,0.09659236311965537,0.009889976589594467,-0.004725357139722366,0.05961549265159643,-0.021535346549930764,0.12143144738706005,0.11181698474340579,0.04230132299988791,-0.022021842504783205,0.23772374473385963,0.0733836976533584,-0.02910215183954592,0.007725778544378342,-0.08762207054502201,0.07200005237854665
501.0,-0.0779854731468099,0.11119859653698001,0.004342644551356702,-0.04316168666334444,0.06480466230652147,-0.04072126079660637,0.1367013699477341,0.14992334705982963,0.09724567857238677,0.029371705128376672,0.25985778638956947,0.10675084806775277,-0.017407841368563867,0.00637907493600884,-0.07393453305899345,0.06234768271096079
502.0,-0.04611882269692808,0.09820183475333964,-0.0005201536285901544,-0.06742804857524777,0.06563967773059756,-0.04740367163283363,0.11336074795540149,0.16935321700947795,0.1389792985284428,0.0678944902618848,0.24883781742523448,0.11925846903795273,0.0007692391712024808,0.016960805297969787,-0.06363906757901618,0.04526445897662243
503.0,-0.009574155617323842,0.06436595670261959,-0.00616934521437959,-0.07434409468117391,0.06565792683913736,-0.04428435212179281,0.05107633080371072,0.1705720074545525,0.1546280275610041,0.08871938389161727,0.20415912945532422,0.1078240953594897,0.018118782923252193,0.03623411661806199,-0.05990525197496859,0.0237631719706216
504.0,0.029470148300741034,0.02317818625972959,-0.012340521916351441,-0.06517964067400468,0.06709120617666799,-0.04056573243922122,-0.038498414931351845,0.15629691310628333,0.13820243759610287,0.0922005766951697,0.13552477576468436,0.07440070482806005,0.024420497605765687,0.0565460541532114,-0.06413695077851228,-0.0005610742569098831
505.0,0.06835688578823916,-0.01144856687449198,-0.01882416602023482,-0.04425038833197335,0.06910710981431066,-0.04602175011480286,-0.13605626198393111,0.12870212510504678,0.09424625129624725,0.08183714599974878,0.05984674685241198,0.024210936595464326,0.011274828701584643,0.06985625033793821,-0.07274291218586736,-0.026865769291107403
506.0,0.10303516662316224,-0.032021916904704385,-0.026989728464478665,-0.01696080399456473,0.06757616741495824,-0.06609993426638942,-0.22251681474597804,0.08870303554698411,0.03684103917666976,0.06137250990745797,-0.005624425260792122,-0.035302895199090474,-0.02391310822097376,0.07187060509967975,-0.07805967826072406,-0.05409472660689698
507.0,0.12771145753261695,-0.04000165963782851,-0.0375376168814044,0.011847418051777883,0.05700171584158922,-0.099919760262178,-0.28562689039162215,0.03840952174925584,-0.01603800831081062,0.03314828279391881,-0.0503348409249274,-0.09433907367391355,-0.07642618664542734,0.06333676760296561,-0.07291369729694885,-0.0796400340129076
508.0,0.1366939753761618,-0.0420010079026116,-0.04635441283877688,0.038221061293226645,0.03381331570701368,-0.140252900906779,-0.3216764621255561,-0.015762807035822043,-0.04996419757956216,-0.0008124158900288959,-0.07295154312883459,-0.14142763031386227,-0.1357385708855764,0.04738289808448856,-0.05475387100104863,-0.09851200348429144
509.0,0.12746885654266712,-0.043302931226053776,-0.044625783929131795,0.058402958291939436,-0.0007970969127844977,-0.17457291396622615,-0.332312180333584,-0.06293245688728806,-0.059182000769854456,-0.03648492521076944,-0.07850299112709617,-0.16661831984320083,-0.18927166483831967,0.025573560609464252,-0.02594739529972933,-0.10477180138806463
510.0,0.10207704788709307,-0.04443464783727875,-0.025077408363646712,0.06859661576592899,-0.040097156506447816,-0.1879192408207059,-0.3198852297350861,-0.0911390970232011,-0.04646244086048824,-0.06721766838988676,-0.07386112295180151,-0.1655294977690325,-0.22626456737619163,-0.0035428745075654295,0.009266000004282878,-0.0953373863034281
511.0,0.06596441251234597,-0.04272638963211305,0.011258396474598684,0.06611501619979623,-0.07402847278823387,-0.16769467449133818,-0.285482788404842,-0.0916051747308867,-0.018478591038083324,-0.0858657471480182,-0.06536578293495153,-0.14093165340654737,-0.2399753728380472,-0.04234421159228601,0.04764440192047891,-0.07330267670102728
512.0,0.02633454433409641,-0.03609337299841419,0.05421110935259752,0.05142580932345081,-0.09378921402988218,-0.10846555597586548,-0.2307839124472313,-0.061531855146300336,0.019085434801593228,-0.08811424938219824,-0.058512057864002064,-0.10054877586936256,-0.22819775828857666,-0.09028685214075202,0.08704042514839543,-0.047235187464329295
513.0,-0.00883847208134051,-0.025272998363649834,0.09024124311124082,0.02932625087748448,-0.09582933917724629,-0.014650362432172341,-0.16122958895647896,-0.005105423919097782,0.06298443106278105,-0.07454283711520913,-0.05733300280099231,-0.052725026636308264,-0.1929031438076311,-0.14105801569102105,0.12481451717586108,-0.026136162294327515
514.0,-0.03237394249523061,-0.013248819494701108,0.11025538703679218,0.007567685794826251,-0.08237520254509147,0.09948090305567467,-0.08741476490087927,0.06746115209610322,0.11022900710482814,-0.05026190641728783,-0.06325100766422369,-0.0031064211559264517,-0.13962768455057623,-0.18315176004323347,0.15720365682131526,-0.014007159807225205
515.0,-0.040643070172971675,-0.003414494806779761,0.11451869969853892,-0.0065987459867184566,-0.05896923073149792,0.21197296008264838,-0.023576720934524634,0.14311602119990682,0.15485378607956332,-0.022855520233312703,-0.07525435437592616,0.0452756035240264,-0.07686865607554988,-0.20417178541172318,0.1800108502469053,-0.008679740024724063
516.0,-0.03553386161376862,0.0017510011228316262,0.11233764072536602,-0.009540180481220836,-0.031981353677914916,0.2972112891988918,0.01618470034825289,0.209765735661249,0.18660388448375667,-3.548853299871706e-05,-0.09148146080328573,0.08922249151855242,-0.015220405585961064,-0.1961405566519541,0.18934522918070276,-0.005586555530142522
517.0,-0.023470783394719603,0.0013378695719545983,0.11672225090971873,-0.0021561358312552734,-0.007758418442039398,0.33199294378309685,0.02265642211080546,0.2580729321504618,0.19308264117108515,0.012180463226310806,-0.11030789132966119,0.1232664953759491,0.03426857004563717,-0.15876124217648174,0.18242544403311411,-0.0024641666998657095
518.0,-0.012030300864130452,-0.0035165081299283595,0.1366217603956031,0.011331939515599902,0.007608827232364152,0.30346560709688686,-0.004442941301550269,0.2809254321053348,0.16491326898576186,0.010685065848048424,-0.12982057985292406,0.14058949578863036,0.06275136822435318,-0.09988509094950365,0.15924096526327233,-0.000606929564971171
519.0,-0.006433067304890302,-0.009515896543880503,0.17136826521265838,0.025436559873254303,0.009576866902260032,0.21660808091797973,-0.055189962960395675,0.27316596808377525,0.10178991407792407,-0.0038201070602689,-0.14635682034528072,0.1361204904136672,0.06680769444681568,-0.03333340681845535,0.12435240094370123,-0.0023730230032254994
520.0,-0.007535230032922505,-0.012091260495471557,0.21085435279640322,0.03526027221053736,-0.002623268911811638,0.09553010037423926,-0.11243198288158282,0.23400503996685176,0.015804805616159007,-0.02627431176345543,-0.15425188651843652,0.10959143808091446,0.05084132629873178,0.02604648170029751,0.0868123590594834,-0.008148903786117602
521.0,-0.012036988507206059,-0.007508121467028433,0.24076687718907824,0.037952605480765435,-0.02473901658322612,-0.025766179938187438,-0.15820585102652418,0.17089324599262015,-0.0716244952370237,-0.04807940129462477,-0.1484662533461912,0.06694414437022303,0.027208739395251782,0.06827516825504584,0.05699332508700715,-0.015613384260433955
522.0,-0.015070220511105323,0.004540557707168696,0.24919964458415578,0.0336346736562504,-0.04872605593036026,-0.11836272121067147,-0.18042649948569706,0.1002675356585959,-0.13887540691363567,-0.06012007491849951,-0.12831023556073576,0.019131931749329974,0.013479746628510245,0.09102753912667583,0.041363860921185734,-0.021564342071567467
523.0,-0.013747105823879871,0.019762332656804524,0.23141937597527892,0.025150263753782817,-0.06606563789942657,-0.16800490081535746,-0.17665123116670955,0.04196046254411494,-0.17325448927772277,-0.05641522861140126,-0.09829844397383565,-0.02172930895978661,0.026390320607415654,0.09729080106067883,0.03844515612366859,-0.024295691031551065
524.0,-0.00875538231244108,0.031250399750980054,0.19162323204928355,0.016451383444111827,-0.07121828213542901,-0.17448702076076425,-0.1537471958155288,0.009707959676874106,-0.17398993039740962,-0.03566383685385527,-0.0651388626433735,-0.047142729768843886,0.07329334372836985,0.0906577767833479,0.039534374476138535,-0.024146193853642466
525.0,-0.0025804112381960353,0.03357363732637298,0.14174992567811492,0.01059299399103653,-0.06302592144113088,-0.1466757447407616,-0.12406596560146033,0.004577254682615732,-0.14890993791562912,-0.0004998864735711599,-0.03416088545721736,-0.05513244960036144,0.14572002697406725,0.07276305581259324,0.035053051841238955,-0.021765175117324894
526.0,0.0035496290531762255,0.02562147089796056,0.09758523683192064,0.008608454729432573,-0.04372031886211553,-0.0997274395964408,-0.09959278981592933,0.01637476229500923,-0.1089973701316512,0.04354565582251414,-0.008271849963196189,-0.04960172953484418,0.22072353725220628,0.04461190413539027,0.022410363710174564,-0.01595237842460497
527.0,0.010852437202510036,0.010694780238761394,0.0729714148451594,0.00964133647081776,-0.01744297306787087,-0.05334233177581774,-0.08634238010703717,0.031191124458285438,-0.06424452815916855,0.08901639019094111,0.011077621170547064,-0.037082908543604715,0.27035370544522347,0.00958302752837486,0.008342733124835324,-0.0036194866432247403
528.0,0.02150682934119576,-0.004912349821282812,0.07403650674818861,0.011714118618302828,0.010368137022081904,-0.026643322310933113,-0.08183996988748884,0.03856822814616674,-0.021969590930082807,0.12852347953388957,0.022968893134863052,-0.02325996155152642,0.2737294248744674,-0.025709550366928065,0.002892329633657659,0.017392407073602865
529.0,0.036104809952295695,-0.014198963537249865,0.09598428801224107,0.012475205318836603,0.033527409534990116,-0.03009611870064403,-0.07726256022098488,0.03445962785089621,0.012978912543660856,0.156955466915528,0.026748525777782122,-0.010714810418428542,0.2256835287664609,-0.05405332395529494,0.010517890526968833,0.04509707910866286
530.0,0.052334841595729625,-0.012920750966138346,0.1245391112724958,0.009878112678710475,0.04650032905149269,-0.05962016684769595,-0.06276057648038232,0.02109647019530182,0.03809617938125402,0.17203778362946004,0.022155021068546638,0.0017839508479779121,0.13901790175214088,-0.07133602925247233,0.026168729097815924,0.07296708046580097
531.0,0.06614042095542495,-0.002613289990484778,0.1420848416405816,0.002971838387827608,0.046228079230120796,-0.09763206875837244,-0.03271102997707728,0.005309713526820813,0.054346510501274745,0.173499318698286,0.009960072414861697,0.017847052520088263,0.040054577061027254,-0.0780125921698869,0.038625347829810266,0.09264369054800228
532.0,0.07422193107598596,0.009838340691680979,0.1355634797874028,-0.007418120904156283,0.03358662528013627,-0.121702841633977,0.011448918020692672,-0.004869491857893557,0.06659502051721133,0.162375879101,-0.007040306201400926,0.03994446123743956,-0.040954379119130496,-0.07714398649553186,0.03782376652231541,0.09725669848729562
533.0,0.07544446672710374,0.016593052128347538,0.10178352491798219,-0.018762309268566934,0.013774575671801275,-0.11620251950514635,0.061759450610773474,-0.004522200251820873,0.08076517703878347,0.14083769922315736,-0.023673715886755972,0.06640924148643006,-0.08105450638353567,-0.07088728542205495,0.0210529720107974,0.08340111108487924
534.0,0.0702932757358843,0.014004554845352738,0.04743113486418996,-0.0280131522800208,-0.005139171503807345,-0.07990191984448457,0.10744983383550569,0.005734236884400956,0.09927666263496318,0.1121838272504796,-0.03364295876587967,0.0919422317256772,-0.07276273800212892,-0.05925560056627555,-0.005912398016600632,0.052130391174683606
535.0,0.05966681958264018,0.004833563578336381,-0.015359102559871737,-0.033235892041665174,-0.015386142304187297,-0.025896517980324017,0.13984203010234533,0.02092709725419524,0.11930144974649307,0.08089317435306402,-0.03221156866396051,0.11106573472896586,-0.025360149514905415,-0.0426972805097679,-0.03267471988115351,0.009747040615058062
536.0,0.04434674802794331,-0.0034832636690799567,-0.07440853301003335,-0.03426464933688644,-0.012754477295154979,0.02465416196057178,0.155364009266878,0.03493497743097877,0.135582527502501,0.05250053644706811,-0.018821833161691708,0.12112508157731597,0.04078785336894448,-0.025151298576816205,-0.04939843300629634,-0.032626297967660575
537.0,0.025174266636347576,-0.0028744128232690036,-0.12083177629675869,-0.031706623067542634,0.0019840525169860547,0.05151540599055489,0.15497310651257265,0.04279927283396937,0.14500863349550386,0.03270397206218161,0.0021492178707503053,0.12274167889528195,0.1022994026918365,-0.013293331474028386,-0.05046175863076042,-0.06222446030866703
538.0,0.0031343803629056144,0.011331974294791793,-0.14961271572164406,-0.02551328393568234,0.02406975944720856,0.043841331452593835,0.14119543992982045,0.041275936808506886,0.14879994812019331,0.02543872708771039,0.023436450712242866,0.11856653651747016,0.13840418428597295,-0.0121144675484776,-0.036295632018840576,-0.06992526093586696
539.0,-0.020811341250697807,0.037818320674898216,-0.15838600439075345,-0.014969644452968221,0.04737244307072163,0.0048280486421210175,0.11569688566203674,0.029125732817489057,0.15060618206061302,0.030835967252131447,0.039021944762689616,0.11174640492034882,0.13415596216024853,-0.02081442277826698,-0.012992297352498475,-0.054659376121905745
540.0,-0.045168393326340386,0.06886522158892355,-0.14602875747333227,-0.0002022054903275616,0.06724641408216944,-0.05005711261067564,0.07928292864429483,0.007904881867323143,0.15257450012012802,0.04477629549582068,0.047670807506152386,0.10420222238504113,0.08405900514016994,-0.03215774670106414,0.011189058879201897,-0.02389816883201726
541.0,-0.06655691009772535,0.09284643414095399,-0.11293664032285308,0.016421589724777065,0.08208121336582463,-0.10088186788660235,0.03389885874368145,-0.018152209840046837,0.15285066840276235,0.060657714254397324,0.05285805747045163,0.09496216788194731,-0.004026481778912261,-0.03546810242924252,0.030544733355745906,0.010211169180308276
542.0,-0.07938778779800287,0.09919178942850611,-0.06343316085697065,0.03040540163940938,0.0927075283774544,-0.13288851114798,-0.015170402431757319,-0.0442245194839082,0.1463394964236776,0.07197856260821281,0.05875648521158538,0.08007810477122206,-0.10846457631858003,-0.021744656472690332,0.04409045344851773,0.03642277034762967
543.0,-0.07777498129390215,0.0831480350714829,-0.007757111147748831,0.03697557167749703,0.10055172312397516,-0.14224987665767974,-0.05874564617963055,-0.0677591597733719,0.12803767550897852,0.0738872237145039,0.06567870441642443,0.055190758935420726,-0.1998037100855933,0.011380253037764495,0.05422495295025172,0.04846834004383076
544.0,-0.05865876895581173,0.04759141767916727,0.03963975638959694,0.0337187736205896,0.10625475869383577,-0.1347021917240834,-0.08587338251834417,-0.08975586373544533,0.09647286218116759,0.0632015308527144,0.06897448704377938,0.019413028301764793,-0.25168727841797967,0.057446740327507025,0.06420102188922737,0.04614264236133861
545.0,-0.024264151277607435,0.001521839544475097,0.06545778802493747,0.022201657807138318,0.10946365757581794,-0.11923384383803193,-0.08805072829774009,-0.11306934491857734,0.054870960931466706,0.03786014958215316,0.0617408649223143,-0.022565807177236486,-0.2517150592219314,0.10299685278150963,0.07631423524754945,0.03375727455270145
546.0,0.017320316669842795,-0.043380526066630364,0.06318923312212402,0.007295226281661242,0.10940976820217126,-0.10223330665459723,-0.06314155235475885,-0.1385687639312219,0.009422154003428277,-0.002848806904230655,0.03867861058128475,-0.06201838494734163,-0.20677322931801245,0.13250859576178528,0.09102860055395587,0.017333058393232514
547.0,0.05397324869889328,-0.07660113212912452,0.03590886817067527,-0.00535672636627047,0.10565934815235947,-0.08502409353855775,-0.016464886370982656,-0.16185980980199685,-0.03406107827295744,-0.05690647521490481,-0.0006686766527706319,-0.08998422991847116,-0.13969086709764383,0.134492484771586,0.1067099899178595,0.00213285983883283
548.0,0.07411658277123127,-0.09195541594064649,-0.004714134237140719,-0.012177224393828874,0.09840373450599796,-0.06413353188686778,0.04098624466205293,-0.1731163548762889,-0.07250989171236431,-0.11795847068479462,-0.04962091930307393,-0.10058637427453537,-0.07842131461912157,0.1063475147429177,0.11963499045058136,-0.008511426243963898
549.0,0.07283403065799594,-0.08939177980159223,-0.042947522215872516,-0.013351613190790075,0.08794112035552115,-0.03341877711095696,0.09552867698740683,-0.16101678616731513,-0.10499430921876453,-0.17493158559824634,-0.09440318902688487,-0.09268121868428958,-0.043293695584563,0.05524631576504022,0.12395712161411888,-0.013491816045762417
550.0,0.055284799647350294,-0.07477516800795234,-0.0659083461345083,-0.012459931092052694,0.07396072093324342,0.012287651370371014,0.13428853186324197,-0.11964739530417966,-0.1300587957343794,-0.21403936840214413,-0.11871772228017523,-0.07020560892018644,-0.039246014698603296,-0.005853960198538814,0.11208141420416043,-0.01425920492719809
551.0,0.03369515976625791,-0.05733337859017158,-0.06959430747988582,-0.013967488912698722,0.055721453738908217,0.07325609346837211,0.14894919754316333,-0.05434775796100906,-0.14417449332110946,-0.22310440108352347,-0.11154919534935236,-0.041376289782699055,-0.05690064751953976,-0.06436948531515095,0.07706757441525937,-0.014839480569797295
552.0,0.01988244305862186,-0.04566177132640765,-0.05986840133334823,-0.01987155301975311,0.0331558325284191,0.14243018725673598,0.13834494591387278,0.018400989484552675,-0.1432672746063748,-0.19628736985074527,-0.07241280757686508,-0.016426425474053548,-0.08025188471002785,-0.11201143183861437,0.017524783528081303,-0.02039772407888201
553.0,0.019156317431979406,-0.044171749982247065,-0.04734783650509964,-0.027744812233036913,0.0077502115367557006,0.2057388140684067,0.1084801431898729,0.07771067939318255,-0.12587272922597134,-0.13683217894551505,-0.010565468696085241,-0.004157694359101288,-0.09473789443381438,-0.1440328919052589,-0.058237343068572825,-0.034697349414134576
554.0,0.029186717102085702,-0.05169883219386294,-0.04011203786098866,-0.031639874656817724,-0.017612876794128925,0.245786018958049,0.0698200389944488,0.10683699939005747,-0.09485335546430305,-0.05694719738263486,0.05857926500538837,-0.008716240089928823,-0.09161299229860068,-0.15555770058629667,-0.13292102622337673,-0.05805193193894861
555.0,0.04295195556519684,-0.06275833340300657,-0.03981368440623883,-0.02537358515389736,-0.039639419970930324,0.2482777485931461,0.033018098713748896,0.09838780384435439,-0.056444590738690584,0.024840635200198757,0.11608877644968416,-0.0282923680507629,-0.0690557470209532,-0.13980568464175433,-0.18586350796348353,-0.08666677939685878
556.0,0.05291438859743867,-0.07026261891259122,-0.04346029223204569,-0.006294557324264653,-0.055824457739340284,0.20843893397845084,0.005333771182109546,0.05513158909779029,-0.017893144568714107,0.08862605644402162,0.14305712169206103,-0.056409867075983326,-0.03178079913472399,-0.09145324927146854,-0.20040832789005308,-0.1136739304983927
557.0,0.054385235260570014,-0.06795780221244103,-0.04840046311945019,0.02236106593195107,-0.06537934136757206,0.13388593874780394,-0.010379582291292955,-0.011986608111475472,0.01450219108372322,0.11933769755191978,0.12754709615862822,-0.08514102651101234,0.010401278254332834,-0.013228811829684791,-0.1703984222891494,-0.13188224531795298
558.0,0.04729382166384955,-0.0520638226932428,-0.055952814759501784,0.05150228718079698,-0.06938063376816762,0.04224327543479012,-0.0142509500994244,-0.08760403684502523,0.03607248052328908,0.11149000688470824,0.07121034943820939,-0.10860110544859991,0.04560143682346634,0.07975192154015695,-0.1036561417084683,-0.1367672658477458
559.0,0.03601366268782328,-0.022356837376268028,-0.07045186832179023,0.06904496599063813,-0.06977708663053929,-0.04511719848551137,-0.007155453260669082,-0.15665003105499384,0.04372053251429906,0.07028772366590226,-0.010238295163282372,-0.12463203833885905,0.0643052539743026,0.16265867410474394,-0.020345566264997873,-0.12767208175985456
560.0,0.027152788549217568,0.017652573066867776,-0.09447749735440183,0.06541580103500487,-0.06793835807984563,-0.10983872211678475,0.01062188368406077,-0.20829372822978898,0.03646568565146204,0.00933364616704213,-0.09294920885100692,-0.1339081383934716,0.06329024787127809,0.21073207066656935,0.05335383535868578,-0.10704696997654316
561.0,0.02600013914771434,0.06142857854586543,-0.12486348357100913,0.03920458857367441,-0.06415244987142789,-0.14094738489827793,0.03889396930895534,-0.2378756209740953,0.016851288929873764,-0.05383293563028944,-0.15353546909477017,-0.13807529078360326,0.04653955827998883,0.21051012658463283,0.09308436198851046,-0.07879335740814847
562.0,0.03346386124764754,0.1003555108820327,-0.15313980530384447,-0.001166018422554451,-0.058333691955357425,-0.13593821865776615,0.07578309010767931,-0.24629854221380942,-0.00833891782304489,-0.10318545488577868,-0.17731904796917777,-0.13855266219349718,0.023017358269531864,0.16524339313697128,0.0832777581127283,-0.046392534785360685
563.0,0.04547494537201246,0.12549541243366003,-0.16939182145176132,-0.04132310626772467,-0.05087778309856999,-0.09929098870339648,0.11645666399393476,-0.23688253910530868,-0.029525737452230538,-0.12867723388553826,-0.1629848300198903,-0.13575540348982387,0.0033915755891016203,0.0918540046465449,0.022561022829923782,-0.011636472277300925
564.0,0.05498386793650757,0.1310227203809891,-0.16638619227987797,-0.06753482634859058,-0.04282552143276171,-0.03984854438904043,0.1538527749540099,-0.2119085310549051,-0.037515653105346373,-0.12792513931669378,-0.12052166770478775,-0.128564136613259,-0.0030176041503009103,0.012950127181373233,-0.07383669512990716,0.0247118748934624
565.0,0.05486722224359248,0.1175559251858694,-0.14237143434361918,-0.07182745585201317,-0.035191997722886566,0.031329953151959855,0.1808514352087266,-0.17222256989392812,-0.026919497819436256,-0.10528219030118562,-0.06392625753056837,-0.11503141797769212,0.008563807940276854,-0.05065862261305163,-0.17673066551579597,0.06018334200995425
566.0,0.04040592354867838,0.09217566473347498,-0.10216232086200004,-0.0536979342206049,-0.02789751549875682,0.10196907326513792,0.19210069850022038,-0.12030091415017406,0.001202577964988254,-0.06948250695945686,-0.004274192239583043,-0.0944319681586973,0.03536351858670917,-0.08466966182399112,-0.2508082543654431,0.08830488579761267
567.0,0.011043221036391741,0.06442889102551462,-0.05580593716297502,-0.01911855187214734,-0.01934642054275517,0.15959968128515792,0.1848155406551475,-0.0636129720143163,0.0385976447251696,-0.030422302283786905,0.05289720407147678,-0.06884035649113089,0.06674800369034845,-0.08382789702012605,-0.2657076953739061,0.09984173247045373
568.0,-0.02885601646932687,0.04108083142991474,-0.014659488300003597,0.02171183345825514,-0.007561549679897989,0.19384017444609014,0.15932324095718584,-0.014564121000426932,0.07257867467802508,0.004205013451405031,0.10606401732072718,-0.04242156017124457,0.08906287711674692,-0.05217336920770012,-0.20780825812305168,0.08767630792756281
569.0,-0.07090716411412702,0.023426903496454057,0.013040209383743125,0.05703866661290456,0.007370006322263481,0.19885062482873608,0.119682072025897,0.014270781555183252,0.0916878987687754,0.030651846596460346,0.1542537815277056,-0.01898153203128783,0.09395230792152254,-0.0007861110010571213,-0.08860295137018274,0.05230922726705836
570.0,-0.10567118367663636,0.008806464455171243,0.024024573831789506,0.07648653733524384,0.021398733108104896,0.17429949732452316,0.07328681976416744,0.016601124290791244,0.0905715333008003,0.04813624920157392,0.19406780275978738,-9.051144122095478e-05,0.08362936009410757,0.05521265797716064,0.05629749191821995,0.0041771539526203735
571.0,-0.12663698029913534,-0.005764090801065809,0.018846153506153488,0.07411790587965793,0.027550021048796548,0.12556700019087075,0.028594366315665226,-0.004616697792572961,0.07108919792359156,0.05664519312016944,0.21919361185530342,0.014918931039611186,0.0678881935935946,0.0992410250563267,0.17982631281821246,-0.039707046990920876
572.0,-0.13254317627293521,-0.021258879876566293,0.0002785539140084693,0.05077638232723388,0.02006180720981739,0.06429065129323559,-0.00766901562519586,-0.0393984836253454,0.040025649069627814,0.05624292248790445,0.22289950902009997,0.027709977470267665,0.055451351839326465,0.11672996344846567,0.24193675056326466,-0.0636417869507269
573.0,-0.12620566163237867,-0.036680513116277576,-0.02688456667465882,0.014385640067742289,-0.001352934238014786,0.007540652142248464,-0.03151198941253967,-0.07496591834983875,0.005682289061494626,0.04849910765623942,0.20189191530175446,0.039693748676753515,0.0477151700307798,0.1002282886003697,0.224463106395141,-0.06065860536580493
574.0,-0.11115928303683259,-0.05020428385366306,-0.05509417303641474,-0.022447160540078254,-0.030365742504340924,-0.02676436149821835,-0.04084135234545207,-0.09874537670659841,-0.02464584512224392,0.03778957346351451,0.15914084733041686,0.051381106397571145,0.03981670166628821,0.05396362504271412,0.13662172294065272,-0.03453221570856372
575.0,-0.08914682878035227,-0.06023383428387622,-0.07414148196329837,-0.046838405268638236,-0.05653003502538828,-0.02728535177101261,-0.03501438205067208,-0.1004313872221735,-0.045857639605294535,0.030236417400831238,0.1041627497187504,0.062226259330907,0.026329832524902997,-0.005669207294581861,0.010400937105429733,0.004286865815262678
576.0,-0.0602224978759112,-0.06609560990619565,-0.07383774325667557,-0.05028402546956831,-0.06958388429862054,0.004627251662887406,-0.016076559680967197,-0.07509871852846277,-0.055665777352850526,0.03064185260949741,0.050472118514918264,0.07079977696283123,0.0053908712722360135,-0.05561303243955051,-0.11186338443985899,0.04487944469024397
577.0,-0.02487663726457268,-0.06833881685378344,-0.04881047583855318,-0.031553610476653816,-0.06357020366446678,0.054369095293392566,0.009993479747250024,-0.026776615820466098,-0.05483817933038821,0.039638251871819435,0.01124624451418601,0.07518230487531782,-0.021463271904941517,-0.07594687639739799,-0.1929545599588866,0.07964533818766945
578.0,0.013965189527765664,-0.06836576468455988,-0.002161528052777811,0.003192667393201407,-0.03926948786486119,0.10042081423392103,0.03475290721670917,0.031497027701253885,-0.0464677736212548,0.05303338544006894,-0.004616869253945755,0.07331711212589005,-0.05123613270379063,-0.05919496017759321,-0.21285853252815767,0.10469893380667165
579.0,0.05086775363712713,-0.06734639978614669,0.05481748206296298,0.0427058465525729,-0.0037062196866815985,0.12486975828944757,0.05127134602108981,0.08365761690255927,-0.03442046689607727,0.06407447828280322,0.005293761225865755,0.06344447325511345,-0.07977544684985062,-0.01377790011982765,-0.17271450346185893,0.11903963016724776
580.0,0.0794316673984852,-0.06506748810780841,0.1066388729048066,0.07443527954706336,0.033040824648978465,0.12226961151866965,0.05706690429474499,0.11897456644038999,-0.021838453329199183,0.06776263223691605,0.03620805948504765,0.045231331665650694,-0.10048806333471369,0.04100690594191192,-0.09074313024135951,0.12408755519801357
581.0,0.09394776092699487,-0.05949223393898486,0.13894620579235598,0.0886256863221254,0.06152120137786281,0.10111713109550267,0.05343870531680717,0.13600427776452123,-0.010164755424575709,0.06449790441866551,0.07734371929114743,0.021388684355883533,-0.10470791427917903,0.08528738411356095,0.0062508542832590604,0.12309432420404605
582.0,0.09068213832821179,-0.0473547966498521,0.14282786538422007,0.0812814722967449,0.07511920046823083,0.07656182221979756,0.04258950420144124,0.13970089982082315,0.0009377089580605405,0.059809816301574156,0.11549168197346041,-0.001872391396717815,-0.0856399275429846,0.10720902668908751,0.09238518174213992,0.11961526691285318
583.0,0.06896302551364122,-0.025938246487971807,0.11711248232629717,0.055072326014776955,0.07083286161517106,0.0592599958797667,0.025594144024837954,0.1355494299950413,0.01204237205158006,0.05968786273968953,0.13929758708384787,-0.016792317735180664,-0.043032843134889344,0.10539588709322918,0.150271224358001,0.1154356574295331
584.0,0.03149751257854238,0.0041083192212505604,0.06865334009745752,0.018172210399916993,0.04963659495423217,0.048369701459236504,0.0023648158132558122,0.12611447534224093,0.021318680994043816,0.06512875310480902,0.14175098631906088,-0.017384533874312012,0.01599691558009186,0.08590175797497751,0.17375062065914865,0.10923228567732972
585.0,-0.016471332305029424,0.036537147881909836,0.010571794429899728,-0.01877722924064984,0.016515554618392842,0.033180544567981765,-0.027182510476376803,0.11195769689223015,0.02333696890621285,0.07026524019669782,0.12068906120982303,-0.0020007738393407596,0.08039645514622937,0.05693999512448986,0.16543278267557068,0.09734014907067699
586.0,-0.06827850645589138,0.06063367471594203,-0.04156714711414696,-0.04693434398560579,-0.020760761944165162,0.0013129062672819502,-0.06178319330240407,0.09438951836561024,0.01110766087790588,0.06523262002396196,0.0786059634743379,0.025719089961126394,0.1391316588745937,0.024826641234529188,0.13176105238350005,0.07682515052897972
587.0,-0.11622616338542131,0.06618786491687405,-0.07441937735735117,-0.06267966865380796,-0.05435384398698678,-0.05208118007476629,-0.09814871948250889,0.0763229737990232,-0.019822526896766834,0.04170741809923861,0.022005566916581214,0.05738369018497784,0.18316188799219218,-0.007059327159498787,0.07876335139167888,0.04850331634434865
588.0,-0.1517472591911126,0.0487662701438687,-0.07995998776222635,-0.06800469890827993,-0.07910109506822084,-0.11942364062512288,-0.13137425399811234,0.06068779877603492,-0.06791276886301938,-0.00197179447422405,-0.04039555349873878,0.0822287210995406,0.2062838057053128,-0.03692732430862805,0.010742336620861439,0.016814699843944743
589.0,-0.16675671737175746,0.01170332859001885,-0.05615108053224496,-0.0679923959926089,-0.0935981141729595,-0.18334502556267632,-0.15592193093393217,0.04894243543494096,-0.12472807389947049,-0.05880173356939077,-0.10018165527462342,0.09125775749986048,0.20623940538884067,-0.06290370659832648,-0.06756936177395138,-0.013230230278539265
590.0,-0.15634404953402276,-0.03509724172164721,-0.00673698978472502,-0.06751848115241013,-0.0994796913684655,-0.22557706761640478,-0.16653992146487237,0.04124855498075793,-0.17708411429807178,-0.11547070532430906,-0.15093364723453204,0.08122958518408308,0.18606011747387377,-0.08246494716293853,-0.14784240682649794,-0.03857881465335583
591.0,-0.12122879137401485,-0.07788304418352104,0.058881460673616985,-0.06895183914318875,-0.09981088299121746,-0.2358827032715336,-0.1593564358450632,0.03736981462616777,-0.2118132123541784,-0.15781053988179905,-0.18862117875622092,0.056243268360779294,0.15431737431240822,-0.0928780868582913,-0.21739618961150226,-0.057819710967640575
592.0,-0.06851261644306789,-0.10296791706932522,0.12665582231336886,-0.07137414181061809,-0.09720661519273759,-0.2155088330560367,-0.13377768680504623,0.0368898412134401,-0.22160398548084267,-0.17637144014405748,-0.2114555250319321,0.0262548279445976,0.12217818131700392,-0.09225564565040162,-0.26175195351303426,-0.06922847405629935
593.0,-0.010544201609305833,-0.10162874065325177,0.18055217497480908,-0.07136757329201182,-0.09239530813394524,-0.17554336887841906,-0.09466679783825435,0.0385852840408126,-0.208623226335239,-0.16992913446298794,-0.21965356034683992,0.002937384135168272,0.09715240513402316,-0.08099967693612566,-0.26915700850903496,-0.06994725421413388
594.0,0.0377117841657607,-0.07388476522560257,0.20628440352271277,-0.06506049164069957,-0.0843169322650259,-0.13319070013602372,-0.05239010105898241,0.040028779791326706,-0.18324594918802772,-0.14611723766481466,-0.21513583793159016,-0.005901545444222102,0.07788137714867842,-0.06246877404773925,-0.23541847787198403,-0.057490588612654964
595.0,0.06270453916247466,-0.02823020103705749,0.19514611765960993,-0.05018562252654406,-0.07162685094795844,-0.10631997500636378,-0.018564159747957342,0.03843507966833822,-0.15891891116482793,-0.11835836478966724,-0.20111485096905332,-0.0004537237518224555,0.05499586231850808,-0.041577142698853944,-0.1669495517442835,-0.03220807275394964
596.0,0.057144872806545,0.023131131043451672,0.14723394881408133,-0.02681748290604501,-0.05413091339252712,-0.10596278582765616,0.0005688175225686204,0.03246037867545803,-0.14615032264909117,-0.09937016782748029,-0.1813679050793386,0.011363343958561718,0.017622722926386388,-0.022129045233219753,-0.08005959814401763,0.001592048637800456
597.0,0.023370127942977336,0.0698511165206663,0.07289216470701752,0.0029534452572893602,-0.03339780649659613,-0.12995817665862314,0.007416928432902024,0.02365351437158236,-0.147421631533504,-0.09461604113766316,-0.15935508208404428,0.018383178274650084,-0.03985345536887902,-0.0052427919884416125,0.003585283661640018,0.036817184899693094
598.0,-0.027162219560334006,0.10546128200169143,-0.009181759001011095,0.035016976579896185,-0.012737268600184364,-0.16245631844492794,0.009621090864888278,0.016335746241984406,-0.15440778960081544,-0.09973833851540288,-0.13773862835567674,0.011759872202157028,-0.11487478808714456,0.009661222130457761,0.06353030955673152,0.0660125504579605
599.0,-0.07786817011999225,0.1258727443629351,-0.07736374519319657,0.0627680745914974,0.0036218809290963173,-0.18078608257230613,0.013056931581410188,0.015721349827230977,-0.1499350601297645,-0.1032585834970771,-0.1185544428630529,-0.011160091298165436,-0.1970401895781706,0.02180917499093519,0.08666573658027675,0.08343526759627896
600.0,-0.111974012278118,0.12786030440469562,-0.1142306182729048,0.07786473224860098,0.012286503745771752,-0.1666377242972517,0.01738039134290305,0.02538459201210638,-0.11574514347237758,-0.0932278112468001,-0.10350641901019252,-0.045724466897871976,-0.26978756727705366,0.026516842112382404,0.07083833922523503,0.08629293025378
601.0,-0.11663527744076663,0.10950396024479145,-0.11256911759049587,0.07339086511338608,0.012393139747919361,-0.11544986940240493,0.01735782232451143,0.04538445165564204,-0.042667950055253666,-0.06483399159631066,-0.09331204852504477,-0.08195177624761482,-0.31424014047813054,0.016395181590073558,0.02485023974941529,0.07526483034564964
602.0,-0.08628495056066336,0.07156163032155817,-0.07769832375211974,0.04795811838776823,0.00585470870850955,-0.03821559157988779,0.00809625031205395,0.07166767055670009,0.06274074530849348,-0.02449138769415954,-0.08621976238828402,-0.10914896071743468,-0.3161774417224343,-0.013314792766183473,-0.034958750288525395,0.05388056757185718
603.0,-0.025392699251823202,0.018415065325242532,-0.02527589019620484,0.007609759397961179,-0.0037974070405138757,0.04506042834306056,-0.010475122156980371,0.09697883893133175,0.17870962606279775,0.01328061866908718,-0.0776884140076354,-0.12071354456617854,-0.2731296925206837,-0.05934671240208578,-0.08979496968648647,0.026656651292869413
604.0,0.05089708509060118,-0.041677630447234576,0.02418291458394029,-0.03624635572371537,-0.012626093327238437,0.11484740858638043,-0.03314942708828761,0.1130774921718213,0.2753632666323549,0.034877090746931065,-0.062459142453271915,-0.11606688029758425,-0.1972042536912736,-0.10970243653580576,-0.12307742683227675,-0.002964564069684963
605.0,0.12050181970451568,-0.09725586688979766,0.05237609492751827,-0.0715797041901904,-0.016915873035568515,0.15836848854291552,-0.05292139053000955,0.11352788023408927,0.32517553568418067,0.03581580946190724,-0.03774214677652389,-0.09919299530114843,-0.11188337634110436,-0.14853230787767574,-0.12397206652752209,-0.03354310638282211
606.0,0.16218772203076373,-0.13585938928577582,0.04999925618644532,-0.09026929771731848,-0.013710921249666467,0.17137299274046533,-0.06551168739854381,0.09623230034857155,0.31270891843576876,0.022348566637710805,-0.005361940875418937,-0.07571241510655204,-0.043268937244320946,-0.16333938969026268,-0.0896114608982845,-0.06448156434539766
607.0,0.16349761259861006,-0.147535432233494,0.020247003301807412,-0.09043556420046985,-0.0015839988246624265,0.15764729403594663,-0.07119196191281606,0.06465858823969492,0.2399096278280745,0.006925251180146756,0.028607683557544308,-0.05036894643433828,-0.008820196217647682,-0.15016006684150637,-0.025179999921090775,-0.09318511313338189
608.0,0.12475074780408885,-0.12801519015611304,-0.023459720954928702,-0.07609421246894517,0.018506042342458773,0.1272291418653291,-0.0726681023551453,0.02672851571371017,0.12476744294686812,0.001737183161918459,0.05689325878198501,-0.025926847650514548,-0.009978051227217205,-0.11439168310433034,0.05844114427581231,-0.11314437489550325
609.0,0.05833153087861376,-0.08008454866665067,-0.0646224845400753,-0.054513771404316014,0.04262777575538078,0.09203448136901739,-0.07195072797851981,-0.00849926391169394,-0.005311799301383705,0.013508213689781674,0.0748294912765682,-0.003910490709777025,-0.033863522990943674,-0.06779274642129644,0.14794492759102634,-0.11551238492480545
610.0,-0.01521284081589307,-0.013336026033233061,-0.09144819485058495,-0.03247895756343359,0.06451069585459165,0.059589970946082566,-0.06966427621417014,-0.03483510180524465,-0.12115519735800216,0.04091195366728119,0.08199547170008299,0.013711850856899068,-0.062274898459486056,-0.023404582088434447,0.2295015326232913,-0.09394823871284139
611.0,-0.07315349974207301,0.057315214341940986,-0.10074533658862599,-0.013562745877659939,0.07810350092379105,0.0298002432243984,-0.06638811565007177,-0.05165898761919411,-0.19768296708393263,0.07531899746094627,0.08083821228097961,0.024107431653500103,-0.08063153766448462,0.00983040795362287,0.2890986399316117,-0.049998397105477384
612.0,-0.0979168149784731,0.1152050176099539,-0.09640136986566974,0.0018949542390968536,0.08080543396316088,-0.0019224884950117538,-0.06333517127976054,-0.06381287462718481,-0.2185827803386124,0.10459670237834581,0.07437043304286052,0.025464943052582324,-0.08169662930872336,0.030171926968255613,0.31370818721711524,0.004397087437211947
613.0,-0.08370441594537865,0.1475284232224358,-0.08462686653844506,0.01455619602005288,0.07485947090062715,-0.03855467018395964,-0.06141691322215286,-0.07838663868254916,-0.1806487819141191,0.11831276975409787,0.06515449220494236,0.01946876241550703,-0.06520188955642937,0.041562766062420355,0.29479462354216585,0.049603390720588544
614.0,-0.0389342152574526,0.1503262244856564,-0.06944848662631795,0.023989625627867262,0.06589786070961202,-0.07750958697733122,-0.05975833198841452,-0.09990531573775896,-0.09631288651305857,0.11193519936608874,0.055548717152562876,0.01158885848493035,-0.03649214094672362,0.04880130494321613,0.2326351704775627,0.06599358805341728
615.0,0.017723558920847527,0.12957415067257916,-0.05067057514121812,0.02870267272181665,0.06002708878359611,-0.1101174699157318,-0.05515254647505538,-0.1270150887343267,0.008199740845633626,0.08809997565044192,0.047996097883907955,0.00826033250200618,-0.00471390957539558,0.05394733466456819,0.1386997916295065,0.0432608278799597
616.0,0.06613830815185566,0.09720470912735114,-0.02507120609019012,0.027933939395863253,0.06119334790865411,-0.12422764835552427,-0.04345740109042808,-0.15286264023404,0.10058722778444454,0.05488458921891506,0.04481825726996339,0.013058256523018789,0.02036389159270362,0.05644726774792613,0.03414141398356188,-0.014125075559176968
617.0,0.09366846854731387,0.06428454241022655,0.009718389461715968,0.02312727509483028,0.0694133068771907,-0.10972081621950806,-0.022393579181053287,-0.16813646848484579,0.15460469308562041,0.022606041813754505,0.0478275884127134,0.024855656710332324,0.032387574867894085,0.054821419426855096,-0.05603942140441993,-0.08862139814741868
618.0,0.09959626987711372,0.035904586354628704,0.05120255477887878,0.017640278628027924,0.08023995736220225,-0.06402227951562085,0.006239376902339391,-0.1642869757427934,0.1610980795065142,0.000553408762785223,0.05814644895064499,0.03876849981449419,0.03111170076007451,0.04722599243250062,-0.11148751123612251,-0.15648143835192585
619.0,0.09309891860616264,0.01104833830886173,0.09107400316875804,0.015017008252942702,0.08623207261770668,0.0070145603925657425,0.03668254411355967,-0.1360265402432905,0.1310618526025886,-0.00553803633225208,0.07584600878376745,0.048793797024208455,0.02213331516544317,0.031760693649674036,-0.12404573220915605,-0.19566094950532492
620.0,0.08645895437016189,-0.013373496351276224,0.11818749042654851,0.01726699504220408,0.0804150445889041,0.09314502255886935,0.06197715548916486,-0.08341645782007114,0.08823798373957986,0.005155684082956039,0.0988031885260908,0.05091207753509963,0.014622899112706658,0.008352219440705114,-0.10042656325531736,-0.19276733463712728
621.0,0.08753935479247013,-0.03791888596658542,0.12346175993605218,0.024392449792758533,0.06021630436249746,0.1831123067924483,0.07764886250965931,-0.013156601089917452,0.05593636554932106,0.02835618782158162,0.12180778819160694,0.04508824994435941,0.018886212590892442,-0.018933876200489544,-0.05810131368624072,-0.14807515177255412
622.0,0.0955139925348421,-0.058519554498189796,0.10390033216817561,0.0349851451379016,0.02973805401554899,0.26372728938716844,0.08340779429785264,0.06201447060493487,0.0464585342595006,0.05576684116976172,0.13775945558942615,0.03469363877707276,0.04347357156547162,-0.041799479525462147,-0.016200161043671783,-0.07618053070523274
623.0,0.10201109367624978,-0.06794524639349278,0.06407279327711482,0.04656881713652259,-0.001075128359838857,0.31909953692348303,0.08172814927930794,0.12654392422224556,0.058766175750008816,0.07779271308352341,0.14070155596412537,0.02387941535983498,0.09075083484272052,-0.05070467716471025,0.013625239772069737,-0.0004495821121021066
624.0,0.09682205174046242,-0.059807769329773545,0.014999208932249724,0.055362694678303216,-0.02030346476860782,0.3354196864845138,0.07524308200596772,0.16722204236352659,0.08367949888809692,0.08741133264339782,0.12848860466570275,0.014933021686019603,0.15271611893894635,-0.039357372268264114,0.03104544871439299,0.05632093209635324
625.0,0.07437790883188318,-0.03242415315139824,-0.02942182716451033,0.05702638280543207,-0.01927828354854262,0.30829376818645715,0.06545538443193719,0.1775278174882396,0.11120598218374914,0.08329613256511027,0.10349430195074681,0.007111875001247351,0.21141251960328575,-0.007885526819503446,0.043733236370585696,0.07968251763585298
626.0,0.03692567738828478,0.009645959273833304,-0.05820809323266261,0.049360691187932536,0.003203546328147819,0.24547402490357917,0.05321704761031648,0.15831792854422952,0.13446940696203916,0.06992015724148945,0.07131260620391466,-0.0022454629378704885,0.2461522513650355,0.03711468579226787,0.06010906050104519,0.06675701298443269
627.0,-0.006663400590716953,0.05645007668480502,-0.06854762571920447,0.035157356484326704,0.03953186268296427,0.16315348367305746,0.03962449049529121,0.11522882682795181,0.14878822252932852,0.05417291257051122,0.03836871718451528,-0.01462901999821428,0.24393179352507005,0.08507930012375658,0.0835693632588355,0.025817862333464614
628.0,-0.044778913449172744,0.09544212131584241,-0.06622949481560145,0.02233996442310509,0.07564132297936929,0.07958235082320414,0.026230609379121892,0.055868482697890874,0.1494102333840107,0.04112480442056813,0.00967762353043353,-0.027939328775083875,0.20606157985702458,0.1248417934533004,0.11134814288271082,-0.02676909719148788
629.0,-0.06774729061999998,0.11594160989591595,-0.06067703526450199,0.020522776238785713,0.09648917473987006,0.00956495593735359,0.014564534736573273,-0.011442319859542758,0.13182825575916898,0.03214806791051404,-0.01255174558367656,-0.03757523250905316,0.14714447832273034,0.14776725172137223,0.1371899158755038,-0.07283470705931783
630.0,-0.0718364530303853,0.11320664862879778,-0.05870368583893749,0.0357919327814465,0.09231558133305505,-0.03884406770796657,0.005260353260045479,-0.0781492044464596,0.09423923337128227,0.025520286315730247,-0.02932463412009868,-0.04011334835570365,0.08796543817775475,0.15020912010506865,0.15494270884833108,-0.09997950718121185
631.0,-0.06095700576301797,0.08936229204382494,-0.0610555128977474,0.0668584058024681,0.06269375402782106,-0.0645031107039568,-0.0024349214897594106,-0.13586048702844444,0.039367485401357996,0.01769610626350747,-0.04378463300980625,-0.03570760919752045,0.04633204202752586,0.13476026099500213,0.16129510128900315,-0.1049545496568081
632.0,-0.04471446515279013,0.051011145129787556,-0.06281836782074846,0.10477748754178018,0.016505016910463566,-0.07003832015178352,-0.009626161659738152,-0.1765759896402733,-0.025220480052978663,0.004827562868025128,-0.0585917981925023,-0.027114422280595147,0.030288575296976237,0.10917496385418661,0.15737223329052358,-0.09087231484685959
633.0,-0.03319962845385168,0.005689382947117578,-0.05698928691012042,0.1357583445402408,-0.0321138140885875,-0.05790161531888115,-0.015588177910538155,-0.19351901525295884,-0.08802373877529594,-0.015119881913838002,-0.07358209819055983,-0.01719856430093262,0.03685212190224877,0.08226290965197898,0.14800517488559703,-0.06289071899126633
634.0,-0.03137643722104384,-0.04085203625652333,-0.03962569613566397,0.14524696217438338,-0.06990410882631286,-0.029212049047966256,-0.016750168370435744,-0.18344349686565684,-0.13606953708968386,-0.040774140290586645,-0.0858375574822964,-0.007870070329611187,0.055130035674159396,0.05870786136025057,0.13742639215192812,-0.026573042957657403
635.0,-0.03674718434863076,-0.08549536840177402,-0.013541213584924784,0.12236346278755451,-0.08964631361266037,0.013366868382384697,-0.008587948353333156,-0.14928448005299044,-0.15850837103920473,-0.06792313309463632,-0.09199288636798134,-0.0006086028340068878,0.07025812600709917,0.03677042545222213,0.12396973331621385,0.012148670828854652
636.0,-0.041714246072496325,-0.12652191363612358,0.012519817157076667,0.06401436242464639,-0.09206680660097169,0.06132659821154296,0.010730839983859044,-0.10045474392906614,-0.1497471312118032,-0.09196998179505964,-0.0907307269285321,0.003705281983917247,0.06743833997862836,0.010866617832714632,0.09894924498439614,0.04760636143489973
637.0,-0.03867513772569515,-0.16138834020130324,0.02893899869615066,-0.022821031606344123,-0.08426843559508074,0.0997272416409282,0.038077893491795876,-0.04920270415319878,-0.11124176907718894,-0.11000702800516302,-0.08341755932327564,0.006347812348642239,0.03721990981969857,-0.022946918521587503,0.05154623204595021,0.07521965160894468
638.0,-0.024459898654676918,-0.18544860049084838,0.030356240911709038,-0.12195574309161067,-0.07602381723065824,0.112875373337649,0.0661526227809397,-0.004906738075234002,-0.0521453376919887,-0.12075613454475681,-0.07217017710612318,0.011448815114866645,-0.019117918907587104,-0.06271707405877032,-0.023523001677446174,0.09173514756566493
639.0,-0.0016314724641983776,-0.19281204489488357,0.017126500488927613,-0.2123018052611144,-0.07561460486328013,0.09226097177409362,0.08626919174938541,0.0293684906932333,0.011515802776098934,-0.12316630744632646,-0.05713656177252956,0.024134557677052682,-0.08742666959654195,-0.10077871533049387,-0.12027089920843566,0.0957506321702893
640.0,0.023780844850479287,-0.17903306321730073,-0.0064080380190669585,-0.2744571542325487,-0.0864991990298824,0.04043029078951941,0.0914527138867682,0.055559363399180106,0.06048614801981579,-0.11580464120043815,-0.03612137053146977,0.04732160829952427,-0.1447807532043492,-0.1280573032797799,-0.2209426693802604,0.08890648480302006
641.0,0.04596841361030707,-0.14418499414307503,-0.03388197338659865,-0.2967827455414713,-0.10575687956001878,-0.031000859705272044,0.07895456630715869,0.07632119905436481,0.07906167944761357,-0.09792213382869365,-0.007418038046209638,0.07927780960338458,-0.16916857090959533,-0.13873971676567562,-0.3016344912392181,0.07614404569027496
642.0,0.06127475974292763,-0.09442237314392661,-0.05811832410944392,-0.2781583455496732,-0.12501185768749803,-0.10666814423878376,0.05146601715296281,0.09157311119900374,0.06211922972399871,-0.07118571893650837,0.026810640579656115,0.11324993546429067,-0.14913947125493693,-0.13182594477246753,-0.34156103676720506,0.06394097982137732
643.0,0.0675824276645097,-0.04074310005787921,-0.07290565465159025,-0.22652080645299053,-0.13372261555244638,-0.1731370920824882,0.016356310809477928,0.09784337164043337,0.017687288427085723,-0.04039361741544829,0.05976012366065521,0.13977052976979634,-0.0877299800047019,-0.10953031142083615,-0.3309459954189843,0.05784772803799925
644.0,0.06317752780560199,0.004884272321704884,-0.07534919229693832,-0.15440778361341126,-0.12363989090617535,-0.22270362900343285,-0.016903627567277698,0.08984759641196928,-0.03721823206558833,-0.012312293637151977,0.08225345536475454,0.15086470468247662,-0.0003978177552119975,-0.0750562147488403,-0.2733703732830142,0.06091650333875391
645.0,0.04680734038745296,0.03423116791583217,-0.06655265832804563,-0.07427250167220842,-0.09270450200177188,-0.2540008121467184,-0.040104879294474156,0.06361203382385691,-0.08495577452261469,0.006780573599558935,0.08613001632804818,0.14363422054144598,0.09018799709295132,-0.0319932683751632,-0.18252747028105415,0.07309510996231894
646.0,0.018742149452749393,0.04562476998494017,-0.04978756564879769,0.00353393235140157,-0.04663813213512078,-0.26973331492424013,-0.04913614474833173,0.020759488663098947,-0.11462740487513041,0.013493436060481962,0.06693400234347988,0.12111542355858981,0.16094783682611521,0.014380054038282549,-0.07705599711353395,0.09130906159884898
647.0,-0.018271033394224326,0.04342024441492233,-0.02840919514451067,0.06977277435308102,0.002877055619634568,-0.27341584325168683,-0.04498277220787518,-0.02847043618495763,-0.12480113277216932,0.00853148713231965,0.025272410952296945,0.09069620175813588,0.19555051479964988,0.05574789482402086,0.023236940821691646,0.11021915250035783
648.0,-0.059128256889199045,0.035300562626253223,-0.005524878961134406,0.11514872404044281,0.04284414818180326,-0.26732353915805546,-0.03217094933902242,-0.0672115592636198,-0.12121823976616045,-0.0036495726360494477,-0.033077547836795215,0.06141756195703108,0.18897005888905022,0.08170524245549778,0.09992044787838898,0.12348855271756418
649.0,-0.09763303261785598,0.029110319257707937,0.015449043059622141,0.13169573358952882,0.06411713462540578,-0.2524679582816838,-0.015726053364523533,-0.07961049001420002,-0.11135077884840701,-0.0165190754112856,-0.09810086174786221,0.04046825782788861,0.1470310466874668,0.0834367755235858,0.139360203207096,0.12539267555039896
650.0,-0.128003217050254,0.02993412519922883,0.03126356453690328,0.11648273910525928,0.06453397873378607,-0.2294046807453768,0.0008084488490151059,-0.0596281785919885,-0.099156949817624,-0.024082446651426257,-0.15751703638329134,0.029367231445407854,0.0820614864466351,0.05830780091948909,0.1371547521734681,0.11237265405378817
651.0,-0.1458066703734937,0.038521727931690224,0.04059283999457023,0.07498343100122931,0.04881987337350125,-0.1982820500632274,0.015152014224102325,-0.014565649848995981,-0.0837300129201085,-0.02349304319011293,-0.19972509329416505,0.02240115366486764,0.008110286267679,0.012569507625762064,0.1003911079593451,0.08393223020506305
652.0,-0.14828864443166362,0.052169828477846895,0.045480599352151665,0.021169885404874172,0.025860289060760506,-0.15820971558180952,0.025433390313656216,0.03929309232685574,-0.06258097679202003,-0.01608253448691893,-0.21697230266261774,0.009799396594548222,-0.062087361574737675,-0.04002500542818427,0.044645945998605774,0.042737080749467415
653.0,-0.1346917228982445,0.0670409891377028,0.05083443564962247,-0.026765091986669192,0.004920941364859034,-0.10746098218063678,0.030257565489123003,0.08516202241056534,-0.03613435906019893,-0.006035991209324601,-0.20768620413172656,-0.01557046348217468,-0.11873717195818412,-0.08329940745872232,-0.013081135056883526,-0.006055705298370186
654.0,-0.10714281837649554,0.07987386817756172,0.06175986350027203,-0.05315603887143731,-0.007604658667461933,-0.04529800069047699,0.029294136463699764,0.112598021714994,-0.009268214884330736,0.002365452483097593,-0.17708317687319367,-0.052373722322419956,-0.15591708836113852,-0.10446340099620491,-0.06101086859146479,-0.05629213608070461
655.0,-0.07137526542474233,0.08860468024009881,0.0801805913075829,-0.050536327509308046,-0.009827691860361008,0.025249260666126004,0.023450794409503116,0.12020104713461573,0.011353511478845044,0.007259125809149385,-0.13521569225712107,-0.08970192171407869,-0.17141000748208238,-0.09793812037332114,-0.09509011799503386,-0.10256006358762372
656.0,-0.03562053791471584,0.09263137750983656,0.10296586726471985,-0.021646862385835783,-0.004079062908873161,0.09488173858424508,0.014394234358097252,0.1144128197557605,0.021536325862290585,0.01003573100542521,-0.0926270968230846,-0.11167102479726151,-0.16569618667016067,-0.06612027912716985,-0.1166065869031476,-0.1408753207653105
657.0,-0.00736729908313905,0.09281199898198214,0.12287959811313452,0.022639066444331613,0.004677915135626691,0.1477010500148548,0.0037503186107824987,0.10507073318011216,0.021241598315781113,0.013807118834073045,-0.05592265426171942,-0.10569388562974674,-0.14197361175381393,-0.017071026280355183,-0.12745669982466423,-0.16775952820052611
658.0,0.010203980762291552,0.09061850352135001,0.13146354515986206,0.06799960595118507,0.010636695220014413,0.16502702523357324,-0.0073135183961499095,0.0994833904982994,0.012578302352662477,0.020301792285116055,-0.026318113292132617,-0.07012005043092875,-0.1076406116915412,0.0392670396949961,-0.1273640465864438,-0.17928151209118204
659.0,0.019568322286989147,0.08654778021016218,0.1218359323078696,0.1015487711688564,0.008650030522916496,0.13287850283079963,-0.01792668815315018,0.09859181869645978,-0.0027467007579083692,0.027529278401902734,-0.0019284730880861944,-0.016618361564079684,-0.07442208903304738,0.09345399085572452,-0.11519712644345217,-0.17201076391011022
660.0,0.026858759453307974,0.07877668959560896,0.09095315735949946,0.11503978817555029,-0.004042196714191441,0.049924897700796306,-0.027553401034841538,0.09798166322004503,-0.02295250242766589,0.03050268489242817,0.018782475108327264,0.034539003511537776,-0.054837301968981886,0.13680378922541128,-0.09260785269375002,-0.1450606799467937
661.0,0.03829051997290517,0.06308042581760273,0.04228726991619503,0.10595122771515661,-0.02577693704577595,-0.06777024084146424,-0.03657843479701645,0.09296142945892333,-0.042685779467523735,0.025037477353910924,0.035495508572309035,0.06376633874506057,-0.056838575515422554,0.16188365460722512,-0.06646167177752856,-0.10082352857390223
662.0,0.05773876099583409,0.034746374104759586,-0.01230938834128015,0.07701507873141662,-0.049414030800687785,-0.18851281638846576,-0.04645873885265718,0.08401995924109494,-0.05081707637819004,0.011721605532210794,0.04680360523786164,0.06087813538588008,-0.08021315265564502,0.1645366455494591,-0.04724071326472862,-0.043924419679964924
663.0,0.0857462205249499,-0.007744067307952851,-0.055191434843008015,0.034965297815646966,-0.06374058054070683,-0.2746117268080326,-0.05840416062663319,0.07849991119945783,-0.03407740592110738,-0.003491849963201791,0.0513362314712656,0.028945631009887576,-0.11630265266592242,0.1453527601749135,-0.04343949248166427,0.020336292597709856
664.0,0.11850706884874225,-0.05944512047795626,-0.07069041904660171,-0.010841167885195235,-0.05765346306262433,-0.2965572685842651,-0.07133594194435876,0.0863428106495427,0.01484743919242176,-0.012825806904690559,0.04807845033204683,-0.017772339415671152,-0.15074110283976178,0.10864224606306569,-0.05594006672980101,0.0868134006371519
665.0,0.14728553719024834,-0.108876414070036,-0.0532112446440026,-0.0500022069538388,-0.025743626106494735,-0.24492567452347824,-0.08141293602033338,0.11224170435040849,0.09138897227488228,-0.0115237848604817,0.03672013098405757,-0.05996330297949429,-0.16833054940502706,0.06021906888244564,-0.07701424577602371,0.14989435095765133
666.0,0.1608138341629755,-0.14190047422038782,-0.009912009936286962,-0.07346666774195529,0.02782750154637428,-0.1340641301799418,-0.08411542185712843,0.15022283764995498,0.17979836356343687,-0.00015870047268359404,0.0189646895960885,-0.08060472573303451,-0.15855061783277982,0.006566396121348368,-0.09440813066349894,0.20218896795779526
667.0,0.15121337851857528,-0.14765103781380154,0.04316959575330999,-0.07631118624414411,0.0901327837899551,0.0041216696085339885,-0.0770838266109549,0.18513152199635333,0.2591580101876363,0.017146879096314398,-0.00026798996275104403,-0.07131366582035091,-0.12016513669708867,-0.04471431148690647,-0.0970560802666645,0.2347417058869511
668.0,0.11952337476615221,-0.12326815496394672,0.08826524629309393,-0.0592734660676116,0.1448030426942391,0.13248265961688474,-0.06131067826397892,0.2000630125145038,0.31040736088378823,0.03664136574359971,-0.013527887179798286,-0.03609633420529798,-0.06328892070125483,-0.08563443047762706,-0.07917153241137537,0.23968517908680612
669.0,0.07577642770101357,-0.07491403021108255,0.11235704020321649,-0.0281268453625482,0.17857289282365388,0.22062293035200758,-0.04017900421163524,0.1847763887644806,0.3210373738318713,0.05748891057520224,-0.01339950988426058,0.009539328610408845,-0.006382998234196045,-0.1102890976701129,-0.04140797477674911,0.21376697345863285
670.0,0.032919617812748346,-0.01500627043227585,0.11080751079821026,0.008571253084349082,0.18571473958966322,0.2525635923444196,-0.01778972890205718,0.14029027843355021,0.28704116121507994,0.08095006566629065,0.004414390655174112,0.045195862857802194,0.03242837759129991,-0.11675294769273722,0.011003186951791857,0.16087020366929503
671.0,-0.0006874328860633676,0.04225928173694505,0.08764211352163694,0.04229086689454027,0.16887586811472588,0.22957219555780917,0.0018680156678087178,0.07800252863315757,0.21348729433609068,0.1072852845263709,0.03868866598020562,0.055072700193845796,0.044913980663265816,-0.10701642512651484,0.07169374451167207,0.09243814072914795
672.0,-0.024522734460888814,0.08479077941538472,0.05297931601044156,0.0669748998366107,0.1365436565426046,0.16829462475602808,0.015130680958821757,0.014698558628585566,0.11393028756374342,0.13343568056925165,0.0821225078832178,0.034855332127232276,0.03613001658515684,-0.08598071707505617,0.1351666905691768,0.024723413952649865
673.0,-0.04337911362856696,0.10504641449746667,0.01897352079939262,0.08030736345685688,0.09884937401636265,0.09406606500751798,0.01952932756259898,-0.03412568908451645,0.007590312349514424,0.15353915381798675,0.12357247868922897,-0.007232588848685736,0.019477550359184727,-0.06024512173009081,0.19592915766885569,-0.026956236734160345
674.0,-0.062300072174754896,0.10166006389334324,-0.004022646452558777,0.08333839489253902,0.06397465122990184,0.031312293445951433,0.015242439230909679,-0.06003409364968227,-0.08548993775622087,0.1616334831304776,0.15253795120684838,-0.05456685859696114,0.008133013234838938,-0.03624025797466153,0.24727730241056606,-0.05394702646446631
675.0,-0.08304908599990865,0.08027044852115657,-0.010146942865237523,0.07903161224760993,0.03632541958509598,-0.004476023412005813,0.0057670124113487166,-0.06388314034675215,-0.14938554432235693,0.15435184008789818,0.1636214926385538,-0.08893746619803118,0.009202279292961682,-0.018096295176051592,0.28243358169673854,-0.056488536846170403
676.0,-0.10339461179825106,0.05208527312757693,0.0006081400981641619,0.07093965099517342,0.01651556989752889,-0.009212631411244444,-0.003133701920496624,-0.05341313857650533,-0.17547706668620067,0.13204095135964333,0.15843837646265765,-0.09725633858546406,0.0228644837229174,-0.006670955376794752,0.2965437445108367,-0.04175751231538206
677.0,-0.11812373574906314,0.029372765456145894,0.022643031418377844,0.06236918025242678,0.0028996520801312536,0.01283309001604183,-0.006069881058283238,-0.038140509364370294,-0.1633241990762689,0.09850557055944238,0.14408522214099917,-0.07576448792186886,0.04467922584861922,-0.0002602938056745341,0.28701733428061926,-0.019675238022022166
678.0,-0.12090393057470296,0.019640812787475127,0.04670568810408989,0.0555326347874297,-0.006404212563315215,0.05343340095242627,-0.0009799416124778924,-0.025267213579846036,-0.11995482542125978,0.06033964672765,0.12902628131921584,-0.03069868191831941,0.06838255612373946,0.003916752407411342,0.25301515281573617,0.0009668981795192586
679.0,-0.10684567301589654,0.021932735773004544,0.06288506108315763,0.05076952432943921,-0.012612927005523708,0.1021821292627924,0.00952536084137148,-0.0189238081154619,-0.05820444187983141,0.025693211532934572,0.11826107907384936,0.02409685328380086,0.08761920186448044,0.008641247097509203,0.195961559430863,0.014354846188777167
680.0,-0.07497078166206758,0.02769750664955298,0.06378770846497123,0.04652328649881347,-0.01668704462500056,0.14571800934843226,0.01964341923220327,-0.021625190265073518,0.006265196795386468,0.001810322004022608,0.11053412042211129,0.07174231736000862,0.09691714105810192,0.016208510141454552,0.12091155429410971,0.01762416100143498
681.0,-0.02924437145901409,0.025781271229504202,0.0469735477967777,0.040132775988901685,-0.01968387350962454,0.16753850007847226,0.024043784832489926,-0.035099181081123226,0.05899929716085558,-0.007797665841658067,0.09990687578074421,0.09815211342029329,0.093072116772348,0.027646563054510527,0.03750515998299388,0.01074621016481213
682.0,0.02195766731006903,0.008650334256776186,0.015558191619153302,0.029029809438322052,-0.022302439230836805,0.15149802483033462,0.021315290416304086,-0.05973335856075821,0.08990922601690353,-0.004658403163998391,0.08105591463655828,0.09716395839883969,0.07647343744831592,0.04164300783243055,-0.0403505559342602,-0.002956976699367529
683.0,0.06708152949366823,-0.02339213982713167,-0.023061649802316737,0.012227619361306499,-0.024190363076835433,0.08943750833313174,0.014922250212104544,-0.09425385513744,0.0942822306784349,0.005761627980115863,0.05436066074357733,0.07224079621919245,0.050743955276015315,0.0547483020023877,-0.09653097739379135,-0.017840092620874742
684.0,0.0937140691571425,-0.061730705378451906,-0.0594150055078477,-0.008384983944577033,-0.023748642574263925,-0.010651476237278206,0.011578850324057473,-0.13643186288852813,0.07269359307912317,0.017106755423476824,0.026945584761766547,0.033655429524944463,0.02101440446589195,0.06322965327261189,-0.11680379166772986,-0.030086239337907574
685.0,0.09293425392534595,-0.09270905043971221,-0.08480514702069096,-0.028276773921931484,-0.01873857487014564,-0.12212275025804413,0.018337371932792185,-0.18359821981570096,0.03102359968745205,0.025678756883303865,0.009665589527480057,-0.006731332337324887,-0.007267669225574242,0.06482607452424251,-0.09460722812940697,-0.041757133487441
686.0,0.06393844302248267,-0.10369766571962043,-0.09440498085326732,-0.04268347340974532,-0.007716599613020034,-0.2071966512876002,0.039108959088720724,-0.23184596804692925,-0.020200291797866737,0.032134419899490126,0.012491941276792278,-0.03983483405845896,-0.029045892276833216,0.05922577862069256,-0.036050440115933634,-0.0596777436630355
687.0,0.015187922700739593,-0.08949646119533095,-0.08881066954418365,-0.04949025784711053,0.008162038070424302,-0.2326621714846199,0.07140973555698028,-0.274901014726448,-0.06837471760713346,0.03963932041601054,0.039554644577610855,-0.06146392364391066,-0.041521844698608736,0.04765377476846727,0.039613541309984034,-0.0891632530520166
688.0,-0.03888806428031641,-0.055124310777841606,-0.07270897603271818,-0.04982064773025176,0.024208932999964784,-0.1853925449212466,0.10555230169336859,-0.30458413442892557,-0.10258320945393258,0.04965045763983554,0.08492896186881238,-0.07240832056213725,-0.046063222525635404,0.031970158538524814,0.10572465589019672,-0.12834549871743542
689.0,-0.08269824131700938,-0.01299802696882371,-0.05157861618306936,-0.04587460883718703,0.033355916644742606,-0.07827391231354122,0.12820719021146557,-0.3130877892524548,-0.1162601024840674,0.05889250628637123,0.13226247474935937,-0.07671496599682662,-0.04678100283475675,0.013430210730076554,0.13827711124987035,-0.16799259159709848
690.0,-0.10327168850347924,0.02312489347092978,-0.02890920516261292,-0.03849315789762961,0.02920054926682668,0.05653822709459167,0.128768391285986,-0.29546789402818285,-0.10755844559052745,0.060171429507021354,0.1602139236715159,-0.07871848215542922,-0.045863061072597466,-0.007887041510826835,0.12595211026266132,-0.1960520285556408
691.0,-0.09315636575563634,0.04328900084789562,-0.006157316340762991,-0.02686243320292196,0.009266328755696433,0.18206009838143083,0.1039609918907024,-0.2509939206583226,-0.07840460014435581,0.04643850560441294,0.15122718414242267,-0.08020225293841059,-0.040131444418262434,-0.03188292805321335,0.07467362977948999,-0.20272991491661785
692.0,-0.0527874408221762,0.04340084432311478,0.014729529060673882,-0.010415988726439661,-0.023388341400439595,0.27059714901796883,0.057962340421586274,-0.18355300943726638,-0.033680532274326325,0.015131525158462228,0.09920614222829449,-0.07920192881284259,-0.02239047581056129,-0.05640967176424432,0.0034475378821702675,-0.18331225690665806
693.0,0.008723363224181368,0.024793822421212277,0.029186971363160032,0.009068297583817006,-0.0610917447029699,0.3112722107475804,-0.0001636675153722573,-0.10202169422047896,0.019093694082744774,-0.029987103169260045,0.013071896039576094,-0.07133774617699157,0.01354941363908655,-0.0767740859528809,-0.06576881713464672,-0.13911806852112282
694.0,0.075732562563489,-0.007162233908581345,0.031173173635191422,0.027388847387212048,-0.09455008144898114,0.3083219256486124,-0.05874121237739237,-0.020188678905907538,0.07046960555617034,-0.08017472899044831,-0.08550052140785806,-0.053116946705484974,0.06826256293148965,-0.08768898583212385,-0.11753362503210746,-0.07797662591089222
695.0,0.13148790942322458,-0.04487501288312521,0.017172178257049992,0.04003272739896769,-0.11643566425465462,0.2729767957320906,-0.10543061009102629,0.04561782113375559,0.1114446090717283,-0.12517795074604723,-0.17020923609813063,-0.025096816458476296,0.13482865172892894,-0.08622507114599386,-0.14744829994092368,-0.013551796872686152
696.0,0.16498209142650652,-0.08087020195098278,-0.010430741718528903,0.0444081864613202,-0.12378307991440037,0.21618707929433872,-0.13050628186617338,0.08175092130529535,0.13704063684810014,-0.15724199950917175,-0.2205880588607333,0.007308204685990687,0.199124322408686,-0.07348725762745341,-0.16150404697651843,0.03862092113033907
697.0,0.17519080159590916,-0.10991491272868793,-0.04391959258267215,0.040311110236057955,-0.11816204356822425,0.14718867860808155,-0.13066218589242598,0.08278087693452174,0.1481872762001107,-0.1737423096867585,-0.229013356427266,0.0358993655264069,0.24245329028885618,-0.053701443779684915,-0.17128613799541278,0.06788311084509471
698.0,0.16953602707304768,-0.13000687298994038,-0.07461606884920566,0.02876712963541459,-0.10412186634641528,0.0759419691145996,-0.11016577215116742,0.05371591125521788,0.1494138075987638,-0.17689167280507828,-0.20072459110087193,0.05299732354436676,0.24755313824671285,-0.031583181632145754,-0.18696682902860162,0.07333510020970316
699.0,0.15766801421132118,-0.14195547977487158,-0.09738252935159983,0.010877556700499467,-0.0872218784667211,0.014130245915834672,-0.07827642971973985,0.007568758030518141,0.14373747394549996,-0.17092278468727543,-0.14811024333214884,0.05403699862138133,0.20614083514614218,-0.010547958029641064,-0.21183345022427152,0.06253126953255818
700.0,0.14507518992103288,-0.14735301478163385,-0.11174531893887014,-0.011922578317195521,-0.07248709717916545,-0.02759043154010759,-0.04540313228907307,-0.039996921236653334,0.12935481044014666,-0.1589663472964591,-0.08416031026434129,0.03913590537603459,0.12372496076228437,0.0068171059142198495,-0.24150491285559633,0.045303788152113424
701.0,0.13057495509512082,-0.14590538413065612,-0.11970480567706251,-0.03642150634399354,-0.06342447289393613,-0.04377167584198965,-0.020365207141858903,-0.07601098135916859,0.10111114116725178,-0.14163898173221343,-0.019810316907199626,0.013580348768639328,0.018966652085356688,0.01750990072405417,-0.26724403789997714,0.028220508593184868
702.0,0.10854787634444396,-0.1347144384755317,-0.12311564788060328,-0.05676567804944405,-0.061464536765482,-0.03659248623066599,-0.008524643974668481,-0.09350868774361884,0.05492027146742738,-0.11784630858876195,0.03469360089787173,-0.013886186835972708,-0.08192299820208834,0.01833175694000675,-0.2799931075873013,0.012988032268496425
703.0,0.07363248801981707,-0.11048395510164584,-0.12285772256176095,-0.06577152052677335,-0.06549465746013201,-0.015729489851230707,-0.00996976782663578,-0.09233934910262645,-0.008785504684837547,-0.087078384522353,0.0687025901951836,-0.034909170703517164,-0.15321858806223204,0.007746155388932295,-0.27262572152002174,-0.002209576990660073
704.0,0.024731295239814384,-0.07242356950929187,-0.11948401945061154,-0.058180517743928246,-0.07129882126174772,0.004133745559397838,-0.0189787821627113,-0.0778555805533968,-0.08423377386126546,-0.05187096586144033,0.07371506122866883,-0.04508277059581151,-0.1773808331370321,-0.012222731745954233,-0.2403613099361797,-0.02023222557752576
705.0,-0.0335145869264194,-0.023316165142346707,-0.11361076087376812,-0.03375658912112875,-0.07188010507508398,0.00841218951946655,-0.026721089120164066,-0.058388764151812204,-0.16165488791454502,-0.019071832672637706,0.04826654309775541,-0.045062033675826334,-0.1503294327996378,-0.03571256874357141,-0.18081646556894704,-0.04232178975597368
706.0,-0.09212379968624443,0.03158803938232954,-0.10500832300014577,0.0020218884389117606,-0.05999868120939987,-0.011071086935806463,-0.02604553784399768,-0.04253990521624539,-0.2302205571314556,0.0012328039962843027,0.0009970012030981472,-0.03893766075803486,-0.0825678464269597,-0.05489354351189524,-0.09505857928664757,-0.06674415890031409
707.0,-0.1411605296452397,0.08648773733036427,-0.09116258537379286,0.04010307922345343,-0.032016979461027134,-0.052256446421083055,-0.01450719157444994,-0.03657728125128906,-0.28125325802563433,-3.622060064390144e-05,-0.05104448712203328,-0.030833129612620826,0.00514639873304065,-0.06297629195599286,0.010612917508945403,-0.08976900097636177
708.0,-0.1729919994758625,0.13619783253528817,-0.06745582386816401,0.07116681953385892,0.009693935522339972,-0.10392598547960806,0.005948586638133119,-0.042313397270379347,-0.30952821124518015,-0.024626977314732488,-0.08861413272919151,-0.022038055113025912,0.09042909460510712,-0.056945492736719526,0.12376238982269773,-0.10770188515610889
709.0,-0.18348813352406784,0.17605987873756554,-0.030328494252040993,0.08812675048085775,0.0572968785159719,-0.15048955223803984,0.030629412097968062,-0.056574114347392415,-0.3123108413437996,-0.0628849672669497,-0.0981214784581917,-0.011207037507959232,0.15711495534425143,-0.03921651669959958,0.2273915066826525,-0.11772613079813038
710.0,-0.17142113563010242,0.20177208786553258,0.018437357126495562,0.08737416067307806,0.10029878183579984,-0.17773944545157522,0.053364134661216735,-0.07255745278026392,-0.28849405445757453,-0.09640230052634124,-0.07719797732830957,0.0027854376641713056,0.19729865569989313,-0.017119667193533403,0.304714056998476,-0.11704022707917901
711.0,-0.1382062748906867,0.21058618681343824,0.07028083026990008,0.06941737071111209,0.12890386925726122,-0.17741921784403406,0.06792309956013085,-0.08214881449465779,-0.2398474095218105,-0.1070506241788067,-0.03496354398516778,0.018502144845561713,0.20812041603147138,0.00086303891519287,0.34508858941405646,-0.10211530929410209
712.0,-0.0892706143317045,0.20323327880539813,0.11305976259197006,0.03903866566158626,0.13663636150232586,-0.14908772807593262,0.07014906352015515,-0.07825152244421364,-0.1733055444572707,-0.08679538871958536,0.013307530640333704,0.03218507313233474,0.1881612276549565,0.010427242372965032,0.34690037953778063,-0.06989973652045027
713.0,-0.035422992208575824,0.18424326156578225,0.13675654451784772,0.004341011632646643,0.12226820410608494,-0.09925320053393433,0.05991760723883122,-0.0566440210171449,-0.10154136839118288,-0.04195070863189925,0.053703771685191255,0.0398694457563244,0.13724680201211562,0.013961112846394327,0.31616989720098315,-0.020447518913974002
714.0,0.008688684008563784,0.159688644479457,0.13787901952895434,-0.025572290536156225,0.09100384239495335,-0.039443702445469346,0.04176378925568212,-0.017476010428649384,-0.04042361169383367,0.010447469664836229,0.07847384575166173,0.03937241977017032,0.05960974872925835,0.017757301145663328,0.26361628488905847,0.04079868453520178
715.0,0.029569999621050398,0.13422787663394573,0.11993306859534457,-0.04368944347459669,0.053468706375541866,0.015866182944637704,0.02391071406591679,0.03338421596152341,-0.004047886872459713,0.05136342673437739,0.08642208791145929,0.030712256496992243,-0.03313459030033446,0.026364200803672622,0.201906437104319,0.10237347117746276
716.0,0.0207872986455468,0.1098471158901496,0.0904947441184824,-0.04775187994064064,0.02184693335578065,0.05260280955201581,0.015942113259858313,0.08444302086440675,0.0006545072444404066,0.06817572553011328,0.08116623090244557,0.015242534917439654,-0.12299879326728667,0.038898220667242814,0.14251688010595695,0.14918122021674587
717.0,-0.013454459187100204,0.08643352280995877,0.05782145775956369,-0.04114005699321593,0.005338294897529933,0.06240912520130634,0.02533964266504014,0.12228002718257482,-0.022857634711200444,0.05851233679221153,0.06903772986359989,-0.005042864118705589,-0.19101150091552094,0.049853320735775496,0.0924553333415012,0.1684312881139177
718.0,-0.05937860602024778,0.06265292800863304,0.028865049700324132,-0.03148763577985295,0.007466931088298014,0.04741201034024427,0.05377718406253246,0.13813033721557766,-0.06158086846499688,0.028990961234850458,0.05616599711568037,-0.02744843450915976,-0.22436191371124165,0.05303871799672744,0.05281514489022617,0.15618428055945482
719.0,-0.09962045666934703,0.036580315076241106,0.008233371691064053,-0.027708324193030227,0.02556957842262666,0.020546262639703352,0.09516789510690107,0.13271729887542827,-0.09781961644414246,-0.008581339273837741,0.04544295012594866,-0.04846962329667688,-0.22167962854183323,0.04562691431208519,0.02073737257576709,0.11965621765772604
720.0,-0.12122109774090208,0.007159382065480977,-0.0025995664517235785,-0.0363842030194842,0.05193487465473349,0.00034541973490412315,0.1371513997277732,0.1154261692431238,-0.11589915040398946,-0.04115865250185047,0.03594406324108581,-0.06422990867954018,-0.19298572803931144,0.030284961034548932,-0.006127718013222878,0.07360426101865364
721.0,-0.1209586963393979,-0.023355546283470037,-0.005586214585395359,-0.05860076406676726,0.07646805927128539,0.0025791035504864742,0.16549333720411075,0.09867054091446799,-0.1077752232625333,-0.05809636131596491,0.025048833633677665,-0.07142898928794902,-0.15411847750804544,0.014582331673900547,-0.025740766680061256,0.033791838373375876
722.0,-0.10493065967971535,-0.04858713966097101,-0.005219216886590984,-0.08883014615208214,0.09017379754081674,0.03284766863353408,0.16888772687926662,0.09146900310299017,-0.0753285106788971,-0.05443157344138725,0.01060300569664455,-0.06860009386865723,-0.12018626429038007,0.007639120547366705,-0.03131699387762179,0.01123819023128803
723.0,-0.08303137643115437,-0.06117995665944311,-0.006262568110944977,-0.11689344376119482,0.08800063222925243,0.08409627336035502,0.14221355848906259,0.09566205783016071,-0.02843386209791908,-0.032350766766791224,-0.007988406661526157,-0.05706090435668824,-0.10216167483958634,0.015439265013489053,-0.01573874498396752,0.008608569200947176
724.0,-0.062439158018519264,-0.0578732340131101,-0.011108210988683375,-0.1321906126720621,0.06988003795332845,0.13976136533453737,0.08819238997789776,0.10611165833452284,0.020479121899801823,0.0005825758257439492,-0.02896152485957486,-0.04044612992205457,-0.10537743496128188,0.03756746922099266,0.02098709205499819,0.019602091410503467
725.0,-0.044662373990670065,-0.04187214688992719,-0.01866896972853312,-0.1280477805158514,0.039783080727923026,0.1797125482070457,0.017524015151102815,0.11460566256450058,0.06267301517252419,0.035207004721229944,-0.04832098352926502,-0.022573660305307826,-0.1269882349737616,0.0675153017445495,0.06691504026018333,0.03307278821901603
726.0,-0.02732859971666361,-0.020681999757248597,-0.02599945431224005,-0.10427692385885882,0.0036988775773263566,0.18696207112481103,-0.05355669130182035,0.11565968514208695,0.09662509542606922,0.06363676298741332,-0.061703999259120644,-0.005166976914191422,-0.15425435721550582,0.09613057519884301,0.10145316134923818,0.040921264032809324
727.0,-0.008046282043886374,-0.0018897319143531437,-0.03146886546541949,-0.0670571429016594,-0.03224524044636879,0.15465537536715865,-0.10838865249208225,0.11040377605754488,0.1266227893036044,0.08010485176205001,-0.06645761134356416,0.012542120089619623,-0.16842624656183366,0.11539500732239404,0.10538268982390957,0.04385786038374833
728.0,0.013114304246375047,0.009692264722530548,-0.03650299955207467,-0.026119531474764895,-0.06288748468619859,0.0904421209132687,-0.13511509367555133,0.10503188470537726,0.15738517213672842,0.08123087688978767,-0.06233528465079536,0.03174957548390685,-0.15419781382724762,0.12033564011701882,0.07046146395652152,0.04958522435479185
729.0,0.03395831284096705,0.01230302505701505,-0.04405209242341637,0.009436522268156694,-0.08442332638482726,0.014071962834099613,-0.1294956992657317,0.1050010079336134,0.1889522531590894,0.06702863119620901,-0.05106999989076354,0.05107007946654575,-0.10841928836862254,0.10950087816304623,0.0028362758923491465,0.0650542028866624
730.0,0.05238620702193265,0.0060500861410843826,-0.055262767218947184,0.03401444913187822,-0.09453910807144185,-0.05176926061207988,-0.09521881613839847,0.11029577167974552,0.2157341632830689,0.04174418909716275,-0.035333695941879094,0.06528844384280744,-0.041766867457217874,0.08496964399343815,-0.08063006267062689,0.08992346586738058
731.0,0.06815925999480031,-0.00787805027219841,-0.06769589477984357,0.0453655703677342,-0.09263615394892484,-0.09258873813204843,-0.04236649757853888,0.11534196187324232,0.22930624820024825,0.012893122119271763,-0.017587750871093905,0.06782678630980153,0.027504298896437757,0.05148026421292674,-0.16026980461361517,0.11615021225386617
732.0,0.08222897815491552,-0.027029413198408743,-0.07668213331473257,0.04265399236055318,-0.08006145200637663,-0.10903312365448918,0.01571376325081959,0.11260070890377323,0.22225222540086548,-0.011396845319482665,-0.00021461579450117248,0.055807980870746496,0.08283548101905837,0.0143746114969151,-0.22120093177609712,0.13254737363786295
733.0,0.09415162679715715,-0.04757365087094118,-0.07839302974312862,0.02548252153457304,-0.06005502206670858,-0.11507783385833212,0.06593293199941637,0.0967648609350442,0.1919835620848893,-0.025142708913757156,0.012761818378170425,0.03345101729762777,0.1151341547617986,-0.02225030819003559,-0.25660999719603106,0.13021929473048105
734.0,0.10023675596741316,-0.06480780418597874,-0.0720286386886179,-0.004882653012612065,-0.03720616925064922,-0.12749325299268474,0.09788684718501293,0.06716414791443157,0.14362135102100673,-0.026050433339962042,0.014893189257839097,0.010501963348487828,0.12285396627569267,-0.05544785379140488,-0.26560800060046164,0.10620602292897315
735.0,0.09430138830922918,-0.07370550160715843,-0.05929431866741643,-0.04333793303946723,-0.016535950013451303,-0.15315644635697617,0.10537799418124169,0.027688111498643968,0.08931870697389739,-0.015477046947421648,-0.0002066198508030797,-0.003118559136017616,0.10973013793466432,-0.08192083043748305,-0.2486219090464586,0.06450982308993736
736.0,0.07087473497865716,-0.06953109727704612,-0.041580895493312196,-0.0801414688359888,-0.0026314590782220773,-0.1838265335734533,0.08805820900485724,-0.01490984968622893,0.04296801973178699,0.0027418137095528146,-0.03448976213203511,-0.002577655511857114,0.08326867460334916,-0.0974733641765151,-0.20565448964315003,0.01423525610772405
737.0,0.02940314635369972,-0.0492132002178267,-0.017920596516672323,-0.1029723477967961,0.0012084475059818162,-0.2026281373889465,0.0526131708562629,-0.05316798501919755,0.01343045543230077,0.02358425097290441,-0.08264807525217838,0.009636793605240744,0.05327095666241701,-0.09818943117382299,-0.13966027717841914,-0.03442553068140889
738.0,-0.02294517448949144,-0.01361990119640251,0.013569144294382255,-0.10141149337776066,-0.0057804247664095375,-0.19620669003853522,0.011427642229897676,-0.08094095078811045,0.0010198183683234323,0.041661922871658943,-0.13279036819157936,0.02526314330748895,0.029326899087347612,-0.08187763091351011,-0.061004997014213115,-0.07413947862105472
739.0,-0.07225090847967168,0.029983469920315406,0.05198913217247512,-0.07175882993800171,-0.02081444186267579,-0.16226188287767107,-0.022024094595408106,-0.09454079451644715,-0.0005930112276014715,0.052114556453558586,-0.17033416200748058,0.03467171383335975,0.01848980963450649,-0.048911663113196356,0.012468609430281332,-0.10221992247683358
740.0,-0.10271163088979177,0.06730459480910013,0.09153429197116664,-0.01981858090371611,-0.03801876530675874,-0.10853257262463067,-0.03880345352271697,-0.09236095899814085,0.0010581667737187492,0.052160922414184865,-0.18321011751547625,0.03196131100741215,0.024307512303615136,-0.002971388202407798,0.06080648945912323,-0.11989315759275457
741.0,-0.10292067471080973,0.08064837180232028,0.12291249248276617,0.040017509556520135,-0.05045450283312672,-0.047610207205794536,-0.03776233156841543,-0.07428026982040722,0.0020597869533723052,0.04262439704966204,-0.16599458600508293,0.017714635147303686,0.04646113920507445,0.04837292946650572,0.07025638828776441,-0.12998526702566235
742.0,-0.0707456769941983,0.05658538768737526,0.1369650529380164,0.08977810442552055,-0.052788547696953264,0.007306705272322874,-0.025152767067016087,-0.042761401250947274,0.0031176090949215185,0.028097130746228435,-0.12170013831523971,-0.0024278794219494693,0.0800743502166622,0.09435764112735714,0.04089184569712178,-0.13440886791680193
743.0,-0.014745423740994277,-0.006276896378654003,0.12844781597468097,0.11515213072899022,-0.04349031337089958,0.045285010269459275,-0.011726660562316273,-0.004511080390725754,0.006845198989083665,0.015096181912125601,-0.06102676248413076,-0.021905787621042325,0.11603414589630266,0.12372110624747687,-0.011464401619230971,-0.13293801550940612
744.0,0.049244682225816856,-0.09451040304648683,0.09902395302950506,0.11133431617653936,-0.025495404811235255,0.06030169357926209,-0.008775081105079562,0.030309497767105464,0.014493179438105144,0.008693706247078402,0.0007631806616279612,-0.03682267840580661,0.14427505143823818,0.12885712624594248,-0.06230872850727526,-0.12392198580694767
745.0,0.10509221217640863,-0.184364750019898,0.057921496759805076,0.08461851942851023,-0.004960499054155249,0.052144244658895965,-0.024185046573461048,0.05153426916055336,0.024857829005085406,0.009261013215495231,0.048151243928685916,-0.04699859106277213,0.15828007003354225,0.10972688907068869,-0.0906831990520457,-0.10606689517879943
746.0,0.1424720770525154,-0.2508494277588952,0.018298253867023124,0.04919701305784822,0.011156791958070027,0.024431712392351344,-0.05961721236673047,0.05263498206489052,0.03512274827442261,0.01172087184680203,0.06917664037089033,-0.054578918087002104,0.15682924538847876,0.07485307029970661,-0.08803686813311817,-0.07992925680671147
747.0,0.15848536078157813,-0.2761206657109269,-0.009171034695454511,0.020613389023868983,0.01736578106570118,-0.017271107944759962,-0.10951485113903422,0.03307913815543676,0.04194612737311997,0.00850321553751838,0.05831748507649484,-0.06155823115164775,0.14238930766242594,0.037534245112521875,-0.05945014138369475,-0.04833807140842
748.0,0.1555012281979653,-0.2539989857268645,-0.02081658180026799,0.008800006459716054,0.010829235781855953,-0.06486802411429082,-0.16228354653137148,-0.000840581904981876,0.0419268820974456,-0.005570435958597459,0.018378864173942522,-0.06788967181542606,0.11854732562472096,0.009025977323937303,-0.019478480371273622,-0.01566450962297136
749.0,0.1385623696977184,-0.19046247390781376,-0.019903803585615998,0.014128745019523808,-0.008405513409287893,-0.10741179115403733,-0.2038035359239055,-0.03739541373740161,0.03162802885577429,-0.029782793931148892,-0.039609903479577345,-0.07129898771701816,0.08825806241542207,-0.006819761148745116,0.01425885759950785,0.013473704809008977
750.0,0.11389826156383329,-0.10065316133187092,-0.012995783182641185,0.028445442549410723,-0.03753317177217933,-0.13417643278142496,-0.2221784871959325,-0.06344221719792263,0.00796568730887403,-0.05735895235951214,-0.09919213514955871,-0.06888503487058523,0.05375749324603354,-0.014245614589502168,0.028187462059330048,0.035644029433774566
751.0,0.0874051086774761,-0.0033855250603390887,-0.005527896969505226,0.040284894991066106,-0.07129090322848616,-0.1394489941185658,-0.21152413393709277,-0.06971559040278294,-0.030097635640569283,-0.07843788552442267,-0.1431327217417581,-0.05917779499922222,0.01772887907814347,-0.02168097302672856,0.01843114458823375,0.05012687624171524
752.0,0.06276805463622478,0.08442385806715404,0.0006981962837996628,0.041183404003970456,-0.10254965498624802,-0.12507692052489816,-0.17352277888422682,-0.05461244756277899,-0.07872573903733439,-0.08442832490317198,-0.15823384791502537,-0.04267922418559398,-0.016420356582871817,-0.03587942383762271,-0.007770306068205263,0.05937797490496287
753.0,0.04092119977904125,0.15094740270168172,0.007043622325572938,0.029613721309064565,-0.12349748898459056,-0.09915895833243561,-0.11693191593162802,-0.02436123380733905,-0.12754700576538014,-0.07148654962116524,-0.1393450755492458,-0.020818382149423477,-0.04609456768600679,-0.057726225990680155,-0.036242397209554335,0.06684980452279231
754.0,0.021606290953451294,0.18961425224717615,0.015541152666309345,0.010741637113843265,-0.12786427962552724,-0.0720112657285296,-0.05544150478441563,0.010109565166348915,-0.16201199818066878,-0.04184972843623341,-0.09219189497819047,0.004531568796493046,-0.07082961977946214,-0.08236818972770539,-0.05403835975091185,0.07351244354253715
755.0,0.005517853784796467,0.1975479000209853,0.026146325780060622,-0.007399041396180742,-0.11358896225530361,-0.051451516532260974,-0.0037358423919449705,0.03763779686977337,-0.16968099290959318,-0.0029253839493446096,-0.03309859411776213,0.030239444560224635,-0.09132734136857082,-0.10365924340151357,-0.05650748153671783,0.07667679477467648
756.0,-0.004656216064489618,0.17441057273934452,0.03572794527939861,-0.019050866947702007,-0.08396631427218153,-0.04007032000025127,0.02753180747661124,0.0509628053414966,-0.1463818862328357,0.035651493159019325,0.01682022300665667,0.051792741267820554,-0.107270113783127,-0.119696151248279,-0.04800586969097347,0.07203129001193001
757.0,-0.004799777520314415,0.12276268817575159,0.04026145204494534,-0.024240903879526883,-0.046330316904035794,-0.03688734209315813,0.034802994649861384,0.04938400255625976,-0.09781295235978951,0.06567227872003152,0.04094836320229573,0.0649520299563764,-0.11721774892353601,-0.13480460967550437,-0.03637994881166416,0.05649754980559914
758.0,0.008467252668650905,0.04918873543904112,0.0386646386244351,-0.028388594056752547,-0.009555544449292686,-0.041915805291254576,0.02031421052868923,0.038652833323612454,-0.03617987268210475,0.08227132500438337,0.033688636171454685,0.06744909237116327,-0.12160739497711306,-0.15574859355682988,-0.02689780959238985,0.030250834194728366
759.0,0.03472744676468222,-0.03532447572833557,0.0340281172037224,-0.03834790229722191,0.018358079183637247,-0.05814893360727358,-0.011270433242171925,0.027610769473026948,0.025041806446705926,0.08366001621396364,0.0009112411362339751,0.059197039919652236,-0.1253850832399347,-0.18474542205868344,-0.020410516223936807,-0.002397471556618048
760.0,0.06769283404439783,-0.11667769852908623,0.03068249221637655,-0.05771753785277891,0.03271036608093968,-0.08791470052027345,-0.054119484048117984,0.0233744432032476,0.07526897988430013,0.07099352493536876,-0.04334325069921073,0.04193917327241218,-0.13627114323741923,-0.21506583347751715,-0.015140730312366164,-0.033884249703484845
761.0,0.09554192735682564,-0.18024328158105807,0.03045296273245869,-0.08403948668343753,0.034257124422840415,-0.1268074969016921,-0.10014723293343225,0.028138245308656513,0.10826771630758304,0.04943958104126172,-0.08112829640223783,0.019701320406538384,-0.15876477721160404,-0.23333723951138463,-0.008854507862514037,-0.056234026070859824
762.0,0.10366979696994134,-0.21361470422761394,0.03144322855356931,-0.10879980095347282,0.02951001109065088,-0.16082762734904024,-0.13856009324527452,0.03918117767803209,0.12092608727474936,0.028399623428944896,-0.09582159085792065,-0.000390577355382234,-0.1881243581161492,-0.22686584036542792,8.311712491393447e-05,-0.06456077266293782
763.0,0.0795299838417587,-0.2088558619077547,0.029312706336307965,-0.12031113267990481,0.028229899232993374,-0.16982973950063773,-0.1575447108190327,0.05126820812172881,0.11180847147802016,0.018809464468064932,-0.07797962533734981,-0.008716877726706016,-0.2096421000954706,-0.19017862510303024,0.012818691887553973,-0.05900990760247343
764.0,0.01849254503164939,-0.1641928968346454,0.019889806130893226,-0.1086990497072119,0.039281678301849574,-0.13601328826693468,-0.1474611388975522,0.059515391334895563,0.08171615312036541,0.028197592970616667,-0.0288987243960747,0.0035087990844753815,-0.20538580966943779,-0.12691396760861737,0.031044350248398585,-0.043663268889842954
765.0,-0.07196757973145405,-0.08519195793117064,0.0022099929065755664,-0.07062350468455604,0.0669197061648587,-0.052521883638238426,-0.10447004576651929,0.06097231656415232,0.03519818769695123,0.05633004566401759,0.04052948875731378,0.03925425640345081,-0.16450657734455665,-0.04766218862813942,0.057135728905038353,-0.023281122201924704
766.0,-0.1723920704073737,0.014885750236996138,-0.019814172803527267,-0.011276739160912975,0.10895402644553595,0.07281076203895394,-0.032913232224786065,0.05443303188099422,-0.019233768372888257,0.09428315226698823,0.11455283308546753,0.092431766743292,-0.08971948466080065,0.03380891999891337,0.09160427437828242,-0.0005069910229610042
767.0,-0.256635348292888,0.11672533715744553,-0.03893639525913317,0.05680898340123618,0.1572995163532322,0.21940368804078453,0.05528359554079355,0.039971615759031916,-0.07077732119930871,0.1280000029724378,0.1779286198728943,0.14938202771818646,0.004161198238485036,0.10398222808209445,0.12995009261596063,0.024457403800833808
768.0,-0.3007201369952324,0.19967371585095592,-0.04887680295199242,0.11719298848024114,0.20036244612754925,0.35890150018707156,0.1439880677697129,0.02002226232248432,-0.1089704374511486,0.1446057638260249,0.22004152305430305,0.1946266428484423,0.09712631612641327,0.1516519026580241,0.1628011355586643,0.05201663506357938
769.0,-0.291183134690982,0.2481335486982306,-0.048163413466409254,0.15438528506425617,0.22616145531411402,0.46131431398947426,0.21728535822530218,0.0010740557103341123,-0.12572567918251865,0.13773148743507224,0.23699114087833648,0.2169486872181538,0.17098416387929158,0.1692720863669177,0.179498981074729,0.0812068036158927
770.0,-0.22931971541498633,0.2559144437013767,-0.04022098523287507,0.1592000917174011,0.22563968513852461,0.5024110885522247,0.2634848044247346,-0.007187485371485994,-0.11633015129585791,0.10909480440927875,0.23137933330290678,0.21211108310062537,0.21365538595666597,0.1551923470642241,0.17219846527052332,0.1090250529860499
771.0,-0.13095923303405554,0.22628382932001134,-0.029924410330318077,0.13271990161793723,0.19601805131840322,0.47145702246567256,0.2778240002992018,0.0036978698283032523,-0.0808804329986045,0.06679074282278301,0.21059091422117068,0.18257518903575917,0.22112790978515232,0.11618550298321864,0.13903783024312813,0.13103259928108146
772.0,-0.022649319748652776,0.1691578707388301,-0.020099791039956346,0.08662381339283844,0.14311394580771172,0.3761204547395921,0.26318981487093207,0.03600913193207537,-0.02645090730042379,0.02228692521942781,0.18452367312123855,0.136890453465954,0.19818376898336734,0.06697327696898782,0.08637956962762611,0.14267384879463366
773.0,0.06569353171546459,0.09788546001858456,-0.010820733933282612,0.03890385478858176,0.08061028478379509,0.24157240972471453,0.22824297040088673,0.08389242589017426,0.032487589787135944,-0.013099376383381255,0.16240746008019025,0.08862404099493343,0.15764411446542015,0.02474695785026793,0.02871101015416116,0.14042637607245975
774.0,0.11048708593870529,0.02622347416531882,-0.001348326155358935,0.006657323199922113,0.025244269967709527,0.10293856427145825,0.18304042054592443,0.1348137647532324,0.07726409856436822,-0.032380429147725875,0.14863188797280943,0.05215681201476004,0.11641720614874539,0.0011291673621190252,-0.01574727554761429,0.12183435093882265
775.0,0.10276524053192274,-0.03442331310642718,0.007551078119322123,-0.00024843551188531666,-0.01021861457326495,-0.007123127206870484,0.13438698798137777,0.17292845786406952,0.09088547608389345,-0.03647341455332326,0.1399605369683471,0.03589620239991591,0.08839519336848067,-0.0029079310746956306,-0.03281440751154519,0.08521715142605056
776.0,0.05101323202491364,-0.07660119072373352,0.013056328950857864,0.018345394667907043,-0.022073931501923962,-0.07025630805658072,0.08432731966742636,0.18392573131770865,0.06465108821506556,-0.03419799428222567,0.12690970552910055,0.037954403627329436,0.07855461333465681,0.004709080449936607,-0.01892539295986937,0.03134400308489255
777.0,-0.02264858751635424,-0.09716104812677698,0.0119637528722787,0.05432901911030259,-0.01571856708414102,-0.08684101367325632,0.032536398883323124,0.16089022852753707,0.0034173798955172328,-0.03717648066234074,0.09886894174166846,0.04794116635412224,0.0826184811250958,0.014160509074226096,0.018270721571179073,-0.033125642911766146
778.0,-0.09112095579123697,-0.09724777340362842,0.0033693701755584775,0.09490235328391917,-0.0011781712245699687,-0.07124976947252033,-0.020379418181658712,0.10817374770774774,-0.07365836564956774,-0.05253886331282029,0.04997059461149239,0.05309874886593604,0.09099251301860889,0.02026459172762797,0.06543619361027485,-0.09456103152368017
779.0,-0.13270891323778866,-0.08181196479206128,-0.009749993601841391,0.12672135688856548,0.01255030892159276,-0.0424701218231646,-0.07184148528106768,0.039813240969211496,-0.13965771235574712,-0.07878252398636618,-0.01700744111480362,0.04449639562020845,0.09282005157030963,0.02396630202120319,0.11027252623377036,-0.13661562303544267
780.0,-0.13927635235503183,-0.0580655768157926,-0.021747948365477325,0.13976727165757127,0.020974954243536466,-0.015606376373322848,-0.11867137229135427,-0.02699490553922675,-0.1720306698828101,-0.10739108206573517,-0.09052398706476443,0.020551538768539747,0.07915872921296561,0.0291333381375453,0.14482597942202408,-0.14743198355194367
781.0,-0.11772825403773335,-0.03376000607181636,-0.027589716555486914,0.1301739727735262,0.023990544270545654,0.0027449329691649873,-0.15860834232973992,-0.0787354877868427,-0.1631616886096396,-0.12800796476564913,-0.15433553423813912,-0.013089549091393721,0.04618490845874877,0.038454033674932935,0.16507612351238474,-0.12497599713288693
782.0,-0.08350037465776722,-0.016336854934242438,-0.025225504675727005,0.10103002666032543,0.023254248940844033,0.014060456842108134,-0.19009448158509745,-0.1084881123396898,-0.12235871215080647,-0.1332114327996745,-0.1934643658377107,-0.04698750608147917,-0.003022834827173841,0.051393105758444343,0.1691928625765365,-0.0777880962876059
783.0,-0.05080096282668463,-0.011815271259086121,-0.015319539205028192,0.06072619542533325,0.019613408243091,0.02276636150556412,-0.21063136085490572,-0.11509860229652945,-0.06902274622936941,-0.12093568650908447,-0.19887508347054134,-0.07236342692870522,-0.05996024301602238,0.06458912141198996,0.15651255089431876,-0.021276390387281522
784.0,-0.026396221300817306,-0.022131717537935573,0.00025306309977193587,0.01978039988102171,0.012460377823206569,0.029906232677658955,-0.21548861657328428,-0.10205895378038524,-0.022700539480613208,-0.09473351152893282,-0.16950886153955128,-0.08391977784419768,-0.11382367106849577,0.07378348417168144,0.12772281986787432,0.028284723927382887
785.0,-0.009518660954380587,-0.042789311844290814,0.019214930539106955,-0.012310628657883757,0.0009166100139580284,0.03102647079528069,-0.19832256352909364,-0.07751506175188179,0.004553134456104618,-0.062133647509222935,-0.1117872010976799,-0.08078542582420885,-0.15359514377104602,0.07609219228957506,0.08537951349012092,0.05895847075230282
786.0,0.004075784742015762,-0.06357562599914521,0.038909816771043514,-0.029422175881598376,-0.014613236886433479,0.01991352382644418,-0.1542231681045106,-0.05284727696492352,0.011367093431627335,-0.031200795241587857,-0.03724199933933117,-0.06674449857368578,-0.16933397086536436,0.07139677972313706,0.03407935922360662,0.06563247813447746
787.0,0.017313075864825132,-0.07210214560624709,0.05621420888647083,-0.03011723286129944,-0.031848058474543486,-0.006326359086380856,-0.08415247478963381,-0.03795977663276688,0.005781569242587909,-0.006868254375262624,0.04035788182575842,-0.049393006125898906,-0.15427174297530208,0.062135354999035775,-0.019391767722624773,0.05000256586471438
788.0,0.029307973839671212,-0.05816713210988697,0.06765301492046862,-0.017501886471067374,-0.04728886019857173,-0.04554723114688733,0.0021718249612166928,-0.03625164430761266,0.0005269247670330757,0.010522059092327484,0.1075813086884211,-0.03707484828972097,-0.107683857852859,0.05163330125087442,-0.06641716461901181,0.01909832266349288
789.0,0.03637795347231849,-0.017886883340094,0.06999161862301354,0.002161925259611727,-0.057491377357936184,-0.09200023336190176,0.08798922783652836,-0.04393227634389522,0.00691174201182495,0.023911637325105643,0.15399931000304282,-0.03470902522354964,-0.03743840098860671,0.04188727941539769,-0.09897426747357937,-0.01718634661263659
790.0,0.03527611977282457,0.04344540516395843,0.061394126389011545,0.02109354544173805,-0.06000102800737251,-0.13829461585670141,0.15574751739522205,-0.05399575932475857,0.03016404022969136,0.03703612829000714,0.17466852129996963,-0.04161555588254237,0.03944471023144456,0.03243903059501828,-0.11339933476640844,-0.0493853197351196
791.0,0.026090633519673098,0.111811863362012,0.04260474860478682,0.03169351871411579,-0.05358943393661748,-0.17663943951483385,0.1939536903217376,-0.06081099478465661,0.06811031260201747,0.05221865616985326,0.17120866988924272,-0.05312460430130818,0.1003607270665434,0.02179849377465012,-0.11214378458836018,-0.07153697910547192
792.0,0.012611911737394243,0.16918379090795424,0.01733166283841964,0.028909338020889467,-0.03844998964435927,-0.19964885980609284,0.20015930911723978,-0.062128076926193064,0.11269501000101678,0.06898471440993706,0.1508761891982844,-0.06453804479677755,0.1249174639860647,0.01058147369196275,-0.10195832606834075,-0.0825083230066407
793.0,-2.0436207945615143e-05,0.2006096091160366,-0.008583712732286081,0.012676034897173581,-0.016921562127565754,-0.20110315912449586,0.17943998598579355,-0.058711156690353455,0.15309593536467703,0.08374724367774147,0.12392151676437799,-0.07408790551492812,0.10359964378154363,0.002842604928930228,-0.09030004672678839,-0.08514211565700006
794.0,-0.008162142518637481,0.20014704358607474,-0.028924329330656164,-0.011583133026714598,0.006025147423558806,-0.17667227645534223,0.14119149540546166,-0.05313916649631465,0.17994586252933673,0.09093157604944065,0.10017259941099618,-0.08279092137366148,0.04275864412998662,0.0032652288353498546,-0.08237235757068055,-0.08398402621363575
795.0,-0.01089062956200974,0.17285676508036796,-0.03903209514305424,-0.0355291508018045,0.02380855390634489,-0.12499836932006908,0.09633410975426393,-0.04824776390269821,0.18929052681950162,0.085944674493556,0.08616424779740091,-0.09205128131709964,-0.036793393544200186,0.012791130286136527,-0.07965896750289571,-0.08267606071909848
796.0,-0.00969216525952072,0.13218684991254473,-0.03743227613829347,-0.05222388321756292,0.030660390323687215,-0.049701825066088806,0.05500593757678594,-0.04513735982445803,0.18373145823240886,0.06891525066891853,0.08351721529301426,-0.10120220863005494,-0.10733396093283994,0.027195900970383206,-0.0796847583460217,-0.08243708517106527
797.0,-0.007463904983621136,0.09404437081837837,-0.02697762075037742,-0.059376734344504224,0.02404422322548392,0.03890939911153142,0.02462617979355703,-0.04176217767765513,0.17011773216329087,0.0461080459477319,0.08895691229046752,-0.10650998097088307,-0.1452137512922091,0.039293068412991135,-0.0774063360727511,-0.08260899191339356
798.0,-0.006877719222104878,0.07021499518364273,-0.014558129412607746,-0.05951862583626221,0.005888625815298257,0.12491200318026635,0.008525573157239076,-0.033699249766674426,0.15593131773060728,0.02703972413749116,0.09662494227678409,-0.10242182688181131,-0.1408620101064877,0.04215580044953612,-0.06905354263446671,-0.08235914067561817
799.0,-0.008214330822249295,0.06419211129865723,-0.008016458540952263,-0.05743466065014526,-0.017957584175388824,0.19098609621543428,0.0053546196495881755,-0.01737589402298201,0.14644633388185727,0.019063347873829746,0.10185783458011743,-0.08505906799302894,-0.1026465214371032,0.03173212912465626,-0.05665188150478201,-0.08149241597367515
800.0,-0.007892522295882352,0.07098331367775615,-0.011180876292999265,-0.05698155935108551,-0.04006056142704635,0.2234647453958706,0.009958478875413379,0.006086873585529838,0.14331484554663249,0.023314410094404513,0.10347549289441466,-0.05620223273843556,-0.051491746586747884,0.008607353870233779,-0.04886119050853273,-0.07959705532898904
801.0,0.0006608653642748033,0.08019401452702445,-0.02065419936504511,-0.05933154694843323,-0.054370116746380565,0.2160382793351815,0.01628842492509555,0.02940005878415962,0.1445987749232628,0.034790418503838454,0.10252647430149486,-0.024536637115494236,-0.00870093308232099,-0.02170241509150948,-0.05606709129657178,-0.07468719301222604
802.0,0.023618282974435297,0.08088056211393468,-0.027252336319424357,-0.06314906096760357,-0.058186097182005986,0.17137295356468624,0.021070621767502944,0.04191368154604649,0.1459990485521594,0.046362759385010485,0.09903313771093444,-0.0020600838818382095,0.015508631112237554,-0.050397955021901364,-0.08271396307625016,-0.06294591158807741
803.0,0.06297091567980412,0.06647484904665557,-0.02147272363884795,-0.06570997769093376,-0.05254409496818829,0.10050341916185669,0.025434439450562573,0.035357833850038385,0.14290095275253809,0.05365487580479473,0.09039061970754068,0.0025129538389750228,0.02546650551556144,-0.06841717450536784,-0.12215879914454952,-0.040536771459605145
804.0,0.1149486542344441,0.03728117419846622,0.0006589051546098498,-0.0638967360306032,-0.04135408400986034,0.020170739397922695,0.03302448964790924,0.008332917258078847,0.13255755848869724,0.05698950628323151,0.07293458017206064,-0.011562471465797045,0.033955362619043396,-0.06955580634726154,-0.1575969784793863,-0.007052822052188848
805.0,0.17133798527426222,-0.0009381183913980168,0.03534255438590989,-0.05508034319657243,-0.029511455238516827,-0.05145580984703596,0.046124549047470306,-0.0335300869990898,0.11515414678213129,0.059212348038636425,0.04467023722565733,-0.03742093626136098,0.051842783448576804,-0.05228599402091432,-0.16884707450214734,0.03212720489258351
806.0,0.22234560449759902,-0.04046643335053834,0.07305029685698591,-0.038418543864166016,-0.020566497204935853,-0.10008604326245842,0.06271093234859414,-0.08110126024363316,0.09285052401003398,0.06177839306831367,0.006932799471381763,-0.06470909866620574,0.081037665607469,-0.019938937279745793,-0.14167631082406934,0.06740453565760945
807.0,0.25909309623557303,-0.07425944294848531,0.10179445493463685,-0.01634625397473746,-0.015501142092513957,-0.11980728876820966,0.07636808242708097,-0.12636395339454845,0.06754360723200675,0.06217676234673309,-0.03545505798655481,-0.08452125275290671,0.11443222875938311,0.019731531256522425,-0.07534951537364355,0.0896712951239415
808.0,0.2750579497153668,-0.0971513442061152,0.1094968160649153,0.004958183530200513,-0.01346951925574612,-0.11410210138275072,0.07919765896531177,-0.16542017416391175,0.039351067757992124,0.05403568318144887,-0.07547301318988359,-0.09309877068480979,0.14053289132947022,0.055435322998856694,0.015498498632633131,0.0945720284284422
809.0,0.26715737589610106,-0.10693452202140272,0.08717708652859549,0.017275203337826426,-0.013335925518534185,-0.0930337751106549,0.06607071543613728,-0.1980391254483078,0.007092271730280906,0.02992960262600608,-0.10641487821343003,-0.09260103665313366,0.14838111568970552,0.07507573801300951,0.10635785934684772,0.08382871104433838
810.0,0.2366135427807526,-0.10535397915637623,0.034119394372664306,0.01391962039570728,-0.014565645186328802,-0.0686007016092092,0.03762000972315738,-0.22452394342791282,-0.029819620920394287,-0.014031843359246312,-0.124527466941391,-0.08802470748811175,0.1310569248411173,0.07047955843686092,0.17308059376987367,0.06387446796176241
811.0,0.18875334912344444,-0.0973946581685064,-0.03870654300920742,-0.00673901612527796,-0.017417106077607544,-0.0497259105319659,0.0002461396639637267,-0.24301478547710806,-0.0696053449341546,-0.07419671427004162,-0.13027947560746223,-0.08231355007909388,0.08862597411883483,0.041428874068931254,0.20121014709751767,0.04316326229628126
812.0,0.13168271901730214,-0.08840534021628571,-0.11167321572880756,-0.039902251403143386,-0.022745720978321317,-0.038162307523251955,-0.03649114872455094,-0.24937296722668847,-0.10751911829146665,-0.1387709461300504,-0.12751542293654242,-0.07380201429815961,0.030254943598742434,-0.003991952297378337,0.18987745349481575,0.028883566374055213
813.0,0.07453782958877543,-0.08119823899061489,-0.16519779428128697,-0.07568354826909783,-0.031134415879572462,-0.027586284462212642,-0.06329541079677645,-0.2390740836709308,-0.13654158878798625,-0.19157546839695244,-0.12146078963851413,-0.05779959328193264,-0.026890609234942707,-0.05282063411185812,0.14945667349619346,0.02385219031657269
814.0,0.025421732263458573,-0.07552880460940489,-0.1882834862602184,-0.10227777856021822,-0.04153442743916228,-0.007528940315029159,-0.07387724734555409,-0.20958958573359987,-0.14932786652894733,-0.21844305510904335,-0.1175016597994911,-0.03037657324323255,-0.06333804005341033,-0.09203779239528496,0.0955264448429233,0.025356595190602838
815.0,-0.010714824490585457,-0.0699239931973911,-0.181607511132518,-0.10994994170621247,-0.05085211586734061,0.028724988653711394,-0.06653867526017451,-0.16253564484273253,-0.14170993504122625,-0.21330706925820775,-0.1211640336906388,0.008095142339366198,-0.06577742033396533,-0.11262604027797535,0.04274714012058644,0.027010710091348634
816.0,-0.03294710916311791,-0.0638286712390043,-0.15423516702506465,-0.09484879469740201,-0.05562596975523463,0.07672944976706154,-0.04453250291603026,-0.10488822020909276,-0.11666048208594229,-0.181250793966694,-0.13764354327270095,0.05106990150767523,-0.03460226773003453,-0.11190702946474404,0.0009166582535478779,0.022370272327038664
817.0,-0.04319344120948518,-0.058570449933426555,-0.11728820294608419,-0.06111632355226386,-0.05465415291255422,0.12025883795169777,-0.015175363761608883,-0.047913161468372926,-0.08502714149153545,-0.13662415989176036,-0.16956837696197377,0.08709495192335018,0.013646280456529176,-0.0936783554924624,-0.026455592828075514,0.008293790280727312
818.0,-0.04397456727582231,-0.057213194649647886,-0.07924654875079487,-0.01998994721872311,-0.05009763783799924,0.13957551218600697,0.012207172144601406,-0.0033269394579764546,-0.06063668379108544,-0.09633269895638623,-0.21386576225325485,0.10453376780528177,0.052179432096610696,-0.06630342603464055,-0.04153230513590167,-0.012903052620550234
819.0,-0.036874289947831054,-0.06369901148754543,-0.04519678138777193,0.014321113805618152,-0.046175529382244326,0.12321308426117596,0.029095059241591007,0.021674789016965998,-0.05316290966725269,-0.07170864651433494,-0.26027773290116746,0.09709342575495607,0.0568453584396681,-0.039871550657348195,-0.04982629308294728,-0.033302230767090914
820.0,-0.022515360753275076,-0.08113950732907767,-0.018456321568527747,0.030748840793587272,-0.046700639199184116,0.07491145508895304,0.030291486056788514,0.02769758407153154,-0.06445521936740682,-0.06405449867647021,-0.2939731398687579,0.0665890368947642,0.01882702998292622,-0.023281080286517087,-0.05664718429965143,-0.04235509740259385
821.0,-0.0016408239793013774,-0.10935942266033001,-0.001411656146936898,0.026390233701037602,-0.05298922577733741,0.01104694444660207,0.015076741320403604,0.022613152335836054,-0.0893740150311979,-0.06617192165117657,-0.3019192246279363,0.021741817227074065,-0.05044566032433166,-0.02144515487325153,-0.06387634184438684,-0.03215468890057754
822.0,0.023422008682248325,-0.14299283321440517,0.005536613424778219,0.0072223208305030335,-0.06312425118693439,-0.048955424236370525,-0.013051451266749057,0.017318829276671065,-0.11816292999751105,-0.06759158108033886,-0.2785484841321946,-0.02561029153184996,-0.12444208733328466,-0.03365175220176392,-0.069459543811609,-0.001762156428867421
823.0,0.04768747395563746,-0.17215329560454184,0.005153929191548111,-0.015765168060396052,-0.07294623265714126,-0.09169126593725208,-0.047468861574399106,0.02050213459253882,-0.13899150910196356,-0.05979877415258415,-0.22618427294564591,-0.06464756114118168,-0.17342862247832705,-0.054509149185119635,-0.07039011419972328,0.04167126096415841
824.0,0.06380378520186222,-0.186455297175565,0.002648523708734642,-0.03229728321071719,-0.07813954246496489,-0.11303879221572569,-0.08000714057348984,0.03555429447116294,-0.14174057554983838,-0.039726730528617166,-0.15137642306522242,-0.08840288717956385,-0.17716665368867782,-0.07689731633084343,-0.06655443185137362,0.08452377548104983
825.0,0.06395643113453085,-0.1803502384774554,0.0030646787486128145,-0.037400844787275046,-0.07622487154508169,-0.1166934887100948,-0.10294659251982065,0.060251903057070295,-0.12270261921660541,-0.011376611471876933,-0.06242475585437135,-0.0948901413234159,-0.1327856138548597,-0.09457313437280397,-0.06186305556402438,0.11049034122717581
826.0,0.042453767433761544,-0.15603916667042794,0.008562598171303528,-0.03306146555395571,-0.06747866538396345,-0.11114967153717505,-0.11129876860501232,0.08794052304977786,-0.08708424366370134,0.01516971758732777,0.029762023406850927,-0.08676684327292125,-0.05531417413597479,-0.10301774431377045,-0.062195747383705896,0.10654426066361201
827.0,-0.0018792089665963182,-0.12189979945115435,0.017554807316369506,-0.026367726161784358,-0.054229134562850785,-0.1060395189292275,-0.10474550070230547,0.10988940220066018,-0.04675487261982215,0.028357305660239786,0.11075004563812817,-0.06969510384750192,0.02794111330206627,-0.09911632468641916,-0.07249140120028663,0.06897394908786755
828.0,-0.06396021348705958,-0.08791129270822391,0.026308751078988453,-0.025182486244486508,-0.03906244055765734,-0.10790229141465907,-0.08794911109092994,0.11888161816941861,-0.014328370884723949,0.021886128299485448,0.16524988708655944,-0.050016527392803926,0.08703109604016948,-0.08118860650647845,-0.09426267196585834,0.00598042461756084
829.0,-0.1325261459410153,-0.06111378591651988,0.031720719034615236,-0.03377116642071751,-0.023417831110927437,-0.11702632041793706,-0.0684471299846084,0.11217458505192729,0.002638206343680295,-0.0007972967276024096,0.18268843028834472,-0.03291422782542498,0.10083485809256876,-0.0500230667129452,-0.1230134646472588,-0.06464245191141339
830.0,-0.1934336064240263,-0.042958208914599456,0.03342830809236565,-0.05036878051567098,-0.007280627498414884,-0.12755213974960838,-0.05300139501281378,0.09161382032950893,0.003629442785045942,-0.027696355605110013,0.1617127964186537,-0.021532742378099188,0.06575307446189091,-0.009523428393788754,-0.14644251040886794,-0.12183544800449582
831.0,-0.2353890295247331,-0.029046948455634585,0.03429375954328272,-0.06727192990563609,0.010408967474804024,-0.13083128052798038,-0.0442790105012324,0.06165505663691815,-0.007815628211488415,-0.04435937361006533,0.1105528093352418,-0.016604425578887066,-0.003765494928105138,0.034734280351210636,-0.1465063395042604,-0.14939813519348535
832.0,-0.2545008794624295,-0.011115667715375938,0.03897965294720061,-0.07342980969926405,0.030757236515725078,-0.1197800326781386,-0.039463609426484685,0.028026407679046596,-0.02909976911582642,-0.04057058528413764,0.0433817641098301,-0.01630316544884653,-0.08300062743223557,0.07820355877946931,-0.10692886382786239,-0.14236249470663168
833.0,-0.25439753037376955,0.019505731703162606,0.050896425288299456,-0.05900595220011144,0.0532918836550484,-0.09206122578390698,-0.03188903765550958,-0.0021366215785779854,-0.06049557794833991,-0.013800340392236416,-0.024816416682111427,-0.016543179149558027,-0.14701456922583536,0.11871380993261584,-0.02308739452958953,-0.10815054018643619
834.0,-0.2422702781840741,0.06790639795999166,0.0689548624509435,-0.02016159715156942,0.07473916232421066,-0.05085853557983603,-0.015583405623970707,-0.02061749882661582,-0.10204115938145887,0.030747907435211035,-0.08229765891778743,-0.012112244853876611,-0.17733629295837947,0.15532107393904546,0.09219114608141689,-0.06176048948608256
835.0,-0.22400705594815673,0.13207938936614902,0.08634033029970062,0.03832545701637128,0.08981178349746749,-0.002966371372849652,0.009892083631186783,-0.020777317877899243,-0.14869793751073493,0.08159539400236832,-0.12245855848803791,0.0012392101536426467,-0.1650058851745494,0.18606086999243518,0.21163833103096666,-0.017780423780063906
836.0,-0.20130604460299117,0.20149264774201076,0.09274536244118833,0.10393396005665574,0.09408227704757102,0.04433223474361905,0.03805960289543445,-0.0017129896971734098,-0.18881732731835604,0.1237381359422407,-0.14360906687810354,0.024551182930944583,-0.11226473997914246,0.20678721818213144,0.30394478355688515,0.015864528772577484
837.0,-0.1719289738011936,0.25935918780564193,0.07947956783683807,0.16029616627529766,0.08678264037435028,0.08533448317183966,0.059013009609811394,0.02936066996003362,-0.20800774902536132,0.14351546894936199,-0.14693022384569762,0.05468492449913835,-0.032766643786948796,0.21230454673770535,0.34525228887176745,0.03874185882312135
838.0,-0.13266576926039814,0.2886724697830261,0.04477006308469494,0.19251808853939956,0.07122475019645662,0.11629934184744528,0.06535599558477509,0.059064031172901606,-0.19609918722227046,0.13403054543459245,-0.13389376830308278,0.08524166907141582,0.05167088519188002,0.1992297764849793,0.3259522776446185,0.05380907007244483
839.0,-0.08342256759876587,0.27971696817494174,-0.00418764513647212,0.1919980966211257,0.05265582738075935,0.13537281044764216,0.056271275753250284,0.07328901148383542,-0.15304981635137596,0.09760238363947683,-0.1051515719761279,0.10855875882160886,0.11773359361037483,0.1681514941062049,0.251419134324072,0.06239356372764808
840.0,-0.03001799853761292,0.23479409371579138,-0.054057264797794234,0.15891835151878556,0.035316867627471264,0.14298083366079284,0.03720921584368758,0.06324831491391693,-0.09061730619670129,0.04380740090688311,-0.06134427331654153,0.11796460364552797,0.1477529498975668,0.12299073557564867,0.13883987175865145,0.062442372320399876
841.0,0.01686007909854654,0.1666381497210903,-0.0912970953452736,0.10146195468009339,0.020794606358337346,0.14173148969807187,0.01632977155388838,0.02991417840394609,-0.028014486517457988,-0.014643626863202955,-0.004467165046948276,0.11039531139990352,0.13430333735044797,0.06883354091835579,0.012270152954374523,0.05131301326953632
842.0,0.046801423393910545,0.0914080600180122,-0.10747169664660491,0.03261686421495224,0.008726544207932183,0.1345405918091391,0.0006918619603428738,-0.014821656537928595,0.017488515952640664,-0.06535002945592877,0.06134548774528056,0.08867296909966108,0.08165365146441421,0.011276584963482666,-0.1030210121087144,0.0304539062549522
843.0,0.055270198167231326,0.021342845543186623,-0.10122158825807752,-0.033422048951777195,-0.0009712528755247011,0.1226393633158622,-0.005722713004820852,-0.05161607448154652,0.03946715691029709,-0.09851503989135249,0.13003625418221496,0.061244972460646356,0.0049701001752061776,-0.04252229703098074,-0.18551836326377455,0.007506530638553093
844.0,0.04540941926508082,-0.03817347584838554,-0.07672711671523763,-0.08414447032052638,-0.006623457899961488,0.10692640059786625,-0.002030186499666864,-0.061153886267602445,0.04419200557216055,-0.10894260305569031,0.19473998371906662,0.03872722676100624,-0.07276383546790378,-0.08392097594362855,-0.22077538329626836,-0.0068013804119702445
845.0,0.02553765016722307,-0.08633741285222646,-0.0405792538590711,-0.11119687366117664,-0.00557837040159895,0.0917786456931225,0.0103594796522544,-0.03254533096581576,0.04414785656417261,-0.09780020270940921,0.2490913133061208,0.02942075511587505,-0.12672042980725112,-0.10556888564106913,-0.20390173043765206,-0.005478628358060624
846.0,0.004699916144431891,-0.12234348756952935,0.0005272236720619247,-0.11236899199335498,0.0035733195324561505,0.08534402654229517,0.02821357505284657,0.031194205912366,0.048459065158754706,-0.07308354006706358,0.28808348676223794,0.03586290874959605,-0.13810206090487082,-0.1049955244220941,-0.14179111527246024,0.009284060529934192
847.0,-0.01135791022710512,-0.14264394996615318,0.04032743243073288,-0.09189767759601945,0.019591336674843224,0.09335410976796057,0.04628517421426306,0.11332534600556812,0.057492377647294986,-0.04722060802518526,0.3079781115873542,0.053306463507622595,-0.10114490188685123,-0.08590328307718362,-0.05313635521086468,0.026789039732380508
848.0,-0.021905803416964235,-0.1424679492101649,0.07293097890864447,-0.05844517440054021,0.039086435799967005,0.11145924929019223,0.05758317522256446,0.1895457524851646,0.06468764341603792,-0.03144955610606049,0.30518959186001376,0.07118558031284393,-0.02600005774972294,-0.05614451140481953,0.036074183228239624,0.034339509609103556
849.0,-0.029791709939125995,-0.12021012783460187,0.09364266279190182,-0.021878908839798074,0.05770134878158567,0.12407972938120006,0.05571998533816225,0.2372458827703157,0.062192472108099466,-0.02975166240522211,0.27592184345592247,0.0776825742130714,0.06450038149676034,-0.024104023870385825,0.10054245973946895,0.02471774981947421
850.0,-0.038327169813080784,-0.08062375311179405,0.10041058228848938,0.009579694902546648,0.07083751125659937,0.11268189860465834,0.03861560208829977,0.24348505887368793,0.04547607187531025,-0.03669308690488122,0.21856029731869422,0.0652752464782361,0.14301590673097522,0.004275355320376879,0.12366374914257311,1.893035696675169e-05
851.0,-0.04900193396493008,-0.03404039637953488,0.09442515739545562,0.031181258827670873,0.07473061934468361,0.06802417699179365,0.010243216786276668,0.20871398987531994,0.015837279968979687,-0.040889159388575104,0.1372617803474929,0.034511546101696156,0.18732540280503485,0.0267071750723257,0.10297194919657214,-0.029746546356379192
852.0,-0.06089181538583372,0.007472188383987994,0.07895714510371032,0.042101476836822666,0.06820472414472102,-0.0030686551650613153,-0.021614335844411883,0.1453690582785141,-0.018652035332723495,-0.03181681107858371,0.04304218147098626,-0.005632267026478697,0.18823060298131084,0.04343039811344462,0.051280661402259446,-0.05176520814059902
853.0,-0.07086765759261518,0.034258299642892565,0.057123979280734045,0.04426650677724399,0.05349666844385127,-0.08115370063226574,-0.04970991344303146,0.07257145857697941,-0.04495415868706591,-0.005683208040024966,-0.0485853918818354,-0.04100812216414098,0.15261940977509342,0.05390793086979828,-0.008006798243179345,-0.05559613436290566
854.0,-0.0739437984881995,0.04178032944500149,0.030524681532149503,0.04037414057202027,0.03511333594316487,-0.14379780385447224,-0.07029301787947811,0.00985815642091425,-0.05036070382901071,0.03315131665242901,-0.12144236497481124,-0.058059547566766324,0.0986490969871066,0.053824149051816,-0.05067266176919932,-0.035769497634813234
855.0,-0.06447383291718417,0.03144320758057096,0.00011000569307407124,0.03260836264825844,0.017706033672975182,-0.17416823840270582,-0.08332624869745449,-0.02791749224040601,-0.028708368933966614,0.07535610223169811,-0.1623730051394511,-0.04981145800167964,0.04461175832819751,0.035879185020120594,-0.06255693754418756,0.0073193178447333385
856.0,-0.03917144996843772,0.009672247831009048,-0.031649490337464406,0.022564826578194894,0.004310772076885336,-0.16570571883616136,-0.09078487661706086,-0.03409367869873204,0.016322746884281092,0.11144590032003479,-0.16459518263586906,-0.019169416014566756,-0.0006165985409668224,-0.005054027270581507,-0.04585520803070742,0.06636468925960243
857.0,-0.000813207028991374,-0.014336240914671342,-0.05972761114142766,0.01162678720276854,-0.004538866646138139,-0.12364895804614608,-0.09408319539791209,-0.011497186479686087,0.07234688120991226,0.13508939027829586,-0.1308834474119376,0.022457469054658938,-0.03850088336949682,-0.06612983454355298,-0.016416974167915873,0.12694309826961292
858.0,0.040777106729919944,-0.03190470693277319,-0.07798048893145366,0.0010565941411261393,-0.010617292859799387,-0.0633327038651564,-0.09204069445677439,0.029512861207844174,0.12272980213195482,0.14369880205325788,-0.07523025137941557,0.06069986805281189,-0.07417317126714654,-0.13484773861970376,0.006874094736987366,0.17072759979488358
859.0,0.07244285529925241,-0.03830916317137394,-0.08212657923058533,-0.008011580463126198,-0.016719799041919132,-0.0046548212738385985,-0.08139126864208114,0.07568126245991673,0.1524967183487818,0.13721160460469844,-0.01977403089216839,0.0847611450439725,-0.10927035792802131,-0.193074717443733,0.013270755982360377,0.1822416355922111
860.0,0.08398519763763752,-0.03406122069344413,-0.07206344050496635,-0.01431644341081344,-0.024956813253153846,0.03552854197976231,-0.06003932712367006,0.11570421061886253,0.1539483539430985,0.11707601414490429,0.013769467252268717,0.09102201052965077,-0.14023955007756328,-0.22420236527079293,0.004684101822147155,0.15586234890591938
861.0,0.07291578561625364,-0.02276656862517977,-0.05161067574438306,-0.0164060053621099,-0.03547873117831913,0.04916402724979211,-0.03021731833757582,0.14320069916460082,0.12993380988973088,0.08674346296052268,0.013456830077860416,0.0823691476809994,-0.16202994714864746,-0.21951006726648553,-0.007632213692419929,0.09883261101734356
862.0,0.04518244870399715,-0.007602734591456523,-0.025507887352545586,-0.013381978047902523,-0.0460419891073194,0.03797809782559309,0.0013566693030481825,0.15744518180257525,0.09274152640890584,0.05303652733381401,-0.018505331086269842,0.0652922397884612,-0.17194558042582925,-0.1814070285925268,-0.010746665018592174,0.028213264344270905
863.0,0.012231690878214366,0.01030998761481321,0.0038294237836280767,-0.005967510072095636,-0.05255304429539541,0.010084980774676157,0.02615266207624715,0.1623979527584979,0.058602671543263526,0.026215396494644525,-0.06796020454419972,0.04719575055643527,-0.1694886197819284,-0.12258532090681223,0.0026791657825988423,-0.036331815167196684
864.0,-0.013459982000551863,0.030465107517423796,0.03642118192107891,0.003296269544169802,-0.050443963106106125,-0.024778807386163868,0.037273399124410064,0.1646509449587362,0.04094040631418116,0.016972110388953174,-0.11554600947434672,0.03455011218098867,-0.15376414558174503,-0.06074562226414632,0.031370205727052146,-0.07952188830278914
865.0,-0.022375684736000746,0.05040445918142124,0.0715544925333236,0.011161577318320388,-0.03643901661185053,-0.05880095834486395,0.032246920527073966,0.1707186334460123,0.046112856367182306,0.03117619187628011,-0.1447567841659556,0.0315884283063832,-0.12254956450232218,-0.011169429783212462,0.06702150000843014,-0.09415927049665915
866.0,-0.010621761854421879,0.0653448933963608,0.10500151593606968,0.01539421583618186,-0.010226078895527376,-0.08781666872316787,0.01431239130844064,0.1840116174518182,0.07252650244910379,0.06583016720611116,-0.1478471268733401,0.039597575654002855,-0.07415703653619768,0.018335249112407505,0.09749417302839956,-0.08155156685124948
867.0,0.019175283358755756,0.0709477526020678,0.1297326492453555,0.016086530769493224,0.0246591800199308,-0.11116080932023531,-0.008659819383301532,0.2025606878945632,0.1117964227966442,0.10959221959759025,-0.12701601931009449,0.05698940347070682,-0.0100451577720682,0.028250648157940476,0.10979501552216696,-0.04990746598327996
868.0,0.05941004844712617,0.06645301374993963,0.13948305741744924,0.016007891001353847,0.06157078120924063,-0.12940369165934318,-0.02757662113211057,0.21912963186351656,0.1516258332845925,0.14812070874563044,-0.09113625461754175,0.07987931108495973,0.06430485393524914,0.02585196453236169,0.09369632503423712,-0.011378183604183432
869.0,0.10088111509113713,0.055294839596684145,0.13175646789205436,0.019821110163828395,0.09312552544213605,-0.14131748602213515,-0.03627549151460593,0.2242479647130148,0.18047149854341177,0.17103767790499042,-0.05110163367789906,0.10275978827256291,0.14103282568818432,0.0225434248253175,0.04617872444975356,0.02205265493502276
870.0,0.13556387107394838,0.04343058847525483,0.10771806412992242,0.03199908098780297,0.11390908742619912,-0.14264831242664197,-0.03398890105621462,0.21083037484067202,0.19172591924633617,0.1762000628433275,-0.01659432655265065,0.11950837631986391,0.21242576831328608,0.029176564607914866,-0.025145273118596177,0.04290789464828985
871.0,0.1574687414857457,0.037033247485173,0.07055754404286627,0.05394271230909214,0.12198139950711118,-0.1273418122648408,-0.024511717287343585,0.17787488655771427,0.18452220787271534,0.16887760926485865,0.005865708688186756,0.125136397193301,0.27208628961902104,0.050488418064744967,-0.10204311859021124,0.0503906720556426
872.0,0.16308803664109803,0.04027073067009915,0.02551696364760099,0.0819914196684243,0.11866262034617821,-0.0898830848142879,-0.012662425040091366,0.13080994814108285,0.1614620146640428,0.1570657475411911,0.015021087107224615,0.11745093174053267,0.31415138895481665,0.08263351343363089,-0.1606579885479972,0.04860904284809625
873.0,0.1526467387096303,0.053664003569151665,-0.01915178812407707,0.10787036293169976,0.10717015854949068,-0.02794596510012155,-0.0005512991953072269,0.07808471785867246,0.12634106621733926,0.14654350294503088,0.01609964703289158,0.09725992693354846,0.33168685046661267,0.11576020345115151,-0.1800462231711832,0.04273355039733173
874.0,0.13085785954085485,0.0739691633869791,-0.05351006121429452,0.12150417130542662,0.09117567195071417,0.05501970319848347,0.01364233865137134,0.026793465266944066,0.08407107589887639,0.13841373633909856,0.018561239042868646,0.06750138781341052,0.3162536410450482,0.1388905188433693,-0.14985715334155103,0.036799392360115236
875.0,0.10557964536162055,0.09566300163554817,-0.06972887293887144,0.11491542962542685,0.07379995736485724,0.1483688840297406,0.033419667387620554,-0.019138942237534897,0.04174416839020588,0.12948286021232766,0.03089626867823051,0.03270697886489736,0.2606815630586524,0.14358203563797906,-0.07407190864041176,0.03387398404648888
876.0,0.08467659810947398,0.11251278152892484,-0.06569240949362767,0.08584384327927097,0.0566536931775533,0.2349187666194803,0.059731100482116606,-0.05827680935654954,0.007750421734939376,0.1144837908225906,0.05615846643307863,-0.0016106523286766835,0.16485399101675008,0.12592403652454803,0.029099791827163456,0.03618152756862705
877.0,0.07272373342084901,0.11813697402899215,-0.04616507588357023,0.03969631686945305,0.039176743098453246,0.29411027291464437,0.08802128603110727,-0.09132674935258571,-0.011909269828376007,0.08886386920883442,0.09038204316641452,-0.030796359481995616,0.04061954705564273,0.08768437427721308,0.13098545832238506,0.0435625885295329
878.0,0.0693222035280354,0.10687018214909294,-0.020809067376829256,-0.011507134860625627,0.019619098834517682,0.30851600121338535,0.1095224208115706,-0.12123185939510499,-0.01694050913903916,0.05107479353681061,0.12352378896331188,-0.0527624772727507,-0.08833394694563178,0.03622895114005373,0.20037207140352975,0.05149589969594264
879.0,0.06996087850518354,0.07639977631450046,0.00014541336062720434,-0.05309948950327802,-0.002320871439599862,0.2725693513780983,0.11647554245338049,-0.15117880065269595,-0.012708813858431848,0.00393871340455626,0.14301466094010504,-0.06738195932503115,-0.1921206275075835,-0.016990020481298527,0.21378689413357996,0.05144826605556942
880.0,0.06869072427363868,0.030523650039592364,0.01055576610397908,-0.07280810382020232,-0.023633579525731443,0.19786580728210487,0.10726995934035692,-0.18114374290876048,-0.007605254289493285,-0.04520220138962248,0.13994023565249508,-0.07448721529359661,-0.24356205042274304,-0.05875520615760851,0.16388330347720612,0.03472950720151843
881.0,0.06084862426261998,-0.02115070300699858,0.01081973099651754,-0.06498379018869714,-0.03919668119307856,0.1092455610683092,0.08739919755117967,-0.2070783225438009,-0.009857084498218146,-0.08637755199290222,0.11483269050919948,-0.0734187481598331,-0.22774576381607645,-0.07731214308374908,0.06234135754505681,-0.0024225816458241416
882.0,0.04471968453778551,-0.06713114401928412,0.006324017549851884,-0.032923744146709295,-0.04532056001017434,0.03238493048933316,0.06545209497106598,-0.22434437878172767,-0.02395361776068714,-0.11089711219743034,0.07863242311736918,-0.06500774561032231,-0.1491249887466731,-0.06657509341492653,-0.06365180926604,-0.056247385376644254
883.0,0.022058030809833755,-0.09871984228014336,0.0027051892382270546,0.011564630521345737,-0.042569360197862116,-0.01930356746212837,0.04724873518883561,-0.2321589976725459,-0.04708923998413157,-0.11502350551622831,0.047602901634129516,-0.0537006856909386,-0.03215291218025217,-0.02951621708766027,-0.17982462784387807,-0.11689484137107808
884.0,-0.002456424459815299,-0.11231266011291935,0.0014967302487017466,0.051863117812515534,-0.03569144612444575,-0.04925859316177998,0.032809616470933486,-0.2350153715157952,-0.0689360396680181,-0.10103959234834271,0.03548590645144948,-0.04675150587640714,0.08656419445979835,0.02190484127448594,-0.25555896494825026,-0.1723237283891925
885.0,-0.022711631332801765,-0.10891179234484569,-0.0005689005418275178,0.0726045712653245,-0.031233999716767352,-0.07113202992989424,0.01837179706509378,-0.2401677477017447,-0.07717757152289145,-0.07589579018926802,0.047644718511913056,-0.049930737682946376,0.171444709549104,0.07104448259655165,-0.2739690673161166,-0.21216460286066585
886.0,-0.03306281527162692,-0.09244438521529591,-0.008582722606656448,0.06546891398388249,-0.03473779593094633,-0.09736074577467028,0.0014090409498107093,-0.2530456636761167,-0.06538185494018611,-0.04899867297044068,0.07960613500028144,-0.06292983541130685,0.2004070490418568,0.1028225926056872,-0.23756029165287332,-0.23012959240759037
887.0,-0.030045398972583053,-0.0679634194336182,-0.025639596851056143,0.03202235720078859,-0.04857569452130374,-0.1314693281605578,-0.015566713674441035,-0.27328761434758786,-0.03703502242913566,-0.02965561233153587,0.1194856400576389,-0.07859259060733638,0.17172544691564878,0.10852209251730856,-0.16629148569929725,-0.22474698942055218
888.0,-0.013612767727393775,-0.04002107612921022,-0.05081422619521722,-0.017188676412761752,-0.07062343908428777,-0.16701183355598945,-0.025689619147507604,-0.29363710379563696,-0.0034194881481731353,-0.02413911047010305,0.15277540019556501,-0.08689417953444259,0.10241883113381188,0.08778881967479168,-0.08814081939135864,-0.1988245206112031
889.0,0.012228778351816101,-0.012006760316915712,-0.07932382591968053,-0.0663855315443089,-0.09437708412849007,-0.19146903746596192,-0.02273836656666084,-0.3023048839680643,0.022104921941979987,-0.0335001290247855,0.1674808786499499,-0.08091746844874724,0.018679010479807096,0.04856390980682525,-0.026502872220106437,-0.158233833575845
890.0,0.0396015889537156,0.012796823754485221,-0.10451131244247126,-0.09987748694044878,-0.1113424735840974,-0.19307998186222552,-0.006416398488051858,-0.2878777324539361,0.02935781668491863,-0.054096691203095425,0.15726798508432768,-0.061438607511593156,-0.05647688012164785,0.005021530857760828,0.008824674976394253,-0.11022348362654363
891.0,0.05841968094087899,0.029614476449513493,-0.12138632091283977,-0.10744612231029535,-0.11496115373453368,-0.1677513936053612,0.01666897449520317,-0.2454009013837234,0.013608157877386725,-0.08131990051796235,0.12185087969861824,-0.03775042258736069,-0.11124478316110618,-0.02734663229702601,0.02264077155424759,-0.06124590325427995
892.0,0.059906895394420845,0.03256938722653652,-0.12930872910597319,-0.08773076662639676,-0.10369186078790649,-0.12168738109676626,0.03704654120982174,-0.18095230028017198,-0.024657232552566678,-0.11375493161995934,0.06595075069331657,-0.023593351085017374,-0.1451170913619816,-0.03831698165057532,0.028620457638676013,-0.01510548790261012
893.0,0.04057478264284037,0.017723938597766647,-0.13079194883023906,-0.04814279664336871,-0.08138811858864779,-0.06839825759092727,0.04775844212479652,-0.11084884257383924,-0.08033022344421377,-0.1537126530287281,-0.0018598710265042317,-0.029798545766231265,-0.16329274039287067,-0.02741484544918958,0.04121184880834304,0.026997647173727816
894.0,0.004140735920217508,-0.013665517393305189,-0.1278307656642767,-0.001787934417272613,-0.05520924597179184,-0.023457015692431134,0.04710068168161175,-0.05467127929922076,-0.14398665789871148,-0.20336555953987195,-0.07049445214606694,-0.058279681818906436,-0.17038939441076886,-0.0035290347516933455,0.06848658697819068,0.06390702339349047
895.0,-0.03990583027385384,-0.05448962393458499,-0.12012395052512698,0.03694526309816605,-0.03281315579182966,0.0004129358878479372,0.03813752040340411,-0.026587288294754003,-0.202933088092341,-0.26019351880172714,-0.12822769248813604,-0.10148088636136775,-0.16672773619341047,0.019641527326502747,0.10809346803236584,0.09136658796969835
896.0,-0.08014687131073886,-0.0941536042682764,-0.1064950901598483,0.05671190488340152,-0.02010813777869138,-0.0019883692024478656,0.02647315698602834,-0.030406687294611455,-0.24344406999079532,-0.3156579283274404,-0.16452011254033286,-0.146884048979737,-0.1486131606800159,0.029638537650416907,0.148070375496566,0.10187417464358928
897.0,-0.10729008148939731,-0.12245991779196083,-0.08701717579974098,0.05222389774439753,-0.01966729206910108,-0.02568704381389662,0.01697851516559059,-0.05994697203615859,-0.2539436703296997,-0.35751750419943035,-0.17135509001064095,-0.18245863709428753,-0.11272375834163474,0.020327371701484288,0.17241268260409504,0.088881427449055
898.0,-0.11662431190179119,-0.1332922426075639,-0.06344030550908772,0.024976630271902195,-0.030035384562279485,-0.058293244443034326,0.010158583286563947,-0.10306244726716221,-0.22900373939820692,-0.3739136918468273,-0.1453064175618659,-0.20013519578076822,-0.061830103947859975,-0.005779268617941232,0.1685317668387914,0.052251589926975255
899.0,-0.10842348639766428,-0.12671478932661634,-0.037699687887961436,-0.018103377086099052,-0.046474294503302774,-0.08733345200566796,0.0004059417072624611,-0.14695020531432387,-0.17268254908023256,-0.3575577107713517,-0.0910191610461702,-0.19772845234940664,-0.007420567066319833,-0.038989568222594605,0.1330990288231843,0.0007777742261893758
900.0,-0.08687186615023601,-0.10854206016185253,-0.009908626412583714,-0.06693913434080383,-0.06290521612688971,-0.10656841701624219,-0.021671724598644238,-0.18208813051594774,-0.09828071822599689,-0.30860671106199944,-0.022975279747446203,-0.17961700794904192,0.033230851681043706,-0.06703770328822148,0.07398128177077334,-0.049547563700781706
901.0,-0.0583966822396534,-0.08744127916057787,0.02192432148248254,-0.11074611161926003,-0.07416323893631595,-0.11693079559893,-0.0633098351591276,-0.20296650639172786,-0.02366175752159004,-0.2348453697347648,0.03849833782274426,-0.15451901868202622,0.044884612872409226,-0.08028811140225142,0.007384310817913961,-0.0806371894396835
902.0,-0.03010868312809217,-0.0708304854908134,0.05896144816127885,-0.14047921915612957,-0.07768343005457679,-0.12271450163039731,-0.1233986489135933,-0.20669925593237726,0.03520436550603181,-0.14882846254977747,0.07561683027666843,-0.13060098787441646,0.02328378772335295,-0.07522301949960346,-0.04839417707985331,-0.07935208876177831
903.0,-0.008335498027110894,-0.06140048973176167,0.09730930978538123,-0.1508846057054288,-0.07382542086756633,-0.1262511019826719,-0.18991135973288215,-0.19234185807156234,0.06913745332704493,-0.06326487640450414,0.08007387021385129,-0.11164382144263986,-0.020835757640755237,-0.05566672870450149,-0.07916140539391515,-0.04353425195766464
904.0,0.002929251909897664,-0.05579574568788612,0.1272156296413901,-0.141479887283338,-0.06457155779721864,-0.12379419584339806,-0.24267118864345089,-0.16134738499679596,0.07749775253917879,0.01293499160163792,0.055100170239709284,-0.09666566557959376,-0.06679052348577141,-0.031432389873298716,-0.07822128536204816,0.01682771030561062
905.0,0.002911701435636489,-0.04639208099315988,0.1379678559210708,-0.11615430711006795,-0.05139277441420288,-0.105343990341336,-0.2606503975628734,-0.11706739394566194,0.06666945929873287,0.0756988901855959,0.013236674973246248,-0.08153026957390709,-0.09552399473816174,-0.013678843259912686,-0.046547335707689,0.0844194014869469
906.0,-0.006390209740017814,-0.025881260078546915,0.1251171918456567,-0.08153811184930723,-0.03391286556571743,-0.06032287634630518,-0.2310051671893764,-0.06322856606143468,0.04591384077152231,0.12370926244669321,-0.028972491234853764,-0.06094622266368367,-0.0996937765653894,-0.008535554729200357,0.008812558494312424,0.14210635510844324
907.0,-0.021166096063851444,0.0078896928411639,0.09410683209333526,-0.044753152101383926,-0.010788848500518736,0.01378537187761,-0.15547804860009848,-0.003788172550001351,0.02277462727276973,0.15559817406464277,-0.057795731130498254,-0.03123410845993599,-0.08546416525045901,-0.0135242220904322,0.07585137312928653,0.17808915213467516
908.0,-0.036272979546230405,0.050221240290834,0.057429529646764725,-0.011561204646914798,0.017526816326802926,0.10647896785443361,-0.05051418798937975,0.05562284903671943,0.0012890555807464187,0.1692367910270722,-0.0675655300933908,0.006769549997718529,-0.06559309337147806,-0.0198561321356649,0.13756381007835258,0.18632714980753354
909.0,-0.04566078175526115,0.09195296084737722,0.02785632065725921,0.014571986581851553,0.0467033946226578,0.19678286838368322,0.059004802160076746,0.10735303034904801,-0.0162723526374126,0.1635159875403189,-0.061809646170225156,0.0474483932044995,-0.049370464243939045,-0.018329906947323588,0.1738330380349939,0.16462602385976668
910.0,-0.043629796810949625,0.12379558263443055,0.01291958640504826,0.03283833566227358,0.06968340795771061,0.2614812853449178,0.1491056425274888,0.14377528146657886,-0.027133345128890457,0.1406222342565149,-0.05027469075963179,0.08392661633193142,-0.03683133313305095,-0.004028155939258213,0.16873507048690145,0.11467031715511736
911.0,-0.02699626886661897,0.139825747795377,0.01358149114374312,0.04502993337784314,0.08055874852659577,0.2842848147285001,0.20464008231327707,0.15999836445031146,-0.027893848554978902,0.1069061828949641,-0.043783428524496154,0.11244482224833952,-0.021013422366931128,0.022004994745625506,0.12018529289586978,0.04460326273909925
912.0,0.0025548676918831525,0.13879053426600013,0.025905598602498536,0.05469148009343492,0.07796241313618398,0.2614944582581187,0.2222761204118501,0.15524371897691802,-0.01626644395759452,0.07170362979900034,-0.04926369039156715,0.13367672318919957,0.004891035252272062,0.053152087609879266,0.04318668417877587,-0.0301343899365643
913.0,0.03741129867231915,0.12335069826094024,0.043141394664537445,0.06540483660532559,0.06559687698616148,0.20243538820575882,0.20822594659917693,0.132779575091788,0.006955256042168515,0.04431269477601252,-0.06673245972963525,0.1503317273557604,0.04211207820360068,0.07939124936562575,-0.03731658836053061,-0.09136553256830118
914.0,0.06593106390670178,0.09820693976388939,0.057574464366425666,0.07872258497744095,0.050156308260711754,0.12595101862209873,0.1735446196568398,0.09914890467666002,0.03701323376584634,0.030498768336756178,-0.08926606188032007,0.16369194705323603,0.08597544027493308,0.09106014134699995,-0.09824224675943492,-0.12608699141626212
915.0,0.07724113241818915,0.06848643060684244,0.06307840279170647,0.09274054326777982,0.03807524995047714,0.05422553161725269,0.13000523548961734,0.06249084640899777,0.06610513681900386,0.030700026411379075,-0.10629544301922601,0.17191174918689597,0.1289490079940475,0.08227163924119144,-0.1266963002809289,-0.1320343641126098
916.0,0.06644831425605736,0.039542780301017294,0.0579444689054814,0.10244655685043202,0.03237253253858337,0.004292913526575956,0.08759886820276368,0.029666700475849486,0.08598435019576758,0.04097103070602218,-0.10917017247370048,0.17094320606664898,0.1639327359111131,0.05199880361567837,-0.12216196843495317,-0.11725065982151661
917.0,0.03719818213078726,0.017899591315103363,0.04587895772754342,0.10210829000181035,0.03097205145010633,-0.019275001002530105,0.05332887304840699,0.003819009759087044,0.09117007997569784,0.05558888442829045,-0.09611640591204788,0.15702071192165112,0.18614304590515354,0.003187075385577681,-0.09443388478886819,-0.09451301085215374
918.0,4.005602961737135e-05,0.011238042077113016,0.03429397713096946,0.08850742335557965,0.0276168267460889,-0.024164549337413414,0.030626004122746867,-0.01521070263302546,0.08076476077658279,0.06917233381937607,-0.07360192650812013,0.12888759391883411,0.19330668935345818,-0.05788494286771153,-0.059238845176624505,-0.0744833206015329
919.0,-0.03253529011621991,0.025450597008027744,0.030971694307267556,0.06316703548803948,0.015153170857789949,-0.021792719923039026,0.01903883906450829,-0.02765687368350956,0.05738503495426555,0.0773777421712042,-0.05331771637955056,0.08860453299226764,0.18486841116461614,-0.12066100499302675,-0.0327260443984217,-0.06140404308889773
920.0,-0.0515093781651621,0.059847868646337454,0.04014842023800656,0.03218698895761914,-0.010212554175496142,-0.018538017173977146,0.014772245945589738,-0.030874885002331286,0.024679951368784973,0.07737819584393724,-0.04644376906576693,0.040964357830610934,0.1613166891658174,-0.1699246044138327,-0.02638635354619969,-0.05270317885553528
921.0,-0.05438245268227051,0.1045669053104876,0.05939131155301575,0.0035811763891996813,-0.04564552529648394,-0.014154611519677554,0.0128125288569528,-0.019586771679484465,-0.013469073953021927,0.06917420807624254,-0.05803484889474133,-0.007831251814358743,0.12373614685205757,-0.1897261679377824,-0.043604364018317215,-0.04166644286775485
922.0,-0.04496870132885532,0.14324816968986062,0.07981580808825454,-0.016235387056012768,-0.08143191378924404,-0.005607748977236082,0.00967172060454644,0.010698469635931164,-0.05189234240756374,0.05662186335414399,-0.08452038305527906,-0.051631047486032304,0.07285911626458684,-0.17094091355952004,-0.07836587742292163,-0.021749798807511253
923.0,-0.030701340789736468,0.1598203107468368,0.09035439677302397,-0.024387968569049734,-0.10438109818893047,0.009508143604152598,0.004601722367582871,0.05936036777985787,-0.08402677487064192,0.04617625338417346,-0.11590581589673576,-0.08553119084547572,0.008320794365095837,-0.11656276182221335,-0.11708765898999118,0.009256717742922058
924.0,-0.01893424617332357,0.14529856869613827,0.08308118612511294,-0.021047243498422102,-0.10314701879477899,0.03150303716103737,-0.0010454841527037732,0.11816069641682032,-0.10405701780432809,0.04299745466631665,-0.1408540345739443,-0.10641761685213899,-0.06944120710573037,-0.04064791037787821,-0.1438221629099355,0.047539903931119225
925.0,-0.013975139355940254,0.10122912316549426,0.056268238904297545,-0.008100922907806424,-0.07299907738368606,0.05747946995266348,-0.004760453132788174,0.17289758960099763,-0.10974150632700513,0.04707497083215722,-0.15100311549177195,-0.11298117294213944,-0.15480675550898984,0.03731917728504786,-0.14662370913585818,0.08531672721191257
926.0,-0.016041906827711568,0.03856201649500054,0.014297378492639078,0.010899145806164544,-0.01858943037562037,0.08098879410474404,-0.0037053119850905744,0.20931579008245182,-0.1036566828420419,0.05323894427161767,-0.1429211252131587,-0.10601522758446896,-0.23473652709012968,0.09867866388241348,-0.12200836408722686,0.11525223061826113
927.0,-0.02229168141815448,-0.02747697261958983,-0.03473803718813537,0.029652286808922998,0.0465275597124397,0.09403888657523371,0.0038809088262670554,0.2198317932777987,-0.09136729292978119,0.05543234129035574,-0.11828657828704216,-0.08870609586067207,-0.2916640420040461,0.13049329606059337,-0.07563768897510453,0.13416795099131185
928.0,-0.029148294482257794,-0.08390186445880167,-0.08200700695120083,0.039395546361625636,0.10456169917402253,0.09041764834507984,0.017309380382437914,0.2068105384453908,-0.07734488905093653,0.050784893531594814,-0.08299984618603853,-0.06549958381627007,-0.3092644964040344,0.12878032620958973,-0.01913976058798114,0.14345612093737714
929.0,-0.03437690755315904,-0.12426383270222348,-0.11987288935838968,0.03224810769535041,0.1405117238213565,0.06791138208149476,0.03328070770264992,0.18079886274660734,-0.06210960113900746,0.039760415270343435,-0.04554005488815772,-0.04003283683544648,-0.27851139573795664,0.09934692664703258,0.03476369180897168,0.14588995985627992
930.0,-0.03752126038512702,-0.14897476445213287,-0.14271756940823724,0.005935551382568506,0.147495044106657,0.02919393267576924,0.046543891257741825,0.15493993291725422,-0.04320862711901019,0.023923656646797117,-0.014431042440874472,-0.014404341387954751,-0.20332059954073092,0.05526456512989718,0.0759026785766811,0.14152368408081623
931.0,-0.03896802530115675,-0.1626248610536543,-0.14751230751579156,-0.03378384217369292,0.12792913575979645,-0.017837782804163503,0.05044991923311727,0.13853923498906887,-0.01882133069590149,0.0048629643898165,0.005071841997318693,0.009831898512685263,-0.10294615000802149,0.011455066008407908,0.09823613811945302,0.12633583355700495
932.0,-0.03910694843799339,-0.17038192963846213,-0.13445366133065834,-0.0752459729010806,0.09099541067858694,-0.06161348863706531,0.03792065178020985,0.13354045010059162,0.009458290135376655,-0.015206267198228944,0.013372367127059139,0.03079850430166554,-0.006709998850816951,-0.021384521232984958,0.10035196780427734,0.0947980691483987
933.0,-0.03811347657949338,-0.17527762948275152,-0.10718153179515158,-0.1062969079224201,0.048186825796391976,-0.09175468018127143,0.0038120391719962707,0.13560720544046345,0.037077712410822576,-0.03303240963464943,0.01603890513943482,0.04653359218741974,0.05811938876145202,-0.04040008648750507,0.08539340276090741,0.04450126203530292
934.0,-0.03570689732382296,-0.17726808040979755,-0.07195315006258089,-0.11929052796964912,0.009147718117499688,-0.10436577050890349,-0.051968764587041964,0.13763581039807732,0.059570718561383476,-0.0450188919658076,0.02088111876146412,0.0554923990599701,0.07768252463515063,-0.049423378603836034,0.060131424345057465,-0.02005232227431334
935.0,-0.030913044751988725,-0.1738693184986058,-0.03619925693364081,-0.11293718274253041,-0.020401457520907187,-0.10251469913221992,-0.12255443659310128,0.13287846910518147,0.07477001096230816,-0.04844074012738237,0.034693483051030254,0.056609214054478524,0.05510745241989546,-0.053900275988921685,0.033057204666161646,-0.08703251005369389
936.0,-0.022583687723683698,-0.16156382247855783,-0.007424468317042602,-0.09111903008398049,-0.03852948301571952,-0.0915066546249715,-0.19486774524609682,0.11757796667606064,0.08177587172930272,-0.0426997365081572,0.06045440587387799,0.04948154910466505,0.006247886495091678,-0.0558226078400432,0.011491770129234026,-0.1414185680681863
937.0,-0.010429416321899549,-0.13720916250628346,0.00811374332104604,-0.060328131074440246,-0.04602824643887998,-0.07431326510102686,-0.2531496924953738,0.09356633963858155,0.07886574788907016,-0.030251340609302787,0.09465982658093422,0.0352639605841777,-0.04760253348745479,-0.05231843323320061,-0.00181912186569777,-0.17179527233567157
938.0,0.004473169039893791,-0.09913298247072397,0.007854993364234083,-0.027387296188399985,-0.04547226499165103,-0.05121876608031022,-0.2840417664442935,0.06879604793584472,0.06431587185110102,-0.0162684498559408,0.1262013852714576,0.017613701673369127,-0.0862905440354575,-0.03859856834345896,-0.010538734240424221,-0.17518720889564462
939.0,0.01992677941974854,-0.04811878751416903,-0.005216718068463237,0.0015475122234384125,-0.04058106007575584,-0.022752719322030483,-0.2808320461982863,0.05369163717787034,0.0398818566490157,-0.00651232298464851,0.13974383570001706,0.0024543430311862063,-0.09604511677261737,-0.012691240145603135,-0.0224075379945962,-0.1566261947585297
940.0,0.03305416172075221,0.011671123320011932,-0.023994953809175636,0.021231136025901296,-0.035567566143070904,0.007172054453523835,-0.244819568639631,0.055040410629015595,0.012559716344603834,-0.004332442681028464,0.12388170801354055,-0.0038055058822519636,-0.07325120660993331,0.021734470405832637,-0.04327000090298608,-0.12479883316183467
941.0,0.04063072729460093,0.0724376505415249,-0.04148205861655697,0.028259835522868957,-0.03405036279698274,0.03057713558987279,-0.1840917428465654,0.07179610683307684,-0.00789413334957704,-0.008617566422363873,0.07938940775549294,0.003084229524945042,-0.02551409491209873,0.05599042211190351,-0.07190975442522872,-0.08767390847496993
942.0,0.03943389487180924,0.12365793142589729,-0.05452398785932275,0.022707444018644003,-0.037560109518747345,0.03834723893348664,-0.11156161385804295,0.09559049273871534,-0.0134709171262252,-0.014237014928850805,0.021340350755616858,0.022710067396577282,0.03102744286487435,0.07937319172393378,-0.0996562675379198,-0.050150920961594604
943.0,0.02679249041854892,0.15426910075738415,-0.0642683062410572,0.008853794112999984,-0.04436171459445455,0.025421456935925395,-0.042663377448763994,0.11530998214865869,-0.0008985482043910566,-0.014938776089239103,-0.02723588157888305,0.04904198116458963,0.07754008737942061,0.08312238212277863,-0.1144111551952873,-0.013561331808966716
944.0,0.0014122788436531062,0.15615376735325096,-0.07317966654909258,-0.005996014381678836,-0.049452135548552656,-0.005087119851279968,0.008549739489187719,0.12284628281887632,0.027798815437993087,-0.00666838275745904,-0.046381389925989905,0.07272612828876063,0.09901535510720705,0.0641990527919774,-0.10594896825180142,0.023099035457789106
945.0,-0.0356071357579328,0.12769521094544542,-0.08102632613923558,-0.014070825380121508,-0.04632754383479908,-0.04213139922048941,0.03450280950427439,0.11683705119779375,0.06582825328065875,0.010886581495265136,-0.027955068333315822,0.0863213602575549,0.08872325203728419,0.02737434923704032,-0.07029492208129591,0.060505972923718315
946.0,-0.07999520612879889,0.07472845934496757,-0.08305614370993332,-0.009905676016673737,-0.03032635786040491,-0.07177829278133015,0.03710313024160603,0.10225594371739782,0.10272937405744825,0.03482059390919357,0.022390327472456683,0.08866301618542398,0.04988184473265435,-0.015795474400483248,-0.012467250731725521,0.09648775658195372
947.0,-0.12442543958621344,0.008138384556177072,-0.07201522409570905,0.007755597443562813,-0.0016887910861415382,-0.08348984770991835,0.025901800299953575,0.08599102076176282,0.1272803481011331,0.060519714697624835,0.08952418300733374,0.08432025140255822,-0.004729926999549973,-0.05126773122938024,0.05391434671648069,0.1254164870303571
948.0,-0.15987536369670313,-0.05944729861849059,-0.04279063854014746,0.03552867709602102,0.03415156864575946,-0.07319314982654862,0.012644243790918424,0.07180947752280552,0.1324048853776043,0.08332911137773753,0.15599463641117872,0.07891756257983333,-0.05526152961899177,-0.06831406768423812,0.11168590523355913,0.1400263112623412
949.0,-0.17795819316176073,-0.11613751809068816,0.0036702601170154584,0.066345091257323,0.06939686021209424,-0.04216272556929458,0.006089167105981907,0.05919223824465746,0.11912287796312422,0.09998151670893357,0.20792139181085456,0.07529447811678028,-0.08022243757125982,-0.06367902508644563,0.1479585662053464,0.13477164268433026
950.0,-0.17322479997955625,-0.1532235241133252,0.0599348642016354,0.09151744425579136,0.09748763641837854,0.0052604825904826935,0.00953536135484505,0.04678955480357642,0.09609938845196196,0.10912080087764593,0.23703665638788923,0.07360131562388104,-0.0646306276246968,-0.041616365265166703,0.16001854127414356,0.10893066905777155
951.0,-0.14440037073632833,-0.16742894944588962,0.11509022819894507,0.10362309281370094,0.11486379904812533,0.061984266026071336,0.020851377488530026,0.03639108775123462,0.07488862884406815,0.11050721779728113,0.23972635483058885,0.07361802769470673,-0.007626491187295047,-0.010195509149197665,0.15579261884177661,0.06767719884207524
952.0,-0.09457761331723884,-0.16076271702383352,0.15876851335249678,0.09912805683849821,0.12047650326491682,0.11734788671516912,0.034186186311686975,0.03321587676699587,0.064269448253033,0.10403296871284039,0.21604016771763954,0.07622551407287684,0.0757219602693401,0.023029244424694256,0.14839316625696056,0.020602463758797596
953.0,-0.03082705973727138,-0.13744809002851735,0.18386135697682265,0.07921069186536664,0.11489345899584803,0.15850596345635143,0.042921239640540516,0.04245455785209264,0.06685554976229578,0.09020843534023054,0.1702245092951476,0.08312965183622925,0.16084411974015955,0.053206141037770424,0.14784917579050708,-0.0212060304700898
954.0,0.03694146881309605,-0.10054330394666278,0.18761922344140852,0.04870960566427537,0.1004772589117236,0.17463208132212565,0.04311841661943701,0.06477586435051787,0.07873829746388392,0.07162841519206822,0.11148783132509918,0.09568575925569317,0.22517136063530804,0.07812942743081781,0.1557190889702349,-0.04810743232541936
955.0,0.09791880472611797,-0.0511858377148744,0.17210713516308504,0.01460872454522631,0.0817435135895124,0.16100542643054702,0.03613464765344672,0.09348241392652921,0.0912916129596415,0.0532380315709142,0.052853002126089656,0.11363151292120834,0.25822804297196233,0.09742178282770793,0.16586271469833633,-0.05426153591078958
956.0,0.14255123979214918,0.009077605630554163,0.14375573611132736,-0.015402222246980735,0.06422889240782995,0.1206148645623754,0.02886018171572692,0.11552087285492832,0.09433659969152748,0.04060389899798365,0.007711370144550503,0.1341879670830626,0.26439899302380493,0.11150139227209979,0.16905515887335246,-0.03899031113395061
957.0,0.16453542808277563,0.07508699060165726,0.11076731733510067,-0.034912895394639105,0.05199307176627813,0.06298775487559058,0.030800214142434182,0.11672401861150124,0.08004364535879387,0.03728316326765063,-0.01470456518053726,0.1521444219973761,0.2569657838966012,0.11992727941184922,0.1574313415359998,-0.006701549713171088
958.0,0.16259452665708696,0.1368394974379954,0.07910676335376922,-0.04097311501127507,0.045586069759713056,0.000235385974843449,0.049209029960799865,0.08822394197590161,0.046346562732021465,0.04262542048897887,-0.013482880925765925,0.16113103793513223,0.24800229693359443,0.12007063137362327,0.1272881140452433,0.034396416790563794
959.0,0.1413870269416024,0.18151456286151632,0.04997515327672469,-0.0349427536519822,0.042094835334198936,-0.058263710252771314,0.08524509097970842,0.030320164883446545,-0.0018266295801849966,0.05122849470105046,0.0023525781997253037,0.155490765034924,0.24138934009393104,0.10838706549616511,0.08030537578629068,0.07454690000944225
960.0,0.1103715398307102,0.19794145488955706,0.020704286540604012,-0.02138068916655467,0.03723270972661322,-0.10811302054907818,0.13369112936780908,-0.0471574885375931,-0.0544094222699045,0.05516292066627115,0.01736861967049043,0.1324243056234416,0.23295944134440696,0.08420069367010519,0.0230774834719289,0.10586353634607808
961.0,0.08033658158561763,0.18152240808753622,-0.011816242056161642,-0.006075875562698565,0.028092684483325206,-0.14633972329868328,0.18588747100479294,-0.1274154450706717,-0.1000420111385244,0.04865235528439082,0.018205569202070813,0.09406698935947966,0.21551819650630288,0.052108563795757686,-0.034649342626849926,0.12555479159793934
962.0,0.05909534812792282,0.1373244209606965,-0.047721658053650536,0.005532069672984216,0.015188293430589118,-0.16626908328445128,0.23273200140352698,-0.19192259937554887,-0.1295720944242648,0.032486842815629184,0.0021523804952234505,0.04772676343893109,0.18371834054835876,0.020107283635422444,-0.08222571706282875,0.13582959720955032
963.0,0.04871261903136509,0.07939545432324495,-0.08287272816995947,0.009529224234334955,0.002707820099219791,-0.15825174994571778,0.26551683350984756,-0.22709032523511943,-0.13812742356220797,0.014603088650091857,-0.020943936070496584,0.0027990732154249674,0.1364688626590981,-0.004398426174716733,-0.11087011926744247,0.1396333560635894
964.0,0.04574441709066236,0.02618285170188337,-0.11030323499564572,0.004650908924491494,-0.0037911356281768076,-0.11760649602643888,0.2761777130206201,-0.22932642501461814,-0.12664210385036898,0.005573722873221561,-0.03601186575787411,-0.033843007723790446,0.07758518591851479,-0.017096153281590597,-0.11687186679167523,0.13610801983184356
965.0,0.04411777541691507,-0.00594701898221621,-0.12345597924731512,-0.006998959071267986,-0.0012356623812390586,-0.05217330384386929,0.2595807200730894,-0.2056047846005322,-0.10308848008184371,0.011600548382624113,-0.03405896839745111,-0.06050036377052913,0.015213057542465496,-0.01720112025916821,-0.10313951232742312,0.12066162406533792
966.0,0.038803782053013006,-0.008900597430500198,-0.1192581495501537,-0.020222433777482982,0.008563288971779812,0.01911780560961318,0.21686572458940603,-0.1695104587409772,-0.0812152124221864,0.029850658867330702,-0.018519021510635628,-0.08004482202456899,-0.04027755312066022,-0.006839615263059243,-0.07701777765705767,0.0896098852524071
967.0,0.02836564529387381,0.01344447088541035,-0.09935837151124953,-0.028259173211381553,0.019872789680233025,0.07613508695408328,0.156291029608713,-0.1352768813502608,-0.07483279003277239,0.04959561635894086,-0.0023021390675125306,-0.09711312842890943,-0.07945499986257237,0.009915056414573936,-0.04603366666097578,0.044319898484797775
968.0,0.015579976278317623,0.04677935412821137,-0.06915776699914473,-0.025419016504277272,0.026115378091620393,0.1071571326210542,0.09043398638628161,-0.11275676041500347,-0.08973669762444825,0.05842179802048602,0.0013163695868180726,-0.11495260866161433,-0.09661993734607724,0.027449018726992704,-0.015638616860230586,-0.008943519448745434
969.0,0.006360529880568547,0.07351346993088016,-0.03564573360725361,-0.009998143321357962,0.022670481111672258,0.11190747884858832,0.03191531305959511,-0.10522557167848459,-0.11882316464931723,0.049181518508884796,-0.012654089775607075,-0.13395738939817398,-0.0909412110697183,0.03844792995355165,0.009727820397960494,-0.06214365541072991
970.0,0.007358316063021401,0.08136890356788806,-0.005288678865102617,0.014089441428232397,0.008396507215359866,0.09899106676827446,-0.010064965753217586,-0.11011154632144,-0.1447465374311659,0.023187287982604797,-0.03782153421019577,-0.15227907162774146,-0.0656253812411989,0.035110442601144945,0.025061393044370918,-0.10827287548246531
971.0,0.022449728272899764,0.06796740696435959,0.017654896622176633,0.03846929062490218,-0.014087988727982254,0.08066156459042854,-0.03157828965448812,-0.12131199103726462,-0.14933344079818278,-0.011778221503485136,-0.05998083713023692,-0.16662946158690894,-0.026150530556029672,0.012966031284285558,0.025536458854404205,-0.14252699231067678
972.0,0.049343252849684036,0.03959161768630585,0.032191670189077565,0.0540912218750813,-0.03969599245658302,0.06652669727576355,-0.034522375878995704,-0.13209390006810154,-0.1240328163740609,-0.046335055383180286,-0.0649223936394663,-0.17244379496090392,0.02064376796321031,-0.025048466565617985,0.008849118485788282,-0.16238751690468
973.0,0.07915008018960128,0.006650455457865846,0.04010190440509226,0.055477796214230664,-0.06366768512256979,0.058875811318729314,-0.02646970438849451,-0.13844990491095194,-0.07450073079385566,-0.0736087148402512,-0.04645036317599952,-0.1651118509310311,0.06540170981784682,-0.06825331241030325,-0.023381745403592186,-0.16736507859261068
974.0,0.10048784863828149,-0.020818735434804284,0.04358256457474282,0.04304454507112978,-0.08389247814865372,0.052512050797070726,-0.019240135050574668,-0.14202206793463348,-0.016308852768775094,-0.09069037111843349,-0.010491490735653496,-0.14300644038546126,0.0942474677612354,-0.10264185272547012,-0.06599937123507243,-0.15891159294531612
975.0,0.10548776626757737,-0.03608105598932053,0.04273439052503902,0.022433060189011658,-0.10060666771664177,0.03872650965237567,-0.02495610305636408,-0.1502351501557693,0.034402792497020995,-0.09813715786622518,0.02711578038565439,-0.10992655901017757,0.09001932698826486,-0.11711972383203129,-0.11173534158857053,-0.14063398087834
976.0,0.09331242664629884,-0.036758999774222666,0.035185849073711216,0.0014174976282301263,-0.11415044934942783,0.010721239159805702,-0.05050397029545767,-0.17194996796714807,0.06798684177169254,-0.09902168427063905,0.047989161772051314,-0.07440900909131067,0.03949691003371591,-0.10804799561439175,-0.15302278872855057,-0.11842517836253283
977.0,0.0695142995590252,-0.02411141406809868,0.018309619821205894,-0.013798422102580633,-0.12330951649783593,-0.032168773662257025,-0.09382413455217643,-0.2104792844271439,0.08238659215527848,-0.0979249473168133,0.039901369646678515,-0.04618635303855208,-0.05682200298787304,-0.0803369377273173,-0.18336961735214655,-0.09971644261698251
978.0,0.0426464551402234,-0.001519157951458067,-0.007703179783063267,-0.020897340225743848,-0.12542515364202633,-0.08354100545067616,-0.14463922870701007,-0.2589650689108003,0.08057514752098992,-0.09925393603014641,0.002853913537724434,-0.03211226952097943,-0.1798813269919591,-0.04517677121887382,-0.19755978657888662,-0.09104289641114621
979.0,0.020196664748457768,0.026305392937751172,-0.038504343349626956,-0.02142234608789266,-0.1177214976915168,-0.13276904216890056,-0.18905808806636495,-0.3017882312025229,0.06794806681616576,-0.10525632093733558,-0.05063122277482181,-0.033677992545158845,-0.2968728804594853,-0.015954402076689467,-0.19144790696153913,-0.0944412112692499
980.0,0.005496982678637404,0.05319078065243157,-0.06723739321642437,-0.01890460745478008,-0.09894153205601855,-0.16977124239628608,-0.21523973808390398,-0.32091537811959037,0.05076436573768074,-0.1153598283580428,-0.10223450498566054,-0.046905428824450944,-0.373968206116315,-0.0039359414120317395,-0.16265249966375747,-0.10539836867579219
981.0,-0.003019122653820361,0.07195755591368837,-0.08738829474686635,-0.01650050340563587,-0.07051158689846698,-0.18882396417017203,-0.217322451265353,-0.3032345402410053,0.03544629553021206,-0.1271521399112385,-0.13794229506681518,-0.06419951218389491,-0.39021931328934406,-0.014291359137707729,-0.11211440468707926,-0.11489287828600714
982.0,-0.009731981904321365,0.07638239950693342,-0.09412165740528473,-0.015441002058922524,-0.03672535278522491,-0.18953649651293458,-0.19637170121143485,-0.24579275301578862,0.0283094541321378,-0.13742656090466784,-0.15424602570452334,-0.07728478600067709,-0.34526142392074755,-0.043711911143194934,-0.04555373014921285,-0.11440353212377684
983.0,-0.018384163704712634,0.06371487991546271,-0.08424945408154792,-0.015132210471121873,-0.003979097162286223,-0.17546158782359925,-0.15878654226160827,-0.15764248088991956,0.03420824552768878,-0.14258647090314883,-0.1567539892573091,-0.08042579224795142,-0.2575784659832934,-0.08187650819053129,0.026048827126653552,-0.1000601018545448
984.0,-0.029994093810662543,0.03623318877432636,-0.05689478491461435,-0.014709256597305952,0.020679494602753125,-0.15244738774946534,-0.11354289709771173,-0.05802799871585986,0.05345094750767884,-0.1393185069431675,-0.15407683729018937,-0.07308397873604762,-0.15541156271986067,-0.11655754173680602,0.08780177498356598,-0.07376736042466926
985.0,-0.04348405735651016,0.0009193668035157933,-0.015022901265970442,-0.014385644273164005,0.03162562543560034,-0.12752818166796095,-0.06971970644062228,0.02874272292789372,0.07952951091973148,-0.12583631304866422,-0.1516298990096259,-0.0607173179176553,-0.06503390044852217,-0.13889603645226897,0.12466431417692987,-0.04191858045899471
986.0,-0.05746460367545562,-0.03316267139543912,0.03382520830724266,-0.015232675253213703,0.026803097444364602,-0.10704232504967433,-0.03490456656783878,0.08076622719530255,0.10056488470761743,-0.10289363848042236,-0.14838194771349064,-0.0524658358210187,-0.0017183782737287912,-0.14609622862222915,0.1264680153262734,-0.012986402674110348
987.0,-0.07065541069022672,-0.05899735387283344,0.07867942638556052,-0.01824082891295459,0.008400676755831142,-0.09395250422308933,-0.01405445034292584,0.08637827523366397,0.10413764196469946,-0.07401657578728847,-0.13797314009656408,-0.05612654623486299,0.03191432394044183,-0.14108298866148292,0.09136692974794378,0.005168417716680973
988.0,-0.08067261796591818,-0.07465974990458807,0.10828676083008971,-0.02410975761573968,-0.018765186796048862,-0.0869281051313651,-0.008448051125827331,0.049262888924952127,0.08293028042664187,-0.04476408701500544,-0.1131856865456333,-0.0732099779978753,0.04002371832764021,-0.1292168254372464,0.02613825398078321,0.008006472037934552
989.0,-0.08355790649862814,-0.08274813304781753,0.11531089721230928,-0.03331367780078722,-0.04966006303625051,-0.08231777569536966,-0.015010893691696671,-0.012153343432497687,0.03850075377356626,-0.020902925359973536,-0.07033585820395613,-0.09749183025363606,0.026471329469708472,-0.11333283086243445,-0.05561579019355357,-0.003328581355116827
990.0,-0.07591693144083177,-0.08661647082442954,0.09919031632704671,-0.04526509881930634,-0.07990157711251611,-0.0765176199802516,-0.026609360353286173,-0.07172419509982143,-0.018862289564759282,-0.0061674823591542334,-0.01062614343999902,-0.11816329151077921,-0.00670450007842678,-0.09067220965998218,-0.13579559635889768,-0.021578086974023043
991.0,-0.05817313168747729,-0.08690978876437304,0.06597186005706658,-0.057127810716602945,-0.10469269617926687,-0.06631775343319223,-0.03404719413461583,-0.106038454496384,-0.07424642584104897,-0.001009427434583622,0.061202736414838844,-0.12514974409069662,-0.055467774888527444,-0.05468290206341372,-0.1944561242025767,-0.03637048785812167
992.0,-0.03550391292446737,-0.08164523461349589,0.025823426418909893,-0.0638701540909653,-0.11781084034062739,-0.04810598350420337,-0.02969935418277247,-0.10301989812454601,-0.11359203201952621,-0.003079966655762484,0.13785807374547598,-0.11304396414563293,-0.1106253425294812,-0.000769746770710865,-0.21388745238803306,-0.03946708181813192
993.0,-0.015196056207744144,-0.06955306324752397,-0.010596774914412044,-0.060025353432536746,-0.11290867681687157,-0.01817326257740652,-0.010916718707763184,-0.06493906961886119,-0.12786187880651925,-0.008910518572403976,0.20856646804481221,-0.08255216756116195,-0.1594167886351549,0.06799727668847245,-0.18474710347767168,-0.02878616835275181
994.0,-0.0025936992003482567,-0.05313108902317306,-0.036121734869327245,-0.04229760905255805,-0.08729424135602004,0.02523920900261623,0.018927550573087173,-0.005585289631314324,-0.1154587425361565,-0.01580640595521271,0.25892994348715054,-0.04030018043506643,-0.190179814754744,0.13918402570583352,-0.1120404359623154,-0.00869309878975733
995.0,0.0013671159109241828,-0.038012099664412664,-0.04953315827918559,-0.011787125378153946,-0.045513579112355235,0.07937422097668169,0.05200464968401397,0.05650916450781515,-0.08315130802614802,-0.023049604276563655,0.27490891535521644,0.003087661006005979,-0.19641215752289615,0.1948126115439452,-0.016474248023518233,0.013222600247620906
996.0,-0.00024199722183917115,-0.029120602609254746,-0.05454893388501789,0.02535911697342719,0.0009057683707328955,0.1357986464373911,0.07895938139749059,0.10560531238762096,-0.04460258834857414,-0.031512382014855164,0.2498800951530497,0.03684136417048667,-0.17896792727483646,0.2188093223582676,0.07187139972246671,0.030853238749443557
997.0,-0.002625461286661635,-0.027720013783484876,-0.05613568237832448,0.05960461355751562,0.038449762792077985,0.1821458543098782,0.09185608250308239,0.1334676012346602,-0.015727851212183796,-0.04162152327272627,0.19000631425543174,0.05411855336956138,-0.14637255127437368,0.20398550318670794,0.12595948042255703,0.04292796667595263
998.0,-0.0014981157893690597,-0.03204308784965719,-0.05721603376699641,0.08142801374887654,0.05799709909634294,0.2068912509960358,0.08650081155233803,0.13998641038420517,-0.00791626177751793,-0.05129561976249285,0.11353310446324516,0.05418005459445242,-0.11178144721823567,0.1549644162559058,0.1336265597744835,0.052374324489347965
999.0,0.0053859050679275775,-0.03981756399314252,-0.05762065663564931,0.08469293969272786,0.05800395921425169,0.2052119092264167,0.06395846347956073,0.131161574922185,-0.022286182772480553,-0.055867680125882724,0.04293603306529604,0.04182463614184197,-0.0864875600936061,0.08594154966844364,0.10121483544760954,0.06203218503913357
1000.0,0.01675440467021458,-0.04971291626883434,-0.05470412821228456,0.06846120068607897,0.04295608968689099,0.1824542971153313,0.030501214127980028,0.11586678112862574,-0.049164928754287,-0.050398557049872436,-0.006132690945587684,0.024165982291259186,-0.07453090723605373,0.015048650792097702,0.04753946682209834,0.0709249137648321
1001.0,0.026840227996604456,-0.06095937185123651,-0.04483317722872794,0.03702450130511856,0.019614362860451696,0.15263377808246353,-0.004641814954203039,0.10229696149028834,-0.0739265535309317,-0.03279260270221267,-0.0317207243231023,0.006273164726133963,-0.07272503185384921,-0.041258664735042236,-0.00567197090269811,0.07480052263426723
1002.0,0.02700939725410761,-0.07210245520121962,-0.025631332281877566,-0.0014787987470790494,-0.005323612726124788,0.13224499874592438,-0.032568511146139734,0.09572182551552,-0.08481425347356092,-0.005321052973633214,-0.04381835830799217,-0.011134828045176426,-0.07450408925153643,-0.07180672320039197,-0.040479302689557135,0.07017972030612471
1003.0,0.010842822809799011,-0.08000524602145419,0.0019924272850730586,-0.03769535893475797,-0.02531853925331104,0.1324869002583663,-0.04722954767798465,0.09849046130112853,-0.07722256328473386,0.026422602670326343,-0.0563579103535207,-0.029869980188408158,-0.07328341085000775,-0.07311011197689173,-0.04609909991781773,0.057946859354110876
1004.0,-0.020185208969457084,-0.08020452246298386,0.0336493889620473,-0.06434143007332337,-0.03413308746555189,0.15427675402300725,-0.04669747103145323,0.11095849493362193,-0.053126482848154265,0.05553156430319063,-0.07873194128384066,-0.049920287188781914,-0.06368993540459045,-0.05093498789237595,-0.02146076034944197,0.04328374139891786
1005.0,-0.05522581268638188,-0.06903489336571163,0.06302991475929716,-0.07854053145413967,-0.027806994380783732,0.188610413012249,-0.03332095078904525,0.1313508652108274,-0.018237103640460207,0.07491075825741843,-0.1113543135277816,-0.06643322396307703,-0.041361603971774075,-0.018919381344495192,0.023534417230723845,0.03222154249788674
1006.0,-0.07888279780132819,-0.0461366079094296,0.08333125631089729,-0.0818065151273103,-0.007346195781380212,0.22099352798122876,-0.01279872032576149,0.15450512489931184,0.020311131311927567,0.07813331727945858,-0.14728159259925105,-0.07079029769193182,-0.0024625255743917036,0.006851880179017735,0.07100570251282827,0.028052463528170854
1007.0,-0.07947017822978035,-0.015268357924501782,0.08792971744926911,-0.0780460598622968,0.02042256239659205,0.2367514194809719,0.007483499897654081,0.17188041196840254,0.055083190848287146,0.06156911773833526,-0.17830819684390362,-0.055142488932005504,0.05561959659362322,0.014830152343470217,0.10248354442842819,0.030448388919018833
1008.0,-0.055354792377418735,0.017229300024925828,0.07194758092944703,-0.07129484347375421,0.04533080850551125,0.22509460815574528,0.020524238891005697,0.17492471791612393,0.07941482266850965,0.02717944910101392,-0.20030687574377806,-0.01701427349852214,0.13177845612432293,0.0028274417764573884,0.106848799752244,0.03701382775727727
1009.0,-0.015688376115070155,0.04510570817487521,0.03523355876475571,-0.06437139055063035,0.05878960395195248,0.18142731366549436,0.021904202596093717,0.1602405749402405,0.0892072048419555,-0.01644432775773581,-0.2137006547471159,0.03884390978298912,0.21851429445346643,-0.021465192126438163,0.08478774333724709,0.04517186046970727
1010.0,0.024522524662255664,0.06416308597169502,-0.015740161105474347,-0.058297523502855,0.05814892991138341,0.10803377773095948,0.011272371019482344,0.13252034904680823,0.0845778216890197,-0.056392720102834866,-0.22033318717461725,0.10158981468878706,0.3016712169003479,-0.04439000741627901,0.04825341127711505,0.053191603392344265
1011.0,0.05176840669196095,0.07275572530047703,-0.06934646507429246,-0.05206703887575505,0.047602536783168434,0.013485646097304092,-0.007537757380097306,0.10313606885500529,0.06990607414274422,-0.08032977778403085,-0.22055874346065066,0.15767590457423197,0.3638623049361925,-0.05293475813911094,0.015485926183747195,0.06010802210179771
1012.0,0.059417045630821196,0.07152772326476292,-0.11278678570801881,-0.04321609280751675,0.03511822010150072,-0.08856189089731428,-0.027661234750991793,0.08549177033388088,0.0515382987950586,-0.08148364012143236,-0.21237292208427383,0.1956712380380223,0.39045574687209744,-0.04088495626859067,0.0031587036421019676,0.06483777481255909
1013.0,0.04877069349815344,0.06314989896327876,-0.13582471984076724,-0.029617773710627033,0.027389260087945014,-0.18087965920961044,-0.0415093626755523,0.08950036415563876,0.03407945577035067,-0.061322458545958705,-0.19283174456887264,0.2102180654356631,0.3750574670199715,-0.01159155908993664,0.018311996878484865,0.06594655149945809
1014.0,0.026704608556627166,0.05204208992813346,-0.1325370302140724,-0.01148937945563771,0.025927537486167697,-0.24548341480661212,-0.04372497356871435,0.11740201054688768,0.018214173572575838,-0.028576660324688034,-0.16136986884748758,0.20253160929429323,0.3215299583502442,0.02344108767768105,0.05379246466628477,0.06295213317175653
1015.0,0.0018119206697238043,0.04369706968915966,-0.1021795939219245,0.007920390929064536,0.026610349488902178,-0.26860113555127296,-0.03310291293559131,0.16260066131554582,0.0021035883003941076,0.005240450001638737,-0.12234981182720044,0.177890023994454,0.24199651245551143,0.048737921769718986,0.09009875652237831,0.05754766289749034
1016.0,-0.019542187106437653,0.04315083920828363,-0.05105630122467572,0.02332655265187642,0.022677206794157356,-0.245895077478916,-0.01221918189551759,0.2119704486115298,-0.015470468945440076,0.03159345475623079,-0.0836539486247664,0.14309132476675498,0.1529006735183997,0.04995492885710228,0.10353430184390726,0.052874270976208684
1017.0,-0.03534846257439978,0.05270975848456614,0.006172398220718847,0.029466698540185667,0.009256993317168762,-0.18452809432100067,0.01437778506146493,0.25038463049260595,-0.03334572291532072,0.04866701298681052,-0.05207656874277399,0.10554468059376888,0.07157969588820179,0.018977321712148373,0.07756967695992113,0.051397370769523464
1018.0,-0.04678379081230984,0.07015677034618818,0.049640888686367755,0.023578434904265113,-0.012927279981750611,-0.10097266910633126,0.04177721872098766,0.2655378353473962,-0.04820451441783804,0.06114478001049256,-0.029524510604386326,0.0729801359696801,0.013738351369919872,-0.041708622132805476,0.012740009425168577,0.05317240874186251
1019.0,-0.05523120364565287,0.08878017784506782,0.06220429936369436,0.007377347150255683,-0.03667051070853812,-0.016132996319700495,0.0655601337005685,0.2520588550185273,-0.05553605096098696,0.07650879499169908,-0.012708868458048087,0.05228586128752837,-0.009738461031944489,-0.11745250986896966,-0.07010903503216158,0.05553232608278689
1020.0,-0.0605659066243064,0.09959073932562323,0.037710423411417095,-0.012957897327668286,-0.05107264129381586,0.05064461162632529,0.08209585731114528,0.2142843698812759,-0.05078734300166753,0.10013433647422833,0.004131346953621092,0.047362798108565175,0.0030382911872877246,-0.1851453507650169,-0.13707028450520256,0.054427954074115575
1021.0,-0.06177367541258351,0.09494239550170655,-0.015126456794820267,-0.02935477824628478,-0.046691376938905925,0.08738005227455375,0.08840535994218132,0.16573608953452248,-0.03101995452395933,0.13189350689105767,0.02552360793655537,0.057102281081993556,0.04277604630323006,-0.22148371956055832,-0.15733541476156396,0.04701365372508372
1022.0,-0.05858456077149924,0.07203767239154459,-0.07546366962770713,-0.035339101285674496,-0.020204393103384812,0.09273219557568495,0.08209696984160976,0.12376740289985921,0.00331099151159759,0.16588911267419018,0.052014822956093464,0.07520446481740899,0.09211274915473097,-0.21136125344264792,-0.11934496933067845,0.03410031424388808
1023.0,-0.05245913420107483,0.035052938641989106,-0.11886098915103281,-0.02821150734260814,0.02378816569503187,0.07475839944936623,0.062339292890861174,0.10168193445132391,0.04751275285343917,0.19331603263991448,0.08005043607048767,0.0927631034398177,0.13294016674743542,-0.15254139371921044,-0.03637236787990763,0.02063595179153436
1024.0,-0.0460530551757652,-0.005042577585754059,-0.12745864495476403,-0.009060470721079324,0.0745088026255133,0.04602782178351795,0.03164114428393473,0.10294701230417705,0.09310399882095122,0.20707485548040133,0.10533105136635794,0.10207138058189595,0.15295157355489078,-0.05600333704668479,0.06152376222134761,0.013313106916704794
1025.0,-0.04132307958319801,-0.0339486307337178,-0.09642906885403484,0.018859856749233714,0.11919319920490258,0.018143670727554274,-0.0034221424221410105,0.11998819875887053,0.1296346099025148,0.20552415884271674,0.12741606667082592,0.09913003961338225,0.14810596135710308,0.05736301876429169,0.14238805743758023,0.016417286918332493
1026.0,-0.03756898217397606,-0.040225099972800014,-0.033937064734920905,0.05200602916048037,0.14754248289487462,-0.0018781866902845444,-0.03387008729708015,0.13728785350157485,0.14821485725702513,0.19279322911900756,0.15076790628956407,0.08415955724978562,0.12183567204226457,0.16313989503271278,0.18456825738403793,0.028831486719118612
1027.0,-0.031153131560283112,-0.020953451030372376,0.04415364805517073,0.0871984040074606,0.15467538409214907,-0.01293438653728231,-0.05190235486548801,0.13760470927003968,0.14537816717191915,0.1754977441423581,0.18024900121937762,0.06078217007871069,0.08248376612462395,0.24110449618552404,0.18173173785467328,0.044699816908761264
1028.0,-0.01765115385322906,0.016501937404415055,0.12095993291292993,0.12100982114846823,0.14199711477604096,-0.01931005970258299,-0.05469575954920605,0.10918780770632483,0.12414427388662506,0.15831007735546823,0.21491909121610428,0.03442646452804909,0.039077085391842695,0.2810773995282148,0.14174307370141165,0.05706127149938868
1029.0,0.004905129373229128,0.05718416754215953,0.18287114725572623,0.14939779769192282,0.11601426608910949,-0.028527900526021735,-0.046113863775631155,0.05083480566732198,0.09140708791400229,0.14107268577021995,0.24578024662478,0.010700889041830147,-0.0030859889582005814,0.28420131826401646,0.0822844618764936,0.061111798632048055
1030.0,0.0343127582650879,0.084215965925367,0.22070052960298334,0.16858686361568004,0.08547275419655039,-0.04798952968026344,-0.03472479987657625,-0.02745406587708141,0.05425564896977468,0.11892060125112405,0.25948676278831667,-0.00558340123773064,-0.043342495117307415,0.25964186645702064,0.0254347019599174,0.055048830879056106
1031.0,0.06508462507386785,0.0855404108278339,0.22982391573390454,0.17650320944528894,0.05803515997495429,-0.08127184447707103,-0.02890441446904713,-0.10838189050688532,0.0178234271111915,0.08552655089601152,0.2454075585423434,-0.011133387380422138,-0.08180304317719997,0.21951142750728853,-0.008058431268065607,0.03957333231478275
1032.0,0.09039463887076311,0.05898952599867441,0.21073804544312796,0.17352605464160098,0.03815735642305767,-0.1254240445441789,-0.03208715578537459,-0.174360898978682,-0.014916589497719183,0.037893397500520294,0.20158369439440968,-0.005193686999832571,-0.11487219529761877,0.17492024960024383,-0.004897527588844707,0.017538063761801323
1033.0,0.10359190718485037,0.012724337464096737,0.16905064896564045,0.16209627998843343,0.026880276751510307,-0.1708863317351165,-0.04103109925790493,-0.2148053828196318,-0.04255321450420317,-0.020162368005606165,0.13646754074788353,0.009805039517762756,-0.1350082381420926,0.13364942123803833,0.03536861857389205,-0.006729575902259164
1034.0,0.0997387442451893,-0.03934590595401516,0.11388371427483189,0.14539428391103176,0.02305396135762924,-0.2044221517041163,-0.047343963791021494,-0.22996525754904604,-0.06482862550267952,-0.07821344023605191,0.06603848381623861,0.029102480119543063,-0.13432666123447304,0.0989811050657466,0.09877884544361111,-0.029343478568347615
1035.0,0.077831928451146,-0.08393404719198216,0.05563014802950323,0.12562905640261285,0.02503064477990601,-0.21360370847018442,-0.04074769589304556,-0.22883638508129572,-0.08168501267086468,-0.12323992689815753,0.008085567108358794,0.047730954679877986,-0.10851962780845724,0.0702959848436664,0.1617109283541852,-0.048986566855599295
1036.0,0.042684654670993555,-0.1126377845213708,0.004349974879936008,0.1029407333129432,0.031475372979145634,-0.19088722183945014,-0.013180493159686557,-0.22275345696496615,-0.09104500459960783,-0.14505904340023584,-0.023762527639961666,0.06190784304865792,-0.05985296469588249,0.045415569213666795,0.2004610825735607,-0.06695107485468552
1037.0,0.004498952867842794,-0.12300458698590261,-0.03138930294887292,0.07598558084105217,0.04037945707991138,-0.13596750267017985,0.037113947946918247,-0.21948635827950605,-0.08758104516639453,-0.14007327805740244,-0.02411085259300434,0.0684152456986644,0.0009599026576941004,0.02290684300657618,0.20052555638272657,-0.0847772644358479
1038.0,-0.024685466114062957,-0.1177385222669111,-0.04582949748767114,0.044137515056117196,0.047538319084233865,-0.05613985580165012,0.10360909761202165,-0.22127866812830146,-0.06549111729720716,-0.11189676128380725,0.0031077450862104857,0.06347115674446,0.05612363240824544,0.003101048956712736,0.1608726752012786,-0.10221645425895853
1039.0,-0.036176341046503434,-0.1031344988575057,-0.037382766522366245,0.009668747486011401,0.04706194016401834,0.03488362513820314,0.1730852065448232,-0.226400620532393,-0.024064672679838795,-0.06953180149541686,0.046231931969605976,0.0432663166389389,0.08656565498825718,-0.01191109693229638,0.09219032175831314,-0.11762786693652443
1040.0,-0.0285226491756293,-0.08677190486513259,-0.009657383668071404,-0.021897784418008468,0.034442068507377355,0.11961634101012535,0.2297480708002525,-0.23165124506682663,0.02900296284539138,-0.024576753251536264,0.08926610452984793,0.0064054565508958345,0.07982937838684226,-0.01912199877809049,0.011361447161079936,-0.1293882869298726
1041.0,-0.007856544288334837,-0.07454397336198963,0.028769133084776497,-0.0437041473418917,0.009727746624617726,0.1809330681703866,0.25972816486518946,-0.2337855049279341,0.07986269909520616,0.011813413118512093,0.11694961469440682,-0.04319809509421109,0.036064776889427747,-0.016502868949389904,-0.06433941837560003,-0.13591417758545898
1042.0,0.015343360064449115,-0.067960694854667,0.06714613166694351,-0.05085721750208696,-0.021744043946480746,0.20650026987059517,0.2547440741910524,-0.22984127166957738,0.11506069254521724,0.032446232715597885,0.12130619825972438,-0.09520822824090407,-0.030943241022390176,-0.00499243333324758,-0.1206177590850549,-0.13462597246057484
1043.0,0.031192829352132342,-0.06345137951528013,0.09718185211169275,-0.04352131362250537,-0.0512320098253934,0.1916999308707584,0.21452614006997783,-0.2174655876840626,0.12831590861037334,0.03730347603305115,0.10663787168637374,-0.13524349764028104,-0.0983641582543841,0.011458781364599772,-0.14755990837918953,-0.12215952875217406
1044.0,0.03474493449233187,-0.05491270564269446,0.1159708416867348,-0.0278683397960536,-0.06964277970954905,0.14027156226489035,0.14728678295726108,-0.19525132290032687,0.12323142880298216,0.03378473984612387,0.08776273074925098,-0.15028518466866977,-0.14251537872130776,0.027954874577811803,-0.1417113498887664,-0.0965192597263903
1045.0,0.02786552647132599,-0.03826497349928322,0.12473158173647984,-0.013698904189518822,-0.07060831410566816,0.06309695815130505,0.06750333048100288,-0.16243071689994856,0.1101808741938902,0.03253565621524523,0.08018957764486075,-0.13464398451971377,-0.1473523312625904,0.040159135001197034,-0.1087106919304154,-0.05918246814742055
1046.0,0.017698623411741582,-0.01444978808165337,0.12516182401169984,-0.009716844158070823,-0.052975286283137676,-0.023941395980280045,-0.00857855783588745,-0.11894726887196626,0.09955971408677362,0.04114826062143391,0.08880579348277294,-0.09337460127184283,-0.11032849134513975,0.043474651129151026,-0.06312903983688431,-0.014972639364184429
1047.0,0.012483878032367177,0.011480152013466164,0.11718378985821498,-0.01919782415745695,-0.021786693359986245,-0.1025897240572162,-0.0680495991291506,-0.06757176293264953,0.09522637031315923,0.05959711340820835,0.10415003027577467,-0.040981812609545025,-0.043679450257956845,0.03205103127569767,-0.024094669859966895,0.030150770049082915
1048.0,0.01724259838637692,0.03380345234472037,0.09941697759630877,-0.038527459793445136,0.013148582872768561,-0.1558856619051394,-0.10496903112756942,-0.016729821666237304,0.0915420683767279,0.07982452938555136,0.10864848757213626,0.004020365107925623,0.029721459762630506,0.000817334516733281,-0.008842163732234967,0.07101875567774399
1049.0,0.03191488548258582,0.04920837077420643,0.07068809930661164,-0.059439282587584,0.040789092759900336,-0.17306432482219117,-0.12094064482414557,0.020148607501424165,0.0764950784886882,0.08981601121007043,0.0872786592027934,0.02585536754455331,0.0847713758915324,-0.049928004135573974,-0.02696558960174595,0.10293173214893853
1050.0,0.0524509215316192,0.05800359794560105,0.031053085095699585,-0.07376848052960207,0.052929936116414014,-0.15379605965247872,-0.12257799631065125,0.030642069281593583,0.03997841238293309,0.08022855719661647,0.036108255046184354,0.016801493363456214,0.10323268030256604,-0.1113339340817668,-0.0769401964674428,0.12022909324984883
1051.0,0.07337557078030917,0.06315520681680835,-0.017318377938383797,-0.07783545011057984,0.04699222950616976,-0.1084816675669856,-0.1177606346411932,0.011034942836128152,-0.018160964444503703,0.04963283830711035,-0.0345331058573147,-0.02055999388761962,0.07973495867578688,-0.16758723505753356,-0.1456066016748919,0.11701552436070059
1052.0,0.09010644135317206,0.06769405377866687,-0.06919661334575311,-0.07351905439845172,0.026334231326347303,-0.05346020672180557,-0.11281126208447079,-0.030029027023374875,-0.08604033047101642,0.005128947530637625,-0.10340112796490744,-0.0746352940485666,0.022958106629107584,-0.20213839392479102,-0.2114177601748855,0.09092068209700874
1053.0,0.09984813917301562,0.07235527904709148,-0.11650887863171622,-0.06547144838445688,-0.0019516913445754742,-0.004124301670727075,-0.11090105879409352,-0.07448359585855645,-0.1450832581541144,-0.041524067369328316,-0.1474574057331691,-0.1288480860099354,-0.04793217809953388,-0.20520559888558604,-0.2515776094638462,0.046463531641762146
1054.0,0.10093052811451173,0.0750372523103744,-0.15039493606072443,-0.05711916763670225,-0.030662098966710568,0.02983746188131113,-0.1112246917368172,-0.10278730626558814,-0.1790220053408694,-0.07927541915047444,-0.15271352799803978,-0.16712454814226413,-0.11024541367156589,-0.1783673304666829,-0.2505991370111433,-0.005700158431644547
1055.0,0.09200948202765812,0.07183571581442036,-0.1638859059326917,-0.04886093441203486,-0.055647150423823157,0.045711346901982315,-0.10980945309586236,-0.10283281634042099,-0.18059095938819722,-0.10147991578636756,-0.12097447369997745,-0.17935329516889797,-0.1456698550763636,-0.13339592038122391,-0.20612372664974293,-0.05328256560617079
1056.0,0.07259185458912838,0.058865887119456894,-0.15375940360552093,-0.03934821418154322,-0.07644504861428568,0.046563797777637445,-0.10258516003434527,-0.07523064511403316,-0.15264609593534625,-0.10690697948348105,-0.06867093850844946,-0.16479673676275183,-0.14666348857143258,-0.08558442974309657,-0.12913451789124045,-0.08720595503799568
1057.0,0.04451588761733413,0.03445641896353841,-0.1215247778401205,-0.027852544578663232,-0.09399995487448105,0.038596839723497194,-0.08867680168073738,-0.03261010603699777,-0.10526731173301561,-0.09924397011854717,-0.018536653623399495,-0.13190858781217482,-0.11939335815429736,-0.0457980549082548,-0.03875948048412435,-0.10424236540006926
1058.0,0.012638035741511434,0.0009177615914183584,-0.07376234684951176,-0.015476072719463397,-0.10797496312110005,0.028395463049215478,-0.0712668300130453,0.005817622964387704,-0.052289990920255276,-0.08601629221357797,0.010991303996344223,-0.09477738956678561,-0.08173469035447478,-0.016654258868180866,0.044907385428627655,-0.10711773484922472
1059.0,-0.01669774829596572,-0.03510766524613708,-0.021224724254979316,-0.004928557965292173,-0.11653662472018088,0.021639940591624045,-0.0556468572376596,0.02156984875908543,-0.008458315786018673,-0.0762253191558344,0.012775608302742209,-0.0678496121923637,-0.05626117023985825,0.0051537110784822615,0.10580942873674629,-0.10256691080989884
1060.0,-0.03881453439574023,-0.06425966638103917,0.02325672003764876,0.00022628932095451575,-0.11839788654973635,0.022891230086725573,-0.045903590771471735,0.003816035078413107,0.01412968244172283,-0.07647618304730604,-0.008995769485153562,-0.06092588639161666,-0.060372133428754075,0.023115893682910133,0.1341149050494966,-0.09786198097840153
1061.0,-0.052814133644887004,-0.0778848087465055,0.047132569887786815,-0.0033073537364651947,-0.11439294992602397,0.03460637702887312,-0.04252724370820588,-0.04577403069488578,0.010402139064804253,-0.08764201213903368,-0.044770699737570446,-0.07595160039028712,-0.09762708937088334,0.03655550892792869,0.12796817202974023,-0.09698937919485266
1062.0,-0.060814707695862086,-0.07186032568835363,0.04084863460392617,-0.01680079884375699,-0.106898040396158,0.05541864082706197,-0.04288469987261497,-0.11204886193027706,-0.015384636070782977,-0.10467402805182775,-0.08679400774748597,-0.10632100385438721,-0.1550171943993689,0.040467593186493185,0.09493572778463148,-0.09854974411408654
1063.0,-0.06542901485618008,-0.048559460808415576,0.0013925612174644454,-0.03796711392684949,-0.09802068344543899,0.08007581304929554,-0.04383053673641412,-0.17056592790700528,-0.051654088554591256,-0.11981073918564039,-0.13221956126606066,-0.13882701462078256,-0.20841524253791677,0.028843787887436065,0.050404388786433406,-0.09701589745801846
1064.0,-0.06781684444564301,-0.015691584930560637,-0.06476032470678147,-0.06136737963164554,-0.08837554492732826,0.10218634333565071,-0.04352702037610028,-0.196325906401181,-0.08439337043311075,-0.12672541938682258,-0.1804845556157583,-0.1578954908918613,-0.23345342014612136,-0.0008583704095713713,0.011811841808007513,-0.0866868104191011
1065.0,-0.0674733619286166,0.01711684817563209,-0.14197754180698488,-0.08113919981433287,-0.07736975450905946,0.11726652759924878,-0.041028702184563934,-0.1738706083035651,-0.10223830956625495,-0.12306993309135973,-0.2281424113111116,-0.15087741836762197,-0.21603070654242545,-0.04465430783559855,-0.009153242297783085,-0.06559517325728466
1066.0,-0.06343587152003326,0.04188590674947027,-0.21027576559588965,-0.09399094149345255,-0.06472706442521342,0.12280172167618798,-0.0350870079221181,-0.10413179693748223,-0.10024882844409273,-0.11072094033616943,-0.2666608576633374,-0.11249655108021402,-0.15750475123020477,-0.09242902342818769,-0.012208462109361683,-0.03708016041556538
1067.0,-0.05580790616467022,0.05436178668260631,-0.25282473988140636,-0.10013323866645783,-0.051866877009482025,0.11592215162078501,-0.024060329097979533,-0.004552686990947941,-0.0814471016245045,-0.09416096298860217,-0.2859760314115203,-0.046907876095468905,-0.07259541103294959,-0.13159999373049053,-0.007625992259013709,-0.008651688150096315
1068.0,-0.04628730957923457,0.0541806924824298,-0.2620975414195724,-0.10194637568437706,-0.04158524744535313,0.09314211451108567,-0.007037956728408053,0.09751360204935336,-0.05550026076865384,-0.07789792656923888,-0.2806533044635848,0.03321476787336132,0.0181138722446017,-0.15156462612961655,-0.008541726506688253,0.011281159354501845
1069.0,-0.03711520461125142,0.043600841572485456,-0.24118383614708364,-0.10154017991658572,-0.036137987573675194,0.054671120439450965,0.014765003570210935,0.1750077473407499,-0.03463694204369352,-0.06447942791550149,-0.252814609018946,0.11036709819433377,0.09620349923976206,-0.14683603402360293,-0.02209329099937754,0.01778803723700562
1070.0,-0.0296345232841788,0.025844649826953135,-0.20008483413581782,-0.09837146003917677,-0.03548593098183513,0.009122381350273894,0.037136976160178706,0.21104157902262052,-0.028009670311802324,-0.05421874049221101,-0.20984915893115638,0.16772620665344035,0.14988627662421744,-0.11838394266976074,-0.045809009489566954,0.012659212660025917
1071.0,-0.02422095372532795,0.004152581960456832,-0.15002131917670955,-0.08835467780336928,-0.037095062838317545,-0.027941439574871205,0.05354083720375633,0.20463414644794325,-0.03728167072521613,-0.04615356175989572,-0.15987739761736827,0.1945572251522171,0.17439486695109077,-0.07304764380531684,-0.07082684484366177,0.003866413480743096
1072.0,-0.02129989954252751,-0.01807963437293671,-0.09949814886596915,-0.0657565858165531,-0.03723590534978225,-0.04174655217973626,0.05800220598657912,0.1690241902407717,-0.0562891966417206,-0.03927759951601251,-0.10834122328108799,0.1891818492717137,0.1701949905540337,-0.021013030275315394,-0.08865077807986296,0.0007562740402534284
1073.0,-0.021643194591175068,-0.036847603164298824,-0.05381159171835877,-0.027444722374766715,-0.032898894688533256,-0.02597641261175445,0.048784119391555796,0.12273482976162947,-0.07496365165101405,-0.033697392002969465,-0.05692831421787349,0.15820629029336677,0.1411064133565445,0.027639841716254266,-0.09625900259876621,0.008010516658206969
1074.0,-0.02556780214527106,-0.04788370607945638,-0.016807017003826447,0.023121548024490596,-0.023274829981687794,0.014428538213064869,0.030021150641256163,0.07922939000332563,-0.08476225211363171,-0.031162995371909905,-0.005031606955304464,0.11279783961544299,0.09328015260762906,0.065830940074977,-0.09639983854445151,0.023072733706197612
1075.0,-0.032351719848030404,-0.04795774184626448,0.007615013379913263,0.07532356996375142,-0.00998091288840561,0.06542965731032198,0.009859802318273747,0.042495280972067305,-0.08243372993692295,-0.03416459971362448,0.047018396285513346,0.06440730287267829,0.03486999647287276,0.09090559212913278,-0.09412624448793971,0.03907849193038469
1076.0,-0.04059015724003691,-0.03615390860154758,0.016007266568637452,0.11537897427285604,0.003995029304105763,0.10939588032506682,-0.003868068456400328,0.010287773276550779,-0.07069102982178288,-0.04370883058976983,0.09559450758394614,0.021871499928922275,-0.024340346294211338,0.10435161151809805,-0.09245662856095453,0.05041636022817071
1077.0,-0.04883181577002988,-0.01409378283350056,0.007576417523771911,0.13269492871886948,0.016011389614674038,0.13186301128884434,-0.007767981888660989,-0.01959272854590703,-0.05626651123786164,-0.057033287351600716,0.13443642365949948,-0.010034698183116114,-0.07477784257189528,0.10998732352326601,-0.08915059143503562,0.056351188689645615
1078.0,-0.05584145105118904,0.014831608885850462,-0.014067356496377354,0.12453808472304859,0.025389730411811518,0.12659283117958695,-0.004038276758477817,-0.04526922832369745,-0.04654466507746354,-0.06716928226895062,0.1573702769989389,-0.03113538940575702,-0.11050558897949674,0.11121675947194765,-0.07654820570361962,0.060848882116286945
1079.0,-0.06064951640909321,0.04613444894931062,-0.04125138886076127,0.09645943589586586,0.03384289851030514,0.09660395693166214,0.0019532688643046706,-0.06105091208483121,-0.0457162891408033,-0.06568389013000167,0.16076363351838063,-0.045031906127982885,-0.13122819904704958,0.1087473811769482,-0.0460471279075579,0.06972493313183913
1080.0,-0.06256455820151398,0.07416024742975891,-0.06435165509661085,0.05901903252844079,0.04388638982872092,0.051245373310709566,0.005389540498083387,-0.06103160221233788,-0.05177274428284434,-0.04741786258421743,0.1445417106207944,-0.056318150829614756,-0.14074022904632955,0.10051075938135252,0.0051434919853706115,0.08691197792818763
1081.0,-0.06089247652981169,0.09204722810332393,-0.07452450325568717,0.023050993442461774,0.0561431040068271,0.0016694172311574867,0.004409318284653023,-0.04322750106353507,-0.05659249546058605,-0.013908258031483685,0.11172468515277532,-0.06686248856861363,-0.14351218216515058,0.08396541358110447,0.0706035528172858,0.11135584833359741
1082.0,-0.05452682714303051,0.09321808898632229,-0.06617027076910446,-0.004231159893518621,0.06777109506264317,-0.04272265785371271,0.0006273092866132829,-0.011424707509431605,-0.05033905362714303,0.02697663352367082,0.06728412276277443,-0.07376611510504098,-0.14149129079926556,0.058846512140265955,0.13727992969718927,0.1362054651318656
1083.0,-0.04246758309340474,0.07487658979004234,-0.03834537388281743,-0.02063897502466908,0.07350218930666418,-0.07577635871668588,-0.0016540265630055684,0.026307568058261736,-0.02795397631074877,0.06508253209032913,0.017622290540533016,-0.0708354733212939,-0.1320172601620962,0.028366283801739438,0.19128269477483742,0.15129588351279954
1084.0,-0.025720153475704687,0.04124002699258234,0.00534980963871964,-0.02787681544014831,0.06891173560541293,-0.09412644993051779,0.0026042282670129336,0.06153113389101333,0.006860895330595412,0.09327783741057928,-0.029289369820053507,-0.05254868891051638,-0.10855032250097367,-0.0015674554540964602,0.22293413776411602,0.14753077119668603
1085.0,-0.008686736616791438,0.002856504185747985,0.057968813166712034,-0.02942401523585155,0.05379799591326466,-0.09597928906337774,0.01625658787296243,0.08943466021555892,0.043005789787242885,0.11041811085322101,-0.06470504302264674,-0.017664555725000038,-0.0653379120946977,-0.024626618740204286,0.22902047872401826,0.12020455989213778
1086.0,0.002451620869191638,-0.028532504394752755,0.1107991638062837,-0.028807213886043678,0.0330434247947008,-0.08149662936820014,0.03727053384960804,0.11036490197162051,0.06756726658709648,0.11977573411666989,-0.0814187250892585,0.029381865590571196,-0.0038882508305798104,-0.037130621276022784,0.21188816497668247,0.06990013282989037
1087.0,0.0036353860026003405,-0.04579665147027283,0.15538772073219362,-0.028353855447905738,0.014059246705696131,-0.05557840320842306,0.05797784115911018,0.12812606160909454,0.07245753634736114,0.1245213405610695,-0.07609580478547537,0.07924903733452092,0.06322055757488565,-0.04021007394768938,0.17656678757757402,0.002136023866511735
1088.0,-0.004616042730611208,-0.04887130259932636,0.18589348044778323,-0.028230876697092882,0.0026929914627551884,-0.02962509673624439,0.06747748180277129,0.14623351563066414,0.058752475063217235,0.12430109118104883,-0.050189024692992044,0.12004285833574922,0.11510677850299936,-0.03887389596977655,0.1283346219808423,-0.07309826701160864
1089.0,-0.01818724404963378,-0.04300343135637076,0.20046180530940186,-0.0264194733066394,0.0005312315363233704,-0.018380731927076895,0.05689592036529389,0.16430883254050896,0.03616171760638563,0.11566987440253679,-0.00940705751676161,0.1410029926969759,0.13205410093858053,-0.038203545249231245,0.07249219471868212,-0.14246255975961092
1090.0,-0.03193982446130337,-0.03468771864383098,0.20064739139249851,-0.02029146568805365,0.0049560529197339755,-0.03318337391730038,0.0251708301711038,0.17708110128151636,0.018047834725366658,0.09563752958264983,0.0377449919118466,0.13666750856964155,0.10640500509025799,-0.040091644394828096,0.01543532065973822,-0.19191866849558492
1091.0,-0.041490095127195474,-0.0281754555103338,0.1895240097814184,-0.008881132704529022,0.01124117766364132,-0.07619376457978276,-0.018322754754117418,0.1768932542764477,0.01541197814287105,0.06499872145875439,0.08186287273786819,0.10920396587523036,0.04782750200610179,-0.043447902435747913,-0.035525629616366995,-0.21083129623476363
1092.0,-0.04406852524226734,-0.02460192844891403,0.1698697485297635,0.006097111509336088,0.015175843225360535,-0.1384552682444774,-0.056971672774603445,0.1580031814252824,0.03282005644493882,0.028557452313068374,0.1143605104724903,0.06671012446888398,-0.020095681737972108,-0.046887778049293546,-0.07409150188896389,-0.19601222143213706
1093.0,-0.03905053568457601,-0.0234669023432255,0.14350950822562417,0.021152170255401028,0.014757652708760713,-0.20278860499116952,-0.0749957759555855,0.12026206075638084,0.06705880056707593,-0.007715251905127358,0.12871495000047944,0.018396318373630267,-0.06983861197990887,-0.050422185037963745,-0.09660477340280561,-0.15289525328071507
1094.0,-0.027743090225217863,-0.02450919498331429,0.11182698754127267,0.03267482397789505,0.010386471559338223,-0.25059445561569305,-0.0657465815868587,0.07083269005641996,0.10829394782501958,-0.03990497608919383,0.12160300648443129,-0.02929983984040361,-0.08162382718418315,-0.0542020306308388,-0.10218534884155173,-0.09245236906069614
1095.0,-0.012166702727517914,-0.028309921163693807,0.07639410990300229,0.038199382705380175,0.004320349163760768,-0.26897825539971065,-0.03515473155699289,0.023115856791051204,0.1433460994460584,-0.06706363345259235,0.09393789526892396,-0.07274765572249763,-0.05136972979390748,-0.05586791022848369,-0.0921035350979414,-0.026438590609182383
1096.0,0.006212260860470256,-0.03527695581289084,0.03918896762659873,0.037023279738072436,7.18692731573907e-05,-0.25491329082089803,0.001319578077734172,-0.007547301754630896,0.16036739536625408,-0.08952818629019774,0.050763874087588104,-0.10856303157477186,0.008572849215304245,-0.050010200229533015,-0.06935874418487081,0.035433463020438385
1097.0,0.026684503962559183,-0.04411599096244128,0.0031006684274228176,0.03017759198580183,0.0013741042413145403,-0.21540998159761784,0.02578487348512044,-0.009845502362914012,0.15342344085147167,-0.10671382058163338,-0.000568326414640535,-0.13167169016626193,0.075146974285835,-0.03139974020170101,-0.03869826459379141,0.08635627546844277
1098.0,0.04837174498418379,-0.05141504920933029,-0.027101908582959373,0.01981410832229743,0.010420408974426597,-0.16387640062306422,0.025557798938790635,0.01883483752959538,0.12486348957998532,-0.11641791060644524,-0.052696364746828435,-0.1357468737707742,0.12371499354337859,0.000504153565449891,-0.006656293560315442,0.1233074365866568
1099.0,0.06907808698857743,-0.05285881343478198,-0.04497102088410947,0.008398582491227368,0.0261685789744589,-0.11427583465050718,-0.0010537178089799286,0.0708298028028851,0.08422650693329536,-0.11591653082485312,-0.09929347161771784,-0.11575791060672265,0.1378623772845683,0.039845587346288555,0.01890802024737425,0.1474685092248579
1100.0,0.08504153003759135,-0.045373854494257154,-0.045258913855386704,-0.0016721300906179233,0.04407103100519708,-0.07582194436128566,-0.04293136538165147,0.13012756261295522,0.04439755421863837,-0.10383930005421114,-0.13441072344112825,-0.07111399454615676,0.11643981799769472,0.07691190085787955,0.030177016683634796,0.16226430451904367
1101.0,0.09206484554983702,-0.029131757202696455,-0.027885793919098036,-0.007847498269770199,0.05788763933969888,-0.050003539767078824,-0.08000335292165808,0.17776367965902537,0.01676355933271581,-0.08133185295409436,-0.15123846593076734,-0.007310487781192215,0.07393179663427174,0.10279628339333767,0.022274397930357123,0.16978901913398403
1102.0,0.08735718679819861,-0.008225756643075585,0.0007785023436917546,-0.007665945217562348,0.06275868027002174,-0.030451028101829727,-0.09190882186868383,0.1989778407920505,0.0069809258823260835,-0.05148175837781211,-0.14260375450090468,0.06518036863993988,0.03362060939970082,0.11258608451863512,-0.0027578013901502626,0.16883526572803037
1103.0,0.07084658216002292,0.010694509655485813,0.03095943375022097,-0.0004895140060802322,0.057587546356630215,-0.005952186419113958,-0.06746116624393515,0.18852638845513842,0.012924482260356637,-0.017796274479183322,-0.10448310190244169,0.1340578231211449,0.017088789782395322,0.10549972704559499,-0.03407077872574177,0.15642883735742813
1104.0,0.04533282920880338,0.021311494720163946,0.05453381813696155,0.010771490215261966,0.04497740931288266,0.03373259718740099,-0.010163373020635809,0.15148778592644357,0.026138112687996064,0.016647507435848165,-0.0400318411603065,0.1884766165275973,0.03468830233471943,0.08394945527040817,-0.05545076785905778,0.1313532283874946
1105.0,0.015743116948149505,0.020646545776321686,0.06837778688592863,0.02049051697589603,0.028879858583096333,0.09167814516667244,0.0629107050673451,0.10001993961369353,0.03658349236809791,0.0494065542611886,0.04018009729609782,0.22112640916898982,0.08103951342533652,0.05336164023236773,-0.05317536434184281,0.09642860075300487
1106.0,-0.0120004507770007,0.010719344537710652,0.07416221862380397,0.023339591499929296,0.012269713803227705,0.1610545907166092,0.1284468944141634,0.04846079247167076,0.038231152742722985,0.07921126122913971,0.12230732663038904,0.22906963916877762,0.13767362057472826,0.021397748749123213,-0.023410744182832764,0.057881469690454136
1107.0,-0.03218034367530288,-0.002308403884737543,0.07563022818042005,0.01685162032112514,-0.0030980632172334533,0.22767079414164712,0.16693681445281092,0.008822610746072697,0.03181616182991387,0.10625966988673731,0.19368261012667307,0.2138200474473948,0.18107413496369096,-0.004644003523723649,0.02578013312504386,0.02263193490528224
1108.0,-0.04053563757806114,-0.011514054332894666,0.0757747653747843,0.0023571471855137484,-0.015367049454539688,0.2756400580190362,0.16997958012373884,-0.012232778604376167,0.022736245076365676,0.13096530840141063,0.24418226670781296,0.18065079349806867,0.19204100335508667,-0.02045903168088587,0.07888653707382871,-0.004419977635649598
1109.0,-0.03548865724235906,-0.01301462625795295,0.07544958222066987,-0.015294310535384577,-0.02200945677547983,0.29258349742771983,0.14111778400351155,-0.014481118533042051,0.016294905614659478,0.151872356956703,0.2654667796373719,0.1369184418950489,0.16344640929015258,-0.025472609540794607,0.12000540560261164,-0.021216360163685916
1110.0,-0.0186044994884658,-0.007576092632995397,0.07337547993532732,-0.029259605053233655,-0.021343805011999995,0.273066533856885,0.09143502265277215,-0.003283419632938593,0.01497460752223652,0.16502027389284066,0.251227395171231,0.09002164211752092,0.10429226709365921,-0.02225831669053903,0.13760519625468262,-0.02752904374481485
1111.0,0.006192594042794908,0.0004871336658815721,0.06706716040649466,-0.03349626342888322,-0.01475627542528214,0.2208247486255157,0.03416283727913691,0.01309814593417521,0.019688675328669983,0.16588086687668774,0.19982459966191882,0.04628651087549152,0.037586493731679334,-0.01582171032893959,0.1260737587804577,-0.0241160229357252
1112.0,0.033667607946810736,0.0060099217702853334,0.05440546159511818,-0.025507681757291147,-0.006858637306378392,0.1490024264804864,-0.01876002840199022,0.027364485618237535,0.03199595503059735,0.15265956497241856,0.1179095322064223,0.011180123793623042,-0.00830233950408587,-0.01221818232707179,0.08635502155724802,-0.013262843213223845
1113.0,0.05765834888666009,0.00608993298850622,0.03528417084087327,-0.007251631325270594,-0.002786036963173517,0.07676046662761454,-0.05806014790124948,0.03605980375431083,0.053430267890518066,0.12848960537485093,0.022215386078653532,-0.010362032583555322,-0.01138386420194865,-0.01568085917962617,0.02624281006811484,0.00029142047233261944
1114.0,0.07176129648752069,0.0021327600529186847,0.01261847015050059,0.01625038263355812,-0.00490516093719784,0.023116640212846054,-0.07790162749787279,0.03933264064409735,0.08262347985548214,0.10108413583093971,-0.0630169114499179,-0.014790737156262663,0.03422104007766498,-0.025725928626223638,-0.04151983548504222,0.00989417564373243
1115.0,0.07151824370681313,-0.0006871528576684587,-0.00784662965868692,0.039373140598370486,-0.011456669452932562,0.0008808589843564506,-0.07712695238617023,0.0383595218975349,0.11406029671000914,0.08039904100749401,-0.11351379332856734,-0.0016567972957201836,0.11472536438061917,-0.03705937287673954,-0.10312524181968538,0.00986749144790089
1116.0,0.05682844166898176,0.003524288965939843,-0.01966377211466264,0.057675999441119605,-0.017558171605740785,0.012845030798537981,-0.060129297400297294,0.03329411188941461,0.1396839826397412,0.07515435669867337,-0.11450745436504078,0.025183260791636734,0.2009125900056329,-0.043044178537711635,-0.14651944268402403,-0.0006091061070230373
1117.0,0.032113210536413986,0.017784928332626414,-0.019487606501126943,0.06841650176844263,-0.01781488998042877,0.051225862166111885,-0.03537627189574752,0.02317245540510854,0.15145523678719833,0.0887736696862997,-0.06734375492423521,0.05772159211812805,0.2593271411249508,-0.04011711851543988,-0.1623833983126392,-0.015808900894268514
1118.0,0.004056292401797576,0.04018078085677668,-0.009993998623558587,0.0706576329826386,-0.009573065890980652,0.10007399188824842,-0.011276641715143287,0.00698034725906936,0.14357116130229608,0.11653614969833344,0.010513524839085369,0.08534366414274054,0.2672271129540043,-0.02961271507671088,-0.14605190945565888,-0.026086960824551312
1119.0,-0.02110711408673179,0.06409923358577671,0.000775451977142709,0.06551512867840421,0.004916764699058308,0.13971601689230603,0.008116351721856815,-0.015329629627562765,0.11421375615988162,0.1464933605556516,0.09229835639514421,0.09764928421124033,0.224249772802513,-0.016145295162197794,-0.10105165772776967,-0.02346043153401581
1120.0,-0.0394099578296021,0.08058945235646986,0.0036490688201025203,0.055647799200271436,0.01943964763082495,0.1528284546359842,0.024325309907211875,-0.04230779240071455,0.06660492706691658,0.16468328621159806,0.15238412904661897,0.08850762093242377,0.15259503939695368,-0.004758129717771339,-0.040376825843880935,-0.006382722618830874
1121.0,-0.04986286284608066,0.08217286655803496,-0.006383496615236755,0.04340455883133838,0.027993886406210117,0.13053103209955472,0.04148615314264094,-0.07074559037810671,0.009007698680748553,0.16182732386011,0.17525087743756315,0.059974932823495496,0.08445059619164912,0.0012505820728993687,0.017805772067864906,0.019290272683487365
1122.0,-0.054092224676810303,0.06636877656825385,-0.027335745998076196,0.028966724137647414,0.029285704371697946,0.07515260829047801,0.06160161068373576,-0.09583293925986486,-0.04695926738997819,0.13741019523396553,0.15927279146997336,0.02269993365562966,0.04503689761017751,0.0017145257653545301,0.058075683837251216,0.04338718879650331
1123.0,-0.05519715466552467,0.03700653173775432,-0.05189266915880089,0.01040660171023608,0.027856631684919732,-0.0016343280225906824,0.08203247185249689,-0.11254003330525704,-0.09009990828280934,0.09892151172512245,0.11508194528857778,-0.00892385979156253,0.042142008042811596,-0.00012129482557517935,0.07397742068025345,0.05619127196130657
1124.0,-0.05607351274425129,0.0028536451790749837,-0.07190056683303347,-0.014062960731444083,0.031180546812872627,-0.08311796958024446,0.0969138006782132,-0.11828919435298559,-0.11395263062268335,0.05708460286040514,0.06029748613364699,-0.023810203514414145,0.06704517963380092,0.0008020878975185531,0.06895388945783307,0.05184700933579116
1125.0,-0.05746321154243013,-0.025650666012898483,-0.08197404173170682,-0.0433180403486585,0.04519608592011592,-0.1516962273999168,0.1005143993074805,-0.11543683079193803,-0.11852160734680298,0.020384824340784615,0.01288905306066529,-0.018952119316353277,0.1033110270484259,0.008737578854572974,0.05258232681211704,0.029200436699979404
1126.0,-0.05690765071962974,-0.040419963102769865,-0.08031707571508533,-0.07210640661723942,0.07071969261930529,-0.19233660729481647,0.0895329687101036,-0.11144888363801936,-0.10822129517060072,-0.007451433851175035,-0.014537737352412816,-0.00033544825621652295,0.13550129872609948,0.025487779682350015,0.03495700976738329,-0.008881029836399792
1127.0,-0.04987914440641667,-0.03910292991563223,-0.06763328405880238,-0.0923770032868512,0.1019951556597102,-0.1960690029922094,0.06343995476298975,-0.11572782233707023,-0.08844491433331947,-0.026378353100955473,-0.01809957968093246,0.019432430531047266,0.15277533728251597,0.05036774372744492,0.02166359973587719,-0.05668891004587194
1128.0,-0.03257381621147611,-0.026348250418691814,-0.04610085110467109,-0.09665540668277622,0.12815050146244178,-0.16292150147098267,0.024396050200063323,-0.13462648210998018,-0.06413139198429056,-0.03796599220924452,-0.0032995011025552558,0.026141161263334708,0.1489516399205916,0.08072563227640461,0.011512885623880292,-0.10744191935361345
1129.0,-0.0043934267833516975,-0.011890725766580764,-0.019326442522631684,-0.08169761290455059,0.13728816270676547,-0.10219122081876396,-0.02208305622273131,-0.1679881437631996,-0.040956827291759014,-0.04455420657614252,0.017067504594864544,0.010420566221946577,0.12280642987737624,0.11202249685879441,-0.001107153316561572,-0.15493669001538432
1130.0,0.03137786128600686,-0.005408838296340737,0.0075663262020539135,-0.0502866318449024,0.12149885999314516,-0.029662739639203205,-0.06702589439831481,-0.20941563710544212,-0.026373663037332934,-0.04934406621135389,0.02780582887698442,-0.02720921632563668,0.07870986599288553,0.1377271298691688,-0.020663837029416567,-0.19342607325184105
1131.0,0.06862937505763618,-0.010427374173296769,0.028513578923487156,-0.010111218952063203,0.08078263972671534,0.036386992686671796,-0.10044837221121097,-0.2494497472543262,-0.027749685138761904,-0.056216196122415914,0.017898483709722475,-0.07596088988594867,0.025148031910764455,0.15029293878491373,-0.0464335156009791,-0.21630125598507588
1132.0,0.10027665201967509,-0.021898246691955395,0.03759752355847347,0.029506748619753782,0.02408243571569599,0.0794972280965939,-0.11584752686698721,-0.27886781233219154,-0.04816309622685266,-0.0686518338878438,-0.01433835095332594,-0.12002185711080719,-0.02890127592820714,0.14390729703284239,-0.07279549414532782,-0.21650725472810356
1133.0,0.12044651147120047,-0.030417825648856502,0.030839988502272805,0.060900272169108365,-0.033805333821285116,0.089474604778845,-0.11358105169085506,-0.290478375179022,-0.08281147564310687,-0.0878859004653256,-0.060738706600598505,-0.14629398253485185,-0.07700957252008825,0.11779040936147557,-0.09230154335659486,-0.18978712461587113
1134.0,0.12673240333375874,-0.029873214800426574,0.00859483879895419,0.07933452108580313,-0.07829724256474785,0.06534818083758179,-0.10021770350619931,-0.28036095780072734,-0.118991832915886,-0.11141503224650498,-0.10732583077469786,-0.1496543695252494,-0.11590446054638338,0.0776363817076219,-0.09875162836476738,-0.13830075645831424
1135.0,0.12135619378425785,-0.021384469890401235,-0.02348983518949775,0.08219544356340938,-0.10036991369191654,0.015181926229202057,-0.08411605000118676,-0.249478239925053,-0.1407866683387283,-0.13329223136307938,-0.13948392121929978,-0.13341417586111312,-0.14430664399140444,0.033447225070089355,-0.08907985379362542,-0.07148827050826803
1136.0,0.10983100089704334,-0.01045083057528007,-0.05664298705099611,0.06813344714740138,-0.09843900357616706,-0.04712784751193415,-0.07048198996416381,-0.20444529051864002,-0.13630635596923496,-0.14626631577591684,-0.14582714399498836,-0.10652671514184783,-0.1618585072919387,-0.005654923548225398,-0.0642540551317182,-0.0035620603254543923
1137.0,0.0975346134778065,-0.00142049539734435,-0.08275512387123388,0.037870248265575016,-0.07724798453860822,-0.10682680603330719,-0.05905933127934211,-0.15581834054909793,-0.10321934309496837,-0.14456600039706982,-0.1216922297584493,-0.08000758292805193,-0.16922541707801642,-0.03598422821743315,-0.029429036613537813,0.05035840499689541
1138.0,0.08690004953650449,0.005369689051048209,-0.09699562234231184,-0.004229165304443422,-0.045507497771485834,-0.1529072601723279,-0.045242626318464374,-0.11413726071602683,-0.049599456377428096,-0.12634674254612654,-0.07284175428861485,-0.06364832047392106,-0.16896592054034984,-0.05917449354598057,0.007104906458421377,0.07747974383024027
1139.0,0.0775061815028466,0.012777849068347927,-0.09854750738609042,-0.050115714345870165,-0.013170190564249696,-0.1798505191469936,-0.023685483826867405,-0.08585654179085554,0.00953011255073119,-0.09509862180794393,-0.016376125365736228,-0.06330319180690384,-0.1661275463724659,-0.0777915455707311,0.036574372558260404,0.07024694797430041
1140.0,0.06817380873051802,0.02412434431311319,-0.09014209832163421,-0.09023119184065356,0.01110494535868536,-0.18621871093801393,0.007205593875878194,-0.07154969447580857,0.05746012650037837,-0.05899651896255052,0.02458593208445657,-0.07926194778928858,-0.16757801894106175,-0.0915639315636384,0.05321565390059168,0.02990589108584624
1141.0,0.05843047753576575,0.040250924433246,-0.07644367475914404,-0.11638707013531074,0.021570704183562696,-0.1729022791954719,0.04246813483367982,-0.0672190914322382,0.08114347316443624,-0.02773668717888625,0.03147205204725489,-0.10639592629130162,-0.1795836998739733,-0.09770920036209184,0.05655164702201846,-0.031376609502432706
1142.0,0.04841999079455789,0.05805631418874628,-0.061389613474318865,-0.12356892472752157,0.01611960071405058,-0.14354173232743794,0.07190594240109381,-0.06734023241413124,0.07589251431839883,-0.008461572796300335,-7.96058006895319e-05,-0.13639537906519555,-0.20456457585081383,-0.09395213914351884,0.050439051562452326,-0.0936166351325801
1143.0,0.03844213312589742,0.07167970136571278,-0.0461461481556453,-0.1101738983845828,-0.0033616535658527688,-0.10563176047316487,0.08495498665420047,-0.06734504234315687,0.04752891627919847,-0.003738920230970206,-0.05827264213885207,-0.16128441963769283,-0.2391434766705375,-0.08107042828455248,0.03925293948206582,-0.1369807481558212
1144.0,0.02908495895243715,0.07563226769668754,-0.029759909817663598,-0.0775703859345787,-0.03148493916343535,-0.06853561051665026,0.07561016227286751,-0.06450636382253187,0.009635255551622483,-0.01270666949283879,-0.12192929979443759,-0.17604992113510945,-0.27491722192367857,-0.06347632477620922,0.024294994235372312,-0.1492604274814056
1145.0,0.021524430464787532,0.06780079771622155,-0.012056205965053003,-0.03011590563109512,-0.06129871622868974,-0.038351767471582573,0.044751686552690205,-0.057655096517816265,-0.02355190765130441,-0.03333347611165647,-0.17049447263733977,-0.1786199145785401,-0.301403200938998,-0.04750333326092135,0.003513221707444013,-0.12821672427400838
1146.0,0.017243708236168154,0.05056167105464022,0.004577002271587658,0.024519642148804442,-0.08660729773605376,-0.014481828500696556,-0.0002622300509684986,-0.04630941969553797,-0.044200245009988134,-0.06337596191899973,-0.1913300095692497,-0.16808943407065993,-0.3095802239674916,-0.03768017469774129,-0.024982125316763075,-0.07919018720400352
1147.0,0.01723394815210036,0.0295206176668586,0.016780073015613448,0.07606675118714747,-0.10333746875541276,0.008735114589283813,-0.04795408894929134,-0.030003809197225572,-0.05290023422296918,-0.09961445207711682,-0.18235248975133497,-0.1439878733294102,-0.295068110244989,-0.03330364082028057,-0.058418585080838324,-0.011605699239778458
1148.0,0.021305780793577013,0.010801838343931294,0.02320694021942938,0.11407045316649182,-0.11007238629780075,0.03758517797771162,-0.08619942327592962,-0.008801367646124462,-0.054945404545014634,-0.13658698810317887,-0.15099208216231028,-0.107831625347835,-0.2601458566361657,-0.0287682774759007,-0.08826383923067198,0.06304782384194549
1149.0,0.027830488171234756,-0.001200070211221181,0.025408510233201648,0.13101341076527248,-0.10798717165074605,0.07575077528648123,-0.10543162274150629,0.015370653575830456,-0.05506559445341102,-0.16641140634397267,-0.11047790046153426,-0.06500737753400765,-0.21302176742424725,-0.01794905790459556,-0.10411113031489215,0.13177626955835345
1150.0,0.03370517577183301,-0.004317741499945395,0.025954970474131995,0.12455610071162158,-0.09971373523776036,0.12333600293586729,-0.10025317894087078,0.03823870844263709,-0.054742243939077895,-0.1802710555703963,-0.07422353273098779,-0.024178928353920312,-0.1640296570877853,0.0013392423179806015,-0.0989311950997558,0.1808116614605627
1151.0,0.03458728503709973,0.0017954541014486573,0.025991084014970443,0.09810573346088311,-0.08759472903142786,0.17695490168035383,-0.06963750156677485,0.05447607887536179,-0.05289674498451666,-0.1710356206831781,-0.05043462646763587,0.0058889469243026136,-0.12148540478612124,0.02601717451716462,-0.07095642489231671,0.19829356615368945
1152.0,0.025984752657863618,0.015476887420514524,0.024328277785167673,0.05973811167057554,-0.07298119946476607,0.23010881550426687,-0.017289867221401436,0.06000406821982101,-0.048451115449075245,-0.136332044999022,-0.03949791443767319,0.019325046834866185,-0.09029874945067073,0.048801782731404994,-0.022162192098044008,0.17878007062410894
1153.0,0.005147239652606466,0.03237442943874269,0.01834607568027414,0.01964007194351425,-0.057115555416163505,0.273693208310416,0.04727187964550754,0.05367723887893307,-0.042413429007116255,-0.08099437728867664,-0.035018265778399726,0.01402947796130207,-0.07312296325685197,0.06034577137417362,0.04241063733371957,0.12674929755747902
1154.0,-0.027460563686716052,0.04556176065711296,0.005881312298548938,-0.01326986110212791,-0.0420808244513575,0.29680888010012396,0.10897352683409565,0.03740092608812798,-0.03793593790974112,-0.01735066485782119,-0.0277268222219549,-0.00853051057173414,-0.07117614442411907,0.05299359737420272,0.11232683894289665,0.05608619404957414
1155.0,-0.06817819972999332,0.047669926011268265,-0.012747504497770965,-0.03406937117744729,-0.030299215424275234,0.28903866764493746,0.15120989645777866,0.015493017014921416,-0.03879414961416232,0.0377872141390587,-0.010371166363363597,-0.04303406078636179,-0.08312976059879108,0.025484617270873835,0.1701079170403378,-0.014574805120921247
1156.0,-0.11160532492797094,0.034893028442552404,-0.033807007724937436,-0.04270224086089022,-0.02294779157770939,0.24495306716627752,0.16264803887446164,-0.005375611224557143,-0.04751474750568327,0.06935478814772725,0.0190672495810378,-0.08006221344501127,-0.10359981788438347,-0.014775529042232552,0.19552140822201675,-0.06819374287423431
1157.0,-0.15247465924166412,0.009907642574243338,-0.051458346758966766,-0.04275295004593995,-0.018976278059200526,0.16890456853694033,0.1421970442034139,-0.01626465714306175,-0.06393022923809057,0.0707365539677283,0.057275367062018225,-0.10761621459047313,-0.12379937945740331,-0.05428302724421405,0.1755044389869211,-0.09471891091300308
1158.0,-0.186659547646957,-0.01973719310152052,-0.060716180100025954,-0.03863010635657025,-0.015945516613408837,0.07643777646838747,0.09821174994313504,-0.008133554599484614,-0.08467053431354976,0.04627643455898829,0.0975209194266158,-0.11492859594114715,-0.13473767385737145,-0.07938122935545543,0.11278614691881918,-0.09380578166169129
1159.0,-0.21087948755884725,-0.04662973747034076,-0.06009968947046678,-0.0326734322206302,-0.012232081286344804,-0.010093798844579652,0.04288190793867662,0.02374180209490292,-0.10386172843784668,0.00798390694238183,0.13176377012830154,-0.09692870385028232,-0.13049664911668413,-0.08181347604944134,0.026363097207595297,-0.07367143934681492
1160.0,-0.2217657503286871,-0.06690494684832803,-0.05241789554898333,-0.024177464137743795,-0.008857599077302393,-0.0709554114010584,-0.013314113449468009,0.07602606250328484,-0.11478306815521748,-0.03035991016358575,0.1524752124014292,-0.05659094584536875,-0.10922031670015195,-0.06101819365166472,-0.056312788906522936,-0.046221062691735156
1161.0,-0.21540722353609706,-0.07976919148246021,-0.04323891605031586,-0.010969615364862345,-0.009570256395570177,-0.0989470542384944,-0.0635633164094919,0.13741455903967223,-0.11185015662703211,-0.0578840029531518,0.15430918290709628,-0.003715335812272101,-0.0721562141319327,-0.023013656702435027,-0.11027134649333313,-0.020990933992867864
1162.0,-0.18868017443693383,-0.08562278208408733,-0.03805443465937403,0.007762335310904754,-0.018943943327216002,-0.10297537525345327,-0.10364877634370476,0.1930194442575568,-0.09247701960854844,-0.068771177274294,0.13537792429266463,0.048865849490013,-0.02256752842618923,0.02225974038752473,-0.12193049114503797,-0.001156551912626421
1163.0,-0.14250769080463513,-0.08525672565997994,-0.039986597081992106,0.0295604321596424,-0.03907073099813323,-0.10158120789323168,-0.1302318526298711,0.2305993000851109,-0.058609091451202265,-0.06258306026974642,0.09801878644635656,0.08978762044671251,0.0340480211800112,0.06355241464799165,-0.09246003776734422,0.016728604161560526
1164.0,-0.08428664576894923,-0.07993892802362866,-0.048936385897510724,0.04917965542138403,-0.06672662017021222,-0.11064834429927704,-0.1403417141875758,0.244853171502431,-0.01723858751402659,-0.043844477385875914,0.049054684907965454,0.11274588031172665,0.08849151679031177,0.09055970306014476,-0.03457011622428174,0.03936076085899428
1165.0,-0.02614427310694139,-0.07140665826217842,-0.06185496986176776,0.06101313617735633,-0.09359124928766245,-0.13408936702131935,-0.1328445898829036,0.23741055143142947,0.021290778918725155,-0.020734826000474903,-0.0012791598121430013,0.11772526809523341,0.1278475265333536,0.09603456269505051,0.03403635777043781,0.07142162556593443
1166.0,0.020350715276978758,-0.06128686548092374,-0.07371172840276721,0.061601114304589366,-0.10969325684786944,-0.1626484172049338,-0.11068886409258785,0.21382258865985593,0.04764863626742025,-0.002107927325152506,-0.04258746169091223,0.10958582416275778,0.13994455963428412,0.07790196800543789,0.09608669218113698,0.11147739976261094
1167.0,0.04884696740062656,-0.05037746255045158,-0.07910482667142284,0.05072434124174172,-0.10746567574666104,-0.17997544529713613,-0.08126475769189298,0.18092232813371326,0.05866646660474237,0.0064299798356754765,-0.0684455937905247,0.09547910418065945,0.12088292060477109,0.040516803653369085,0.13821132068339306,0.1515838293223601
1168.0,0.059192583337179284,-0.03892236457437993,-0.07420086982088553,0.03072688901760051,-0.08439525782416794,-0.17258469736581214,-0.053746902571243114,0.14604695850106578,0.05920023839562506,0.005146568553275278,-0.07832531756470129,0.08248147361662135,0.07979428101205725,-0.0067643219638208,0.15380556374207824,0.18083780798231242
1169.0,0.05509189610158014,-0.027667495950323296,-0.05783397255926963,0.004828956651020792,-0.043869193014674006,-0.13886492316776172,-0.03521681706391185,0.11681732974638007,0.05836458964676332,-7.806187200434876e-05,-0.07582032489074171,0.07560785356732751,0.03625593880993713,-0.05371763134987892,0.14476075467494773,0.1904519729428596
1170.0,0.040956132568971355,-0.018078019491640642,-0.030994907311505858,-0.02401078863283583,0.005919190476190354,-0.09097347775521021,-0.028135513578823598,0.09975674877962347,0.06297745242213741,-0.0005605544223830784,-0.06502424280113774,0.07632179547456787,0.011438961808169213,-0.0933138567589836,0.12010861985963155,0.17695350775875449
1171.0,0.02052392329624088,-0.011522215083964097,0.0044352663012588,-0.052876122418214815,0.05468704521900628,-0.0469954010466732,-0.0301565493692534,0.09786663873818736,0.07346028508059262,0.011419539141814485,-0.04806370240888773,0.08231217586665805,0.018150562753693398,-0.12308414439252797,0.0913022498348673,0.14226722883524387
1172.0,-0.0023979379920427125,-0.00880217224753266,0.046470488702309715,-0.07834288885273287,0.09313253834323415,-0.018999910778768857,-0.03572853023144994,0.10900504881879647,0.0845820609449433,0.039305443097444555,-0.02511721222143345,0.08891496597498239,0.05463639514283167,-0.1434628885678143,0.06653881845668054,0.09206836982256872
1173.0,-0.02332993708028322,-0.010472635609523728,0.09290755622653267,-0.0968354374851661,0.11516195407189482,-0.00684961681540216,-0.03853494468125739,0.12640444286201383,0.08949075465210402,0.08026374427845437,0.003864917051952142,0.09146668418194176,0.10474786748623674,-0.15477209961349223,0.047279008334841624,0.0336433994139779
1174.0,-0.0384784795338396,-0.017012882234037865,0.1403980122784352,-0.1056850789798574,0.11917661468508506,-0.001866880450950661,-0.03391623586740002,0.14118270903291508,0.08396594318481466,0.125554357575331,0.03730198051272484,0.08772301877696691,0.14505714783641654,-0.1552711922576886,0.02883665216848617,-0.026419977749631465
1175.0,-0.046956159293843065,-0.028188888908162433,0.1832697354868149,-0.10408317306225597,0.10875008629110783,0.005088620203470918,-0.020453236940974676,0.14630885865618984,0.06860146233998533,0.16393689627112773,0.0712104620459079,0.07970733019064365,0.15649014274026268,-0.14174495923776884,0.004640813319899344,-0.08366882546349252
1176.0,-0.05114149715708592,-0.04233351047741505,0.21332396947102242,-0.09355015070536282,0.09194378550935148,0.018208144159422332,-5.0632028146335054e-05,0.1406195743756771,0.04820397891069215,0.18655279886044646,0.10017677991611924,0.07357331276760117,0.1341215314001087,-0.11232056825041684,-0.02872424893126097,-0.1349683903301337
1177.0,-0.05400058012190208,-0.056906301365678466,0.22165803369713072,-0.0775425435169722,0.07808700173443553,0.03483898677224194,0.02338154032489377,0.12987920605997416,0.029206951302392377,0.19019801063483172,0.119377511481092,0.07620742270134949,0.08884337181434708,-0.06962302234209228,-0.06882489842470456,-0.1760316717401312
1178.0,-0.05534630137252873,-0.0701028141230436,0.20243846003907898,-0.05976574377275448,0.07313998373023708,0.04564963999110177,0.045580974905167444,0.12327024671633179,0.016950020415564475,0.17743170441021067,0.12556776496136782,0.09011724115344132,0.04070558049361678,-0.021388476623455825,-0.10770857055151736,-0.20004562387640645
1179.0,-0.05040029760331384,-0.08116809110955835,0.1570918795083549,-0.04187273194493599,0.07703993175516433,0.03842675097979927,0.06298291582102628,0.12782241683913306,0.014288801999074582,0.1542936567849507,0.11655808647572075,0.1106410269995336,0.009471867695358209,0.022722354958888018,-0.13466785803118417,-0.199505821538131
1180.0,-0.03221106845265428,-0.08821149690936986,0.09590085569391431,-0.022562378046606272,0.08485104433490348,0.005455570997006876,0.07325499247702649,0.14458067679852324,0.02132006228641151,0.12708407217738552,0.09123268386006217,0.12806581416703244,0.007778490655730071,0.055444378103394004,-0.1409400502550172,-0.1705028307975361
1181.0,0.003449116117825209,-0.0862593646242842,0.034394653799327345,0.0006455650530378288,0.09002098528785961,-0.050743727953431086,0.07577098360136837,0.16773092964706957,0.0353747487843259,0.099511029998108,0.05068792430248471,0.13311793276627945,0.038574213995016114,0.07370672079051506,-0.12420273371047384,-0.11639677469383407
1182.0,0.05374280544348283,-0.06934072513914961,-0.01402045265653497,0.02825411521863756,0.08732385249455606,-0.11738396918109179,0.07206810098088326,0.18612867134433508,0.05148993829968378,0.07147592826246915,-0.0016149029201890884,0.12189277772480231,0.09567976992096128,0.07764990813259383,-0.08964521950135897,-0.0478257336422099
1183.0,0.10783579880784862,-0.036018398423112975,-0.043766583422155024,0.05695692465130882,0.07494728550225609,-0.17512712235401118,0.06572999851968152,0.18708231941594458,0.06400137287193645,0.040330707489980785,-0.06107862326039589,0.09741902777438982,0.1657582123924828,0.06924928751559561,-0.04718498958805201,0.021389062901925493
1184.0,0.15059668660413403,0.0068669897880912975,-0.057112055579446076,0.0805430298640412,0.05574503279040363,-0.20258236111419425,0.06088265450186185,0.16169878058052217,0.06896039523718851,0.00414225473462137,-0.12197573796650883,0.06769240063420535,0.231113492299661,0.052042101272711756,-0.007665651068371923,0.0794816422485758
1185.0,0.16942349019901126,0.04633517712575071,-0.059583936544293996,0.09276974057919235,0.03655009963300835,-0.18263198952755125,0.05966505030058057,0.10902791801115501,0.06623537692696259,-0.03517013924814156,-0.17558522099036714,0.04176635825782488,0.2736702269274362,0.03156209541124125,0.019616673932963916,0.11959504857302182
1186.0,0.16005729193582077,0.06987935268835911,-0.055006661900053704,0.09046429502490856,0.02484906894081364,-0.11072903702687992,0.06079382109542274,0.03624047365635804,0.05986865862429406,-0.07151330518896482,-0.2099734267787562,0.02580775121938261,0.2800576376373431,0.015389340226508227,0.02829934453725584,0.13958785012735642
1187.0,0.12757376831329603,0.07179669570264655,-0.043793378196894675,0.07523169975011933,0.02451457763155031,0.0007326548017601041,0.06089501978636804,-0.04468924669014919,0.055668393976066065,-0.09791436729590232,-0.21412561895038112,0.020799167371753483,0.2465791954555844,0.011689996255064675,0.01624046188436783,0.14063252241853114
1188.0,0.08283370945673332,0.05558753932103953,-0.025188181759646853,0.052775190501308966,0.03362912230336469,0.1268368517015556,0.057470837461890696,-0.12122844195732141,0.057091007149781395,-0.11090321273589676,-0.18414383590507852,0.022903136862584217,0.1816015206117998,0.025596474031485485,-0.013692241415874395,0.12616659336440356
1189.0,0.037833134211999374,0.03162184791533217,-0.0007604759687702949,0.030136160061343308,0.04597236835692606,0.2394876879682934,0.050723888035113164,-0.18387880133300746,0.062937999536824,-0.1120401390716688,-0.12644840857742526,0.025942095660108227,0.10296739134169491,0.05482298136299522,-0.05410507654342184,0.10135757761948774
1190.0,0.002149774263955351,0.011967621914779642,0.024665567651906323,0.012529431864673224,0.05489931799449505,0.3149845238324215,0.04312918088003096,-0.22810336612423268,0.06918995311918338,-0.1052863022787987,-0.05525030880069357,0.02440319382728135,0.031020835395046915,0.08816758900857939,-0.0941773425930253,0.0726361327444307
1191.0,-0.019366603320432038,0.005509963186139409,0.04567495644475966,0.001633974293530666,0.05671975282726804,0.3385580476211604,0.03782768565259028,-0.2534958222590226,0.0727242407140299,-0.09303167006154889,0.013420613853127764,0.015845955450265004,-0.018949490968548196,0.10950014477510105,-0.12085548394212073,0.046777796670984244
1192.0,-0.02734089973320143,0.015275603619262378,0.05960953645285243,-0.004038249500778053,0.051584228826417056,0.30783478658090707,0.03671623499831734,-0.26088919094593693,0.07313331439569798,-0.07438667334651478,0.06661818209638579,0.0020365386829045056,-0.0413773534126873,0.10554845848828763,-0.12165920001753953,0.02902096762173782
1193.0,-0.02658215219605507,0.03815567351340873,0.06720112822487044,-0.0074053963687122585,0.042120235564152765,0.23464976289081727,0.03855691383125507,-0.24994839509451047,0.07226844058622081,-0.04664650880557897,0.09669409969456945,-0.011880640912950007,-0.041171271350088315,0.07269809848073144,-0.08994639284303793,0.02050909150635749
1194.0,-0.023158420073952298,0.06668428113727985,0.07038118932990721,-0.010710040093407988,0.03146249237656472,0.14210195591121874,0.038438745889238235,-0.21939528830958285,0.07344368487637169,-0.008659130869877454,0.10212996826149924,-0.020063361200445495,-0.03089995796084482,0.019115865750705133,-0.02971430925772262,0.016912313872171715
1195.0,-0.021063811686712598,0.09207661539990435,0.06996340659592067,-0.014057915116863363,0.021938979502462243,0.056139822356521304,0.029983425932729,-0.17016808448745327,0.08042690832482213,0.03583184161737664,0.08740235400968036,-0.01916876708037583,-0.025306909514883416,-0.03819344308892355,0.04420722940446298,0.010475348087587232
1196.0,-0.020411709013942177,0.10709234973098514,0.06527409493453375,-0.015707003890821393,0.014454218749726746,-0.004062691417697186,0.009380282694370905,-0.1094681910573255,0.09509140374859866,0.0774691732839969,0.061457832363222276,-0.010458914665250372,-0.034989263873309334,-0.0798661214301695,0.1111816792536626,-0.0047526199718200025
1197.0,-0.018600010888994278,0.1079113784480197,0.05524789961183502,-0.014010779821849086,0.008206070761006967,-0.03136532172816219,-0.021618156329797397,-0.052145029026089314,0.11494524801281414,0.10491975008357507,0.0356572902027451,0.0002845637895253453,-0.06187907904796275,-0.09189973816506686,0.15194121475553204,-0.0282998133058757
1198.0,-0.013384873300337687,0.09527481224498636,0.03931261677119384,-0.009105422031047078,0.001038577855433959,-0.029597504680807137,-0.05591801671831052,-0.01715843252700088,0.13332596575748573,0.11083016327132235,0.021711210624057665,0.005397805696953835,-0.09863729186079806,-0.07127863236855943,0.15479689583617942,-0.05327037258893127
1199.0,-0.00498507894806795,0.07452528114414875,0.017628860337429105,-0.0028304381601328347,-0.009098139078757532,-0.008714924979622942,-0.08423290208161953,-0.020238973744160376,0.14239335883657334,0.09554151636259532,0.028414553147223486,-0.0006626382787951649,-0.13209541695039612,-0.026577984159654167,0.11941271180498632,-0.0709218160367637
1200.0,0.004350857229361255,0.05361847918366641,-0.008437047716718703,0.0024317605016881297,-0.022222238726076707,0.0194203576729696,-0.09900136284402831,-0.06638505033892886,0.13615824899509285,0.06634763291935429,0.05732120187017285,-0.018588237438496146,-0.14897431067219302,0.026637590640006904,0.057238576646144845,-0.07599703690846452
1201.0,0.012344724530393848,0.03991244934929533,-0.03544365713532439,0.00461689708974361,-0.03545155740149191,0.042332034234036746,-0.09692152623248168,-0.14590859270316817,0.11168511082261542,0.03381190500946213,0.10060242308359828,-0.04430578284262153,-0.14140522653417703,0.07289621241327106,-0.012188785849810086,-0.06927652499362842
1202.0,0.0183630406567432,0.0377831177290325,-0.05770174091946121,0.0023980681110893124,-0.04410733145239968,0.047208105091937354,-0.07927442505756234,-0.23598040068179887,0.0692260355708944,0.007428089445325856,0.14365356229512957,-0.07089021121508932,-0.1100322414658199,0.10243287373370878,-0.06834489953510418,-0.056552244270849594
1203.0,0.023693324809244267,0.04770929679076271,-0.06866548090069677,-0.004188295941772582,-0.04429063179667263,0.023590252893325232,-0.05063390382384291,-0.3074875202087166,0.012776764518174472,-0.00784771959823497,0.17076341189975766,-0.09084303377427311,-0.06367842336387801,0.11266992289990592,-0.09689465444165202,-0.04502149129835396
1204.0,0.030626717783285778,0.06611929152028326,-0.06374580455600735,-0.01290156460288082,-0.035226797903386925,-0.03139257179140571,-0.017206298394598692,-0.3352428115674403,-0.049282049417974365,-0.012857033522503655,0.17019904278132916,-0.09857754005391252,-0.016305054625974914,0.10601011603240917,-0.09327773768405545,-0.03892214615154243
1205.0,0.04107016183682753,0.08578795231378648,-0.043576320580641606,-0.01923323987778274,-0.019616540028823605,-0.10898860279987786,0.014221221752493933,-0.3077296595425851,-0.10570618508874827,-0.01292381507993616,0.1372820028706491,-0.09291148720562294,0.01721318887706791,0.08659377622684554,-0.06212354040278782,-0.03713077910143604
1206.0,0.05503214254548844,0.09744726259973382,-0.015698664676831346,-0.018106629645376456,-0.001969243594317142,-0.18966480650761997,0.036860359243975765,-0.23154840558117268,-0.14701045781670066,-0.015161485216696703,0.07606898902605518,-0.0779696115501376,0.02556414320014497,0.058296263097439675,-0.014533245927180135,-0.03497867541943052
1207.0,0.06950346390836132,0.09314898380519966,0.007471819615581682,-0.006958352891409094,0.013375017901091942,-0.24969106553956255,0.045239824991595075,-0.12813913599589455,-0.17031554599526716,-0.025642731753941952,-0.0009455451541525589,-0.060918954375106346,0.005463221287107175,0.02454304729365986,0.035092845616109786,-0.029333906572378117
1208.0,0.0789393649353417,0.0703562682392226,0.013783624730372134,0.011799527175963697,0.023366846813690015,-0.27145952227881526,0.03755768767579378,-0.025071746036531287,-0.18003637653725374,-0.04692100539286081,-0.07680110549783283,-0.0473336132133469,-0.034940016451684916,-0.01060344495589484,0.07229422349908952,-0.022486615251772153
1209.0,0.07759530475535016,0.03396387311570154,-0.0036517566467675765,0.031013407248003444,0.02673065876069974,-0.25243002210687293,0.01732425442455673,0.0537026245352345,-0.18337429288892731,-0.07635334305879536,-0.13649044923458964,-0.0376549568511979,-0.0764567047710298,-0.04128211610488478,0.0858543791170101,-0.020943435062777543
1210.0,0.06198642575393881,-0.0055271211134443375,-0.04346701859666274,0.04204236069912919,0.02409396735370299,-0.20637154310867206,-0.00756530381739721,0.09555831556285858,-0.18435371257026137,-0.10588816472860885,-0.1713772608263727,-0.0279866767049512,-0.09521655142770821,-0.060441182970014135,0.07079252118195817,-0.030035204864772354
1211.0,0.031900581180353035,-0.03627792219931313,-0.09522794713867354,0.03940922890597221,0.017515290008324354,-0.1555926363194786,-0.028410937050628228,0.10263165515552768,-0.18110439024316524,-0.12413081961786354,-0.179435088740665,-0.014674467809953214,-0.07322634269100481,-0.062979039733967,0.030314508216599024,-0.04899227087976293
1212.0,-0.00966143319581406,-0.049513090498956004,-0.14230906953845313,0.024149089118039292,0.009220419703024906,-0.12007495067748611,-0.040110439988678484,0.08912622465218865,-0.16791728376379167,-0.12091885769293251,-0.16361782219663945,0.0014218001433889097,-0.007552238480523974,-0.049245354056213546,-0.02378643605595822,-0.07012775528862572
1213.0,-0.05679355333679423,-0.04286323030997593,-0.16918552023600206,0.003501684526817876,0.00012204900714140309,-0.10972951617337054,-0.043236929764707915,0.07356688393148635,-0.14017226843569966,-0.09238362369114651,-0.13060823803073007,0.014649928707587521,0.08764700644810083,-0.025658832665357897,-0.07291209933958125,-0.08224571545431897
1214.0,-0.10136304058717516,-0.021489495158524774,-0.16918096723818163,-0.012914092886738282,-0.010593643616835425,-0.12136254471868108,-0.041779212789964874,0.07024297533194382,-0.09882630981636674,-0.04314487137984523,-0.08917444617341241,0.01827915809704857,0.18779591224011694,-0.001671642119102987,-0.09696464942190021,-0.07611447711963684
1215.0,-0.13425939057835695,0.003963950638564088,-0.14704848121339856,-0.01764641164328969,-0.02430384281410094,-0.14047812118142577,-0.038750716761209086,0.08358308445457395,-0.05174751266052044,0.015484302001118038,-0.04724800080761928,0.00893890456648408,0.26882484389050926,0.014715262242747332,-0.0829761988707249,-0.04928528320631037
1216.0,-0.14714648759034743,0.02174445211901374,-0.11504617746454131,-0.008251115690757921,-0.04148834806717715,-0.1482271508645155,-0.03413750660343592,0.1071345821809894,-0.011071424188771585,0.06974893493536415,-0.009237502760234296,-0.011484761122744339,0.3154307452947493,0.020157138427934877,-0.032678844920774726,-0.007708812772636046
1217.0,-0.13493861290326883,0.023445648507603067,-0.08610214349846118,0.01203990910464342,-0.06133007256999616,-0.131093565243899,-0.026529341013800105,0.12757887236143414,0.012088915282506503,0.10823743726238606,0.024099888283517817,-0.03724421552819382,0.3228918591389149,0.01671335973763296,0.036654781318837,0.03720641507847307
1218.0,-0.09865897622526103,0.0064437986602250445,-0.06846542091897181,0.03571855600985064,-0.0818657865314922,-0.08805535045695859,-0.015862504941998767,0.13229127970211627,0.012570512012041724,0.1252036041420495,0.05271891655809079,-0.061688654529635525,0.29362884673727985,0.01040921046324162,0.09920781056717519,0.07487562741286986
1219.0,-0.04693664253146752,-0.026450284020189067,-0.06369482092671527,0.05397327762115944,-0.09976946657772291,-0.03067923467278376,-0.004436144709344291,0.11633180310987,-0.007085513798890331,0.12066042576540562,0.07409119667453014,-0.07946513251936344,0.23287921021738645,0.008147713545763808,0.13123784313678422,0.1012261110394211
1220.0,0.005568673451788736,-0.06885751890845271,-0.0674686845494932,0.059855566961575596,-0.1104788869465945,0.024152782465408577,0.004540933687859295,0.08444631697515476,-0.038297164917912095,0.09777220176520028,0.083780759930514,-0.08712814080273872,0.1475676692761285,0.014053884123285135,0.12012195632379934,0.11960599809664757
1221.0,0.0427237910039897,-0.11208699445526595,-0.07182465319594364,0.05057556024979896,-0.10955256945811083,0.06400084886187453,0.009607328675459713,0.0471025767153895,-0.06995803574619991,0.06029893449838476,0.07928812732659207,-0.08294352922929922,0.0484278986319534,0.027565710519028362,0.06867903264216123,0.13632407766751953
1222.0,0.05267836664893874,-0.1456030973576834,-0.06759151581073344,0.02841673153625963,-0.09458119203605245,0.08672105201625302,0.012733352848318755,0.01414699009522048,-0.09265743769270528,0.01221892679230849,0.06204763655952891,-0.06683237144532717,-0.04879324419590912,0.04444894070356981,-0.006430037238934825,0.1546253401170034
1223.0,0.03239008160228555,-0.1587447212768817,-0.04687573749926214,-0.00038490158440553264,-0.06652316527124137,0.09984683746827326,0.018492802394362025,-0.008910582007644552,-0.10222072927362638,-0.04068674618686978,0.03566657568998533,-0.04062440205544106,-0.12651100046730288,0.05891861758835543,-0.08165571537913077,0.1714102286402659
1224.0,-0.011072350684633086,-0.14442391400243657,-0.0060553169127475015,-0.028468075901791602,-0.030021833813403054,0.11532528755088144,0.03116093394974459,-0.020322950026878343,-0.10059100096762476,-0.0894575665779988,0.004251195142362386,-0.008181320339418829,-0.1713596809819566,0.065165206311116,-0.1356920519157785,0.17817651998975703
1225.0,-0.06304441829637429,-0.10253024907896467,0.051449711962119705,-0.049916940775469744,0.0074135026298059355,0.1424786774603634,0.05183115849811285,-0.0200211465602932,-0.09391156456934106,-0.1235202872303116,-0.02656574900321606,0.024923514589878796,-0.17882286969048147,0.05904618283793459,-0.15594513455645298,0.16532134689215386
1226.0,-0.10661183198614789,-0.04079155269422456,0.11458715558909113,-0.06117503906993477,0.03736614826315071,0.18199103922068288,0.07729459485230257,-0.008975185741859936,-0.0896549335540098,-0.1356699162099924,-0.0487723361489317,0.05226429659783807,-0.15399290003052835,0.040470688192799684,-0.13982680850615806,0.12751150605291528
1227.0,-0.1285463469966367,0.026880523983413555,0.1676845679238533,-0.061058257978628766,0.05317554974094256,0.22440278974602462,0.10091971286817086,0.010184057841312258,-0.09382483692605523,-0.1268237671446041,-0.05477314778158366,0.06829854368606501,-0.10871141421557431,0.014623047776850483,-0.09279567769133472,0.06698742909394699
1228.0,-0.12315084305618529,0.08386948613434281,0.19648805395434096,-0.05100950106246842,0.05228946123712623,0.255061125335587,0.11504528158078361,0.03294939888020415,-0.10810410697582355,-0.10582760659088257,-0.04207215236186158,0.07077159494094847,-0.056788006502246746,-0.010023472862310662,-0.026288258210684607,-0.0068356725861806085
1229.0,-0.09271968831567703,0.11587618048454891,0.1944074636680237,-0.03512957406023514,0.037180613317212646,0.2627145121652316,0.11431071395965106,0.0540515890262744,-0.1277426476869271,-0.08351694349188664,-0.014976674129209094,0.06212379056332503,-0.009844717978446427,-0.026195389722009365,0.04388507771434974,-0.08038779048297116
1230.0,-0.04556096266823128,0.11601143677371936,0.1651989930666526,-0.0188816676584507,0.014380963525496619,0.24578361682359054,0.09855493413961577,0.06955361121878355,-0.14195769296143865,-0.06527814080727923,0.017992429676261933,0.048215538113420074,0.024414418289856677,-0.03169355638492481,0.10044640000187338,-0.13988312618950655
1231.0,0.00699588508753211,0.08688637139567783,0.12027770052566285,-0.0067874546142275664,-0.00798744226849194,0.2123933916437838,0.07315510002641269,0.07824040380988677,-0.13743578638789092,-0.04794555205372866,0.04784287129855449,0.03479261521655834,0.04181273077948251,-0.030328272104949858,0.12983055605557742,-0.1752658207187893
1232.0,0.054064849157847455,0.038116898550153044,0.07294971147927555,-0.0007878195911170941,-0.02331648243095572,0.17490603000655908,0.04606715344958246,0.08079698904432456,-0.10372104158634778,-0.023535996064215834,0.06741157097494566,0.024127834394664573,0.04054287868753287,-0.03019754284133274,0.12751911150587966,-0.18303003610530993
1233.0,0.08846283153720658,-0.018373509800780608,0.033843890072458235,-0.0003481133231733201,-0.029008769315557223,0.1427833127111889,0.023622000591403475,0.07768193708299585,-0.03872863853636187,0.013227707948379498,0.07244365357741377,0.0144779619554842,0.020727905434165382,-0.04039029298129749,0.09989209035509689,-0.1665664456147298
1234.0,0.10841450207859686,-0.07163946186722128,0.009361581078402703,-0.0038704814067892007,-0.027111482609000755,0.11806982873707962,0.008060512929140243,0.0681425692032364,0.04800757373743193,0.05938796307736181,0.06238735075110749,0.00304756458652696,-0.014096342344047694,-0.06659661358915729,0.06102475843161583,-0.13391887513431505
1235.0,0.11686377611058703,-0.112814465580891,0.0016300134702995593,-0.010343870820396107,-0.022798028265159056,0.09617901310093471,-0.0020223041025124546,0.05098023822473712,0.1372507342476346,0.10413437143103724,0.040913746280636,-0.01020980774643577,-0.05499954992227014,-0.10706481418548724,0.02584645848385589,-0.09429255164779435
1236.0,0.11888737781620994,-0.1354889654995931,0.008451274844647083,-0.020131561560879693,-0.021714919006772953,0.07124438042937593,-0.00949048095152339,0.0254802795835013,0.20740933651586985,0.13485507630516913,0.01576630711058986,-0.02172622246917162,-0.08906534386106026,-0.15168585122935516,0.0028335818983622257,-0.05528583783304248
1237.0,0.11878525754982959,-0.13644177866353885,0.023914624365104824,-0.03404684127190828,-0.027392440815643425,0.041795125531924604,-0.01663285905215944,-0.007993533780192649,0.2434224424868069,0.14465921490145509,-0.0022947498350734787,-0.026651747930394598,-0.10486528880588201,-0.18570112596036903,-0.009645727620563453,-0.02219058996000334
1238.0,0.11853218655186547,-0.11673361630992346,0.04079798408098616,-0.0512528853527381,-0.03936920890660179,0.01233473403305022,-0.024232467437724697,-0.04657395157765635,0.24251593190263065,0.13593542546238196,-0.00228412226177345,-0.021277324005153676,-0.09759381485079938,-0.19620031754600506,-0.020541388543995103,0.0014729186860893133
1239.0,0.11794852389345291,-0.082106228324238,0.05377328313070218,-0.06804953741424732,-0.05275419970172551,-0.009613781154253976,-0.0317147686262267,-0.08314367619581518,0.21462375027475844,0.11781083255122798,0.02204307680113319,-0.0037709295532058944,-0.07052912511334473,-0.17756465272231936,-0.03876679072998977,0.014008421038354183
1240.0,0.11559573552735057,-0.04138011092036315,0.06078932725736387,-0.07906736277656735,-0.05994004741921491,-0.01741874851028858,-0.038020666290470816,-0.10694534147220341,0.17747373479057624,0.10024449508867528,0.0678193889808319,0.025550837664430684,-0.033867790227143015,-0.1332221168946073,-0.06676141318868371,0.016034313138245323
1241.0,0.10973692607888115,-0.0033836402645006564,0.06165765258015694,-0.08008123185727012,-0.05413081563061444,-0.007344080582653663,-0.04245772846846754,-0.10773920856766905,0.14795551518529693,0.08898473014804033,0.1230805766705637,0.06294440750897702,-0.002291013055105824,-0.07370624013927703,-0.09881886051289542,0.010048200432276581
1242.0,0.09926117399479391,0.02535203850466526,0.055894666971554416,-0.07009002127467513,-0.03311623882958181,0.020321240597752963,-0.04479391853047597,-0.08163668634512655,0.13357524563727785,0.08363410672453082,0.17077260143155953,0.09975860248251678,0.00963387835069245,-0.01266862317193911,-0.12391437268601961,-0.0010746451417200772
1243.0,0.08405976415236706,0.041061562634025446,0.042348112078740355,-0.05108946895701212,-0.0012552636668977386,0.05923506524714553,-0.04479721446618077,-0.03514778766601538,0.12876133611379476,0.07880339144168695,0.193596435711233,0.12326450684390083,-0.005873849605878193,0.037265659852953645,-0.13076159622074637,-0.015716369555625952
1244.0,0.06453686004782179,0.042424530151802954,0.02112660249970326,-0.026137722761412432,0.03165636762850102,0.09589237530650589,-0.04207060085726716,0.015877384941667884,0.11831820570001438,0.06726633219911357,0.17855058032210097,0.12112111894211522,-0.044859461762735246,0.06780477499751697,-0.11305786588055637,-0.0340190762942603
1245.0,0.04086794077535752,0.030696345480162052,-0.0038436270098683523,0.0022996867874596157,0.05424797364823258,0.1127979706054172,-0.0366698469039873,0.05296471661744564,0.08637074696714728,0.043794139677266815,0.12130236449354524,0.08768618072932785,-0.09269308269284178,0.07721376848118985,-0.07313814319880604,-0.05623611385818865
1246.0,0.012986633705858857,0.010180688144031303,-0.024609499779018253,0.03219691878225268,0.05834198218763193,0.0953666903749904,-0.030287329778566796,0.0635699213920487,0.026471060945961966,0.008250479758199916,0.02902377615866798,0.02841355424453281,-0.13094116547169976,0.07057038075631852,-0.022281387154361544,-0.07980704170424183
1247.0,-0.018306849662018912,-0.01221225403242694,-0.033202708111133385,0.06042530386688546,0.04235219171991224,0.03831869280464385,-0.027194834255839715,0.046181620263808454,-0.05261751058885325,-0.03359554786329654,-0.08037573200088521,-0.040765555135613564,-0.14562570622245138,0.05704388473461047,0.022963470961650738,-0.0983094050001699
1248.0,-0.05001821926799672,-0.02906947023238504,-0.02742382861386478,0.08207459115928578,0.0116438131445221,-0.051425386071609784,-0.03359094899428719,0.009740916400570893,-0.12942962851806647,-0.07227814302573271,-0.18326214196499313,-0.09950904160900209,-0.13227613908237146,0.04547196982284625,0.047162610394118086,-0.10440585235051603
1249.0,-0.0767900009224069,-0.03510082955686106,-0.012872538511879784,0.09221374876371129,-0.02385396660191901,-0.15574363900117982,-0.05409841580953275,-0.030759620382982914,-0.1794079045461551,-0.0985265692140456,-0.25779328540816604,-0.13162400018085485,-0.09587067886605395,0.041244763525171806,0.04280357886142034,-0.0944782683474899
1250.0,-0.09220352635329915,-0.02850995931251157,0.0009196324873694127,0.08865442367670912,-0.05288509439032213,-0.24972976034718564,-0.08651497341044817,-0.05943571437695772,-0.18558776388911227,-0.1062314156516683,-0.2904686962221871,-0.13139195607362122,-0.04731986619268966,0.04588498686965468,0.014843338282644234,-0.07053514045536888
1251.0,-0.09100209032295156,-0.010711806453162536,0.006273778815303057,0.0729317359114925,-0.06592330052741971,-0.3087288204776935,-0.11935437189430138,-0.06419503635923586,-0.14475775232948676,-0.09346580054057528,-0.27886150170351126,-0.10465292744642547,0.0001259343375505611,0.058146916429490644,-0.019993597554615862,-0.03813211986562236
1252.0,-0.07152375644830586,0.014759486749751048,8.67742367198706e-05,0.04906514457923473,-0.05840978709955445,-0.31672684976824456,-0.1360073347993309,-0.041040015859413075,-0.06793227112982866,-0.06298770029722403,-0.2303639954194982,-0.06517078623483331,0.03344842675983766,0.07501304860826197,-0.040394768078424174,-0.0028427780436564394
1253.0,-0.03726136395396112,0.043188766463294635,-0.01698782434958039,0.022069013941558944,-0.033483700984727714,-0.2735090513199616,-0.12361442414898595,0.00329340779882745,0.023174014423579085,-0.02305651551621003,-0.15887416404260069,-0.028798192141496946,0.0429262859273818,0.09229148185524225,-0.0308674447006972,0.03199618234095267
1254.0,0.003426064497681813,0.0692942981558771,-0.041723411467660954,-0.0026736788588025825,-0.0015780299917110333,-0.19627044143784536,-0.08059390492965637,0.05318946045507834,0.10248859590112189,0.013354499124990217,-0.08114340661360872,-0.007804996035733899,0.025477999259497206,0.1053751782674446,0.010826522703160184,0.06556997740059539
1255.0,0.03949310168354656,0.08829746961859437,-0.06806687769597808,-0.02001324878719922,0.024606403258867055,-0.11302904470412377,-0.01832240502232996,0.09117236399681104,0.14784370484627704,0.03274968573187775,-0.013427396648349021,-0.0069905138406970236,-0.01440183167790632,0.11031946478168539,0.07326695288234664,0.0985075230670891
1256.0,0.060658245789021306,0.09759130180407236,-0.0871320347203367,-0.026449619244042506,0.0369958097882633,-0.05072357543248886,0.04346596420339255,0.10594268241527705,0.14851881796369013,0.026846104062909555,0.03150098460326782,-0.02273653844585658,-0.06709154453771514,0.10489590422128942,0.13729454231026453,0.13095031615104638
1257.0,0.060943182586112865,0.09753468508485993,-0.0894924440353961,-0.021936334269596472,0.03586466337344945,-0.024446447741570093,0.08512116236440569,0.09593975193261407,0.10845249112529255,-0.004027075408673115,0.04718496730404349,-0.04542356865105552,-0.12173052735860286,0.08913180613143207,0.18445644427338734,0.1601683770827221
1258.0,0.040559664255457525,0.09009864009394135,-0.06926511853827247,-0.010750337116337492,0.02818955909421477,-0.032501440104867926,0.09545230100834314,0.06766038551688901,0.043456304713914644,-0.051449187678834746,0.03568915182074452,-0.06403068060573197,-0.16928883912929474,0.06504692147420711,0.20384124542999432,0.17918717944063556
1259.0,0.005187843962827008,0.07636368431879055,-0.027752325775661495,-2.4081170702159448e-05,0.02286552898193808,-0.05842423839912656,0.07596307287047677,0.032500991742961206,-0.026152977778006715,-0.10183560870206561,0.0076038502386954095,-0.07035817744731865,-0.20375189418084658,0.036077531437153754,0.19459986572966126,0.178520044540984
1260.0,-0.03670626733692239,0.05544160030416004,0.025366258301642176,0.003998260542711613,0.026122438280050907,-0.07895971585554176,0.038994496411734685,0.004206126658204876,-0.08389632092675621,-0.14008464288948255,-0.02119778176466939,-0.060961213039445426,-0.22150872651495923,0.006728536514893409,0.16375537166209186,0.1510982718155583
1261.0,-0.07706981506817424,0.026130636212279873,0.07430432600235967,-0.0005144567613393456,0.03875286393562826,-0.07472944055183052,0.001408703693049424,-0.004807565145002132,-0.12188460337051418,-0.15354986926606334,-0.035192668489429424,-0.03704431080623526,-0.21999857677811635,-0.018105008272698883,0.12108749980287961,0.09743965577733783
1262.0,-0.11049922080922298,-0.010101923692097328,0.10245361295022203,-0.010340983560293091,0.05566645174728119,-0.0381663729581685,-0.022513014091403206,0.011138690181423789,-0.13950933596222223,-0.13562252665785876,-0.024779381858769114,-0.003554599124557385,-0.1970661503715927,-0.03468711722620664,0.07407413770202194,0.027309253758833172
1263.0,-0.13461212605408507,-0.04744708998507714,0.09873459306381299,-0.019278125924471163,0.06821765107920602,0.024863187204286676,-0.026200995528490697,0.04714010070680503,-0.13891473298654608,-0.08745582471201675,0.010799193567714287,0.03203307839010694,-0.15201439341342507,-0.04184670624382079,0.025898061132871967,-0.043434429127809
1264.0,-0.14878450326991827,-0.07699138883919063,0.06259566566388682,-0.02075021552591968,0.06872679877230098,0.09844179536349172,-0.012870858487453321,0.08886716877684885,-0.12242912599627191,-0.01741192772315463,0.06398499391692798,0.06112634231527587,-0.08804071193990597,-0.04078756472513344,-0.02215635866600842,-0.09855173734778984
1265.0,-0.15240387200123473,-0.09026131261198159,0.005324347454467648,-0.00978046700324922,0.05487932856417994,0.16172289166679885,0.006163369173439675,0.1183427969822819,-0.09305194055410697,0.06095738144701287,0.12159327234054455,0.07547312978400426,-0.013989297846871031,-0.03346670094538001,-0.06613629274461696,-0.12634350739143782
1266.0,-0.14403985473429,-0.08293189498621917,-0.05404231068501167,0.015344843893306741,0.03130143349476259,0.19448209859523263,0.016875011537286728,0.12072909562111722,-0.055131180687205183,0.13184644411057503,0.16833339165962255,0.06914291922445831,0.057084413431078014,-0.021302090347412102,-0.0975255861985793,-0.12253013514066567
1267.0,-0.12219906182466622,-0.05678158168262409,-0.09704708933516147,0.05162126274314434,0.007338815249488585,0.1831863781549952,0.00925233434054482,0.08892086572840349,-0.013601487515668196,0.18084659663437422,0.1909375765896081,0.041120171422465754,0.11264738850622777,-0.005674961906135684,-0.10677600321192984,-0.0915024902046477
1268.0,-0.08696114495192125,-0.019092428271041805,-0.11367317822914735,0.0910295183094568,-0.007317040306426963,0.12659246406244062,-0.018060364842459806,0.025500450215584995,0.027339531618806496,0.19839800541529207,0.1822973372397337,-0.003103597439351338,0.14560903443835882,0.01025510293655504,-0.08957310477002602,-0.04548131975264258
1269.0,-0.04130996257201887,0.02006451034635893,-0.10514149405788938,0.12241769438942583,-0.006432454672151001,0.03813113542699428,-0.05709557097442441,-0.057206564030892894,0.06495250715187746,0.18155606700653718,0.14382180282351475,-0.05250571494955198,0.15581426582078609,0.02059752416288254,-0.05081337865034878,-0.00048216273426626916
1270.0,0.008401151193408682,0.05109967937908094,-0.08084647508191295,0.1353461682861963,0.010853898688824994,-0.05771511754517597,-0.09388034241318638,-0.13961992835595105,0.09761851228462116,0.1337188739850783,0.08458183533779841,-0.09379664185957802,0.1475229341213036,0.018469781547278866,-0.003986858885396972,0.029936719125823383
1271.0,0.0530700797244601,0.06712513353704144,-0.052169342207003366,0.12424577231853204,0.03976085783076485,-0.13455121340697804,-0.11446781478188202,-0.20091974155638676,0.12374607066172995,0.06365761515663103,0.01782367752099496,-0.11564606528472614,0.1261542544996591,4.831329270527368e-05,0.03349281423305008,0.039698641282562876
1272.0,0.08294617990019555,0.06479002329984754,-0.027073557077915693,0.09084090549173914,0.07122028005144021,-0.17377884332906757,-0.11072678234938649,-0.22673618428168288,0.1408578402957447,-0.015361206804719932,-0.04288862019154054,-0.11219729661893829,0.09765311687670128,-0.031695245218810404,0.047436887428759754,0.031275424230740506
1273.0,0.09116729747403046,0.0447288424672063,-0.008293232832392477,0.04353780916835031,0.0951582095945653,-0.16954802467690713,-0.0823517476752216,-0.21432893702844885,0.1458788639165617,-0.08750211560084466,-0.08636915282412365,-0.08437074990527182,0.06956263628590104,-0.0666393956545662,0.03355523313093487,0.013068647710130112
1274.0,0.07714574456944626,0.012140701027302286,0.004714464482298041,-0.0060202041079834455,0.10459475866890212,-0.12763771263185367,-0.0345307781503935,-0.17273790020394203,0.13684158250904851,-0.1382153552950675,-0.10559099491719334,-0.0389497856038052,0.050421030250572776,-0.09137173186715404,-0.0001841389398162618,-0.004926606509010776
1275.0,0.04729267077423026,-0.023896702307842865,0.012200491602479543,-0.04724657441182812,0.0981067536870026,-0.060715827318153,0.025428895353518926,-0.1185033722158184,0.11471319423508625,-0.15859309506914643,-0.09893008992156684,0.013407895451805174,0.04653121507441259,-0.09498889997450678,-0.03772399043890123,-0.01525604015370445
1276.0,0.01233820722862534,-0.05354237087189918,0.011833911746742734,-0.07332962688432128,0.07922134380706126,0.016093838204980632,0.08947759109602405,-0.06887676906463205,0.08382447528738933,-0.14759861938526922,-0.07075712162079573,0.0605104168625975,0.058266641847864044,-0.07384011102139013,-0.06413664633702769,-0.015351772024222245
1277.0,-0.016837769092009635,-0.07012231354979966,-7.010449430993849e-05,-0.08178929910487194,0.05369882257148225,0.08655239288986935,0.14851612870656616,-0.03516802510562983,0.05091241511786533,-0.1109843517330429,-0.031110728874130463,0.0912283749541715,0.07861450577213651,-0.03346309498597274,-0.07416827493856781,-0.007447348579792003
1278.0,-0.03260568778079013,-0.07231592555381279,-0.024317816788513073,-0.07418393302117911,0.02687024249541987,0.13284741698805874,0.19250033565306807,-0.01961424453309659,0.02350541808413405,-0.05824209750423918,0.00647304027969168,0.09828978903425892,0.0953215466523779,0.012952161849279371,-0.07352229998898947,0.0033198557603772104
1279.0,-0.03233911169298674,-0.06388232688548352,-0.05565631918515645,-0.055835128623198976,0.002512125107046491,0.13807046541565468,0.2121952750927518,-0.017151785457213086,0.00805179333466269,0.00042682176731092576,0.02944607618063648,0.08072971267921533,0.09614076915488239,0.04905943485672764,-0.07204798211342892,0.011668115658354718
1280.0,-0.018415587127180544,-0.05154681221329655,-0.08417732455063265,-0.03470909610436456,-0.016770952571123668,0.09409428562196027,0.20205641244066094,-0.019566029599657822,0.008401284396322433,0.056173542521318585,0.0312699270834614,0.0448303878243954,0.07493708683331018,0.061308092302301005,-0.07511756693239743,0.01469308058084581
1281.0,0.0035694304849037115,-0.04175877550148301,-0.09989600744900183,-0.018580816971861393,-0.028858630289922558,0.010118553182988299,0.16265355717121857,-0.018712777515778285,0.025180512840660838,0.10203471928232336,0.014009777114266618,0.0027287958942006497,0.03549185643011661,0.04443834591121771,-0.08016960926767402,0.012885062904178894
1282.0,0.027660999444467396,-0.03761178764187846,-0.09624731247931702,-0.011846187606105948,-0.032357567271926756,-0.08685225553482938,0.10120528023368242,-0.008174232619740823,0.05574724527683146,0.13195476602208864,-0.013249917138883405,-0.03105885264476992,-0.009451701100738948,0.003982065590024807,-0.08020317710313679,0.009525357758813536
1283.0,0.04977837313900605,-0.03782900095365526,-0.07093761213630381,-0.014425020865326734,-0.027835314971588844,-0.16296463094015223,0.029600502630542026,0.015342735060148533,0.09407320522596767,0.14002975568959183,-0.03949966701115568,-0.04438659662524845,-0.04408500777839597,-0.04619573453361413,-0.07068583544156579,0.009413485090897946
1284.0,0.06816323236015877,-0.03850758469083089,-0.026160370261130685,-0.023123664753824717,-0.01870015171805688,-0.1936673072440157,-0.03936086322415267,0.05028422252290704,0.13057651033114515,0.122007939186187,-0.05733347593411125,-0.03209614336852832,-0.057340066670117956,-0.09012160608333104,-0.05441170872381124,0.01699218191096824
1285.0,0.0823295182484378,-0.03617734817006979,0.03041579961508458,-0.033727361749900445,-0.010191100965929728,-0.17459233343962882,-0.0954563007692297,0.08955840221501844,0.15310151126311822,0.07877057151383753,-0.06518860505341267,0.001728336546558072,-0.047658329346058015,-0.11561567414571804,-0.040870459789659794,0.03342317087160897
1286.0,0.0916070349239595,-0.02980618289108692,0.08550478750722375,-0.042514580106631956,-0.006673057840661164,-0.12073754299929311,-0.1324722244935418,0.12245519297560682,0.1504309705914853,0.019126088924912497,-0.06528438218075905,0.04527966400250234,-0.02203428634953265,-0.11677498521271572,-0.040900188079627205,0.05399600506395264
1287.0,0.09445478515753104,-0.02018743624350404,0.12324048418910356,-0.047014753157138975,-0.009477563398255116,-0.0560773379183482,-0.1474397196159347,0.13853042482983494,0.1174584940328173,-0.04090954833709996,-0.060013382627417684,0.08351036067014232,0.009080967857203049,-0.09374685017008183,-0.06004854955209686,0.06873904643732932
1288.0,0.0889612449482407,-0.007716031908798692,0.13114562736652305,-0.04611309665536013,-0.01720482568285101,-0.0016040351428770671,-0.13927736656588452,0.13108791554791743,0.05862024459824173,-0.08323915584932673,-0.05008393877441177,0.10353974433250422,0.03744731165192457,-0.05217005232854948,-0.0940690101087556,0.06731899117582503
1289.0,0.07387499392109402,0.008366884421303145,0.1058771789923337,-0.039848003085831134,-0.02788089382017699,0.03168658045151989,-0.10910904414617591,0.09894636821604007,-0.013177091939886278,-0.0953049609920614,-0.035248687501284875,0.09905321349934611,0.059835900688716706,-0.0024930027481161006,-0.129373972112936,0.04555971799663844
1290.0,0.04950572748729607,0.02821664678765651,0.05525130461315877,-0.029504567836873007,-0.04069893567054081,0.04338734556667497,-0.06248434694065913,0.04706210736010722,-0.08171211726605515,-0.07622327149814477,-0.01614130733637673,0.07224990953957333,0.07637169800325964,0.04233808580582259,-0.14910588791563525,0.008921314404044303
1291.0,0.018267931035470558,0.04972997692977901,-0.004663286169876871,-0.01793771183487684,-0.05583264557715361,0.03977526664043225,-0.010442414384507498,-0.013466036329808036,-0.13362679488151674,-0.037680096662889365,0.0049193738660226576,0.03272157422606877,0.08689716275539798,0.07083447589139555,-0.14106286239284818,-0.02980855165475552
1292.0,-0.01558025884229475,0.06934804160268274,-0.055883050178923886,-0.009074069292392094,-0.07251540118941512,0.029058469284246786,0.03343672500255856,-0.06660893660646829,-0.16225988109066553,0.0015454083577067781,0.02479071155860185,-0.006071709756388335,0.08999356677000007,0.07690622194540199,-0.1018439464265836,-0.05711677202999192
1293.0,-0.04722337954515297,0.08431465627493905,-0.08531083906950272,-0.0059866327749862275,-0.08690874724865257,0.018658076970668264,0.058622778290794174,-0.09482914914697622,-0.16778438629416356,0.024685253032728546,0.040404379648010955,-0.03111268436377323,0.0858770337034026,0.06237994475287142,-0.03545819945678782,-0.06550637959640372
1294.0,-0.07273467612552321,0.0936910401367969,-0.08878483641160034,-0.008694823003539331,-0.09206834265535678,0.013916283835114585,0.06164027434332803,-0.0850929655727185,-0.15492398279813724,0.02430010507799591,0.04876470981755972,-0.03359986611108174,0.07956419280425463,0.036952037371779774,0.05001234432384083,-0.056685339838408934
1295.0,-0.08965777082030324,0.09716924115004394,-0.07056346583958818,-0.013681941194494842,-0.0812536309349962,0.016711284229181514,0.046235866353550197,-0.03589297549590671,-0.13035806482256324,0.003924006280367561,0.04785016972873434,-0.011526266724814082,0.08034911545177079,0.014488913518238248,0.14353794364114586,-0.039593778086965604
1296.0,-0.09693238129404362,0.09355101909861689,-0.0396923644355024,-0.015860591781077328,-0.05266202589675332,0.02529936838649868,0.02082467972526816,0.03876340911340389,-0.10088778697136323,-0.025575523087314023,0.039203908320637436,0.029714896776865646,0.09701849806127401,0.006401356871289586,0.23014507203391651,-0.024654984065965516
1297.0,-0.0949298406584126,0.08096006388224372,-0.006516600851844954,-0.011717975183143076,-0.01181213668514834,0.03693282263193011,-0.005135450935468438,0.11259390030392136,-0.07249200033898039,-0.051996962706619264,0.029099178668845146,0.07932560210657856,0.13138482217920902,0.01537429239723638,0.2913023918936705,-0.0182917262931514
1298.0,-0.08547895502683664,0.058545862130698394,0.019534665837976313,-0.0015442168423473808,0.030298755712008837,0.05124406549584234,-0.024640038961890518,0.15790933432600446,-0.04993851353686306,-0.06699195875078541,0.02558505065094952,0.12504412439719814,0.17442308791937647,0.033235168355855646,0.30940149212631324,-0.021281192300853232
1299.0,-0.0712990555269337,0.02827474032402504,0.031986743286177094,0.010641858687578347,0.061684223515382657,0.07074752857752342,-0.03464482700974134,0.15883169937561933,-0.03640261263929384,-0.0680848650384561,0.033319693382007416,0.15706685527963507,0.2089836604828601,0.044912135678160985,0.2752883946196966,-0.030976323482073256
1300.0,-0.05504360403872472,-0.0041145078640610995,0.028937484652516804,0.019483620106899552,0.07343915758307877,0.09759636074794759,-0.03477332496411772,0.11870039314752913,-0.0332040301281056,-0.057424305998537054,0.0501088414785827,0.16977124411532984,0.2188353100939763,0.037059819490301286,0.1940432549558329,-0.044244725859273686
1301.0,-0.038768897820336184,-0.029863848427668007,0.012589324216984386,0.02171263884162353,0.06167355905356136,0.12966720687112446,-0.025286315482989288,0.05669134354508789,-0.040313128657485695,-0.0394449418552185,0.06700595720666332,0.1607968434464815,0.197759831266146,0.006319907874636919,0.08433029947876734,-0.05817936239338968
1302.0,-0.024059122987413015,-0.04019680360492885,-0.013054379017187734,0.01852329299246689,0.02775244804105269,0.1597298918416089,-0.006854571506723396,-0.003870104270585002,-0.05750200420265875,-0.019481202255345668,0.07162059177459473,0.12979763479667322,0.15177940294904613,-0.03838141315886316,-0.02841463393175756,-0.06875829015754985
1303.0,-0.012043593501193559,-0.03034251189293798,-0.04380920683698215,0.015078771548175586,-0.022082955974475973,0.17847061909711318,0.017806879717802978,-0.047481043737508624,-0.0848927176667502,-0.00329109208665994,0.053392086846746685,0.07925992473504731,0.09402103021461125,-0.0810137500181541,-0.1203032836296095,-0.07001142978304599
1304.0,-0.002673661156570098,-0.0021425395193971027,-0.07454855388166513,0.01709923199200322,-0.07758805267193222,0.17923823153308824,0.04253743404737661,-0.07148275313038269,-0.12155631268597696,0.0038384734085913303,0.008601009622819442,0.016529882613609628,0.03730580816402286,-0.10711666569901089,-0.17484949171823558,-0.055375999895875376
1305.0,0.006050063360457521,0.03634071721566657,-0.09747553343964,0.026837976585744515,-0.1264171462002144,0.16176669012509692,0.058651698730851305,-0.08245155578309567,-0.16251085409395025,-0.0011728585462705738,-0.05753836642148284,-0.046037520143500106,-0.010513383359188735,-0.10993000067607608,-0.1855203977944747,-0.020457029961828303
1306.0,0.017581031886567833,0.07401050452595834,-0.10274639268597266,0.04145626940221496,-0.15692782461393134,0.1326587111669961,0.05862790004704967,-0.08809857306022632,-0.19690778203514508,-0.017435926023616533,-0.13248624352693492,-0.09434221774590422,-0.046261670848459495,-0.09085816290154232,-0.15578816702880233,0.0343735268161336
1307.0,0.03474174512098329,0.10100155917655196,-0.08251412304609071,0.05488536145459246,-0.16098284102202728,0.10175920791875474,0.04082344703981053,-0.09116246169078662,-0.2102923002254717,-0.03944893003353511,-0.20000303127773822,-0.11759421253277923,-0.0677800587351119,-0.05598470743889192,-0.0976043926001357,0.10212903740943553
1308.0,0.05728978025438952,0.11181370763581604,-0.035447766499451576,0.0614953488711042,-0.1361459026490574,0.07622085751362574,0.011918233153141526,-0.08919780810029163,-0.1906522731900432,-0.05896752920138123,-0.2441448510873722,-0.11224076601473894,-0.07173512844072212,-0.012618146840855589,-0.028583767815018656,0.1688154999740268
1309.0,0.08111724644691073,0.1061944376950132,0.03153164215303891,0.058888217243914485,-0.08697354166828347,0.05637609658181331,-0.015385319969389376,-0.07900206668078145,-0.1347720165450254,-0.06933855677647958,-0.25363578970166467,-0.08286011941512429,-0.05614156243518685,0.03212139632793526,0.0327108093498015,0.21620439557331225
1310.0,0.09989728405246867,0.08826347444250333,0.10459000732228257,0.04847853288202318,-0.024482023987519752,0.036947042258743984,-0.028278082763875972,-0.06120846263628637,-0.05129503900837954,-0.06889783903929825,-0.226137888128598,-0.03994164305843791,-0.025108951534475843,0.0717662104265238,0.07319100256106148,0.2281918589202336
1311.0,0.10781777534964967,0.0646849445209523,0.1664705313707935,0.034340548314184316,0.037055529913583594,0.012979739255981101,-0.019487973610225758,-0.041485934981602385,0.04093020590219649,-0.06013852823652991,-0.16956633194093354,0.0039637984308759115,0.009545416705751734,0.10152013870764924,0.09050800860276179,0.19803293178726214
1312.0,0.1016468198430647,0.042035415082022846,0.2020607730467563,0.021472959440637155,0.0849501495959657,-0.014856391091510155,0.010045660725574758,-0.028183606522529242,0.11854700357432875,-0.04619918161349648,-0.09838907820374623,0.03792693882154825,0.032105173998366175,0.11957356267363849,0.09316826504522382,0.13211795478741925
1313.0,0.08176205599450576,0.02383060861434392,0.20492801754553283,0.014303371808572518,0.11191485588339589,-0.04034778165546554,0.051517627700382845,-0.02876502267528686,0.16131719300501246,-0.028925712159207872,-0.02732948017612836,0.05503714522780472,0.02952298052334692,0.12720038527256966,0.09437728627754449,0.04764432059427123
1314.0,0.052455686475471934,0.008783256221863375,0.1810472581324643,0.015625767967389053,0.11705116714673813,-0.056234697545041394,0.09086262407346962,-0.04689856313775165,0.15883663275603252,-0.009809277574223937,0.03315321369853635,0.05310552020119574,-0.0034660439708506484,0.1268112533168902,0.10348276784742932,-0.03413524854805716
1315.0,0.02129165131113635,-0.008222005976804858,0.14608996220043827,0.025779855992535135,0.10455426575380075,-0.05923436731643941,0.11308826010558558,-0.08039332754120923,0.11403623878386991,0.008598352256713125,0.07817695279193439,0.03424016581821092,-0.06260723717798192,0.11947755821532358,0.12111922532216703,-0.09477199682669452
1316.0,-0.003124558377064988,-0.032600110894759934,0.11685276794462172,0.04209209518073168,0.08165145664385036,-0.05283587727168753,0.10740247542395935,-0.12038530230770333,0.04247995563906993,0.023026684933607412,0.10798735838516238,0.004124883460096612,-0.1355491504806963,0.10472059966124621,0.14073867214266228,-0.12335929056734203
1317.0,-0.01481351621703173,-0.06590096888875416,0.10209870875495641,0.0591163472807685,0.056391994189500895,-0.04593587512598668,0.07163461460429832,-0.15320807351560162,-0.03247670541720238,0.031259667329435685,0.1265750279282242,-0.029328323803975286,-0.2057506923082318,0.0830531101378419,0.15375906574856216,-0.11929881779778265
1318.0,-0.013678314490476465,-0.10334351421034006,0.09869426555977928,0.07005431158911923,0.03548963774874017,-0.04725223425168837,0.014343466959744684,-0.16546109568284592,-0.08762045162758389,0.03349158596702933,0.1389040636116418,-0.058516769702530724,-0.2575258744146719,0.05806461591438819,0.15388061237877512,-0.09229306940577196
1319.0,-0.005880032753283788,-0.13458184301473985,0.09465061281032791,0.06890545535574077,0.022867461539420635,-0.05965231656375933,-0.04701358569321664,-0.1503577281544388,-0.10836448243446904,0.03197645551024118,0.1473449524173683,-0.07897491289661586,-0.28038232549769737,0.034824574632383226,0.13841851426174623,-0.05832320030813772
1320.0,-0.0005519013296867156,-0.1480771870471966,0.07633098479108144,0.05263864380412818,0.019184760120538446,-0.07949124175060784,-0.09255054381411977,-0.11157707188520453,-0.09397703153646118,0.0295666111961767,0.1497278181846286,-0.0906429082421029,-0.2715469193175315,0.015905863209364365,0.10722784652460303,-0.03293928394391925
1321.0,-0.004760985985216866,-0.13756681955579875,0.03622959236502582,0.022879396253858188,0.022110163373212147,-0.10060354417196005,-0.10875462979781529,-0.061688761709833666,-0.0565644642736699,0.0289541369869949,0.141138838979238,-0.09658442675166154,-0.2362639779428906,-0.00025044036801630953,0.06131375584099567,-0.025403490640926975
1322.0,-0.019918744989752785,-0.10677372010383555,-0.021917147934516847,-0.013653472126621734,0.027539894043387893,-0.11762554640844639,-0.09470619656614955,-0.016152547942675864,-0.014006536668191563,0.03296592437331607,0.11865400904971733,-0.10032675647211414,-0.1859988973605379,-0.01642208847737294,0.0030064610403359414,-0.03640025046433007
1323.0,-0.041502544299378885,-0.0683760563702676,-0.08343846176925125,-0.04691426717814722,0.03172480567580861,-0.12587645714242623,-0.06210972075398335,0.013032674133953053,0.019578730505691092,0.04406476761409556,0.08513489398571586,-0.10413612653913897,-0.13554215156660934,-0.03229128309002107,-0.06236275644754687,-0.059390591709995694
1324.0,-0.0615252176227369,-0.037148902610292155,-0.12859315927477816,-0.06758237116372368,0.03299823818769142,-0.12046010672002129,-0.029452090669628,0.021125344976550955,0.040562996768505194,0.062167846636494606,0.04881768586144109,-0.10874696570896257,-0.09963809740735315,-0.043409985678495515,-0.1254671063809985,-0.0839922287889355
1325.0,-0.07209707190975402,-0.022122855182562715,-0.1409615988575319,-0.07165066202702688,0.031755279415892436,-0.09775112067901236,-0.013279055045958211,0.011661996312813193,0.05556461622478341,0.08282874747466897,0.019564351541414938,-0.11300337415516269,-0.08860371436986555,-0.04447382365620958,-0.17524223260850222,-0.09999919380685636
1326.0,-0.06856649504403503,-0.023276235610326927,-0.1146575537556923,-0.06260650602220881,0.028951484501998286,-0.05890801415029546,-0.020350736067322878,-0.005016416680226011,0.07446788144651513,0.09821491374291348,0.005043360347901624,-0.11324389484615009,-0.10363057026882078,-0.03378945536057147,-0.20398018277890922,-0.10105479665905667
1327.0,-0.051083623014598095,-0.03396758172187713,-0.057519702004143185,-0.04943526935778273,0.02465144342757337,-0.012168215467964625,-0.04435478095688349,-0.015849097120283234,0.10180636054122036,0.10078764704265604,0.00830383160868175,-0.10459787805454396,-0.13514243289168265,-0.01532808079001156,-0.21086055447943544,-0.08662399423448039
1328.0,-0.02431046142173895,-0.04586201427828711,0.01135323530247585,-0.04161024736717169,0.017804935891183073,0.029238603833265823,-0.06920179144259507,-0.010591169871118439,0.13254050808489073,0.08745648005727713,0.026265891271798902,-0.08476614773427146,-0.16650367578323277,0.002868929246521531,-0.200615302090302,-0.06122066338786041
1329.0,0.00406629798502682,-0.05268126523206777,0.06908901219449923,-0.044320579501881494,0.007165884738803325,0.05343600043419011,-0.07745336551818782,0.014083729756949392,0.15453427666071898,0.06168248104538678,0.04966531221476087,-0.057244754382928274,-0.181016948663481,0.012861159219374045,-0.17925566412846392,-0.03149338817878665
1330.0,0.025604953321344662,-0.051899356757475826,0.0983593318996179,-0.0566137030837195,-0.007493077901049258,0.056499940955419166,-0.05948843041712523,0.053800205523579406,0.15549816086936685,0.032155593508361315,0.06604798126119261,-0.030914435930662777,-0.16841575876575338,0.011055364360585226,-0.1509314812040207,-0.003415225702976071
1331.0,0.03407440787028852,-0.04534446107429259,0.09412152638937164,-0.07283657791564485,-0.024668055041773253,0.044443345684728054,-0.01872857611120741,0.09803459988579682,0.13045487600012567,0.008901145340790615,0.06544761866026486,-0.016139104164897198,-0.1282423746411693,-0.0004551040150551895,-0.11772612006954197,0.01866825702399309
1332.0,0.028067232965486643,-0.03867681594161161,0.06426115479392511,-0.08604586354776808,-0.0413996206998188,0.029156317136166548,0.029729184239471927,0.13280398814379563,0.08598207005094528,-0.0007693968722156095,0.045649052967242275,-0.01957640549711501,-0.0688553513987112,-0.016418379575828757,-0.0816976549815602,0.03194623355253613
1333.0,0.011684300422167835,-0.03881614835960341,0.02395264480153036,-0.0915289517349902,-0.05446821452568225,0.02171350880193352,0.06645806184373827,0.1452171007294742,0.038047052399775134,0.005253140686114028,0.013678602176978638,-0.04006009272127725,-0.0032382660876716205,-0.0322111384697141,-0.0473756169715685,0.03570986682015824
1334.0,-0.0070697637261475585,-0.04988835623327284,-0.012410508075647463,-0.0886338421944867,-0.061713392999586086,0.027502519312359582,0.07719624713661773,0.12960177749010132,0.003702587141112945,0.023264158336288403,-0.017724920787203714,-0.06788834621097091,0.05522755457721415,-0.0455944796197573,-0.02225688017211107,0.03219527610440436
1335.0,-0.019339935466889814,-0.07008126301735353,-0.03675100759297941,-0.07998060956401798,-0.06255757889143145,0.04471724223043893,0.05969777572520208,0.09178972131848954,-0.007723803033558221,0.04497526067412709,-0.03664084785341779,-0.08874853367891392,0.09571450773274288,-0.05591780749556143,-0.013553926378963898,0.026260091183998562
1336.0,-0.018950800395087206,-0.09142428043730422,-0.048175562773389954,-0.06892453375819454,-0.05767651414317382,0.06568718531853664,0.024782425049255617,0.04801255126107655,0.0018147668808719724,0.0605125275502186,-0.03724480809095346,-0.09047619010578106,0.1129538649927005,-0.06250321213339084,-0.02297803781392674,0.02384480480513003
1337.0,-0.0052234424819111,-0.10256152234834835,-0.05069342378693892,-0.0574772507359458,-0.04868407558545331,0.08031446921918184,-0.00893921790354344,0.018119479213231725,0.021338711917135728,0.06241284907869604,-0.021022153498680512,-0.06846634194985869,0.11012638903846422,-0.06411396640451289,-0.04462731728180323,0.029830211610145162
1338.0,0.016582111520332996,-0.09346487569316447,-0.050328731501503784,-0.0462173345065602,-0.03834165932319958,0.08022856621601185,-0.024030054263094014,0.01646371550908009,0.03642807586070575,0.04881363314430952,0.00546955201473012,-0.026492210267187465,0.0983211694204729,-0.060231967379237535,-0.0691046927180144,0.045427714935780406
1339.0,0.03801341182880225,-0.060780556993913167,-0.052676461945657484,-0.03549359183643149,-0.030592850988214428,0.06167054897869276,-0.011970185973134765,0.04551735713400418,0.03597588020036559,0.023927484832152793,0.0341452324204547,0.02651695321929066,0.09068018397820946,-0.05287101615296074,-0.09053104205351017,0.06607487787248742
1340.0,0.05180647262210375,-0.011078281197957061,-0.06087536258531568,-0.026000325407758082,-0.029524039993671234,0.026267722710658855,0.024142573873388612,0.09549014292211866,0.017581655276265446,-0.004538826581743667,0.05861334139491885,0.08017610220210464,0.09492254705536239,-0.04671783821961119,-0.10941752615421967,0.08197131068320332
1341.0,0.054831190944686005,0.04122821748031229,-0.07460403827117892,-0.018137373349831523,-0.03747066143945968,-0.01980897449943427,0.07227455011131216,0.1490655142317936,-0.011458906152520055,-0.02941550734637716,0.07603155950136596,0.12432386887972582,0.11005030435759695,-0.04695508094056844,-0.12861384451149538,0.0820308457471959
1342.0,0.04789638831042642,0.08054401265945205,-0.09076719217922062,-0.011363606059551156,-0.0533632277009423,-0.06827125178574675,0.1169895295335122,0.188019933825536,-0.03863278275626681,-0.04723055649794994,0.0865744970432879,0.1495240830583822,0.12845220183501777,-0.05609059173356142,-0.1468940920573485,0.05929392521298637
1343.0,0.03359894996290575,0.09653111973785308,-0.10495562584930153,-0.004343337292962418,-0.07221250390604163,-0.11247091028255009,0.14470634485374578,0.19954608195306459,-0.053740708806535434,-0.05896357983039891,0.09023951248525255,0.14859930634306787,0.1401762014720155,-0.07132490705900854,-0.1564309189123077,0.014880478689085343
1344.0,0.014533782816994746,0.08714170227565779,-0.11225254548551795,0.004601339139937018,-0.08626365600999689,-0.14992149902039198,0.14709294636390735,0.18104447641022495,-0.055070103512699115,-0.06853557741200643,0.08321145950089662,0.11969580838327651,0.13711901884890357,-0.08383891469155062,-0.14588420112310124,-0.04159212697228254
1345.0,-0.007154021739443559,0.05858488274387103,-0.10772109095281569,0.016867060479599183,-0.08797869431076435,-0.18120175237738168,0.12250947373279757,0.14120577235010442,-0.05048119690640884,-0.08018697205795956,0.05750226662883171,0.06892795070164832,0.11664214030231254,-0.08179283497754095,-0.10634315397592013,-0.09554774550577101
1346.0,-0.02937289965741365,0.022880942704062282,-0.08825835342467399,0.032262176688324734,-0.07359690312225206,-0.20633718033431528,0.07556437260083285,0.09573845578841769,-0.05229579976725047,-0.09575604917977003,0.0051543158531821565,0.010177871872287924,0.08311249481503931,-0.05704231166109166,-0.036393201293307885,-0.13287738616685638
1347.0,-0.04965579487222509,-0.006617728287778714,-0.05596000949462892,0.047612858914187255,-0.044823235401727814,-0.22131679058292927,0.015244166998951774,0.05974548715641659,-0.06858047688013692,-0.11308692353085929,-0.07537446326064941,-0.03874481123247919,0.04615049958760231,-0.011354076156670983,0.05609132608198687,-0.1441250200658741
1348.0,-0.06531927443844107,-0.019867664111589998,-0.02014326003707813,0.057047888334107726,-0.007613898684599181,-0.21703944401928738,-0.04697385126424469,0.041707188352514,-0.09649864962754526,-0.1268195282090854,-0.17433586764696352,-0.062384066334398365,0.01717379571360891,0.04308497050446417,0.1559019108245274,-0.12645837306989074
1349.0,-0.07424866874866684,-0.012766918086965274,0.004889635211314144,0.054774326371247434,0.030399188178137814,-0.1830000684848541,-0.09839638036822965,0.042318974571650986,-0.12263932753272833,-0.13113267598408726,-0.27071513667992864,-0.05371000230365533,0.006474926006734254,0.08932179848727198,0.24493126502444343,-0.08428617347011833
1350.0,-0.07546729575979164,0.012652951510682353,0.0058321137948188,0.038772745482403094,0.06192979410945304,-0.11529700853801078,-0.1270905041034621,0.05683126223726933,-0.12993949041538566,-0.12237108281472743,-0.33887495937179957,-0.017046734480263507,0.02071007882809259,0.11308788529736066,0.3070730532393525,-0.028526275996249358
1351.0,-0.06881086052508703,0.04978563340397237,-0.022854523856283088,0.012496690001503824,0.08126256261124418,-0.023166099106433805,-0.1255333530077296,0.07776375747930929,-0.1059689684769521,-0.09977308340431375,-0.3591078828566466,0.03365651072984538,0.05997070850617778,0.10770769828418478,0.3320092822541827,0.026237838511873907
1352.0,-0.05423598177767784,0.08989986614829484,-0.07449824467158153,-0.016665689473448063,0.08555379735973427,0.07213325072994886,-0.09440464249869371,0.09710470324474073,-0.04783304665369325,-0.06420507272442691,-0.32530591873455267,0.08061768624184663,0.11598108919800088,0.07537235911611699,0.317290488113248,0.06652282847924487
1353.0,-0.031789934139407776,0.12454109714581607,-0.13097920813554223,-0.04053734862415399,0.0762512086145047,0.14566740679832607,-0.04369476593866241,0.10858124668425098,0.03720956867702961,-0.01688687200531579,-0.24495745313340425,0.10962777739015209,0.17393858047948152,0.026078986133283622,0.26881322557898035,0.08483368290204939
1354.0,-0.002588308941935853,0.1473542366735547,-0.1695687003280047,-0.05288576514280325,0.05902811141519662,0.17869638579803812,0.010314813047209466,0.1093368018021648,0.13396328453806677,0.03969660524250011,-0.13366150195517984,0.11526715467445783,0.21763689677812015,-0.024965674124901596,0.19959366003563736,0.08199209053992525
1355.0,0.02989023905908052,0.1552834861907437,-0.17261113396990016,-0.05107812207480323,0.04102094886527154,0.16520615027890387,0.05096586817897437,0.0997642649727198,0.22306554130889106,0.09964483043804817,-0.009780792047309247,0.10127025966000333,0.23452179799200185,-0.062025512095104963,0.12633363848845014,0.06556617045674884
1356.0,0.05959542851786839,0.14905750837858492,-0.13486860310165877,-0.03641765075658892,0.027043067983739347,0.11345687408520859,0.06727074825758039,0.08187516959406155,0.28579387232034653,0.15341644005324534,0.10848697659979745,0.07701986360434065,0.21799706766713778,-0.07471824931808978,0.06420673876123682,0.04573674288345523
1357.0,0.07976166028100097,0.13289463881860913,-0.06523294020376835,-0.013078846195200501,0.017951342300381607,0.042750780759475325,0.057624458102806426,0.05770401493108222,0.30912221943556806,0.19022150147255157,0.20489613382112878,0.05289836762087844,0.16737367923149457,-0.06157996651597014,0.022073131709963913,0.031145248479006227
1358.0,0.08598071983805898,0.11340063113640807,0.01745130218740468,0.013595945508701236,0.012127001925504357,-0.023370968910089586,0.029582792320235102,0.028521507677409488,0.28929386622875075,0.20105646035021973,0.26716473581814626,0.0360773759420826,0.0874998872771761,-0.029015816578144435,0.0006310033950024375,0.02667429984469688
1359.0,0.07815444408953924,0.09743753517660211,0.0920377107908025,0.03848703541553827,0.00807942387939306,-0.06496174302494583,-0.0045670855254218694,-0.005024866411220951,0.232262673689217,0.18133276538770954,0.28930828133793046,0.027820118310048964,-0.011022422131492614,0.012611887346595286,-0.005839745956205834,0.03362440001292084
1360.0,0.05994132217924813,0.08941116517406902,0.14262574194217906,0.057727625491977554,0.005898646876337066,-0.07141817969608917,-0.03437566361534966,-0.04182100490427861,0.15099779520687323,0.13305322482772788,0.27281598755715286,0.023689862027827895,-0.11179096000027743,0.0527040820558389,-0.005719619519831743,0.05067602915892628
1361.0,0.036541201571957053,0.08945648071175641,0.16361954124178243,0.06957424211963087,0.006983739866840675,-0.04355935058120141,-0.056037564470906596,-0.07892440411139776,0.061229050335669104,0.0654289125173831,0.22523283257612353,0.017019530533900547,-0.19407033761313994,0.08268909745257802,-0.006514560723794916,0.07352792071248539
1362.0,0.012376505857851241,0.0934585110385032,0.16072812673759276,0.07462172151145834,0.012740567929547664,0.007550909817838081,-0.07247110241553062,-0.11123210421659581,-0.02282728023516392,-0.0075779628421945916,0.1572045206080486,0.003903034367409299,-0.2370298923843176,0.09709281345401008,-0.012629544656019913,0.09372935909723723
1363.0,-0.010267163912947627,0.09463150817992474,0.14641655188494623,0.07505675242369331,0.023279907273801977,0.0643052106552381,-0.08895957767813556,-0.1327936682589642,-0.0916635889319936,-0.07223469935997168,0.08021308976640583,-0.01354750357690211,-0.2267258987542792,0.09413793834779542,-0.024515203358660646,0.09966204999616818
1364.0,-0.030910846209526673,0.08617703786604744,0.1315564629772704,0.07341677710112678,0.037053420684749,0.10849673939263321,-0.10756083746971552,-0.13890972028285822,-0.14144572236991979,-0.11943241966980274,0.005732748759972138,-0.028130834026439528,-0.16296206939495816,0.07620403214484263,-0.039316789057696276,0.08108893682708797
1365.0,-0.04919551015513205,0.06436952236513221,0.11911440863693733,0.07122255692580733,0.05159329597150986,0.12820148657922043,-0.12414866239837612,-0.127615691929463,-0.1726746995053072,-0.14579072117783287,-0.05498230239995492,-0.031902176102528705,-0.06152758045716901,0.04942075107412364,-0.05278600584944955,0.03487152793872216
1366.0,-0.06364031625619591,0.030570015055851454,0.10426387470730585,0.06785300400104131,0.06441061009266617,0.12221001308251721,-0.13025331417960012,-0.10026116857757704,-0.18790681629566325,-0.15188685957589004,-0.09175763446662417,-0.02082218351547977,0.05022920470097675,0.02172033257581142,-0.06152507678248783,-0.031725962340507674
1367.0,-0.07216752180623645,-0.009412717897268049,0.07994341895013087,0.06056872638111279,0.07301660231173046,0.0989325592020651,-0.11898370617934387,-0.061705942520632835,-0.18961254080452106,-0.1399059930088123,-0.09788051041309083,0.0027964670916899147,0.1422452355710294,3.4346247152626435e-05,-0.06489884574269812,-0.10171155986440611
1368.0,-0.07361184610797605,-0.04856102909530675,0.043566824291605265,0.0461717985669549,0.0744106163966769,0.0703632055006121,-0.09133601229072391,-0.019780104150026127,-0.17861797314173286,-0.11224761980292919,-0.07321373227256261,0.030926419723066194,0.19098841387544513,-0.012080952349499754,-0.06573776446583376,-0.15318437744123092
1369.0,-0.06849811924120842,-0.08233337341395587,0.000521405902038041,0.023451581093170512,0.06552564297475132,0.04496942980815243,-0.05785728652357216,0.01674462485922114,-0.1537517957241343,-0.07120280912228875,-0.02548881797554332,0.053225484094605154,0.18590252783796699,-0.015320813189173041,-0.06817604727231368,-0.1676278169268921
1370.0,-0.058538216452568764,-0.11027959447515709,-0.03781460184547911,-0.0052740751490240444,0.04500526797710433,0.023691290179260246,-0.03346001675652679,0.040786823457564216,-0.11319516610734,-0.01940060100412587,0.03185863123222499,0.06161627796200924,0.13125628619966304,-0.01343584274944938,-0.0732119640370586,-0.13840929863152057
1371.0,-0.045706701900739444,-0.13486464203617565,-0.06011345081992798,-0.03474189883857615,0.014738723823665699,0.0012779332609358937,-0.028779124764847907,0.048301103001381095,-0.057019944897569494,0.038878281221766404,0.0836457444431547,0.053688325151887636,0.043470058339219374,-0.010813545915380758,-0.07631513614995025,-0.07442200566494578
1372.0,-0.03157867593494449,-0.15865997892482514,-0.060856070327853284,-0.05891651445327735,-0.020065765982803543,-0.028110860341059998,-0.044221448667424536,0.03831926457963998,0.010848252064744447,0.0960937863688018,0.11607550292622579,0.03345214821604177,-0.054133400762698985,-0.01061767606225787,-0.06998809853597096,0.003837656325415837
1373.0,-0.016786675529806807,-0.18160147554718314,-0.04211454252239642,-0.0728257782943905,-0.051827384413572895,-0.0648735552120529,-0.07017899127004987,0.0132726411565052,0.0827020748585061,0.1417681123087651,0.11924528537997589,0.009719126344149518,-0.13720804304083087,-0.01410587822587511,-0.04881192632421687,0.07344594636115295
1374.0,-0.0008875728782739629,-0.19984502012909544,-0.01116042110048281,-0.07312729002570403,-0.07216564404568683,-0.10139581154747856,-0.09208219481436207,-0.020435357155331242,0.14861119528459227,0.16608291174893997,0.09046527869603012,-0.00698031283516565,-0.18641418983464358,-0.02056166748490424,-0.012598441158333406,0.11795819557788101
1375.0,0.016469816352680505,-0.20714011082122374,0.02342042223800433,-0.05851839254469187,-0.0745820982157348,-0.124788906951444,-0.09669294599572502,-0.05345671998548771,0.19816380908417935,0.16447874173502533,0.03666046667280073,-0.008356704917240313,-0.19309158126378145,-0.02765323210115814,0.033985390768099706,0.1319017874200239
1376.0,0.033655224721757866,-0.19821087485343022,0.054357055391763345,-0.03089477833016046,-0.057672276254699846,-0.12361836304047726,-0.0769628520269391,-0.07675459752376862,0.22236538420169383,0.13955419451603326,-0.027993502307349774,0.0078057847729355815,-0.162235261160359,-0.03228502046028454,0.08362058678344433,0.12029524281602028
1377.0,0.046748131707832964,-0.17203708746705057,0.07640618904374148,0.0038486926975802005,-0.026275935701900892,-0.09384554892126434,-0.03423616552586096,-0.08523954139967203,0.21616157868382332,0.09931547591216226,-0.08912993055408851,0.035848389987750806,-0.1100738245268089,-0.03160156183098935,0.1277977335050155,0.09452570913885944
1378.0,0.051643978170325,-0.13256002012390428,0.08647133130490907,0.03698391927536157,0.011164849950089366,-0.03942679193971507,0.022655097340634076,-0.07929368417053163,0.18041304065584218,0.053725704098142014,-0.13841765040254692,0.06406947378599613,-0.05648118101795136,-0.023776103121461185,0.1573416876858653,0.06652498756416844
1379.0,0.04651111684944149,-0.08612560168040864,0.08459530487828965,0.05998555563202156,0.04707892565871282,0.03142065283712928,0.08099467240243466,-0.06336955779758664,0.12136403441034067,0.011532270236794252,-0.17407130860163622,0.07999881473581749,-0.016176453874233786,-0.008277380410671336,0.16441239695534304,0.04404751345362067
1380.0,0.03255284300222151,-0.037789355593260264,0.07538375899030382,0.06770271355579305,0.07746935600189632,0.10903293753680636,0.12903118371403902,-0.043318546982084906,0.04833732624304161,-0.0216561818803054,-0.19657238381314532,0.07646698100184682,0.006621870536442058,0.01454717648986555,0.14689121070481964,0.029354304419728323
1381.0,0.013286041816753393,0.010288300465841263,0.06735052877427997,0.06008694002371235,0.10156214841434531,0.18183997582355588,0.15982851995090647,-0.025009916762295303,-0.02766039161823703,-0.04366019816847875,-0.20440425033899948,0.05454267974121236,0.018066148604740557,0.04391361520900526,0.11161893571421735,0.020906155976307503
1382.0,-0.0065008371666372905,0.056907945916275265,0.06880576196162448,0.042100719857016695,0.11979125896184821,0.2354095778913362,0.1720331396281587,-0.014701697009499136,-0.09444950693916314,-0.05489494816997329,-0.19344857064145782,0.021561742781989964,0.02998612010509926,0.07804942365771919,0.07195323931296986,0.015566567330627794
1383.0,-0.02164582308884329,0.09824447956308023,0.08260870530770144,0.022004603637656713,0.13188375934419933,0.25414210645733354,0.16774651432012075,-0.01870745223909129,-0.14069789200079688,-0.05722863317298652,-0.16025414264113366,-0.013283865613671801,0.052956725090017545,0.11278019110353373,0.040125252369998254,0.009554188101050833
1384.0,-0.027524183241728596,0.12655772022955347,0.10351823793362538,0.008246893969875217,0.13598216452632972,0.2261852687741331,0.15052142459446186,-0.04032049170001988,-0.15963179992556176,-0.052669514003512774,-0.10682948120626905,-0.04188101398939866,0.09021634042162305,0.1407199954558574,0.020350034775330136,-0.0013349686633845512
1385.0,-0.021130813971953124,0.13349402865703755,0.11982135340341638,0.005779314155027561,0.12917217111277038,0.150568871711911,0.1255923126151645,-0.07585707794576277,-0.1517069069867853,-0.04226594533192303,-0.0432918215181687,-0.057763727267854476,0.13536718819973317,0.1524633162466338,0.008235316655650774,-0.02053596704052519
1386.0,-0.002312715878166698,0.11608428928639633,0.11830092713976963,0.013592707344127777,0.10935229261514072,0.04311657737624846,0.1004668631424489,-0.1140172703009105,-0.12377769972874275,-0.026287084484182304,0.014750982025009818,-0.05659562981353701,0.1747840274233709,0.13982644094471205,-0.0036955144287065126,-0.04807293036200116
1387.0,0.02523499263212976,0.08084434100887798,0.09025015440910852,0.025243379379894473,0.0776240935446721,-0.06518137903565907,0.08323697175235456,-0.14032700356728062,-0.08516169775510338,-0.005684381887780849,0.05339591416121742,-0.03809819921307938,0.19363857582534688,0.09970329739730459,-0.019689919341116142,-0.0786487846362162
1388.0,0.054142654213174685,0.0422830097816741,0.03604386826922453,0.03242585863224726,0.03958867107361829,-0.14015482038494168,0.0790891517476183,-0.1442350304660932,-0.04383412958956926,0.016764250715663672,0.06750482541995778,-0.00784906503141327,0.183009951740147,0.036603139765277,-0.038628670345638695,-0.10331793242620141
1389.0,0.07533895900441429,0.015870284710030932,-0.03402003882008456,0.029545964463007883,0.004018579401484984,-0.1601934426556559,0.08721435015015207,-0.12451673350431273,-0.005741889608947055,0.03686652473243095,0.06316504091534474,0.02372274670138818,0.14398467144028518,-0.03768215685184897,-0.056312203759134455,-0.11400035196759359
1390.0,0.08120413756109074,0.009867841339915931,-0.10355857268787153,0.01667980581527819,-0.021084517244610704,-0.12480912735569742,0.10013608492144621,-0.08986996246893648,0.023417343984233844,0.050598381225999876,0.054120624226200995,0.04550248817758964,0.08623699618332198,-0.10781116286054092,-0.06907225095811877,-0.10658020269512017
1391.0,0.0686656560193895,0.02177022604693982,-0.15643740663447664,-0.0005997730698111635,-0.03278426188813712,-0.05123808033715101,0.10687682515142485,-0.054831820579408226,0.0375094816366165,0.055836590371008125,0.05389073891536046,0.050535487772846735,0.023192093175023746,-0.16033630458389178,-0.0759746537604612,-0.08060381468766592
1392.0,0.041096089442694425,0.04157703763179431,-0.18158386546869557,-0.014338388040504111,-0.03468141364519984,0.03620626615111105,0.09872443535102701,-0.03377069003289859,0.03245490021396409,0.053450791016565205,0.06843258707069805,0.03868657828336901,-0.03274511377470556,-0.187477589527086,-0.0785587275435166,-0.03833600071797497
1393.0,0.007869434414380141,0.058779224126255525,-0.1745092553880059,-0.018426319982490225,-0.03438926739796483,0.11561767587503767,0.07366668125833953,-0.03585958363818486,0.009717641250683102,0.04704602058921953,0.09436003521231563,0.016020099607555526,-0.07338313622730384,-0.18745098010510258,-0.0788142399453824,0.014315544970160845
1394.0,-0.018857582364332832,0.06766242101338897,-0.13723567692390923,-0.011341915773083081,-0.039079275901634965,0.17144651835491354,0.03683863361209624,-0.06271083335231718,-0.023325742049944004,0.04141107636831703,0.12300149852705444,-0.008335860046253888,-0.09579787552379557,-0.1629994891884774,-0.07743236461764665,0.06668570779541831
1395.0,-0.028998332125295623,0.06787008024564892,-0.07852934749519778,0.003986277145930705,-0.05205828857134651,0.19482752312425344,-0.0023165289197842167,-0.10901297220540017,-0.05727608833508132,0.040682921676685246,0.1461070638543239,-0.026182447581978033,-0.10112433785108312,-0.1205601707200899,-0.07369860356580442,0.10520993679623855
1396.0,-0.01878251009970648,0.061431918707604206,-0.013565378227094084,0.0222403718453855,-0.07165813897683189,0.18394285883562775,-0.033930482342684504,-0.16509849399731133,-0.08562364157351586,0.04667404138416182,0.15916058790999268,-0.03331071090645708,-0.09231940127868087,-0.06978820952189646,-0.06665016232498622,0.11869155713185556
1397.0,0.0077445915631666855,0.0497390077595142,0.03934506296671121,0.0379229307826668,-0.09224903064266478,0.14490027436133818,-0.050900155360539115,-0.21970100465033915,-0.10683027850274684,0.05721790970215715,0.16120903169652692,-0.03057625030228012,-0.0729669528126446,-0.021599911065144757,-0.05663921773473266,0.10396875300107307
1398.0,0.04048863953786473,0.03283277842934787,0.06517679192275572,0.047134049980088556,-0.10673043905656585,0.09097752504086704,-0.050695802554721156,-0.26195631578680045,-0.12285003483118866,0.06541506745277394,0.15270010095348743,-0.023079623418640206,-0.04787543437317828,0.015134746622996315,-0.04637680930892691,0.06802888455994845
1399.0,0.06681470664530668,0.010714293614553444,0.05862599226745712,0.04896906085812821,-0.10944604533675101,0.03904295592127264,-0.03591397735998824,-0.28300849536509703,-0.13606983573522538,0.06147480817193647,0.13363207382238462,-0.017924529214111227,-0.023660006472264017,0.03632366433052577,-0.04003617245893952,0.02476371816035098
1400.0,0.07541461853933917,-0.01517909142821006,0.02658675223912909,0.04579398674349765,-0.09841761576039787,0.003920847650558467,-0.013866257024132992,-0.2779438761208478,-0.14693177201986707,0.03752029417591787,0.10349002140354228,-0.021328353992206155,-0.007409880140982403,0.04331652940468324,-0.04018110829010529,-0.011951897165146486
1401.0,0.06061802864429175,-0.04161953036867795,-0.014977687248484192,0.041645928266623056,-0.07643585921212277,-0.007852181130177452,0.005054596835657718,-0.24769773664553185,-0.15348988652799747,-0.007152922849070626,0.06292731210342033,-0.036625128726141126,-0.004382433225775452,0.04127943391139667,-0.04512830792210691,-0.03453583544973275
1402.0,0.026333878190108545,-0.06420567684927843,-0.04811744097765603,0.03971859290675654,-0.05069636320199245,-0.0021410406675300775,0.010484619798870012,-0.19939952846105566,-0.15269456720814908,-0.0645583167337667,0.015755619367485922,-0.06404254075546961,-0.016851464504127254,0.03662004161685193,-0.05006288156287711,-0.04336500548492039
1403.0,-0.01353165274884071,-0.0783920647411508,-0.06036024065607185,0.040987025437285,-0.03035100544981149,0.004915293567898726,-0.004193832877010863,-0.14418453966398231,-0.14218831640532864,-0.12206386284513736,-0.030791691307180374,-0.10118777516704835,-0.044595166270010776,0.035241578032991334,-0.05158774122083924,-0.043546557205994936
1404.0,-0.04052629549036251,-0.08087212235922546,-0.049104897279269456,0.044596033773580665,-0.02244847682378033,-0.0039302713637679385,-0.0389265991816953,-0.09328684466158284,-0.12191117109296322,-0.16879720611168397,-0.06855091951151215,-0.1431239743172627,-0.08616048705886845,0.041430878430624804,-0.05096242081967026,-0.040025607403072226
1405.0,-0.04095451006434019,-0.07106806662518321,-0.021107875491968707,0.04861036368599958,-0.028579479300027088,-0.03666520870710949,-0.08585021452362869,-0.05426098538569105,-0.0950917675848218,-0.19917226608098784,-0.09230204685913536,-0.1828367570471215,-0.13948046574856562,0.05590366395427783,-0.052132630213130374,-0.034493219787887774
1406.0,-0.01348329967968476,-0.051853580274563466,0.011977591250391386,0.0500777349321032,-0.04437093474913613,-0.08821772881778676,-0.13105033281346504,-0.02904107852204877,-0.0673911672168822,-0.21172633339082275,-0.1019416642145114,-0.2131142775957706,-0.2007533870732379,0.07353031589469795,-0.05640667560255367,-0.02563485101253628
1407.0,0.02970331387390985,-0.02904166487032539,0.03858169358629084,0.045182653116249756,-0.06209005090264247,-0.14509663242196186,-0.15980812344177245,-0.014836574482364528,-0.04404945620777147,-0.20613576475345344,-0.10118180473978189,-0.22892652102570302,-0.2629648337251541,0.08334697182211871,-0.05953377797189814,-0.01228931859909917
1408.0,0.06871086806419575,-0.00990637259659571,0.05021252850557933,0.030584950455022488,-0.07491920869078936,-0.1928258973614227,-0.16317624862717756,-0.007379210621228929,-0.0272521449827977,-0.18223972439023717,-0.09438532381815985,-0.22872790701319,-0.31664609504551317,0.0724324715723093,-0.05478593822528123,0.0026755404544607456
1409.0,0.08526914311854349,-0.0009150109057246191,0.04307234270228335,0.005591912339079755,-0.08038002486945969,-0.2201463630852579,-0.14171387377660738,-0.004305679050962079,-0.0154527811633584,-0.14180129334570346,-0.08461087165668633,-0.214415244979504,-0.35256303846243886,0.03246201244770542,-0.03939745965114779,0.010953053755533872
1410.0,0.07090117824195512,-0.0051506705022912646,0.019136257661564137,-0.02636300573563498,-0.08061150387945841,-0.22031691248494065,-0.10432010242589886,-0.006261060810699155,-0.004367230018534622,-0.09040675562927372,-0.07384991801414582,-0.19045892515324886,-0.3639623529332759,-0.03426166506301644,-0.017916606984321987,0.0018881823694612931
1411.0,0.030175776512041945,-0.020780308479025254,-0.014518337507804522,-0.05815127626354962,-0.07940073283443161,-0.19255058729151026,-0.06379606955033365,-0.014870396296039812,0.010773101145005704,-0.03701062591804441,-0.0635670143665925,-0.16236728682633095,-0.3476185098359371,-0.11260640521351253,0.0004413463613012927,-0.031177838281791468
1412.0,-0.022358258619704467,-0.04151260835238017,-0.048740220725926306,-0.08147508552129039,-0.0784306056540648,-0.1427162882227931,-0.03175814870772266,-0.028795057530385807,0.03209710012338922,0.008791024590652674,-0.053651616804656646,-0.1345520192447506,-0.3041783955019347,-0.1781680848831365,0.00712029170122353,-0.0855863606549116
1413.0,-0.0695263151483033,-0.05857168896317768,-0.07569447110126871,-0.09068219786945282,-0.07559505371362171,-0.08157050227473085,-0.01443796023793778,-0.04075880959305259,0.056992280449293914,0.04002324069428996,-0.040751284186467694,-0.10850958837880387,-0.2382513532484245,-0.2063401973499456,-0.0020729455389928556,-0.14891113534384176
1414.0,-0.09869770723622188,-0.06309555401316361,-0.09071293901868303,-0.08583156765132581,-0.06638225507392738,-0.022746707450459154,-0.010418920945600294,-0.03854000055973208,0.0791317169831147,0.05434975737362833,-0.018724123030077623,-0.08294462666582765,-0.15864154943769365,-0.18336218936315246,-0.025717877598847107,-0.20355683100287542
1415.0,-0.10528387708728248,-0.04847427415397113,-0.09311091291322436,-0.07270462379247118,-0.047476334811727514,0.017844180283912024,-0.01138940689201741,-0.01050759324900708,0.09205355612293552,0.05378771231955345,0.01756246133522201,-0.05610605792257006,-0.07766670249065658,-0.1131041540627995,-0.05675305875645689,-0.23334759848108708
1416.0,-0.09226459164230158,-0.012909467440627303,-0.08669845141247545,-0.05952852946284364,-0.020516030353806215,0.024634406418518426,-0.006179458266049671,0.04731640304790924,0.09246763825050706,0.04246609640244801,0.06693492606498773,-0.028054662899862096,-0.00786055216022235,-0.01516100606926542,-0.08343596677270354,-0.22867720205932246
1417.0,-0.06748658627279192,0.038126239874101575,-0.0789217886227987,-0.05274249020768436,0.006944438460270523,-0.010208715313540144,0.013409146663753937,0.1275171497267494,0.08146017845302926,0.02407604716114877,0.1190643528719329,-0.0006083086055909072,0.04266442315921157,0.08411937959569205,-0.09243996455351837,-0.1888246534118489
1418.0,-0.04046353617640442,0.09137610361205697,-0.07779967865442726,-0.0545787417129752,0.025053646550483887,-0.07951508831773217,0.04807397452964983,0.21377733904683055,0.0637110112880886,0.0007703889986197405,0.15709638193378017,0.02437916725542088,0.07287365130712052,0.16153338276004817,-0.07404590627370271,-0.12193489218214389
1419.0,-0.019580751564883075,0.12904584665063185,-0.08801303985137485,-0.06327712161616651,0.027799053350591952,-0.16194269703399125,0.09043653726644466,0.2876504180233265,0.045587054434841755,-0.02586327961532679,0.16514436148014852,0.04603195575451453,0.08820599695459351,0.20273544786342856,-0.026592109293775677,-0.043138320611335726
1420.0,-0.009966755098238295,0.13543240591116393,-0.10838490925719381,-0.07465177215670324,0.01683069044007906,-0.231754183610724,0.12811642504891935,0.3348013001240506,0.03345293803907617,-0.05289430909781404,0.13653032262568862,0.06373563097631747,0.09754519671915926,0.20310305966301817,0.04254786325831636,0.029159978526107726
1421.0,-0.012272957798591123,0.10401327336189276,-0.13200739860323282,-0.08381823165009329,-4.577468913063827e-05,-0.2702404898802976,0.14804301693957472,0.3483685261749681,0.03288922168429475,-0.07525048723194479,0.07778082337616564,0.07573300296239503,0.10862520553156786,0.16617325189806728,0.11906159115719864,0.07824079984867166
1422.0,-0.022846445399153745,0.0410089195926064,-0.1488682998007564,-0.0868333749043489,-0.014164324877947065,-0.27125580992074244,0.14063164463882774,0.3303317036371729,0.04756119272804499,-0.08697535461378117,0.005917403945066073,0.07871757665778434,0.12312203656200635,0.10207702053754085,0.1854096878234522,0.09422439546808108
1423.0,-0.03549695550111192,-0.03683567842101688,-0.14968423210269927,-0.08177694794726477,-0.02086293060759506,-0.23907662522122838,0.1035774778869901,0.29099110138547607,0.07673111596209013,-0.08369348174991578,-0.05912487430733043,0.0694187109245282,0.13470871821853223,0.0265297382419959,0.22596451249468832,0.07799532452690057
1424.0,-0.04432498879709203,-0.10894545773687477,-0.12953593562975227,-0.06899851546863298,-0.02080615355900504,-0.18207494516306058,0.04397832960827621,0.24526769173290702,0.11309149295420529,-0.06490292421467478,-0.10249992131016013,0.04744215634445285,0.13345098051730694,-0.04143206660503725,0.23239417586928207,0.041641756088737075
1425.0,-0.046400257874649756,-0.15860409957927543,-0.0904619719695873,-0.051230043205814174,-0.01778708866226901,-0.10706696886155811,-0.023282622879853436,0.2064995111681507,0.14378544054686418,-0.03517148670487338,-0.11910115432638965,0.01708216476260174,0.11435748394887986,-0.08502159155717419,0.206153026591382,0.0038299313409143813
1426.0,-0.04293543827093122,-0.17828425371738632,-0.04168506130693789,-0.033674763588194864,-0.015430193646120534,-0.017818011070398886,-0.08126132749509839,0.1812306713515159,0.15544470993553053,-0.0034981285477384294,-0.11371300335845032,-0.013431296486070545,0.08233432605505568,-0.0969750688685349,0.15652229768018922,-0.018204698972879088
1427.0,-0.03832431441170225,-0.17067407187558034,0.003964399627228212,-0.022903063768574178,-0.015378629180303229,0.08131929472044969,-0.11817299839243257,0.16829128536833596,0.14057859531559408,0.01957575464126255,-0.0977928572475848,-0.03489078062268527,0.04895099981985692,-0.08327621669540264,0.09579505282506617,-0.015548920200399014
1428.0,-0.0375061535040839,-0.1456933540307051,0.03630495061520949,-0.024004889453832078,-0.0177022889019768,0.17958248572951868,-0.13200206069161954,0.16234867034727615,0.10108495352925549,0.026232091724217095,-0.08463646650278586,-0.04101656228652102,0.024644927484162468,-0.059680134327292016,0.03443109532915761,0.010233788540097133
1429.0,-0.04305962728225321,-0.11533265153023634,0.053014467456082716,-0.03741625574644136,-0.021931366918849907,0.2578314760669016,-0.1296195553798647,0.15901843833519308,0.04696896644990121,0.015077528877219817,-0.08400971168954639,-0.031202160818844964,0.013519120284905458,-0.04284108244496442,-0.021140636879792875,0.04973464079253415
1430.0,-0.05391779371645967,-0.08826717128366629,0.0605826192202504,-0.05797424410338991,-0.026811458258765384,0.29441595545422106,-0.12061498892681223,0.15793515430790858,-0.00805063736204339,-0.007505269889964652,-0.09724834220371792,-0.00980041341766134,0.01449346147516016,-0.04168076295639879,-0.06711091610793281,0.09071714856380332
1431.0,-0.06662595685662083,-0.06647633988310442,0.07034588148723996,-0.07748845785355975,-0.02942381677954511,0.27633440748892163,-0.10970965548921721,0.16167104203879498,-0.051425868798504144,-0.029459219653829177,-0.11558219069315806,0.01754408056003025,0.026268913268038072,-0.05421050503937461,-0.09962329428329574,0.12285961817632772
1432.0,-0.07771248831757678,-0.045944447860195387,0.09167734453040277,-0.0890615432820459,-0.026026738000359307,0.20768624497667876,-0.09359758794250454,0.1710313827708341,-0.07575569344725945,-0.038301697483133085,-0.12467188562703568,0.04698003475011431,0.050160756538105505,-0.07094493824466182,-0.1143608318013376,0.1400080018197514
1433.0,-0.08480393645350279,-0.021179865281354484,0.12618333324528752,-0.08992686204958457,-0.014740945018222313,0.10844472019137186,-0.06521526401750571,0.1806966001666797,-0.08079394073873196,-0.026875486253885576,-0.11339362570983506,0.07665512731710089,0.08777102176937081,-0.08126548344150854,-0.10907069063204215,0.13953620108685696
1434.0,-0.08624561785467545,0.009584865251433105,0.1661769316148589,-0.08133937956278373,0.0026575527253364086,0.004507624535351546,-0.021839203293381987,0.1804886725807623,-0.07217815826995415,0.003834746843888768,-0.0801781828342206,0.10543903257387907,0.1363369421342499,-0.07819661992266606,-0.08640982469229615,0.12144481612229462
1435.0,-0.0808906197428957,0.04225292035560568,0.1980317006897477,-0.0664247743959802,0.021765979483460426,-0.08321446271118683,0.03025031817049918,0.16294021116549645,-0.057224120573496996,0.04577954018496506,-0.03322688072270011,0.13275288563007456,0.1872633258850223,-0.060368495734236444,-0.0540808175988606,0.0894363272820583
1436.0,-0.06843586746445782,0.06928267765108495,0.2083334972135884,-0.04766843925754593,0.03823949870948377,-0.14418255984890124,0.07837233595420262,0.1309841731727594,-0.040696377734788604,0.087096133072531,0.01295732932400009,0.15969816887831345,0.23037708919014815,-0.03222957242401403,-0.021726194646972164,0.05188471255123108
1437.0,-0.049311092785555045,0.08470299195410887,0.18965754705459556,-0.025529373211563698,0.04959762698975627,-0.17712371759625964,0.11055276381593294,0.09859510830751927,-0.02346611987027908,0.11602742773703842,0.0420778586076621,0.18905909462488035,0.26033250937008373,-0.0026727911012106717,0.0030480008159106133,0.019888790134699852
1438.0,-0.02442165151226694,0.08774190960555575,0.14371741328661664,0.0011040238820413661,0.0550829797674019,-0.18517944837294867,0.1212634857576394,0.08307020884680683,-0.004213716043789789,0.12483639380703136,0.041956201932573996,0.222616524086218,0.2786699884780124,0.018441713385991383,0.01663998251898115,0.0037055023874207893
1439.0,0.004262445128361636,0.08242141198386173,0.08124253504649727,0.03306994809938027,0.054553822950190886,-0.17105039053877816,0.11227682152572256,0.09418798730275525,0.018081601468786842,0.11248698619225958,0.011030652084444254,0.2577192866818875,0.2896525518629147,0.024844183750014764,0.018402619978000863,0.009840952155838039
1440.0,0.03321572797076786,0.07409641687286295,0.01879951329652239,0.0687688161165175,0.0479151278874228,-0.1353110048459811,0.08962454921956205,0.1277291717333002,0.04285820970749048,0.08499819034588385,-0.03880161530985172,0.2867424398666914,0.29517294093034313,0.016733827587331388,0.008224976991622798,0.038544075226607626
1441.0,0.058525943104423765,0.0661417329643242,-0.02654577378807339,0.10299182691714115,0.03575332802267279,-0.07934763824146794,0.05999968497422361,0.1675068972374295,0.06769209332491243,0.05335643712720044,-0.08663278341304512,0.3006729664085609,0.29432882131117355,2.2299968092426642e-05,-0.014095558837272907,0.08201917887675737
1442.0,0.07763477260790747,0.05900190054675346,-0.04321373291254824,0.12808757182906316,0.020602695724162477,-0.010627371678944227,0.028813106193586055,0.19371203307758117,0.08808888188233129,0.02930770176985448,-0.11284181741272233,0.29386702921410507,0.2866699531961449,-0.017107948710318763,-0.04670604430134213,0.12578986196625588
1443.0,0.08929011128575377,0.051555058389119675,-0.02997543294815974,0.13741676632322491,0.007401707916617996,0.05605898485024941,-8.26783085154743e-05,0.19187296502683332,0.09802251552698178,0.020562070049389248,-0.10874417207618696,0.26598551724297764,0.27427164233171325,-0.027780208764339346,-0.08361860188235028,0.15410259158637996
1444.0,0.09212629869758426,0.043293780239176065,0.0029532997327767958,0.12895713105443318,0.0021198233408560472,0.10550762715313662,-0.023798194381980567,0.15840723728511227,0.09225405967402858,0.028378638464419965,-0.07881074807714125,0.22074906027894337,0.2605790216585209,-0.02835443871917839,-0.11543264701324744,0.15698795932324427
1445.0,0.08454640205729975,0.03544891034260803,0.038702399996462446,0.10663620544082303,0.008992826203429444,0.13183532689276722,-0.03966898745206523,0.10159775225119211,0.0694466500588493,0.048801327182123835,-0.034631287534953696,0.16409047532222623,0.24750877638504867,-0.018366429877553818,-0.13249108512568372,0.13519357291090306
1446.0,0.06667168405098067,0.029930831114822858,0.06220198582289352,0.07862757209107059,0.027934218691517798,0.14082530886794153,-0.04519474680952226,0.03800915886264069,0.03389770463759738,0.07524765021859309,0.013002949963048724,0.10312949021995342,0.23305872724885685,0.0005341121330471834,-0.12872159372016362,0.10004528279614078
1447.0,0.042185104172720526,0.02718128120163072,0.06656330916352718,0.053685563488643985,0.05407044045069893,0.1426614037237263,-0.03895290064344828,-0.014547778904727082,-0.005212289507120501,0.09996956775143048,0.057031942427771785,0.045532643717901916,0.21127024311574905,0.025283724859301783,-0.10418039872248545,0.06791230399905256
1448.0,0.017942912800360762,0.025612727790338165,0.05374894352732973,0.03759549859989952,0.08033449997073575,0.1433810397678523,-0.02151877792925505,-0.044513977116514426,-0.0365607338842275,0.11496159705632497,0.0918981354425145,-0.001366817196341576,0.17524181845301906,0.05167623988215151,-0.0644664774892518,0.051869154037369886
1449.0,0.0014510896504453127,0.023307195317726025,0.030852238891761096,0.031512089514968526,0.1013086471267969,0.1429226526091283,0.00450423312319717,-0.05086199248877084,-0.050386009578998484,0.1138598630777414,0.11126452612261946,-0.03200186579500274,0.12164051859117671,0.07502101207505903,-0.017629333580888657,0.054912170936403965
1450.0,-0.002215348992811698,0.01978002974943333,0.005791264876623752,0.032569761620140074,0.1151503945365458,0.13912386926890608,0.034712348521594244,-0.04231394366055327,-0.04222052519445186,0.09447172428923205,0.10917093737732164,-0.044482866423675424,0.053592753929595095,0.0911273582002129,0.028473876917990224,0.06862962715070638
1451.0,0.007478543192390008,0.016344443369027302,-0.015376203485016435,0.03587514275441551,0.12261251825818079,0.13177005583668033,0.06292181377919497,-0.032449014107244364,-0.015263636748437674,0.06025924433997899,0.08349310351140932,-0.0420349643396063,-0.019991565855905582,0.09689916043157651,0.06680121054233074,0.07763602953762452
1452.0,0.026240087813403683,0.015655191089803712,-0.029799328281542952,0.036572319103059664,0.12473986166920512,0.12266068072192574,0.082155793456166,-0.03339119081058196,0.02039798424308608,0.019388943361679508,0.03860934831065562,-0.032414552617690634,-0.08797528570973787,0.09036683619925896,0.09102674946263319,0.06656592096501694
1453.0,0.04670193224994737,0.020767670440420855,-0.038300728840638155,0.031165878701309657,0.12121832037270426,0.11289600690284096,0.08721688003688688,-0.05100825984033327,0.05206781139882575,-0.0186292233241411,-0.014481668525242616,-0.02451503840807967,-0.1411330092485174,0.07064921186032574,0.09679733932922396,0.02669728611016554
1454.0,0.06171498056117478,0.03344916039900096,-0.04441045675570017,0.018197650134738726,0.1105767445383296,0.1015210421654303,0.0772815121607218,-0.08351273098318916,0.06987825888541196,-0.04688933727023671,-0.060583346489851315,-0.023565009171489827,-0.1744168408633443,0.03847415138562463,0.08470974912847518,-0.03955575758806861
1455.0,0.06767611840187811,0.05253615327305298,-0.05149346014037254,-0.0013343878331028912,0.09202748177648823,0.08748643525559442,0.056536941871692496,-0.12353400940237452,0.07025754403347695,-0.06335213173731219,-0.08472806349761576,-0.028474381054191707,-0.1866140831734424,-0.0027779772318100946,0.06236155472624412,-0.11878741958101478
1456.0,0.06599063191383235,0.07365636857816256,-0.05925644210101893,-0.023802968597199402,0.06721764959958659,0.07266714442232884,0.0322213973648436,-0.1621153419849596,0.05616811693089861,-0.07021586863352484,-0.07747914350800644,-0.033804704701598694,-0.17927911156441317,-0.04639301804046993,0.04177434637984195,-0.19260761393555287
1457.0,0.06180044880000673,0.09040880213513715,-0.06287431447446078,-0.043455578380461615,0.0404478165920129,0.0625151590796401,0.01081926034410974,-0.19241627367586553,0.034670310151202935,-0.07066902514510208,-0.038608598481940114,-0.03432337385811105,-0.1565945111512495,-0.08302809414382345,0.03261516330748929,-0.2457419660321641
1458.0,0.06084453970198079,0.09647423575876782,-0.056421370654797215,-0.054205827055121475,0.01750052707780554,0.06352834306667343,-0.005446844610774521,-0.21145997697732363,0.013188154663089764,-0.06516792625489297,0.02306753830087308,-0.027869639772619453,-0.12511262145841703,-0.10325875223405431,0.036986613646491244,-0.27017754160145735
1459.0,0.06636860972323767,0.08845371897931652,-0.03751799144740113,-0.05238810409880771,0.003887978317703793,0.07945419627952471,-0.018997295404345815,-0.22002025829151936,-0.0032064979809085263,-0.05047047059534238,0.09327972158144575,-0.01537022792675082,-0.092084707857872,-0.10104407210304372,0.05034553531321634,-0.26378285095744064
1460.0,0.07762087757232054,0.06810290188470274,-0.008884809323877179,-0.038582519557288024,0.0030460351811033826,0.10861971963600504,-0.0334412259886032,-0.2220349022154834,-0.011849447892521963,-0.022537868894256373,0.15728105276485582,-0.00013006727310430565,-0.06350197877487741,-0.07626192782763459,0.06639593471250647,-0.22750136635542298
1461.0,0.09034420641315039,0.04149405044347119,0.02333739028957604,-0.017020596033593023,0.014831348736033421,0.14373490364614036,-0.04944819096624523,-0.22392320790065628,-0.011311244032591084,0.01939167083797166,0.20445727803274988,0.012508255694282091,-0.043493034121648635,-0.0353573347613266,0.08063481886441981,-0.16524631956701283
1462.0,0.09883194079266384,0.015121991982006908,0.05188874763993217,0.006618450209395578,0.03503453999757782,0.17402709225677362,-0.06400814661400864,-0.23270596854568154,-0.0016063842534854798,0.07067316227102081,0.2306938979940213,0.016402298060569833,-0.034999056399785754,0.01020153019032916,0.09086205409907261,-0.0858003765256312
1463.0,0.09841280330258784,-0.007316692869539052,0.07027587984724797,0.027353425853612875,0.0568406621564808,0.18866696809414019,-0.07340119392202855,-0.2524829148630169,0.01434990299631499,0.12132853902415966,0.2369517417722607,0.007415006974973134,-0.040818241805002375,0.04812857869055196,0.09675418202146986,-0.002828991685510066
1464.0,0.0869085820542573,-0.024354609088962247,0.07485870220640946,0.04240247205322784,0.07397966502742344,0.18062022407302558,-0.07628538535706238,-0.28067430882323624,0.030494658473935628,0.1577838996484753,0.22532823571966995,-0.013881062231157495,-0.06391574150364024,0.07107597081171421,0.09959470874902207,0.06871182492897678
1465.0,0.06471313102956026,-0.03376792073094522,0.06683143585596903,0.0518943752749794,0.08351792425784334,0.1497646959264619,-0.07390519521377373,-0.3067278329375766,0.03964914202149813,0.16677554583882123,0.1964934737071293,-0.04172453605038008,-0.10552397528997996,0.08039842444812309,0.10144469072367868,0.11739300304920174
1466.0,0.034552969488153104,-0.031423283861107765,0.0521803034127257,0.058252197886989696,0.08621198915010968,0.10350513801994689,-0.06818140129835233,-0.3156654222933721,0.036328449471781654,0.14066940638493158,0.15070093846651403,-0.06734131169319979,-0.16140683187060473,0.08463270949866465,0.1039698479441525,0.1381232058596307
1467.0,0.0013795288751344392,-0.014192028419030073,0.03856249326449577,0.06431110996536024,0.0843278226459478,0.05413511514428389,-0.06036976099023256,-0.2959827467917677,0.018535541874302428,0.08145660162199495,0.09032361776621554,-0.08272405110487889,-0.22022434848078573,0.0931548496117725,0.10788648144581002,0.13203842988968337
1468.0,-0.028639539075347727,0.015526932772033188,0.030997392536812003,0.07137916874866487,0.0786784225507716,0.013708380296576688,-0.051364846378086075,-0.2475884243131388,-0.011833828739153743,0.0011920104913768028,0.020707120301961413,-0.08449900104437373,-0.26752247039623384,0.10944705193948573,0.11285285665703661,0.10464001554860339
1469.0,-0.050474146744886435,0.04825470680533129,0.0292159284487054,0.0784274721773847,0.06691380904116194,-0.011874155694098977,-0.04237231074930644,-0.18408984170498335,-0.04958967470581772,-0.08166010522912588,-0.05105081167273835,-0.07602830086637774,-0.29295538216164174,0.12834531158411722,0.11693446901798556,0.0637405910153022
1470.0,-0.06244459583301902,0.07074563662838572,0.027945496172309306,0.08277356126794125,0.0443523705463244,-0.026508056148498674,-0.034380827528214794,-0.12674031190179263,-0.08754443287848707,-0.1488363439684099,-0.11742908242856034,-0.06611306033980165,-0.29449502754941587,0.13855929855155788,0.115842501047648,0.017974489507680175
1471.0,-0.06642719771948642,0.07198580617215262,0.02012710179778828,0.08194055514235024,0.007234503910072885,-0.04224724488632634,-0.026671890785631848,-0.09335832328633131,-0.11810978812520477,-0.18873908797619648,-0.1705802791652612,-0.06458923645410863,-0.27708815719499996,0.12924291379459152,0.10362266664663901,-0.024466008148718743
1472.0,-0.06583459300308818,0.048204587600029734,0.0017708887389679354,0.07548572773601091,-0.04368173138006811,-0.0725996758405749,-0.01640582971869977,-0.0895945063370298,-0.13468753132725883,-0.19925319784784987,-0.2020058892678733,-0.07741384908717103,-0.2485286760313116,0.09717543621632016,0.07577847946966418,-0.05747322564094197
1473.0,-0.06304819708818021,0.004219707781398481,-0.024745855023402687,0.06507345324252872,-0.10188987458936324,-0.12449570091131071,-0.0006794684186412537,-0.1080491041143588,-0.13263049332500715,-0.18596577884876023,-0.20400762047828036,-0.10401539727585542,-0.21572675782571027,0.04963485161302585,0.03261327382316315,-0.07867000800996346
1474.0,-0.058312789324012994,-0.04938863547126898,-0.051841727941749745,0.05241047350716305,-0.15704716098615734,-0.19309582994789595,0.020627103088352534,-0.13455862235228125,-0.11009291589980365,-0.15773499557001502,-0.1739819838313432,-0.13796702497839478,-0.1829358859447755,0.0005146639103980215,-0.020676961193333857,-0.08956441205653771
1475.0,-0.05047450950050888,-0.10089757004050504,-0.07143268502334783,0.03703653352452553,-0.19854937228783473,-0.2617107112773096,0.04442227211395995,-0.15599907844784722,-0.06936016262271305,-0.12215595091745504,-0.11874405730351371,-0.17023716698805857,-0.1524349434478772,-0.037280516598632095,-0.0769061485931749,-0.09326995186172314
1476.0,-0.03824894542526053,-0.14047912250869116,-0.07900495775814978,0.016415393669636447,-0.2188555497095797,-0.307584374139671,0.06679923631373118,-0.16440273305138361,-0.0183336567712453,-0.08286097730474555,-0.05375316928909299,-0.192915302557062,-0.12601298049135687,-0.05730599227664934,-0.1289860641112741,-0.09128119162626633
1477.0,-0.021144682934726374,-0.1610512360684348,-0.0744902362000444,-0.011542164436992807,-0.21530859355125637,-0.3122553396148209,0.08533497198229677,-0.15674908396353435,0.029825200976996924,-0.03999242377416489,0.0037499880975685185,-0.20125657417996795,-0.10488348847742252,-0.05998323322785497,-0.16939329117627658,-0.08229247109031629
1478.0,-0.0005290958891821057,-0.15901247805611735,-0.06133788584004977,-0.0457019021094884,-0.1902210090474381,-0.27109633489342566,0.09900826376391982,-0.13307482990362854,0.06071642816718985,0.0066686188720825575,0.0424100411246817,-0.19385527392328925,-0.08844123143317098,-0.04995452530632578,-0.18947907372017048,-0.06410539351455673
1479.0,0.019253584800205507,-0.13570444607151513,-0.046046135291485595,-0.08090453461153553,-0.1501808165797121,-0.19548108579932852,0.10653186882273856,-0.09511663169938932,0.0647795015871189,0.054753419667011055,0.059781373119108965,-0.17224685284186808,-0.07394017124415765,-0.033836582112125535,-0.18176275235026298,-0.036618842477509225
1480.0,0.03141292456288084,-0.09809657375133107,-0.037338953178259034,-0.10971289043714219,-0.10512522374616264,-0.10686543965509314,0.10545673186850114,-0.04574601740768309,0.04104749969334638,0.09880718793330749,0.05999064341555632,-0.14034109198473502,-0.05764684016103609,-0.019228269024722175,-0.14473955477244305,-0.003357024111927043
1481.0,0.029857774179266525,-0.05741172605120518,-0.04219018975398757,-0.12544674656285523,-0.06598374500015482,-0.02800682093783469,0.09324247238479222,0.01167381252109313,-0.0034673029553456093,0.13179531548838477,0.04862141974886898,-0.10330999200404244,-0.03658967229943367,-0.013159645544495845,-0.08608409356340066,0.02965012814260155
1482.0,0.012994343781728668,-0.0259002443971289,-0.05985571428442481,-0.12464885983709884,-0.04047463831501508,0.024331408296477,0.0693716330641807,0.07396807961314525,-0.05691129951976906,0.14721481571893857,0.028457840902483444,-0.06645121246253986,-0.010107504647975345,-0.018953820398016245,-0.021089647367767042,0.05708445332222526
1483.0,-0.015037061102991503,-0.012504455161333203,-0.08012476633920325,-0.10803983623613114,-0.02986872657823806,0.044175662761624296,0.036701521997555685,0.1374280541644502,-0.10616144786779379,0.14131056986669738,-0.0006739285655475233,-0.034683265525169045,0.01909118841260281,-0.03368259397665373,0.0326180158797013,0.07712632297052989
1484.0,-0.04653427721786489,-0.018660679586469758,-0.0889072581262592,-0.0802572111824915,-0.029767231447477678,0.037799837637525195,0.001099075487616243,0.19603098208381392,-0.13990778512570648,0.11511233977094912,-0.03790845807567535,-0.011882354066059364,0.04511601138282771,-0.0493492994194735,0.0610593215220734,0.09115971126384342
1485.0,-0.07361473076219012,-0.03666587183839662,-0.07644993526125213,-0.049044990701411,-0.03411615453607951,0.020471849031798297,-0.030213737476406995,0.2415353474730362,-0.1505132287933248,0.07540067265138234,-0.07691192681422557,0.0005254176105397595,0.061484915116412436,-0.05773243764579999,0.05817882633904995,0.10074564190532116
1486.0,-0.0904781295198674,-0.05270762487851048,-0.0420244412264208,-0.023777316622470894,-0.03899622785404386,0.009215262789260445,-0.050795494500591856,0.2662786714189446,-0.13494499265263876,0.033436769754096526,-0.10504297063876572,0.003876491933481102,0.0650250998507867,-0.055273432124972446,0.026788664889199384,0.1049416232255549
1487.0,-0.0941720795073822,-0.05379195130245474,0.006280412608700182,-0.012577954997058683,-0.043844054452679616,0.014957485211319097,-0.057182339958504864,0.2659657923853158,-0.09584120665683198,0.0008388089106922268,-0.10751122319501952,3.133816648846914e-05,0.057845682933032994,-0.044578152916780994,-0.023604105120421146,0.10043038555473864
1488.0,-0.0844731268642557,-0.03487151502808956,0.05497913035941811,-0.01844145353857902,-0.050196706252657056,0.037460703085606645,-0.050363168277932406,0.24074124956537604,-0.04213094859095532,-0.016125381267862237,-0.07483994831143825,-0.010806550386284999,0.046012064698780976,-0.03226078502921358,-0.0796635472153029,0.08425521913267957
1489.0,-0.06326327573485437,-0.0017839692074003235,0.0902642003118997,-0.036752831268365704,-0.05931621272869282,0.06470445271367369,-0.03517421879590536,0.19549507302696983,0.01282614771659674,-0.020206624421119857,-0.009330453064890273,-0.02885502510066206,0.03653150328302328,-0.025390775478395747,-0.1265128055731671,0.05695259159328828
1490.0,-0.03376965084326439,0.032184373017370885,0.10313467081943171,-0.056608013777599366,-0.07013566513301002,0.07726541879075588,-0.01762327680358188,0.1397060813857599,0.05619079940107733,-0.02152812712571903,0.07398711222229902,-0.05144506695414761,0.03449841047949544,-0.0286150824992669,-0.15084059231600638,0.02365302700977661
1491.0,-5.665474566658244e-05,0.054010240453147534,0.09248283922099472,-0.06554960635853699,-0.07865998932583357,0.057176351571592746,-0.002353179914500836,0.08547414480262565,0.08128001937916016,-0.031301356766822504,0.15273467066249358,-0.071962818649336,0.04101005673269256,-0.0424607199316809,-0.1455932253810602,-0.007881041292783851
1492.0,0.03329683748192157,0.0577582942777354,0.06476684771758501,-0.05485421241139604,-0.07926720705247335,-0.0018920588638947713,0.008084007094670602,0.04359210780124445,0.08999058078851531,-0.05512279743484127,0.2053970979683325,-0.0825798671721291,0.05250711292279991,-0.06288735315040155,-0.11402342830111266,-0.031042154909399784
1493.0,0.061722073377403104,0.0463122912978569,0.030652132638716533,-0.022982969714820927,-0.06730933146657501,-0.08897427600358558,0.012937062582667138,0.01972069529195895,0.09033839531041886,-0.08959769471140017,0.21862816587397127,-0.07831286104494249,0.06267446584516793,-0.08234142779021937,-0.06962891898304593,-0.04325037983524927
1494.0,0.08173688744222199,0.02780422418277007,0.0003650036945666226,0.02346835637844654,-0.041761139869015466,-0.17938144864494146,0.013161921419741764,0.012754876712140921,0.09132260289313915,-0.12304822691394929,0.19176037604126334,-0.05930787539501288,0.06627794008690326,-0.09207637291085329,-0.030614003489462777,-0.04586205984537342
1495.0,0.09224651589748638,0.010230760413560582,-0.020068314873155097,0.0714309806324378,-0.006510728429940636,-0.24644718262161913,0.011185695320282837,0.01603597863537421,0.09854421542324318,-0.1393584070644538,0.13656085139925075,-0.030255947399581852,0.06232000775575744,-0.08522176734999523,-0.011325255803416326,-0.0416300431305948
1496.0,0.09452150623782538,-0.0018164896278735053,-0.03005903074444253,0.10575554348348276,0.030947993807506187,-0.2739919108799702,0.009865669200055516,0.020845613248553746,0.11246309798236058,-0.12425569242872146,0.07138655110429325,0.0020552986662453524,0.05502428262030134,-0.05969638217579628,-0.015483949556827305,-0.03235246171453892
1497.0,0.08998769495851434,-0.0071090972726184165,-0.0330292985924245,0.11521875361885435,0.06315568263053326,-0.2607211735922481,0.01130389739425885,0.020654990889377684,0.12936680065416511,-0.07277281834960535,0.013042338038936913,0.03136429609696782,0.05266618804848979,-0.019308610721812627,-0.034947965621021905,-0.018542500443432537
1498.0,0.07793630701516353,-0.005920134651831989,-0.033622174572679464,0.09714168536775905,0.08598929515373929,-0.2148087567470416,0.016296828760335166,0.014237984199737803,0.14350528687061154,0.005426685511004262,-0.028875896325969663,0.053671169603922556,0.06372303987886951,0.027719729748580516,-0.05423084751844326,-0.0006829278698340211
1499.0,0.05612303791312322,0.001642056062873784,-0.035161495627454506,0.05791620994485584,0.09890112833280558,-0.14608230040107084,0.02343223745679372,0.006520747454887464,0.14828924866411772,0.08679616082713985,-0.053474719324156546,0.0676785861533427,0.09075504650466983,0.07168517991711958,-0.05813534359768123,0.019114064075556218
1500.0,0.023951102343270612,0.015896824447676258,-0.03849798647772906,0.009588140805467868,0.10266836288065805,-0.06340449688608459,0.027202483449216688,0.006809294086561691,0.13642554402873128,0.14202182097360122,-0.06686458693772929,0.07390974995874627,0.12587380655879293,0.10427838682160098,-0.039131347001098445,0.036134358888263635
1501.0,-0.015178089730416474,0.036342818194284275,-0.042640132525584434,-0.03502059917540278,0.09774328118315553,0.022945750404534507,0.0180522093437008,0.024263614647402093,0.10095666116034319,0.14836082437934692,-0.078563716889509,0.0733207302299526,0.15245253891814706,0.12055540527077287,-0.001566041104843475,0.04373659866492105
1502.0,-0.05459856661428583,0.06001227006039406,-0.04640787743860464,-0.06617163478466025,0.08471438321888151,0.09894900227660071,-0.01237883516116154,0.06204550229849162,0.03825044265550649,0.09984702476512244,-0.09726850354274144,0.06673290358760281,0.15329848443698102,0.11983031567253703,0.039582694126726006,0.03558811684633843
1503.0,-0.08719982760749938,0.08108389070239014,-0.04939679164287805,-0.07887604921333471,0.06542998998682163,0.14820485114534807,-0.0634143954266279,0.11398314041528736,-0.04849968230828248,0.009767342650476137,-0.12717812977495851,0.055266188583889514,0.12017837604334868,0.10564004081921959,0.06627576721774962,0.008308655756356458
1504.0,-0.10827032275064466,0.09234802607686338,-0.05124243165205117,-0.07241875278515514,0.043072857726148134,0.1573131491246761,-0.12205040131085959,0.1666425606957214,-0.1477541452095588,-0.09535319674059846,-0.16604885428008442,0.04061067712265034,0.05870985085742816,0.08469991652171988,0.06818580227768496,-0.03674914913804324
1505.0,-0.116985495735388,0.08748785850827046,-0.05013283749687872,-0.048699629003515904,0.021289276943854345,0.1226818108421871,-0.16792086764262631,0.20516272891197018,-0.24151686710097695,-0.18597445396213177,-0.20608289867688737,0.024733007065966223,-0.013465901735092418,0.06489748804065773,0.049275453783820214,-0.09339532358571939
1506.0,-0.11576862181927258,0.06317869106572457,-0.042432553576057366,-0.01100620989892548,0.003268733616830955,0.05468570199925288,-0.18302961478910257,0.218642780370272,-0.309962755413331,-0.23866607410530274,-0.2368187139570843,0.0101131247585074,-0.07316637580423184,0.052661224808724455,0.024784613168566973,-0.15188435256797975
1507.0,-0.10800403067770604,0.02118757997284323,-0.02416061914480377,0.03556598391547316,-0.008886164410143723,-0.023392368701427427,-0.15979626297577204,0.2025862715422719,-0.33652122865280615,-0.24128377610177337,-0.2474588551318768,0.0008715794968426247,-0.0996847033899157,0.050050251164674014,0.011389600462599627,-0.20040417616078662
1508.0,-0.09603044571782449,-0.03004089178663473,0.0065599648098292485,0.08284596024465152,-0.014295939948981401,-0.08191922775859808,-0.10347500857612132,0.15862436111799158,-0.3114097189408272,-0.19394672382633377,-0.2282938158808367,0.003038354576796476,-0.08172845475404583,0.053011529821691224,0.018489313260668907,-0.22677261259984194
1509.0,-0.08088171692446508,-0.0766840722690149,0.04733833160423954,0.11999509324844189,-0.012730950536557354,-0.09575707337097217,-0.0290722323330194,0.09317083309232535,-0.23348263652788676,-0.10713949558377357,-0.17353514889873506,0.02220569030813144,-0.020973653687780945,0.053175389044802866,0.045516731133825976,-0.22160900280889428
1510.0,-0.06305511499866076,-0.10488980369157834,0.0905642021452953,0.13686354134680898,-0.003953282389114043,-0.0555193984817091,0.044507549379124725,0.016582687373194644,-0.11115580546402266,0.0011938235084334723,-0.08598191682067173,0.05949003741568216,0.06912523908873419,0.04321531184363219,0.08416589899132818,-0.18221144160437683
1511.0,-0.04255108333343095,-0.10729292272320226,0.12483877199638437,0.1284126871471595,0.012135447593960614,0.0270241814868584,0.10023308076876976,-0.05730303592434505,0.03795686488911927,0.10872352851656246,0.020003486290766766,0.10895710861651065,0.1685153395292161,0.02198547178217944,0.12252427971771893,-0.11413216531925457
1512.0,-0.018205345156413963,-0.08612934338117298,0.13943017820778242,0.09714434944348159,0.03480637045185852,0.12325368522435029,0.12722513263993088,-0.1128937159072116,0.18954651991315927,0.19255554944951633,0.12112763903979379,0.1587847556984459,0.2570331515109123,-0.004622258319908675,0.14947036923549936,-0.02921944075613809
1513.0,0.011740200479226267,-0.05114727503217322,0.1296916942326169,0.0522513809926255,0.06200902268460507,0.19918615196644776,0.12311358208961988,-0.13675153746098134,0.3168197370614808,0.23411427385590217,0.193271849107622,0.19558152163743872,0.31909245138426867,-0.02736530615345857,0.15799245819288232,0.05820341237912547
1514.0,0.04715311007042629,-0.014252076443853753,0.09961094414983247,0.006403406896479019,0.08995050462486076,0.2280703814901297,0.09392096668039775,-0.12269721490145495,0.39551270647596803,0.22405235872793888,0.2208559716453589,0.20948476648385866,0.34458098305038304,-0.03874545059387945,0.14601597771979566,0.1348206519641989
1515.0,0.08379050317765224,0.015618428106789574,0.05988516220677077,-0.028247475610155916,0.11287210638339103,0.19993638473668207,0.051152082928823485,-0.07560675646458508,0.40956218280863055,0.16559856104732784,0.20263214297744714,0.1978302124533825,0.3272358305079544,-0.0362279149957113,0.11516346350122339,0.19016308202365168
1516.0,0.11369377964885909,0.034520730428839866,0.02314029340255589,-0.04387685658009183,0.12422886792545455,0.12569075419056977,0.007389723923577476,-0.011023948246924473,0.35655191359202704,0.07502662339590183,0.15144456207145873,0.1659842877767115,0.26510509307209057,-0.022640228048007294,0.06951638182311215,0.21705216451880086
1517.0,0.1279268821511867,0.04199223087886235,-0.0013316611356627064,-0.03984817865313174,0.11936787497387988,0.033134323746284854,-0.027273983070647337,0.050398976705871686,0.250096998453892,-0.021845156626478263,0.08880388655808698,0.12481646070660732,0.1650026914645556,-0.005117980170707677,0.015343842412989969,0.21234999104628716
1518.0,0.11983852617948228,0.03845848657276605,-0.011275767627062262,-0.02308309198027621,0.09772439310145842,-0.04459917205361156,-0.046974648307099465,0.09112501389903428,0.11656650437065827,-0.09739152455099268,0.03690423554012753,0.08594372498452171,0.045853944371219216,0.0065200969060709825,-0.039253399167669414,0.17868328210780818
1519.0,0.0876734227917638,0.024411366160186007,-0.011806915604037935,-0.004861606100413208,0.06306693333920631,-0.08225813938724043,-0.05051269006230647,0.10323928103727585,-0.01328442597062612,-0.13182334279485633,0.010345495733052023,0.05747014573731246,-0.06534932643578835,0.003027852429221703,-0.08565403007784674,0.12536485151397253
1520.0,0.03579727052903284,0.001624022891116357,-0.011994601665062929,0.00451176409934935,0.022254065883612548,-0.07068255305891348,-0.0408277356415279,0.0898547300860131,-0.11421435040122374,-0.11996685710544082,0.010400205526479248,0.042244454548729354,-0.14457675869370762,-0.019416291981716363,-0.11626536914487365,0.06645663010707163
1521.0,-0.02619122848848855,-0.025684907109620247,-0.01957150944131721,3.73361852186291e-05,-0.016448228106952057,-0.017600115575619565,-0.023317104007159146,0.06070189195750346,-0.1738253273571666,-0.07165302867296164,0.025612120942293894,0.03835439294756771,-0.18180288548586618,-0.05603701785349822,-0.12542573070834567,0.015849564822462945
1522.0,-0.08610881271151502,-0.05149654009308152,-0.03652085095047962,-0.016793868951485023,-0.04500739276409658,0.05749683523420788,-0.0033262652171468007,0.024837207714600677,-0.19423157204526056,-0.006084380128302278,0.0388576741260524,0.040784385033404716,-0.1845671077612217,-0.09504093783286761,-0.11010829210439116,-0.01824242904305967
1523.0,-0.13218412715045366,-0.07011919811763183,-0.0576188049983174,-0.03992224232674409,-0.057547049070812956,0.1315050131780176,0.015835015381008868,-0.014171879975332397,-0.1872510723457759,0.056947560646346485,0.036012071562433516,0.04385405333592358,-0.17141853842590055,-0.12308413005256146,-0.07150056413405236,-0.03569316320389658
1524.0,-0.15543647754576,-0.07817658488892767,-0.07294696238509006,-0.06217767582354798,-0.05275645541340027,0.18567911374317855,0.03300260761230163,-0.05728763272119284,-0.16640683203155515,0.10524827578385422,0.011984867020306494,0.043889708612001116,-0.15926658602922358,-0.13119902879669018,-0.017115519972789935,-0.04236215230951661
1525.0,-0.1512758086918294,-0.07521259338086989,-0.07357701626201707,-0.07823690448761511,-0.035212297868228916,0.21043142204844012,0.047636393342178084,-0.1051142262041835,-0.1413850805950447,0.13755111073091617,-0.027096522064016155,0.04076476497690517,-0.15327451824874236,-0.11808494488552596,0.03900173437227427,-0.045790162772909225
1526.0,-0.12036548359002254,-0.06272725628480015,-0.0571129612409984,-0.08570619403744179,-0.01349748046864037,0.20567065174553165,0.05837944875022568,-0.15383914988866368,-0.1175675599755507,0.1597647680599871,-0.06608704297944995,0.03704173353829564,-0.14646239367906289,-0.08919673289097259,0.08005018304635932,-0.05144252046373238
1527.0,-0.06883421286141266,-0.04256452461785552,-0.029231231407461974,-0.08443162686036765,0.004011370918144471,0.17783898270934737,0.06296431389106871,-0.19507154350832734,-0.09842575549768973,0.1769468703396595,-0.08723342961689969,0.034902997643995196,-0.12811783010523625,-0.052856553344690145,0.09282644783603981,-0.06022184010628771
1528.0,-0.007705184048668658,-0.016177120333225815,-0.00029449304422958305,-0.0753610148148918,0.01233154244550794,0.13603052198467133,0.059174971664521465,-0.21907347011710562,-0.08713207127717193,0.18711368291219702,-0.07841710340900405,0.03323961493182783,-0.09332038668438254,-0.016926260989128927,0.0726164318929468,-0.0677302210225083
1529.0,0.048857882072677154,0.014493173869050208,0.02017201701685164,-0.06019804840828712,0.010350323566577228,0.08925987464476012,0.04593876407035083,-0.2188681817417967,-0.08567294184383381,0.18139359892707707,-0.03921819182086327,0.02764100950763372,-0.04732959252786956,0.012078193149688747,0.024187746759866843,-0.06659729214224233
1530.0,0.0867609429279332,0.04560388208866688,0.02728259879891785,-0.04180580170257378,-0.0003822623416545628,0.04559876930339621,0.02408478611740875,-0.1930749459520645,-0.0925299346252967,0.15034379637805279,0.018721811652268407,0.013206726806543636,-0.0035408204839088423,0.02910401297286866,-0.04033577611154747,-0.05149785770785699
1531.0,0.0966004203801604,0.07152948494371912,0.020943207613212885,-0.024286701486105355,-0.01706074776280751,0.011932300773654259,-0.0034109674828347223,-0.14672018946609605,-0.10149918274197622,0.09191130318597417,0.07767002410326793,-0.012394241631961024,0.02379293007033466,0.031923607947909785,-0.10504520051287203,-0.02351170738778416
1532.0,0.07825098420733441,0.08714049623165007,0.003532557236583921,-0.012088220532984436,-0.036536043825363684,-0.007481173501649571,-0.03187595876773887,-0.08994519379790399,-0.10345523842415268,0.01541246594394353,0.12255715278717189,-0.04744401566640383,0.02831534925048379,0.022936468463824244,-0.15436711683930565,0.009696957982757916
1533.0,0.04209584865888374,0.09047556481170416,-0.021860596137394196,-0.008686326372326516,-0.05570485931277327,-0.013391957193254875,-0.0558852303128033,-0.034649803198813556,-0.09066354895780256,-0.061305619808820794,0.14664870106908115,-0.08623438829719962,0.015354156424031725,0.008838746675822583,-0.17710677985984272,0.03838113666691997
1534.0,0.004781026679397365,0.08379739855512497,-0.05103141490174425,-0.015656061701078666,-0.07174973904567046,-0.012336539477102983,-0.07019642969387374,0.009894139373545425,-0.06118165246648596,-0.11998783511220588,0.1505887317948292,-0.11997730470798731,-0.0024915509872183174,-0.0027454884095242343,-0.1694104563851777,0.05665938680656016
1535.0,-0.01854963463225967,0.0726139668288773,-0.07777350334319559,-0.03205818514164117,-0.0824878821509589,-0.013836777265263191,-0.07066085842999247,0.04009975116142063,-0.02047104191013402,-0.15064511268021,0.1369185993625855,-0.13837448700600202,-0.013700894862921776,-0.00726938716449701,-0.13549787101370275,0.06521588701656869
1536.0,-0.021015517045054083,0.06327659578797504,-0.09509153286755193,-0.05390934361821524,-0.08653212994885398,-0.02500661234839878,-0.055534865213793055,0.05768185192844613,0.02082261319528533,-0.15556823412077675,0.10620709916583072,-0.13244103621361367,-0.01319728813567986,-0.004745326052714637,-0.0857865177457574,0.0689362713362485
1537.0,-0.0060190941199015505,0.06034407073445555,-0.09837060055908323,-0.07447639630668365,-0.08300938519582748,-0.04570196541759087,-0.026853698456016054,0.06620989316679846,0.05125595566800202,-0.14649294044379801,0.05874524788965141,-0.09866696095373628,-0.0019703637504788576,0.0014577244697425433,-0.033245621963397205,0.07208505793304786
1538.0,0.016082702743197324,0.06507730579304101,-0.08766538645778076,-0.08609204601760068,-0.07147148759920088,-0.06739845116217485,0.009579642510434083,0.06778718880361244,0.06236008155977161,-0.13751912269299768,-0.0012647585142758246,-0.042341348063682685,0.016836434995507465,0.006365897348277568,0.010517138814241043,0.07474480104610304
1539.0,0.03395071481694501,0.07531961123695856,-0.06696329239424242,-0.08273076664896416,-0.05265294793257218,-0.07760590990839429,0.0465392005468182,0.06274115683894597,0.05070676502192128,-0.13853449439205134,-0.06523591956429632,0.02304664774984158,0.041386114611890096,0.004968984363247727,0.03793175127879729,0.07225278247571619
1540.0,0.040256813214629095,0.08614251374554002,-0.04142762787255988,-0.06205836235075757,-0.029455163942773623,-0.06846413018091907,0.07869109460082561,0.05183847287249031,0.01925077148517439,-0.15187860372371673,-0.1244284090484999,0.08070076578844203,0.07133585844815069,-0.005656081698954892,0.046311074987215525,0.05739276762352945
1541.0,0.03368952381026687,0.0912296471018575,-0.015125273715764538,-0.02658245258557577,-0.007028256911484604,-0.044149531798662094,0.10384547603939613,0.038311008003964746,-0.0218630401451095,-0.1723407815453547,-0.17402921693313114,0.11663486918363675,0.10481911416660314,-0.024410305589457382,0.037702876049139196,0.024434668851095475
1542.0,0.018159690516678696,0.08520826833039785,0.00976167479589423,0.016238684786809916,0.008347010188636692,-0.02070203159731992,0.1208008308347336,0.0277262657273548,-0.05680058677582455,-0.18993674582411463,-0.21323816971232187,0.12369666849585834,0.13549494427794756,-0.04651512034435628,0.018418760282714042,-0.026203036449519053
1543.0,0.0007829929489842511,0.06604301609008642,0.03248644174834696,0.055767362466508076,0.011151146322879193,-0.016564969366820947,0.12643032732814083,0.025733189912287114,-0.06911562992058816,-0.19446596744083,-0.242030080255725,0.10246093394420475,0.15381898110612127,-0.06633745319542166,-0.0024985759285295495,-0.08532622491450464
1544.0,-0.010202872307594795,0.03602015462876737,0.05234701978163287,0.08202355656226301,-0.0012726713369113393,-0.04022945276207492,0.11598886986856653,0.03514126799915653,-0.0488381174910782,-0.17956497740046842,-0.25753883600712446,0.059507210222510896,0.1528923268661579,-0.08011072600109669,-0.016075070239791534,-0.13727306378385862
1545.0,-0.00808355854781262,0.0008018898837027012,0.06746508336053864,0.08967979739956627,-0.027060980432824577,-0.08490798543383814,0.0867984987303098,0.05376637974094235,0.0023974072451852057,-0.14444773135671038,-0.2529893675851941,0.0041305834766362124,0.13382220860604713,-0.08625969807568369,-0.015938189552966227,-0.16624253190979094
1546.0,0.008927414750345844,-0.03296558431263386,0.07514659793858791,0.07971243446772444,-0.05949931923538897,-0.13373328639916388,0.04130398879703744,0.07397722291053746,0.07129453072142163,-0.0939411326069215,-0.22085049542894572,-0.05464332592978238,0.1053499487512326,-0.08408072224567993,0.00041230674469587835,-0.16214825492517132
1547.0,0.03578576859841606,-0.06056625835313071,0.07356902613860167,0.05821264291253588,-0.08873404739011961,-0.16943960763621815,-0.013345323929024055,0.08482995348816476,0.1373957635832581,-0.0378436922780677,-0.15855740207380917,-0.10912607942159219,0.0775526280997457,-0.0730082570246246,0.031207076591257932,-0.12310506593821623
1548.0,0.06255992436355245,-0.0810248744817863,0.06333027699317824,0.03387646002281561,-0.10510059146654936,-0.18061642544528198,-0.06785437913980903,0.07675107542410493,0.1796131506472982,0.011250944431781188,-0.07199348324882052,-0.15259392355163032,0.05368490780256686,-0.05298007237381907,0.0710183693834504,-0.0553449491274271
1549.0,0.07930277072976274,-0.09635799617961163,0.04796431591367963,0.015485782190074586,-0.10248508094238587,-0.16266176218185538,-0.11299029843878831,0.04669501174474396,0.18295392709267597,0.042302984866738065,0.026050181707642988,-0.17938191304450413,0.02598793998302849,-0.02484816659826099,0.11258389548423922,0.02776179361377407
1550.0,0.08057658395977178,-0.10883450774249072,0.03305341843219323,0.009363809001318828,-0.08030932235256351,-0.1171183703651428,-0.14110550110095407,0.0006356624230664991,0.14382687733424493,0.050155856998778094,0.11999053307043173,-0.18653640889964762,-0.019998325688325647,0.009481707030807304,0.1489473947204755,0.10783887367581231
1551.0,0.06710464425033026,-0.11841049972902837,0.02372437328548077,0.016747977562065797,-0.04363875090286744,-0.05235348032621155,-0.14796470643529036,-0.048397972974970935,0.07174029033132934,0.03687357698127688,0.19518048052221557,-0.17586941501685696,-0.09437267178200716,0.04647690545995876,0.17539908983297217,0.16630537462242978
1552.0,0.04440281912636921,-0.12200648112100264,0.021585112472514066,0.03248997525176942,-0.0015193331565921692,0.016270330735161983,-0.13470617350057823,-0.08548211690647797,-0.013841132040043051,0.009811031016046044,0.24156531579835935,-0.1538770238044684,-0.19317886854324937,0.08006760302619886,0.190676142689944,0.19121060150989824
1553.0,0.019969413199577336,-0.11484070986888727,0.02366731796381624,0.04708603615053326,0.035960740381706116,0.07015750214890548,-0.10817166894730827,-0.09906083661990943,-0.09032597689045221,-0.021441880114226607,0.25692496434871476,-0.1287954581356708,-0.2972038792995006,0.10204257413799389,0.19573851067197048,0.182257002275205
1554.0,0.00047512579337405885,-0.09292538798040978,0.02493300543940753,0.05184493850100359,0.06098811851721461,0.09443411655979365,-0.07812008349682477,-0.08419181633344375,-0.1395073042112546,-0.04741753655827333,0.24680404883074178,-0.10707670361302447,-0.37950508091704976,0.10478833657677426,0.19045178896553264,0.1502872037863663
1555.0,-0.010389997180627246,-0.055547396122294666,0.022474543438912985,0.04383874199988302,0.07055891384803703,0.08419880639736806,-0.05227566376180634,-0.0433223213459487,-0.15245410869080556,-0.060056100748614005,0.22063683114565982,-0.09166653328425896,-0.416338765549781,0.0848758621128427,0.17187876018857529,0.11104669185043545
1556.0,-0.012807795621675565,-0.006790620433460838,0.01771429933218353,0.02712668966939199,0.0673017178299038,0.04747825671106099,-0.0327144846845734,0.015069379733198728,-0.12990339168101622,-0.05321358317468345,0.187438959506263,-0.0821501752508793,-0.39570012989389247,0.0451268007985469,0.13682253391785784,0.07696596263948333
1557.0,-0.009960905517664369,0.04466238268563812,0.01518812674129114,0.00986749591611468,0.05839677663988261,0.003211310608259561,-0.016599468750998537,0.0791225777976407,-0.079116261204066,-0.022984337749195206,0.1535896504740948,-0.07542052643691774,-0.32041109679558816,-0.005625613140978614,0.08679969166247199,0.05205136969049468
1558.0,-0.005772272016594816,0.08776147870316503,0.019780595409651606,-0.00030062755617616185,0.05286959731799857,-0.02692116117274456,-0.00022756400794435403,0.13647684057390333,-0.010517925136456278,0.031218356767039792,0.12217517262556675,-0.06645298723510454,-0.20552398475733616,-0.0544640030550341,0.03058273947542719,0.032330403169652105
1559.0,-0.002592145298045814,0.11268846919596845,0.03444216118599137,0.00019870571167260266,0.05777537572649713,-0.029723357905454387,0.017748844890961662,0.17663989469838154,0.06355100110719941,0.1045817385283951,0.092776099882299,-0.05029878819666119,-0.07239208893076159,-0.08736728933810962,-0.019043762169198186,0.010319803464698735
1560.0,-0.00027939180845605696,0.11437988690057276,0.05863103401706209,0.010046421058276554,0.07485997874834963,-0.007485948912302126,0.03623379419758753,0.19248826452377596,0.12954292160293884,0.1852608320777247,0.06216480987572498,-0.025434370614072367,0.05660406508483669,-0.09294431336203514,-0.051935169054775604,-0.01949739175489306
1561.0,0.0029802976217610513,0.09446161313527689,0.08774149745005609,0.024724630132543758,0.10001467034194708,0.02410999965307857,0.053100556238534595,0.18079037568235878,0.17590808772899064,0.25551530913915665,0.026764819697977615,0.004070840053206735,0.16052095656900098,-0.06636811859241064,-0.06461272413297788,-0.05683972453270344
1562.0,0.00908174040656484,0.0606776080581948,0.11445101033849499,0.03917623466894227,0.12600464420774332,0.04522909944067857,0.06570419237691044,0.14191981120637537,0.1980039833419516,0.29673578572707116,-0.014234676597448875,0.030130046522486305,0.221296102983956,-0.012111515434682713,-0.059476127863802096,-0.09559068771114328
1563.0,0.01866478556701567,0.023975552719189615,0.13133864300658776,0.04986054427763052,0.14624520926344736,0.04206127733104291,0.07040238854251629,0.07955984292958586,0.2002308109940148,0.2965796313464835,-0.05732509902423478,0.04510781977455674,0.22672115813033963,0.056371562373758684,-0.0424442784129676,-0.12744029514533392
1564.0,0.03026099171232393,-0.005408906212686564,0.13294373544201596,0.05560752255823577,0.15714604467791807,0.01297993261625678,0.062756059018889,0.0012792796105430579,0.19289334865209004,0.2543333604176388,-0.09551934868646654,0.04563075597889831,0.17444108579715645,0.12066516145021,-0.021369065768488276,-0.14591882023814987
1565.0,0.03993550487304997,-0.02098383036254626,0.11667538170220067,0.05732293202370663,0.15830086802794766,-0.03102813100194897,0.03981430926371486,-0.0808088002590497,0.1860958642164774,0.18157155644254047,-0.12106097968519279,0.033370483529951374,0.07433078429486767,0.16362771283190106,-0.004276320548903705,-0.14792876723516363
1566.0,0.041985879882735666,-0.021026344333644274,0.08282793891946987,0.05672509890050871,0.15105267984670218,-0.07167033820362527,0.003871348857284069,-0.1514967534372946,0.18499066759992713,0.09804333329371526,-0.12892936400692603,0.013471445254622466,-0.05241151157234647,0.1752923953033512,0.0028307601391383934,-0.13331991967085918
1567.0,0.03135102799125774,-0.008099500517075914,0.0341022426847774,0.05457732605074274,0.1363181826983701,-0.09249026421506554,-0.035479672824616046,-0.19671678649761573,0.1887047151001772,0.02485421408732616,-0.11928975429440994,-0.007670371364067545,-0.1771605545764305,0.15591931516967225,-0.002888824952657304,-0.10461083666948118
1568.0,0.00713052497043917,0.01172792723744081,-0.024379219461556974,0.04946062196430962,0.11295997926069667,-0.08686675108613627,-0.0641349904219733,-0.20870487432851492,0.19207002479075067,-0.02243642688963229,-0.0971590260294475,-0.02453733688603873,-0.26995220396062386,0.11450850116680586,-0.021339825535350125,-0.06736706202488772
1569.0,-0.025030393017663122,0.029726298620279604,-0.08445551362442721,0.03823852567017091,0.0780245809386234,-0.05992641112630071,-0.07037327554247753,-0.18960872694463116,0.18821807198302357,-0.038504764708313904,-0.06951226820719973,-0.03418778388606826,-0.30720727730667957,0.0634884050980536,-0.04985047433877506,-0.029754103177302756
1570.0,-0.05387070855190283,0.03631645157084965,-0.13557011170111014,0.018239045141830355,0.028958611471932103,-0.02396782827437187,-0.05125901413615711,-0.15168603310410816,0.17106817180000872,-0.02906972316179682,-0.04203422963467041,-0.036675113941812484,-0.2794106240511782,0.013022603420390962,-0.08344153492431873,-0.00010890620723753981
1571.0,-0.06697596429562215,0.024447815374254684,-0.16801790655328322,-0.010273113046161521,-0.03356699922768227,0.00857768787853646,-0.014039892104111483,-0.11319508163661547,0.13731475759268916,-0.007311093371111658,-0.017692047018377646,-0.03364135793225917,-0.1955664397733013,-0.03151036984408406,-0.11617163062731627,0.01629143190584054
1572.0,-0.056950446416245956,-0.006674619149168672,-0.1771246989842144,-0.04291870031517402,-0.10375690154691002,0.02998735073538894,0.028310746724891016,-0.09098318782428953,0.0874652623811663,0.012585441991620917,0.0023409093186526246,-0.026192212766045334,-0.0816213406035189,-0.06805118913217849,-0.14337989482150892,0.019087389487850222
1573.0,-0.026140017003621032,-0.05035738596076906,-0.1651375486238723,-0.072055972641183,-0.1705729018835866,0.0380736862501218,0.06397025696194712,-0.09303451492895799,0.025791329231346704,0.021354290562012303,0.016630517574696232,-0.014313193178183276,0.02782519341139728,-0.09473052371833872,-0.16241619713541633,0.012388894618106765
1574.0,0.013449014115213619,-0.09530149207837878,-0.1394624374451905,-0.08961781769584082,-0.22001817420577852,0.034598076025057115,0.08681816098444685,-0.11480924220963469,-0.04054708299112104,0.01699842403120691,0.022350954266433003,0.0014170494372557935,0.1021036071257594,-0.10837904283062973,-0.17111303465825206,0.002169303593974346
1575.0,0.04577209750297092,-0.13071534264389506,-0.10869465903828193,-0.09085577497914678,-0.23979252531931242,0.023345293734648758,0.09673040499566964,-0.14123124880555585,-0.10314625042970986,0.0031914853480011066,0.016261177022483937,0.017928358605046775,0.12619906234774778,-0.10597569301414798,-0.1670162633333344,-0.0074966616082186195
1576.0,0.0582684205568914,-0.14998828571838138,-0.07894180654743321,-0.07673879363932624,-0.22446977661860176,0.007960705074749372,0.09713052703649955,-0.15329132679714522,-0.1549148915614411,-0.014230513942721785,-0.0027620064858828214,0.03027773197151567,0.1060450026038095,-0.08733120966394743,-0.14921406391068995,-0.016897052215840494
1577.0,0.046432539526354066,-0.1508906293418277,-0.052342013876296924,-0.05327577061757959,-0.17821212404871695,-0.010473432054676882,0.09199774628453662,-0.13653015075177768,-0.1922507690876657,-0.030168644894233848,-0.03130287301188663,0.03496505653646784,0.06425909470344841,-0.05621259576835211,-0.12007260084979521,-0.029489259754637957
1578.0,0.014090390035475095,-0.13323704733388567,-0.02824664389515359,-0.028331852173070157,-0.11319652190607085,-0.03383054864547087,0.08358751068713544,-0.08782037056356803,-0.21427010833831725,-0.04105203130618476,-0.061171607125774186,0.03312431368166604,0.02810061463885843,-0.01878361710553887,-0.08419215877766816,-0.0475034446316588
1579.0,-0.028568897513071886,-0.0969857952702162,-0.005792897143622563,-0.008054215087803211,-0.0445335704914377,-0.06313969736699343,0.07174607989322393,-0.016555369689823445,-0.21937281482829754,-0.04381547536173125,-0.08221196361920625,0.030505858538471563,0.016198595003439616,0.01920849484622183,-0.04584639480181562,-0.06765212263865121
1580.0,-0.06764730793475716,-0.043330573789833716,0.014234119076988915,0.005177353054472571,0.01545621077380271,-0.09318021293525271,0.05527510247047681,0.060664706849341866,-0.2032636476149349,-0.034793605067348785,-0.08635925663007725,0.034102449676184525,0.03116824875738638,0.05414814790049635,-0.007990890021098951,-0.08051699729856791
1581.0,-0.08925265987483089,0.02205226375177833,0.029547790097060666,0.012520744556216561,0.06060963613723797,-0.11148971671549551,0.03432819848914255,0.12735155469364118,-0.16116977648929667,-0.010119506944075764,-0.07053242303756845,0.0480052991540108,0.06135569031254792,0.08415011184805779,0.025991351519443436,-0.07478897045392564
1582.0,-0.08435396608605343,0.08760496704292774,0.038022890045155355,0.016901980458764225,0.09069323622487155,-0.10417463848801137,0.011802425502885773,0.17139273562471838,-0.09284539188885613,0.032004428969771945,-0.03793945754162933,0.07114242349594357,0.08983045621693662,0.10767295569538697,0.05018922413844448,-0.04376835042335515
1583.0,-0.052973322669198145,0.13887335511478863,0.03901060015376957,0.021025614564518135,0.10848485569671575,-0.06444968556190081,-0.007529981927176265,0.18618634584190508,-0.00722904539023059,0.08792953459839796,0.0018099789441673542,0.09787161171393886,0.10495982438298179,0.12279976270556808,0.05720749775686364,0.010633297399277177
1584.0,-0.005092846724587308,0.16405461854850176,0.033160143370697205,0.02583137353681412,0.1163087259538852,0.002095597837327786,-0.019761953977076308,0.17088375535390005,0.07654291909458043,0.14616249900966444,0.034801456560502375,0.12054803016010515,0.1060674933135793,0.12719422088843604,0.042315060212182336,0.07877574946416399
1585.0,0.042936329916177275,0.15849688055316655,0.02170591407104167,0.029734484560140845,0.11429214449966342,0.07870863553353953,-0.024508492051024674,0.13013920424882736,0.13419777841741717,0.18899585891871018,0.048146944671559354,0.13249191611197503,0.10109853046747626,0.11807165761416304,0.007100002523719801,0.14706401602363775
1586.0,0.07483202514705971,0.12585057967323504,0.006392877643633183,0.029162208399985443,0.10131618422992489,0.14438565207697732,-0.025216096805863026,0.07313024618437018,0.14592022280940473,0.19916966549498394,0.03647837730881509,0.13033310334160206,0.09927524448759723,0.09294320704255042,-0.03974161331399763,0.2017504897781558
1587.0,0.08024357859690046,0.07565966985603392,-0.010512918572656817,0.02036684512699744,0.07727929311444753,0.1825100391662268,-0.027090369484710018,0.012042494374630416,0.10485334406772945,0.16809231368388616,0.005119134463299845,0.11510928149576788,0.10487851920218429,0.05177837210431104,-0.0839819028083435,0.23209452137134154
1588.0,0.05771185380844036,0.019289322218050103,-0.026682927251154676,0.0015576942283368523,0.04432183131437801,0.18648572379508319,-0.03472482546792752,-0.04033869634869497,0.019869998879607956,0.10035256067944583,-0.03260836082589483,0.09157009930218529,0.11575113962022468,-0.000889401895283352,-0.10950095484914828,0.23271766442671563
1589.0,0.014343472048531182,-0.03331861303686699,-0.039657915362182314,-0.025797734536768206,0.006374999656676111,0.1600868157990629,-0.05057576696788002,-0.07405979151565804,-0.08769075121394271,0.012063337641958168,-0.06201184738438152,0.06588187806793136,0.1259150215892037,-0.05570830795905891,-0.10462555171236443,0.2040491111711319
1590.0,-0.03757565111421619,-0.07503125954814102,-0.046105791667173164,-0.0569315651845009,-0.031739912264396326,0.11368519299941182,-0.07393115179774408,-0.08525933154508215,-0.1909752235810509,-0.07557328621535189,-0.07331108907374005,0.0431194744019578,0.12987352345979505,-0.10047821267757963,-0.06904147282448296,0.15077145201673808
1591.0,-0.08583654877656036,-0.10147462429568792,-0.042378890664772455,-0.08464941967752598,-0.06483556509488125,0.059156396545495364,-0.10039496001786082,-0.07747619344106893,-0.26569882343336254,-0.14416363176063363,-0.06474835533691947,0.026111528424983148,0.1262529838716068,-0.12390588180476522,-0.015783659586138525,0.08012953586343499
1592.0,-0.12238743397406218,-0.11058850472656051,-0.027082763552894025,-0.10090947064099151,-0.08803515675725866,0.005776780627134349,-0.1226190113781182,-0.059852480636929606,-0.2971111521149125,-0.18406554651259469,-0.042466572344913835,0.01590694002352055,0.11896012514164489,-0.11979552280587807,0.0347078068045974,0.00160432688078695
1593.0,-0.14372795942922467,-0.10272552977282509,-0.003326127555536186,-0.09931237067606155,-0.0980620068318687,-0.041904148644114195,-0.1328613011145201,-0.04253529749987522,-0.2836591747194861,-0.1961615612025064,-0.0181531132034295,0.012731533409386006,0.11485997904865042,-0.08949363840016004,0.06488623944066739,-0.0729755339153368
1594.0,-0.14855610155565152,-0.08125722980272174,0.021608291090680385,-0.07784966582204497,-0.09437592465172283,-0.08395766933114955,-0.1267715133740227,-0.03152961845497444,-0.23585957330796053,-0.18938480484874726,-0.004788730326197977,0.016128638997776657,0.11875063799409404,-0.04131407381907891,0.06806588896844397,-0.13101859549708314
1595.0,-0.13605799440837898,-0.05259746584018467,0.03888108360380656,-0.040045634476546875,-0.07918979395733275,-0.12239435490846882,-0.10607165704783891,-0.02636148473744833,-0.17110283435536172,-0.17563661757739024,-0.010917101511933373,0.024188603041601957,0.1290449545636049,0.012643984306340995,0.04972931513858496,-0.16283574717310528
1596.0,-0.1069290448853581,-0.02449067513363937,0.04134876536316707,0.006418871272165802,-0.05647292470117363,-0.15664281938570962,-0.07786938960029627,-0.021992800213351746,-0.10727225437615644,-0.16412279505629399,-0.035687003782103606,0.033095266005617845,0.13812750672013938,0.06065150176685856,0.022204639463672102,-0.16521588330017267
1597.0,-0.06571763783772115,-0.0029081380417267937,0.026388934138329916,0.052335558198663854,-0.030614660047567094,-0.18049371757657026,-0.050823929506764516,-0.012723827577778646,-0.05758826519163391,-0.15705434871881738,-0.06809632811324912,0.03792003945583491,0.1376810103553376,0.0943281680350074,-0.0032000354817770895,-0.14234726237045914
1598.0,-0.021274466915916692,0.010088770543043546,-0.002233039260162751,0.08927396820043003,-0.005334614785517391,-0.18383039396271397,-0.030731910166060025,0.004788028129451453,-0.02731536170342418,-0.14867820552808642,-0.09187089839027639,0.03431654073096782,0.12485361928409093,0.10933864030477332,-0.020920690174090577,-0.10371800900612119
1599.0,0.016226254071732824,0.015665109743009616,-0.034722670516394875,0.11107656710873696,0.016520662709835356,-0.15840143228521622,-0.018344320196081332,0.02983696726179354,-0.013020027177629578,-0.12865366914735557,-0.09338829470611992,0.020163797908660568,0.10445280548428819,0.10464330261349414,-0.030200074312824576,-0.06088662517599235
1600.0,0.039855322283086456,0.016061410430694565,-0.05900037031457076,0.11445987383822005,0.03221067039264853,-0.10373915303229289,-0.010241060714579302,0.0571020582752691,-0.005553089554631413,-0.08856187496500822,-0.06791665671504656,-0.003786388093792749,0.08534178273837913,0.08193871109660111,-0.031398557179373864,-0.024618196816213078
1601.0,0.048668266665765576,0.013483035993413817,-0.06611549004856576,0.09899458899291935,0.038622447189669104,-0.029876394862339548,-0.0015355262045898955,0.07793986701278584,0.0040174569811188875,-0.028481112744419522,-0.02116081007506979,-0.034529166636455,0.07341179511795906,0.04610761835893261,-0.02408885662585917,-0.002127328839028374
1602.0,0.047191469814692244,0.01001767339627356,-0.05344611055421258,0.06737805530718508,0.03351693533630783,0.04510563368497777,0.011030845770479455,0.08384307444065418,0.019031848814546972,0.040107428596607854,0.033755396001314004,-0.0676827173827189,0.06636571368078016,0.005812731588761051,-0.007900107545224334,0.005658583317551994
1603.0,0.042943208098137564,0.007059654935562041,-0.024264971190108536,0.026009589588860682,0.017797242220090524,0.10269776773827351,0.02700084406859569,0.07101268661754176,0.03591099486048821,0.09773172340625545,0.08189677006996023,-0.09759487248639517,0.05429449768833073,-0.027804628514448572,0.016145958740253263,0.004928096279437144
1604.0,0.04322498846236451,0.004328928522111321,0.014192067769313072,-0.01578967306047832,-0.003834245592437249,0.13250339968164615,0.04264000869892593,0.04354547383653706,0.04724772731094797,0.12531441886066436,0.11189375961484958,-0.1173484687735134,0.025371640229360753,-0.04521771697898592,0.045059020908371036,0.005736140067389271
1605.0,0.05161344618056844,-2.409157246789481e-05,0.0524545165254289,-0.04878741196864289,-0.0249457327357631,0.13551517849165984,0.053757716783853556,0.01241169986236058,0.046806029601234395,0.11257665383359453,0.118570599851284,-0.12017034611258304,-0.026830201606003717,-0.04345337470263055,0.0734794984159604,0.01583087604936128
1606.0,0.06572753013931462,-0.007605429069094322,0.08097392445649317,-0.0673447316287498,-0.04020896784769509,0.1208265871528286,0.05856818624453484,-0.010010092673906594,0.03358476126694257,0.06251257179743716,0.10276153307028967,-0.10231645743328002,-0.097705543007831,-0.0284140776432737,0.09384684352046588,0.03604578362214739
1607.0,0.07829000290319812,-0.01756078544041057,0.09346027988903369,-0.07092845073163746,-0.046671560860183696,0.10041871486382262,0.05833670454193092,-0.01657088922180516,0.012716994047286597,-0.009259530872422194,0.07034420474518913,-0.06572419472079731,-0.17109148645398806,-0.012374384540047457,0.09884004351012857,0.06050047950887741
1608.0,0.08130580208119136,-0.026282636270065152,0.09021978768804279,-0.06287453328213119,-0.0432565286551711,0.08571023869277299,0.055712433041827505,-0.009048431415247223,-0.0077971212145757154,-0.08033742886406786,0.031390399870000495,-0.01858197088598657,-0.22597818616355156,-0.007615338675637698,0.0859113306156268,0.08066076077486574
1609.0,0.07092003595309637,-0.029883869568149476,0.078658876262857,-0.04767208456244074,-0.02992794040155738,0.08456579614298322,0.05257826864131219,0.0031391057224966247,-0.022174995572356603,-0.13072301099210443,-0.001604456325650411,0.026986134522835242,-0.24719877054183406,-0.02015458414959274,0.06053065606041433,0.08979568965610481
1610.0,0.049876686262739466,-0.027234943791289348,0.06921843220201075,-0.028828615610195875,-0.007820399714947197,0.09758693194478359,0.0492039481244863,0.008428951322042775,-0.029201222382008604,-0.15067242590127128,-0.017290361281516443,0.05943530918428286,-0.23291497686971324,-0.047447427368604946,0.03486262265847084,0.08505030166571537
1611.0,0.025666623715484473,-0.02066939704843105,0.06891077191702033,-0.008506532471681401,0.01983985263416319,0.11700953565176254,0.04487296039765519,4.9949482048521263e-05,-0.030318231937571834,-0.14313935538417197,-0.010263511998569936,0.07224369971352894,-0.1945398850682062,-0.08054659939617041,0.022196568290637077,0.06691696955886506
1612.0,0.005738960279449036,-0.014140018546716957,0.07704196457828015,0.011579444798962352,0.04726886116529185,0.1306605759626455,0.03903377923765957,-0.019391561894274673,-0.026491099183809583,-0.12038624962410867,0.015393644963251817,0.06592436928195677,-0.15003437469994652,-0.10830333109100293,0.03037271318000946,0.03786366300514076
1613.0,-0.006117820966514646,-0.010870085498017629,0.0856998962362658,0.029474140238527787,0.0670260174224845,0.12772892648443654,0.032160679872051214,-0.038733242969192165,-0.017000024398202983,-0.09660980654093924,0.04738083126431193,0.04698108494285463,-0.1142427746736678,-0.12119239921953498,0.05787434686609539,0.0016080315899834117
1614.0,-0.009604740067516174,-0.012032739324891474,0.08399775027565523,0.04342689644016351,0.07219728483165053,0.10247937030438595,0.025686606944960142,-0.044459020568996754,-0.000370633362572433,-0.0798010217114986,0.07191497797705333,0.024595350609764623,-0.09119203165818433,-0.11372786156241377,0.09484701672674994,-0.03708658751515827
1615.0,-0.005545192459135175,-0.016460840888885005,0.06352774937020256,0.05285268674098923,0.05903902826778603,0.055991934232801834,0.020514100096685785,-0.02877060084767531,0.02367394794309413,-0.06789003091531275,0.08145718600095558,0.00650815557346926,-0.0728344007230098,-0.0855214649728904,0.12825459129120118,-0.07307596195808437
1616.0,0.0052366636700814755,-0.02110370347428308,0.022666961545968683,0.05842344207779841,0.028961417226575057,-0.0033687604880940814,0.014974734015245407,0.005687143547242562,0.0521403991091218,-0.052536829365969824,0.07794221519894415,-0.00359559917590515,-0.04480065240311127,-0.04142364122808599,0.1475861772008966,-0.10225718582511374
1617.0,0.020620515183252995,-0.02242679651312884,-0.03226058157006103,0.06099578723760913,-0.011338942362510755,-0.061690973645183805,0.0047009437654345,0.047925585857634456,0.07792973610689491,-0.027553384043920662,0.07028652270316067,-0.005618012175319278,0.004112606075006974,0.009186548652883183,0.1477366465784665,-0.12289938940995355
1618.0,0.035520869778450995,-0.01828316878438746,-0.08959944250396096,0.06051139273850563,-0.0520239161379139,-0.10333467918390193,-0.014273164568458549,0.08558146057975498,0.0919059527233996,0.005133820992037156,0.06895885042645408,-0.0010587256749307803,0.07295081693005702,0.054311594339670984,0.12856543971275144,-0.13562530361291614
1619.0,0.0426376188131921,-0.008762941382300162,-0.13691247851128555,0.05595188471011311,-0.08320085048259321,-0.11533665545108285,-0.04140267317092355,0.11102114423511972,0.08785251717943779,0.03608100923460384,0.0805422476073933,0.007520514245486417,0.14502270187258023,0.08257731024079877,0.0931849484836498,-0.1415770537990153
1620.0,0.03617656286672069,0.004461109327178971,-0.16465058392406157,0.046278203488145125,-0.09717822097269734,-0.09171794804501275,-0.0701437435788327,0.12323158236148718,0.06744544687133074,0.05393448164140591,0.10387665366323329,0.0156459320580045,0.19392276914085105,0.08728813933435453,0.047248793088825604,-0.13999580871203862
1621.0,0.015956225156922063,0.01904173537650307,-0.167722567142249,0.03150350353072029,-0.08991244510479343,-0.036773206094217255,-0.09028888350980054,0.126088071222396,0.041131777724304486,0.05186326616851348,0.1295549885697604,0.01776819363423329,0.1972965257586811,0.06974895697170809,-0.00018098295859529632,-0.1274149789478549
1622.0,-0.011477938078766936,0.03241484510857139,-0.14582114774888988,0.013148775950421859,-0.06252130461046498,0.03477974939297021,-0.09243947405469045,0.12465683421616365,0.022914013186052785,0.03118412671432712,0.14412094880232476,0.010922955413923094,0.1499275448336772,0.039449568226226986,-0.03640009084871117,-0.09962957503725747
1623.0,-0.03583855991457729,0.04263174499039899,-0.10371642501284124,-0.00620452567747137,-0.022178938851340087,0.10182172345165191,-0.07203976208587129,0.12166445037659558,0.021738862275249474,0.0004164021327176463,0.13681187821632698,-0.0019223018467822378,0.06799096509481999,0.009751711967904766,-0.04889623792041606,-0.05532953992793228
1624.0,-0.048501869752758636,0.049798423969940615,-0.051310327978481896,-0.024028461798672397,0.019199208075434324,0.14384348651327322,-0.031079007847578312,0.11660419952284411,0.03585002991707251,-0.029319836680542367,0.10438966286141664,-0.012495081179596594,-0.017956039004453653,-0.009305231503208606,-0.032755299957763453,0.0013634834912228811
1625.0,-0.047151042557708224,0.056427585012718766,-0.002200737643461215,-0.03892594103162469,0.04865096647173742,0.14818143258831928,0.022697848606517235,0.10800559483423514,0.05469246186563669,-0.049310443638068996,0.0520965926334866,-0.01176352897023344,-0.0773485566218315,-0.0169903322066108,0.004116688482727323,0.06152246794707115
1626.0,-0.03674824063478106,0.06530487376097689,0.029786119154497116,-0.050841729227474,0.0568197347931655,0.11394313384645292,0.07761014926610448,0.09666799157348324,0.06651861769151503,-0.055696180527493956,-0.00847258702916497,0.004645002561612732,-0.09342162673115637,-0.022344362531845113,0.04287044706584102,0.11466298421099441
1627.0,-0.026308700660074215,0.07656156452430556,0.03525279280143481,-0.060053233988468895,0.04172221294674572,0.05086984263324445,0.12004096974182203,0.08699669511782242,0.06548393687866137,-0.04901601284831754,-0.06375947528824316,0.033171651102722376,-0.0692080198228839,-0.03763310880797658,0.061810347339484595,0.1524033727777576
1628.0,-0.02365729803318371,0.08706516926419035,0.013286061171801391,-0.06580829651854499,0.009798624933483716,-0.024919602696716454,0.1375110660202963,0.085278072353414,0.053854698987996934,-0.03233088438004631,-0.10342005173877392,0.06282990804456656,-0.023636314726196376,-0.06874397125688426,0.04569580585688522,0.17079742172915424
1629.0,-0.03110821694472275,0.09255283756629558,-0.027104825184573647,-0.06625318558227418,-0.026713529211596674,-0.09519599506394194,0.12315231562901918,0.09599202019590751,0.03940966876985189,-0.009255939856026293,-0.12351569567248057,0.0793545050578579,0.01905028028523641,-0.10978594824286751,-0.00815271463705152,0.17084512446019945
1630.0,-0.04412016858132453,0.09026872009555796,-0.06946044627515603,-0.0600156521654535,-0.054638110765993265,-0.1431762677563651,0.07960929902988924,0.11831804821347064,0.03040020405958267,0.017461029323540142,-0.12606262386690362,0.07130082794308876,0.040986571191617145,-0.14582760651572055,-0.08811373226590657,0.15775610843720167
1631.0,-0.053504465081820426,0.08034254133463414,-0.09600735720237338,-0.04787513966305369,-0.06411954111192274,-0.15728479433486572,0.01971260508605324,0.14511940309327348,0.030874509717892226,0.046424066897915305,-0.1158026378069438,0.035831129012400285,0.03786097099372249,-0.16109793693336094,-0.17064977343019944,0.1397630495403796
1632.0,-0.050161261705511884,0.06594499131398153,-0.09507936449587001,-0.032870040590214186,-0.05106841737363673,-0.13468880920520754,-0.03724244456054227,0.16582709298238751,0.03915219932825403,0.0769861899851235,-0.09668741982692049,-0.018236348567313234,0.018106086513610134,-0.1466776418545536,-0.22718204799734468,0.12636648078940554
1633.0,-0.030098453129683803,0.053081586803642236,-0.06586562421217303,-0.01865059690753986,-0.01819397955323262,-0.08259612056470741,-0.07250669630481606,0.17158223565484568,0.0502565069315578,0.1079648120770261,-0.07069920569220514,-0.07252797632233451,-0.004493466357190477,-0.10353801105052347,-0.2345696991740108,0.12525579798998732
1634.0,0.0028999120417293736,0.049753996931497006,-0.017576612104436146,-0.007428032351513203,0.025663756641130075,-0.015897360492019345,-0.07508167856459651,0.158685189838674,0.05987687005926823,0.1364875582269052,-0.03976478496744277,-0.10691114959149016,-0.019208984122807044,-0.040933654639141774,-0.18508232418956552,0.1382568447692258
1635.0,0.03878024931952039,0.06301853615588969,0.03639577744491916,0.0006050517564134583,0.06864103832631377,0.048005377887518935,-0.045556027271518924,0.12879445340088141,0.0669407062309103,0.1578382360297059,-0.008446180328909939,-0.1093373983276397,-0.02267512735802183,0.027498326926221894,-0.09036298716450646,0.15888309544128146
1636.0,0.06658502359191672,0.09440041922264356,0.08568073589399322,0.00600192982279871,0.10047400311737995,0.09437791232643929,0.005134294693468817,0.08777846026388422,0.07394355512852678,0.16681822707107438,0.016021672785282392,-0.08143157083323507,-0.018101114236005255,0.08816668878131076,0.023343680453609184,0.17449588093265073
1637.0,0.08065851800680886,0.13701796062765045,0.12706194049424915,0.008663672630598768,0.11587813474611044,0.11417232978178926,0.060736794146047615,0.04446364892560327,0.08533425854523902,0.1601804750269711,0.027013588468291914,-0.03652426385848579,-0.012073894527409012,0.1314452519890505,0.12587443999507922,0.1726128535478262
1638.0,0.08361381565436088,0.17727603372069403,0.16280220100704912,0.00796632823919844,0.11462952720615409,0.1049767021003656,0.10547158253214395,0.008159070118362265,0.10472361028997028,0.1388502533229857,0.022487401011005742,0.007407543388023259,-0.011813294237299335,0.15381656243362193,0.19351898063219283,0.1468125688334685
1639.0,0.08414203197227735,0.2009164825362637,0.19466374441019313,0.0040865448302966675,0.09944374537519768,0.07030970834693008,0.12818268510132655,-0.015459793086040102,0.13243571916855196,0.10865520734409778,0.006852045903450169,0.03520330939410623,-0.023403270778470518,0.1574048170751772,0.21476068139604845,0.09832550313355658
1640.0,0.09122478463799924,0.2002782407468315,0.21919164959966292,-0.0011910959591743412,0.07456677492681578,0.01725919895427385,0.12419887426214506,-0.02741783315684978,0.16443207495374335,0.07888123216076687,-0.010516114160317709,0.03935544584423726,-0.05004809755227998,0.14734414192505949,0.19103364914735835,0.03384965504883739
1641.0,0.10815720661881247,0.17819425577722509,0.22852639518154078,-0.005393739444525164,0.04598853760409217,-0.04576923807624534,0.09547196493216874,-0.03430649558471376,0.1926542503642356,0.05910247307785633,-0.01954037043586826,0.021224351878214125,-0.08954972018098221,0.12842534156848612,0.1340992480443214,-0.037398486815939
1642.0,0.12958664124827535,0.14556300403791578,0.21526409841487834,-0.007301032047122226,0.021517656790052745,-0.10890080557471621,0.049882797443794785,-0.04373712216079536,0.2070015385146855,0.056005588929242296,-0.013939201771810747,-0.010902084970004708,-0.13167415207249908,0.10258896399475832,0.06178323938002176,-0.10573908497858205
1643.0,0.14332358917634067,0.1140333365805983,0.17696332160642228,-0.007866474509855174,0.009289673305380554,-0.15956162086805392,-3.277592359796953e-05,-0.06006931491996599,0.19899521944537385,0.07159797176804944,0.0064871183217854,-0.04546118133346245,-0.1587452910971111,0.06847120017499612,-0.0067094025205703105,-0.16256781938379913
1644.0,0.13637384376517322,0.08908638985022327,0.11815498797517188,-0.008950555256688354,0.015138823349843534,-0.18404427576567542,-0.039509933850795834,-0.0823655804188042,0.16609018654661556,0.1026913006514504,0.03610559482692686,-0.07140405495282774,-0.1523143879621789,0.02391629405235161,-0.05556625416236865,-0.2019400300125247
1645.0,0.10216881440879176,0.06839962918742643,0.05025263765537542,-0.010841288024787194,0.039974702561168855,-0.17273447334762626,-0.05545444793699151,-0.10444505029277544,0.11484765638420295,0.1416058792288324,0.06556629812815003,-0.08109508071559873,-0.10296496610236193,-0.02894769536298962,-0.0768646784674613,-0.22171338594733672
1646.0,0.044931747510003936,0.04573552345517842,-0.010523212745165739,-0.010771303297738385,0.07839180158768279,-0.12531512544373252,-0.04101613532030636,-0.11733521421281512,0.06055789285945912,0.17843482761669627,0.08502570927284868,-0.07202246823154256,-0.016295162628260924,-0.07946525966393247,-0.07307106769812419,-0.22344161440595783
1647.0,-0.02119122773881116,0.01643772012335085,-0.0477758911840864,-0.003913852060902544,0.11974306554253031,-0.05183067561548927,0.0011014002578682346,-0.1141479740097628,0.02143494438550692,0.2036097700458809,0.08737113585166155,-0.04713624521218015,0.08897576834280878,-0.10978312377532651,-0.055439446305200375,-0.2109527590730005
1648.0,-0.07754918723483828,-0.019380429170595227,-0.05121719133406789,0.013635363275624743,0.15164607609750516,0.031005860411319378,0.058620847327154876,-0.09512719320757299,0.009204943512146584,0.20917007685748812,0.07067661157862132,-0.013399817308124689,0.1888100820953042,-0.10286172930001225,-0.03829564662124821,-0.1883117425203974
1649.0,-0.10839755088854451,-0.057144261230949386,-0.021567790104864797,0.04180698549744009,0.16410498653752195,0.10542710945430286,0.1134481654951114,-0.06945957297736888,0.02198515275426248,0.18977656600246245,0.03954593832505278,0.02122594140569545,0.2622045890972909,-0.05247055682661707,-0.03205054979298733,-0.15836175330850477
1650.0,-0.10726383124725626,-0.0903965968381066,0.028930012290637137,0.07527043710749555,0.15237975614816873,0.15676098835433105,0.14799079195215478,-0.05223168882630125,0.04475247480981837,0.14513228203159084,0.004103541519580619,0.0509028676526399,0.29627674273793264,0.031428699391335496,-0.03892967995161439,-0.12299187647585777
1651.0,-0.0794119849346041,-0.11382069398514932,0.08089727076485784,0.10470835121176336,0.11799523718821804,0.17502474228786263,0.15174599418057497,-0.057941349969673664,0.05724241708655904,0.08216974369829252,-0.02480356892536805,0.07326595119698154,0.287832376171951,0.1250138808813955,-0.053735153098906044,-0.08510877529369575
1652.0,-0.03901712786114185,-0.12568825685760723,0.11482047281793241,0.12023723214284779,0.06794739647193418,0.15556426563205394,0.12499261135297564,-0.09384830761056333,0.04398462956764514,0.013509615415497665,-0.042282729232109864,0.08832276896229875,0.24232992057451014,0.1990690099298653,-0.06836870421828349,-0.0504649842972963
1653.0,-0.0025252198270621024,-0.12919611029958802,0.11746399255163803,0.11557325757109808,0.012340177610404795,0.10054698576587563,0.07736363693524197,-0.15633178811739723,0.0007927835100526947,-0.04828376987558773,-0.052341396050296696,0.09610375915508407,0.1710644435598968,0.22967204257220644,-0.0761855546883623,-0.026874349447504484
1654.0,0.017962631464143782,-0.13189821783672737,0.08552915977891692,0.09099538666986416,-0.03879608308218149,0.02061105324158155,0.02257456663270048,-0.23181479189554272,-0.06507051116814502,-0.09693940740718736,-0.06368815185733438,0.09511447277519916,0.0882606629531909,0.20679753966470718,-0.07348436675490988,-0.02057881615777809
1655.0,0.017795398873211465,-0.1429550180301778,0.025980257730679825,0.05347541373541886,-0.07837576500421037,-0.06592072066484987,-0.026904704921489143,-0.3016830202407108,-0.14056748101068786,-0.13470696216127928,-0.0816575878986327,0.08287582586275169,0.008963582258126558,0.13727002848764527,-0.05921311419575339,-0.03260341836304666
1656.0,-0.0009772225370267204,-0.16931825114042554,-0.04631118361383058,0.013808966369643644,-0.10385613996292803,-0.1377633204085493,-0.06277567406881465,-0.34888326669351316,-0.21430133355774644,-0.16861708880532825,-0.10290943745049283,0.058135499048822155,-0.05347315771329595,0.041174989932768156,-0.03507348964518993,-0.0578541317579645
1657.0,-0.03161036090248295,-0.2124742737569555,-0.11254290087963933,-0.017741814829662594,-0.11702506420972432,-0.1782429361223489,-0.08177940488217697,-0.36314516160467974,-0.27964201416251183,-0.20285763689846856,-0.11672887470507139,0.023093822287556118,-0.09065898057195845,-0.055837105306862166,-0.0059615752908552784,-0.08706219453497338
1658.0,-0.06398623349209207,-0.26685319102230803,-0.15510380491827516,-0.03515202287403005,-0.12222529522934901,-0.18188953920400533,-0.08530893786310961,-0.3426623590183038,-0.3313136243411381,-0.23293229325698242,-0.11146046742722598,-0.015900777063546184,-0.10127919517805935,-0.13102889684436037,0.02066579241120932,-0.11020582558492013
1659.0,-0.08635219283538192,-0.3207228375333341,-0.16339609951184128,-0.03804794508669348,-0.12399941542351188,-0.15506912489024133,-0.07761719978441707,-0.29251725297136943,-0.36061488164368155,-0.24697718799496451,-0.08133624589252304,-0.0498876229006736,-0.09064563379482031,-0.17131302048513247,0.0372031709727192,-0.12014440859320043
1660.0,-0.08905853318829178,-0.3596409107228905,-0.13817308237611292,-0.03040045973013895,-0.12494417165151289,-0.1096786639822709,-0.06335861707430383,-0.221988157141268,-0.35663708675182165,-0.23401934356391096,-0.029793892030626417,-0.07062606767446548,-0.06852081711124154,-0.17606018610197716,0.03952903376118973,-0.11505617150730653
1661.0,-0.06910071416635469,-0.3708009957070072,-0.09121342716030355,-0.01757809776613504,-0.12429757379328493,-0.05533258813197048,-0.0464452364893351,-0.14255051100183155,-0.31399718463280996,-0.19267557313734124,0.03153318555994567,-0.07404781805569871,-0.04658883741555108,-0.15479542182867034,0.029942850648674295,-0.0983277750557072
1662.0,-0.03247638743392793,-0.346296602732313,-0.03979699580077123,-0.0037489001816971394,-0.11823533293108136,0.0033360323686179335,-0.03080220783233324,-0.06694430282823889,-0.24014826288181945,-0.13329266299290277,0.08706570197982687,-0.0618729064167928,-0.035988905194105754,-0.120899553549236,0.016911518287165167,-0.07615000766097577
1663.0,0.00764950357385871,-0.28514563870548604,0.0005503807825227321,0.008878210998114056,-0.10244210492048873,0.06279472236535587,-0.021435837647192677,-0.008476270050543,-0.15556213211558104,-0.07222083964348092,0.12302289337997808,-0.040756407306081426,-0.04498094474333048,-0.08469267749542429,0.010645393565424995,-0.05480338603572851
1664.0,0.03661387558300661,-0.1947270400139997,0.02087034687639287,0.019130267419280873,-0.07576932610441482,0.11515150123621164,-0.024202675140627895,0.020423353839215903,-0.08556852685702354,-0.02311505360938607,0.1321001140776551,-0.02005499688473149,-0.07688734211198604,-0.04981019327864599,0.016647295506579046,-0.038967389488688726
1665.0,0.044710801607036284,-0.0908305770493168,0.019776684322937096,0.02583845086095658,-0.0426944528003499,0.14808382080115942,-0.044026893502862686,0.01067587265884463,-0.04826173545332452,0.008290716470036043,0.11489480471617874,-0.009322605334967517,-0.12837504583030657,-0.014520834330695091,0.03141279418739307,-0.030588252923345584
1666.0,0.030366515670645525,0.005688365439091657,0.0018832246762420387,0.02786949471090095,-0.012912938905469466,0.15174387672137696,-0.08231059876614163,-0.040024411558392065,-0.04596579132593392,0.023301255891895807,0.07830181329979724,-0.015460168633322212,-0.1887455599554483,0.02339522505227537,0.04323495208161299,-0.02806691537984735
1667.0,-0.0012603896031079535,0.07608771858653893,-0.02478901402032555,0.02471693614129815,0.002024079982710426,0.1266212540265181,-0.13482790194611216,-0.12391228510707765,-0.0657576605342556,0.025876400665322787,0.03262333216025203,-0.03976170736237056,-0.24180525077391232,0.06133546950473539,0.03784833681514765,-0.026885496897880314
1668.0,-0.04168588006595662,0.11130705144505268,-0.05161458405718162,0.016596511980226714,-0.006308607056415986,0.08483128888187613,-0.1915783748890161,-0.2227873462776396,-0.08835594286505291,0.01894828234339763,-0.011714997726099833,-0.0765500026048818,-0.2710744654337724,0.09011362355023698,0.006059837578314438,-0.021894178375540068
1669.0,-0.0817767475168872,0.1145482412147625,-0.07183405922774044,0.004171377927012313,-0.0387566740569631,0.043004678543355136,-0.2395106373945933,-0.31246395199035987,-0.09924568324189158,0.0033027700336290544,-0.04755200281203504,-0.11496530965344445,-0.2663260725741475,0.0981774165444096,-0.05060600672992013,-0.009192525453954783
1670.0,-0.11354391394676196,0.09703570068337648,-0.08232630472758277,-0.01127314082621239,-0.08703348022779428,0.012261840080785123,-0.2673857077947899,-0.37041505939482144,-0.09509140837264654,-0.021314758725851393,-0.07340381513273084,-0.14350608321206376,-0.22776183839958905,0.07923245821340487,-0.11953101820960095,0.013627421890888551
1671.0,-0.1318110491246841,0.07095762254344797,-0.08466887372374848,-0.027681813875656623,-0.13630520151076772,-0.00682630073338596,-0.2699093434906784,-0.3830533869219694,-0.08223739510242678,-0.05376216699421679,-0.09359779369049137,-0.15483979190491934,-0.16564369159510614,0.03712905674405155,-0.18229294979919472,0.04691826921704477
1672.0,-0.13530316228368872,0.045092356377361545,-0.08469941786503109,-0.04332327492860153,-0.170530670935448,-0.021012200416905418,-0.248272026472172,-0.34952883069350327,-0.06929087762507961,-0.08915683672360873,-0.11561502920742285,-0.14794634673085558,-0.09613990961606655,-0.015494398656574902,-0.2225065396210848,0.08692001108721699
1673.0,-0.12630154421836887,0.02461830188356599,-0.08924284791211946,-0.058283410219773533,-0.17756313314919137,-0.03665179299037944,-0.20759913963621107,-0.2804428455027732,-0.05945153929427574,-0.11865750365061946,-0.14515778189828002,-0.126803518964978,-0.035871042094638476,-0.06257316634188456,-0.23169456130228,0.1250499962322069
1674.0,-0.10916954601755696,0.012432639282196662,-0.10129722720798025,-0.07415432971364927,-0.15241980573909414,-0.05443522260128516,-0.15447217805906904,-0.19227631179952667,-0.04833340678783241,-0.13263494895419178,-0.1811758748329191,-0.09766291107307251,0.0027319662214006658,-0.08979889509304302,-0.2106734490243587,0.15090426434863363
1675.0,-0.08869931554106156,0.009209749237576626,-0.11770955747493571,-0.09179819053441901,-0.09906458344773039,-0.0701567668661643,-0.0960371366169551,-0.10054149552896864,-0.028522351442130275,-0.12590514893011226,-0.2142955826974413,-0.06723778576892933,0.01418280629280359,-0.0882682628669446,-0.16761782161934152,0.15678273842511128
1676.0,-0.0689244531030691,0.01214596115022651,-0.13145049126138325,-0.10931667555287164,-0.030320210399237345,-0.07869209293483355,-0.03941109903168175,-0.01503411810615731,0.0034564003610557696,-0.10133195504658297,-0.23035917910707915,-0.04204022967014812,0.00031038816487670407,-0.05721448736899105,-0.11503793022715637,0.14053598682292573
1677.0,-0.05268526727693301,0.014601882838659447,-0.13643684084466043,-0.12217241756747482,0.03558306784692572,-0.07659445598236632,0.009574040300261339,0.06098760475103663,0.04346303078214835,-0.06866380353782216,-0.21735222345004188,-0.02760206601656125,-0.03104703213830203,-0.005068041482929631,-0.06569225536755281,0.1062501345364193
1678.0,-0.04153291618306843,0.008633453690510573,-0.1312595288904881,-0.12571327601878896,0.08130886922882184,-0.06295155114896801,0.04715218680341544,0.1281538523754171,0.08174336705966427,-0.038886954592073864,-0.17205163945269994,-0.026893957285252287,-0.06795295167244048,0.05272084432987907,-0.027636300199174544,0.06309068709784746
1679.0,-0.035404758365588006,-0.010421969234142237,-0.11975222730925143,-0.11823659869373805,0.09635098743522534,-0.040630567424327614,0.07071865457700349,0.18711710650295513,0.1084650114492305,-0.01811525389160357,-0.10320658792467069,-0.03889860760504701,-0.0979327824111336,0.098611862651062,-0.0020653325968432532,0.021902666180804577
1680.0,-0.03258780029035452,-0.0407346588828311,-0.10863061682942067,-0.10197587368011929,0.07981449298515442,-0.017346751253492682,0.07749067066239387,0.236011564812454,0.11857482947943188,-0.005676475774257016,-0.029692386599942222,-0.058739708592701695,-0.11377925676633914,0.11807565429080788,0.013545294072748196,-0.009114672346486207
1681.0,-0.03068440118439203,-0.07470921719599263,-0.10347416242808516,-0.0815693036104478,0.039677215356476093,-0.003854020749279261,0.06524539475388132,0.2706467680023484,0.11306958855548761,0.002800534842383816,0.026433747592881154,-0.07934675926489917,-0.11749445151503092,0.10294498107178791,0.02074539723107672,-0.02631635350021438
1682.0,-0.028030470599238577,-0.10283503545583038,-0.10512014386733648,-0.062075002579769355,-0.010382868655764434,-0.009335380367497226,0.03507321901830748,0.28708956947543607,0.09656657326326855,0.010825203667481001,0.049604850763162,-0.09342562672118694,-0.11763944020248826,0.053240030110781884,0.019153800522689522,-0.02910543177657529
1683.0,-0.024307760916949153,-0.11780171179348185,-0.10920817927056262,-0.047867558340897495,-0.055485459096494695,-0.037736909403033085,-0.006904561125420655,0.2846721835300947,0.07332841305009723,0.018692646858943847,0.037778000095552176,-0.0949920430720264,-0.12185762431520439,-0.02189218293032693,0.009313372878797124,-0.01798280373452771
1684.0,-0.01979114654032021,-0.1166076478965261,-0.10930388782730427,-0.041721577195919346,-0.08429515001951034,-0.08713522730708034,-0.05081846067173305,0.26744894463462743,0.04466892395795768,0.024326389746476197,0.002547383110490244,-0.08067343368520337,-0.1310494429431334,-0.1050604508072186,-0.004691008361125397,0.005375209357258236
1685.0,-0.014021157880770544,-0.10005405954303558,-0.10049632959462282,-0.043653541790546674,-0.09238519888572881,-0.15016015361080742,-0.08586499056167907,0.24366509830403293,0.009727781214962646,0.025947136944659856,-0.03691757552481731,-0.05071175186754493,-0.1387332637722553,-0.17480709226401978,-0.01571535297616758,0.03708357817664412
1686.0,-0.0052614526059642395,-0.07071505467188273,-0.08078064520435974,-0.050488392603156754,-0.08268418593478533,-0.21442771251387124,-0.10250969628075116,0.2236155326270928,-0.030835545800118817,0.024003510948609853,-0.06250190144463115,-0.008739177605938873,-0.13400676427016595,-0.2127211584300175,-0.016684593854500978,0.07114447357315459
1687.0,0.008684311476086748,-0.031378195170905,-0.050655623015849686,-0.05707479666993748,-0.06309452617030786,-0.2651657651192106,-0.09425369786388768,0.21609010517255448,-0.07112080882146524,0.02073525153272295,-0.06498152971644461,0.039823857558008505,-0.10596849063344049,-0.21076780802828782,-0.004299058041793909,0.10113209727938184
1688.0,0.02879883269397584,0.01486049485756053,-0.012630782043541152,-0.058747300552757835,-0.042936784736563365,-0.29057735748272256,-0.05985632835329487,0.224354198529864,-0.09928903953714152,0.01828103049035264,-0.04789005676022342,0.08911360486556628,-0.04922741890936848,-0.17486212702471446,0.018653716751565456,0.12265982984646404
1689.0,0.05345299155911197,0.06348404284265081,0.028813417185211205,-0.05349763498468377,-0.02967484745635845,-0.2863159482615255,-0.004890207312083583,0.24420864391895344,-0.10114612644480071,0.017369668194593624,-0.02498103989702105,0.13288962334132276,0.031520867549721276,-0.12168544160785094,0.04394383670818425,0.1351218815297297
1690.0,0.07838995415128845,0.10816991912656163,0.0678292994185672,-0.04242338430188197,-0.0262108146488581,-0.25540632076834285,0.05942007524093826,0.26644601561963505,-0.0672266773495048,0.01759548386902186,-0.01184695744330213,0.16482729214894953,0.1222778696924502,-0.06991089678359079,0.06197418447473041,0.14108801751676417
1691.0,0.09829442868304217,0.14221161927122078,0.0990878071594406,-0.02821041563885081,-0.029243828465499524,-0.2044547019236236,0.12021327295166259,0.28281063301645004,-9.07291857727802e-05,0.01866275838284401,-0.01626108781632451,0.1806318885805699,0.20682616884956342,-0.03154013149347306,0.06726955517923074,0.14354423360445645
1692.0,0.10896231804066245,0.161010038387542,0.11948572049775538,-0.012852094487860873,-0.03043473624722064,-0.14058557835502541,0.16767134515621596,0.2911690504039845,0.08331933126458693,0.020974242551188637,-0.033521415327995775,0.18060088571213168,0.2743896825880048,-0.008742952910737777,0.061608482242251086,0.14339016180357989
1693.0,0.10853290101201457,0.16390653133348826,0.12779355749467214,0.0034560417082012333,-0.02090053710619091,-0.07138914770054207,0.19761913189998653,0.29590461521641964,0.157397876520401,0.024605901445714357,-0.04981866946715854,0.16960457149573643,0.32137293227293007,0.003306807563417034,0.05305242314738888,0.13911140400137118
1694.0,0.0971309876781361,0.15441786687014847,0.12320278323275094,0.021431080507549653,0.003856653207845075,-0.005303509605941329,0.210715672593048,0.3036841764572187,0.199304091500269,0.027859946408442048,-0.05070710728565504,0.15397693564871107,0.34764854939894385,0.01124256960151884,0.05260197653054009,0.12819957782971628
1695.0,0.07606837575351602,0.13918104191789513,0.10550685496689244,0.04105506585917015,0.042205981658155145,0.05018640525152568,0.2093518283076374,0.31814221193919967,0.19940783492790337,0.027702994037343564,-0.028471318767536696,0.13825664985376473,0.35332592853252004,0.01978755518481191,0.07031207086303697,0.10881358060661803
1696.0,0.04791987561293691,0.1260232996173713,0.07730136093397486,0.06081728220982441,0.08832137804090856,0.09143891744794967,0.19502367862415088,0.3367554457011895,0.1645867554210088,0.022584187008459305,0.016253348273145188,0.12425928893260077,0.3387210565216267,0.030476749460877074,0.1107926755987876,0.08078918808964332
1697.0,0.017053336020377275,0.12119758554254732,0.04555269240204336,0.07831256286952146,0.135326518145011,0.12034452512918034,0.16834586603734994,0.35130450680322195,0.11313298628343096,0.015004831059230539,0.07799295101937134,0.11199645369616512,0.30518677942400824,0.041500053083934084,0.16888625324204273,0.046054049512612244
1698.0,-0.010526707459611147,0.12651062910008076,0.02005457422195843,0.09153826715263594,0.17712111892423066,0.1433296840394142,0.1312704996082847,0.351415144190517,0.06526623200490093,0.010529108116485884,0.14996833343544533,0.10093155456137819,0.25530334159726614,0.04807429809229285,0.22901536706601214,0.008726398164250918
1699.0,-0.02838515676907721,0.13814871072181104,0.008936150755141122,0.09971746715213183,0.20832025913001445,0.16753701792761103,0.08897058359902194,0.32907088706498233,0.03474393867878115,0.013208923606660573,0.22425830360293492,0.09090897191029625,0.19333760490857835,0.04410945605153933,0.27068251970501506,-0.025485582406916934
1700.0,-0.03171730511248334,0.14856085172674552,0.014205850978470018,0.10302323063565563,0.22389839709846657,0.19671398489162292,0.049511292239425846,0.28212693593358856,0.024977856628319153,0.021481740141790634,0.2906864764918287,0.08278177375697962,0.1261885576482344,0.02545636640339865,0.2775113025589294,-0.05088726541709005
1701.0,-0.01958031039110701,0.15061142882800166,0.031298971955402835,0.10194797759662484,0.2205173006188848,0.22951857151540975,0.02140987864557545,0.21584577153784723,0.03025521000801368,0.02862275691112099,0.3377230097261262,0.07886850231553504,0.06377082268126172,-0.006352951745758087,0.24442510072030205,-0.06327488977790177
1702.0,0.003992358483001519,0.14143075311490677,0.0535374450624318,0.09728256906379365,0.19899529175161562,0.2599192664883587,0.010405634496441428,0.14170451557507002,0.04028854851194576,0.027405200893344386,0.35536456953772294,0.08276837434003358,0.017993437742424644,-0.042145318227142535,0.17970508482711509,-0.060067674671387974
1703.0,0.03098308602767949,0.1238545258954636,0.07718703765492567,0.09050812335753897,0.16498508819037871,0.27898026509712764,0.017451315101175688,0.07346209582390263,0.04497077495028147,0.014980691857454544,0.3383333254036292,0.09752555008407988,3.4815190631220896e-05,-0.06725263003033044,0.10155979795395288,-0.04023740708936738
1704.0,0.0523201126746075,0.10505156743311937,0.10206549561792477,0.08386176028193956,0.12656326688716285,0.27886518615994543,0.03914789511493666,0.022042302755484206,0.037337619266157494,-0.005244528259154161,0.28846819783386884,0.12223413470353367,0.015884438846460798,-0.06790540811026888,0.030726210260556285,-0.005830904717461226
1705.0,0.06136212127360385,0.09295605030217903,0.12795053517808802,0.079728586037842,0.09076952668491144,0.2581983111013087,0.06942508059849876,-0.008438522360580689,0.015194977048631526,-0.02512901058293008,0.21489121781818718,0.14951738718321964,0.06159854671290386,-0.03851978041760546,-0.017278367858437244,0.036356554728136516
1706.0,0.05621710476721102,0.09192323536371899,0.1514081902060529,0.07950510311166188,0.061460066935122785,0.2247372567182924,0.10069735477761502,-0.021696359442439715,-0.01769057863563197,-0.035518634434881874,0.13097591236757194,0.1669587094002607,0.12168401023077842,0.014930471839851543,-0.036571190376995556,0.07602303809189687
1707.0,0.04018557957730049,0.10021281755126143,0.16617255510801546,0.08272632584182316,0.03893441500246293,0.19189629754778306,0.12468302154896699,-0.02673422914261084,-0.051629949239137725,-0.03057772104994233,0.049683326846564145,0.1628344636874223,0.172928028543329,0.07755641290402886,-0.031034898590346943,0.10333913837319944
1708.0,0.020470821127865562,0.11147646840343911,0.16610482935303325,0.08737976561213379,0.020932404699874882,0.17074737055090916,0.13388024875546953,-0.03262841252471604,-0.07372106062304642,-0.010668046510169883,-0.01952637310087212,0.13275817666927206,0.19267214036061628,0.13220479958597556,-0.011051975674364332,0.11267885128928849
1709.0,0.0051401823163858724,0.11918458533499372,0.14816167820784298,0.09107859633520132,0.004615993033691782,0.16355184922874727,0.12354228589283921,-0.043545160236267165,-0.07299384677908476,0.018065213374249944,-0.07073719650406178,0.08268415455035676,0.16826479742111367,0.166259122234916,0.011607660116095852,0.10412174780697377
1710.0,-0.0009188864868099378,0.12003947643239936,0.11390017146263962,0.09177717824964705,-0.011380467837355667,0.16371901107711703,0.09346020167459648,-0.05760868762895433,-0.045620580902475956,0.047177780355559765,-0.10040702007893193,0.026210732805705714,0.10318406011136785,0.17531467633441292,0.028044341018134498,0.08250958354120719
1711.0,0.0015476911534128479,0.11394376496339878,0.06919103254276239,0.08767997250373931,-0.026155853835897226,0.16154231794275675,0.049097895492576,-0.07018938158674388,0.0027844579521852982,0.07005918119737999,-0.10732758394048605,-0.021857751096288926,0.016004826361229015,0.1626602375826987,0.03366517340748584,0.054421315784670306
1712.0,0.0076512777386217095,0.10222833464352102,0.022451645805630045,0.07722973488757286,-0.03735029801017984,0.15057310617188313,0.0012296904824541462,-0.07787306344806724,0.059393634247743694,0.0845161138336173,-0.09318489628629674,-0.05135318916595707,-0.06719516149426182,0.13618042439197828,0.02769419134809282,0.024136769523689285
1713.0,0.012849727608039534,0.08670718304463619,-0.01777574384944253,0.05977443467262873,-0.04240258814106628,0.13007985084924004,-0.03664900394255578,-0.07949627034302482,0.10978929052854407,0.09321294266567301,-0.06184196008162207,-0.058679552300777545,-0.12204395010623771,0.10524119325988364,0.01245256502405684,-0.008897212728659492
1714.0,0.016553360498018612,0.06951622880931715,-0.045244189338181966,0.03655282146877192,-0.039252376745959175,0.10319385738136697,-0.05252726364128575,-0.07485686231633082,0.14350789004341752,0.1018343583351696,-0.01759294737753358,-0.04523873100926973,-0.1326964680082435,0.07872377730098179,-0.00733158045456098,-0.04848761551016531
1715.0,0.021935068278464972,0.05262899630680382,-0.05781476668715426,0.011058358360108192,-0.026695448932081152,0.07361912903376933,-0.04033361178100431,-0.06396275240423445,0.15668759561452963,0.11514320978494166,0.03579479812888961,-0.015567211274621646,-0.0960696974885405,0.06356773020912236,-0.025560046066726808,-0.09663028346950865
1716.0,0.032992444342838205,0.03692379358950084,-0.057506868451621465,-0.011865145007213612,-0.00471469375835781,0.043860198092011256,-0.003215521914131516,-0.04801936465709523,0.1518811658551353,0.1329376248135226,0.09435646641422389,0.02274331199129561,-0.024094736365996784,0.0630512205036846,-0.03639871967229889,-0.14923658039204277
1717.0,0.05200572245744004,0.021284419316672392,-0.04836966736460593,-0.02763006746433249,0.025152294780136156,0.015421882178349942,0.0460789503920832,-0.031153404222666357,0.13616922950136423,0.14898186684076561,0.15194108594946318,0.05868524385466238,0.05794350267245151,0.07538733244104617,-0.03649373975005676,-0.19637711133344074
1718.0,0.07871140967535442,0.0027531941374377006,-0.03357959536338946,-0.033043101176791656,0.05917462034473901,-0.010449933556384147,0.08865555887075961,-0.020880857809401562,0.11796757195770363,0.153981173372919,0.19836051934735296,0.07972187930205832,0.11987991148166056,0.0938926557912925,-0.026827933125690078,-0.22675852976513491
1719.0,0.11030402618299794,-0.021397338867220863,-0.01385610736684226,-0.026741819163496203,0.09101526244887616,-0.03227584661853776,0.10557053096935319,-0.02581526679047058,0.10354159084882525,0.14050371691332114,0.21988908172742586,0.0763381032331854,0.14014633527775297,0.10898151645211392,-0.012663875947593835,-0.23282131590115143
1720.0,0.14152120183949063,-0.05099753288719083,0.011596386123694881,-0.009413546795243989,0.11296759161591145,-0.04809381881995845,0.08438157700553592,-0.05168813611990243,0.09507656957634328,0.10651039805022576,0.20330336923999945,0.04652608791637823,0.11570752266919043,0.11123643389608792,-0.0009329474174011027,-0.21301446138801788
1721.0,0.1650609330075656,-0.08250354718077581,0.0425075219493822,0.016251709861296183,0.11918034058620411,-0.05570577325453935,0.024425561554910605,-0.09880297715210731,0.09082518868901762,0.055629101538167344,0.14185404967086745,-0.003021337347643011,0.060597288595696616,0.09487696874863084,0.0037274719227550204,-0.1710855733242011
1722.0,0.17293272848583788,-0.11131412270003797,0.0758051587487392,0.04607004441961634,0.10892075918484584,-0.053501834614861216,-0.06110800088454407,-0.16241271406426508,0.08624830674301724,-0.004886527758158549,0.04011472630701295,-0.05987847610989629,-0.005073137610436203,0.06055113240148405,0.001846163601226936,-0.11452458545313178
1723.0,0.15924016003120614,-0.13430168485479493,0.10599934391904584,0.07494554128700413,0.08724486816649603,-0.041549874821381776,-0.14836152160257035,-0.2345646070993496,0.07525300227509284,-0.06597664831467831,-0.08460988334049037,-0.11116743668988971,-0.06589405563827276,0.015698468021982465,-0.00105828796618924,-0.05318024056089132
1724.0,0.12381375808067803,-0.15003671795575185,0.12693574159595256,0.09732909294876807,0.06235895104885833,-0.022156549838458908,-0.21106053306835232,-0.30573338110908416,0.05200419674382978,-0.1170144621178188,-0.20540368599629347,-0.14813635638284392,-0.11495052368823651,-0.027904721293364954,0.0022103782950658605,0.0023199715169896938
1725.0,0.0742042352197966,-0.1571449648765392,0.13430259956833412,0.10791187606919345,0.041535268547324186,0.0010121666549154033,-0.23023297910498927,-0.36651325724633893,0.014354797127032078,-0.14578490711557235,-0.2928037226057309,-0.16790185880385286,-0.1519140325224506,-0.05795250192091417,0.015876314156312885,0.042067431291710346
1726.0,0.023426775103511415,-0.1532073315932217,0.12839705520593198,0.10264395721756164,0.028226746214973827,0.024111264389506053,-0.20048722242910902,-0.4100444183832949,-0.0323147984086085,-0.14074243024136227,-0.32333518035743447,-0.17247381245640608,-0.17944835882621882,-0.0657008654972276,0.03796162993581856,0.05805953150989629
1727.0,-0.0161229997345175,-0.13566806090455505,0.11494966214118346,0.07981734869107497,0.02182949418099372,0.042515771753365635,-0.13013237906576966,-0.4339167104635798,-0.07476226644771555,-0.09610576566081358,-0.28671597417814226,-0.16675999537956473,-0.1999006009657597,-0.04979343522732152,0.060523784377907786,0.0461264132183831
1728.0,-0.03864377286478212,-0.10443482865921444,0.10175537658799558,0.04103031912172222,0.019528057667873466,0.04992099229790205,-0.03649271181038788,-0.43972105307147996,-0.09722113636243469,-0.016989233026847076,-0.18996272665606684,-0.1568054437690801,-0.21336013029862524,-0.018058335011542474,0.07292402979095661,0.008324189203360024
1729.0,-0.04651182940856188,-0.0647568720885457,0.09263004667709202,-0.00836054330296616,0.01813407709040671,0.0404853003906013,0.05987026506823005,-0.4305305608115211,-0.08983228715904629,0.07932083658332305,-0.057126839489075085,-0.14831068344113107,-0.21810681117153116,0.01463698884794222,0.06577597498798164,-0.04668415562952278
1730.0,-0.046687362104724794,-0.027873800849155327,0.08391594994111877,-0.05990499815824831,0.014463434219291726,0.01284222333770081,0.1396137472250459,-0.4081665659379512,-0.05504524056622335,0.1677669048534665,0.0765135366511251,-0.14506488190301714,-0.21282141505691302,0.031966692883986014,0.03405751287826674,-0.10590186692201696
1731.0,-0.04535493325956065,-0.007395786249527928,0.06725462064612131,-0.10398254768627324,0.00504342753910373,-0.028468733452066023,0.18797414731561488,-0.3720284476846251,-0.007741646944270175,0.22401291930647058,0.17529261689070344,-0.1473836679160566,-0.19840328218944417,0.022389164392531562,-0.020605788002683187,-0.15514497443910655
1732.0,-0.0451885019256717,-0.012708281194999317,0.03620373117060646,-0.13254672355247735,-0.013194269249171785,-0.07483785647136415,0.19762936557905872,-0.3206299392306916,0.031619350669926626,0.2328244084208994,0.21512392212512632,-0.15163926845929726,-0.17784367182966498,-0.0165826406932543,-0.08920660890243749,-0.18235804650775417
1733.0,-0.04668307205539452,-0.043360665885540314,-0.009452888420768246,-0.141873443833082,-0.041041592175396734,-0.11595002876011848,0.17033643384922936,-0.25501990593808943,0.04676545137438738,0.19242817073027457,0.19123021821470934,-0.15209778573893057,-0.15444781755902803,-0.07715913638200955,-0.1579712989422324,-0.180987299997121
1734.0,-0.05110506897118752,-0.08774801188529312,-0.06445476760491599,-0.13404469293902785,-0.07554871347203483,-0.14254281306289704,0.11662826863704152,-0.1809212333762243,0.03218208974849051,0.11394435516629717,0.11875231895399176,-0.14415913444153042,-0.12973122837901552,-0.1432970372944833,-0.21374771239644372,-0.15196424561881847
1735.0,-0.0615464000246303,-0.1271427597532949,-0.12103937612867305,-0.115932749401314,-0.11075942157631768,-0.1511495782467169,0.05340419222628855,-0.1074412476731968,-0.006751458158591933,0.017263831790424476,0.02636342863811012,-0.12641190731172114,-0.10205307937759403,-0.19589025596977888,-0.24813600647044542,-0.10339799166003182
1736.0,-0.08098124745716029,-0.14368721215816435,-0.17084528990846606,-0.09569501952346268,-0.1408492683346704,-0.148150791237417,-0.0011655945449466295,-0.04405017533831099,-0.058482119502815136,-0.07506152638244067,-0.055211833615162624,-0.10067301215933756,-0.06730394356876347,-0.2195903620873071,-0.2581027167141156,-0.04874425953298156
1737.0,-0.10899959820959068,-0.1286814669875088,-0.2060256541111971,-0.07873239963187131,-0.16358922603561504,-0.147415361287733,-0.03471610544820615,0.0014302219954353914,-0.11078395148723112,-0.14426439751601416,-0.10551569030601851,-0.07136386245741937,-0.02298216688494948,-0.20802771050945626,-0.24548141549638497,-0.0034921619431306492
1738.0,-0.13948770585404582,-0.086763919986553,-0.22112493067866998,-0.0658854740755693,-0.18104175445259862,-0.16094785651387086,-0.04590226509706368,0.024285852311997473,-0.1539886631209179,-0.1800048814924458,-0.12160771654552303,-0.04445555366664107,0.02659938610337243,-0.16512752024849897,-0.21688219842583017,0.02071706751890327
1739.0,-0.160609405919434,-0.03346461549488836,-0.21489324041652164,-0.054900017861240734,-0.19634948144387665,-0.18974866983058097,-0.0439253992614767,0.02545796335175217,-0.18142947715152186,-0.18166852638345973,-0.11628399863013059,-0.025056336352517708,0.0695960798331621,-0.10284561974272673,-0.18156271745638133,0.022737298060317945
1740.0,-0.15771533356425527,0.012421536270623057,-0.19012715879602307,-0.04344019951522247,-0.2093444855940345,-0.2229334083674208,-0.042589808757322906,0.01320417812705758,-0.18858091377216502,-0.15666996567255487,-0.10831489715435176,-0.015024649979357504,0.09228858980502513,-0.0370968796108006,-0.14671435631074478,0.013496695374710163
1741.0,-0.1192600357245045,0.03669991108521228,-0.15223661513484021,-0.03131079402204446,-0.2153292650454966,-0.24591742463209557,-0.052562162092715116,0.00034594725225203484,-0.17293974273314194,-0.11743668840443813,-0.11075339386069952,-0.013237107553088942,0.08661652199387747,0.016427675646852404,-0.1142987466782793,0.009329634100915018
1742.0,-0.0440640997435859,0.03351375503370284,-0.10873768006426941,-0.020903742082639776,-0.2084742140055958,-0.250509771413628,-0.07602547164390488,-0.002402657977069245,-0.135547185543914,-0.07824581563778997,-0.12459833894842984,-0.017881797531828746,0.05423221643592606,0.045710105109128915,-0.08230309196531863,0.021920099108588845
1743.0,0.054043247550240966,0.0049872484334487965,-0.0691192665697424,-0.01574562122652532,-0.18680857824939656,-0.2388599953092441,-0.10629660725132503,0.007593503716198892,-0.08313335648482358,-0.05192834628231746,-0.1408780278047331,-0.02767395437775278,0.005344056106654633,0.04525412546571792,-0.04823070023832179,0.05265358584291018
1744.0,0.1482445855266748,-0.040525758289789104,-0.042484517695859286,-0.017730323063467838,-0.15433797006443736,-0.2195591137530712,-0.1322232263545572,0.02425589967059795,-0.028591882380657338,-0.04645327274378336,-0.14809406079777537,-0.04097965351092259,-0.04581474157407417,0.018397046332178542,-0.011066105342352358,0.0937883167953969
1745.0,0.2081073205668063,-0.0906245997832826,-0.03318921535752549,-0.02510613718275496,-0.11874607825366175,-0.20042050685378252,-0.1445353460696939,0.03788393054659268,0.012056369473002116,-0.06269956189589569,-0.1392609754027746,-0.05467706227844262,-0.08569219104259777,-0.02222299614785005,0.029137934673526503,0.13284551974421083
1746.0,0.21213665718844335,-0.13225327566158243,-0.03838771408357567,-0.033167472514261366,-0.08723598829172242,-0.18315777446840537,-0.1402204856363967,0.041385850887033504,0.0255680657179257,-0.09515268816631667,-0.11459854494787829,-0.06454915791650093,-0.10439676595149254,-0.05807353209971997,0.07146157096576093,0.15631844484911092
1747.0,0.15690658642327107,-0.15561037950715823,-0.05027836818396738,-0.03701316884088848,-0.06387213054796907,-0.16261707976255077,-0.12248781323922159,0.03345786485290625,0.0070850611530132975,-0.1351950994067864,-0.0799098784591233,-0.06701185769632115,-0.09724732294805612,-0.07204769863850503,0.11202271812260454,0.15247599924120486
1748.0,0.058492245563109294,-0.15640259773866189,-0.06117250777480427,-0.03416577274974055,-0.049241662236248436,-0.13071598043932725,-0.09732333247141962,0.01863877718116834,-0.037750436268787275,-0.17435916851810151,-0.04340563854051034,-0.06055111379431131,-0.06575770603456582,-0.056339518859404594,0.14170902187682122,0.11493324326501936
1749.0,-0.05354897723452652,-0.13583439821028537,-0.06721456280902716,-0.02568732941874608,-0.04132702353159375,-0.08263063263428483,-0.07008560324299792,0.005281421835968133,-0.0951855420166543,-0.20551620874160276,-0.013119824640785824,-0.04581069623616973,-0.017851477672626667,-0.016089767006176675,0.14762201139418324,0.0466656334697849
1750.0,-0.14665893202199154,-0.09965591236096749,-0.06879106640727524,-0.015403810538100065,-0.03678384432246925,-0.02118709082704017,-0.04473644249114503,0.0018786907916658218,-0.1486183497881847,-0.2224472885351304,0.004653393174793518,-0.024897855701228395,0.03356352523459061,0.03368294911317869,0.11890949389719307,-0.03807112606031062
1751.0,-0.1965168072612314,-0.056778310629595034,-0.068832961103274,-0.007624260048308661,-0.032412254949894595,0.04310984379548621,-0.025065825308245512,0.013454953066996967,-0.18369800022616717,-0.21936724536544933,0.006193677861705106,-0.0008111057846038068,0.074154201274976,0.07554821080903167,0.05371123757827996,-0.11615956543865485
1752.0,-0.1950601679193869,-0.01679138371305517,-0.07061534882280215,-0.004982758279556936,-0.02651843481945632,0.09600239098174386,-0.015227894058979388,0.04022944821178924,-0.1914832777555342,-0.19160977089782497,-0.008668356998297258,0.023162828183426694,0.09318323886988705,0.09631430946304848,-0.0375000152713722,-0.16294522141538945
1753.0,-0.1519437377090424,0.013261450886922703,-0.07547533410885678,-0.00800017329839486,-0.019795103900018617,0.12521057143716816,-0.018398050364579695,0.0786840682174454,-0.1701336580716941,-0.13800488764836005,-0.035247734294353364,0.04445924041701758,0.08781334593419321,0.08979984075191934,-0.1349907522983468,-0.16241518741741515
1754.0,-0.08877764275555132,0.03112249869239498,-0.0814311204765105,-0.01603661328405703,-0.01523678533056056,0.12567715156558884,-0.035155292120965534,0.12345803212042326,-0.12561119395613524,-0.06358585527586592,-0.0641968141964432,0.061988365479625725,0.06434927131466639,0.05669918054389597,-0.21733521799172778,-0.11510175930688908
1755.0,-0.029363662376561975,0.038992021611681825,-0.08443389701616036,-0.02798916347469622,-0.016611176722027263,0.10231373462142596,-0.06336763341498797,0.16895709544170837,-0.07030494224112702,0.020364942207600174,-0.0846034510636577,0.07571252776134194,0.035247331146558536,0.0036778726961675464,-0.26825280351573283,-0.03819242969273686
1756.0,0.0088724631616169,0.04084735517063544,-0.08157630434227763,-0.04190588699480141,-0.02598061539824289,0.06862506987077482,-0.09886853075092175,0.21051041335276058,-0.018698895263604354,0.09966727248239479,-0.08877307982548177,0.0855052944759957,0.012843489363848175,-0.05778510148787832,-0.2792433019927438,0.0432670056621677
1757.0,0.018965514113369074,0.039854334598171365,-0.07298468768192973,-0.05439037954383234,-0.04181917667139325,0.041246001075067394,-0.1352103014493523,0.2448049004432463,0.018290845104029594,0.16130080358777937,-0.07589648938599941,0.09063698747597496,0.0038271298243760872,-0.11356978008976369,-0.24906596661830838,0.10849913606438594
1758.0,0.004007433462824111,0.03786640871178267,-0.060714270176402685,-0.06125918253698078,-0.058990284415312434,0.032733519677349866,-0.16329403127764566,0.2692698924974587,0.036829976294498516,0.19605268835554926,-0.05179953992419957,0.09008162155536442,0.008199823652331528,-0.15033138292044324,-0.18313176797102165,0.1483208885875188
1759.0,-0.02628738556845253,0.03604327799588772,-0.046154115476364645,-0.05947511427443067,-0.070603446642558,0.04592779735036597,-0.17352489989825945,0.2810406262688085,0.03946053706696612,0.2000389980036947,-0.024136455504898086,0.08279246165676393,0.021793051728736114,-0.1591916861756254,-0.09347416772957627,0.1644686103084101
1760.0,-0.060234031611209826,0.03468432933680719,-0.028122025200975072,-0.04862997501094115,-0.07065012148288492,0.07281552653803608,-0.16060923819607467,0.2768118621458835,0.03149376221101555,0.17538911491227827,0.0033131145370408352,0.06789934690552228,0.0389323681348492,-0.1382792857642501,0.0027095479373511694,0.16438851503395335
1761.0,-0.08802123186003129,0.03256931439140823,-0.003037771311606405,-0.030811464558743222,-0.056020275364826275,0.0990404305259865,-0.1273758736570434,0.2545781741679481,0.017539556905646788,0.12947345100564014,0.031897589323837065,0.045540173408147526,0.053469234212965414,-0.09313712541637875,0.086851622472393,0.15614228080060688
1762.0,-0.10360281077563097,0.027758938228414,0.03237151948072683,-0.009597586326769532,-0.027032141144042853,0.11175091187626192,-0.08397501316455482,0.2170375825319536,0.00040943133382894965,0.07280862871607746,0.06383086811585188,0.018311764813987264,0.058894280298875154,-0.03496458300321182,0.1438170194079017,0.1449263512442339
1763.0,-0.10497805637113118,0.020222174753232153,0.07736411303883671,0.010883339495379807,0.013393084485132597,0.10593959541083947,-0.04262040108758488,0.17402235020893292,-0.017244753752959315,0.01680388805325148,0.09690194981680965,-0.007797123310732001,0.04959045711415817,0.02263795149027925,0.16633197432319055,0.13112529440679807
1764.0,-0.09370729216189454,0.013801575355288384,0.12547488176135443,0.027002615857657352,0.06077732821148671,0.08559594033165403,-0.011732170694484628,0.14030261699514945,-0.030626288567879526,-0.028136245149397617,0.12298285042063602,-0.0244727214239876,0.023700097638316788,0.0677394460994264,0.1577946620020188,0.11084534169027603
1765.0,-0.07410935979393957,0.015017380037799994,0.16632407777355615,0.03681418985712614,0.10931588480579016,0.05972845748876807,0.006695991451595411,0.12866929463031596,-0.03318939569715824,-0.05471598160717544,0.13102071255215897,-0.024503200686852668,-0.014902758549227657,0.09401843157497672,0.1313358487565173,0.07940950509418504
1766.0,-0.05211317749649565,0.029017451372997063,0.18974814890040204,0.040431595561166586,0.1518505390753379,0.036679625791361296,0.015711004816189714,0.14322459877526544,-0.02051607171483953,-0.060856868665012165,0.11222157640552724,-0.0056089342412995735,-0.0578490521260031,0.10271140029257478,0.10443866907255236,0.035758668591550094
1767.0,-0.03335476676680317,0.055449385167151664,0.18998264167421353,0.03914115179810684,0.1811518484736324,0.021134667495009828,0.019968179150874194,0.17801620252109474,0.005981459437141971,-0.04997148550688122,0.06506408607900335,0.02833771534933527,-0.09589304975918679,0.10098496062238342,0.09215367922934903,-0.01518439852195314
1768.0,-0.020647428305322384,0.08746099858196119,0.16791145760081766,0.034279177929723126,0.19258005097979067,0.015033738848976672,0.023069998652012796,0.22094193920246,0.03959202728325051,-0.02840632699152706,-0.0021062961490932244,0.069624356464179,-0.12199646559334944,0.0976777250108254,0.10226038228141557,-0.0634792155624296
1769.0,-0.01255203087128299,0.11471591922771118,0.1302499031201547,0.027110113127766608,0.18604020826269876,0.018873159175554523,0.026894968583528314,0.25861927294825876,0.07270530895478199,-0.001968291691472168,-0.07306754234470422,0.11028873934282828,-0.13176470800220025,0.09926348972418739,0.13282491858105738,-0.09781548211974408
1770.0,-0.004812252016162802,0.12796660129355483,0.08641648536472134,0.019559639490426748,0.16554098810902024,0.03082477935704777,0.03170351538089825,0.2795704919460489,0.10097239802101167,0.02575799319926842,-0.13006339794494087,0.1442119146724819,-0.1221121303806432,0.10754649004270708,0.17230540171834796,-0.11006218561342677
1771.0,0.006133161640355832,0.12246205105831583,0.045382951132878636,0.014521240644265507,0.1370652943550906,0.0463241310854208,0.036137731362394336,0.27673673112531877,0.12371116228346482,0.052673054893910776,-0.16071224491886127,0.16745609611569323,-0.09102723157468239,0.11870137965766958,0.20355667112905612,-0.0984157406224363
1772.0,0.020390985331877415,0.09966315830007884,0.013769148329223867,0.01486372244058074,0.10653512704980965,0.06068999465986057,0.03803658818460004,0.2499473365388997,0.14064873397257754,0.07641564174554591,-0.16115203177221968,0.17840451014309472,-0.03939079350592292,0.12391043818727665,0.21118468569062115,-0.06747483953306924
1773.0,0.034680649339005984,0.06717442616116935,-0.00533755205247717,0.02165030914078645,0.07869297900302863,0.07211853555438362,0.036095249369734274,0.20636494765484792,0.14877452994900975,0.0935415599532316,-0.13467175837681147,0.17810368989543307,0.02741258599456484,0.11283006466563131,0.18866605301184733,-0.02557597067957303
1774.0,0.04486602077970513,0.036212853885987835,-0.01287712614529324,0.03300413402951336,0.056784786943199855,0.08129654722027163,0.030673555891763644,0.1573294832260323,0.14348662795138048,0.10052937797518902,-0.08871573868825018,0.16984549271853341,0.10037045389459591,0.07947449893031185,0.14138653894249248,0.018569612514408404
1775.0,0.04874407837471434,0.01717469714112332,-0.012644085056680876,0.044635333602504525,0.042801528403483925,0.08833518832130142,0.023258402170984016,0.11308126203533934,0.12359213869443686,0.09566012094669996,-0.032721454031731045,0.1578074638726436,0.16977942271529078,0.027333899078778937,0.08394755251074745,0.05800601968232434
1776.0,0.04702331592706009,0.015431179234683692,-0.008666024664343458,0.05152714625107895,0.038097077560557,0.09077256662413084,0.01601567146511503,0.07861570689173535,0.09476670722015147,0.08020270540777767,0.02356044714363822,0.1455446121705906,0.22777903891159884,-0.030067352384617094,0.033335927305495526,0.08788807638649399
1777.0,0.04205118648987276,0.029263727596608557,-0.0030148357248551807,0.049389153874733194,0.04392079242050279,0.08468073901855748,0.012041107897180249,0.052778473730981434,0.06746238223392553,0.058268681297502574,0.07225053753644373,0.13493208309910262,0.2686929973233933,-0.07451735545243642,0.0022279138714292575,0.10497262576778002
1778.0,0.03548292240667947,0.05083765722858556,0.004426695161782695,0.035553937280752755,0.0608071354081067,0.06760855622940123,0.015264948192812646,0.030346652150442802,0.05094590767283105,0.03535032764191813,0.10921620766004751,0.12592357110729951,0.2881714242610175,-0.09198459076390283,-0.004128243895881059,0.10744419232041003
1779.0,0.026898522264545074,0.06993907954308193,0.014373126044683375,0.010035557180560291,0.08641556935357458,0.041056809760985684,0.02930631633767014,0.005335785143494692,0.04795015310252941,0.015971567247028907,0.13399932760631775,0.11702388611897159,0.28302687563940754,-0.08006028008287262,0.01220304788394593,0.09489827925021438
1780.0,0.014707618684641917,0.07818675979366993,0.02624375010352479,-0.023492502086581633,0.11382834294086466,0.011567520708755412,0.05556706461949799,-0.026362190458467206,0.053104861629241384,0.0018828423592019733,0.1478313119159649,0.10573183136933521,0.2513861125717146,-0.049228372834350935,0.04301813628466543,0.06762441329663273
1781.0,-0.0013484897861440908,0.07087767513196379,0.037753967600606154,-0.05794989967886522,0.13307165231601706,-0.009742618025045498,0.0915511825436963,-0.06559203060827454,0.0561158915559504,-0.007726427547750689,0.15183860279768896,0.08924007106809516,0.19287070171968304,-0.01679147635300088,0.07591567087688343,0.02614345879136982
1782.0,-0.018174831330140574,0.04678069473821653,0.04656658841302805,-0.0845527793232262,0.1356867388040478,-0.010255448896367666,0.13101627864671603,-0.10918439110940133,0.04856669592238561,-0.014155443880982277,0.14723260442979283,0.0666449617961359,0.1112392187393128,0.0025624060973019796,0.09813334822316158,-0.027115140389542217
1783.0,-0.02936120119284597,0.00849084143220945,0.05265144475043334,-0.0951608784218088,0.11908316881622019,0.018257330972680702,0.16639003189812,-0.15015871485889276,0.030872237762490245,-0.016706827958040425,0.13714245462440736,0.04156552622388247,0.01948995516612961,0.00335879660069804,0.1015573056188493,-0.08489325022323671
1784.0,-0.027487165445451038,-0.03670529898635165,0.058679239080172495,-0.08460077055094901,0.08765296013898155,0.07406627134272083,0.19141198786285937,-0.1799624484904501,0.014409913676575322,-0.011608835466496242,0.12807571887169994,0.021689916084471444,-0.05893105630510165,-0.010073897152082352,0.08613000810094672,-0.13453409576065292
1785.0,-0.0077019656738575555,-0.07811845669845088,0.06713601078355391,-0.05247892598296625,0.05030404046207128,0.1445128400412277,0.20190153589342416,-0.19226629768473336,0.015574084604649461,0.005859580978025583,0.1286796315524171,0.014098903551424994,-0.09844142189759862,-0.027265503034371304,0.05955046876966981,-0.16172591585574073
1786.0,0.029138678501705668,-0.10571836931453407,0.07686307369907994,-0.003803660362485076,0.016336792466490578,0.21054705554920983,0.19526840954586025,-0.18646411705855487,0.0443952810518823,0.036258362475266336,0.14522630009744317,0.019703776383944736,-0.08553626726343044,-0.03607057775389339,0.033297623553396646,-0.1566521925899739
1787.0,0.07560427040392098,-0.1144832000640239,0.08297082596710331,0.051951133996988634,-0.008110954908847065,0.2537450509774868,0.1708495296852809,-0.1693244902321106,0.09581050742297999,0.07184381312022026,0.17640098915041033,0.031345880616628234,-0.028554184993769462,-0.02688512945853903,0.017029411206204007,-0.11873193737236479
1788.0,0.12006091820511099,-0.10615728343548295,0.08012394212675061,0.10311615833616691,-0.021689240261950533,0.2621287834669868,0.13151623835110632,-0.15367757376808047,0.15007691710668916,0.09813038847920182,0.21124256980634112,0.03697101955172917,0.04451568069097806,0.0030233764757060548,0.01456924681158073,-0.05722924387392022
1789.0,0.1512397400031845,-0.08716805045019071,0.06592721722313674,0.13898081431692583,-0.02709354509244553,0.23276440803149445,0.084773391253979,-0.15351447546124372,0.18167743234877254,0.10135245918834535,0.23218375710613187,0.02536258827547577,0.09888675215895014,0.047108708884359335,0.023560837978914628,0.012167635961074057
1790.0,0.16230811458885344,-0.06390860866805013,0.0421275159554181,0.1529471979035071,-0.028573410109555747,0.17051529013008954,0.041272233323577025,-0.1770772909506854,0.17117830005611503,0.07651973936663671,0.222210118409489,-0.008964723005189001,0.10834969774352095,0.09185269884465662,0.03790456600410554,0.0725123211328156
1791.0,0.15247419392100375,-0.038803091428073255,0.01358775580104826,0.1442507590877811,-0.02929428771541053,0.08419355471176437,0.010685872651826986,-0.2222860145724176,0.11448653659943692,0.030101917835949153,0.17280459311578877,-0.06347288636539668,0.06516593664649947,0.12241218392554676,0.050494976094122505,0.11032739049661563
1792.0,0.1262546475854291,-0.010394968842588576,-0.013736973362882057,0.11749703770792536,-0.03014589443789176,-0.016372431194000166,-0.002428953816991791,-0.2779645529546365,0.025906438755219516,-0.023754762289522474,0.08857611134889183,-0.12838069805465657,-0.01877233013859028,0.1277040608444248,0.05497011468726477,0.11892439013595635
1793.0,0.0915073402402384,0.02272078281059102,-0.034360134484917065,0.08068772640389411,-0.03023822064893401,-0.12013050738443355,0.0002273271446139329,-0.32960715260595685,-0.06634773459550893,-0.06949301143638674,-0.013692140332179003,-0.18998755514297544,-0.11862417462340233,0.10353945431672155,0.046925187647746225,0.09985958861758312
1794.0,0.056950962840395865,0.05779538704921549,-0.04395480821637661,0.0427274285633657,-0.02800632158755031,-0.21329469297930906,0.013052642479157913,-0.3653509310660399,-0.1308675852053739,-0.09496379102412864,-0.11057950056412826,-0.23474466536998592,-0.2077732740152597,0.05417012908963624,0.025069184499243405,0.06197893037185547
1795.0,0.029468328841867283,0.08701587633402279,-0.04007911083338543,0.011067574413485253,-0.022187364454839757,-0.2795979413437448,0.030075543300079617,-0.3792420922676261,-0.1458381301960123,-0.09433016058086774,-0.17922177135127107,-0.2525575361308624,-0.2682248863203099,-0.008451669043774238,-0.00828214076177175,0.017970259225390157
1796.0,0.011826526780714103,0.10009828274863865,-0.0235099200228436,-0.009819767639459267,-0.012892148507312136,-0.3037672454533369,0.04695859870949367,-0.3715277746067407,-0.10830731922530666,-0.06988295946073177,-0.20423986813382114,-0.23931918783286996,-0.2947544280271579,-0.06829345065501524,-0.04809072265216966,-0.020420825436687277
1797.0,0.0020946980065422467,0.08863246533741971,0.000942494128485982,-0.018824809684903836,-0.002638427051199858,-0.2776869970312227,0.06087655671795054,-0.34658013096638846,-0.03577649081816634,-0.03208177976481264,-0.1838800657348524,-0.19878070996496067,-0.29158605711963564,-0.11049850673652795,-0.08839685700297693,-0.046410274601320446
1798.0,-0.004604485388255881,0.0502038067220448,0.02562347866202656,-0.01781562656398521,0.003745628179995164,-0.20610279501038725,0.06950538683103473,-0.30957292579605233,0.040889303775038265,0.0034530141645468665,-0.1328773904147815,-0.14272879661205012,-0.26669525806120215,-0.1259038669499398,-0.12367400812888836,-0.05947227422281655
1799.0,-0.013170164542326628,-0.009492816239443078,0.042675195106037234,-0.010796539307647972,0.0011551541449934862,-0.10769799487349555,0.07027553948050268,-0.26408002509893896,0.09082367449753252,0.021503314659909605,-0.07786559317476566,-0.08818152230063424,-0.22926671102988694,-0.11297842538124521,-0.14877068601616197,-0.06325025321820531
1800.0,-0.026137787258175928,-0.07787837082892307,0.0462217475090534,-0.002563050332096131,-0.01268967749756823,-0.010129836609466711,0.06052275620630606,-0.21218557068580995,0.09696766283455466,0.013022798635508696,-0.04536655011079272,-0.051799303097205554,-0.18990454127194362,-0.07700323101962392,-0.1581846833945308,-0.061553083718415565
1801.0,-0.042575400495357504,-0.13946239403067556,0.033558154288345576,0.0030023880504569315,-0.03538361974055613,0.058840293426400604,0.038747106174728596,-0.1564201624724218,0.06308630757060486,-0.021328928747472272,-0.04877336363727751,-0.0438444242686193,-0.15953797330141584,-0.027720767820572846,-0.14690631825941733,-0.055506423470317694
1802.0,-0.05854676399247682,-0.18001612242866422,0.006182241619410766,0.004257830214635424,-0.06073573171886629,0.08029858154914933,0.005969304274548086,-0.10132243390262012,0.0101634189237887,-0.07097942170503291,-0.08212067081416854,-0.06450505728922204,-0.14516659261997447,0.023233904368624228,-0.11359934060478089,-0.04407428922397972
1803.0,-0.0693782436639011,-0.18932270414533908,-0.029649646793809326,0.0016405084705469256,-0.08148945665278727,0.04958157150979887,-0.03420433408357017,-0.05272385509707687,-0.03539182205806383,-0.11801982649017152,-0.1237700521131598,-0.10393615787149593,-0.14495296780888614,0.06459614218798367,-0.06345425930079067,-0.027039437236396468
1804.0,-0.07262771262745683,-0.1630209073162358,-0.06485587050629063,-0.0042232854406925174,-0.09209745587501679,-0.02312692297328887,-0.0765720074122106,-0.014997660725614722,-0.05529777391775738,-0.14185810845434424,-0.14718412360516037,-0.14591010255984158,-0.14747731868635097,0.08754524144088398,-0.007539294220143595,-0.007512471862902329
1805.0,-0.06948858425396309,-0.10406442194465057,-0.0925292955574052,-0.014289739962771397,-0.09103171041999816,-0.11568546227305862,-0.11532366782670245,0.0109777785910614,-0.04812752480195723,-0.12633848834007402,-0.1335611985351059,-0.17384371083037084,-0.13728541250644571,0.0877151397433532,0.041198452186009656,0.007707343158307733
1806.0,-0.06382626722413785,-0.022940455605468788,-0.1124327413736209,-0.03029388546591566,-0.08214861865732521,-0.19938463662206857,-0.1450003407824463,0.027135986139668288,-0.02906010281728201,-0.06822546881463028,-0.0813929751202468,-0.17664139219542213,-0.1029924711072359,0.06682832958596238,0.0724153349518502,0.009903146248354316
1807.0,-0.06002667109935263,0.06451269756479745,-0.12991070197366522,-0.051592508954123095,-0.07334267328682646,-0.24704637142627442,-0.16160730609578375,0.03647595745125816,-0.021011453502282652,0.01812309323204724,-0.008481115552999553,-0.15167345335556473,-0.04213641052359065,0.03314588689580547,0.08097389577071616,-0.007584800405217469
1808.0,-0.060914823007187854,0.14142155627880224,-0.14928007824286876,-0.07293270043849184,-0.07196801961103073,-0.2425554816303925,-0.1631494414877907,0.04266332069026815,-0.04245697054786817,0.10488167526599093,0.0554198875897468,-0.10421026233021945,0.038629139015723006,-0.0006514666859067086,0.06732187375092605,-0.0439830516274509
1809.0,-0.06650907890311711,0.19437108361511643,-0.16881264692329645,-0.08591858961647979,-0.08013358126815091,-0.18823259947274948,-0.14916279901837348,0.05017189658856888,-0.09890755338380008,0.16221466589050865,0.08193526512855787,-0.044772172408659154,0.12532458417544604,-0.023013899143225113,0.036712062106480536,-0.0879196568793698
1810.0,-0.0738688626847534,0.21616215185020188,-0.182994633954066,-0.0834464959162932,-0.09372188494546659,-0.10571122926872283,-0.12007308777525404,0.06310943573737204,-0.1815067899244686,0.1704112938224361,0.05659453803987222,0.013992009569916548,0.19931826936165037,-0.029888006959856942,-0.0019039467864662293,-0.12043511649444202
1811.0,-0.07774461623198786,0.20652122246346297,-0.18797098412490892,-0.0637465657830409,-0.10538292400316297,-0.027039054455898034,-0.0773644659915161,0.08363393914065022,-0.2710574258583053,0.1269622127623128,-0.01526023244823787,0.06034626703884727,0.24216289962266116,-0.02640983822719056,-0.038081587478379884,-0.12359961220713116
1812.0,-0.07219679568497428,0.17142364332714455,-0.18219333582073236,-0.03129492861768875,-0.10846446550582688,0.02159668774593335,-0.024479200520258263,0.11190224025997869,-0.3441222141333054,0.046385979161333676,-0.11113647818298052,0.08624225095260162,0.24218545453221307,-0.021996490683101673,-0.0639303146543301,-0.08907933861546592
1813.0,-0.05337802139980636,0.12122148689276309,-0.16240882088352668,0.005266259144755888,-0.09932358721517337,0.0330356355499089,0.03270304091622357,0.1469561453874395,-0.37960526282692486,-0.04647436980134158,-0.20051461828782613,0.08930744302537111,0.1998944638833854,-0.02348523329553647,-0.07771861649946818,-0.021098385735382735
1814.0,-0.02201465340214736,0.06757209255107378,-0.12253239023797222,0.03616493826285253,-0.07800298036348256,0.019522634410043347,0.0866896605138659,0.18639129389266357,-0.36508418986503066,-0.12641886346158615,-0.2561184644927519,0.07328906460419904,0.1292265834357569,-0.03195294999182543,-0.08344444761096083,0.06661085805603867
1815.0,0.016408038436269416,0.020169957480279166,-0.05896945817046045,0.05330821816027952,-0.04821311891527955,0.002054362847367682,0.12970424464062824,0.22463537139977108,-0.30107823440583914,-0.17643625576133987,-0.2627047260304063,0.04632455105745743,0.053153536232683714,-0.0440552224864815,-0.0865519242929824,0.15596191315373203
1816.0,0.05366646876038824,-0.01512539727692147,0.022597971265253824,0.05288620366988863,-0.01647337625020147,-0.0014717769311529652,0.15422506256882887,0.25238890464256425,-0.20123689886608248,-0.19145816791391468,-0.22002021996312046,0.017521227788459912,-0.005549346730929777,-0.05490605055939747,-0.09013845911248533,0.22859010132019758
1817.0,0.08127970306487534,-0.036151969045918816,0.105707823869448,0.03702177776768343,0.010122496272686451,0.017168908770447102,0.1534775961776197,0.2596950588559982,-0.08805094728503347,-0.17699644811992823,-0.13983943385932146,-0.006160706279560322,-0.034370292826191064,-0.059885479901267885,-0.09478950209459402,0.2688382380531886
1818.0,0.09265801268437208,-0.04314465418992381,0.16853586267423887,0.013023085750370134,0.026691213790284152,0.05508176247035843,0.12393283241403216,0.24189857529100173,0.01429518409430254,-0.1446207780980348,-0.04023287886483074,-0.020969370306429452,-0.035815435625400786,-0.05516616769723733,-0.10064668006566176,0.2667207045658262
1819.0,0.08529465283103865,-0.03778670062462396,0.19291500639605508,-0.009851206184219453,0.032085870945844586,0.10011884058469017,0.06936210626787172,0.2043452601826323,0.0870331723079031,-0.10697217668788088,0.059706927076874514,-0.02567748698027727,-0.02321356485655407,-0.03830360502216596,-0.10851518157185015,0.22092122826273272
1820.0,0.062324963455930985,-0.023546869649045975,0.1719705697739476,-0.02429521988571098,0.028412123160100375,0.13552611196901923,0.0025738711900593616,0.16167056519587752,0.12133260040409623,-0.07435007979916913,0.14369435704174113,-0.020816528212585693,-0.010629981584234728,-0.009745858895165445,-0.11883172661151264,0.14083453003801305
1821.0,0.0317994862947456,-0.006530640576551234,0.112744880185365,-0.02712422852320088,0.019661751712416548,0.14701249530899121,-0.05836740576332152,0.13130670051543275,0.11945404774940888,-0.05298498613127921,0.2010971265010581,-0.008611903323806498,-0.004410210871519552,0.02584042494363827,-0.12984943935395296,0.04579869460261209
1822.0,0.00355256108250283,0.004969097395304643,0.0335230981427459,-0.018938885600057884,0.010730504914203052,0.1298202650306189,-0.0980338254055215,0.1249390145750905,0.09317015205585644,-0.043899843799292834,0.22893953369474473,0.0072264064428051765,-0.0017550310525514656,0.06034827410438874,-0.13724328102744637,-0.04032477151105745
1823.0,-0.014701616244394833,0.0030209590376858433,-0.042342355073157305,-0.002957674469274249,0.006366168890493074,0.09091261469917676,-0.11035990836994879,0.1429378209467359,0.060060222578668956,-0.042523451133225025,0.23186419173691267,0.0227064455766976,0.004309802539430944,0.08508932320413676,-0.1363607619293114,-0.09827836867725488
1824.0,-0.020279100963968358,-0.016078103766723587,-0.0943609362835567,0.015738387007960434,0.009080385445481223,0.04380465653197074,-0.09978658898923101,0.17459167262501243,0.03787720756954564,-0.040567799408902254,0.21872946959416364,0.03515953312046962,0.018768574234321107,0.09378926073054572,-0.12621334530275427,-0.12124032311132331
1825.0,-0.01589148071147244,-0.048624978121570815,-0.11176379143698806,0.03162513307229678,0.01713960219265832,0.0004545183023133014,-0.07715657405705822,0.20313268011772762,0.0380353038866222,-0.030244079438306093,0.19730594290991293,0.04404836204398422,0.04186724351674504,0.08439022659524803,-0.1121390608663826,-0.11608223122570105
1826.0,-0.006949711185891734,-0.08383124511930423,-0.0952893708410726,0.0412540727071933,0.025291527847089285,-0.03303039586536532,-0.05397594440704696,0.2124018386521159,0.06099414103811057,-0.008241031075716285,0.17109967799182144,0.05056349273815018,0.06989974882021073,0.05959720716992171,-0.1038050044487629,-0.09761708228514543
1827.0,0.002254272049101103,-0.10856547112166816,-0.05323500475657088,0.044882544935128284,0.028648837674461563,-0.05505294538326563,-0.03785950382314907,0.19222224887257824,0.09639403986064006,0.023473996497576106,0.1407206332087036,0.056286755011447455,0.09687878821167083,0.02617208839633011,-0.10848380428026115,-0.0802228449738766
1828.0,0.010549064652367612,-0.1133890406890905,0.0035947859623340138,0.045636687122574314,0.026266263088055027,-0.06512750510263653,-0.03013759215305699,0.1406569353322633,0.12803776664646435,0.060082312793317126,0.10778666521634181,0.06149217205759696,0.11612114633523068,-0.007059840946032722,-0.12445562148635615,-0.07160252587767917
1829.0,0.019028836960710855,-0.09581829433376716,0.06374505310161158,0.04704121905490203,0.021013739636190843,-0.06271953637586686,-0.02619492064859061,0.06323134985796161,0.14102067935790755,0.09660561714039582,0.07682215889150612,0.06422428704049243,0.1228612730637687,-0.0318967136027919,-0.14043977706858882,-0.07099662388849261
1830.0,0.028581866036580757,-0.05985197479334564,0.11504839942478819,0.0507346591066891,0.016697953923427038,-0.04858529151212843,-0.018754417160467635,-0.028969405499219066,0.1279010134428855,0.12876359793643388,0.05306641328770602,0.06133532862958964,0.11749447921191121,-0.04321327482103963,-0.14167400875551026,-0.07198558059755952
1831.0,0.037940447365067305,-0.013295625265815802,0.14641383860907803,0.05537569540632892,0.015738283186404776,-0.025303913411149265,-0.002648033492145051,-0.12097715836914258,0.09150629925558096,0.15303163950934645,0.038831897075459636,0.05118341982246374,0.10682220298788273,-0.04053583838609368,-0.1174015267438959,-0.0681716590420372
1832.0,0.04388946650051847,0.03526063757377537,0.15170570682561185,0.05685350447279774,0.018652717882690562,0.004245920769544152,0.0216960068971443,-0.19623583921587287,0.043276732597744484,0.16738962051168382,0.03225979493033531,0.03585006505318824,0.10150074487838873,-0.02826827505784826,-0.06482653005455034,-0.05833505501222455
1833.0,0.04330775212394612,0.07834664586182088,0.1325866491100531,0.049836870108167654,0.02453106647452723,0.03804308689674669,0.04809494329796802,-0.24051775599959804,-0.0015560403755649377,0.1721889620835581,0.02922106577835878,0.02077638331845028,0.11019583690002145,-0.014113240827444428,0.010762403832031708,-0.04768092016583166
1834.0,0.03498368808354607,0.11022310024411895,0.09810341148878791,0.030468880155198986,0.031785229376941636,0.07376644596926425,0.0679542716609611,-0.2458968204296688,-0.029281079660457596,0.16973702631352713,0.026138076860627857,0.012077469366447623,0.13323168346842565,-0.005948849750173963,0.09748178762221246,-0.044382559146997104
1835.0,0.02008123158501473,0.12743630854109744,0.060993424088167325,-0.0010680967670204373,0.03886944432107664,0.10650332549820797,0.07509707259776499,-0.21206032269402042,-0.03178272833766706,0.16261451923760595,0.02169980292876902,0.013778053116328433,0.16015338568789242,-0.008565148609213707,0.17916310078350697,-0.054100380218363074
1836.0,0.0021084256706953132,0.12977993856592712,0.03182718061655544,-0.03987913472358653,0.04469236736465722,0.1284234846954688,0.06855380316774652,-0.14512897324058427,-0.008730425669124043,0.15205684976886027,0.01695748528763206,0.02642220601296881,0.17368448439309175,-0.021688685227057494,0.23948899987778793,-0.07637449645444701
1837.0,-0.013277650317868995,0.12022797664920147,0.013518157950379778,-0.07811369478886639,0.04867461782128829,0.1317068903026798,0.05141381964056108,-0.05683413336795488,0.03264419606784793,0.13726353765923124,0.013722385137314733,0.04683879685681736,0.15794006613594397,-0.04002241336133557,0.26769683433569547,-0.10471238375019445
1838.0,-0.02004886092181714,0.10282607909246788,0.00017376740851911675,-0.10794684984615845,0.05054100406548265,0.11198984515536406,0.027623937536683768,0.03525214775118868,0.08013563223662265,0.11599183771985319,0.012003609329191688,0.0688505995807112,0.1064749008804692,-0.05553721754833472,0.2626141843786403,-0.12923133629424297
1839.0,-0.015509537497358838,0.08003317606226766,-0.017775278649436226,-0.12396350984100386,0.04984983210411094,0.06934913140773974,-0.00021337106423219637,0.10925084396440082,0.1204002921073712,0.08681285165003579,0.008793582571990165,0.08514432273854372,0.026634959497021354,-0.061144421288906015,0.2319303407074027,-0.13964124709954967
1840.0,-0.0030211992952238627,0.05197321097145591,-0.04575008803582752,-0.12402513522810273,0.0454545696700423,0.007663812172220048,-0.031163729515214508,0.1444171082697268,0.1426950874512858,0.05172669649237653,-0.00047992269428626875,0.08992478385737938,-0.061855402860584115,-0.053926916574282086,0.18740051456445722,-0.12770524366121072
1841.0,0.009586614640012809,0.01814625703181968,-0.08061234882734773,-0.10897776958730158,0.03556996614270345,-0.06580191422268528,-0.06507559776597086,0.1288745865099508,0.14158400412241706,0.01624510366144335,-0.019793081879449264,0.0812444379910907,-0.1343091958143774,-0.036455591915033815,0.1393156857631758,-0.08988349601573188
1842.0,0.015276923519517637,-0.020144201431588103,-0.11232874753180795,-0.08186100895346261,0.01907873108958762,-0.14099612248028212,-0.1008221230519073,0.0654604426439538,0.11791275969646264,-0.013564255643684743,-0.05182291659057888,0.06174224302750717,-0.17170316368224509,-0.015435384728170012,0.09338415532352705,-0.030199187013577936
1843.0,0.012489495520816579,-0.058682320831428936,-0.12992055590783239,-0.046931745416091006,-0.002461086742285484,-0.206214818316511,-0.13433474170945,-0.028117171280526067,0.07780155687203225,-0.03396281546792118,-0.09759175823913206,0.037232174461438325,-0.16936053957360567,0.0018334568139683493,0.05157795064481358,0.038486618368272656
1844.0,0.005933411044121147,-0.09129039449394256,-0.1277914957815849,-0.00884451223401292,-0.02407531510317524,-0.24875273033969272,-0.15836340457651482,-0.1257563839613151,0.0303489765165942,-0.0439205517819221,-0.15462973890680382,0.013840490228495282,-0.13924650167875827,0.010994419853774537,0.015285290785612077,0.0969511563562841
1845.0,0.003380143475152905,-0.11206816542565685,-0.10818905047887972,0.02760234769087747,-0.03938980262535065,-0.2555688995066428,-0.1651743796460625,-0.20309707348316308,-0.014606343373409296,-0.04407048946670533,-0.2146052767039541,-0.004949439879887852,-0.1043758944627433,0.011986245133553992,-0.013262017319923365,0.126274044636121
1846.0,0.01037727943618468,-0.11753257539215367,-0.07826884934901052,0.05744114167301558,-0.044125714308565066,-0.216797224086812,-0.15065539793302715,-0.2458091235016874,-0.04788081179024966,-0.03619104011374861,-0.26300898687963076,-0.019841527546260587,-0.08756806493609394,0.007952829055161826,-0.03260943508623484,0.11639730849364455
1847.0,0.025829447091249794,-0.10803962513269005,-0.04523199342875182,0.0761862929067651,-0.03800353509926698,-0.1327777950553768,-0.11713337925448741,-0.25187537917827374,-0.06229008722516696,-0.02332681709341736,-0.28270813604017075,-0.03470394570111851,-0.10068478409628977,0.0030586338909059344,-0.04343447563563921,0.07231337449367609
1848.0,0.041579904103473654,-0.08845887099282121,-0.014235941223297178,0.08122849322391916,-0.023948987506499778,-0.019566905879065725,-0.07329387903880769,-0.22830481463333693,-0.05506617397537263,-0.009799324880955957,-0.2611422648367002,-0.053601082702128565,-0.14075555460700934,0.00053845534020705,-0.04719898277368746,0.01387672013922636
1849.0,0.04707064717409572,-0.06750308972434194,0.010398536042823562,0.07257174895816335,-0.006500998388764876,0.0936458132527927,-0.030867514152586147,-0.18605804695445272,-0.030187938576595526,-0.0006803112550966507,-0.19777685138632203,-0.07813657105199248,-0.19360419943832916,0.001351360076339361,-0.04467436104965891,-0.03219576221605877
1850.0,0.036240538095567675,-0.055154894441816316,0.02375858999477288,0.052120504667932145,0.00897258781656098,0.17571816881954644,0.0005688590827237361,-0.13592356825138968,0.0020443930186650823,-0.0004797481286056534,-0.10640440560024503,-0.10634799484745346,-0.24027836582934364,0.0034494235952799695,-0.03709877462117436,-0.04503712882329508
1851.0,0.0114905460771426,-0.05879551999106623,0.02115346595152008,0.02267895675113578,0.016987558970020508,0.20670564411382025,0.017584194317332963,-0.08555668376582971,0.02881321366445122,-0.011536574266285174,-0.00984208332259806,-0.13257408720682048,-0.2629776894804782,0.002302870377421397,-0.027738935757129234,-0.019843553331879447
1852.0,-0.01820145258890441,-0.07952347953464163,0.000990126356599726,-0.012186770095110667,0.013623287683064006,0.18531526066469184,0.02341711125610056,-0.037969101282905524,0.04001391400955294,-0.033378550221014894,0.0693775980231105,-0.14829100829480277,-0.25047010901535255,-0.0068295466416692634,-0.020636968464082046,0.030756447075821987
1853.0,-0.04303229984055183,-0.11054795109255397,-0.03233888469088881,-0.04804595233428661,-0.0014696144812855723,0.12771998827456632,0.025253382954671066,0.007367535868404095,0.032518884822244354,-0.06310849808938028,0.11679025351117092,-0.14487637037687198,-0.20204715446837163,-0.025960788248816438,-0.01769684263436098,0.08464224219776223
1854.0,-0.05727060440226558,-0.13932626388497452,-0.06782715675531159,-0.08010783280354591,-0.024252707699411524,0.059830680141803816,0.02970793861764043,0.05160102371607789,0.011896516488233993,-0.09506729122117831,0.1297929656338987,-0.11749388716978905,-0.12698477280722673,-0.052480885698644446,-0.017252132443147432,0.12214704597571799
1855.0,-0.060230459192294514,-0.15312290529235725,-0.09065485855942161,-0.10375253124977864,-0.047428508646990164,0.00680583975950943,0.03885136261229627,0.09492972723921932,-0.009035381836844743,-0.11979151247044255,0.11716940218092636,-0.06751723497561521,-0.03874717342728718,-0.07889840058481225,-0.014776653061313528,0.13487132645735114
1856.0,-0.05435341727579927,-0.1446802016893234,-0.0877013874984456,-0.11459496784352331,-0.06294337157027542,-0.016433355297133086,0.04977258786446634,0.13757641955545685,-0.014984932982470014,-0.125849091954568,0.09426428423352262,-0.002184352132637366,0.05165992983403969,-0.09431077433662699,-0.004428034235688336,0.12705419263644957
1857.0,-0.04358644621864326,-0.11444428111572223,-0.053217519269673066,-0.10912811983731519,-0.06455683874154013,-0.009797395220531076,0.058165379069523605,0.1803988553559769,0.004586170418351503,-0.10612526543837145,0.07522785089065666,0.06773178586042292,0.13767909626562624,-0.08811503233747235,0.019149151555241387,0.1103656037187445
1858.0,-0.03320460233522868,-0.06937319262672796,0.00838001089474254,-0.08659516715620337,-0.049533207531214415,0.014181477107295828,0.062435782752917175,0.2226952096136943,0.0491813599469538,-0.0637309446948135,0.06613631225128465,0.13088007488803188,0.21442864849714305,-0.05520187433353229,0.05861752120359162,0.09626099872384065
1859.0,-0.029204245116318743,-0.020655542889933147,0.08390108785645138,-0.050708939327545485,-0.01935133093973911,0.03719960123240305,0.0645141591734431,0.2594703675011741,0.10590668235474465,-0.01171295511916592,0.06307774779009402,0.17791228315928864,0.27582836790866155,0.00022488702325531838,0.11216786358573727,0.09029041329010017
1860.0,-0.03573469657521827,0.019329451772325926,0.15554852509947467,-0.009452450199286037,0.020554674204488848,0.042779224363574106,0.06703503219983284,0.2819423541438081,0.15367273228004663,0.033123507021879724,0.05649777649120619,0.2029473347058364,0.31455348252220455,0.06461604159234782,0.17315123005539815,0.09120557679759196
1861.0,-0.051899611517698556,0.04162673067107492,0.2056376474506234,0.027452363942620815,0.06231328857037309,0.022310364770386747,0.06992802470131235,0.28141028329802364,0.1707863656431939,0.057082779449033935,0.039077793846052054,0.20343836993700212,0.3239644681905774,0.11895390347790448,0.23062870248264408,0.09424790129043653
1862.0,-0.07057363822733946,0.04477897346457764,0.22103728029247838,0.05222404395358969,0.09804992335738799,-0.021698755783214382,0.0697947955201558,0.25371836422918786,0.14374680682228472,0.05325842598343762,0.011782811624704941,0.1791274493804468,0.3004930634932351,0.14512841317153452,0.2707266781747708,0.09500526101506541
1863.0,-0.08061177502730275,0.03472544228646783,0.19707360070474564,0.06155006727871954,0.12191551823543645,-0.07674874713158618,0.06242494654376909,0.20211106107084173,0.07433416907339258,0.022120411478067703,-0.01676767516565244,0.13202828464658017,0.24552773843112857,0.13266461870426982,0.2803125896619148,0.09122920452157632
1864.0,-0.07176535380147547,0.020428695473606998,0.1397776669180411,0.05659093344552789,0.13084379287966477,-0.12594601585130308,0.045974883426358325,0.13736663988259026,-0.01945295882101579,-0.029267793901923123,-0.037394634965834714,0.0681330742204288,0.16589407920244378,0.08330572763272606,0.25265792345133187,0.08265384205517903
1865.0,-0.039998287945421096,0.008905920951252689,0.0650552765253393,0.04158021952275866,0.12450288972165033,-0.15482638484255484,0.022639315123125715,0.07469196275459111,-0.11080700779092376,-0.08881331209954992,-0.047496073095943614,-0.0013845932001338354,0.07278522202151724,0.011317025856800807,0.1912407146895874,0.06984230533090734
1866.0,0.00957639946013782,0.002916267676594498,-0.005918086318709994,0.022577070752009865,0.10503742802433139,-0.15528408358829082,-0.0018185352662438065,0.028317005212207903,-0.17625842487313104,-0.1422111293368497,-0.0521316107991719,-0.0620400007972485,-0.020349376721972297,-0.06140551068608966,0.10865147445695456,0.053432707849234165
1867.0,0.06378013508319301,0.0017373930683282227,-0.05407745661152082,0.005949540606151647,0.0763577344412118,-0.1255531523886633,-0.020299864641363522,0.006378126348225789,-0.20510558672237003,-0.17661396175788946,-0.05912008787466408,-0.10063928178776728,-0.10061959141160494,-0.11373782534983976,0.02173869360996119,0.034730229770211715
1868.0,0.10606491217685417,0.0034183445628965326,-0.06910075704140466,-0.004088572017525045,0.042812483372869164,-0.06896823278557264,-0.02721519295779438,0.008395969575573833,-0.2004902831289033,-0.18354161658300347,-0.0723389910850597,-0.10996740072728955,-0.15845292554700313,-0.1327791776334053,-0.05384070874228497,0.01647465327566973
1869.0,0.1228663805291973,0.006462164107331523,-0.05132388715155193,-0.0071712056844180005,0.00799740591433597,0.00557328913759793,-0.020765754694580817,0.02584354063210137,-0.17298242926605,-0.16018552090635235,-0.08771301813142113,-0.09120270298169336,-0.18911716242096144,-0.11653221616570057,-0.10741295252096528,0.001902930315376415
1870.0,0.10896513954974972,0.009930948703942954,-0.00882676252077978,-0.0054379700162087005,-0.025388754518786638,0.08269137430291405,-0.0038090829418174917,0.04541729315619871,-0.13309438260482276,-0.1095767579254419,-0.09457389941492648,-0.05304644864836847,-0.19246277127902522,-0.07179934489345269,-0.134561918326819,-0.007341771350402259
1871.0,0.06934056221692177,0.012981418488480164,0.04642988703420148,-0.00013215389962747108,-0.05462619222212857,0.14330393392620622,0.017406470078625988,0.05442899424497639,-0.08798774960880854,-0.03990764029880499,-0.08153427319487781,-0.00778507843254834,-0.17117266011102944,-0.009828718779607214,-0.1361762730415499,-0.01224212040395536
1872.0,0.016759155012927664,0.01572855591286978,0.10065463438589367,0.010299218956452479,-0.07595109585742142,0.17217693000165224,0.03623338043897308,0.04623819268498548,-0.04210801171509698,0.03702979489162357,-0.043353885541548294,0.03401020910931283,-0.12878826737175342,0.05760592472629113,-0.11661568338639296,-0.015764900394774493
1873.0,-0.033255540443488316,0.0210924576098903,0.13971623742818343,0.028725621586369925,-0.0846445796781026,0.1660789831080078,0.0485468484601731,0.02241295980737115,0.0010249389072141167,0.10799878955452934,0.014741952774519035,0.0671536973143056,-0.06912309093026647,0.1201663872839075,-0.08257196514304059,-0.021725606869392927
1874.0,-0.06774824820581853,0.0346960509189035,0.15238313650083365,0.05607636179273373,-0.07679220128304876,0.1368230196627016,0.0540343101847651,-0.009688815487592888,0.037461751445147524,0.160844980896818,0.07755730938144922,0.09172142987978864,0.002756877868578704,0.16969612273851062,-0.04260228180705836,-0.03360346957979786
1875.0,-0.08021451111538297,0.06138815356724829,0.13479968453298424,0.08925483278035976,-0.05189860581281432,0.1063582629649032,0.05541905912464352,-0.04162725829356851,0.06279742121933145,0.1870964071320914,0.12535534769815188,0.10992283020004805,0.0790533705270819,0.20140584446941517,-0.0055519791120552196,-0.052709200561076225
1876.0,-0.07164544746846065,0.10079544510497207,0.09296792211083989,0.121809219732574,-0.01444710818793815,0.09608925565705867,0.056039292952947996,-0.06751330327438436,0.073802944222805,0.18351641363290178,0.14205677563997782,0.12279780801790842,0.14840094255704045,0.21506044945622285,0.022466097364000487,-0.07647730191424416
1877.0,-0.04831916598597447,0.14565615252382855,0.040493140556843166,0.14660451932252638,0.02692481786271639,0.11599419460210779,0.057187065656382305,-0.08524525818026768,0.07025878376671994,0.15163795668650523,0.12304716401761799,0.12883370166590824,0.1969733720842316,0.21416207685228322,0.039849057033132726,-0.0990856519450073
1878.0,-0.018023833500511826,0.1845561820946721,-0.007657164281064377,0.15834741344498035,0.06215883653547494,0.15882310019886894,0.05732191229215305,-0.0962645400601122,0.05510388376804566,0.09626348683153502,0.07897454186758389,0.12465763509684846,0.21235489724117665,0.20285714997677848,0.04802330129169778,-0.11504052287228102
1879.0,0.012567713788363077,0.20716377012295295,-0.04123723063605526,0.15447753801905553,0.08301019276945626,0.2026041226300347,0.053995907283541096,-0.10479465655509616,0.03302495663445525,0.02506836318231976,0.03239184347295275,0.10703594200507172,0.18902286103285929,0.1828221981340261,0.0486431649178689,-0.12337582924730595
1880.0,0.038290242268295555,0.20814224391086283,-0.05704410524096384,0.13480629626569307,0.0855486800307769,0.22139481309782363,0.046562232618986336,-0.11622770900487066,0.009210415399747913,-0.05056815576028865,0.007516088674126465,0.07544995147943083,0.13209930927434202,0.15258852719494864,0.042527100029219486,-0.1289357649835056
1881.0,0.05492356360445686,0.1876060215655083,-0.05762815619476539,0.10117800000135242,0.07084067616752783,0.1990016167435983,0.036991557676132034,-0.13454038133102428,-0.011017982214798753,-0.11604746929405989,0.017840940500950104,0.034037398159966877,0.05629506043173108,0.10986762297620561,0.030133765956760577,-0.13938327473771106
1882.0,0.059288296122723835,0.1496519751965871,-0.04876908965421927,0.05757740121349343,0.04357547015717799,0.1373324460815383,0.028446807760438255,-0.16033182929154227,-0.02297396844564542,-0.1570258985410532,0.05832621072668696,-0.008834044206537618,-0.01932577688166289,0.055198924412358186,0.011511007222407305,-0.16000676146018356
1883.0,0.05022161402573242,0.10162681385035319,-0.0372044008963753,0.009915148925737182,0.01000430201003112,0.05437290527539469,0.023184196620598767,-0.19090036408473904,-0.024596375074940124,-0.16416409667784523,0.10735798358331984,-0.043703119095661005,-0.07733570009130515,-0.005868688528489129,-0.014362978859521218,-0.18932585204227848
1884.0,0.029516279598247718,0.05375064119645836,-0.028693129801223058,-0.03521846208818693,-0.023431399035679177,-0.025849345511480142,0.021021311484720022,-0.22168899026382308,-0.018052989492207072,-0.13613421441264179,0.13822725366764305,-0.06388487731773473,-0.10675896904779815,-0.06371203214847306,-0.04928972444233654,-0.21779563752279388
1885.0,0.0018833452076905967,0.016465763803598297,-0.026433641118448634,-0.07243394177149574,-0.05086532549113793,-0.08386027320538306,0.019057191794372215,-0.24782676051419877,-0.008957832985020071,-0.07964708042964198,0.1330935106816791,-0.06788744935570298,-0.1065887084892284,-0.10797708757837143,-0.09374143506485524,-0.2314096639540636
1886.0,-0.026335078954285815,-0.0045031208036845054,-0.030334966771596847,-0.09908672944255978,-0.06771809670344098,-0.11013657365740898,0.013007369171039439,-0.2652614351792205,-0.003433516098032884,-0.007190951721079318,0.09073110598407108,-0.059828252624870494,-0.0867261211558264,-0.13171851790477818,-0.14362052264255878,-0.2191362159155287
1887.0,-0.04922653784029647,-0.011657920901459186,-0.03746792591695847,-0.11581941528878248,-0.07150210557203591,-0.105429152350639,-0.0004964099430502839,-0.2711640888358185,-0.005022704423862181,0.06645208404390864,0.02468272792186292,-0.048062833521394926,-0.06398814575198421,-0.1349044538929863,-0.1884212048702934,-0.1790150847123838
1888.0,-0.06301171770722143,-0.014296184485101648,-0.04347625065910387,-0.12580164591191806,-0.06270859287895841,-0.07898603244828946,-0.021729724080191862,-0.26380656132322294,-0.01322473816318806,0.12809602589728614,-0.04479050802241859,-0.04213391150675022,-0.053189690543209954,-0.12526171204886424,-0.2140493583307169,-0.11876404975578335
1889.0,-0.06636715227786667,-0.022581065991741343,-0.04452475344283303,-0.13284672565976563,-0.045457556668250416,-0.045895865990371223,-0.046703158270305294,-0.2430761749738132,-0.024074420295095357,0.16938201958699922,-0.09923096590847932,-0.04891250844965958,-0.05822693660880811,-0.11487726773924163,-0.21075435984972593,-0.052101451427097725
1890.0,-0.05956043897951367,-0.04152828202236273,-0.039359104513992244,-0.13928114307651324,-0.027069997712140522,-0.023159222296494822,-0.06834099212092001,-0.21193398715746545,-0.03198092611523642,0.18796070439440044,-0.1276201906015762,-0.06971838282460777,-0.07052926670847155,-0.11388149411245171,-0.18128990188725924,0.005859941797924271
1891.0,-0.04354956418258544,-0.06927363904063007,-0.030589958068404362,-0.14461093163365055,-0.015937847683972394,-0.02473952832815924,-0.08046387592150464,-0.1771073361375913,-0.031937197492950285,0.18606171229949223,-0.12849099769463126,-0.09987871643104662,-0.07728360118821678,-0.12476238429262153,-0.14207225892189032,0.04284542062877786
1892.0,-0.019967138593539786,-0.09980001466083414,-0.023919832050765217,-0.14547479230870677,-0.018332851258625712,-0.05668806198646637,-0.08188807457797076,-0.14739306684383321,-0.021705645976441132,0.1676812720668457,-0.108378378900832,-0.13093254957556624,-0.07278316256465331,-0.14037579947922116,-0.11507921743291268,0.05323135659001582
1893.0,0.008147068445529537,-0.12688831692085975,-0.025251343287230096,-0.13687049662237905,-0.035836264425592505,-0.11364220915971729,-0.07711064512536214,-0.13015155909273135,-0.0033162659225862137,0.1365128415289054,-0.07705577761407821,-0.15412646998831125,-0.0632044592802994,-0.14700590085872633,-0.11646455736673134,0.040623390687845096
1894.0,0.03608291535837733,-0.14641135731508562,-0.03753676461303188,-0.11442340492932832,-0.06458906808350606,-0.17875316617819414,-0.07336948990954735,-0.12807636626340974,0.017093136237555404,0.09577939292972026,-0.04224442302287783,-0.16315833807692298,-0.06133374256746295,-0.13154557147347232,-0.149774150988529,0.017612208648736135
1895.0,0.05867386979645015,-0.15638303781471408,-0.0594434004110618,-0.07710117486561546,-0.09638120139074927,-0.22908004433724205,-0.07669445018192056,-0.13797183655186862,0.03125647793615464,0.0494054908237138,-0.007371436892928976,-0.15553672862883852,-0.07630764308989325,-0.08936079051844906,-0.20553375103105623,0.001687659039831749
1896.0,0.07238653263098493,-0.15626900408235347,-0.08649102534014787,-0.029198340422630403,-0.12124701731294986,-0.2448302122874995,-0.08920626391900527,-0.15189762202410548,0.03192956896795929,0.0029765706935363334,0.026716178891848717,-0.133433671430933,-0.10728697332615653,-0.028501187411081833,-0.2643192367616407,0.008333358718075407
1897.0,0.07648749449960664,-0.14731687942430102,-0.11345928833130302,0.01995321380612443,-0.1311010816643812,-0.2167461256652855,-0.10855560979758186,-0.15978097680381367,0.01610300759186546,-0.036662213202893486,0.05861464143381379,-0.10395378708581234,-0.14608914609693352,0.032257106313923326,-0.3022204506293097,0.04411683176679306
1898.0,0.07226604226879221,-0.13321813225781123,-0.1358494819757035,0.059119141700967534,-0.12285923965275306,-0.14784490146130294,-0.12933504271037125,-0.15222004189306282,-0.013431227613460245,-0.06307827083292752,0.0850269714762535,-0.07740110014141584,-0.18467845500230787,0.07066049251627037,-0.2991432757871459,0.10284876597922508
1899.0,0.0613049427396137,-0.1186134841192081,-0.14953655977701483,0.07939418901612155,-0.09908543404449296,-0.05120364321584273,-0.14532596411822582,-0.12272378871390592,-0.049346795082450476,-0.07234580735936562,0.10214246471291445,-0.06326452053996466,-0.21899659989054,0.07019053928853183,-0.24751918034262307,0.16708148855937305
1900.0,0.044527825358458645,-0.10551463980395474,-0.14990573424969886,0.07705660934933416,-0.0661274072284886,0.05325395894559098,-0.15133211250782183,-0.06948941036149706,-0.08305981200814758,-0.06475977336165079,0.10767675392066164,-0.06592382558671069,-0.24654324689534055,0.027546399000700796,-0.15662544718791935,0.21503023408695374
1901.0,0.022465567106821942,-0.09129224198493249,-0.13200231832325401,0.05454429344219121,-0.031554173332521085,0.14277894882919512,-0.14437382343134153,0.003026177384681336,-0.10776565880214001,-0.04543112501128356,0.1010607309179084,-0.08293595264503549,-0.26290652237219614,-0.04470148899078048,-0.049559970639652465,0.2296499336916442
1902.0,-0.0041223472691022615,-0.0706172317798445,-0.09247032615793058,0.020105983560728437,-0.0021780439969454678,0.19735246846577964,-0.1245346955051149,0.08353316373269006,-0.11962277837860473,-0.022974254890464205,0.08206389196497209,-0.10724994526059799,-0.26207435891631337,-0.12239569107406979,0.04592120757617809,0.20512457900820838
1903.0,-0.03393258991162618,-0.03949654769677765,-0.033226983306128374,-0.014463085845134113,0.017256143061734307,0.20569830787216073,-0.09493886651695436,0.15596189735843835,-0.11730973008417225,-0.00633195708488245,0.050350236506526175,-0.13157230529934158,-0.2396251372177787,-0.18017531886793078,0.10831026907014638,0.14829125512945376
1904.0,-0.06481482225551703,0.0016465012623248542,0.03532641584736489,-0.03830604377938569,0.024782649937363108,0.1689526428041513,-0.06017850047340407,0.2048264197462234,-0.10129103640963817,-0.0014581336906895294,0.0069680433283898745,-0.15123398815687308,-0.19547157776019958,-0.20252232124950248,0.1302820123566281,0.07571839996111222
1905.0,-0.09325963321270304,0.04720531758775741,0.09533278350206706,-0.04610663606891153,0.02129743945270802,0.09930539601501273,-0.02416151428061912,0.222191101930856,-0.07376843703772391,-0.009937963729693473,-0.04363983530253459,-0.1636258499677706,-0.13470490196726745,-0.18866266052010408,0.12066355547182409,0.008310027586934865
1906.0,-0.11447365439184824,0.08832953654281332,0.12812845257562622,-0.03988233060314085,0.010165295674276613,0.014174489454029375,0.010596723915086084,0.21245869258440958,-0.039165384087485704,-0.02964756707133321,-0.092722858505995,-0.16575601086052466,-0.06643065704819055,-0.14911120746976894,0.09942010769171913,-0.03486700318049508
1907.0,-0.12369454180456443,0.11699164865302321,0.12331040329888399,-0.02689573638686099,-0.0035995187150078944,-0.06978357749979064,0.04174836215407238,0.19150648080261198,-0.004086079307363177,-0.055900790273575834,-0.12847620386399308,-0.15294504843713005,-0.0005741186845357297,-0.0976137129296052,0.08728692773160396,-0.0422710688655667
1908.0,-0.11795243866715824,0.12949586528550525,0.08497355390005251,-0.014944353875953416,-0.014727097013077756,-0.1396504538039959,0.06567641071949896,0.179781192953941,0.024086579363836357,-0.08246069968903191,-0.14000150452913548,-0.12025142357735051,0.0561282159104259,-0.04426319093294042,0.09527578847984129,-0.014201685719374512
1909.0,-0.09698204491399105,0.12682053261242562,0.03151906723845614,-0.007769546492948408,-0.019367380473899798,-0.18731672671380367,0.0776860186864016,0.19293376086485475,0.039483135499641976,-0.10306717222944439,-0.12265405348708618,-0.0660132870327608,0.10260439528530464,0.006424793654377904,0.12054538868092933,0.03591125919304735
1910.0,-0.06296940224814902,0.11248093583623123,-0.011444156747400692,-0.003399295154108303,-0.01614804037195512,-0.21058772044830418,0.07384823504218793,0.2353516869870039,0.03948080807812102,-0.11345473898810024,-0.08157343469304416,0.00459439757330711,0.1429044459760811,0.05259426604127642,0.15110621648434291,0.08574348844371785
1911.0,-0.019698495587392013,0.09056324336080142,-0.022349539497638606,0.003574851710268697,-0.00607277185622166,-0.21341711905123906,0.053055367939103655,0.2994638942756507,0.02512694337037858,-0.11283905037251085,-0.030916901575879088,0.07859711578954641,0.18246288982129458,0.0909794420787574,0.17514442611579487,0.11388772960905148
1912.0,0.0281046579937252,0.0650011787481559,0.006340787821822178,0.017497342442121994,0.008280661347083117,-0.2033793964207391,0.01824216608144299,0.3693765524461866,0.0008452529580909626,-0.10398957014146315,0.010942548845580533,0.13843297148527414,0.22256444196441375,0.11563773910814078,0.1874936697185325,0.11026383432531597
1913.0,0.0745606091236741,0.039113046654362854,0.06463264784384841,0.03812097248493485,0.023533100596297818,-0.18713398471850715,-0.02322808066227902,0.425917224111284,-0.02655833387056416,-0.0916439321109688,0.02808589403331829,0.16841301141044043,0.25675266571392846,0.1202639214398226,0.18917931141578864,0.08036601414883386
1914.0,0.11197014624018653,0.014636009795790317,0.1293185506209865,0.06025776362532688,0.03597965444583729,-0.16726389275136122,-0.060387740282016815,0.45183107210976736,-0.05064969501203518,-0.08007673835496726,0.013060542130243193,0.16134565677232365,0.27265000222487057,0.1020790007044244,0.18263808759423072,0.0406738035619623
1915.0,0.1315733387247478,-0.00891306313083238,0.1733275450280125,0.0763560686094777,0.041847444433878896,-0.14312312502546976,-0.08160683417537887,0.4368646217444445,-0.06880456614853615,-0.07155844230019776,-0.030371916768896407,0.12212711694000228,0.2587341480322485,0.06495883906814914,0.1681970534650282,0.008757856572496617
1916.0,0.12703614175140385,-0.03334945517401173,0.17618417267587808,0.08009795616539801,0.037944750537573485,-0.11431744912206535,-0.07892165211982037,0.38137587154000224,-0.0826782272920076,-0.06647048872958239,-0.08936053682052705,0.06672184909314921,0.21209186343445297,0.020236508124214635,0.14461942704564046,-0.004952313373275395
1917.0,0.0988803318182778,-0.059596371426030394,0.13222042072995985,0.06907336498305176,0.023541716121347905,-0.08271061276821835,-0.0511415495176344,0.296607843206843,-0.09456336797303855,-0.06390035382655514,-0.14759808193993051,0.016830264281147127,0.1421905170328781,-0.01572072533410541,0.1125969853790817,0.0008604994679695582
1918.0,0.05572503348354655,-0.08562332254507488,0.053110501801808666,0.045384868921055616,0.00259384524252316,-0.051334096059393826,-0.003819966927010079,0.20112643926328894,-0.10350048838568925,-0.061763354523014416,-0.1908930257604621,-0.007953766774197764,0.06786090679788964,-0.02721880869248028,0.0780035307235335,0.020996481192166343
1919.0,0.01013074580831259,-0.10602050422338159,-0.03741642486785441,0.01420996810782632,-0.0164647725147745,-0.0225184887837851,0.05350177147965189,0.11466035200078785,-0.10525382447743112,-0.05718946676596771,-0.20991562915619724,0.0025964105791176735,0.009428813817834508,-0.006542768631271131,0.05141183029439274,0.04657027974299487
1920.0,-0.02814174708997858,-0.11374452396536912,-0.11411118377026094,-0.01839874266448846,-0.02447993393988488,0.0025156211798603887,0.11047622620104906,0.051821564189935,-0.09556722318215288,-0.0475856736483572,-0.1999971371861068,0.04584488933652134,-0.019572248363812786,0.04099103451127259,0.043094378357124395,0.06732472130799018
1921.0,-0.05605675739098489,-0.10335617294633799,-0.15984387240253498,-0.04692047807461652,-0.016434737799626224,0.02315963384880347,0.15743512305201554,0.01833341569944542,-0.0730849519960385,-0.03133183224549812,-0.16030339135872204,0.10791180367784603,-0.017749914364640254,0.09820587562250199,0.057276202466697186,0.07495799771084741
1922.0,-0.07577192842621598,-0.073879710586217,-0.17017337635295518,-0.06667958961516096,0.005946370639534882,0.03967624278418773,0.18576992711449825,0.01104682020733939,-0.03970996772057735,-0.007648344308130402,-0.09457620175339876,0.16942839605134002,0.004547457400242662,0.1436641012945742,0.09012615011292387,0.066183810917891
1923.0,-0.08992529192968791,-0.029385833787678742,-0.1526562218397122,-0.07405806357431555,0.035147916500563155,0.05392222953135607,0.1895199902724004,0.021263851371686845,0.001206594775584773,0.023605934846077134,-0.012462495004110404,0.21285323113861887,0.032547717984924854,0.16090704016563928,0.13200291452012605,0.04299760149092726
1924.0,-0.09820275073533252,0.02261970740138431,-0.1223212628972917,-0.06734818603470863,0.06138138136103014,0.06850964602326433,0.16820105272206148,0.03952397814553336,0.04706771509309368,0.06179659933586089,0.07163423749484427,0.22819436820795486,0.056845556943201314,0.14378286271393007,0.17147629923237495,0.01090723501596897
1925.0,-0.0976595285027716,0.0731331743167675,-0.09496566702529224,-0.04792891609781054,0.07658149335164652,0.08414445257302623,0.1281737790788472,0.05917950226442291,0.09681483207235135,0.1050625949573321,0.1429433958335026,0.2151128806559939,0.07797294716257253,0.09661911269374696,0.19870301265272974,-0.022792043195159935
1926.0,-0.08566219033013119,0.11281112179349495,-0.08072709885889738,-0.020804551195661356,0.07705788268529447,0.0974732226420577,0.08080213261678254,0.07684142253958799,0.14953627107092785,0.14951921007977767,0.19107220740498532,0.18143798245799525,0.10258053600942867,0.031631205396560315,0.20672166537216127,-0.050986005820238295
1927.0,-0.0624197860814406,0.13301146788945156,-0.08086078663028022,0.006582524937445384,0.06412943506162462,0.1017883590975688,0.03839928448538834,0.09033113465779567,0.20192079337009122,0.18855641711461701,0.21195969783258908,0.13924605573236695,0.13531655283720298,-0.034816737987941805,0.19113060110477742,-0.069252944818965
1928.0,-0.031285402943699955,0.1278038754919134,-0.08914667225561533,0.02741184654332671,0.04311000772087414,0.09111959872002011,0.010175554330596128,0.09674337829017238,0.2468607931605332,0.21296937923436882,0.20648050423142514,0.10010772175037069,0.17324382450870476,-0.08701620885195344,0.15050571846471553,-0.07686124255975488
1929.0,0.00232722963117491,0.09701079273652342,-0.09650203149458317,0.038603518276960125,0.021453416146260937,0.0656252694433217,-9.073005595464204e-05,0.09268062280728018,0.27478271155116885,0.21265965555720545,0.17747836241643994,0.07161834520305749,0.20669633298987447,-0.1145141938892071,0.08851142943549119,-0.07501983663294728
1930.0,0.0320156669760074,0.048515837064426214,-0.09557898833974457,0.04161504651650887,0.0067269314986432675,0.03442887863056866,0.005912163359517786,0.07635534025543557,0.2772472954710759,0.18058811253824184,0.12825890436722673,0.05665128175620445,0.2251844931902737,-0.11415964717677976,0.0152598158250749,-0.06430499428638146
1931.0,0.05182157141899336,-0.002871893279971699,-0.08269346336238538,0.04049665641640891,0.004463339540860072,0.013343334233563098,0.022859285242226173,0.049129935623824866,0.25110185143703306,0.11787089722279374,0.06438242943115484,0.05445303225061644,0.22327840150390416,-0.08913288120534707,-0.05494235805854958,-0.04408912447892882
1932.0,0.058698921359937796,-0.040692194483105466,-0.05668330629127118,0.03897379244169499,0.01577968096859154,0.017970646136967677,0.04461279751197344,0.01471109435483855,0.20130281199111777,0.036433930978162825,-0.003274686749851152,0.061493941267860446,0.20221563524122432,-0.04671260433359094,-0.10899446176161282,-0.014819015653270965
1933.0,0.05463209628974454,-0.05342377473637612,-0.017207255434012313,0.0387534422995382,0.035974595023454646,0.05521311030191537,0.06691876614344353,-0.022744286787067167,0.1406329207362159,-0.04348958923356846,-0.058240197521089276,0.07176777986391633,0.16757252403964562,0.0037760543200746895,-0.13991222348554402,0.01899859383732226
1934.0,0.045955747930751904,-0.03844728488537376,0.034159465820404536,0.03994453435098729,0.05634538209946318,0.1179379644377157,0.0887309645610627,-0.05939910342343826,0.08524226584590393,-0.0999899071557546,-0.08275445069008495,0.0781156802421571,0.12644737910600304,0.05277373683371796,-0.14800231750196377,0.04854151146909751
1935.0,0.03955288961759685,-0.0016003342495425554,0.09088605394671806,0.04254723151233347,0.06924878470949711,0.1868741391000099,0.11149648191723746,-0.09159189210751752,0.04740268547591988,-0.11699835359871362,-0.06508090227145263,0.07526561602860656,0.08607036659198201,0.09223932822446564,-0.1384444445030538,0.06429242113828687
1936.0,0.038958579483113764,0.046490413329280444,0.1416394496476637,0.047254169299404,0.07278924473854137,0.23961391131518137,0.13695105692067502,-0.11655650372640489,0.02999791776755687,-0.08990500777178846,-0.006116804061402599,0.06309566122197638,0.05292062648816341,0.11695874086072558,-0.11803649607524673,0.060847046085169366
1937.0,0.04368571436852741,0.09486796954529061,0.17569738626789752,0.05491901904785578,0.0714887494395963,0.261749230792023,0.16477863456746542,-0.1339152268128928,0.027174779059728905,-0.027338684160822486,0.0789216027389594,0.047555243699668286,0.03145029090180501,0.1251529008296583,-0.09315762454574962,0.03900460053319105
1938.0,0.051508944335085946,0.1357594887136169,0.18899010366252128,0.06535340533970575,0.07286972809361617,0.253311738263706,0.19117800626471537,-0.14571318954267515,0.03080089193168472,0.05203459624833438,0.1656579787052141,0.03760677728536721,0.023382382782914525,0.11862029095016462,-0.06866034351369184,0.004193778643448457
1939.0,0.06059658836086749,0.16602106785475457,0.1849173797919976,0.0763433432059161,0.0825410620545701,0.2261613273585079,0.20884977839214974,-0.15449330856259894,0.037253019982190674,0.12656043183693494,0.2297719849136495,0.0394594590597637,0.028188981515802684,0.10206932394569539,-0.04696257908197024,-0.03623045667028787
1940.0,0.06952709197313317,0.18562049547069523,0.1698275634420288,0.08359971719545922,0.1005352409107275,0.1943921297610938,0.20885001040405224,-0.16200617045724242,0.04896363763722879,0.17886418145654426,0.25511038533392794,0.05212551205184167,0.043316522810457676,0.08101905462094276,-0.027975112826681893,-0.07479190937760916
1941.0,0.0761693134161538,0.19415180256160205,0.14862322122499866,0.08235827373872602,0.12081734692502814,0.16520287870250158,0.1840359071152164,-0.1700318125035577,0.07026468690934927,0.2001840790210898,0.2376779227826799,0.06774059928343333,0.06366607556644027,0.0595538398108091,-0.010508668381611793,-0.10519709491956347
1942.0,0.07745332156186714,0.18865256829819346,0.12425606262077414,0.07032744151750961,0.13447486026982883,0.13572075075462525,0.13257182825795452,-0.18124862924773297,0.10202853319039094,0.1912143047188869,0.18531390738878184,0.07643186035179371,0.0821565164963983,0.04022350256530959,0.005647947928820315,-0.1233771842007567
1943.0,0.07052341367807358,0.1649782257372245,0.09893832929502024,0.04972404224068604,0.13488721711075213,0.0954364591293718,0.05981198037939543,-0.19797700525598244,0.139283142772706,0.1602922465580347,0.11398467594064149,0.07224150236782187,0.09167431021328383,0.025543187862224096,0.018623520721076824,-0.12739655957891868
1944.0,0.054264752423336914,0.12153112628520554,0.07383775636638365,0.026356374684987163,0.12151867146729937,0.03234115887649879,-0.022490249694318933,-0.21990658620716075,0.1721755285637231,0.11987161292750781,0.04222237376212334,0.05615520678881882,0.08637923063980248,0.018036776976200295,0.025484823334907595,-0.11660342135839721
1945.0,0.03045869917360719,0.062341715505108045,0.04830950885847473,0.006695524628986058,0.09971481018349501,-0.05875269973097918,-0.09982518785366411,-0.24364687297278523,0.18916573442901288,0.08249930231961827,-0.014551799699404198,0.03482200411441447,0.062347024825861595,0.01791882676756471,0.024681820078368392,-0.0919474650907439
1946.0,0.004103695358027615,-0.0026840936403695176,0.021461896247475434,-0.0044738146314758686,0.07673607794861982,-0.17014735538333972,-0.159693438406972,-0.26479757438609813,0.1817937357241684,0.05735794148489847,-0.048415210224163265,0.01669048998395217,0.019650728308366307,0.021195662503714317,0.017555628075526193,-0.057845703347936886
1947.0,-0.018014142162971696,-0.060603471653107144,-0.004731759402392419,-0.004896550210924178,0.0568822699121634,-0.2825855868225209,-0.19449513551523107,-0.280489741333582,0.14876191710049078,0.04764284047490337,-0.060854247779655146,0.007825253767698073,-0.034895680153803406,0.021262923259288205,0.007167249735421574,-0.02311829189953178
1948.0,-0.030347351276965348,-0.09977052964967083,-0.02459353436259756,0.00482600994484049,0.03910316887471449,-0.3731282569849397,-0.20158669970545073,-0.29055402797631125,0.09604997246884318,0.04911269038765926,-0.06145735485735659,0.008471714099305765,-0.08841037450787528,0.013916954167091301,-0.00487597986696562,0.0012201484330762312
1949.0,-0.030900880710308287,-0.11378765071319023,-0.03176811351653781,0.020880107515836726,0.018749631222360237,-0.4235152869500529,-0.18267987622436274,-0.2972841577053743,0.033185889641301196,0.05115507341461107,-0.06354288420113585,0.011610264676848638,-0.12799721601793737,0.0021055442068906205,-0.020646085127461456,0.006457313494329785
1950.0,-0.021004416515804335,-0.10411168623441087,-0.02366931173093951,0.03675441213881879,-0.007978095218296824,-0.4244889080757331,-0.144156201542035,-0.30430943506183544,-0.030689122281957838,0.04136211560184182,-0.07785047384185409,0.005248333767713312,-0.1488181229113969,-0.004309292588923636,-0.04434541369519713,-0.009708074708139601
1951.0,-0.003740442930407425,-0.08021341988924575,-0.004239155243000875,0.045494949398656795,-0.0405250928720517,-0.37600476403637756,-0.09663101150181054,-0.31460479227011146,-0.08866284610676574,0.011745277515256532,-0.1068413961055194,-0.021811422122339913,-0.15791604014974553,0.0049134676253096785,-0.07770608163466962,-0.04165558633844667
1952.0,0.01667211681617884,-0.05595793692670432,0.016506711621525744,0.04280001682759488,-0.07395864398453485,-0.2854729577388658,-0.05218473075453668,-0.3281136229946493,-0.13655606213235758,-0.037474089866775466,-0.14302933558233435,-0.07388945992457918,-0.16986356048516135,0.03214611833176201,-0.11671771782597526,-0.07789065927017143
1953.0,0.03448015248391399,-0.043171651399833276,0.026732158226323716,0.02871140737855742,-0.1016170821362711,-0.1656183985200394,-0.020867025620045714,-0.3406063735211148,-0.17289577523617597,-0.0984466052231551,-0.17270571906472143,-0.14529391463694924,-0.19673437882686826,0.06845187420591661,-0.1530586831016626,-0.10593602382302215
1954.0,0.04294942050151126,-0.046423016124623455,0.019443067376730364,0.006745755939211201,-0.11803310108793154,-0.032097366942856524,-0.00862947712616887,-0.34508264182728376,-0.19792131058492032,-0.15891778822041117,-0.1824997386391727,-0.22126017056674885,-0.23991877851668134,0.09698801620010583,-0.17886603462290873,-0.11757783421227189
1955.0,0.03691095327497863,-0.06259695066398706,-0.002930582129912992,-0.018303162219075512,-0.12093051422726908,0.0989617772212223,-0.016806034194095307,-0.3350915711435136,-0.2120602586342343,-0.20604405849215673,-0.16481078320548773,-0.28265969681541986,-0.2895580455610517,0.10039141161645752,-0.19089447629157377,-0.11173251675680614
1956.0,0.015823449717191358,-0.08467516813240898,-0.029734558811868116,-0.04207188907273505,-0.11201806093602831,0.21243636892198442,-0.04252292186016949,-0.3078610311008813,-0.21544468381674656,-0.23046973787961242,-0.12020993037107663,-0.31306931077843847,-0.3308071822600766,0.0683263310836883,-0.19151451984501422,-0.09397357889355129
1957.0,-0.015227350459586295,-0.1061640698146999,-0.04770271943260042,-0.06157807494393693,-0.09604805383547857,0.2950991118011561,-0.0795705762327671,-0.2652834816209866,-0.2087467485824192,-0.2299583456477097,-0.056922781150666624,-0.3049720063594207,-0.3513725064620088,0.002059297362795877,-0.18610267692076285,-0.07350731037562297
1958.0,-0.04754602946611749,-0.12368739904290948,-0.04686971387330315,-0.0759339855483618,-0.07844524815201005,0.338014432798803,-0.1190476142205676,-0.21225049097084317,-0.1940308560843255,-0.21015584073898053,0.012144860976429233,-0.26172384633454154,-0.34524777677767854,-0.08574149584460304,-0.17824731496807036,-0.05892453879344008
1959.0,-0.07229341677875822,-0.1371699083677547,-0.024502037087797957,-0.08632462620904344,-0.0632789547787303,0.34003607270028297,-0.15001198698942209,-0.15367344888230405,-0.17470730458311218,-0.1810150457176423,0.07379879947896482,-0.19489048143681725,-0.3120090861526082,-0.17518760096450417,-0.16610497691374249,-0.05433024871408037
1960.0,-0.0831085527743893,-0.14780558936414206,0.013474338936039018,-0.09431272351712583,-0.05279128619744472,0.308704462124513,-0.16202580569217362,-0.09243082811765768,-0.15468644301820395,-0.15113164866715503,0.11814508801961515,-0.1196386039913767,-0.25495643746541463,-0.24485851721040708,-0.1429325531387403,-0.05747525156249382
1961.0,-0.0770024097373766,-0.1554029884513151,0.05421168473909889,-0.09930190145228053,-0.047899007548375123,0.2566327483902024,-0.15035685760305154,-0.029548974574174144,-0.1372596226325328,-0.12408686156984398,0.139691953311181,-0.05107906882214244,-0.18087902399643196,-0.2770378845266352,-0.10194299151599105,-0.06076097106315028
1962.0,-0.054401283785865825,-0.15750296316848011,0.08260254630502956,-0.0979253183620055,-0.04877664340600797,0.19594079782006907,-0.12048604887766534,0.03373603593729311,-0.12452206219868091,-0.09884337844956728,0.13647299292364534,-0.002270775546845287,-0.10070290599270278,-0.2619285752598197,-0.042787642284046766,-0.055116931092571285
1963.0,-0.019243722469265787,-0.1507287522385182,0.08666926878953599,-0.08674356620805972,-0.05536926567622201,0.1346029236678557,-0.08697613496951659,0.0935398941596688,-0.11798699243469463,-0.07316745976001095,0.10887508214961841,0.017508923119167373,-0.028597231139842753,-0.20108770358606828,0.02469491154270169,-0.03544896651098653
1964.0,0.021458815831045093,-0.13278914836786426,0.061491842834593496,-0.06580360175031809,-0.06758299952117482,0.07620730683758183,-0.06606634904884166,0.14279406755377005,-0.11965797576218223,-0.04735832958183296,0.059369674018271854,0.00533075884137127,0.021172652575712395,-0.10923205131629594,0.08331106836837655,-0.004301266064227957
1965.0,0.0593629249454135,-0.10387228421791678,0.01085973275832193,-0.0395708812372124,-0.0848577861100311,0.02174653362691181,-0.06674906064164167,0.1740632209430623,-0.1316727995959855,-0.025667360675997453,-0.006678240686975527,-0.03342739218662443,0.03835748600168244,-0.011617604435119588,0.1169804537995622,0.02953011500081384
1966.0,0.08717643147187819,-0.0671049420757369,-0.05351392506170965,-0.014756909232223184,-0.10563561579611551,-0.028673179807779347,-0.08590112849914959,0.18391215830459956,-0.15401040017586032,-0.014359606403999137,-0.07986298459995825,-0.08636636804140355,0.020457482186751513,0.064413232567083,0.11847928110360352,0.05688320913016497
1967.0,0.10055987517301157,-0.027933195047351478,-0.11500066972225136,0.0028124215307823164,-0.12728374347218316,-0.07494254124715713,-0.11008435193196991,0.17508870135700416,-0.18233852555570493,-0.017465625712519042,-0.14671251958611733,-0.13861611536409899,-0.025067609449171243,0.10012647942965192,0.09141174120911372,0.07414141072116621
1968.0,0.09901090229230827,0.007390527067007706,-0.15672253735237676,0.010248308581605001,-0.14637166970861556,-0.11657059855523173,-0.12288899137341407,0.155076873548677,-0.20816450880321732,-0.033000570151858304,-0.19219309289780637,-0.17761361710636298,-0.08204915402432407,0.09224679214863248,0.04740757231314559,0.0844281817130418
1969.0,0.0855356871840774,0.033564547209122636,-0.1669597786973082,0.00779758523351817,-0.159023638665624,-0.1524008821608938,-0.11370896288112482,0.13293106879229885,-0.2212275668393696,-0.052736796810344044,-0.2045482521587011,-0.1956478763965806,-0.13151734771117493,0.05273275454635362,0.0022306061444617464,0.09330111788645123
1970.0,0.06525820688664802,0.04786906915287149,-0.14348491794293128,-0.00234333648505897,-0.1611939058310471,-0.17977717674338922,-0.08302949670725218,0.11695367371634753,-0.21286587450710867,-0.06629034775386308,-0.18037401665463448,-0.1902286379117551,-0.15968652116572765,0.0023780328429202848,-0.02764398467649941,0.1032451152405481
1971.0,0.043542683829302195,0.05139057754557459,-0.09455954896315116,-0.01729141342069812,-0.14913421273194016,-0.19327660620505724,-0.04149735695960014,0.11394110101174948,-0.17923014815129865,-0.06654573722607732,-0.12707600403499006,-0.16333425078173583,-0.1626722764032512,-0.03831216760579198,-0.02893451440341381,0.11201009663699896
1972.0,0.024203070649874373,0.048626129036750836,-0.0356312397351764,-0.033768398013481055,-0.12064789165861589,-0.18510395602024823,-0.004039618479444273,0.12866511111551698,-0.1233167858204911,-0.05250644225455971,-0.06055143807332724,-0.12028832554852727,-0.14503408662982872,-0.05646395473153981,0.003784160394726559,0.11537570387673661
1973.0,0.008403555908751508,0.044582417618004244,0.016788976838337143,-0.04769445898820512,-0.07698002087086256,-0.14914307545270652,0.016908181160941324,0.1620533626935706,-0.05508047291127371,-0.02877848740706904,0.0010147663970046811,-0.06876070345481934,-0.11447487885791859,-0.0492253832623049,0.06491600538192571,0.11101807130641086
1974.0,-0.005000593363824582,0.04121349874994395,0.05100080210971446,-0.05429961307707269,-0.024101082389102767,-0.08717923500617919,0.015516106074052913,0.20880061565420796,0.0107987796499383,-0.0034580822429307414,0.043304507451050266,-0.017963200814739726,-0.07738649183308799,-0.021392893881908626,0.13863685403079049,0.100600175766022
1975.0,-0.017835346870484305,0.03637655359404808,0.06302642859330793,-0.049404158160941736,0.027844952247146296,-0.012277468896769313,-0.006859401545773695,0.2571842402088614,0.05947347190656773,0.014599410823890591,0.05933909482904624,0.022475960055409586,-0.03778047383404912,0.01891186656040885,0.20361240223569316,0.08921945557879032
1976.0,-0.031196842147055315,0.02606200795345636,0.05565511173510365,-0.03124398019254236,0.06733545872721669,0.055021301110207255,-0.04315751484681748,0.2925245742887217,0.08130541520855702,0.019234264819397485,0.050748507106940725,0.04471808606725695,0.0014771092298489594,0.06363636344523498,0.2397355648811417,0.08246908399358541
1977.0,-0.045323546495210934,0.00786827859222321,0.03523621313579927,-0.001631035763175164,0.08592425168708497,0.09653649112576439,-0.08242434361751662,0.3028628720918013,0.07553234350145045,0.010323893998183979,0.027156999852619837,0.0461667738221823,0.037744719634876606,0.10630754962738426,0.23489748511124775,0.082887418376411
1978.0,-0.06011540320964253,-0.016531736864376097,0.0089351383205618,0.03428682256797111,0.08228797979949944,0.10575786738655787,-0.11197166921467455,0.2842500594474499,0.0506381845126302,-0.0050540168061070576,0.002770297822538492,0.03221730887843678,0.069206656374711,0.14246521236486198,0.1897355262648022,0.08833228845611628
1979.0,-0.07522777848727139,-0.041129059589169153,-0.0168074180396332,0.06938064042032827,0.06296836832196039,0.0903392179505813,-0.12072470495539595,0.24299428467362463,0.02121417738983552,-0.015145087970283386,-0.0093345183312473,0.014859157152413283,0.09590492400372709,0.1697572873298021,0.11776339110436831,0.0927694380795952
1980.0,-0.08970230814511225,-0.057857272615003626,-0.03780501466855121,0.09608710017095584,0.038653637461437226,0.06681779671833746,-0.10294211540528135,0.1928400607171421,0.0020908628084560375,-0.009075594974773995,-0.002845153124656484,0.006585851932457031,0.1193284369765176,0.18726754684821983,0.03953607805354022,0.08832684185248689
1981.0,-0.1017524600869941,-0.06057107138486779,-0.05363545977881061,0.1076877216414208,0.01821349668833421,0.05145073608197931,-0.06036125803275374,0.1479123855638636,0.0019276653196956405,0.017370609168502988,0.018663419860138256,0.014064533728011207,0.1403516368195477,0.1936215548759929,-0.026377775701328987,0.0684491144354092
1982.0,-0.10902666406344046,-0.04832679852191558,-0.0673656352496997,0.09966104951176503,0.0047448924065308234,0.052306568603348064,-0.0017655455765631742,0.11606901050722172,0.01953380459823369,0.05924955256911087,0.042980765142472774,0.036401226612633064,0.15764151727445208,0.18497780272745268,-0.06957742789059046,0.03202686577631584
1983.0,-0.1094397105504874,-0.025529086334956794,-0.08272497225080444,0.0713092520839448,-0.003540815601171878,0.0661658974618848,0.05999850914604313,0.09734682371557589,0.04520394961656769,0.10486475215125658,0.05523545760668449,0.06799526466878486,0.16817868126595575,0.15535862880253204,-0.08773606489059813,-0.013847023731519643
1984.0,-0.10245049218241652,0.0009826500382004992,-0.1004652646023665,0.02723179099372992,-0.00903282628726817,0.08080167869858432,0.1125125468770744,0.08758300549826707,0.06636143531894242,0.14113193176303668,0.04591049174738772,0.10224175900683373,0.16893854319387608,0.10081981072158505,-0.0828040330427916,-0.05533525019487937
1985.0,-0.08981873586480697,0.02547002763657477,-0.11670484106952234,-0.022364789029117007,-0.01155990228169424,0.08068470651599169,0.1474311597506729,0.08351190171206058,0.07404938952989477,0.1581934657126023,0.01606200075838858,0.13348168450950434,0.15838607166319169,0.02501588802578345,-0.057934546394706285,-0.07727464233333216
1986.0,-0.07474388252315613,0.045311960419471435,-0.12483924215194737,-0.06400611581656111,-0.009228389562004462,0.05346664506982569,0.1615976164301436,0.08580351857595737,0.0663306673922142,0.15142844642611644,-0.023792637221171656,0.15761967954893888,0.13772635098355185,-0.05916397807583692,-0.01693491507704902,-0.06939716791886942
1987.0,-0.05993924182152063,0.06072794544180299,-0.11975821710566516,-0.08611017120330705,-0.001679104114074107,-0.00482392614866682,0.15649470101488802,0.09821482119376504,0.04727875423931175,0.12162640647814559,-0.060054877519187665,0.17246154954317036,0.11119456303440968,-0.134140566320194,0.03446260104548345,-0.0306445193323393
1988.0,-0.04648462286343406,0.07245116128349036,-0.10088472676594949,-0.08424519523405859,0.007960893417419505,-0.08711779829559696,0.13758878971913605,0.12330636412811072,0.024096851257963382,0.07453698065389917,-0.08271495164235498,0.17747159628009862,0.08420786972891707,-0.1849191219272605,0.08751208054595058,0.029561696052356378
1989.0,-0.03436512615215245,0.07921103194442644,-0.07197626776228926,-0.06305853050510084,0.014208095675004926,-0.17590862214703784,0.11337729708393757,0.15780644470364877,0.005279443150531871,0.019751978434252,-0.08845486973981172,0.17258695794237822,0.060804618623337185,-0.20438960661909106,0.13105142426161234,0.09382550728078731
1990.0,-0.02382598228624642,0.07781632084621899,-0.03906291395034957,-0.03392477782141543,0.01223054620008995,-0.2472720962058506,0.09329944729282202,0.19126973296868371,-0.0005979378263183975,-0.03168844449530363,-0.08050034944196205,0.15715383679308154,0.04323468414013224,-0.19522549199240768,0.15357161442522752,0.14277318687137877
1991.0,-0.01606339656058472,0.06636722169328971,-0.008561267597848502,-0.00993104008252195,0.0006105760455872295,-0.2773636617564772,0.08487883711554688,0.2097767348032824,0.01271876871341037,-0.07038483660845611,-0.06675655905046264,0.13029685388922657,0.03345522864631028,-0.16904895635177933,0.14648511589404195,0.16197653712032398
1992.0,-0.012713459303657521,0.04748412724520548,0.014313883855156116,-0.0006883160860447491,-0.01755402599465444,-0.2500721087421811,0.09100368377737683,0.2032999608293828,0.04604343181593528,-0.09078383280198175,-0.056127897736407716,0.09248877694521188,0.033390142776613195,-0.14226900737241843,0.10840947900975366,0.14647650537306314
1993.0,-0.014864022094417501,0.02778046948776141,0.027349826919973053,-0.009113726416369573,-0.03585000182551959,-0.1646250932833883,0.10827892805468024,0.1721196208148527,0.09330153828843857,-0.09181649921671886,-0.05377851834365322,0.04686142446311511,0.043062550680487845,-0.12824929283976716,0.04807447215049908,0.10126301817031119
1994.0,-0.02239523074421893,0.013496713231723467,0.032457206522796996,-0.03120795829503441,-0.04761838672328828,-0.04018424798256555,0.1280195601266521,0.12721466020841332,0.14297075472403556,-0.07641383443021106,-0.05858941400635005,-0.0007062157304075601,0.05925939846740513,-0.12976248859850176,-0.017543892361655856,0.038105216164341205
1995.0,-0.033807321562338205,0.006476881490181975,0.034584156595170557,-0.0583526650297572,-0.04896515672065009,0.08750107195525293,0.14050973953655208,0.08398863998961575,0.18144575309508398,-0.050137305926440966,-0.06483998303542637,-0.042444170523288194,0.07647105944566532,-0.1375751806349784,-0.07016067678628525,-0.029279191548891716
1996.0,-0.04643562466856179,0.004042056669544686,0.03873153674461042,-0.08068189480661647,-0.039785579175088445,0.17895117144582992,0.14012133728072373,0.054375744697389324,0.1970661065388394,-0.01894777773851391,-0.06626071188468126,-0.06997451999782602,0.0890643072752831,-0.13631923991101172,-0.09847020898550705,-0.08891086341589989
1997.0,-0.05685790163252254,0.0018883725058055157,0.04736814278322892,-0.09010439629318104,-0.02301091289189064,0.2069426843284861,0.12759178516509123,0.04250823709993845,0.18413243262782764,0.012908930328940452,-0.05901037645151327,-0.07627796566526843,0.09335507297884636,-0.11348198445224156,-0.10296058986596354,-0.13174692563728785
1998.0,-0.06142925237380788,-0.002807477657526476,0.05987355938972704,-0.08223137759750405,-0.003502591381553461,0.16615691169062372,0.10798337013818662,0.04450981630395885,0.14560148624565122,0.04324008293535069,-0.04192179135847919,-0.05852696719752985,0.08896058249718476,-0.06639163036619879,-0.09447410588566867,-0.1516352500555888
1999.0,-0.057237038596264736,-0.00967155114529742,0.07354540799728858,-0.05724534102370064,0.013259549026112897,0.07284746223356627,0.0863301855238421,0.051248057160318716,0.09273216764464721,0.07018548238199791,-0.015441159829464137,-0.020473067179560638,0.07876135770029132,-0.003726996667335891,-0.0874480093131461,-0.145828141528736
2000.0,-0.04334761454272151,-0.01526973624302795,0.08507207904827482,-0.019913214442015558,0.023318399838044356,-0.04273965291456504,0.06481191489353015,0.05338157431542521,0.04140760069657414,0.09036093889280208,0.01816045531331585,0.027679145940496433,0.06707385498272486,0.05895077740375732,-0.09196149490191809,-0.11611060119757087
2001.0,-0.021447730085342506,-0.014689006386566507,0.09209145001301865,0.021599237821008754,0.02643849550910943,-0.147313550032694,0.043588805081314415,0.04581506534941799,0.006611377028714034,0.09894324584085495,0.053270304238179626,0.0724777527846511,0.05719934189320581,0.1063314640781175,-0.10893084901650031,-0.06909755278977196
2002.0,0.004652579721882038,-0.0036029933439755916,0.09433892762221664,0.05838309432534043,0.026671982307767787,-0.2151151595116787,0.02356814833841195,0.028270226547726974,-0.002899588052508979,0.09175646914565445,0.080963313001915,0.10200313899324713,0.05062935262340005,0.12868579764506655,-0.13009333049550104,-0.01472566247871045
2003.0,0.03009522921417031,0.019741425327873662,0.09321187000882909,0.08376932889294438,0.03077851291210464,-0.23409563455747073,0.007639998357486248,0.003059422722954173,0.012323861018163434,0.06798696230627065,0.09257845821613063,0.1101158122138624,0.047791192181295974,0.12392944239607381,-0.14186628271140286,0.03647568783812548
2004.0,0.049951312618873873,0.053070009756360045,0.08979793330619631,0.0946971162876071,0.04549375063267778,-0.20561089635952182,-0.0008718671797868028,-0.02652594519726945,0.043147443447305804,0.03224006161137713,0.08549019898168934,0.09844297880408681,0.04745023059604462,0.09780428494974698,-0.13153700338465563,0.07591313690136824
2005.0,0.06030548167288056,0.08995805711900502,0.08352506363213433,0.09113845356055934,0.07474762224469066,-0.13934661233626994,-0.0006062541745044426,-0.05615054305993376,0.07608293000320678,-0.005480760261426648,0.06685768374297628,0.07500362526021175,0.04479402660874511,0.06274974377400913,-0.09361738272697,0.09833856232242073
2006.0,0.05961083748230549,0.12149727965207346,0.07287615370360197,0.07514409709297022,0.11723423891940618,-0.04809508230058999,0.0069117367501779,-0.08020364758823023,0.09867698162606293,-0.0331199719204081,0.05095985847237065,0.04989871068682854,0.03229466097021476,0.03422678521472201,-0.033252847102063804,0.10207820033852638
2007.0,0.0495469882292726,0.1394134060367431,0.05681373726554571,0.05045093308914161,0.16511839974898235,0.053931944227804146,0.017942706762475672,-0.09325243689020257,0.10357655873364932,-0.0420072886601333,0.050508312691889566,0.030443470768633695,0.00486296943481697,0.02426768695230825,0.03507718578632163,0.08821378169294913
2008.0,0.034748012177194997,0.13945873647337373,0.0351493432948206,0.02201876392447228,0.20560729724732124,0.15019161308564385,0.027784960000670683,-0.09315928419666254,0.09006424781591293,-0.030639052332020324,0.06875538626717177,0.018630892901600967,-0.03439222419509902,0.03506145706338976,0.09264134870848129,0.059089657085968264
2009.0,0.021419328312168705,0.12310969754037632,0.00845301215721527,-0.0048981549540821475,0.22561881784166757,0.2220341999504776,0.0324509027820858,-0.08360740351585738,0.06302925369255626,-0.0043945331800689805,0.09884462703237958,0.012136420445965489,-0.07247558570583974,0.056899853852079324,0.12297131762160735,0.017263911266202497
2010.0,0.014988535163744586,0.09604331217904981,-0.021053339049648356,-0.02559203597779889,0.21691906826154594,0.2520957869542707,0.030597938639952298,-0.07394363827624774,0.030482719811192178,0.02756717284266912,0.12968691773884589,0.0075766304988106985,-0.09109789796092496,0.07268096254028773,0.11706788033976653,-0.03422974851875471
2011.0,0.01770403850382595,0.06422315020246132,-0.0484289461349924,-0.03649847131564401,0.17922223528751166,0.22980173010123492,0.024179714758067294,-0.0758032831227212,0.001475638147473677,0.05567803726615396,0.15279502701742584,0.003567766701699316,-0.07579402213899704,0.0668857380105107,0.07563519209902964,-0.09065376104375482
2012.0,0.027988365397159258,0.030781530100713828,-0.06701197398097979,-0.03588959278347367,0.12085107132346526,0.15621308664451738,0.016558460593683145,-0.09714578701652568,-0.014939855095602455,0.07257783316486446,0.16544548804365042,0.0017855650857011272,-0.024210312838822783,0.034137892221290045,0.008810235332749017,-0.14417620896944985
2013.0,0.04211907205041605,-0.0036378199003972056,-0.0714871605410314,-0.0243010402313134,0.05693584420923667,0.04572907718977754,0.009447055222400268,-0.1363451345071138,-0.010848876913547145,0.07518465158826326,0.1691027567420799,0.005665590573045988,0.05138254591572062,-0.0174597720814095,-0.06603656214468576,-0.18354380048047617
2014.0,0.0564146370894099,-0.03785969245531183,-0.060321869416002837,-0.004126802337350669,0.005076471703815082,-0.07656308037997821,0.001784496570350382,-0.180458191588394,0.018596071505481163,0.06610354978331635,0.16595389756244414,0.018057908732907628,0.12837516891998796,-0.07034946302682893,-0.1288047616797644,-0.19656765204163512
2015.0,0.06813748201391927,-0.0677462583433394,-0.03557513910878025,0.021282955498504796,-0.020187018801127887,-0.18139775074115475,-0.008176013353591988,-0.20982297992800808,0.0727720102656871,0.053266092791878904,0.1573739892560626,0.03985251687686652,0.1826184141215156,-0.10636761776289541,-0.16255305185907892,-0.17540547940538168
2016.0,0.07572022929490327,-0.08645856464741972,-0.0010335977119832077,0.048382837315642406,-0.012018095978420129,-0.24316899217646662,-0.019799949245381993,-0.20760169829517286,0.14311282272225329,0.046418941725830054,0.1445018250977092,0.06992997080344106,0.19816952496910503,-0.11479029822837143,-0.15819919561999649,-0.1216914667356839
2017.0,0.07939238585698515,-0.08696185222249317,0.03905936103192548,0.07384182943600831,0.02626061835209977,-0.24627372733080058,-0.02923590120995323,-0.1698799121554452,0.21243916629430956,0.05126926689340787,0.12842945934064154,0.10525710461722891,0.17434374497357594,-0.0955141494165547,-0.11625280506918491,-0.047925339295187296
2018.0,0.08131688138520748,-0.06546276529505307,0.07992758202453594,0.09462881656453913,0.08174344937877945,-0.18888977309865565,-0.031662093236513096,-0.10996287995180692,0.25917451400027947,0.06526344538887768,0.10942999734817499,0.1409406305447529,0.12687785795434875,-0.0571110032057766,-0.045470521567243016,0.026647494693725068
2019.0,0.08410495854556983,-0.024671297041077192,0.11591004487092578,0.10786105075425868,0.1359550639835266,-0.08381711877044404,-0.024995395009758545,-0.05277767604407817,0.26620878178061186,0.07872506660614928,0.08662702796331663,0.1709751490789196,0.08133015188389367,-0.012038620148511972,0.04062526684649502,0.0842937464232618
2020.0,0.08853512123900222,0.02488525900336408,0.1410640411615482,0.11062856359980994,0.17110073208532975,0.04449995939961118,-0.012619473122496254,-0.02216657937412237,0.22914221892589767,0.0811183922662521,0.0586285172779653,0.18970673037464075,0.06050386975272816,0.02807338738149287,0.1273693294424514,0.11641364671055737
2021.0,0.09216342546909649,0.06750503617261408,0.1509665591139532,0.10035078748509571,0.17587868356732445,0.16664788609581171,-0.002713796211321419,-0.0290756735217747,0.1583889072961137,0.06816534523799625,0.02455157644593972,0.19324810323174918,0.0723977659275888,0.05508511196370175,0.2007017661238029,0.12523898643043122
2022.0,0.08984747833179078,0.08870194408589602,0.14480751383474672,0.0761931145585074,0.14860689002475405,0.25673935812513643,-0.003545505820593373,-0.06747497957971964,0.0742798648846488,0.044604489480720926,-0.014651782031748238,0.17999497120812394,0.1061312632503468,0.0646942486526739,0.24748705914571903,0.11887159649129035
2023.0,0.07631231819633019,0.08196240343407954,0.12614869530461542,0.040839207945507786,0.09701196812143625,0.3002256530656745,-0.017857176188488377,-0.11918467454994555,-0.0016815851989623683,0.020768091423485808,-0.05436613809390013,0.1503715996909766,0.13875005703983495,0.05554617835373284,0.25715972700323747,0.10441718652090945
2024.0,0.049532933400102105,0.05137984463338025,0.10111240267762373,0.0007704468111044857,0.035042866256775794,0.29776419001302606,-0.040852381511129424,-0.16352489888472926,-0.055488382740442335,0.005787614885467279,-0.08544165238396231,0.10690990271160815,0.14916026631189827,0.028732141386935372,0.22573141690123658,0.08422891980178211
2025.0,0.012632897053843432,0.008219508811791622,0.0748365362978306,-0.03581056747248244,-0.022350346225791917,0.2621383788669791,-0.06283713539900374,-0.18636043453071768,-0.08550557124907612,0.0018188755691989971,-0.09693384396906071,0.054721819100883896,0.1306090385424841,-0.011438824370371938,0.15928751846862346,0.05633212197945694
2026.0,-0.027062220899015357,-0.03590384494385942,0.04902956179916197,-0.06200990533813053,-0.06463237339069583,0.2097322777157347,-0.0738483003977487,-0.18540859429227208,-0.10087495300561303,0.0025507409299974316,-0.08228306377556006,0.0010021145644095123,0.09353140215085205,-0.05672244953923644,0.07332304038616382,0.017681596552226564
2027.0,-0.06097006398920103,-0.07422651307088599,0.022441404078469975,-0.0741050661041437,-0.08902423321205914,0.15296349926835384,-0.06764533120764828,-0.17075872990293078,-0.1142796809403428,-0.0027560035670275073,-0.044245182408323425,-0.04687507600007325,0.05732878153160206,-0.0967436138939835,-0.012675850947228548,-0.03141630646085486
2028.0,-0.08222139935548328,-0.10560879924524474,-0.006710878953653008,-0.07170828594302453,-0.10041407759901913,0.09855690842805677,-0.044187028096077295,-0.15972590086831795,-0.1335198046773007,-0.02166596908843441,0.006045231733659652,-0.08337762933430226,0.03757217043780669,-0.12329037349427457,-0.08239789096646305,-0.08436872374660251
2029.0,-0.08731427917006254,-0.13182884964627037,-0.038391071405051616,-0.05723142488888079,-0.10805837202891404,0.050298479253292824,-0.01015953977312703,-0.16723242314056136,-0.15680697905739516,-0.05250869422035679,0.055114849494719446,-0.10586143610969632,0.03746862381698313,-0.13366366610933963,-0.12711465419049886,-0.12964518172536943
2030.0,-0.07640380954988978,-0.15406951246900777,-0.0697910640403586,-0.03522642793178199,-0.12056304763162452,0.011509054528655275,0.0229319497459758,-0.19735509838385162,-0.17420027839565425,-0.08455972422104636,0.09320589313753548,-0.11463854833207703,0.048271898833495516,-0.13040761883179203,-0.14515912127996497,-0.1562716386185212
2031.0,-0.052979891604812666,-0.17109109816827672,-0.09611917140677431,-0.011305841156074666,-0.14143264402366154,-0.015129089720471429,0.04264283401505531,-0.24169844471389396,-0.17401688829576467,-0.10454689495556153,0.11623833372247105,-0.11219218605716322,0.05660116042276691,-0.11875823561640103,-0.13875624890478827,-0.15983800319885658
2032.0,-0.02350640517748706,-0.18037138870947803,-0.11256355374728354,0.009184237826682779,-0.16737132284971637,-0.028902183050883365,0.039921314874374204,-0.28430562719706876,-0.15013550951975188,-0.10462876112718777,0.12372548759221993,-0.10188558201160193,0.05228328802508407,-0.10448296318057804,-0.11175195270233304,-0.14476958053380262
2033.0,0.0033613101976093223,-0.1809913077248274,-0.11638325924821974,0.021998862394033,-0.1900845336574707,-0.0315400371172259,0.012343335258698771,-0.3086215239309966,-0.10572697328407278,-0.08637830141696617,0.11601280599580743,-0.087225837810331,0.03137626837265064,-0.0925364665454789,-0.06947110052644749,-0.1213680151510215
2034.0,0.019092449821720335,-0.17512054808762745,-0.10819187358248165,0.024042069331715685,-0.2004482834519742,-0.02696190315197071,-0.034728725829375036,-0.3030768375481473,-0.0517505449010867,-0.05933908148002098,0.0939226335286667,-0.07199114403008817,-0.005485950040987715,-0.08595086236002435,-0.020065214051171752,-0.09995829540899828
2035.0,0.019122438965604217,-0.16635837910545906,-0.09179078432717175,0.012999912099722635,-0.19285993600046555,-0.02125546822338413,-0.08941212889725059,-0.2639869141169749,-0.0023414239471900374,-0.03655591973908338,0.06035058017436508,-0.06002738919320239,-0.05469999875299427,-0.08534955934638112,0.024508284620287535,-0.08592727064012452
2036.0,0.005540409731348675,-0.1565415144222491,-0.07244143709448683,-0.012578229850878595,-0.1677588733131327,-0.02196784823558168,-0.13678897846962904,-0.19575832700252468,0.029603992448441075,-0.029509885568045256,0.02086043945143764,-0.05410812658074408,-0.10869140464430135,-0.08926789224724313,0.05046708679893778,-0.07804441236420222
2037.0,-0.014387642083243645,-0.14410064838798387,-0.05454204505756602,-0.05199267213611532,-0.13116268422072272,-0.03507476162295286,-0.1637560654156511,-0.10940860356271498,0.03541911543214593,-0.04369620249518099,-0.018266041862319313,-0.05469633540271655,-0.15546596081145792,-0.0947239146917687,0.04770429237833962,-0.07055536789974912
2038.0,-0.032955138745936516,-0.1254462955925793,-0.04049245981632802,-0.10045789233496823,-0.09138306629279486,-0.061223790664849044,-0.16330851845889166,-0.02005935463706433,0.012808371055997933,-0.07636839858544914,-0.05318166881187627,-0.059325458982682454,-0.18203095414324913,-0.0979385095547738,0.015736042289877426,-0.057762844227685683
2039.0,-0.04557338552902325,-0.09791083442111799,-0.03146655505353416,-0.14838328183205185,-0.05498756029083063,-0.0949333242653717,-0.13594504573605026,0.056648711091910275,-0.032941379701416966,-0.11764614590325005,-0.08436432567123814,-0.06316275268649399,-0.18055629585511088,-0.095219888886051,-0.03431458999390558,-0.03826469482717618
2040.0,,,,,,,,,,,,,,,,
2041.0,,,,,,,,,,,,,,,,
2042.0,,,,,,,,,,,,,,,,
2043.0,,,,,,,,,,,,,,,,
2044.0,,,,,,,,,,,,,,,,
2045.0,,,,,,,,,,,,,,,,
2046.0,,,,,,,,,,,,,,,,
2047.0,,,,,,,,,,,,,,,,
2048.0,,,,,,,,,,,,,,,,
2049.0,,,,,,,,,,,,,,,,
2050.0,,,,,,,,,,,,,,,,
2051.0,,,,,,,,,,,,,,,,
2052.0,,,,,,,,,,,,,,,,
2053.0,,,,,,,,,,,,,,,,
2054.0,,,,,,,,,,,,,,,,
2055.0,,,,,,,,,,,,,,,,
2056.0,,,,,,,,,,,,,,,,
2057.0,,,,,,,,,,,,,,,,
2058.0,,,,,,,,,,,,,,,,
2059.0,,,,,,,,,,,,,,,,
2060.0,,,,,,,,,,,,,,,,
2061.0,,,,,,,,,,,,,,,,
2062.0,,,,,,,,,,,,,,,,
2063.0,,,,,,,,,,,,,,,,
2064.0,,,,,,,,,,,,,,,,
2065.0,,,,,,,,,,,,,,,,
2066.0,,,,,,,,,,,,,,,,
2067.0,,,,,,,,,,,,,,,,
2068.0,,,,,,,,,,,,,,,,
2069.0,,,,,,,,,,,,,,,,
