Time (sec),DMNa,DMNp,SAL,OLF,STR,AUD,VIS,TH,MOp,SSp,SSs,HCa,SUB,CTXsp,BF,HY
0.0,,,,,,,,,,,,,,,,
1.0,,,,,,,,,,,,,,,,
2.0,,,,,,,,,,,,,,,,
3.0,,,,,,,,,,,,,,,,
4.0,,,,,,,,,,,,,,,,
5.0,,,,,,,,,,,,,,,,
6.0,,,,,,,,,,,,,,,,
7.0,,,,,,,,,,,,,,,,
8.0,,,,,,,,,,,,,,,,
9.0,,,,,,,,,,,,,,,,
10.0,,,,,,,,,,,,,,,,
11.0,,,,,,,,,,,,,,,,
12.0,,,,,,,,,,,,,,,,
13.0,,,,,,,,,,,,,,,,
14.0,,,,,,,,,,,,,,,,
15.0,,,,,,,,,,,,,,,,
16.0,,,,,,,,,,,,,,,,
17.0,,,,,,,,,,,,,,,,
18.0,,,,,,,,,,,,,,,,
19.0,,,,,,,,,,,,,,,,
20.0,,,,,,,,,,,,,,,,
21.0,,,,,,,,,,,,,,,,
22.0,,,,,,,,,,,,,,,,
23.0,,,,,,,,,,,,,,,,
24.0,,,,,,,,,,,,,,,,
25.0,,,,,,,,,,,,,,,,
26.0,,,,,,,,,,,,,,,,
27.0,,,,,,,,,,,,,,,,
28.0,,,,,,,,,,,,,,,,
29.0,,,,,,,,,,,,,,,,
30.0,0.09986724593529916,0.19310245015996994,-0.09546648869918728,-0.023240564117068003,0.04728511498971892,-0.117757624538746,0.06761467789017836,0.2232221341211279,0.3662362025592812,0.13858709180630446,0.051855196357077034,0.016714920679905213,0.2043363453486746,-0.06897011076200653,0.0412271446341925,0.07343424599695082
31.0,0.12384694119893562,0.18100964472842382,-0.0873828797363893,-0.01850190981029471,0.04490667578726072,0.008109256293022893,0.047199551165454316,0.22789247938834453,0.37509073317968633,0.2106168086792377,0.14906741575534632,0.047390884540392,0.21516166752811103,-0.048727216128085796,0.0328642686707748,0.09406604051583363
32.0,0.13161146512025532,0.16707717267375755,-0.07133448538443915,-0.00796111890058455,0.04269702362469714,0.12971560654514463,0.02813924658950828,0.22381807434357498,0.3673611631604978,0.29777826554580517,0.25676566957296765,0.07376692475639078,0.21122928594861423,-0.02517685020587745,0.023342910767506605,0.11343735108910664
33.0,0.1212017974070444,0.15010107853084145,-0.05672223898857088,0.005148688792401511,0.042932970250053167,0.22517127747009094,0.01451024786434028,0.20886706780976652,0.35027815933621276,0.3873229005815306,0.3636751733544209,0.09210385604907391,0.19418159422805217,-0.005627041826021844,0.016678218887598812,0.12710952365921147
34.0,0.09786061660757088,0.12960385441699585,-0.04768797563520005,0.017736366482690828,0.04724568182335631,0.27874217106497984,0.006130427302957853,0.18301629143014272,0.33563890030385873,0.4656777901561205,0.4573906251465193,0.09931826918190718,0.16680043336818962,0.006916912915560557,0.016846286812847253,0.1313497317273458
35.0,0.07159218720833213,0.1074020006844756,-0.04270130280246363,0.027603151964944603,0.055272324746034926,0.2858320871292922,0.001528297930257538,0.14894053741054114,0.33305535143248827,0.5219322030675374,0.5242017606841676,0.09362145858408305,0.13239469835470508,0.013935162784907308,0.025200308480259028,0.12411183156249296
36.0,0.05195832464939419,0.08731271609695955,-0.03791027925963362,0.03293305064071804,0.064255056300899,0.25274281947335187,0.00022068178499509418,0.1111688917882248,0.34340857794427787,0.5474306908909997,0.5489670245013354,0.07517988743747683,0.09399197971111461,0.018704456616924162,0.03895538655939678,0.10477025402066373
37.0,0.043542311869822645,0.07224445917553804,-0.030808732874308194,0.03173237129717079,0.07016181075649183,0.19149871565919888,0.0016627723889081944,0.07388560807103495,0.35739441432996233,0.5340172301778392,0.5178359957985178,0.04643732178773616,0.0529365650574783,0.023323642878255287,0.052393144600532106,0.07358915710708047
38.0,0.044662308354769274,0.060766992597908374,-0.021367304229361523,0.02262777358632116,0.06993844801374328,0.11429997239080136,0.0029404888464624906,0.03894960233578545,0.3601471873017075,0.47457515105727727,0.42451051244826066,0.011727183853618792,0.008284288802861663,0.02753574463743555,0.06016604898481365,0.03191944742865278
39.0,0.04934991651371925,0.04615307240323201,-0.011010357293329064,0.0066253699708331655,0.06334133102515606,0.031562952764724816,-0.0014028878552513285,0.005517429230218564,0.33915333861514846,0.3669277606048105,0.27713122487279745,-0.02402770775612407,-0.041741009926532485,0.029539071698915724,0.06014242297779498,-0.01713884208286277
40.0,0.05128339662514236,0.019058603220607827,-0.0018308190892998928,-0.012141157140012024,0.05279068637688798,-0.04710905238290713,-0.016949531744057902,-0.028882404450366436,0.2914019660333441,0.21879677463410419,0.1008264951869193,-0.05688860092421085,-0.09727345754249843,0.02735990588149612,0.05355328180112392,-0.06850913930110814
41.0,0.04781360480597154,-0.02729698024382205,0.003163428274852601,-0.027894052614834852,0.04155425954583489,-0.11193322096422213,-0.046380640507401136,-0.06660151844021785,0.22584897982553107,0.04997353314574237,-0.06734995665409603,-0.0844420388639953,-0.15538057355173412,0.0195811640817029,0.043081728919012026,-0.11570678069588256
42.0,0.04158331256210408,-0.09236777485635811,0.0003153031407060032,-0.03607299458176453,0.03210589492780133,-0.15379130793238355,-0.08781326666672767,-0.10801008707914939,0.15951582740849934,-0.11068364870519135,-0.18972062530348827,-0.10514123684935994,-0.2106439444472317,0.005728009062835364,0.031428707224249876,-0.15207207260265898
43.0,0.03837300226158286,-0.16726069289710613,-0.012922775383821177,-0.03555259419493359,0.02573225519917697,-0.16695566915376375,-0.13558941395429278,-0.1502007447071782,0.10972559209372892,-0.23273961190693723,-0.24023984993565664,-0.11773736375392022,-0.25713896762444816,-0.013045930973722007,0.021138654930542285,-0.17230687868213238
44.0,0.04278802772040401,-0.23840401610630862,-0.035609243898697865,-0.028522481013536216,0.022983813725822932,-0.15203323596170096,-0.18323157987510164,-0.18707169151803346,0.08699153474334223,-0.293574029930162,-0.21260212806530032,-0.12147896487894501,-0.29020718747164664,-0.03333160017357368,0.014450147930884123,-0.17366042381290417
45.0,0.05504454204055282,-0.29340760959821505,-0.06179344843806242,-0.018053098265102017,0.024092035962227944,-0.11699155744125996,-0.22636171200495894,-0.21110800386943585,0.09139349237277732,-0.28657982384277925,-0.12232219228111745,-0.11655505943692522,-0.30687731763313636,-0.04983153746411662,0.012636269823773884,-0.15627522823561102
46.0,0.07089375350487653,-0.32545593566446684,-0.08145176147208034,-0.005584616890393878,0.028774656228957713,-0.07521065551856607,-0.26285114168815676,-0.2163027174892073,0.11305165243001175,-0.2245833489736587,-0.0027857867166454797,-0.10434241839615825,-0.30558961656031836,-0.057239860570902065,0.015423175349127023,-0.12285643354525448
47.0,0.08432650111832048,-0.3340607215380834,-0.08469466800574223,0.009307815169953267,0.03571880663359445,-0.04076103099717392,-0.2900216157149338,-0.20097465355539937,0.1361616326646765,-0.1356758479024916,0.10468341409211479,-0.08731422591183406,-0.2866199323002615,-0.05292265671711518,0.020781432419352455,-0.07822931812642232
48.0,0.09090141798726889,-0.32236230358562623,-0.06722127764406485,0.027069481705450187,0.042701835463097235,-0.022455642065657117,-0.3019050801112657,-0.16918643081951312,0.1450805890947036,-0.05222299333129108,0.1648468720167831,-0.0684719692122995,-0.2532188008214752,-0.03850749767295223,0.02509957267712142,-0.029017168388259414
49.0,0.08940073546516727,-0.29347738042950966,-0.0330344447127403,0.046289503814205886,0.047541560550844617,-0.01983222128818354,-0.2896227570602095,-0.13017806079990948,0.13032254789159814,0.001982279166615466,0.1614013747292762,-0.05060332712470064,-0.21217722135528605,-0.019020512949915615,0.024009651689622467,0.017020527684525753
50.0,0.08124784941003091,-0.24945446989072828,0.0076588867950593545,0.06316724579855765,0.048852552925385054,-0.024160880028822707,-0.245417310571563,-0.09596183865283897,0.09222219940219788,0.01983540872679179,0.10226506686762614,-0.035955980417645715,-0.17270157171914355,-0.00018929545028740992,0.013760363543619095,0.052370443564519635
51.0,0.06894391938924173,-0.19365548012394776,0.043582120933658465,0.07249724240255985,0.045800605995537695,-0.024287522133833995,-0.16801395721489287,-0.07747453736868239,0.04012003456827215,0.010175322122958835,0.01383417363882545,-0.026303741298089198,-0.14338294718601902,0.014036428858304651,-0.00766000855859536,0.07143670568874037
52.0,0.05504564793450139,-0.1327678129417445,0.06680430163605944,0.06978936774194838,0.03738146948863403,-0.012967369829856568,-0.06532952386015839,-0.08039615144097427,-0.01317045904395311,-0.01022098862550998,-0.07273236910811033,-0.022590881364763813,-0.1283896116424653,0.02208388826864221,-0.04008063772554169,0.07181991836074858
53.0,0.0422414075814407,-0.0750640062784185,0.07422109314114714,0.05357432372516405,0.022581044206163806,0.010827462270259961,0.047492769829005556,-0.10279590730692337,-0.05817042490558772,-0.02610457429439606,-0.13491370625558097,-0.02374295244210119,-0.12507928653599487,0.02375050367226423,-0.08092345989520668,0.054874228093065316
54.0,0.033851570837564536,-0.026851784145848902,0.06690066523467211,0.026558070549288035,0.0018743373301271862,0.04367340288427172,0.15264170347454853,-0.136289148520272,-0.09223796552378433,-0.03002338282585719,-0.1655394901138801,-0.025891063980529944,-0.12467671830247438,0.019270728103945634,-0.12485368497452237,0.025367608552856323
55.0,0.0335635916390299,0.008731146614766573,0.049066307931476906,-0.005131491489136944,-0.02143917615481051,0.08011864081836478,0.23380086241496567,-0.17005435388425558,-0.11836857995162471,-0.023963163539593317,-0.17192987795684903,-0.023701201851502266,-0.11596860635941796,0.00949063609866353,-0.1639154961269866,-0.00980509121348728
56.0,0.04388700871700772,0.02978883725974055,0.02716418419051174,-0.03391213335867857,-0.04186290002658899,0.11364524192893649,0.27910667446003024,-0.19499637409110424,-0.14160457495422332,-0.016389403924301816,-0.1691175432995065,-0.013334480139459658,-0.0903581237140162,-0.0033059318654039874,-0.18909560898896516,-0.04344667598785576
57.0,0.06401048786403986,0.03353087237117522,0.008471723966958269,-0.05250875425014786,-0.054110845788848574,0.13707624791465214,0.28318919358458194,-0.2057826474033465,-0.16613501703033015,-0.016179855377557822,-0.1702906121905584,0.0053325224213054655,-0.045800256635739445,-0.015120458927146535,-0.1932766621031267,-0.06966150201744913
58.0,0.0885763644844992,0.01699819563721868,-0.0009729713210575744,-0.05535804544678976,-0.055538238663296574,0.14405072132206487,0.24811513235225385,-0.20087134696983275,-0.19443488173181622,-0.027246663892506073,-0.17976078249644448,0.028797037287414624,0.012199782310264352,-0.021387145048964797,-0.17419982082397695,-0.08483142649406246
59.0,0.10872734136723003,-0.01927922425684921,0.0014039535206056216,-0.04060476018963701,-0.0470149933127402,0.13154928035144475,0.18273796874077858,-0.18192970863694863,-0.22764645160566174,-0.04733405275730775,-0.19231306194253123,0.05188573087650889,0.07266347914393322,-0.019202220830771565,-0.13573695920510973,-0.08817945706883518
60.0,0.11547117112270178,-0.06784824394802916,0.013496604518478839,-0.012070311248167553,-0.03177392895181979,0.10186155070462552,0.10042917636565969,-0.15318958096271962,-0.2654953689512711,-0.07087622714388411,-0.19764975470174828,0.06998359261485161,0.12310153575237011,-0.009011613169873303,-0.08663375360500854,-0.08190012585531813
61.0,0.10384542845727443,-0.11459813325726562,0.029374145195879667,0.021023460676005228,-0.01337750985984774,0.06246697287763393,0.016008845607798826,-0.12052959072367336,-0.3051517872654826,-0.0928800846149112,-0.18592001741380712,0.08025664516828211,0.15360724516818197,0.005752176706483631,-0.037349167995796094,-0.07004598389305383
62.0,0.07579161139652986,-0.14343977383225107,0.04192832005367834,0.047242823254926444,0.005227480039836802,0.023792908382970643,-0.05711148218393381,-0.09028023321209731,-0.3403997424836182,-0.11108464529944018,-0.152015796861692,0.08181233116874517,0.15943366398760342,0.02083461256231193,0.0032036900334909634,-0.05593778193327574
63.0,0.040232438459052354,-0.14304632843379925,0.045863383767740316,0.05735600887501304,0.021306169611072963,-0.0037680062712069596,-0.10914589908258973,-0.0677480114545648,-0.3627485697429907,-0.12589690022927102,-0.09801362329948095,0.07544081167022876,0.1414887427748217,0.033390853217324296,0.029615737689768374,-0.03984012484637177
64.0,0.009881078442323072,-0.11236577091450785,0.03979332330954007,0.047996773666624325,0.03237854841981238,-0.01220406885929214,-0.13558566099652247,-0.0555711709124883,-0.36436017718374997,-0.13924445675134126,-0.0329839954441572,0.0632226825476149,0.10552684035904708,0.04292658999100028,0.04076948592344027,-0.01913343626211075
65.0,-0.004210958904917522,-0.062373511097082744,0.02678916836100765,0.023284723336281142,0.03740638591958021,0.0027867042719346333,-0.138182405609442,-0.05275288330413008,-0.3412060340781947,-0.15335113517913151,0.029799209955089983,0.04799554469824321,0.060811269357610075,0.0509059978745267,0.03993329736695548,0.009021562149664505
66.0,0.0022377454036367622,-0.012511333476332825,0.013190362943157164,-0.006466483030321379,0.037502908140504075,0.04112572016691466,-0.12450535710077261,-0.05519968663942577,-0.2952153120491082,-0.1695663912556754,0.07658516294521697,0.03285926757109354,0.01814267231848321,0.05956965265551456,0.03372006878903136,0.04474400011736734
67.0,0.02461102627297193,0.01745766690380282,0.006353963900883118,-0.02881418972749095,0.034953854163525866,0.09771693399067288,-0.10563216856111733,-0.05746364242811838,-0.23514888008662915,-0.18717809652371306,0.09638690056842412,0.02076319880745993,-0.012778761813151457,0.07042007247758199,0.029532640037392956,0.08421809963701345
68.0,0.05125893283499171,0.016045157801119144,0.012131513459651546,-0.03421410163660362,0.03149292517343538,0.16165191945316207,-0.09288036980878916,-0.05466931776044724,-0.17572810990028745,-0.20269506043407234,0.08336962314278726,0.013998673934572487,-0.025775648990394036,0.08301160869165677,0.032312770291245234,0.12053770738310743
69.0,0.0686661953366454,-0.015466523694531152,0.03208720847993493,-0.019639552651229356,0.02741094051218342,0.21650780949100812,-0.09455962078983399,-0.04394856178982134,-0.13389229777451434,-0.21049099599715224,0.03808752264347439,0.013673690891246279,-0.01934773026846284,0.09473367691156641,0.04204435324888473,0.14578835421067168
70.0,0.06766039572621678,-0.06417737359989877,0.061255129327855755,0.010444492621374613,0.022004012421193892,0.24385964621736203,-0.11300747988005902,-0.02525772767081353,-0.12244677851630127,-0.2050591303744082,-0.032551695818204586,0.019308900363286224,0.00340368803775151,0.10163074086306201,0.053391381126817315,0.1534648828864368
71.0,0.04728989784596298,-0.11141675733218571,0.08900946933195189,0.045801661059584754,0.014814223578814005,0.23016715358644177,-0.14304166602208296,-0.001581165342414815,-0.14415088056459757,-0.18354108928304524,-0.11600798556208092,0.028560478825498486,0.035338626744640333,0.09989790945304235,0.05838431807428866,0.14056101268884563
72.0,0.014173012496460979,-0.14081806155488436,0.10416740782037379,0.0742476753205574,0.006633595019601375,0.17360288304252747,-0.1736826811354127,0.021561159406357597,-0.18980755716008285,-0.14649129704665168,-0.19510712594239865,0.03741894522175528,0.0664642148026079,0.08773908233066477,0.05138482547114912,0.1086440242932879
73.0,-0.02181383193973988,-0.14455669535582188,0.10098430975488631,0.08615752466975882,-0.0007136433075282011,0.08639322676605504,-0.1928654729475454,0.03761165238901934,-0.24163814133206796,-0.09669152315175333,-0.2503634710606282,0.04138656385090661,0.0865986866360749,0.0666922083033052,0.03319524044364979,0.06346473534283495
74.0,-0.052527780521567605,-0.12467712359473153,0.08133551118571503,0.0778146738416396,-0.0057671211438212145,-0.008923429233059317,-0.19232069682675712,0.041777267456324145,-0.2806675423096366,-0.038295437672680774,-0.2651736974604236,0.037322269206361995,0.0892431369693422,0.04112977231222722,0.011067052996362198,0.013384792986569251
75.0,-0.07441192525057327,-0.09058667830501937,0.05232426914733375,0.05247354255801822,-0.008620720733258291,-0.08760861613291056,-0.17049704577640207,0.0342056476462093,-0.29460649298195035,0.022096063612609147,-0.23283857197930785,0.024718818709490834,0.07451735216262562,0.01602666277285899,-0.005365998228055233,-0.0326467323513558
76.0,-0.08818030678636637,-0.05547618230520641,0.022264807371608616,0.019061124509875998,-0.010685384155245227,-0.13186779104966226,-0.13332976549281325,0.021193938956617277,-0.2815864596708433,0.07406230007919685,-0.161200615132158,0.005550185101980082,0.04882678758160215,-0.00511196440364125,-0.009058308862065552,-0.0670657090510191
77.0,-0.09656626694147595,-0.03224258991017267,-0.00234256058129171,-0.010833340179540307,-0.013425369242944862,-0.1369238599297686,-0.09263287852460236,0.012770376951722923,-0.24775332801491007,0.10470537867943563,-0.07109676113435211,-0.016735154278150245,0.02128442260239759,-0.020504100089429832,0.0013577740992565905,-0.08540520233371299
78.0,-0.10232325717923223,-0.029086860194125704,-0.01798656038264996,-0.02679310899833161,-0.01745876723659966,-0.11074292739950585,-0.06173455532588286,0.017441847668776985,-0.201716861179446,0.10362208891491634,0.011464953119996773,-0.0379912323889034,-0.0004540340933917551,-0.02895922882877983,0.020963676796911124,-0.08736238566040401
79.0,-0.10748027611449235,-0.04662134842092302,-0.023757839848114755,-0.023414441560184067,-0.022753679318290206,-0.06787493924788929,-0.049486368887443746,0.037122568019201475,-0.15068638292367886,0.06909710263111532,0.06555901406951306,-0.053927580903935,-0.012167334446885251,-0.029352403380807284,0.040262056168090206,-0.0765717678619198
80.0,-0.11320208114921863,-0.07775157862426647,-0.020614346250580357,-0.002867791251776472,-0.029345808201429492,-0.021788157763029056,-0.05529970836142447,0.06563288371331225,-0.10026016406313178,0.011168538259482618,0.08247049275482966,-0.06120167907914097,-0.01253328738413022,-0.021853592752144126,0.04896587052253015,-0.05882136973876717
81.0,-0.11951664991302359,-0.11013043026772211,-0.01122083334790437,0.025609831002465507,-0.03744086460735032,0.01968596108921332,-0.0683159500799835,0.09192426839465236,-0.05601157696280794,-0.05164523035676084,0.06601934946048023,-0.05898364311153246,-0.002082149460403791,-0.009628634264660159,0.040567653279355353,-0.039575816654022024
82.0,-0.125099786988521,-0.13091179974631195,0.00025743581625910206,0.04978136756794561,-0.04653223915165414,0.05433479847957106,-0.07260303938822,0.10595322884258679,-0.02380246194025112,-0.10094816639589303,0.026954773434406193,-0.04970761920923124,0.017028329614300643,0.0014830208542353123,0.015591262580628073,-0.02237446278193828
83.0,-0.127494688218796,-0.13237255895417221,0.009277217866763948,0.05993083995936157,-0.05453931921410663,0.08268640088138415,-0.0563239317381297,0.1036421688754478,-0.007534493800878961,-0.12699777878491567,-0.023785589654786683,-0.037837698785115524,0.04129933692624423,0.006087623634870149,-0.017980115931214274,-0.008823841978249088
84.0,-0.12376654289484236,-0.11489477948643032,0.012514893101259446,0.052661103135644614,-0.05831196639129671,0.10482091364542019,-0.018766543582079936,0.08845839555003146,-0.005944665385348661,-0.13148909071931217,-0.07817444831715616,-0.02719780126905883,0.06681810257724932,0.0027878554045618043,-0.04745513046137824,0.000607408007719805
85.0,-0.1115707360643937,-0.08534905140511333,0.008962384228331434,0.031276379396176675,-0.055517449428091815,0.11854246842680881,0.0297014265729489,0.0694983762198467,-0.01167896435829763,-0.12361708790951939,-0.12979257512997322,-0.01890473228351349,0.0898673216079678,-0.0050863570408970285,-0.06051844546843954,0.006223785220886276
86.0,-0.09054279462629845,-0.05305263891143765,0.00013965603298976052,0.0033476880636674924,-0.046405598881485495,0.1196289325521994,0.07386774460790978,0.05740787768743742,-0.014478256278797624,-0.11335293021175324,-0.17130230000101265,-0.0113488787584392,0.10711464712713493,-0.012063388509670338,-0.05069488950898407,0.009435373714015954
87.0,-0.0633548361550066,-0.026303620180566974,-0.010600233312343816,-0.022733921140525176,-0.0340193460194995,0.10413138476918113,0.1013030962738675,0.05955244497148317,-0.0067289593056138125,-0.10650369746740286,-0.1941654772951158,-0.0018443441802913293,0.11653203628044181,-0.013946876756689767,-0.020676519060291467,0.012797354750944642
88.0,-0.03543395443549471,-0.010155897631330818,-0.01954772472676198,-0.0407320996538601,-0.02297284795180835,0.0716541102952999,0.10739699024541952,0.07627738356624342,0.012297546877986761,-0.10365889646389331,-0.1916406265457969,0.011424643393357104,0.1189004765160324,-0.009682190013771661,0.018339209836622385,0.01870380799454258
89.0,-0.01303379104740664,-0.005186741976401929,-0.024156732203649046,-0.04851347553436284,-0.017948707323576712,0.027342110620676794,0.09643714302572769,0.10044005789248027,0.03581053248651375,-0.10232781635764099,-0.163116754562154,0.0281766104080048,0.11803534865508417,-0.0012883112863822804,0.051084433038810835,0.027209430806705105
90.0,-0.0005247112953668448,-0.007764544923632397,-0.023713034251825423,-0.048547429361202835,-0.022261142434636717,-0.01946724349401466,0.07911872296999518,0.12068376363968336,0.05274832546699771,-0.0994470470500592,-0.11561546173095658,0.04589329214377383,0.11885723431002534,0.007320543454804247,0.06430898262677717,0.034926782655614774
91.0,0.0015964835715712256,-0.012042633593267358,-0.019223956493707846,-0.04627043692489731,-0.036034766204188315,-0.059414460891253004,0.06777727080438022,0.12641440112253644,0.05368746631582691,-0.09183799350600429,-0.05970099450786849,0.06085212779391019,0.12477823172370578,0.011934089186462228,0.05206962637262023,0.03637015382119448
92.0,-0.0033840048671371263,-0.012839709127323106,-0.013126664410205368,-0.04674013318432794,-0.054721120312263116,-0.08741737824738785,0.07118068697963971,0.11168161585922591,0.03645567985852768,-0.07548467258592839,-0.0026511209035852195,0.06976457279966655,0.13603622447428965,0.009577651515805703,0.018330642356643705,0.02702491305214769
93.0,-0.010621992665404716,-0.00829872223111979,-0.008760709127578564,-0.051720118104153855,-0.06993819107175986,-0.10495010241967034,0.09071171319469246,0.07635354280903338,0.008198929814318945,-0.04637366345960427,0.054851413162987334,0.0707545999215643,0.14916887663347128,-0.0006371555186639794,-0.02442202754105855,0.0060784196999238375
94.0,-0.016281022704542628,-0.0009049180168467816,-0.00926336846322938,-0.059098623048580136,-0.07332301585885521,-0.11924966951916444,0.11961762890024122,0.025014894826304063,-0.017343559167607967,-0.003311482154502227,0.11583018368416843,0.06328682559366745,0.1576255575939336,-0.0174485577146376,-0.06060727535677596,-0.022830800058279012
95.0,-0.018509543252838125,0.0046928322625381085,-0.01611356886826385,-0.06464651786804192,-0.06126492365507296,-0.1387027348313244,0.1464779738469801,-0.03471169936229652,-0.026174474289139858,0.050048831314082144,0.18123009776178078,0.0481812545182417,0.15398607236857634,-0.03778393692013912,-0.07868807350438624,-0.05294480447892444
96.0,-0.01666836614965029,0.006126183572337937,-0.027960161435601347,-0.06483994254769779,-0.037204389857447964,-0.1659346617880659,0.16156483393883847,-0.09343732341747776,-0.010866420609958224,0.1063303858068825,0.24623568561560694,0.028351860867279935,0.13340129129760184,-0.057493967242986735,-0.07602989079584513,-0.0767764642708552
97.0,-0.0101672074679877,0.005972819783251641,-0.04049329435283575,-0.059149514314995745,-0.009820052601359588,-0.19359753995396026,0.1617926371898117,-0.14134866697675347,0.025955728885008796,0.1576037216387035,0.300876106275331,0.008998965858595371,0.09626766909562325,-0.07242403762649134,-0.05877499494398997,-0.08866622989036797
98.0,0.0015128542554814584,0.010001409605969017,-0.04801016602646558,-0.0502847647363899,0.011699742581833336,-0.20690008253319386,0.1510028278037525,-0.17024324364950308,0.07330359164906536,0.19774678590609307,0.33393907536008166,-0.004161620971856669,0.04806648659006113,-0.0793092307986435,-0.03737268783477404,-0.08679282704048784
99.0,0.01729913708869354,0.022875186376001333,-0.04623856350374226,-0.04212633229054473,0.02222515094602165,-0.1916129469959775,0.1367876043735573,-0.17590072717766772,0.11693403857170477,0.22291495883210877,0.3379181703239714,-0.007989556076378752,-0.003529089430235237,-0.07636409979207019,-0.02090675063480127,-0.07370677410418254
100.0,0.03328812362349442,0.04485606190941274,-0.034618014518897317,-0.03706037451331727,0.022404763688368606,-0.14267401489761067,0.12681504889033615,-0.1596783502480723,0.1446199056843116,0.23112015796540314,0.3124683557791625,-0.004024539430303929,-0.051951781059704764,-0.0638391563397843,-0.013412113242668501,-0.05508391186034215
101.0,0.0437336801031889,0.07130698194980029,-0.016658286363632976,-0.03475336672256962,0.017032832223421685,-0.06865156372967528,0.12581681331062244,-0.12813750843830538,0.14975744973597363,0.2221833106335861,0.2645762460002433,0.002300761673595694,-0.09318119903128007,-0.044474599748642964,-0.013498806382778101,-0.03742234577030316
102.0,0.0437571327072499,0.0950414100708982,0.0012979234305936474,-0.03283054867357231,0.01174720654623268,0.01060285645062544,0.13376748972931962,-0.09038196144961654,0.13286084930520195,0.19856534672845816,0.20576038646406342,0.005253873452881186,-0.12504500055387366,-0.02342465559733082,-0.016463055297897634,-0.025653688317397876
103.0,0.03163155471462619,0.11022344436591017,0.012062813809166406,-0.028562263292847955,0.010404725200534374,0.07226675988222592,0.14627459396762205,-0.05448917420265077,0.10056574994078847,0.16622486940388095,0.14811703274581237,0.002822373944866776,-0.1458997612902764,-0.007021471521855294,-0.017064097116180118,-0.021537991238873472
104.0,0.009449530948686483,0.11534697555676886,0.01013998910533692,-0.020289971058484454,0.0142737984815239,0.10023328307212423,0.15692482784992473,-0.025173827820219687,0.06275170715160307,0.13395055340266032,0.10079347195615271,-0.0019076576458250303,-0.15439688695392279,-0.00013421403182157737,-0.011622698062748056,-0.02337154253092838
105.0,-0.017450854021671743,0.11366993451191948,-0.005629252861237703,-0.007833111409659883,0.022338677872798276,0.09082708878952372,0.15999925172941512,-0.0034504731598980123,0.029868586476981818,0.11114793615389659,0.06825308666632039,-0.00290160418522185,-0.15063560602873963,-0.003501311990171872,0.0007485709287207761,-0.02688255784424555
106.0,-0.04174725263764618,0.11152144597041883,-0.030764611677633523,0.007722734318580755,0.03161284196595654,0.05222798783200708,0.15237564387703745,0.012647468181737082,0.011282112483835123,0.1053738728793,0.050970641970876175,0.005144765819667912,-0.13735653060244368,-0.013346692181046458,0.017592026576560737,-0.02703505585653496
107.0,-0.05636319410769648,0.1151968654232221,-0.05645424673602614,0.024171559478641615,0.03770966937991547,-0.0008378036441515156,0.1341334060288857,0.02708772436246342,0.0130742662704302,0.11983284038693645,0.04685926183635064,0.02389613751991767,-0.11974571239470365,-0.023873191029716776,0.03372283074283139,-0.02047685148742574
108.0,-0.057502958379917875,0.1271105631270173,-0.0732405687796029,0.038467114849088505,0.03656041328819071,-0.05334842460084002,0.10792832932273262,0.04428106798572366,0.035012973262435625,0.15099561422533064,0.051558718622588456,0.05005550405506678,-0.10380372469053814,-0.03081195061820046,0.04349637474746274,-0.007564072961982051
109.0,-0.046489386254885724,0.1435655630568835,-0.07540061388679212,0.047605351446764164,0.02669503879261843,-0.09372302132109199,0.07793381134675102,0.06678121026882211,0.06963172899849758,0.18851868557164894,0.05883740339261663,0.07592716620269957,-0.09407039366797555,-0.033578299209947524,0.04368241635273964,0.007738048587076137
110.0,-0.028648825721182363,0.15640217984948093,-0.06345356589931879,0.04994247700543374,0.010318220465479326,-0.11452858146445263,0.04895503200283433,0.09332736669730474,0.10552384645100243,0.21891944861201174,0.06292053265748507,0.09213481893800887,-0.09149977792710633,-0.034468659870680485,0.034985458742543565,0.020554798380961827
111.0,-0.010206809663772642,0.15736314778393656,-0.042937394602997496,0.046201043829035955,-0.00749057472390609,-0.11244307996703518,0.025279275815369463,0.11873085812982886,0.13265128283988079,0.23095989890518714,0.061295931424817394,0.09167179334458571,-0.09268477774326453,-0.03527418059556845,0.021310981891486412,0.02849273731652386
112.0,0.0046348595435571575,0.14220234539594725,-0.02038691011360005,0.039312185354274116,-0.020521521706329333,-0.08882186580857551,0.008976716538980052,0.13606707910922228,0.14607062166789914,0.21976218207032452,0.05541128244921665,0.0733416835513909,-0.09154273682284864,-0.034230134695544846,0.007561249465737415,0.03292984499258024
113.0,0.015429038473321286,0.11283869585585031,0.000251703052124497,0.03300397786305763,-0.023137750465812113,-0.04943372900336568,-0.0013008926431002093,0.14011475598654852,0.1471320642179816,0.1885656785640572,0.049122318987855726,0.042792627073500414,-0.08270546638210426,-0.026619014531468265,-0.0024169955302165047,0.03731428519033135
114.0,0.025554738701485627,0.0767909992783317,0.018212565596787005,0.03001367472349816,-0.011818502401605587,-0.0025704043258836804,-0.009895739888833285,0.130030350709373,0.14270313140206334,0.14814061798574188,0.046612332209981976,0.010216672048513174,-0.06423369893977182,-0.008935571183092567,-0.006598899271569375,0.0442857549439545
115.0,0.0397340818055203,0.04386277089137068,0.0338512467557559,0.030864336459549776,0.013432723882037582,0.04268362827738145,-0.022216518409203516,0.10970737433602733,0.1420707301365343,0.11385825533779181,0.05127684464880489,-0.014676589295116501,-0.0381641616393667,0.017260501144409777,-0.004417765370101232,0.054004436182558964
116.0,0.05950957178908429,0.022070136345379746,0.04656789844064718,0.03371570519251027,0.04834908744114021,0.07730021891388938,-0.042040500798725546,0.08608618156970856,0.15202284104387306,0.1007338292168612,0.06570751478065365,-0.02756732069519077,-0.009256427074836504,0.04530609206895311,0.0039082876234746355,0.06438080038088544
117.0,0.08017929061400299,0.015571109058806456,0.054644422185566505,0.035362212627305885,0.08491820784057366,0.09406770207851982,-0.06916573891630876,0.06690830563443775,0.17299766701874045,0.11772607813899519,0.09122568982720078,-0.030832617132745075,0.01715846395784396,0.06692200341758353,0.01774578791930205,0.07243664228606478
118.0,0.09274925826198009,0.024919681728531182,0.056322134933288595,0.03292611336404335,0.11331034901233515,0.09065079323884688,-0.09936817653842202,0.05872383191622549,0.1988684397947826,0.1634936484938921,0.12574488128558634,-0.030329889660682167,0.03742421646788939,0.0763452189519706,0.03575635460700492,0.07597758775702616
119.0,0.08995924197844697,0.04742399004015514,0.05056240881591248,0.025518530720063045,0.1249792300950269,0.07158367476622789,-0.1275061083177866,0.06504509684701769,0.22011127471796765,0.22554897715261663,0.16163533208942457,-0.030272177608309508,0.05063308303525722,0.07272209134446261,0.05517186302365136,0.07491826288327169
120.0,0.0712988972863413,0.07657332190513041,0.03730699142926413,0.015090730772530288,0.11592573062364996,0.04763491806120644,-0.15126599319558748,0.08514129541236815,0.22816910336094753,0.2835969129180379,0.18680598915854113,-0.030065391068211635,0.05761892108481062,0.05997769464396885,0.0717375942287958,0.07151626976607578
121.0,0.04340002944419212,0.10276297941981002,0.017846900033982756,0.005731740109814319,0.08839646260402363,0.03342926346511586,-0.1718697369056829,0.11462539229902644,0.21899694144446027,0.31677458766998073,0.1899964663213829,-0.025011304379880566,0.05914507718952171,0.04462395609175563,0.0810943793289352,0.06932338155837163
122.0,0.01687479536244903,0.1173957152464078,-0.0046252162004397634,0.001477653069441394,0.05001744217277361,0.04403525100816237,-0.19107223890259664,0.14790932800725587,0.19475428700830236,0.31247655446660716,0.16726460953150077,-0.009701008787257118,0.05583056104314057,0.03294466818342976,0.08079030626213612,0.07147745218531106
123.0,0.002192813211092942,0.1180655503944302,-0.024766822552465914,0.0040932020810475565,0.011006216387308284,0.08996392413865015,-0.2075749363382585,0.18089112164996266,0.16304455389458586,0.27172296081576836,0.12463587193189189,0.018306061486447693,0.050076803210663094,0.02903186690689176,0.0714410829110222,0.07902175873649513
124.0,0.005745060542891941,0.10976321757397502,-0.03606363499581993,0.012391093588118109,-0.019097067151522207,0.17133159445540616,-0.21675050932741907,0.21169305136755262,0.13374622703202463,0.20685398074958303,0.07467073783938541,0.05617538552398714,0.04698943764932416,0.0339339878096064,0.056505124678674155,0.08980599203878874
125.0,0.02703787466848664,0.10030425315297073,-0.033616197290827446,0.023052992686672352,-0.03404954605429029,0.2742482263146778,-0.2143270175928309,0.23870446119482547,0.11478412883414504,0.13293569417325987,0.029597581255577512,0.09570657511558445,0.051790730690883496,0.04542136706601319,0.04102628347222116,0.09884262169854278
126.0,0.05842123879947193,0.09429145020874803,-0.017313605806958843,0.031831058670471715,-0.03239561477910783,0.3723134222153485,-0.20019344692234556,0.25792804077395937,0.10877574004859905,0.05909211954164818,-0.0048519405733593035,0.12572062260919695,0.06535599320886205,0.05842262780261748,0.029690674324165313,0.10066398423103806
127.0,0.08799448205945626,0.09159943804900125,0.007340541037761191,0.034499699936581696,-0.017733978918323085,0.4333738709199838,-0.1778421241631632,0.26263619930616855,0.11213779498383501,-0.01474675578492176,-0.03236220634773228,0.13618000177405745,0.08220992397504255,0.06642349460566034,0.02469924567544268,0.09250208441805868
128.0,0.10494378442582523,0.0910233721250651,0.03163570644986192,0.02767214702948766,0.002343171994087922,0.4286556285632652,-0.14968883822083043,0.24605041566399422,0.11734130596037294,-0.09487299141998773,-0.06462856349034941,0.12225220496239375,0.09339159049864611,0.0634039615331051,0.024571233620391826,0.07593915357699105
129.0,0.1047684527634242,0.0933419748753909,0.04749577451108326,0.00982002919258594,0.018652880378615365,0.34057248286548564,-0.11367188418457613,0.20494238157880895,0.1171747833711756,-0.18781598207924335,-0.11590397691181942,0.08619734699886057,0.09219703538207633,0.045660611476834506,0.024857616666064238,0.05584520037729116
130.0,0.09086086088106742,0.09919089432092353,0.05055572421549929,-0.01754466641761295,0.023647763464076585,0.16762350968803716,-0.06545102054061772,0.14153140777707462,0.10806310808369926,-0.295237853175209,-0.1954560067816618,0.03588948572613169,0.07829113793440592,0.013288764725392853,0.020485592672995274,0.03743269375458054
131.0,0.07108117468973091,0.1051787432188535,0.041323376407621515,-0.04943284585156733,0.014332740579067728,-0.07288941500963803,-0.003771097490488212,0.06283425660701773,0.09006977803693579,-0.4114620383368674,-0.30090501385448515,-0.018943165280714994,0.0573674501112936,-0.02907691115182764,0.008469119739908361,0.023344879115570576
132.0,0.052072766328972016,0.10494246939010483,0.024195351431577403,-0.07856244402480927,-0.006449823946149956,-0.3441960162108909,0.06675819001199734,-0.02120730889545986,0.06459591344051646,-0.5231140416002885,-0.4153633859253414,-0.06988770802096127,0.037499026962395654,-0.07301707845831366,-0.010106083792905148,0.012722048133098048
133.0,0.035595935984848295,0.09513544473712937,0.004994395820700444,-0.09764481242669389,-0.03117109131153063,-0.5939033855153366,0.13720448973986624,-0.09936526585200398,0.032999098017838235,-0.6105251337879931,-0.5106434340865277,-0.11069989720133565,0.025160749274962563,-0.10868419408769123,-0.029759411723374284,0.0027949220248119277
134.0,0.018564510229389927,0.07985670194845744,-0.011659913549599759,-0.10139053530287749,-0.05092179203976577,-0.7649296686754764,0.19762370849766558,-0.16063168406668238,-0.0028625164066235745,-0.6521515330227212,-0.5570389356719935,-0.1368517105009698,0.0228137867135098,-0.12787700538372532,-0.04298026633966049,-0.008481328527889756
135.0,-0.004379498692978553,0.06896161772643775,-0.023885741926970728,-0.08759245776877891,-0.059405213324681794,-0.8121865152274166,0.2396601285188155,-0.19624410029164885,-0.04011395685382325,-0.6325343378908176,-0.5364088997910387,-0.14554332906869008,0.028743682561209582,-0.12662094241701988,-0.04471587296461422,-0.020694040006449026
136.0,-0.03722100753150584,0.07163500557393292,-0.032324231207544206,-0.057660681689475274,-0.055543194961998256,-0.7191543082529427,0.2578887721922063,-0.20214982903929424,-0.07574460952979921,-0.5507373989794574,-0.45176952225259087,-0.1366206836620294,0.0388318388715639,-0.10622961317025799,-0.03591072596253783,-0.031017406540531568
137.0,-0.07933487212563596,0.09015291908605456,-0.038584527113445864,-0.01680215661240086,-0.04337806746984553,-0.5063243490657557,0.25072397001495145,-0.18115150592876067,-0.10816964523470958,-0.42352575854836133,-0.32713017710502024,-0.11354413568831943,0.04851090509841628,-0.07244511640265032,-0.023151859653228857,-0.03590922304075284
138.0,-0.12456758666295156,0.1183943973420129,-0.043605032926805176,0.026679468216684807,-0.029773346050528532,-0.225372703272533,0.22159432593755218,-0.143276868270058,-0.13813625987218817,-0.279328421536243,-0.19664069204468462,-0.08307030617295273,0.05351761056343279,-0.033253993835145525,-0.014613242866225836,-0.03345442711648718
139.0,-0.16308822386102415,0.14627605491336748,-0.0469448473234828,0.0632654779701413,-0.021537470188832352,0.05973631512222507,0.17951461182511189,-0.10283744821098803,-0.1681007217311204,-0.14532083635283058,-0.08926403103489103,-0.05298541044888651,0.050258433756831505,0.0035103379848959184,-0.015472301248170674,-0.024698046242963772
140.0,-0.18456445252064552,0.16678347925214124,-0.047092465702330485,0.0848549191524211,-0.023026779246068173,0.2949394110683219,0.1372902049975561,-0.07263820242576446,-0.1999340032903717,-0.035962800427679305,-0.018281442587596126,-0.02892399345393526,0.036894731532800595,0.032047405506865065,-0.02597338165458061,-0.012966758648146663
141.0,-0.1816556154590528,0.1799517424965328,-0.04221006276903974,0.0873704907000362,-0.034417489517002325,0.4498886623329252,0.10696342488118861,-0.05860517687407293,-0.23216217668704295,0.04906650361638436,0.01921980706019986,-0.012419072559190381,0.014438756371271967,0.04966585140004574,-0.04247308833097109,-0.0019726777321778226
142.0,-0.15331721526284584,0.19067588069815475,-0.030802511597771344,0.07222643524892312,-0.05112826161475778,0.5183589446442686,0.0945127249795823,-0.058513370243131746,-0.25905278521900715,0.1167655671072616,0.034784869629471,-0.0015698821651703354,-0.013217363110869877,0.056786951986478915,-0.059565354070309745,0.00550730768470682
143.0,-0.1059890143018873,0.20263047151805114,-0.012388769135258269,0.04561817224297617,-0.06521156589300783,0.509249502683882,0.09704235354076092,-0.06556459429834947,-0.27248108483463346,0.16964466646294,0.039145306710449426,0.006371978689372186,-0.0402926768647684,0.0558544291092645,-0.07192160380163595,0.007703824049322979
144.0,-0.050989013094000044,0.21330652844969764,0.01162538526701079,0.015866211339095805,-0.06856922476776187,0.4364150534493618,0.10428968816513146,-0.0739159740096015,-0.2650543188199601,0.20019201532116013,0.03664780243371025,0.012520169986766833,-0.060872726917212565,0.049838983510509166,-0.07582499924610998,0.003524351414519318
145.0,4.4486910607727434e-05,0.2130945026065629,0.0372913384091381,-0.009665375996119307,-0.056655502097968005,0.3134611901244712,0.10301771643463671,-0.0822216180594343,-0.233100363333381,0.19403310523853404,0.025194990020827507,0.015297141129688207,-0.07148706126540796,0.0412009656228483,-0.07058809752866156,-0.007559906458134787
146.0,0.03822281792344979,0.18820916224268697,0.05852945876248047,-0.026649675908203385,-0.03093820184947006,0.15489910207184454,0.08157710268037613,-0.09337141853436999,-0.17924899039740186,0.13865709675161692,-0.00011275788011328929,0.010891384474114174,-0.07374898011252047,0.031507655630546985,-0.059166329242951794,-0.02551647004238776
147.0,0.058369653007042804,0.12649772676344798,0.06907122390862705,-0.03438816075631731,0.0013767848236471958,-0.01927342565844108,0.0338917460667238,-0.1115100826844991,-0.11347379753876422,0.03278483062461961,-0.04166702272221786,-0.004981268230067564,-0.07497164826017025,0.021488886538588246,-0.04668068116614818,-0.04955991939516462
148.0,0.05961610961165468,0.024965150110969243,0.06523738539401713,-0.03519449435310039,0.030447433336042103,-0.18103049034444968,-0.03688075801703847,-0.13857903683289238,-0.05091704420357108,-0.10802440026991075,-0.09440498598998658,-0.0342777544694425,-0.08495867530915552,0.011478640679926086,-0.03733535422536394,-0.07762389368443151
149.0,0.04604529089034002,-0.10478032730869972,0.04778812169625968,-0.033110189766784266,0.04772196210533277,-0.29832732811353324,-0.11699313637231977,-0.1720900554280686,-0.006730460442540828,-0.25296980977437206,-0.14435121596669195,-0.07387289995613155,-0.11001643962811569,0.0020368141669079845,-0.03252689701199938,-0.10592579461091423
150.0,0.02580498394173419,-0.23903600676867656,0.02147278272261364,-0.032317277642658467,0.04848213146617787,-0.3456551151258835,-0.186499420986619,-0.20520677923912026,0.009573754607910752,-0.36551977023124393,-0.173028363278547,-0.11506650699545361,-0.14844863607167258,-0.005860131087206104,-0.03151479439641738,-0.1293103708299328
151.0,0.00792075531528109,-0.35331784755664375,-0.007284488636316289,-0.03558787397800876,0.032751810646587005,-0.3158557180357782,-0.22907262850514684,-0.2293823639216355,-0.0025367868470722236,-0.41708727448964733,-0.16634181661035696,-0.14683930118447913,-0.19128898082053594,-0.011226096671852825,-0.032810828555893914,-0.14252227082844734
152.0,-0.0013799868463596798,-0.434191555867097,-0.032729002030718074,-0.043381683557794044,0.005365687158664526,-0.2256422683357952,-0.24060666460189062,-0.23816554922184235,-0.03479314106723568,-0.397893751668389,-0.12258852078997985,-0.16120288807461536,-0.22756655684686886,-0.013444126349770527,-0.034518010667608776,-0.1419579718441878
153.0,-0.0004523900288784688,-0.4823952294582069,-0.050749566176310476,-0.05389490492492383,-0.025008170896699745,-0.1101276904718956,-0.22970160826275154,-0.22984976370724391,-0.07323549812781198,-0.31928779318772793,-0.054104679321464635,-0.15692730700241872,-0.24984082562414528,-0.012398103675788929,-0.03421544490417613,-0.1274009900936102
154.0,0.008199326064914985,-0.5069727276345639,-0.05870663520453796,-0.06363190242613156,-0.048548879613682934,-0.008212256516522439,-0.21059648493799513,-0.2075710882505182,-0.1028593586676016,-0.2070618901034776,0.018767613889812216,-0.13932054703810756,-0.256463055446909,-0.008783329053656471,-0.02957615300558703,-0.10303347391301983
155.0,0.019457253603084992,-0.5170664129192282,-0.05525869359438964,-0.06819483739265396,-0.057855357414064064,0.05341954362680426,-0.19480419595761095,-0.17712653670780645,-0.11209860977510132,-0.09015024393049746,0.07785648815277935,-0.11666721205204697,-0.2502056234180496,-0.0043135315636927745,-0.01956697806572861,-0.07664844625233729
156.0,0.027586725036272366,-0.5169650400229501,-0.040823975103504946,-0.06354744821326426,-0.050455426738753424,0.06893662167210729,-0.18618283298132263,-0.1439568918909217,-0.09554218505575506,0.009649021097335578,0.11550042796806911,-0.09587358156955685,-0.2352270469806042,-0.001042895967229154,-0.005126983438410423,-0.05678580120912333
157.0,0.02844862400795167,-0.5058969628342619,-0.018262078225024632,-0.04772306041268412,-0.029141705244358603,0.05056011093469738,-0.18050301849246614,-0.11115477236056479,-0.05450308847745425,0.0828885539092005,0.13620797751140556,-0.0798395557495471,-0.21465140660118948,-0.00020269025437398403,0.011363660379669358,-0.04919887885603262
158.0,0.021021457552164367,-0.48121141046551974,0.007219337696134917,-0.022201398949181637,-0.0005500089320203623,0.017647806681065796,-0.168890201109835,-0.07968936680995281,0.00350322009786281,0.13154693790885755,0.15136624201816484,-0.06753993332915963,-0.1898723966309483,-0.0018359339860773134,0.027284919763933435,-0.054757032714179386
159.0,0.007038072200878879,-0.442482147770186,0.02939837607459961,0.008060794435561092,0.027063847221943747,-0.013949368405946986,-0.14368677053837972,-0.05026757917284277,0.06557779779022452,0.16387763015027196,0.1714402733156595,-0.05616609594893378,-0.16118623363252002,-0.005356426908422422,0.040532417958691065,-0.06974797364831718
160.0,-0.011109464671251745,-0.39420005918003864,0.04299316509550878,0.036370154901740386,0.04621384616787952,-0.035691947084353345,-0.1039673265009937,-0.024863658985623108,0.11541683313493144,0.18820411826261368,0.2006773383423842,-0.043814421716837686,-0.12871233230355883,-0.00985415107659611,0.04955838122522852,-0.08777743095778921
161.0,-0.03212681655922424,-0.34523592276441706,0.04542378357009389,0.05694628445429024,0.052253886480622104,-0.04379341105168491,-0.057118521011855695,-0.0064642749426183505,0.1376932076125594,0.2083492540649537,0.23613325103522384,-0.03101541146268449,-0.09307299620626276,-0.013834007816558287,0.05328179942037178,-0.10192600929677585
162.0,-0.055287899621412034,-0.3045661855761424,0.03796006021214765,0.06680109434360586,0.044556008474397536,-0.035619400606604935,-0.014896784001493094,0.002744713047778347,0.12393332056771683,0.22255687282879652,0.26984710214576135,-0.019995243075769935,-0.05586089519293461,-0.015605148596677514,0.05118744913726486,-0.1065789932846276
163.0,-0.07840739857554341,-0.27553416558450666,0.025560821667057792,0.06599617849740586,0.02655450695182,-0.009154333961519117,0.013202318214323187,0.003430963584429467,0.07661250479115386,0.22628193177689485,0.2922641746507037,-0.01218140685427699,-0.01941605934712554,-0.014734507756015884,0.04357720464368188,-0.09889977794043027
164.0,-0.09721369604500953,-0.25303964294188075,0.014763324329116475,0.05682857981972541,0.004839711518349792,0.034847568528789466,0.0243110859158935,4.042348766000056e-06,0.008662540806009143,0.21689933824379434,0.2957981423522834,-0.006069935198005043,0.014626636324192605,-0.01286287430809947,0.03201743367238468,-0.07952039690522666
165.0,-0.10737164232857824,-0.22624631551116806,0.010450184796969776,0.042704043733772686,-0.012603031704234114,0.09132710901853809,0.022151694436804314,-0.0005675763063408858,-0.06128086317659693,0.1972621695091742,0.27822796803366323,0.002570728615743682,0.04667168434467833,-0.01249151312123724,0.019689840074349083,-0.05179944352420154
166.0,-0.10713870579656369,-0.18455721811910686,0.013447014889747734,0.027058828257345905,-0.018973838799423902,0.1520630340020953,0.014443561568957645,0.00820766384646515,-0.11520969947759131,0.17591614679460316,0.2448418619686087,0.018146768551906247,0.07823539828654129,-0.01484874106876017,0.01085735207067071,-0.020026106792766715
167.0,-0.09823338583616532,-0.1223236250986953,0.020179723705054817,0.012755732347765706,-0.011432862298716977,0.2083820487410384,0.010271879986489664,0.029147074373564303,-0.14125111880636285,0.1634321230250314,0.20693681196955307,0.042269001128359206,0.10935530281679774,-0.01891931293301819,0.009116409280891281,0.01213699865459153
168.0,-0.08469241661266923,-0.04025199227849821,0.02429848010831907,0.0020432254323262183,0.007297417872905594,0.2531213296500675,0.017893812313961376,0.06006485453858043,-0.1368347490381698,0.1664884945572583,0.17631907273460654,0.07252670618051138,0.1373133070316728,-0.022313635248019076,0.01527715246936827,0.042211541433400196
169.0,-0.0708156084262846,0.05522803602315645,0.019606499204465357,-0.0035425903745030505,0.029828744568200467,0.280816393432652,0.04213734275058899,0.09486449711934991,-0.10822437626650766,0.18344743115503928,0.15966521695693126,0.10356982079976461,0.15803177783214267,-0.022967670151202997,0.026485322927625884,0.06863218131895346
170.0,-0.05919116607446026,0.15278798847199623,0.0033855460039033127,-0.003526566755982395,0.047540523486910395,0.28690595205140224,0.08156614038097283,0.1259165912141939,-0.06637426788477617,0.20478253340054636,0.15667640003843541,0.12917050838263447,0.168499573564285,-0.02014480902384944,0.037641426158966144,0.09015212076281359
171.0,-0.0498245557632452,0.23734163145529255,-0.021281149219144535,0.0014852091639470828,0.05469040228002627,0.26776179496709746,0.1274743316586291,0.14630179038556054,-0.021863063750915696,0.21798277431780547,0.16164222563919334,0.14366742471373817,0.16786815113401268,-0.014113491679168094,0.044240417470668564,0.10535497903276259
172.0,-0.04096843308398558,0.2933078633461038,-0.045779377971466625,0.010237903387016528,0.05064574275623304,0.22285958965860567,0.1666511726921833,0.15146522406894666,0.01749676287517057,0.21317979622221878,0.16587886937044338,0.1427602963543336,0.15679718465732764,-0.0052913803903812,0.04446424822989718,0.11264349606030555
173.0,-0.03068609760186908,0.31036820594088893,-0.05956282312037894,0.021206899233259666,0.03915896887802793,0.1578767197073171,0.18710589805465255,0.1406747218363427,0.04612802010608858,0.18656225252537822,0.16034061008473374,0.12480722006227087,0.13696656695460388,0.005966296492081905,0.03939945338445391,0.11102556737123895
174.0,-0.017722509851771713,0.2887352284273548,-0.055704818705573235,0.03267103940377654,0.025798656675038122,0.08510447079405979,0.18333612820442116,0.11800473772475689,0.06002937962154058,0.14140111634362432,0.13875354184437474,0.09269267907756863,0.11225603850367452,0.018764366945178093,0.0320824472008511,0.10136662922434032
175.0,-0.0014708820515766275,0.2401674822922824,-0.03486043691641239,0.042665888717870804,0.01545701990795875,0.019451319088309292,0.15815874718303416,0.09149120946340634,0.057409526346769775,0.08706474959664581,0.10023811004494171,0.05454021426199531,0.09023868097223989,0.031177321094465436,0.0264496166449616,0.08699787484240035
176.0,0.018449578471599132,0.1840010511105141,-0.0045509183670054,0.049163059665074706,0.010976085235959568,-0.02721554723834162,0.1209316103709875,0.07002546138407824,0.03960458064039445,0.03576842256855542,0.049829108333231675,0.021732665877730577,0.08104470185951551,0.040626262176636486,0.02624057380727249,0.07292825926074488
177.0,0.042283266942657674,0.1402035421264461,0.02571996618262358,0.050634047760550804,0.012748557262008915,-0.049911988629451384,0.08369443434243971,0.059405838005574,0.011201063598824054,-0.0023193935650172343,-0.0034195576387049858,0.004532078195176321,0.09234362383284749,0.04481608738144588,0.03319302045623243,0.06396075822870648
178.0,0.0694651960870091,0.12223938128799655,0.04966000380335014,0.04659310157103577,0.018915569271593567,-0.051605373888182315,0.056708538384974486,0.05953020848601442,-0.020721061461119128,-0.0232137184975955,-0.0496858597361763,0.007349291628445616,0.12333374953197544,0.04238214722022841,0.04489678399895547,0.06258760745304337
179.0,0.09819385116776752,0.13317529843877812,0.06595442979054399,0.037565081651597054,0.02618160527094489,-0.04174431683801037,0.04523454178194763,0.0644289571569799,-0.04772240760531742,-0.029875839780144613,-0.08132604746796064,0.026651937694783193,0.16323255695487873,0.03293952484079952,0.05445319762187147,0.06766842020589693
180.0,0.1262907860971711,0.16726183532698868,0.07613087225125614,0.0246887532124253,0.031179619918676536,-0.03277867257333347,0.049271077025622466,0.06571494729018262,-0.061282360570789236,-0.02952165812570276,-0.09455912936333073,0.05329664865440309,0.19672031215600036,0.017081239330354,0.05355740143931689,0.07483142568405429
181.0,0.1521301117560213,0.21508005095606922,0.0814215756360306,0.00968743322286275,0.03182364715754975,-0.03585707565465701,0.06567136576246499,0.05749420224329755,-0.0547872971617994,-0.03013849022081179,-0.09030922396530995,0.07764666055338619,0.21278632812875342,-0.0031495937017594483,0.037350191743155,0.07877971521618293
182.0,0.17399826487386502,0.267633681237606,0.08177819166578244,-0.004829898935932839,0.028004246959513104,-0.05692432652130732,0.08993644355961795,0.0391155420333539,-0.026265433365329018,-0.03813140734903979,-0.07437438834216613,0.0937470178552207,0.2106454445827778,-0.02370286154314666,0.0074380154178529095,0.07614306058566933
183.0,0.18883801893596577,0.31678778545571235,0.07710858601859365,-0.015659641325273754,0.02128909746807542,-0.09429340264658326,0.11591250619473112,0.014050089660713482,0.019804541233634676,-0.05645988999916466,-0.055831483903432746,0.10030577810946449,0.19855455654916654,-0.03894479928782737,-0.02867025676667914,0.06677430542394704
184.0,0.19257840877328797,0.35359542482222867,0.06826235184514146,-0.020178802793108366,0.013848342418652272,-0.1389859955674518,0.13463094433337006,-0.013067331050425948,0.07328574354802711,-0.08292190873344764,-0.04349801281184451,0.0989816663949562,0.18645611089985872,-0.04353469712367267,-0.06066939229627239,0.05287484326278788
185.0,0.18225679148727073,0.367815873573045,0.05648096549002905,-0.01743347811225711,0.007525569615296831,-0.17829009466678206,0.1353108637829617,-0.0382351138379947,0.1214545392003768,-0.11040580208015192,-0.04265146752190199,0.09196455318480094,0.17809757804869583,-0.034659419443305056,-0.0792959269919037,0.037433021816015495
186.0,0.1582362039990892,0.3502518740373252,0.04249646615545752,-0.008271668132590226,0.0037637024760788767,-0.20076636722047372,0.10976048568501455,-0.05822244104354532,0.15272248896146834,-0.1301418657599006,-0.0541277955527194,0.08060949426850746,0.1686434454290022,-0.012998738648466315,-0.07955497620316465,0.023427135478699308
187.0,0.12495417360801275,0.29665539803825763,0.026361441959889414,0.005173625287916928,0.0038062916074665496,-0.20002190539607442,0.05752945927063432,-0.07047654956562403,0.15966958742231174,-0.13571074046584183,-0.07513866409868729,0.06548970519260265,0.14893750798267122,0.017818633821285478,-0.06226653318573081,0.013597692369776992
188.0,0.08945838199734113,0.21054785492247913,0.007600031219818244,0.019910867372845493,0.008104550437424762,-0.17610870037124043,-0.012388774771043883,-0.07346227333030315,0.14087440727701772,-0.12461148043799138,-0.09979903950941589,0.04695393367102505,0.112178591641775,0.052153088894042104,-0.03335185491742353,0.009988130496702718
189.0,0.05823708363586771,0.10324804585639272,-0.014627055805620497,0.03228858255428395,0.015113155650230097,-0.13487745328627623,-0.0850619033770892,-0.0668851733678773,0.10155218126107868,-0.09683195028337854,-0.11937274322456269,0.025332471720651503,0.05811909761138171,0.08288632065650323,-0.0013812269561631894,0.01318536582975954
190.0,0.034404084679994784,-0.008925100930647285,-0.040770428693421575,0.038430746127016795,0.020983215753209796,-0.08581701030927753,-0.14650229855951846,-0.0514920804697557,0.05274082659853101,-0.05290980138776865,-0.12427052134994448,0.0009910087559297273,-0.0067115059589571355,0.1020876346522649,0.025327227082833862,0.021729964532127832
191.0,0.017243819076402864,-0.10904128890631448,-0.06944829107887944,0.03539567188189171,0.02124608799080853,-0.03889174142012437,-0.18982953111008924,-0.02870032643025621,0.008491435757510617,0.005976073493557735,-0.10841289314317708,-0.025102312149724422,-0.0715518763057439,0.10286320686547408,0.04112322324492567,0.032207859282149004
192.0,0.004168833091309844,-0.1835878296180641,-0.09639960369212425,0.02284807965496785,0.01371960387665598,-0.0012265690292371134,-0.21654494021453236,-6.987226778510136e-05,-0.01860611711459551,0.07616180264328215,-0.0733818734318018,-0.05041811346747509,-0.12518655709006501,0.0822019173179029,0.04465307664016211,0.04029226932197045
193.0,-0.006765247193098179,-0.22490584904884794,-0.11513570757320794,0.003996413658504628,0.00030193505189689545,0.024595842120593688,-0.23207448785873577,0.03333205940420008,-0.022191936470813405,0.15001069273977635,-0.029265491938842984,-0.07058395753244644,-0.15952905872342243,0.04320396977604381,0.03901700180835117,0.042286275277937754
194.0,-0.015980324940344647,-0.23207895222197866,-0.11962079896830755,-0.01556824215564274,-0.014219390247354195,0.03885717146792789,-0.2396062635275166,0.0708324017471445,-0.0055217113516883585,0.21594979022700075,0.008121306180776862,-0.0807099169034168,-0.17155713795271735,-0.004933011836345305,0.02954045330138727,0.03617512306611935
195.0,-0.023637105527025765,-0.21045434206632732,-0.10782292792556399,-0.030895681330914235,-0.025481128087588765,0.040792028209212995,-0.23729358551457075,0.11052906663484728,0.01846430988255797,0.2601023691992429,0.021931426572166374,-0.07800460334743203,-0.1631682697415996,-0.049717094551932156,0.02018731438987526,0.02176601336412828
196.0,-0.031101769319717143,-0.1698886155953482,-0.08370183494377577,-0.0402361901444387,-0.03180558569338597,0.02654748034880081,-0.22000514051894685,0.14705450424834557,0.031839996213378685,0.26957678022132325,-0.0002219181570889303,-0.06411147328566111,-0.1399065071641309,-0.07987560091461678,0.011682707918769283,0.0004952560446671181
197.0,-0.0403777690347613,-0.1222444648023694,-0.055480452810974294,-0.04480471471943558,-0.03349979543097466,-0.008483599735200733,-0.18313655997844938,0.17131803914212412,0.02003733077445824,0.23690789334206688,-0.06091872623726891,-0.04531607153171382,-0.109360557286225,-0.08921829838878001,0.002997891851911807,-0.024521711208258114
198.0,-0.051942707842057935,-0.07881841054909187,-0.03078064868015391,-0.04619224680074298,-0.03076184573073357,-0.06499600752983688,-0.12601790380035452,0.1739496717457037,-0.020545921035528717,0.16380112425061275,-0.150109633203629,-0.02982987093373735,-0.07893439678164932,-0.07799430148658361,-0.005674561609351405,-0.0484538634766144
199.0,-0.06376354291079658,-0.04838039844950682,-0.012348754781745063,-0.044362792842007885,-0.023009597337940026,-0.13682958702205647,-0.0540358732368293,0.15065340058106255,-0.0804610390540646,0.061981412848509644,-0.247020346707748,-0.02363298246282636,-0.05319011647885724,-0.051703680987198505,-0.011680764998014289,-0.06549921273564813
200.0,-0.07282272810390182,-0.03648945411862742,0.002122140663322107,-0.03823504730253915,-0.010241970169319369,-0.21160051925634124,0.021027393020073937,0.10540179294889103,-0.14169707100854032,-0.049384429484107165,-0.3261217486938406,-0.027827335339041234,-0.03282634833006132,-0.018539237898393356,-0.011538085336620822,-0.07086197156004354
201.0,-0.07721614384352887,-0.04587072882293592,0.016436607563880164,-0.027712551857264,0.005544785626348106,-0.2733976277962856,0.08320238503320501,0.04928943130824603,-0.1854383095003839,-0.14802181212398924,-0.3641843309702763,-0.03896470885613751,-0.01670566474564912,0.013403896852008068,-0.0037367067668546408,-0.06309833253390366
202.0,-0.07661558923133883,-0.07628943986367641,0.032128240374743856,-0.014618326899932393,0.02082017656250726,-0.3051249578271104,0.11726389088215719,-0.0035769359458176836,-0.19864058536253254,-0.2126837825028945,-0.34568272291116686,-0.05115663824565034,-0.004657827342463283,0.03852031148860802,0.009669353880581436,-0.04479978329646029
203.0,-0.07143203359396125,-0.12276991520680204,0.0473476714241316,-0.001664684248502632,0.032473319513660504,-0.2903162771696791,0.11502671857706995,-0.0404491277959886,-0.1766879418004896,-0.22681220694723658,-0.2656422219026144,-0.05816107619470785,0.002360262692395373,0.055173236208721395,0.023632881663658078,-0.02085040349407917
204.0,-0.06215679357990355,-0.17363749639946277,0.05858333746945041,0.009218962963167864,0.03919985122502834,-0.21681959155061944,0.08003189531643308,-0.05319850892807055,-0.12221838916664315,-0.18268833679032448,-0.13094030720653815,-0.055092907509782026,0.00448216376920225,0.0655970093579604,0.03208787936343526,0.0037675674334926895
205.0,-0.04945229861564595,-0.21143513245335172,0.06334561306901242,0.017658272957355135,0.041078386870810266,-0.08389511189760512,0.027463284768023594,-0.04043448332476659,-0.04269917701184231,-0.0859416495662672,0.03872256052509911,-0.040259154193638944,0.00422462003176545,0.07393259283334482,0.029910284859810007,0.024553772962147145
206.0,-0.03466907922149491,-0.2180635663473852,0.061412568436029616,0.024261386695352834,0.03811659514594972,0.0902915592581736,-0.021811725371655894,-0.008091665141500348,0.05080733648136464,0.0422131346616853,0.211301494323776,-0.016506742255056796,0.005059663608640215,0.08311345438327053,0.01416995954890076,0.03716739920040843
207.0,-0.019976007731575995,-0.18225182007942087,0.05365226097210217,0.029200640242678603,0.02943612912125569,0.2677052919970317,-0.05066164282723711,0.03230675633425619,0.143931410111593,0.1683234266430849,0.34743017254079656,0.009441563924343166,0.00865169348702697,0.09228127451325273,-0.014985016465289236,0.038129224783017245
208.0,-0.007371716095373708,-0.10512259677101998,0.03996120935672571,0.031086846572613167,0.013871793770711856,0.4010967254036497,-0.053180038147689214,0.06755260794234241,0.22044244259321835,0.2563139797639972,0.41114908129932753,0.0300396563331287,0.01343765961904289,0.09651487572830159,-0.05351681424833405,0.026706082785822097
209.0,0.003089879513141973,4.205137862441634e-05,0.018846129054172833,0.02730499525067628,-0.008672661071458287,0.4532353261618278,-0.03548334286689379,0.08751498858225483,0.26632760072264394,0.2801535623788552,0.38283180766653374,0.04093981241774406,0.01606129459047855,0.08944938955991241,-0.0934685291004673,0.006372438647713493
210.0,0.014515800154595557,0.1139444848913473,-0.010559557500409808,0.015870133642441345,-0.03627321354706332,0.41347536164763193,-0.009864968902923956,0.08886658159282203,0.2755597384540566,0.23375670567999196,0.26790687433597715,0.04366391029574346,0.014602052722895609,0.0673825235758764,-0.12484829660938584,-0.015645453116932512
211.0,0.032487047581717846,0.21869925744128357,-0.045777601003636016,-0.0026125304077111704,-0.06499630639204683,0.30048388322929265,0.012985136167711164,0.07579454625312462,0.2538838082821041,0.13249887852036768,0.09625840324510046,0.04490538104141196,0.010762537659116668,0.032248633595025264,-0.13922886867295703,-0.03086013030114119
212.0,0.06199899454617086,0.30115538652808893,-0.0800522456138294,-0.02453621005579768,-0.08974547661681406,0.14962444122540303,0.02856422367687391,0.056856161622889034,0.21708118120559677,0.004829745489669957,-0.0882111144828403,0.05219560587957466,0.008888982168971965,-0.00847754525423145,-0.13307326289750926,-0.032916217131586246
213.0,0.10337605534067275,0.35172915443064257,-0.10428745865593345,-0.044763094084648396,-0.10560641625341577,-0.005175932297679896,0.03807280965295789,0.039734920984946916,0.18400933493642027,-0.12081858623385625,-0.24293418864584643,0.0683555670830693,0.0123120353265159,-0.04489473038590685,-0.10883888089203092,-0.020446626548946085
214.0,0.15019545456031916,0.3636174018045523,-0.11078655122089623,-0.05891867245341708,-0.10924315131327318,-0.14185655241364437,0.044845857493337915,0.02766551470884892,0.16824459737943648,-0.2249867594791475,-0.33910894972961836,0.08887684365145218,0.02004433914548025,-0.0689040793359999,-0.07353276945971736,0.0019631867481326097
215.0,0.1911663990230838,0.33569293122796195,-0.09654680781231134,-0.06509078510371144,-0.09992027402505957,-0.24756448602575296,0.05129488154964099,0.019946488829750798,0.17277703437232153,-0.2972780598788451,-0.36559148759123006,0.10478094113102471,0.026890593850812106,-0.07711491823867103,-0.0357763583436614,0.025614877071392126
216.0,0.21459558847558505,0.275881508079075,-0.06461652190425102,-0.06405157404858593,-0.08003479682710861,-0.30991420710134165,0.058341556537516555,0.014913842470814473,0.19047588968020548,-0.3313418979655243,-0.3250782279828922,0.10889879224402046,0.0267982406463635,-0.07127607652642773,-0.0029300390848789196,0.04165772835254946
217.0,0.21255302585653432,0.19977028918167453,-0.02341371759555431,-0.05823320987626888,-0.05503233240939056,-0.3141714993831365,0.06657161572639159,0.011500824475476781,0.2093419866678671,-0.32273941867435235,-0.22899993619638725,0.10038535927766075,0.016360016051655966,-0.05689128669385707,0.020460938092283883,0.04476781215565354
218.0,0.18306250245662342,0.12446435136490061,0.015872419127681746,-0.0503683846202512,-0.032161683459269425,-0.2512331014208708,0.07717984611863539,0.007798364862438376,0.21825818525737697,-0.27328909311704636,-0.09661105079675457,0.08407224379050442,-0.003914344676957249,-0.04096313025926018,0.03263632082498615,0.03445011974203409
219.0,0.13019005697966266,0.06242742151415821,0.04356261825995603,-0.0422795491493287,-0.01781424312031216,-0.12956770999305692,0.09151109679166099,-0.0008302095195343734,0.20986097900968848,-0.1969693027112037,0.043561981812490755,0.06597969683628192,-0.030499057028532457,-0.02919730146219736,0.033904919006407894,0.014050582410017293
220.0,0.06267298065262647,0.019079482479932207,0.05562042129143493,-0.034186168962409294,-0.01468296344489997,0.02066788745205147,0.10948780891100683,-0.020597514769817055,0.18078579777465778,-0.11896899859760693,0.15690355372596584,0.04931592868799066,-0.05852747516660868,-0.02363108041253718,0.026085333036734232,-0.011015679093295951
221.0,-0.00839509779681395,-0.005561952319983049,0.05468565727560417,-0.025353326762531787,-0.020930971470734007,0.15697009674082268,0.12819312819228565,-0.05508687457764813,0.13094126551919352,-0.065410274773551,0.21322332604092198,0.03393010247193184,-0.08301073414765409,-0.022582872589701576,0.01164974407829962,-0.03494505687523455
222.0,-0.07264825630918542,-0.013771333177673992,0.046981572958882147,-0.01596337984011518,-0.03203563721492743,0.24173861868001442,0.1416547770182648,-0.1015326274616083,0.06264947642125582,-0.05052481417101616,0.19883686665638645,0.018365633476599304,-0.09973985847983076,-0.02339821186352271,-0.00769110240704556,-0.053157039876856715
223.0,-0.12323116841150511,-0.008779808146217528,0.037559923998058596,-0.008336993412650808,-0.043341661382056446,0.25631823169640255,0.1421223117718272,-0.15083945679116753,-0.019569567562127837,-0.07067230392480149,0.1222799601981887,0.0016823504538911998,-0.10678001880468692,-0.025607464884191092,-0.03126608972717203,-0.06354777329143961
224.0,-0.15752080576464678,0.004201785841975765,0.027729178282344738,-0.005896554561662687,-0.05113087463031093,0.20510759390838706,0.1226796877169758,-0.19139463013813973,-0.10792057130382951,-0.10853348530720491,0.01073232791788707,-0.016400171038431176,-0.10602717309489129,-0.031464268997862095,-0.057385738362528686,-0.06661410373218744
225.0,-0.17581292407751445,0.017233210772583385,0.016185358741713743,-0.010633706126324978,-0.05249284026918829,0.11077785593583976,0.08060638958945028,-0.21405343771147145,-0.1904259414601663,-0.14331399551303609,-0.10041436525285621,-0.03605315024404364,-0.10290940983470745,-0.04348602860238884,-0.08118371762941029,-0.06443802648960816
226.0,-0.1797591008500226,0.021464200993166847,0.0018730967277142366,-0.021333477941881947,-0.0457520221263965,0.00498084730110654,0.019961376239705314,-0.21533474625463903,-0.25307829432444434,-0.16036537131115075,-0.1802781134542492,-0.057034603752216674,-0.10357879087480981,-0.0614613249814329,-0.09559611789455033,-0.05966324811751688
227.0,-0.17148668432690306,0.010581456336466195,-0.014120092580588384,-0.033742426189612436,-0.0317275582913473,-0.08140077075520499,-0.04858813676250729,-0.19732302894113546,-0.28527927078944065,-0.1557437176313082,-0.212550893061934,-0.07756514410202589,-0.11145061595738398,-0.08140166575832958,-0.09526054505413256,-0.05506556544745812
228.0,-0.15327428643446864,-0.016745263123709664,-0.028541304465382375,-0.042108380928258415,-0.014199034070423418,-0.12531157244920307,-0.11098451476135955,-0.1650764478917952,-0.2848607629707874,-0.13454717818207645,-0.19843480977280512,-0.0937135160475405,-0.12556494657898848,-0.09698152982134624,-0.07974284704591734,-0.05295488846488897
229.0,-0.12778828403434647,-0.0564617685293866,-0.03724049968226185,-0.041090392182808265,0.001735583732876091,-0.11497051772313899,-0.15399566183423183,-0.12393634211447895,-0.2589022517810148,-0.10508188773742586,-0.15123102570318642,-0.10020901135008164,-0.14139161086571117,-0.10235640149770922,-0.053293892523647225,-0.05411013692403285
230.0,-0.09854849399208927,-0.1003439824326751,-0.03663080792665458,-0.02745169390311367,0.012697921830904242,-0.05153593565649929,-0.16858241470580443,-0.07843951158460295,-0.21997897316691023,-0.07311723331553628,-0.08700470677887245,-0.09258165056022905,-0.15293388201437055,-0.09457188704139469,-0.021774549678901734,-0.05736303896665434
231.0,-0.06981646576431237,-0.13874285686465562,-0.024551533977919454,-0.001305057346693377,0.019146906151580146,0.04977475350141706,-0.15236197476263116,-0.03270018003731366,-0.1805667092936013,-0.03985192774245608,-0.01816271437444361,-0.0697224010828606,-0.15484879376178753,-0.07432411628454653,0.010511246255644466,-0.060497938057084845
232.0,-0.045645898647036304,-0.1643430045814307,-0.0008312274902461883,0.03328431706103021,0.024782231276146975,0.16165915389122773,-0.11111789086409593,0.008801701681237659,-0.14879659778426282,-0.00377985605036343,0.047439520251390706,-0.03533131062454851,-0.14369797905603987,-0.04528706152529347,0.041811485806946595,-0.061592140670600565
233.0,-0.028715703930482516,-0.17521346471557583,0.031784551602325836,0.06893823598737117,0.033784755975901956,0.2528191843000207,-0.05804040042525583,0.04107271239310419,-0.126955407776575,0.036243212490365204,0.10488623258479042,0.0029649507127486987,-0.11825900971163401,-0.013009161557595383,0.07146193963641369,-0.059778108908438814
234.0,-0.019787926363368763,-0.17544934189156372,0.06695876427528759,0.0973522444723055,0.04811363682596052,0.2994586512429599,-0.009783472369317845,0.059606041151116174,-0.11241025439975766,0.07914124522115232,0.1515089608827058,0.036567822327848006,-0.07972839481503152,0.016206850836336696,0.09781111322829814,-0.05524509133924408
235.0,-0.0179691881341177,-0.17261733078370223,0.09588365802811782,0.11246795459644862,0.06646264046870717,0.2929848683939905,0.019363144823374322,0.061974842613113694,-0.10021373853510461,0.12136539965574922,0.18697511898021885,0.05928554923130273,-0.03175794970427357,0.03665494382659023,0.11776621834357684,-0.04865195252231165
236.0,-0.021447402724097665,-0.17325940222273437,0.11035986010139336,0.11224142107954918,0.08489440391427024,0.23964770183673637,0.022169573623995135,0.048652898023642234,-0.0864760425088846,0.15747231616192148,0.21208155829067366,0.0691922916893573,0.020521162828167492,0.044732866664224574,0.12812468623246762,-0.040403069554620814
237.0,-0.02860009449310337,-0.17990158527344527,0.10606921620604036,0.09796726992163832,0.09842181994955827,0.15408789466811865,-0.00034316269968411077,0.022334846449979788,-0.0712787276545416,0.18076908797229213,0.22588146060005326,0.06799910839007235,0.07185261007747783,0.04000844592060376,0.12696567733506336,-0.03061600615123569
238.0,-0.039074181967677264,-0.19182259091969692,0.08440496697977937,0.07259923238606167,0.10294187078261459,0.05208046325997978,-0.040884444517230493,-0.013384337789272654,-0.05964906772849676,0.18412566016872126,0.22390872064169878,0.05870875760830886,0.11734458394288154,0.025272159563041904,0.11407582701480577,-0.01998732288186257
239.0,-0.053839774738265504,-0.20813620388651652,0.05243942914235259,0.04013927577933048,0.09706706010408486,-0.05313171779912096,-0.08884767874376766,-0.05461273025570572,-0.059262951533042264,0.16221627139387693,0.20085573518387445,0.04350862303511901,0.1521882964532321,0.005555820667578278,0.091079536038702,-0.010439019424562426
240.0,-0.07372170399689666,-0.22978154836168055,0.020823366722597388,0.006112060486760193,0.08303815475958375,-0.15010705606084518,-0.1328480198699191,-0.09674076600479292,-0.07552623434125538,0.11563973314943429,0.1569094811282578,0.023423772660933827,0.17150739141153273,-0.013356834582423599,0.06193553500201404,-0.004370096885874738
241.0,-0.09704415520824752,-0.2583204418088854,-0.0002261093354533183,-0.022681717555437922,0.06578828044275613,-0.2271529264768465,-0.16292936056458865,-0.13388791720680285,-0.1072430976148311,0.05413940012500686,0.10190411126549906,-0.0004309551959076065,0.17126070128750137,-0.026232319765629418,0.033028528510595775,-0.002936600518111377
242.0,-0.11817317536130802,-0.292871143525264,-0.005029809836144235,-0.040054476521448515,0.0504208241931467,-0.27300214240997384,-0.17255134968040003,-0.15948879001506547,-0.1456106049995195,-0.005217876484742023,0.05222959508221927,-0.0255884236520207,0.150255771218903,-0.02921697318734581,0.011548018557610507,-0.004893991434442967
243.0,-0.1290754316473663,-0.32857348805376396,0.005645105242017739,-0.042845676566895405,0.03982315817740144,-0.2810104809629716,-0.15995211367202547,-0.1684274583616517,-0.17696667351747372,-0.045607381579542,0.02205941966013259,-0.048484125767246686,0.111712048000517,-0.020627698904399493,0.0023577021487674026,-0.006950605507789951
244.0,-0.1237021315768944,-0.3579404277378404,0.02527736883426387,-0.03223885322188461,0.033908427032788326,-0.2534553372416686,-0.12864217709129883,-0.1594285441953202,-0.18863369346290446,-0.059337172731822825,0.015604282226495214,-0.06624878832598892,0.06289199642096038,-0.0018640631134751967,0.005564539166469496,-0.005508081837302226
245.0,-0.10186292249467452,-0.3731601363663485,0.04387893634132358,-0.013359408198147855,0.03036183467361445,-0.20179834017024953,-0.08664936856239042,-0.1358841682174351,-0.17578690633283808,-0.05181563029158128,0.025787426052328265,-0.07836237226628931,0.013283251060252896,0.022345198834841266,0.016743855594558696,0.0011626980189296792
246.0,-0.06962709030696407,-0.3673754847520975,0.05132745308288622,0.006620258012138261,0.025823054729794293,-0.14209093077803397,-0.04363386816012115,-0.10466805205295444,-0.1448686977879006,-0.037629671310350436,0.03930618964512577,-0.08646944924694064,-0.027401528956340595,0.04495000887207591,0.029315972616689178,0.011828409765049131
247.0,-0.036432217724704105,-0.33569417305007676,0.041412105018576964,0.021321595613565125,0.017058124413021798,-0.08863530143431737,-0.006569302487369593,-0.07370111241276492,-0.10987137210616492,-0.03153694141346767,0.04398069592626431,-0.09259929687831113,-0.05133878343484272,0.05870571435523027,0.0372102800387117,0.023215524321135217
248.0,-0.010944642971433223,-0.27748903400310154,0.014877847551759181,0.027703086151620048,0.0023538873066250993,-0.049806091593175096,0.02273405511747538,-0.04903562105397649,-0.0836300093682754,-0.04068660680294772,0.03403635092349249,-0.09754130048711528,-0.055086993276461244,0.05889733802295694,0.03680228751113349,0.03220564603867171
249.0,0.0023028663213497565,-0.19840201384110584,-0.02104538221055422,0.026467971091995397,-0.017251136176077774,-0.02759934288704271,0.04619530301381336,-0.03239996868268971,-0.0713315326331563,-0.06274822397968993,0.011063644490349146,-0.10042572370530857,-0.04104631332649887,0.04530006510341326,0.02785324452034303,0.03749203059376606
250.0,0.004014920297979067,-0.10874983462249199,-0.056827655299951305,0.019882055163918746,-0.037944422579537694,-0.020003577575500836,0.06614886102663876,-0.020752503370406516,-0.07101101358236749,-0.08937939694405164,-0.018774115763731967,-0.09921108057767947,-0.016215147286201784,0.0219040546014836,0.013163343522280721,0.03949031068194506
251.0,-0.0014965932013417398,-0.01922028702550274,-0.08538395818867683,0.009218429585914574,-0.054708690187507306,-0.02416652744218152,0.08323535056688382,-0.008681942156126431,-0.07838596507618954,-0.11097326934717718,-0.04859794982331784,-0.09174361839506032,0.010837882516213228,-0.005189756230921611,-0.0029168227010000674,0.03901013252902141
252.0,-0.00937984843771123,0.061791613512178316,-0.10396825966770562,-0.005520668201950461,-0.06363611980590227,-0.038123152007438516,0.09627989148790687,0.007734404959833093,-0.09016837307064131,-0.11992520645632612,-0.07332802894733662,-0.07729270579310875,0.03265318953026016,-0.02975358328126019,-0.01633313259002842,0.03620376293904134
253.0,-0.01604836277949262,0.12818689160615399,-0.11253004438130203,-0.023670009153197794,-0.06347987466711744,-0.0597230753549721,0.1036310517986789,0.028404345162978024,-0.10360739980552124,-0.11223752966115141,-0.09020194974644344,-0.05765945986908033,0.044661318369740556,-0.04620854963959075,-0.024631386468385665,0.0306128589984487
254.0,-0.018491531492680523,0.17611989429731692,-0.11060155708820794,-0.04225230072567151,-0.055461211906562585,-0.08398318711643916,0.10519223151307432,0.04972980316052258,-0.11446874749656835,-0.08778523610257784,-0.09778655198128801,-0.03678832967599759,0.046201357188211896,-0.050008773753038124,-0.027114651762180298,0.022026149990512854
255.0,-0.013278803058732714,0.20504239733115018,-0.096029773713979,-0.05652238654764424,-0.04199201175647752,-0.10220575853871794,0.10352916847851512,0.0673891495042888,-0.11666284220395208,-0.049496452737849424,-0.0945845903755863,-0.019247248454655405,0.040264544931947664,-0.03894428293206476,-0.024127730415186215,0.011427925411919396
256.0,0.002257742824197493,0.2183413654678203,-0.06745545949945651,-0.062190695041963166,-0.025930259018056907,-0.10436684538450425,0.10273035782570113,0.07911866118680846,-0.10465457512184549,-0.002161725998516919,-0.07865262321915299,-0.008781233233091002,0.03178007549231873,-0.015073414894544807,-0.016691972039858487,0.0012974266243959255
257.0,0.02749443687468088,0.2221126467532357,-0.028460885480715098,-0.057413725281793435,-0.01071841100040789,-0.08275590357942074,0.10592802657059851,0.08563227647313099,-0.07670734893711063,0.04850544312822276,-0.049029392526258535,-0.007390982054355373,0.02520514745896865,0.014731712024643469,-0.0069841579030080125,-0.005095801696684086
258.0,0.05731397585900409,0.22292852743615293,0.010954345257664297,-0.04341006659702313,-0.00021487879936437368,-0.03466785447346933,0.1137735061390105,0.08950623157482455,-0.03627974444072613,0.09649481183371156,-0.008389049679431116,-0.014694716920522948,0.022684961596007348,0.04103564385543165,0.001521411742136599,-0.005082243244473823
259.0,0.08356641891879267,0.22660510125399663,0.03736916951028764,-0.023952405874922773,0.0023192439380809184,0.03585466922505524,0.12473496574988917,0.09346269661749418,0.008957601117961796,0.13605153173057483,0.03503050603367001,-0.027585448600699117,0.023809898161412362,0.0556360631242697,0.005143613779878658,0.002193127535109777
260.0,0.09842160403820409,0.2378111472796252,0.039481344150418686,-0.004235771683864281,-0.004637594993201963,0.11684565696708706,0.13604728513899914,0.09962634145869478,0.04953372478000036,0.16244127166277356,0.06846401229223996,-0.04056833892202178,0.026995433325932027,0.05409665674550923,0.0016833504479205816,0.01560494616859396
261.0,0.09757066289425137,0.25872669753205035,0.013239794968735563,0.010712328689270786,-0.02010524640855652,0.18931582490273527,0.14436806316001632,0.10987703693911571,0.07725911016568858,0.17289703866951922,0.07928204661787075,-0.04715160602831736,0.03138985479495398,0.03592939772606461,-0.008266382086309872,0.032782881106065725
262.0,0.08150319882958537,0.2869417047508096,-0.035575710540008756,0.01758193115844505,-0.04038853851914264,0.23249653295254788,0.1466222535435602,0.12598231390223263,0.08818158188992317,0.16727777931453003,0.061371402405874985,-0.04239142314955181,0.03763113824304962,0.004016884620159006,-0.021135257547506253,0.05077438113481197
263.0,0.05462542006897544,0.315181423446683,-0.09237177135767416,0.015417119628660695,-0.059927393358609096,0.2326403790016122,0.14157915912624172,0.14848922957632718,0.08427333192565703,0.1482198532355979,0.01966208674496345,-0.025725785058460432,0.04671291745129296,-0.03535578819689006,-0.031782488235015297,0.06657166241731767
264.0,0.023102004786922804,0.33448831097660936,-0.13830517918159074,0.005175868965220554,-0.07332233376337363,0.19049685635407573,0.13125396903156505,0.17512651789931633,0.07298635867080694,0.12106828043211239,-0.03025487533026672,-0.002169271414049225,0.05823360872479998,-0.07285143196073426,-0.03587644183149463,0.07816246619474937
265.0,-0.007435874018303379,0.33922833358503146,-0.15718112129718453,-0.01100497483344634,-0.07743479576165227,0.12254722858906573,0.12059490389898005,0.20056745059311637,0.0647594968663629,0.09355619138121837,-0.0678132631467211,0.019417242923195747,0.069781909583535,-0.09826924379945429,-0.031718487082829046,0.08550857493712533
266.0,-0.03311709200932107,0.33041972688321525,-0.1419732909485486,-0.030170610714415114,-0.07211722614612075,0.054900928741300044,0.11546087360793013,0.21835845806920626,0.0693975089602695,0.07441428531492193,-0.07601935280345197,0.030330650572686198,0.07801591717356923,-0.10396160336771454,-0.02053316828174337,0.08998033118213115
267.0,-0.05162069610172824,0.31492916280085154,-0.09758047419201803,-0.04848285217588895,-0.0592900483402297,0.012478773633610898,0.12000268812758169,0.22373044705350595,0.09221178220615617,0.07020763257488603,-0.04931887217066545,0.026229952465479673,0.0807339325860463,-0.08742633349015372,-0.005536650095375291,0.09225804206054519
268.0,-0.0616342004972306,0.30111630958181007,-0.03831072158232829,-0.06116920648967517,-0.04150716739692432,0.008300581207909252,0.13379525063039757,0.21538810212707815,0.1308647525640137,0.08164731504343226,0.0030312690664142305,0.00914662072988082,0.07820576604646783,-0.05184428583644787,0.009307439942719294,0.0906665013296619
269.0,-0.06297963756299828,0.29421831412960064,0.018115719019007524,-0.06339536437148216,-0.021318215046247896,0.03831397039577725,0.14965492303949343,0.19565983435018025,0.17495627245071066,0.10268655957982945,0.061035198795129635,-0.013813124935568962,0.07247804757101163,-0.004975746904109488,0.020336398680479276,0.08178591015215593
270.0,-0.056905882969575744,0.29433719009256654,0.05664620877431783,-0.05238856976650337,-0.0015957455067526416,0.08466065873304687,0.1548979489103109,0.16953660226294542,0.21015891945443885,0.1241603345734705,0.10386942538398415,-0.03380163077076213,0.06553493240244933,0.04264780380373386,0.02514376370043431,0.06308623807644573
271.0,-0.04563263131798964,0.29689798433834363,0.06886534561421218,-0.029349261680365724,0.014258618181522477,0.12497129293254869,0.13692330703562583,0.1431192349698623,0.22531440570887593,0.1393166611693442,0.11918826830173021,-0.04350370574818013,0.05801153052871041,0.08009149747632849,0.02367352719058323,0.03552287453054693
272.0,-0.031150786558932428,0.29408956152762805,0.05454788588713295,0.0005941631063394585,0.023217264874072982,0.14204219365548304,0.08960250347100132,0.12170366475445901,0.21792257622023017,0.1468849676317284,0.10663575764982464,-0.03948094799208406,0.04887469937775831,0.0989938329897939,0.01898015190317732,0.004114854456096197
273.0,-0.014221638489544669,0.27763427076237907,0.020946562575742237,0.030143366723409306,0.024013486169247283,0.12989489040792626,0.016714519223788034,0.10797352421437666,0.1945894448408352,0.1500281976571595,0.07560291012584452,-0.02327933054720991,0.035991289643329365,0.09602068820858217,0.01624574521808018,-0.024012086113356732
274.0,0.005381502268246816,0.24385156403729918,-0.020030794640127466,0.05205659268421984,0.017587561903980208,0.09528368195743306,-0.06802992047373373,0.10138268754383378,0.16666012059815524,0.1529074815694716,0.0402268209521139,-0.0005103087500794575,0.017868715251328587,0.07354462577580667,0.019588893324009902,-0.042955143118679574
275.0,0.027591498513930075,0.19839854204723426,-0.055759180957358545,0.061445154009806754,0.0065016870783667,0.054897887065359814,-0.14399671558865293,0.09962667693236722,0.14417941408424892,0.1578614727256993,0.01434313706783765,0.02226308835731011,-0.004100902488576207,0.03889384333175999,0.029030214218504376,-0.05042044930605576
276.0,0.051161451057289926,0.1558785204386322,-0.07660126979203447,0.05769723269883272,-0.005657343977778269,0.029110214084713884,-0.1900469632717726,0.1013330764656556,0.13182181308413446,0.16509637686403986,0.007524172904625168,0.04128883861716103,-0.024412137963070915,0.002811015865714711,0.04063333168592914,-0.04745871008318332
277.0,0.07398488115008936,0.13364652379551545,-0.0786809451763541,0.044717939666778755,-0.014691370264888452,0.03439707654205683,-0.19277288421611813,0.10740685612767978,0.12842711481815428,0.17413094239360258,0.022163464469828042,0.05770513613354782,-0.03393129127720549,-0.02340293530113356,0.049587474937110014,-0.03638598301842518
278.0,0.0941254906305641,0.14396363639625448,-0.06481036043156518,0.02902077176581255,-0.016653472595181254,0.07689887502581377,-0.15224515767055596,0.11948737253733781,0.12943355508296728,0.18453167434926376,0.05216071953756634,0.07659469562209514,-0.02259948997187359,-0.031870181731790265,0.05328544356138007,-0.019176334113929806
279.0,0.11071804694061729,0.18823882638147546,-0.04225595761523644,0.017074912499936586,-0.009058980067680555,0.14875194180065926,-0.08171210276855811,0.1369206979702204,0.13061697309942322,0.1947625857248943,0.0848295483129219,0.1034079974922328,0.015048476946561775,-0.020974986859398866,0.052387105576224814,0.002683588811665803
280.0,0.12405321069008848,0.2547047337412294,-0.018163050809172333,0.013320720972321091,0.008296943747405599,0.2288339622411399,-0.0017675417679620053,0.15478929536968336,0.13106857243450415,0.20066925043781295,0.10630518566586358,0.13945795313782935,0.07377138901132574,0.004701944622323815,0.04967488132714858,0.02726106259048129
281.0,0.13461473706791033,0.3200316883987509,0.003911472150802221,0.018885870794754817,0.03309390459254786,0.28919090867012703,0.06680133132786047,0.16411498970205807,0.13335733908927488,0.19594652678709115,0.10775292541414101,0.17884457092149242,0.1359679202519376,0.03656614930378575,0.04739085640402516,0.050827604999871934
282.0,0.1417613813771974,0.35500251143431016,0.024024709637165964,0.03113734958033852,0.060750671624548024,0.3050306692923594,0.10786656534332915,0.15418880921615957,0.14094384956492093,0.17497328388594582,0.08875838942001549,0.2089665857766678,0.17722852571605016,0.0648899041848894,0.04493852932728131,0.0673626033507722
283.0,0.1434042926560973,0.3338998166900645,0.043513361290437376,0.04507835052338826,0.0855428544581636,0.2633450613995657,0.1125860547908108,0.11687453543644027,0.15538932024022759,0.13595027995795778,0.056351103196978086,0.21540817324542916,0.17686957306721895,0.08205998262148073,0.03915797965269704,0.07020244195567003
284.0,0.13758901529569542,0.24555613786658473,0.06282827641877187,0.05634207870586255,0.10254476049221811,0.16696567366556345,0.08117480066501277,0.05164115242537427,0.1757726118528887,0.08209906898779572,0.020899264630338688,0.18959387901754113,0.128356900591547,0.08563528880072897,0.027156633360828762,0.05534239945745769
285.0,0.12505998363212026,0.10032593789562001,0.08099792404381143,0.06344903246136038,0.10947383260457494,0.03342334432866022,0.023210872196251415,-0.03179282572200855,0.20040430310774557,0.02046476140041694,-0.00853636367863069,0.13495337427790743,0.04409365241936778,0.07931601426093514,0.009204744668036764,0.024222423489640627
286.0,0.11039274376368871,-0.0728828738512133,0.09653070854040398,0.06751493693042072,0.10748286174845179,-0.11128132357019907,-0.04502886088168114,-0.11579676801663125,0.22874800071935278,-0.04058759511615614,-0.027164885067032754,0.06702775571580895,-0.04870259549790458,0.07029530562687651,-0.010628367979009238,-0.01589620387356143
287.0,0.1003739330412569,-0.23850026259351167,0.10869140610307429,0.07016711406056028,0.10061003530753648,-0.24167387493997938,-0.10602760678548286,-0.18128810507272886,0.26121652169695153,-0.09359433963484265,-0.034650487773681515,0.006916565579065965,-0.11930044732937777,0.06431442308017399,-0.026201813558150728,-0.05426467729002322
288.0,0.10065367681706751,-0.36805274361885976,0.1182388751659747,0.07190569912799252,0.0940723330621356,-0.33948276520955856,-0.14737275200763697,-0.21465662578615266,0.2964933123134474,-0.13285304871921497,-0.032880423376171024,-0.02773814304062951,-0.14612248742022158,0.062198352862961,-0.03191504219347638,-0.0804033371513546
289.0,0.11268097372838844,-0.44949175101769023,0.12727733122525572,0.0722591616337083,0.09195499116516472,-0.39481296638899815,-0.1665374930669426,-0.21195037441482237,0.32861113286208304,-0.15429891467553855,-0.02318192570530309,-0.029287757469798913,-0.12482862523637059,0.06059410952258482,-0.02506676670015768,-0.08745285299741831
290.0,0.132357126288101,-0.4885808215262931,0.13836659602817383,0.0710426799681371,0.09526900846274863,-0.40396314443734976,-0.17130554192473402,-0.179542997888129,0.3466993882436855,-0.15577558336550656,-0.005367884750207536,-0.0018844511525550334,-0.0685674023405384,0.05580657388507135,-0.00757361589101708,-0.07409210414670353
291.0,0.15081304056505673,-0.5014012796481926,0.15323367180919872,0.06894777700251004,0.10135525162588843,-0.3680320003520867,-0.17398564627596763,-0.13191327310597642,0.33825109769977224,-0.13816770777717138,0.020410890298323985,0.0412036088827413,-0.0010462677284688315,0.046997450082333816,0.01374139216939118,-0.04484007430193564
292.0,0.15718187520242907,-0.5024925488954479,0.17128203709455997,0.06661138196650902,0.104995410746248,-0.29347361402993977,-0.1824586828438856,-0.08723173342375805,0.2942291762803195,-0.10632930198691483,0.05070667258346527,0.0831595609322405,0.05311457127174012,0.03617082426018119,0.029263689850761013,-0.008643153908503388
293.0,0.1427568523928032,-0.4973153721146719,0.18847278307311754,0.0631169823884636,0.10065747855765693,-0.19271968631850972,-0.19571071611260193,-0.062076511816129595,0.21354688633534477,-0.068828509661153,0.07774435606117823,0.10940214550992737,0.07564291227328354,0.025696202429133733,0.030416889752435755,0.023943874959496278
294.0,0.10485263101112276,-0.4838149290784766,0.19803964579631042,0.05564622695688508,0.08469813466973865,-0.08317567973204258,-0.2076436041599629,-0.06703915319532039,0.10504488590210931,-0.03662657014723146,0.09160964042279664,0.11118121296402945,0.05781678665933832,0.016204091718104077,0.012945828541508827,0.04386455609335046
295.0,0.04833421244479142,-0.4597154314043663,0.19374769500408043,0.04102532787896509,0.05658864531132373,0.01516523999753052,-0.2141252307650312,-0.1040134251531675,-0.013910005208080752,-0.02119111559388688,0.08402126340622704,0.08656953721030411,0.0009242899425434115,0.0068905685382418405,-0.021795851205103977,0.045928061203086464
296.0,-0.015962199425402723,-0.42823516329103,0.1736238510291174,0.018117400581763903,0.018937668675193347,0.08258616619833578,-0.21595616336377257,-0.16556722928458018,-0.12198693616610265,-0.032428057124231115,0.05105514962383903,0.039776827624367274,-0.08489756950608232,-0.0025271093968932917,-0.06732658224387308,0.030061717162705764
297.0,-0.07481164329728375,-0.3975790843972002,0.1409154558638636,-0.010871848071391419,-0.023273160470427275,0.10327863263120236,-0.21603711519696245,-0.2372731720859387,-0.19994479613189167,-0.07656907518305436,-0.00610305996455913,-0.020604094185026026,-0.18320798508422825,-0.010760564563407292,-0.11365384960151834,0.0012354111739583467
298.0,-0.11614143654887782,-0.3759415003960838,0.10184210772606848,-0.04107861905843277,-0.06349675678487775,0.06996163368584267,-0.21479446342022893,-0.30277889250596746,-0.235495777644814,-0.154006744366899,-0.08136653838745402,-0.08414894694643454,-0.2748992153915057,-0.015850896731174593,-0.14964582450242211,-0.032084048425209746
299.0,-0.13160889998342745,-0.3674395939690619,0.06282968793637404,-0.06688196344991817,-0.09442186538216422,-0.012465942572881123,-0.20863045340494726,-0.3492530072576754,-0.22577276988760697,-0.2577813935174795,-0.16438848175678014,-0.1413767289610548,-0.3424112829471411,-0.01652694450661862,-0.16583717127939437,-0.060695557208628605
300.0,-0.11880815581298104,-0.37116564309556344,0.029062021692160357,-0.08397848043921051,-0.10974098038905382,-0.1265996941664435,-0.19199415330553316,-0.37045017998205787,-0.17824455572659662,-0.37380115778853185,-0.2422615175497232,-0.1857392416110213,-0.3737315885705748,-0.012667721136036222,-0.15740534013427768,-0.0778870985134669
301.0,-0.08290320559053588,-0.3814442280187886,0.003592390464979502,-0.09118277504822879,-0.10699355249641165,-0.2458409055712485,-0.15989847604807933,-0.3663865537127146,-0.11000677391067461,-0.482791687629717,-0.3020870946672642,-0.2139907419069827,-0.36520262986779656,-0.005251455824638535,-0.1265479432937639,-0.08182178741985252
302.0,-0.03604086706815385,-0.38908949338402204,-0.013596206698024431,-0.09108420837924298,-0.08949119991411997,-0.34051245824951115,-0.10938280931434188,-0.340809963986828,-0.04392669924831756,-0.5635438546845012,-0.3331918929095336,-0.22538698667787618,-0.3224901836131718,0.0036168840276583126,-0.0824843664147353,-0.07568487559181127
303.0,0.006189409146213189,-0.3852169748965244,-0.025485527503168882,-0.08844856207593453,-0.06529158967422916,-0.38562277537247386,-0.0417398338034483,-0.29863647348937883,-0.0018499677441502916,-0.5978930343661635,-0.3286254162885914,-0.22091303622322406,-0.25910708391420306,0.010826239498566962,-0.03783378059457731,-0.06520056662824768
304.0,0.029846466015081324,-0.3653037882117448,-0.036346209597272645,-0.08723169165251105,-0.04364249387331653,-0.3677092914655937,0.03475741292277613,-0.24457042974246673,0.0020298078538703098,-0.5769770456522407,-0.28697730772661323,-0.20264079364086401,-0.19194739419242168,0.012822991150989877,-0.0027781102423164385,-0.05491463952915087
305.0,0.027014897326540825,-0.32916216872777937,-0.049712214549684934,-0.08877348911789687,-0.03119588975150045,-0.2878311001260281,0.10590544247947287,-0.1827824256035089,-0.03557000424266594,-0.505722786485169,-0.21519814266961648,-0.17282037540388118,-0.1349994599609346,0.006675290189062682,0.01930628606131417,-0.045800913008481756
306.0,-0.0020856332516657663,-0.27757021180681263,-0.06710744345253664,-0.09217363117788106,-0.029941777100370586,-0.16033622283705853,0.15802195457929696,-0.1174483882874304,-0.10777295832611057,-0.40235380694205175,-0.13075671446314366,-0.1335363635127748,-0.09445706044610622,-0.008468562613960277,0.031647140993007514,-0.035948287163184794
307.0,-0.049625594559969455,-0.21040605867332945,-0.08780347812034753,-0.09552485020442299,-0.037437291379709546,-0.009257404052059517,0.1849351061359341,-0.05370184349952074,-0.20095037553713999,-0.2926628539113645,-0.05973493436734939,-0.0875658046037813,-0.06790960726384529,-0.030336128110360558,0.03960071053968654,-0.02360633658650948
308.0,-0.1029270933519154,-0.12847997453937934,-0.1096833207262731,-0.0967565780587026,-0.04870582747712523,0.13645479145651807,0.18970240739037517,0.0023716496531600616,-0.2992588141184464,-0.20152584951042996,-0.029104996755741217,-0.03907652685204948,-0.04745583005403219,-0.05402821207630295,0.04560416469571074,-0.009883857211054888
309.0,-0.14857947441001207,-0.03681497275758743,-0.13054926240607156,-0.09397795618737971,-0.05857453504697311,0.2488966432316749,0.1803337154518249,0.04525452971811133,-0.38897856592808755,-0.14515641350698386,-0.05579350559030103,0.0072287435991310696,-0.0243014590565858,-0.07393496772970719,0.04732814051765783,0.001181516774551154
310.0,-0.17645448646003245,0.05421502766048292,-0.1485617164688317,-0.0855004576653991,-0.06339345225398993,0.30798078370735826,0.16361849044378463,0.07169049249079068,-0.46121966574617734,-0.12717990161668177,-0.1383850752956039,0.04770219974639151,0.007553100215908194,-0.08561348436586852,0.03974966940616427,0.0050977150415818535
311.0,-0.18231720869450233,0.1314198404367752,-0.16147573939439913,-0.06983740680743235,-0.06167995210829646,0.3070224469730891,0.1418623303214726,0.08125172685135143,-0.5121543627083011,-0.13955350943350583,-0.2562937464340642,0.08028059641212384,0.049293703644578225,-0.0866915839211234,0.019161293857001545,-0.00010458292722938192
312.0,-0.1686929781855143,0.1832108310225384,-0.16606014693631446,-0.046252523364317205,-0.05384794127286369,0.254256658994828,0.11420648079919339,0.07583423149438229,-0.5414395317512152,-0.16670819451201732,-0.376651870590849,0.10342016859905181,0.09660251951022747,-0.07725041607667378,-0.013471584393377754,-0.012352430570296858
313.0,-0.14375973159927372,0.20345906363221525,-0.15922030346406135,-0.015795798340165198,-0.041606891356722374,0.16909407445503963,0.08051513251418681,0.05874607190116306,-0.5502740020763547,-0.19024282267456682,-0.46474332729446255,0.11479962130210677,0.14053193093580826,-0.06011971122670193,-0.05168793042951671,-0.026133608309234092
314.0,-0.11790660138571007,0.19432646910497178,-0.14031153306148908,0.018149625527066744,-0.027523433981156673,0.07526174930097103,0.04471983690586841,0.034105124756182416,-0.5398963295176304,-0.1926019047273275,-0.49310818352152075,0.11188267260457287,0.17072402996200794,-0.04035573111900546,-0.08556375326353026,-0.034870146191385475
315.0,-0.09923534194757692,0.16734603101986828,-0.11252779800353702,0.050350977318969745,-0.01466139809559677,-0.005720942510053407,0.015385442886230572,0.006903633412973318,-0.5107166992011539,-0.1599550423892969,-0.4473345659623531,0.09448883873162547,0.1801047596390218,-0.023221889168572523,-0.10521475276927766,-0.03404056090130772
316.0,-0.09070680998037463,0.14034050037677742,-0.08202129012773945,0.07493870042599614,-0.005896013624172235,-0.05909318306151819,0.0025718864915843767,-0.017021793354098046,-0.462335462779957,-0.08528203984628117,-0.3289007854692373,0.06656960533229138,0.16812703935699835,-0.011668354863799928,-0.10413550895762198,-0.023579014086240167
317.0,-0.09028614160936317,0.13028814119909382,-0.05518719320521747,0.087054614090419,-0.0029762183490627146,-0.07958644437643979,0.012589157819528556,-0.032248793022567494,-0.39468290687936863,0.028388581938879363,-0.155165462827755,0.03475327827225295,0.14053277106416387,-0.005431926202631188,-0.08160262812429435,-0.008282507863511252
318.0,-0.09319047444303681,0.1464283935009207,-0.03584390047223648,0.08450568756195788,-0.005976502754455078,-0.07198604773539236,0.044342529988621184,-0.03563616377383602,-0.30998855550138293,0.166618378185101,0.04410946208331623,0.00507498812110525,0.106388758316308,-0.0027250421093741937,-0.043464151874323904,0.004357715405130363
319.0,-0.09463227634028645,0.18701680321302644,-0.02421297837675745,0.0686587778761933,-0.013438766726981733,-0.048351258618061714,0.08922664906827639,-0.026803125349344516,-0.214390011408522,0.30631699587903605,0.2337775767541967,-0.018706221856826015,0.07443986255915164,-0.002815910725721713,-0.00032588244951275525,0.00832551492158448
320.0,-0.09175319369477733,0.2399499184398844,-0.01821788547311054,0.0442210739709613,-0.02280974414757334,-0.022017698873806866,0.13361798791844445,-0.006990302250807303,-0.11771583476196655,0.4223954848899519,0.3823762242209485,-0.03437055893444583,0.05035852826800145,-0.006731926813770671,0.03685673764526868,0.002918286321205849
321.0,-0.08386567539530336,0.28726994155084373,-0.015798542065237647,0.017936609417881607,-0.03091980365346102,-0.0011504794925327666,0.162951843356943,0.021881891545292364,-0.031097059128540397,0.49572652643746284,0.4702999006105716,-0.040061917584353776,0.03583047518778524,-0.015445764232233304,0.061715330344685564,-0.006566320149710004
322.0,-0.07117639737820683,0.3128602449092308,-0.016345655195048547,-0.00370409704232317,-0.03480015200986448,0.013967614162170653,0.16655938374087706,0.05726026680567079,0.036475659322937254,0.5193865952564761,0.49407540029473146,-0.0340584375006421,0.029726325918818037,-0.0275423141848881,0.07466029120205125,-0.011880106938467668
323.0,-0.05353945830393057,0.30942711054163363,-0.020301198179739334,-0.016823236872295356,-0.03282717418631748,0.028216522260631906,0.14113396713542486,0.09605291478497581,0.08098424872168562,0.5005872650349165,0.46528180642188605,-0.015287952816051208,0.030443362070088263,-0.0387190330630887,0.08063878852369714,-0.0064372556493878
324.0,-0.03059387090393396,0.28083580428451654,-0.02770084614885582,-0.021003843843028294,-0.025430367799958328,0.04650897584320306,0.0913248673271436,0.1350725749424775,0.10431278638248127,0.4570132435820587,0.40502969610549816,0.015806175959126912,0.03777338041511674,-0.04373807290677885,0.08456602660994146,0.011380427090835187
325.0,-0.0028598475914605576,0.239725751858987,-0.03738369716435742,-0.01832324016975764,-0.014877565104418955,0.07029465249179764,0.028305415382902918,0.17138751123588655,0.11285005099583008,0.4091159311859249,0.3365467184466908,0.056431081116300214,0.05322222877847195,-0.03931953408125567,0.08822570697497784,0.0378833686686226
326.0,0.027420815875615713,0.20237986147253287,-0.04750134851597515,-0.012051447917334514,-0.004506732820432981,0.09679816192834846,-0.032731713283821094,0.2026256787167869,0.1143357528022086,0.3722629254918245,0.2784353051776851,0.10126225350760236,0.07859679775108805,-0.025869851952017058,0.09012422726334099,0.06647996335419563
327.0,0.0560804846917409,0.18252307163039788,-0.05625715207537782,-0.006050612500775482,0.0022804189361279085,0.12023560847268701,-0.07646747833486311,0.22713499843437363,0.11441220214559604,0.3522249898267228,0.24058780926396112,0.14303718435696772,0.11337161596162612,-0.0072003761998995774,0.08716008452929538,0.09104417279674794
328.0,0.07754964368214323,0.18598412155905542,-0.06209843420771943,-0.004121901272835592,0.003286337899298195,0.1342291719254917,-0.09243261753581501,0.24336252554111246,0.11477370532862084,0.34526887632713366,0.2239730820940819,0.17358819444743329,0.15252313746303284,0.011131589815680142,0.0765066790035099,0.10810941374750117
329.0,0.08658461883994496,0.20850304715974444,-0.0641257947569564,-0.008650723468423238,-0.0014279549943798083,0.13433940050167173,-0.07908927995538526,0.2488839990297691,0.11389377690640266,0.3421591964482713,0.2236897624943591,0.185587070228285,0.18697562098017925,0.023721726228273378,0.05665450668985127,0.11690628646079491
330.0,0.08078057696845756,0.23772897765155082,-0.06303156658246085,-0.01947070562338001,-0.00944815789026762,0.11952127243926779,-0.044782290301464654,0.24066898839446577,0.10935893099759925,0.3337663271827503,0.23276141802805844,0.17521865905719625,0.20695620163835826,0.026848329397682655,0.027539662160121308,0.11793507639113304
331.0,0.062122505268015465,0.2582036515478183,-0.060774850439365743,-0.033681839587194576,-0.016821782040985965,0.09240742207015973,-0.004842968372209329,0.2168703671293071,0.10002071558902705,0.31509036225954523,0.2445254155115847,0.1442971483232864,0.20607034577159772,0.019835163142760764,-0.00923176698986449,0.11156980306603916
332.0,0.036310860922672154,0.25692787397747013,-0.05783014389386974,-0.0460310374347083,-0.019244863508550966,0.05918048451248527,0.02381259716587418,0.17843765800568928,0.08703376416520402,0.28592853426413606,0.25371842039067793,0.0997699567338973,0.1834616136813286,0.006084797863958952,-0.04951739619541559,0.09759346563958494
333.0,0.010251692637401829,0.22742579082422548,-0.05065740194374374,-0.05007455041025157,-0.013541289697015063,0.028737435624499683,0.028069565260759897,0.1290805292271896,0.07367909198168407,0.2492424700175165,0.2572928123805082,0.05065256468954111,0.14314463755907003,-0.007639841607661892,-0.08633895178423297,0.07557404003000467
334.0,-0.010761619429614662,0.17099353483503163,-0.03320510097448354,-0.04083814087048978,0.0006871392596034035,0.0099447322863806,0.00200757513784852,0.0739713261525256,0.0641458396471464,0.20920031267328104,0.2547839472680752,0.004575215681422915,0.0915931941639239,-0.014483860114763172,-0.11158834315119359,0.04585770280598184
335.0,-0.024473453828237537,0.09509642051192267,-0.0021061452694935865,-0.01787948655448617,0.020218245698457243,0.007534226371205316,-0.05195785777511137,0.01855822906084102,0.061840065701580654,0.16940040208016652,0.24735360383057922,-0.03415616225673414,0.03533844176431411,-0.01128367634804258,-0.11929660048543259,0.010789442672355208
336.0,-0.031087351453255398,0.010477944339947882,0.03902554024770602,0.01374411949954609,0.039190489402999594,0.019474901796977542,-0.12356217879702253,-0.03186933632147589,0.06825105068310448,0.131104322840783,0.23581857470167106,-0.06473982780168104,-0.020178836263150722,0.00025279871277869586,-0.1084181150283211,-0.0250829238695931
337.0,-0.03178410701548595,-0.07132553219185087,0.0801681726204078,0.04565048563366348,0.051691147086912054,0.038094133571436116,-0.19683682851280204,-0.07232718630197535,0.08317756471720035,0.0923644580026143,0.21907353091474333,-0.08876749599329183,-0.07016167442172223,0.015517678778873032,-0.08316057588044236,-0.05661429158337609
338.0,-0.02767719072419657,-0.13979576551153416,0.11016620557890164,0.0701637254995862,0.05463393477551203,0.05405066274501348,-0.25419169137029995,-0.09863473503472756,0.10596232995178935,0.049012894329128115,0.19385671603683263,-0.1082725756494257,-0.10936395245984928,0.029847942680599496,-0.05040274283931939,-0.08016865534030895
339.0,-0.019203642448439015,-0.18676654642799465,0.12292020433734267,0.08378669788083454,0.04947971355092183,0.060222880353735186,-0.28131241551496705,-0.10819144492567372,0.13640388797293654,-0.003020434634046549,0.1557747557187539,-0.12395067673431348,-0.13213344188752957,0.0400190253005875,-0.015925664567048716,-0.09421884319618187
340.0,-0.0055996868144928165,-0.2068231280671907,0.12008014727310919,0.08783096419267547,0.041806370333027476,0.053701526500051285,-0.2705709289803075,-0.10047895955798196,0.17432838394414626,-0.06529091947978213,0.10103048327428911,-0.13473535999309202,-0.13420601399927795,0.04404231376092227,0.01768580510273662,-0.09842304327773224
341.0,0.014808289893303798,-0.19699929544569852,0.10843899428533314,0.08567792073530905,0.03858519424236832,0.0356998993414949,-0.2218640789087066,-0.07719025717387963,0.21790815982185546,-0.1349302415965947,0.028502963146630714,-0.13864283104785877,-0.11506862521754516,0.04033836110806027,0.05002454678844456,-0.09290449339396781
342.0,0.04295513621024269,-0.15716595129095476,0.09429209140343456,0.07911386931198591,0.044364560534747716,0.009769183367143998,-0.14192729714188132,-0.04229458848034574,0.2619480992433971,-0.20357330781676194,-0.05780045797024637,-0.13369817175254983,-0.07944376937912928,0.027621761197593526,0.0800818867180695,-0.07847093241880831
343.0,0.07733988599950563,-0.09156698773795442,0.07942886205628907,0.06728698914303136,0.05856915393726895,-0.020541175884008188,-0.043212370450414074,-0.0018985365414860371,0.29810596398112754,-0.2579898799171935,-0.14654172152489686,-0.11851576388697446,-0.03685944072338431,0.006187441004388587,0.10435818602386335,-0.05685819267095692
344.0,0.11401014230294382,-0.010206014662616706,0.061717718957818274,0.04898666789503605,0.07558592656803953,-0.05301909759614424,0.05802718759638418,0.03660610599172964,0.3178933031985975,-0.28345174726313566,-0.21956240036528807,-0.09332122047105854,0.0010166295701020307,-0.020178124254507223,0.11724765567671878,-0.030452816169340095
345.0,0.14794559091699064,0.07146184974269892,0.03889006587597664,0.025255169947979245,0.08744159529984658,-0.08644455951703767,0.1447951971231502,0.06603574937996558,0.3164888226552702,-0.2698561176102984,-0.2578261340876588,-0.06153102605238312,0.023954970562862214,-0.043974087328775134,0.11317634569175966,-0.0020866827793379157
346.0,0.17423395870205577,0.13515172371805712,0.011812726038726809,-0.0004549733640962228,0.08729912585732721,-0.11933495397325339,0.20254787187786805,0.08069810956582917,0.2944064756002343,-0.2185683837973374,-0.2515331657401756,-0.03039224695089114,0.025790913390051132,-0.057070595616361526,0.08919785388264505,0.02470198256490081
347.0,0.1886329270961277,0.16428553090097878,-0.015023988341684082,-0.02406394790931344,0.07185612896758754,-0.14930418732978593,0.22150174297470532,0.07685354616169594,0.2561384771531264,-0.14573065854992145,-0.20789579787936405,-0.009282562138582789,0.005763656330619293,-0.05535807218791619,0.04675591461392797,0.04548572460002377
348.0,0.18831178131091048,0.1490610389217517,-0.035552820870057476,-0.04249488050071934,0.041895975541941785,-0.17385740831599888,0.19844179799399034,0.052701133953674116,0.20735395231084797,-0.07810109823253684,-0.14997957268445283,-0.006180295316504257,-0.031251234083395654,-0.04122700907680957,-0.008163322082406391,0.05554882875723258
349.0,0.17288705701578072,0.08984298504068039,-0.044954346699046965,-0.054241808110245746,0.001687963685568609,-0.19190230174053272,0.1384913910783507,0.00876603635934547,0.15304627281843766,-0.042096002062706986,-0.10635725637124034,-0.024221186519444434,-0.07644418786285932,-0.022188078527072247,-0.06606293395939289,0.05138683998933555
350.0,0.1448740421196845,-0.00281203049415695,-0.0414175902330406,-0.059084595057385524,-0.04179339285653655,-0.2042604596366194,0.05546192968770147,-0.05085092846008911,0.0974844961901414,-0.05205914771509702,-0.09799769044505224,-0.059934542380565635,-0.12058221559019992,-0.00700413200143062,-0.11530707359078463,0.03262439341881867
351.0,0.10885826044341369,-0.11104557009159279,-0.026224934344374163,-0.057353375131472276,-0.07990070829582586,-0.2120593880312207,-0.03110855207021821,-0.11733662256435741,0.044447758614142456,-0.10448983623596765,-0.12988510979727244,-0.10395605842959253,-0.1569992123176792,-0.0016649722675074147,-0.14408834329542436,0.0033019092683890124
352.0,0.06984362614312019,-0.21368691121132796,-0.0028652323393845245,-0.049430577117879425,-0.10430978994728897,-0.2139963050916821,-0.10136498603712499,-0.17805910475888334,-0.00329819414128526,-0.18058607361556694,-0.19079020891853174,-0.14433487847370252,-0.18232815978946007,-0.007021461341694,-0.14358154799320397,-0.028673574653143772
353.0,0.03204276683635524,-0.29055350162151705,0.023872848949777675,-0.036110395162711674,-0.10979055801022937,-0.20501299291987207,-0.13999360544973138,-0.2199892557882813,-0.0440460294147847,-0.25443036157256094,-0.2597507234503145,-0.17107837056994357,-0.1956896644124889,-0.01903801607277867,-0.11152789074275003,-0.05416777552288143
354.0,-0.0013567511931055168,-0.327403936342387,0.048471257151028305,-0.01932075689707393,-0.09624650541110497,-0.17812695436368295,-0.13936288456844664,-0.23395480822911977,-0.07598379106585784,-0.30221846763001015,-0.3150390519714298,-0.1794188278562204,-0.19767335388935336,-0.03129793214475046,-0.05457891341528933,-0.06643933967396258
355.0,-0.028153876262114942,-0.32053112208499757,0.06541206929778183,-0.0019161932012260467,-0.06860641031704993,-0.12893538592463738,-0.10164004732796444,-0.2175999314969228,-0.09625462918234438,-0.3091793278857261,-0.34124796475147423,-0.17025849200673543,-0.18932646499659858,-0.038074841139693595,0.01210205557128339,-0.06392658100488165
356.0,-0.047406480236488455,-0.2781036742548673,0.07091813077830261,0.013739217576719495,-0.03455194821570654,-0.0602034842717253,-0.03912119987310624,-0.17579437173802454,-0.10162445805838156,-0.27303694344622775,-0.3321638016756838,-0.14823354159733157,-0.17118548438755576,-0.03626714684693329,0.06903764388835215,-0.0506451656487952
357.0,-0.05950757602735809,-0.2165143196145151,0.0653497937856535,0.02705246369992883,-0.0013743522297497463,0.016902527852318144,0.02907404627653308,-0.11829903361546666,-0.09043199580538736,-0.2038704310091983,-0.2898769033633814,-0.11887624775863372,-0.14334475831942536,-0.02586698985361372,0.0997761168915696,-0.033912669196155425
358.0,-0.06551385054830292,-0.15332730563849464,0.05397671598942416,0.0389390471945965,0.026149855834779485,0.08644667653062435,0.08368187029187664,-0.055957590418106856,-0.06442821776672199,-0.120269966868926,-0.222232377439971,-0.08635622743792225,-0.1069075112840382,-0.00965940926405855,0.09775742654737082,-0.020752373312057613
359.0,-0.06643467196496329,-0.1003885855377293,0.04434480407514919,0.05008064637477257,0.04559954710948884,0.1339766867067964,0.11234618373658364,0.002261845809249982,-0.029358396001371287,-0.04264731520169244,-0.1404987226185448,-0.05281798464254924,-0.06517281496163037,0.007512782691688353,0.06839998528520114,-0.015039048699430058
360.0,-0.06342072985038441,-0.0603730976797345,0.0417342315734976,0.05913239845879457,0.05518928716972835,0.151595812655412,0.11358321615241107,0.05004634866985655,0.006040919759221589,0.01389666628595724,-0.057731476135754446,-0.019442811095119732,-0.02319472274318763,0.020072870961807644,0.02532383812030932,-0.016763325305456264
361.0,-0.058411281777515194,-0.0284513533659539,0.0462205507736837,0.06246296042062406,0.05272304677502964,0.13969559077943336,0.09605352356936894,0.08307413310754269,0.03247110476252654,0.04442751018679689,0.01302573378079667,0.011786946043611591,0.013507447868751458,0.023540954431694534,-0.016530230106053936,-0.023344526418040325
362.0,-0.054174162585182345,0.0021579870218298818,0.053311837175479125,0.055919332404451405,0.036710364917920194,0.1054050063902029,0.07376796901034693,0.09848912802903464,0.04320061846879977,0.05494114478412163,0.06169502589712901,0.037252101226852054,0.04002014606364293,0.016470361314831598,-0.04681076744498038,-0.031653214986053474
363.0,-0.053329055354741084,0.03471065064131322,0.057178713241836716,0.03769196493670098,0.008858904507665508,0.05933737920993242,0.05915471685336143,0.09550457109456659,0.036514779620143885,0.058715472940831216,0.08482286051203967,0.05275982963359077,0.05326360956269432,0.0017635310595396755,-0.06196941516913754,-0.03924928430480739
364.0,-0.05662071318279534,0.06695366138199134,0.05390632146691514,0.010522940588790376,-0.024527851851370346,0.012761019197404007,0.057044872210568386,0.07689262743265095,0.01642363419718976,0.06975818700258676,0.08762533290140608,0.05594813664342029,0.05376099587903447,-0.01363616301653354,-0.06387900592136964,-0.044370556938041324
365.0,-0.06164656476824699,0.09298097415640841,0.04278463329786488,-0.01850702995778632,-0.05410331244607802,-0.02397043984408053,0.06320421379205385,0.04998413528723722,-0.008762377156044386,0.09591641993669506,0.08191265230458004,0.04835936510764048,0.0466448850164808,-0.021230400391284234,-0.05692635113648129,-0.045255231357658916
366.0,-0.06391910041516671,0.10687186850093038,0.025430288059241107,-0.04114743549673564,-0.07131552008051999,-0.04282482643083821,0.06846379171571225,0.025510630768655004,-0.029957463835976143,0.13404708160210638,0.07987466125459876,0.03548904098292802,0.04012392388691734,-0.01500560478359341,-0.045347813721669704,-0.039828016749274574
367.0,-0.06036491381063175,0.10553468520822315,0.003986415548615358,-0.05233892432036404,-0.07212698598762314,-0.040159243197423,0.06502155336786276,0.013660511515614612,-0.0415957119565302,0.1694568985140756,0.08711670132247927,0.024229783062991,0.041475482464098316,0.004941013074520317,-0.031792621088595624,-0.026670062791843502
368.0,-0.0522758018726043,0.08946737204370767,-0.019970321926940197,-0.05267773904526006,-0.05858718219522482,-0.01819241800504127,0.05045560642157337,0.019173584439700797,-0.04390867942622806,0.18127180227692669,0.09950324786938589,0.0191838076179185,0.05274714036050185,0.03171023526107181,-0.0176614181470061,-0.007011296754582012
369.0,-0.04465512359037423,0.06196784956435944,-0.044906376049233976,-0.04720104180439253,-0.03746421705561395,0.015734048016788876,0.02822125379126978,0.03908386156837893,-0.041262748170270695,0.15265175662658578,0.10613122748065366,0.020582382902009946,0.06893437683173899,0.054926323695601534,-0.004326201177982358,0.014153509654388812
370.0,-0.04237955949901472,0.02796176858514502,-0.0679646929819051,-0.041639892929732886,-0.01661763257303554,0.0520167551193903,0.006104057935755251,0.06507744034064172,-0.03768362097607331,0.08100254630233615,0.09687195286979874,0.02527638390429646,0.08035725484854962,0.0660546712034705,0.006665160101447076,0.029619092586384767
371.0,-0.04650735657523367,-0.006728873787846269,-0.08496137602591271,-0.03922208713227913,-0.001313327335146674,0.08255434464227145,-0.006228636845135434,0.08875266992666828,-0.03305495739225245,-0.01784283865972749,0.06983911703962652,0.029807205779487454,0.0786420682990018,0.06183877707556257,0.01464370483583459,0.033796398271819406
372.0,-0.05359381870440927,-0.03566074862829212,-0.09269697723651332,-0.040071274573049286,0.00724776144301868,0.10388549285551439,-0.0006431595189240552,0.1060843426348547,-0.023006417743946028,-0.11466635821312184,0.0335714117352251,0.03323400939489923,0.06278854257976935,0.044132767620934904,0.020374048120143304,0.02630621471700769
373.0,-0.05809646551777244,-0.05261718028842391,-0.09119777793204277,-0.04246050084255818,0.01080378136918884,0.11806524745578599,0.025522900462313463,0.11813385210038144,-0.0024635918273569393,-0.17901878727235665,0.0019384203310837188,0.037658800396880104,0.04055004992150093,0.018048249282892156,0.025144446867979158,0.012612342458269334
374.0,-0.05561587813460336,-0.053654496591819145,-0.08302699456977297,-0.0441515803608435,0.011943139623649712,0.1304766160966215,0.06736831388477943,0.12778455303949265,0.030177780103311604,-0.1920469792913485,-0.014715160701756855,0.04618033912684715,0.023531698394573395,-0.009545638314115305,0.02962731244890244,0.001051880356215861
375.0,-0.044657843327623785,-0.038972336227969834,-0.07035586281614642,-0.04317075782259067,0.012962924059852431,0.14537574019753932,0.11452369671273728,0.135657407903195,0.07126393832571948,-0.15364982479272618,-0.016005494355215227,0.06031460575689343,0.020157418781075846,-0.031373553969617385,0.034034412291216815,-0.0014440263792036023
376.0,-0.026493242392944767,-0.012706932559470745,-0.05288223391980072,-0.03802660574496918,0.016056153577387183,0.16129189126577181,0.15624763865867586,0.13899375491020957,0.11294133442560729,-0.08145512710762724,-0.011636982877900564,0.07905303402574725,0.03213458286810412,-0.04134593369896754,0.039247382035200146,0.00792240600950212
377.0,-0.004284222486389953,0.01918448882450975,-0.028416069833786542,-0.02745688273372126,0.02355554356639783,0.16904023332940438,0.18538479203500857,0.13389382494654897,0.14582124249359035,-0.0029615975442430806,-0.01536478252367848,0.09947391844211102,0.055240651955855535,-0.0357967282198127,0.04722711038974754,0.027255636154423904
378.0,0.017700634701810037,0.050964416646079,0.004413283693637343,-0.01050067738513603,0.03703024307457573,0.15488958483171897,0.19870529406378623,0.11820390525477141,0.1622020170126956,0.05559259132395719,-0.036069842071964064,0.11771908266106113,0.08146892537511535,-0.014280809712265538,0.05981012555379891,0.0507173182447084
379.0,0.035067515114282806,0.07797688253766609,0.04345190146466677,0.012358589952539308,0.055694284425111366,0.10906470147311854,0.1952100108911318,0.09288026640986398,0.15899873865141628,0.07937817807471222,-0.07085662296542122,0.13029185261829815,0.10165742415340837,0.019636261845876347,0.07690624118325388,0.07040882553274895
380.0,0.04478197373732081,0.09721576717912173,0.0825611203245013,0.03795055991532499,0.07576573718742566,0.03482450666687108,0.1753101714016555,0.0617428972766643,0.13907148414209927,0.0705437200834162,-0.10443906559955998,0.1359384412339053,0.10976888330597409,0.058250684244487254,0.09576073857508433,0.07949816371424566
381.0,0.04654969087469439,0.10820850727086381,0.1137403378941497,0.06084970286338024,0.09163933689440094,-0.04944428684884712,0.14135644587745802,0.030533798616885415,0.1099799291389063,0.04698021768704187,-0.11575755401667218,0.13676305175104958,0.10693263587236604,0.09138744122032623,0.11182437099923324,0.0753755621457992
382.0,0.04296628623614964,0.11293517053609228,0.1299792815232281,0.07545901801084083,0.09808489610371353,-0.11804393413196586,0.09795731514291182,0.005754207549330098,0.08065710536390648,0.03418249703391316,-0.08831053207114922,0.13677830703909563,0.10105366603599801,0.10937258007651982,0.12060141625042346,0.0607014445832833
383.0,0.03801721621771235,0.1137393874990999,0.12722147882332685,0.07801517673902082,0.09223222414900682,-0.14999848679807917,0.05134773618032283,-0.007080118158360738,0.0576601549198039,0.053154767917100776,-0.018571867375629287,0.13863373472631543,0.10142745530085713,0.10583316060990933,0.1195860666568992,0.04162743713912145
384.0,0.03487328734038544,0.110781762069369,0.10561345342264465,0.06756139688272923,0.0747348687878658,-0.13665745408496896,0.008203648503381863,-0.005820137488691926,0.04266928470402411,0.10970006249607335,0.08117057293166767,0.14157065564179547,0.11243659334163425,0.07983046590282768,0.10945259741911731,0.0247685065903082
385.0,0.03433006195989767,0.10192545752143795,0.07016391531792847,0.04622982194524969,0.04968464024326844,-0.08198522193051253,-0.02588786366348762,0.006542648585854567,0.0319089057383664,0.19039024370189916,0.1859426315008304,0.1422404431582286,0.13071653243811035,0.03688760586887037,0.09382512110573027,0.014770497728748699
386.0,0.03438818373265488,0.08558678561390026,0.029557803680315027,0.018943222840142365,0.022897263855746777,0.0009018298374064086,-0.04802768413025113,0.022377679259805747,0.017269998085468943,0.267632278147067,0.2659348358439155,0.13709258520289316,0.14717778692006633,-0.012499847069143479,0.07758286661605711,0.012949693356983275
387.0,0.031045097391552316,0.06340779097397584,-0.007178038292837229,-0.007870563490186902,-0.0007256440055177361,0.09336248292762721,-0.058812084957455046,0.032508020191790256,-0.010780528367595637,0.3115664624312455,0.29683077860204815,0.12444378198496245,0.1519752051143657,-0.05689928161985783,0.06460512008149283,0.017024507001752624
388.0,0.02055799360731365,0.03973749237090244,-0.0341486776650892,-0.028469118710410333,-0.018965458189682354,0.17468216883199067,-0.06166773319918455,0.03025310221921198,-0.058477550832582145,0.3027907856272968,0.26875088997024327,0.1054509453202844,0.1391983182836808,-0.08793469670291966,0.05634822181345117,0.02239689495699884
389.0,0.002414907519300311,0.018848917956411415,-0.05020813747785178,-0.03984056857059552,-0.03204522904746794,0.22607502294121226,-0.06105260630915757,0.014174906357719,-0.12429181899352595,0.23969868335925168,0.1896036274576671,0.08387063924114264,0.10924991114055634,-0.10177358516256475,0.051888106685374705,0.024912055016488084
390.0,-0.019268608025230945,0.0028692400625353258,-0.05832828916089615,-0.042282277873352384,-0.041088053283571534,0.23500052210981726,-0.06072479029831872,-0.011603712208952292,-0.19839789851706716,0.1374415955708783,0.08087933889037818,0.06479770968590993,0.06866234571333545,-0.09819155631451952,0.04867825921986336,0.02346086679345973
391.0,-0.037414245106427754,-0.008405665068609574,-0.06332783766469145,-0.03828943950094059,-0.04694388551242588,0.19851095626963003,-0.0630128921893757,-0.03927817454482849,-0.2674084947644753,0.020120050163650798,-0.03214791834730286,0.05292307078891449,0.027790635996098535,-0.07918120176668099,0.04321266824595909,0.020322919931719106
392.0,-0.04560909779674234,-0.016583066177078158,-0.06915033553595666,-0.03091495813197843,-0.05016117752463277,0.12404532407251549,-0.0688737641468747,-0.06048412338124204,-0.321016374554479,-0.0886727169438592,-0.13000847540406285,0.05096429515372754,-0.00288159874674953,-0.048600152086626616,0.03194214562906296,0.019042788650777968
393.0,-0.04134056852198691,-0.023202934349700388,-0.07701390499094876,-0.022743150188442855,-0.051463268385140315,0.027282690604043702,-0.0779035555366486,-0.06932833112471755,-0.35564929850879634,-0.17177789060140083,-0.20262764222493784,0.05878314980487882,-0.01635271832772206,-0.012397270158345922,0.012761923619065967,0.021793073383113933
394.0,-0.027188536016746735,-0.027689266949999448,-0.08507846714745312,-0.015544515965427346,-0.051828563729473615,-0.07174834913561269,-0.08808452494364495,-0.06413335464381828,-0.3734407354180842,-0.21951897805906784,-0.24670651276986474,0.07322372690234587,-0.01118662861898523,0.02193434116266884,-0.013747367055807619,0.028001226451879774
395.0,-0.009508523289838805,-0.025941777278960118,-0.08955420322465409,-0.010211776939770802,-0.0519538832709848,-0.15316861707459656,-0.09625694724552432,-0.04770991554043684,-0.37840930709899095,-0.2287278530957661,-0.2619590104836091,0.08833927985216408,0.008035804840250863,0.04707019594066533,-0.04409509156926793,0.03443521063289051
396.0,0.004616120555325123,-0.01222792646485087,-0.08679686657500725,-0.006859329430004528,-0.0515297788410714,-0.20184114567383266,-0.10018482168983808,-0.026684350856794728,-0.37267931204059257,-0.20277555891900284,-0.2501278990575973,0.09636302095369381,0.03150744178749569,0.05803810088708648,-0.07259795370161377,0.036399341327607616
397.0,0.010236243476371821,0.015459391534416706,-0.07549943348495808,-0.004980097459724956,-0.04908932294130219,-0.2111400974430517,-0.10079119749387466,-0.009791404015161641,-0.3550097439418175,-0.15232686748011814,-0.21594416269027591,0.09035926836622943,0.046893408187398664,0.05388217644769975,-0.09286610571575239,0.029969500453092233
398.0,0.005639881147605496,0.05108369261014025,-0.057734980235718915,-0.003481255957468652,-0.04288865935580433,-0.1848893973665818,-0.10190851188288658,-0.004751278966378816,-0.32251420297383077,-0.09442775509651262,-0.16721765966813884,0.06785977074804452,0.04438586379248262,0.03800254664999798,-0.09983469672260971,0.014478412080619635
399.0,-0.007912853472259179,0.08185858312491295,-0.03806807726463414,-0.0008410086286199702,-0.03231737268310923,-0.13698706594619445,-0.10726410798811493,-0.014751212693313046,-0.27389701123235005,-0.04845750159279308,-0.11306770290443978,0.0328047017469552,0.021988709930236133,0.01695047585386369,-0.0916749936660454,-0.0066866506158366115
400.0,-0.026501015964915667,0.09437307293506601,-0.02127271308970473,0.004217285277191669,-0.018747766507241026,-0.08796120081711892,-0.11731334992972269,-0.0367306702760373,-0.21104272276351696,-0.02981758523823911,-0.06152796761506885,-0.005861867230311655,-0.012809931681139686,-0.0018256374539025177,-0.07082042130303651,-0.0280319253499079
401.0,-0.04394560249237664,0.08064495466186024,-0.01014569272959888,0.011799432271319236,-0.005164380882869035,-0.05804960366340544,-0.12841008062339307,-0.06280176531508856,-0.13772453209217014,-0.04433562518664447,-0.01797922476993212,-0.038021842311555115,-0.04683072445120744,-0.012472057214656017,-0.04345100856857205,-0.04503141726939377
402.0,-0.05328525422231029,0.040768584435754665,-0.00463722303936043,0.020388028751945602,0.005204725520840498,-0.05888748785087434,-0.13447562643696828,-0.08414245263265936,-0.057551330973638286,-0.08649059177532747,0.015334316018547671,-0.05666992046776745,-0.06817581654235248,-0.012659933673261662,-0.017206117836480198,-0.055675294260773306
403.0,-0.04926305319079347,-0.017512816767980634,-0.002613276848680605,0.027252627310610907,0.010386041650081657,-0.08792595240473391,-0.12984357692491258,-0.09525747670068642,0.025702715062500794,-0.14225402577123952,0.03922537057531676,-0.06088145426923687,-0.07200968989778794,-0.004141068747951892,0.0019514344417097128,-0.05987900800741288
404.0,-0.030766416420887295,-0.08130897274624682,-0.0015743010552593535,0.029709194884059768,0.010346951173256446,-0.12872573345701963,-0.11229662737215884,-0.09642005832652253,0.10499620997453221,-0.19462502604850418,0.05717669090273465,-0.056299058560318395,-0.062294486674129124,0.00853533770954034,0.011938844888309413,-0.0584313960950479
405.0,-0.002113040354489014,-0.13689798904842382,9.937419358646144e-05,0.02679095099618226,0.006590007106415364,-0.15736612555344365,-0.0852483468597745,-0.09312252189844203,0.16784668623849658,-0.22884751734751438,0.07437549338758664,-0.05293863359026192,-0.0492796427004018,0.020589708731443095,0.014490398420596092,-0.052858930898975226
406.0,0.027796649015828602,-0.1745286016339236,0.003208398586427521,0.020206974449189383,0.0012053948747302989,-0.1522554565500997,-0.05727584082155299,-0.0927266177443632,0.19910766384543974,-0.23541731247013004,0.09591344632782581,-0.06081495336850186,-0.044252173367651866,0.029418359852670908,0.012919579973431116,-0.045512191615048964
407.0,0.04869795997180901,-0.19103075233778694,0.008199790678283499,0.01364199247868327,-0.00388162270405216,-0.10288064400017803,-0.03835816854224438,-0.10005933822828379,0.18806504440525265,-0.2111254553122176,0.12453284921061024,-0.08469953953257961,-0.0538275113571914,0.03545994224528905,0.009295088207288332,-0.03861240913536826
408.0,0.05320507121370834,-0.1884511493522902,0.01486578884666661,0.010854433333161486,-0.0070616468967831325,-0.014007305881369963,-0.03483297678187623,-0.1147606276257368,0.13491182127670126,-0.15924332238145703,0.15892863005766794,-0.12073507789920361,-0.07627355253482085,0.0410727933407138,0.003206659965706708,-0.03289196631241875
409.0,0.039750430535515864,-0.16996376416352413,0.021695468360945387,0.013902836329245674,-0.006709867448036267,0.09563942309714951,-0.04633630480390599,-0.1319499899293942,0.052191911696704126,-0.0889874928268765,0.1935563025859092,-0.1575780269628883,-0.10204866111015228,0.04817131890789209,-0.0068388273605049016,-0.027504000050778396
410.0,0.012688023271330787,-0.1368799431254501,0.02604331791794689,0.022297717767178406,-0.0011327878133417441,0.199918517198216,-0.06655719133408645,-0.14486043460865525,-0.039192965106524584,-0.013342043085510256,0.22038487301222087,-0.18168649117306698,-0.11894900567518922,0.056315812778868095,-0.02078152799399543,-0.02110652783841184
411.0,-0.019988190378741198,-0.08960527892031617,0.025431635245421077,0.033169918432291626,0.010577819189913336,0.27508055114911234,-0.08674256214100219,-0.14712359367725786,-0.11638589986219205,0.055172148470874025,0.23249093665822743,-0.18327153119700954,-0.11887783585832545,0.0628592547023462,-0.03577765171944837,-0.012554369976506417
412.0,-0.0495282256579467,-0.031125886806283566,0.01915165319038181,0.042354605078137895,0.027329447983140645,0.30789621494742037,-0.09925334414549083,-0.1341421645395043,-0.16021551504426335,0.1091306308983067,0.22811157389908499,-0.15977084298606611,-0.10153706190626904,0.064949015682201,-0.04747057724112095,-0.0008181412128645594
413.0,-0.06864891347598154,0.03147942988976134,0.008656816146944062,0.04593268825182783,0.045658288617754145,0.29784059637679583,-0.09935516242755002,-0.10409405841027752,-0.15932498586044114,0.14821537099514012,0.21213453091315407,-0.11614812564473817,-0.07299177386864128,0.06123972198380377,-0.05244259095112596,0.014709786029368364
414.0,-0.07304739448630217,0.08986428445419135,-0.0038572770259439272,0.04137804765027716,0.060744024145744153,0.2540547160320298,-0.08535229012243764,-0.05843327559980583,-0.11322038573562952,0.177136044325593,0.19296700968438735,-0.06277499554270967,-0.0414106068550689,0.05175531806082249,-0.049807631024535996,0.03297806321120428
415.0,-0.06226898976634362,0.1386807249275759,-0.01712815886324209,0.02798227761356662,0.0682847392890287,0.19075566405169456,-0.05822237479332302,-0.0015776234699169075,-0.033106744189825045,0.20122478645491487,0.17677157165279508,-0.011890801282993331,-0.013632644948154509,0.03687485135282986,-0.04106040413517146,0.050408005234062914
416.0,-0.039526004887518694,0.17658536381256193,-0.03083954926099957,0.007079522362365593,0.06618868880511049,0.12348232513994224,-0.021467943282029455,0.05976103541794796,0.06138771040987274,0.22298439780515633,0.16365018218732008,0.026158385941767486,0.0061858977784107665,0.017403680984392055,-0.028774442896098342,0.061981157087456405
417.0,-0.010333269920865716,0.20332292190250723,-0.04423127220510966,-0.017674584461788902,0.05532925260042188,0.06642717421145636,0.019270649675708486,0.11730711970489734,0.1490966575932597,0.24158922538131672,0.14855656590802457,0.04550360763725476,0.016973801599476857,-0.0042548246602363,-0.015319318318315348,0.06386568929649132
418.0,0.01960124477142789,0.2170241914654882,-0.05502602704681797,-0.04074888914992775,0.039156589510539165,0.030094775952501072,0.0576334050309363,0.16256492453663215,0.21449589933268529,0.2548055469320485,0.12582591158107428,0.04531579153582635,0.020769649414098208,-0.023832712370186512,-0.0025223888781299966,0.05553973985600712
419.0,0.04636378569939476,0.2150382321583427,-0.059646304873390316,-0.05664238335658083,0.022258347906059833,0.018862292597329196,0.08850977150973115,0.18897013434689608,0.25156387736751534,0.2610641974363806,0.09374228309982417,0.02865243036640832,0.021483628093928585,-0.03696580951420317,0.00776740815968852,0.040101438584070545
420.0,0.06835812086306284,0.19638179238913733,-0.05453961451565648,-0.062369378850805644,0.008407047895561626,0.029635119978353774,0.10900394018913627,0.19386054677909634,0.2626417978209824,0.25996818640975844,0.05608401860988617,0.0006337824479950207,0.02213505867945748,-0.04154993851114392,0.013428747736368605,0.023071144103566144
421.0,0.0846385035923633,0.16227129868550816,-0.03795559631575864,-0.058621299437994,-0.0008509664410654966,0.05343272641439732,0.11796721593441536,0.1789598490098352,0.25358107583861234,0.25164902779269127,0.020160061814355975,-0.03301915595669851,0.02225831455773134,-0.03845339850085271,0.012906003729560656,0.010539805136476942
422.0,0.09257947715412035,0.11512974361275018,-0.011386071154143008,-0.04890359278935492,-0.006327489067213321,0.07968427429905066,0.11532493872931326,0.14900560137042504,0.22885652845084428,0.23634007492543727,-0.006816294047467622,-0.06665725545857126,0.01777636052280603,-0.030351832408036614,0.0061277419313916755,0.0071913119250804096
423.0,0.0877281021706127,0.05868588782789042,0.01998033299697834,-0.03765671257948782,-0.01030332710335867,0.10084864039954593,0.1021119844484999,0.10964250339741041,0.19008754881487108,0.21455785588668086,-0.020613608368409066,-0.09509737276126891,0.0036635930362934666,-0.020489453025514186,-0.005771715209220061,0.014563037868110239
424.0,0.06679802853657543,-0.0008232540327439135,0.04813245897614069,-0.028550976790361175,-0.015326839212809107,0.11487534255947347,0.08078496113154479,0.06627893008543853,0.13857209362180314,0.18743475999423523,-0.020912211601011543,-0.11452469420310939,-0.022685345615271395,-0.01251320727511657,-0.021481994742885594,0.030124860101139482
425.0,0.03149040134036059,-0.05467348647198887,0.06458418193290283,-0.02338237553379114,-0.023092297843229047,0.12412520713097251,0.0550787110494606,0.024381366703068307,0.07927036149536615,0.15691694163763867,-0.010631935722003586,-0.12365493328122189,-0.05938832479046673,-0.01034269447407344,-0.0397925636709897,0.047911059531971986
426.0,-0.010322248692566597,-0.09392567501516821,0.06377310977681816,-0.021686046558646137,-0.03361198987199752,0.13141135776402108,0.02936643101855112,-0.010112185932977635,0.022456495401695097,0.1256217988539309,0.00522007572806529,-0.12391704457548156,-0.09987406060984398,-0.016702179709461855,-0.05877470243790664,0.060785414712682694
427.0,-0.04749798812758117,-0.11243746559512276,0.04592490164553586,-0.02132804770560573,-0.04511715760438687,0.13593356557899353,0.007894580545305173,-0.03179085456716603,-0.019036017893292706,0.09586162179972359,0.02021362575101035,-0.11813700296170064,-0.1345574774702449,-0.031121033620106407,-0.0752810714239182,0.06313194621341732
428.0,-0.07066855471335157,-0.10854814917543096,0.017479292441871797,-0.019931345308729184,-0.05496079958176644,0.1317753643169067,-0.005994985034888089,-0.03785435481298876,-0.03540347454464338,0.06784360537270863,0.026815954033153858,-0.10873425112258193,-0.15401557730445126,-0.04965871520547691,-0.08592666054085021,0.05258354838555515
429.0,-0.07572764226910178,-0.0850359127789848,-0.01129775189207771,-0.016033335256174064,-0.06094456976004422,0.109641447846158,-0.010698605575858854,-0.029453367025460624,-0.024152218307003506,0.03832931451635053,0.017627344140940252,-0.09679521775838672,-0.15239322969871383,-0.06680952274928689,-0.0887537216031055,0.03051882935449017
430.0,-0.06379740925180406,-0.04831429015434744,-0.030147233792590072,-0.008995851206287458,-0.06202601082122818,0.060807027800981954,-0.006820112451886982,-0.011389223428082148,0.009950213146248195,0.0013162610040879537,-0.012047699016027745,-0.08255229461773737,-0.12953594484256425,-0.07765409474523496,-0.08393917679327174,0.0014485091035632235
431.0,-0.0389353743677551,-0.0072819705182943515,-0.032438342833700305,0.0016504427835106394,-0.058133408590612085,-0.018332733950414456,0.0034108516068396483,0.00921469929547825,0.05854920706536824,-0.04876289360537806,-0.06168126572861883,-0.06664389638469638,-0.0910886518539342,-0.07889843165467063,-0.07318591387557957,-0.028812137517415508
432.0,-0.006038151696285321,0.028590566863802312,-0.017338462124772323,0.01591337032555774,-0.049799527400169394,-0.12256604664695482,0.01761793613049101,0.024753676792272944,0.1136330513109176,-0.11211382080673037,-0.12434563106182522,-0.0507349891757477,-0.04655834696376374,-0.0693310973495576,-0.058899104523191366,-0.05535118911819084
433.0,0.029987537465542325,0.052044783177148,0.010408399548555419,0.03211276665655514,-0.03808171856737295,-0.2365518760239176,0.03452216566924807,0.029470930059600706,0.16896961723012133,-0.17926603269060082,-0.18695066835108326,-0.03668989086727413,-0.005873949686238083,-0.05028699502121919,-0.043986247365482775,-0.07507541248478201
434.0,0.06446455196325099,0.06093641235814105,0.04296414604209018,0.046491408612765274,-0.024322318018146084,-0.3377189958088202,0.05403350346215966,0.021805069308779106,0.21918046260416785,-0.2311836052398724,-0.2322499830567742,-0.02506678440278344,0.024322077699610156,-0.02547932147723438,-0.03166244749095334,-0.08614062090859224
435.0,0.09353115516060558,0.059378912849048,0.07244706431036403,0.05484541144655769,-0.009406692853596882,-0.40386983162391243,0.07607451169501712,0.005640178406078575,0.2587865554651055,-0.24640271624864213,-0.24381579473475523,-0.01433700003123306,0.04287785337998573,0.0005753089049111774,-0.02427669624098101,-0.08761688363515945
436.0,0.11496830969852251,0.055161051134497444,0.09305967364041369,0.05514165423194113,0.006826125787329122,-0.42265941718430083,0.09876170350891522,-0.010723203365115222,0.283176802106931,-0.21276972019880055,-0.21352585635763208,-0.0016281313113296872,0.053366344759031285,0.024801777709861108,-0.021624417994175457,-0.08031710954140985
437.0,0.1283768113305679,0.054179504964505625,0.10237415980448457,0.048909542407335554,0.02516345700306022,-0.3977066329020301,0.1173621352947296,-0.018162560584018873,0.29098932824258905,-0.13638623026239882,-0.14743403540065667,0.015169838053304912,0.06054164132525309,0.04654549225746936,-0.020399111465832027,-0.06745806202699552
438.0,0.13435072426681377,0.05577337651461219,0.10192822709793647,0.04020446626141992,0.04571545367723737,-0.34734031409297567,0.12536729106280928,-0.011408656166870597,0.2854104216307875,-0.04091140310230912,-0.06505143087932512,0.03518950484629241,0.06661180733856574,0.0662564896497222,-0.01572046092611729,-0.05363846315467195
439.0,0.13340905411300882,0.05267339594943503,0.0963120492998996,0.03300561820427543,0.06675180757358448,-0.2962257751227293,0.11748079126994915,0.007861207797861617,0.2725041780792257,0.042880909520317465,0.00836600095340786,0.05409340652603838,0.07035464703342587,0.0830276724650845,-0.003950071472670416,-0.04270027276949766
440.0,0.1255286199001275,0.03600462759610822,0.09057119202032111,0.029105400884299838,0.08462719094251848,-0.26417450716087715,0.09261245867536257,0.03149999757821315,0.2569605202784111,0.09014339753887468,0.0514116814915026,0.06605451169501453,0.06937739664581191,0.09334074857555417,0.015024333412132091,-0.03631329050239737
441.0,0.11041013509347314,0.0021972082100123395,0.08748945665114584,0.027812083966511924,0.09499791685879996,-0.25786604395277246,0.05501339106550212,0.04871084081092928,0.23781243745395625,0.08957516571994717,0.05250848782171221,0.0669904644775427,0.0628581606725053,0.09238259750445794,0.037445369973567295,-0.034089232410536345
442.0,0.08829290331905922,-0.043025139093409694,0.08653781700772817,0.027030070457056264,0.09471294148831004,-0.2695300703654501,0.01345837284650828,0.050706680062473065,0.20768469570745876,0.04345599416821147,0.01095741336250104,0.05700645906145983,0.05202959341952563,0.07697467508818345,0.057347830370309064,-0.03444873767565791
443.0,0.060776587897896646,-0.08693534009664251,0.08464508993158237,0.024552076239603076,0.08329566862585673,-0.2826507060504806,-0.020814701861542807,0.03353148482761963,0.15725205080675855,-0.03628762209063933,-0.06492196260650727,0.04052244265442009,0.038472894479972555,0.04774390534961019,0.06919573327777509,-0.03518693542762664
444.0,0.03078587682464792,-0.11684296457777033,0.07765789576741067,0.01903458754005311,0.06319438746489706,-0.28063242129443544,-0.03744331514276926,-0.0015393429574877887,0.08225298230705863,-0.1319755955572192,-0.1604144052830004,0.023834351236773788,0.022814883182794038,0.009007192933554545,0.07023092095268162,-0.03362269884360353
445.0,0.0016132543010190347,-0.12590632346342717,0.06180869373255157,0.010514938689272493,0.03878965204357575,-0.2530409891372615,-0.03102754841144266,-0.04896958037778331,-0.012077747076057683,-0.22321582637617515,-0.25702870387740534,0.011773942256205896,0.0055028125033364855,-0.033058272799043206,0.061529909642874074,-0.027124232061781776
446.0,-0.024171206530926,-0.11373504452853476,0.03538669274382348,0.0001592305338449596,0.014729970947948721,-0.1970294459875141,-0.003934264729751449,-0.10050557787410606,-0.11245730483150189,-0.29040011527553533,-0.3352939418181235,0.005838555336120014,-0.011699076535458122,-0.07223554559258955,0.04713387406484622,-0.014463858339955102
447.0,-0.04541987962450461,-0.08403257025710283,0.00016455504413555717,-0.010745324838747279,-0.0057443866642957215,-0.11621823826008575,0.033906283472004195,-0.14711811837714425,-0.2038346508513082,-0.3191908514468394,-0.3781039113761672,0.004426446187263941,-0.025954872852910347,-0.10315285407084537,0.031515020939328085,0.0028132725520924407
448.0,-0.06238528394470802,-0.04349767632861786,-0.03890311809970712,-0.021915309644536588,-0.021703890539073983,-0.020095723535065124,0.0682462689367318,-0.1809478649158547,-0.27566078845948006,-0.3045264247346007,-0.3746277118526277,0.00424881017636595,-0.03568803569730483,-0.12177782997058492,0.017248330003574595,0.020358112247034113
449.0,-0.07557732522933394,-0.0026535917325170265,-0.07581069061242443,-0.034426985431694694,-0.033891034042656275,0.07648137828995619,0.08531252435480892,-0.19663828997145286,-0.32341095303383427,-0.25198494642350905,-0.3235591171523203,0.0021650893171457366,-0.0425650665179212,-0.1262946605892669,0.005051698361478536,0.03280884884943291
450.0,-0.08403108160512981,0.024261647105503437,-0.10541298398736801,-0.04972267380819016,-0.04291994715950226,0.1560409686171165,0.07611491145964079,-0.1919527241292101,-0.34545668803368873,-0.1758144824114968,-0.23366929790468816,-0.003216202153807508,-0.05059767587728757,-0.11810543587055432,-0.0042046623035922,0.0365645625117281
451.0,-0.08471394314068946,0.023200641618260052,-0.12404135692997384,-0.06779841227739489,-0.048151882811247486,0.20369495862605372,0.039002672116728004,-0.16788618820168963,-0.33981823455966914,-0.0948071640227936,-0.12130544044110798,-0.010990847807877157,-0.06256210496054354,-0.10198338473896316,-0.008342487751973632,0.03190954299251269
452.0,-0.07430320840738888,-0.012814895814022753,-0.12989670925606156,-0.08615140757616366,-0.04861412064258863,0.21205277633413025,-0.019926578832899725,-0.12837303488844218,-0.30444914496872805,-0.027539219699422458,-0.006577356350798034,-0.018603351325873856,-0.07671253788956688,-0.08473500490526875,-0.005308022019717271,0.02285549090905069
453.0,-0.05233434352740683,-0.07874442419392495,-0.12371460403151738,-0.1004575278291857,-0.04503930797978235,0.1827716068290785,-0.08861470275325878,-0.07983274121837433,-0.24073484673584133,0.012148431494673612,0.090590772670041,-0.02324911518936645,-0.08711893552277548,-0.07260075652187281,0.004169563923235828,0.014343796484610823
454.0,-0.023199506503658634,-0.1588240498461379,-0.10874934814385348,-0.10639047973039231,-0.04068730976291023,0.12441876429522866,-0.15245624902301885,-0.030572203034860242,-0.1571936837203252,0.018734428172842654,0.154792511756046,-0.023514912690413108,-0.08795186473142819,-0.06855307800211788,0.015524954705611748,0.008804087831604024
455.0,0.004478550027086996,-0.23327031191379088,-0.08970927758986377,-0.1014683936587145,-0.039797077710803756,0.04935763155937347,-0.19804058137761194,0.010372988829141394,-0.07016169262298445,-0.0034306070861834055,0.17916869204504943,-0.020363212989471555,-0.07805070319183742,-0.07104448047778482,0.022150861294437413,0.004841315608417098
456.0,0.020702551777658548,-0.2857191878129018,-0.0713248536436697,-0.08614438627946164,-0.04491781037744078,-0.028063738706775285,-0.21605056758389837,0.034919690364303285,-5.4906589449730724e-05,-0.04177076450344352,0.1667596063246697,-0.016621605885612907,-0.06193046998258702,-0.07494639387812364,0.018636079386660967,-0.0012634649077338342
457.0,0.018238221556782543,-0.30760176918251764,-0.05697119957884238,-0.063586519273185,-0.05536511396571932,-0.09274376424878401,-0.20291372284609488,0.03774883491191006,0.03562598563650087,-0.0803407941362093,0.1281171059341043,-0.01514186214489745,-0.047028722304155675,-0.07404771818838701,0.003328455939991281,-0.012649550523417154
458.0,-0.003454015937519833,-0.2987722824664621,-0.04744871133557737,-0.03817767758132608,-0.06786344716857422,-0.13111876791510726,-0.16136283929194964,0.018181678443030248,0.029311854742033225,-0.10591220355794444,0.0771298185346076,-0.016791272260336547,-0.03967344673877511,-0.06387557765450382,-0.02068005035161742,-0.029267079125740517
459.0,-0.037125377078650816,-0.2654928841584385,-0.040652940792374755,-0.013717729400250744,-0.0784822302167591,-0.13413168860102598,-0.10010149230548168,-0.018377813050193852,-0.013701176614217188,-0.11230680438744624,0.027379065798690445,-0.0195904908041814,-0.0421436704225206,-0.04365153223179503,-0.04604140123992752,-0.04689493998380094
460.0,-0.07111386828410941,-0.21713138479277277,-0.03304828118548324,0.00748886349182449,-0.08421657759291463,-0.0993515558702515,-0.03239964338104925,-0.060616171845202585,-0.07863107239737516,-0.10121951317316284,-0.010686052240604864,-0.019432627920310842,-0.05170111241902575,-0.016398808905082957,-0.06307164153415461,-0.05855581459142474
461.0,-0.09535933034247747,-0.16331808770882397,-0.02234311537049407,0.02436579899275086,-0.08351806631424642,-0.03178343471213071,0.026685266843056252,-0.0936667715218604,-0.14867059649755363,-0.08014083943314414,-0.03204245405020983,-0.011767421482968967,-0.061142793147538496,0.012869158162105666,-0.06322119528150165,-0.05797252921746203
462.0,-0.10623399888226742,-0.11300542674460304,-0.009160150518002065,0.03634210737707849,-0.07624205096646137,0.056400701255837994,0.06399558310354696,-0.10325520703725666,-0.2114492862501242,-0.05911921917574428,-0.03791615022750223,0.0064460608781159315,-0.060894422193854485,0.03954709037042025,-0.04313585322248766,-0.04327716263777458
463.0,-0.1075201799585791,-0.0743659013112547,0.0036919509853432044,0.04298241882564934,-0.06353462658651111,0.14761468858777854,0.07163755250399075,-0.0807257138987895,-0.261034805403612,-0.047425327336234,-0.034194734783926414,0.03496588944392535,-0.04330259416087565,0.06076637022555087,-0.006891847178314256,-0.018466484925698166
464.0,-0.10721313824603154,-0.05275790871417118,0.013219269651357446,0.04413115857605683,-0.047538761862976286,0.22277947515619015,0.04926438134689463,-0.027107116910661897,-0.2958484002553765,-0.05028690371722106,-0.028005131169529313,0.06951589823809008,-0.007363402240136626,0.07522066211408115,0.03528535665880586,0.008479153480320101
465.0,-0.1120887993665016,-0.046811757283680755,0.01741156204471062,0.040293761062286604,-0.030610460498601208,0.26702262846342395,0.005067046202904709,0.04616583128798558,-0.31550519167340074,-0.06607582624810035,-0.024052755010270255,0.10290401041663749,0.040028564902814055,0.08247977125892357,0.07104234365533155,0.02934566385843433
466.0,-0.12329981338990678,-0.04690603274388546,0.015159241374693603,0.03289985825974062,-0.014352563075007431,0.2748742150585897,-0.04545827405219213,0.1207827640076757,-0.31926368261228033,-0.08552147823051157,-0.022606274656135444,0.12779923370902058,0.08744347840294044,0.08288280629348059,0.0906733409414371,0.03913822047157725
467.0,-0.135414243659961,-0.039394825741354056,0.006299104296425941,0.02414515816999119,0.000732810938953393,0.2516013161081065,-0.08403676420696354,0.1777341223353281,-0.3062015591105832,-0.0948409438724936,-0.020399878525495192,0.13990082327052986,0.12413666882017117,0.07783839469656446,0.09089465481145352,0.03801133422044983
468.0,-0.13911632247137984,-0.01411380222808479,-0.0074509570293541235,0.01635974303119524,0.0146263136107399,0.2093450647088063,-0.09632507296192226,0.2033639065520649,-0.27580511798268703,-0.08236779921357289,-0.01363422609567775,0.13971655245900194,0.14417579839146696,0.06939444111570145,0.07595657086471787,0.03096834037908672
469.0,-0.1260200694082068,0.030850829092615828,-0.021969326213602106,0.011198049328999145,0.026897180578025155,0.16094477904657192,-0.0773573680884874,0.19333448352080218,-0.22853092436527483,-0.04512025565037079,-0.0005769994478888413,0.1317064492980894,0.14810704207844744,0.05874019766186233,0.055260436126919395,0.025249391343445837
470.0,-0.09316902234689836,0.09014101780949786,-0.032204823586086576,0.00914943458343859,0.03668375755272376,0.11565059282377399,-0.03278650245793021,0.15370194154117134,-0.16646035599033288,0.008699460824846614,0.0179189260225419,0.12145171275429249,0.14186852965910587,0.045094876180445755,0.038935312413549424,0.026631268604076205
471.0,-0.04500158120906161,0.1552627655624512,-0.03485953984442868,0.009705175231285335,0.04369968836738023,0.07814858226084861,0.024103058422385606,0.09881914699198555,-0.09366168283427342,0.06288464801320728,0.03963680045358282,0.11271287273173097,0.1334627411153933,0.026720364705457557,0.03401643705137214,0.036487195235921754
472.0,0.008202705747322674,0.21760951424584762,-0.02970456819994336,0.011921547444656684,0.04896769777110762,0.04990157851865155,0.07751853878887859,0.046579269898136114,-0.015725183648405975,0.10089425015789505,0.06267864245161221,0.10576618292709714,0.1285587448135467,0.003599873473675046,0.042430904467925225,0.050956522358388524
473.0,0.05462672337703452,0.26908913079331814,-0.01849255255204909,0.014757965551842818,0.054187116180010576,0.031232468947241073,0.11457287455779776,0.01260994675452683,0.06150919036689609,0.11458269117393943,0.08656040878392239,0.09770828370349663,0.1271744099479396,-0.020813220206708317,0.060558218875690656,0.06268302370567659
474.0,0.08542273395318992,0.3018952076608811,-0.003164248610648707,0.017031000159240833,0.060340616172874686,0.02249089070342101,0.12969371658353862,0.005265807387394168,0.13304589511635664,0.10919695195969627,0.11224977299770791,0.08444072784141522,0.12409028651894534,-0.04066048806151965,0.08051919659517799,0.06441439114386505
475.0,0.09682085052655649,0.30913781266577894,0.01473948583677047,0.017458952806493955,0.06705785051431436,0.023675878472096942,0.12625628854776635,0.023011064792379368,0.19463345640486943,0.10123000337837507,0.14136385299506962,0.06301067645931378,0.11331233979330539,-0.05073517813457711,0.09356209741431402,0.05259187091374301
476.0,0.0896786372243049,0.287155258088206,0.033559982223579816,0.015226652846330877,0.07331112928688434,0.03369243764459331,0.11402940260966166,0.05561747596947975,0.24234202843112843,0.11009314721910836,0.17515248423347524,0.03336487347892657,0.09310866720974864,-0.04906572249456967,0.0943924751214322,0.029047984781981
477.0,0.06819931329409985,0.2388658064172537,0.05111862413957151,0.010790460611114753,0.07842358445288357,0.05058184862648338,0.10326348510571624,0.0891285386122787,0.27357889589595435,0.14853225754598431,0.21388918588920564,-0.0007772039627504339,0.06762952905584028,-0.037361937217480864,0.08360625133104098,0.00015717272029289997
478.0,0.03892530683491863,0.17550642781501494,0.06497692235880283,0.006058157436789111,0.08202907723094072,0.07248021149136147,0.098626879131995,0.1117900687186101,0.2889217982516435,0.2172191274876744,0.2569935568538426,-0.03254098660552179,0.04452018856294689,-0.019490899327871857,0.06614668385371696,-0.026051058933428496
479.0,0.00991182674573185,0.11408576346691607,0.07301041131253067,0.003563912989257162,0.08307006258792307,0.09829023540281381,0.09655865475708338,0.11752763610715809,0.2921927417010726,0.30591267146730083,0.30352737613810193,-0.054131553917504856,0.03085724474696291,0.0007755085403771674,0.04702113009365198,-0.04351268055299216
480.0,-0.010463637019020653,0.07093930116691208,0.07391008499049022,0.005295806571009932,0.07939851101930306,0.12767939314961124,0.08757380010836313,0.1060702720646608,0.28804466585859306,0.39897683785788257,0.35214797149932464,-0.05940498066037385,0.029737186037261998,0.02139095018839224,0.027968639574420282,-0.0505506930698887
481.0,-0.015422654867022146,0.0548134364115586,0.06768180965055605,0.011908301569623128,0.0690484179213939,0.16029098246803822,0.06230600382473317,0.08104948006782993,0.2792152277652289,0.48039315063038096,0.3997751628603177,-0.04561431922431186,0.038893631554977395,0.04222959918982957,0.0077006526839103525,-0.04967955029662567
482.0,-0.0019823393126849045,0.06331815127063206,0.05619537883367272,0.022454589459372686,0.052334072507791395,0.19417419382602427,0.018156559848814615,0.04771385639614833,0.26570294227852775,0.5354222562595767,0.43931859420685965,-0.014356209678538966,0.05203986033578276,0.06402462988248239,-0.014988654128760886,-0.04520286447318021
483.0,0.027634970862217393,0.08465697606474941,0.0432110777933124,0.034715049991998516,0.03287596742610573,0.22422140677694746,-0.03745171815573782,0.011512927480997375,0.2458837571237539,0.5506408516954109,0.4584284934698922,0.028254590873541173,0.06209059340016759,0.08692032581576702,-0.03840762523813189,-0.04039407344227511
484.0,0.06620972412280204,0.10357114943536946,0.03313189581536824,0.04614607492774937,0.016444255707598658,0.24175257594413663,-0.09013522770440555,-0.02216413838342486,0.2180548465870486,0.5159322788390965,0.44177707396375376,0.07260217827059703,0.06404151626119618,0.10932566864659787,-0.058030512774453584,-0.03600927687009504
485.0,0.10367444402567619,0.10844447916009838,0.02866238926511247,0.05482871624670754,0.008188952845206772,0.23610555345472187,-0.12658328879698477,-0.048081529735150265,0.18149301450032643,0.42927129997460456,0.3775144411789996,0.10781024982380205,0.0561197444783697,0.12737972361376387,-0.0691156140441462,-0.030965148540760705
486.0,0.13062612194114268,0.09651274589927397,0.028869267809212267,0.0597104316317544,0.01000154061089772,0.19850316200943757,-0.14150592693890598,-0.062066961360963166,0.13718174192290833,0.30113161970490565,0.26503902279289654,0.12477078400443681,0.03950797562686547,0.13547263187888714,-0.06956059395693444,-0.02447202826662193
487.0,0.14165716029508502,0.07473410834625659,0.02936942952849947,0.060350250199173894,0.019604081758984686,0.12673667003288375,-0.13803813776559384,-0.06243416621372785,0.08847524763872149,0.1542664042320635,0.11908794240852139,0.11926086727173636,0.017551385896530908,0.12834149542382378,-0.06123420920378684,-0.01764033389815344
488.0,0.13709506247856154,0.055067273967487236,0.02480861780709291,0.056824084506710865,0.03165786976920102,0.02767663064384361,-0.12251952332019209,-0.05064217880819615,0.04156408127042222,0.01756987752936559,-0.03293104969269331,0.09399263717629622,-0.0049824340413728,0.10436375837838245,-0.04942794495375788,-0.013231291999120251
489.0,0.12244250468917169,0.046289052611394065,0.01193432865028295,0.04986936569072343,0.04000110752486109,-0.08384133485708886,-0.09944403976070419,-0.030390435577819622,0.004908425340257483,-0.08331347862341713,-0.15916171266296086,0.05828823293695104,-0.02267200476649705,0.06809919503470165,-0.04070992607920275,-0.013957588744003735
490.0,0.10547923690520315,0.04806501467100363,-0.00845182777427988,0.040895434843918874,0.04003978133139506,-0.18832779767440955,-0.07041650910277134,-0.005999094633438241,-0.0135112731496663,-0.1347496993662317,-0.2334885002983128,0.024801830803007983,-0.030660687634104244,0.029718895274827063,-0.03981538041189256,-0.02047245975923659
491.0,0.092236391954072,0.051930516025816796,-0.031276340769402305,0.03158756886697327,0.03051626255021718,-0.2656154525436018,-0.036059469234116244,0.018187912134024604,-0.010803962819835549,-0.14051142583110224,-0.24451998450051016,0.004105322933987369,-0.026635910443497494,0.0008694011728895734,-0.046913113244323366,-0.030236531304269725
492.0,0.08400099681976625,0.04791604973327168,-0.048894512821810024,0.023084972177290136,0.013661128072737136,-0.29949364400090583,0.0017404911783150453,0.03688025853372771,0.0071674160315460195,-0.12180823891905551,-0.20072220590192155,-0.0006873337697010156,-0.01321713975892561,-0.010801487445813693,-0.057130952069099517,-0.03837729358212274
493.0,0.07686033508791931,0.03103433085475391,-0.054503855761994895,0.015106447236244103,-0.006743373449156692,-0.28258669136794357,0.03865911330264347,0.04295875637632626,0.026386657005672907,-0.11029411705342007,-0.12883295020947622,0.003599997599674698,0.0009657224085274453,-0.005183969558201392,-0.06344529670789507,-0.04044656820269446
494.0,0.06409751173345622,0.0032608200586508552,-0.04575172496167237,0.005876466785520034,-0.028065982085908322,-0.2195630970862581,0.06856637634859741,0.028889935850015782,0.030252511753415846,-0.13474571771667046,-0.06432526341495653,0.0028000908321890983,0.003505736943572437,0.010720487383443665,-0.06142235764200198,-0.03510787621072056
495.0,0.040782599996415356,-0.02905638890512769,-0.026115712393042452,-0.006452343302270687,-0.04983892132088341,-0.12667728131612135,0.0857961358352808,-0.009088331567785633,0.0074810125871245525,-0.2065386413238656,-0.03706794112794181,-0.017322896136453853,-0.01642493532417065,0.02681879641951011,-0.052050653579941195,-0.024567035233001015
496.0,0.008095867595216707,-0.059891997438166776,-0.0029934207572689846,-0.021617117331183353,-0.07205463986530557,-0.02709435801744369,0.0873816241679756,-0.06665132862288621,-0.04187588044786832,-0.3118101128865858,-0.05893185674897629,-0.06281341608970643,-0.06231677887416181,0.03518237565483573,-0.04037944221680004,-0.012527705078046384
497.0,-0.02630911427501966,-0.08758585584361438,0.016054287824855972,-0.03636671079497283,-0.09261859829734248,0.05654186598990776,0.07383262794015412,-0.13061959381697844,-0.10586297707331543,-0.4157071539289908,-0.11960975011390917,-0.12720049067793063,-0.12733277337932056,0.03365111427045523,-0.031728258170198226,-0.0014882489251525565
498.0,-0.05290514712545084,-0.1159644106603786,0.026570794250396133,-0.04601277378716883,-0.10692224984132173,0.10932993370892631,0.04869527512620894,-0.18303695042988888,-0.1660221668423466,-0.4773258358476107,-0.1926772430502073,-0.19365564947341585,-0.19584394952924905,0.02600172553718207,-0.028987197490460786,0.008580033003959691
499.0,-0.06615188515374928,-0.15135574011907943,0.028435812384779068,-0.04725551570626836,-0.11031581305412123,0.12788437640047556,0.017484520465354696,-0.208218381814355,-0.205395012432779,-0.4677620162527532,-0.24853313059605253,-0.24207590232076054,-0.24899189711970846,0.018824771125180023,-0.03242918955204789,0.0195121461960311
500.0,-0.0669806811310683,-0.19675829115554483,0.024735812592268962,-0.04012867685955279,-0.10118159907423471,0.11875619283787649,-0.014217287148781942,-0.19917417867490764,-0.21470221525951355,-0.38229803115491245,-0.2673667939969669,-0.25712590819772574,-0.27142327445872894,0.016957398204723945,-0.04071297089453085,0.03306695828654254
501.0,-0.06090134140430362,-0.24698481609493603,0.019397898706336823,-0.02774430581318534,-0.08183455676652904,0.09275014254387012,-0.043164472091896375,-0.1599266306741154,-0.19463494648611032,-0.241289423223608,-0.2458801846602142,-0.2337290867845495,-0.25581267592756646,0.02030455056906767,-0.051456492403084385,0.04937865689124657
502.0,-0.054112890251468454,-0.2881553595145691,0.015359209634406458,-0.014203656282782019,-0.05689379385830078,0.059352865001535866,-0.06931675857234179,-0.1025891770117817,-0.15468936056069155,-0.08029453507050255,-0.19572946965643986,-0.17830339628162992,-0.20408764620920034,0.02431298003176555,-0.06127930217645604,0.06667465933592956
503.0,-0.05020120735435932,-0.30191737761705684,0.013906187780710698,-0.0024312968878015154,-0.031076161123067353,0.02467275049540596,-0.09362900532754181,-0.041676145345469574,-0.10967817589238336,0.06462876953765259,-0.13639238254998132,-0.10583780683550408,-0.12649338072509755,0.02362195445937672,-0.06611446015275745,0.08185718432897529
504.0,-0.04863189982919347,-0.27262056389730904,0.01443176264441253,0.0063799286887640605,-0.008272952988789922,-0.007565781617938866,-0.11455045455597312,0.010557584980170618,-0.07492641054769027,0.1688907268759298,-0.08712053076304406,-0.03439564094647659,-0.039323036950141145,0.015634134939602657,-0.062296534279432575,0.09101932259594692
505.0,-0.04533022277302215,-0.19476492968326095,0.01419425935079939,0.011730961453109994,0.008223818461653645,-0.03439711474842721,-0.1267205478032395,0.04629378590457766,-0.061172204813429505,0.22419865684775006,-0.06098877177476929,0.020653346524869436,0.03895160852708556,0.0012131186366462995,-0.04819940593398754,0.0901767533272986
506.0,-0.03522321239646244,-0.07769536214620426,0.009004147060035165,0.012837900864130782,0.01591034681070359,-0.0527077370229923,-0.12312923913878925,0.06277962069648867,-0.07056702120129203,0.2367096779156376,-0.0615283901087198,0.050628390392833685,0.09278398611333627,-0.017120245678473305,-0.025577121706181687,0.07701474986728594
507.0,-0.0158103793063639,0.05458732569338537,-0.004473267844981536,0.008918116027254102,0.014205625558225146,-0.059490528794800594,-0.09920134762462969,0.06197298149827058,-0.09569596831683036,0.22153343621792337,-0.0822584101551195,0.05452852180217245,0.11379158356752615,-0.03708191289073769,0.0003025871609092723,0.05277249129711969
508.0,0.010237513295955684,0.1691794806407791,-0.02610823548524988,4.946945113550026e-05,0.005204167134531951,-0.053608391138038454,-0.05630176552981223,0.04900438128714253,-0.1227601164881959,0.1962891812082299,-0.10997465266217062,0.037142025806872515,0.10225943255605345,-0.057040256679280435,0.02225253122966072,0.022537304086900575
509.0,0.03512287941562135,0.23458861323830688,-0.05151713664932345,-0.012653108540082263,-0.007118823336788317,-0.03837343063410151,-0.00254874989771572,0.030113766889151954,-0.1376602625278579,0.1750283928382286,-0.13084621711356947,0.00586453115379531,0.06643048034676516,-0.0754303672612155,0.034174623881049304,-0.006310081629915304
510.0,0.04846115135965185,0.2319353513301243,-0.07380117758764776,-0.027459398781046057,-0.018757324759076845,-0.022673812935317516,0.049507780550381845,0.011314935582243512,-0.13218153999918664,0.1630806981965808,-0.13633495999400133,-0.03195899720530758,0.02061524798187191,-0.09047524936019564,0.03381021696045595,-0.026607357767791228
511.0,0.04113243143800766,0.1620247688253514,-0.0866263351079698,-0.04218452014973998,-0.027205078273130325,-0.018603560050304203,0.08696441249446951,-0.0020369662790011584,-0.10770368972150603,0.1540444082369639,-0.12657438208778232,-0.07031709186405233,-0.018639657853507574,-0.10058658620915162,0.023269819637732534,-0.03410010147068492
512.0,0.00947554088946338,0.04558501291821649,-0.08667443447506055,-0.05415022503108496,-0.03186637420619318,-0.03628037891132323,0.10105689757285237,-0.005845558069667308,-0.07456601251912681,0.13106860659264005,-0.11054885880590982,-0.10450494170353317,-0.03848239564155301,-0.1049847744586532,0.007213746376339572,-0.02935602725692607
513.0,-0.041481649182541803,-0.08305947091858087,-0.07442220236704081,-0.060718911909061674,-0.03369571633102841,-0.07912751505202588,0.0909520999831493,0.0012446203544472189,-0.04685532677091891,0.07361726286168764,-0.10299632778039569,-0.13065069729324247,-0.034893156745938354,-0.10422709203222397,-0.009599385890163617,-0.017573453739112916
514.0,-0.0978972534211867,-0.1874461239853147,-0.05360903658438816,-0.06033885586173693,-0.03466793245123175,-0.14246597260171492,0.06447109366449269,0.016518909617601815,-0.035156835290791756,-0.03180977289396446,-0.11795647882992324,-0.14590533990986912,-0.013588062631291703,-0.10022247706720054,-0.02378465239494699,-0.0058323770608999
515.0,-0.1415317606561771,-0.24193766332317496,-0.030030485103456746,-0.0532518344184328,-0.03690318367402718,-0.2154669794222524,0.03413610512119849,0.03395065866177618,-0.041455536261717434,-0.18112031057226435,-0.16042237463677964,-0.14913099130162996,0.013927770927818368,-0.0952818862954042,-0.033481852173888854,0.0006241073518469515
516.0,-0.157394074385644,-0.23985060474217168,-0.00982945159720114,-0.04145944903796248,-0.041225483382690185,-0.28435572276916526,0.010829495591781564,0.047460238234731035,-0.05909018768672614,-0.3479024413412491,-0.22084378410298297,-0.1408115346660516,0.03660187252867421,-0.0906190286783481,-0.037762245455291804,0.0005791221206565363
517.0,-0.14054014813254215,-0.1925788407005275,0.0027446310660548586,-0.027984417885041708,-0.04598809084311247,-0.3352066279420215,-0.0006688956032883938,0.05482963093399011,-0.0770347647382627,-0.48934083413022794,-0.27786495813646533,-0.12180031534409322,0.04858295047523864,-0.08526470384254724,-0.035933810544977005,-0.0033268463924457296
518.0,-0.09790840808926328,-0.12161697195009653,0.007381069937962262,-0.01569814542125242,-0.047378248612177314,-0.35665996136925876,-0.002048388945273884,0.059601702537708204,-0.08494360213307985,-0.5624923329016882,-0.3090620335045529,-0.09193935779925584,0.05035347471304263,-0.07625205591082622,-0.02718074542543896,-0.006033252359173133
519.0,-0.044458837464267244,-0.04896851080670294,0.007807745398819687,-0.006516678295121131,-0.041385227441295164,-0.3432859282453693,0.0014636352594265968,0.0692475024316169,-0.0760820386697337,-0.5433134120022598,-0.30243328873854625,-0.049929392286373865,0.047035341469103695,-0.06048585018491566,-0.010939060221459447,-0.001956356843307207
520.0,0.0033375735573929815,0.00927049119884641,0.009177466946298838,-0.0013601909717352988,-0.02623396495342211,-0.2983508775174055,0.004863160384743832,0.09037071580185617,-0.04810153163833499,-0.43763535872484827,-0.2608974955032249,0.004831865395965484,0.045711140087981335,-0.03727613741083109,0.012060760830041635,0.012686840244878768
521.0,0.032978726563785844,0.04454518710658777,0.0145841087082072,-0.0002750869992534973,-0.003698864710294808,-0.23342881121644646,0.005736536871666043,0.12396355626658462,-0.0032296953455730245,-0.27801686951234195,-0.19813151971915183,0.06918671055592575,0.052525919820953976,-0.00946394080141334,0.03890283965931412,0.037763740056736994
522.0,0.038814774361898674,0.05486871601084182,0.02346276239636694,-0.002395219796776502,0.021356039170691638,-0.16404117613210667,0.004591537199141626,0.16351786581662905,0.05160487286677133,-0.10913036630408487,-0.13016886434207783,0.13419046474728658,0.06966247006861606,0.017602007175042688,0.06447073511866602,0.06850419111375329
523.0,0.02268929692520132,0.04440373098862656,0.0326894640260529,-0.006122614690563646,0.042763896537111115,-0.10377091991691229,0.0037400012939285293,0.19694581751571108,0.10597813409014532,0.029795125808309574,-0.06872271601605953,0.18639602628638544,0.09329330974357457,0.03797672472100765,0.08249259977759828,0.0966750710026747
524.0,-0.007042796588494749,0.023692136445161296,0.038788653476451475,-0.009527624325078992,0.05538841144370006,-0.060323644215417534,0.005617630246593045,0.2115757731169759,0.14927358587778342,0.11676667431287482,-0.019394661196472932,0.2127000747697098,0.11459358480399395,0.04666146582495357,0.08766121950653144,0.11327411868228461
525.0,-0.03806040775671073,0.007932090451707402,0.03935333467037509,-0.01050455447950273,0.05717727933708125,-0.03476322999862858,0.01148590595884832,0.19999429033545735,0.17470612150721315,0.14898096767666524,0.016339633562813226,0.2064306816210963,0.12452520296941945,0.040869441047568636,0.07836598087485744,0.11177863240052954
526.0,-0.058106645247766445,0.011875345878528587,0.033434302219051935,-0.006851445695725211,0.04994645745218824,-0.022911855232549096,0.021134658545400305,0.1634992372384291,0.18182577714250814,0.1370653872197229,0.038727948154309175,0.1710436078535265,0.11952391134804415,0.02137783703751294,0.058515006344810855,0.0903399739986625
527.0,-0.05956089467845283,0.04278010292509954,0.021896165552311095,0.0029610345455067027,0.03831180668447779,-0.017654674338111208,0.03330598325169625,0.11090667615429599,0.1760363970497541,0.09692752389008953,0.04915651061222753,0.1187303412844112,0.10317371201337185,-0.006761261679514334,0.036500622822646774,0.05163597864290676
528.0,-0.042552000830381236,0.09501275533309565,0.007989552061468223,0.01836567776155429,0.027303721031305458,-0.011130146948484397,0.04619862275408347,0.05368423143159466,0.16519894487715361,0.04367789027341771,0.05119957575767651,0.06476826559848677,0.0821624932758392,-0.035247724997259165,0.02078125365262996,0.001097007990078187
529.0,-0.014406863469026135,0.15057737741469476,-0.0031867681345305863,0.03580793136827901,0.019964960743854846,0.003923925374655104,0.05795933513699816,0.0012571503064610174,0.1553862506681125,-0.01030492461967674,0.05175496604404621,0.021896585224802995,0.06071819790992994,-0.055286186940229264,0.014528251612339407,-0.05432818898177203
530.0,0.01476710646501108,0.1870347379789919,-0.007340431689584726,0.04953602283349877,0.016240331518476276,0.033224114257536186,0.06727691092097439,-0.04042789236078954,0.14858593598238143,-0.05393305860511252,0.060566268243939944,-0.0019764723943509325,0.039225652814292945,-0.0608674914084501,0.013646202371353632,-0.10608720056603599
531.0,0.037301714652150444,0.18864339124431384,-0.0040861070897337684,0.05410215769847057,0.013969520950820179,0.07908961850320684,0.07368961392597205,-0.06772870539702412,0.14327365719967725,-0.07603513522020028,0.08718710956355741,-0.0035084481028548123,0.0178803938624429,-0.05089446071244476,0.010319325576856565,-0.14433583197033545
532.0,0.05020378491104663,0.1537036326245181,0.002689863010487198,0.04725108077186358,0.011491435447994759,0.13771211683198267,0.07709872961978166,-0.07840403423501274,0.13650173679714997,-0.06753554627046413,0.13597420723541379,0.016578205105425008,0.000877993219891875,-0.02886358008884809,-0.0005122513363717442,-0.1602926728255576
533.0,0.0536511460099777,0.09434880066438657,0.007866542994496465,0.03120386776189536,0.009777279309565793,0.19805908327304497,0.07689414600841712,-0.07243545290071521,0.12575370276497247,-0.026893468214594932,0.20159265274961258,0.05372399287569395,-0.00365042582517406,-0.0004679624582530935,-0.016872905393870548,-0.1496489628668144
534.0,0.04829949161567024,0.030817660236903383,0.008481892526170551,0.01121883017805547,0.012020842407315619,0.245191618420982,0.07196081038122012,-0.05348028887816468,0.10968924646306745,0.035919261364010066,0.26871057927788367,0.10035553070288283,0.011310143602281464,0.028792317200246317,-0.030837210523611183,-0.11449465809179162
535.0,0.0341483339539133,-0.015390696705238727,0.004525969350260084,-0.0075711047568904725,0.020802860356855836,0.2671687021020516,0.061994255150199705,-0.029113649840084545,0.0878914651765239,0.10153923859389055,0.3176508930045544,0.1474042591044132,0.04504463939924036,0.05425869671942791,-0.03385885612464017,-0.062489006782147874
536.0,0.011424085895853175,-0.02717865569901131,-0.002362371747652272,-0.0225272876376112,0.035245629952520376,0.2605792483862959,0.048785019146792626,-0.009076025469839441,0.0603804670926289,0.1489904344786335,0.33316618195435627,0.18562995910355534,0.08599393462980506,0.07157801765143905,-0.022253040207778914,-0.004234643180666453
537.0,-0.01777662707785894,0.00340870720932505,-0.00984751116582212,-0.03334009698882081,0.050703566606881155,0.23076834211812366,0.03577194728775217,-0.002125724790665114,0.027853310839496513,0.16423007398822553,0.3112545027148454,0.2064039194343002,0.11554329344259201,0.07700831959314415,0.0008646035722843042,0.049443003162305044
538.0,-0.04843495571245217,0.07119668130476402,-0.014495713475655578,-0.04001384082916487,0.06142948618388869,0.18794686835472807,0.02565868685739464,-0.013099625118138966,-0.00676145761579794,0.14476470184713452,0.2609156064634499,0.20259407886685876,0.11721201815652911,0.06927933618534204,0.02779546878442807,0.0895093328277406
539.0,-0.07298979565213899,0.1566644112869811,-0.011377000597318214,-0.04123649757255544,0.0642118816949615,0.14266108372446967,0.017975261263236925,-0.04191529622652978,-0.0362989206344772,0.09890602048671797,0.20057107174308803,0.17008346673735528,0.0849131672108706,0.0512582847710335,0.05022639761930422,0.1099451404482651
540.0,-0.083139293946669,0.23051684234938372,0.00440220775581597,-0.034639784096374235,0.06020506911795523,0.10256402240102236,0.00912929826372977,-0.0847643135579901,-0.04957870273058569,0.04136217958061201,0.15076562967914758,0.10971284931960386,0.0245734744729435,0.02929252494300606,0.06228411349290676,0.1082666152506558
541.0,-0.07237065964926374,0.2640872970156053,0.03418704367504217,-0.018699185968629805,0.05358774176311223,0.0710630710118335,-0.0046263949566175576,-0.13575359622560315,-0.03601775150523765,-0.012181517834842401,0.12617602887262988,0.028777810863979087,-0.050638010565733575,0.01029514785801827,0.061809215365652245,0.08580177640361654
542.0,-0.03862451525140503,0.24062939139285766,0.07292735012931222,0.00503326240288506,0.04815266942373813,0.047701921871961483,-0.023796608410779616,-0.18743526345619882,0.00715952392199933,-0.04986071897719183,0.13018929801454707,-0.05938845043851567,-0.12666656698874668,-0.0012651435975235027,0.050047609973289796,0.04793481067011619
543.0,0.013781673748731856,0.16119076315486025,0.11014422917581763,0.03094611619872086,0.04458432063010785,0.02951553067723316,-0.04458929216002789,-0.23106830717957944,0.07074894572981898,-0.06685127967720035,0.1540958180983447,-0.13880585063336207,-0.19259375997254097,-0.004521908501239653,0.030237630239650645,0.003469058838864994
544.0,0.07456891765721038,0.04282908837894592,0.13462913154326192,0.05074308288598079,0.04053956150329117,0.012872086330643517,-0.06065403606578953,-0.2584442367716661,0.13674829589811818,-0.06562930040361045,0.1812535304134578,-0.195970373306685,-0.24150282775734114,-0.0014471987273482578,0.00616630117268842,-0.03772824726539147
545.0,0.13087780225546397,-0.08831610684796577,0.1390363753662694,0.05672469972943255,0.03309306647363748,-0.00426212423338157,-0.06613863652485458,-0.2648776771293841,0.18717156847338473,-0.05273601361270353,0.19472596228629283,-0.22359454196921444,-0.26915360576295233,0.004581251246744886,-0.018450948317638438,-0.06793403958560067
546.0,0.17176595090486815,-0.205177494321963,0.12127630708599513,0.045114146619846654,0.021180377649373538,-0.02021290140200426,-0.058257700755963905,-0.2507448195985339,0.21202633733714354,-0.03414347950047855,0.18509451020943793,-0.22122394945714607,-0.27236871847633515,0.00986016842240794,-0.04016101121686387,-0.08347929514419167
547.0,0.19110397564199952,-0.28630984313568125,0.08363033826235464,0.0177405880107498,0.006267902974957344,-0.0290259949142781,-0.03825007425283428,-0.22009081630294788,0.21126045365162296,-0.01232016837453937,0.1546058368688343,-0.19370933016674724,-0.24914379218510274,0.01099588208059116,-0.056181555390669984,-0.08436486948477187
548.0,0.18809369573719836,-0.3198516370818705,0.031948369670910644,-0.018475108938914814,-0.008542008962355241,-0.022668645126974443,-0.011129135961837698,-0.17803660198836338,0.191328522894727,0.013976590836666417,0.11542908642135162,-0.1491581976106002,-0.2008006179108141,0.005591597548436813,-0.06477514997317428,-0.07286389303781822
549.0,0.16651708138148816,-0.30513063112204075,-0.024719725061560272,-0.05391862242718544,-0.0198101510717454,0.004463549712261292,0.014880234225914743,-0.12988991423941051,0.1607767210851039,0.04810708470776313,0.08300776565988652,-0.09708452049458544,-0.13431582824088412,-0.006852848659917622,-0.06523994301308643,-0.05281957128728083
550.0,0.13339174153756675,-0.2517460620581036,-0.07529191788272792,-0.07961245289528074,-0.02485794335863035,0.051469690156121364,0.02999441839205962,-0.08223231122566171,0.12750228631851926,0.09306580167091696,0.06852786903170467,-0.04682228642251862,-0.06209259949445851,-0.02450215334525917,-0.057952125365660676,-0.0297210018823615
551.0,0.09702511354209303,-0.1756172805846858,-0.10927883788273363,-0.08998140774862794,-0.022599607789898925,0.1103351740925306,0.026595861770105735,-0.04319482528728803,0.09747539955438068,0.1489622731293036,0.07493186972531767,-0.005870502306625045,0.002161551856799756,-0.04368596707733945,-0.04473394946900878,-0.010148235883483556
552.0,0.0650003141077508,-0.09312820384874969,-0.12010911627686624,-0.0838881278835772,-0.013902097964007824,0.16905811338475818,0.003288731167930657,-0.019848352426906087,0.07419985029947074,0.21171435300482785,0.09772872446751571,0.021881734525164228,0.04910062467276164,-0.05981722085453577,-0.028765822424048987,0.00045971663884280075
553.0,0.04259487791474883,-0.016400891817192596,-0.10756037802714612,-0.06392638464523608,-0.001324149415427252,0.2156062763029815,-0.03377552129408509,-0.014206691906571565,0.058323710311437744,0.27342588564140574,0.1281712492623117,0.03681387881741267,0.07634177953726773,-0.0681603224955038,-0.013327967601534693,0.000607187650657309
554.0,0.03151954144667601,0.04805783017172949,-0.07779264556875815,-0.03475080655170672,0.011530437156825125,0.24021886283701482,-0.07325289831334396,-0.021413218357080023,0.04683737714224822,0.32356409513725337,0.15591001215334538,0.041827207495922815,0.08627757872327425,-0.06459843841693119,-0.0001411743932537593,-0.0065539719173398955
555.0,0.02929472642969915,0.09793337549910625,-0.0406094998436288,-0.0014268869137903082,0.020733903432961616,0.23687417404304353,-0.10299727196416246,-0.03192164825298443,0.03251772858267955,0.3502120938215402,0.17040086219081052,0.039318164538321425,0.08194990406058977,-0.04677410466084555,0.011047553553609637,-0.015847368024583357
556.0,0.030059557200699888,0.13302618732445937,-0.005390143801470467,0.0314340986843228,0.022793748805042646,0.20543122201473238,-0.11425490795515614,-0.03596704126157297,0.005564447422515614,0.34215140098682756,0.1622680854897953,0.029710961367768438,0.0646553254698841,-0.015482545088395812,0.02120911052351036,-0.023903016409858653
557.0,0.026877528400934565,0.15392588802787896,0.021953272478569062,0.0597736368633793,0.015743040291577963,0.15320713575044606,-0.10424754169380301,-0.027285223866794533,-0.041933333342640225,0.29285464770224756,0.12574881509210664,0.012797238220173835,0.034726657232034684,0.024552402955166114,0.03067212115518437,-0.030666778203082435
558.0,0.014730336016415217,0.16174048546139325,0.039530851692013966,0.07995943503625096,0.0004587025529632669,0.09364399825644136,-0.0764074102569106,-0.004557482962803675,-0.11093322936203931,0.20538301112454796,0.06157808807270618,-0.009671960037507593,-0.005433409329501969,0.06546838235535285,0.039191847771636264,-0.03757015253189425
559.0,-0.006989879328907331,0.1583602622840671,0.04775905437931527,0.08876104799344038,-0.01892272830872413,0.04165499424301842,-0.03826007795507344,0.0291291679238356,-0.19293627753100245,0.0947906470684955,-0.021608769056637746,-0.032752224723641324,-0.04897333193141673,0.098553701216363,0.04696855558814935,-0.0447681309159918
560.0,-0.03378731433186945,0.14623436634096393,0.046965940279900927,0.08365211336579606,-0.03634868843336053,0.007805902191476355,0.001827238308148061,0.06793050147227477,-0.2717297522087604,-0.01495987689545849,-0.10875004316118254,-0.04975627922157079,-0.08559304955957371,0.11692541352582149,0.055083520417963355,-0.04997271479478195
561.0,-0.057829548125247425,0.12743946859138708,0.03627264510771937,0.06371287948784679,-0.046258419455428454,-0.005333230193770753,0.03729691895296042,0.10534722286722904,-0.3290145303182924,-0.09926281957810325,-0.1826377565155137,-0.05537040950266946,-0.10525006754763268,0.11748032933083409,0.06478408599562123,-0.049165085223605694
562.0,-0.07173491897857849,0.10279291522575455,0.01469752637363599,0.030874703091398538,-0.04586376606283396,-0.002874543969072287,0.0644345308075185,0.1361387636740657,-0.3517505626568489,-0.142634723451476,-0.22968952845013046,-0.04837697703859151,-0.10170494110005804,0.10154770570632525,0.07619841328408838,-0.03849392281728767
563.0,-0.07304662058703928,0.07125823430881162,-0.016139458966751074,-0.009457770502957383,-0.0364878561472164,0.0056998392313359,0.0816740841843879,0.1571225241217254,-0.3379155064086752,-0.14501269647766324,-0.24502589693297203,-0.03280202051004248,-0.07462166660739107,0.074073044084909,0.08737914892682992,-0.016667429400562886
564.0,-0.06682750266807849,0.029865356928462483,-0.049744157471106026,-0.04915857258943815,-0.02303611873918096,0.010574096556694739,0.08790947486748296,0.16676267746820192,-0.29760501321911637,-0.12078172013711377,-0.23428153646908884,-0.017058232848651104,-0.030387043101309928,0.04183978909089212,0.09463695825827886,0.01360896131889263
565.0,-0.06339578837174034,-0.02452061092371206,-0.07555912749182368,-0.07922846015743878,-0.011367854944993394,0.004303195347906164,0.08156157716403473,0.16488300429846228,-0.2483065741749537,-0.09042680008837706,-0.21061255858228112,-0.010749651313339782,0.018867690098071908,0.01188793071090403,0.09447128683084144,0.046538487551245775
566.0,-0.07145812454031035,-0.09115612557119278,-0.083687793142627,-0.09198683727015336,-0.005255674745795628,-0.01752772341672034,0.061851841529344954,0.15326752925135118,-0.20654763350595895,-0.06967756118751141,-0.18813229468232603,-0.0198034297779763,0.058814617317463576,-0.009427941937505702,0.08578628273336061,0.07594790315180137
567.0,-0.09164991856924083,-0.16171809975890375,-0.0707049995033503,-0.08322805932286573,-0.005030376026097969,-0.05634742486476798,0.03135062733490716,0.1360981724303437,-0.1809828599646766,-0.06303929849415542,-0.1755539094964082,-0.04238077283566059,0.07830272680665538,-0.017568685762284982,0.07056878806060118,0.09782220273473403
568.0,-0.1156705808904615,-0.22063710085157673,-0.04213583803459375,-0.05395053310596192,-0.008219499701105814,-0.10949699370193511,-0.0028646900450485365,0.11900931481018949,-0.17092687744017007,-0.06481203515765814,-0.173287763329711,-0.06861416909963451,0.07394138336464937,-0.011484196999601666,0.052619803090638566,0.1110908256643298
569.0,-0.13128318585112816,-0.2502386973348291,-0.009648533997822001,-0.01074522436254684,-0.011220756241024775,-0.16827036074465446,-0.030976124394916617,0.10698232747406208,-0.1698284880345785,-0.06483863417965158,-0.17426775336361047,-0.08516456428422567,0.05125007555603709,0.00536862703167632,0.035334451656278514,0.11647126190436341
570.0,-0.12912820499220462,-0.23777621192632467,0.014834028559538736,0.035876458032051944,-0.011176638064235406,-0.21771650089079272,-0.04436359606110003,0.10245394535721805,-0.17009187117966706,-0.0542499442453204,-0.16723081167807963,-0.08203794111359801,0.021843299435987926,0.025887022237786297,0.020047391753903434,0.11462579713416049
571.0,-0.1070861776161052,-0.18106909243215874,0.024053004886670608,0.07477330891297095,-0.007249553807529306,-0.24054597188676927,-0.039734976998551774,0.10473089193389847,-0.16627807616925894,-0.028829071243491197,-0.14163447677341517,-0.05751457863220623,-0.0018910096769170063,0.0418978521806011,0.00627500852317306,0.10530203467623085
572.0,-0.0703800712071486,-0.09084301404483595,0.017163523261320073,0.09768368281307546,-0.0006370871294055037,-0.22450275913464302,-0.02118567698245867,0.11064677516360462,-0.15604462118508947,0.009621543592083172,-0.09331760639891251,-0.018735295092238525,-0.01224705460833597,0.04734805414141639,-0.006391357833050589,0.08792344330880471
573.0,-0.028284419563562143,0.011972641138848245,-0.0012773106037889663,0.10156281435614405,0.006219893030608596,-0.16937424290758435,0.0015950279848938687,0.1156947274204003,-0.1397024070744427,0.05320535052350973,-0.028912415255490126,0.021822362998219397,-0.00897288437709043,0.040593877431908724,-0.01695701130071582,0.06278450539944383
574.0,0.0100652091624975,0.1039964436706971,-0.023921047879603294,0.0888402026783976,0.010177258468799865,-0.08910939933746183,0.018433707830930672,0.11490020406793416,-0.1191557645262022,0.08987411562229042,0.034048232317890996,0.05184192732373044,0.002175968650244944,0.024252123743441798,-0.023999395616962196,0.03189989042789271
575.0,0.0382772444048712,0.16790485882048797,-0.043729064907242925,0.06549769145965935,0.007701776489844197,-0.0070218217143542035,0.023503267147556954,0.10338300800410605,-0.09663347824340823,0.10800773443685607,0.07369238556563779,0.06367864188786088,0.013389530023188342,0.0026273700064406843,-0.02790435242566179,-0.0009297626827182984
576.0,0.052822002192443415,0.1965157984904164,-0.056386696438138574,0.03816860269761245,-0.004128937123161177,0.05356166195898331,0.016395795606022116,0.07739289430151777,-0.07407682746601893,0.10161895616235826,0.07500657238467813,0.05582085605818874,0.018007409718188042,-0.02098993340769912,-0.03171414645100914,-0.030992749744937625
577.0,0.05184561025741799,0.1915123581699403,-0.06126407838639076,0.012064137089418883,-0.02587218163010071,0.0779262256381582,-0.000299891218600734,0.036175779810363164,-0.05360612147964514,0.07281290966900497,0.038448244393361544,0.03161446230777245,0.011702563286878954,-0.04483328246916058,-0.03932164205426282,-0.05436094511478284
578.0,0.03482710829595381,0.1594980305240875,-0.060712899613765886,-0.009420835101864582,-0.0542638990041707,0.06381259731492976,-0.023904578692770104,-0.016379535954748694,-0.037690904980247346,0.03044758790674725,-0.020259284899167753,-0.00288383539191982,-0.007373385086107856,-0.06714121842947592,-0.052369865226672294,-0.06957072521523763
579.0,0.004122603714011001,0.1082903497970679,-0.05786563822797746,-0.02394278545183477,-0.08221615195396796,0.020028402970293242,-0.05276308332550322,-0.07177276607637037,-0.027562724729578814,-0.013294304596850229,-0.0781142018069989,-0.040610579481600226,-0.03842594266158434,-0.08479109312709072,-0.06846362256144047,-0.07802115058719239
580.0,-0.032988098321430966,0.04526490450082569,-0.054033992443663456,-0.029455687572580814,-0.10084967121748692,-0.03806590524601181,-0.08533190180150987,-0.11898885297252677,-0.020901661526205026,-0.04649070284281515,-0.11452011883960439,-0.0745424130530397,-0.0775969230352938,-0.09384421805623143,-0.0821637285370139,-0.08254903596113987
581.0,-0.06453711243093899,-0.02185899408366057,-0.04765970000151409,-0.024389808386399793,-0.10295671780751549,-0.09351712256951879,-0.11831491521576734,-0.1475947003662945,-0.011452309774254026,-0.060284975970869535,-0.11787416210475433,-0.09829423555087073,-0.1177776181037879,-0.09158000639062489,-0.08785265790106334,-0.08509236685206945
582.0,-0.07780593120570704,-0.08310850649006024,-0.035928131897393384,-0.008692457001640744,-0.08608837021447242,-0.13123626867738533,-0.14536152944472183,-0.15023852909153157,0.008129748426544696,-0.05039984073381009,-0.08751600317759359,-0.10663686363897198,-0.1496819190888891,-0.07798396015233922,-0.0822783857588803,-0.0852411992648018
583.0,-0.06536284827150426,-0.12577231572808034,-0.018058040400719247,0.015145471825889845,-0.05366360728280761,-0.13951578791391683,-0.1577740510416499,-0.12413712293466571,0.04179797340098177,-0.017050682251635634,-0.03128072839955076,-0.09623615393711044,-0.1645334315417613,-0.055491753630256116,-0.06546607419937386,-0.08079050088563086
584.0,-0.029502562814756154,-0.13764952233512534,0.0021449168787716186,0.04189603352418443,-0.013791505758181654,-0.11094616007864516,-0.1479756862645258,-0.07242200196634635,0.08744358381948567,0.036346706987413005,0.03976274908306679,-0.06659546730071207,-0.15707899664412645,-0.02790105458082906,-0.040298203061889276,-0.06959944184270737
585.0,0.01806668093309253,-0.11338526127575264,0.016571658687872182,0.06469772972549177,0.023553881811806062,-0.04447296656324483,-0.11437557047606559,-0.005015887141718693,0.13800882289702843,0.10440379668660843,0.11618258231747583,-0.020917841683972278,-0.12701484590494894,0.0001985705986456472,-0.01157914862030748,-0.051061176085222267
586.0,0.06127656167686828,-0.05931610787634127,0.016265459508840802,0.07734186785235382,0.04999001604795416,0.051787466073529825,-0.06411964346479691,0.06319252277053221,0.18480353846734252,0.17962382646414846,0.19128748818616162,0.033745931392230075,-0.07811719092487296,0.023697461096856876,0.015169502435881714,-0.026349382245697182
587.0,0.0861844951654421,0.007732196511618691,-0.003567248639926488,0.07660008997004811,0.06152943621584601,0.15979501685342118,-0.011272877324484218,0.117566465267624,0.22025736874325155,0.25092015959733305,0.2580652613187294,0.08775959705002657,-0.01616623189265832,0.038131336143800605,0.035215524946453705,0.0020037496682056037
588.0,0.08541418556794272,0.06773670837544393,-0.03968652522040349,0.06305256324780109,0.059472460906960484,0.25520956128762745,0.028715586181832904,0.14930075220594555,0.23941227335533766,0.30272834896211376,0.30584699635538126,0.13142246741487387,0.052727699873145496,0.041754742668884744,0.04598595884168377,0.03053211351675835
589.0,0.05967113338407327,0.10654414451670248,-0.08056041213133841,0.040061158301905826,0.049041936952103134,0.3144279981941364,0.04557709404544242,0.15757545257426636,0.24105242361686088,0.31722642109221466,0.321377097894835,0.15764515326714132,0.12288166248961428,0.036818487673123845,0.04762510096274728,0.05541832613417937
590.0,0.017147987106758425,0.12137349504211042,-0.11035875013067303,0.012246015928129688,0.03680996703626605,0.3215238669078655,0.0387428906884039,0.14765681516866874,0.22847392839706213,0.2799805155666623,0.2944677813005929,0.1637482599429368,0.18939239895174306,0.028516286271941763,0.042501082031525646,0.07348169417654296
591.0,-0.0288987695469777,0.12004941056579349,-0.11538298005456987,-0.01519774184373923,0.02831683028999828,0.27222678886833923,0.017167290811887205,0.12734568019018455,0.20872188432733899,0.18625313892804263,0.22356444082869031,0.1519574299569206,0.24832009614483305,0.02209534009890413,0.033935007018908184,0.0830363202367835
592.0,-0.06444443077317974,0.1155045835885512,-0.08991760351735416,-0.03691672951728767,0.026357620422445945,0.17446178206535384,-0.005401980699644024,0.1039309500779644,0.19005798197965965,0.044561529540371965,0.11712379252628367,0.1283048929406325,0.29630863726006057,0.02019603572587194,0.02484234056035076,0.08379537391745964
593.0,-0.07953725477219693,0.11915857840355967,-0.03884703058461928,-0.04885411785120875,0.03008560758617865,0.046122097073581475,-0.01628796855261424,0.0819464912023298,0.17919342939882524,-0.12430247251757565,-0.008984087843487315,0.10005002963863477,0.32975830268426676,0.022100884105004236,0.01729431604058722,0.07595712617162584
594.0,-0.07121968904435515,0.13594438140262663,0.024204424767882465,-0.050292954560558996,0.035609718662185236,-0.08970401651855328,-0.007639812233824123,0.06183054073255715,0.1798060389681927,-0.2927238757935223,-0.1357833763442424,0.07306393776856161,0.34469948838452297,0.024909896942561436,0.013214785948721013,0.05967072298902621
595.0,-0.0432375768070468,0.1624605642567746,0.08217513463032482,-0.044625967778302425,0.03817641900577193,-0.21142869665096453,0.02232164302283229,0.04051540049661996,0.19245069155705236,-0.4339594060044249,-0.24564237797636476,0.05088122934366488,0.33813736063883537,0.02530088515132089,0.014742853736946532,0.03560171684324898
596.0,-0.0036501236357790396,0.18874471498406192,0.12068827471410817,-0.037761719261133996,0.03471571047792528,-0.3048619886101089,0.0691440568830032,0.014411742351845532,0.21504123935589056,-0.5282129513456707,-0.32563001896898647,0.03528501114021282,0.3100311751836435,0.020792269800312894,0.022961528301091425,0.006031360946453258
597.0,0.03763379413564413,0.20282692824007192,0.13277202381436146,-0.03483960416977348,0.025436615044253263,-0.36499834059637143,0.12247550987118518,-0.016787793727562502,0.24299133844297494,-0.5648546036490745,-0.3689769433494029,0.02694829921714448,0.264303212595728,0.010702512635498627,0.03600389677097843,-0.02453791282874378
598.0,0.07061273684311771,0.1960808336962435,0.12083268645857631,-0.03733336613576647,0.0138135619755222,-0.3933327415882544,0.16806448285798642,-0.04831083383438447,0.2689419626729422,-0.5420612007776442,-0.3751065786583556,0.02535513956015611,0.20810877747691017,-0.003004988697815286,0.048662074850990014,-0.049998901918298366
599.0,0.08682580717928089,0.16712244367890858,0.09495287830268014,-0.042567679304134964,0.004937329419047571,-0.3937959959525353,0.19222352147716282,-0.07206926405550254,0.2834297216084675,-0.4662774202920467,-0.3490366635091825,0.028346724030150313,0.14986702482141165,-0.015910305852362805,0.05432735432962911,-0.06440793780714683
600.0,0.0813844631883203,0.12238190707385252,0.06796363633080119,-0.04578494438302756,0.0030795268162278765,-0.37059353261319566,0.1871243399344088,-0.08078461802635106,0.277914100512246,-0.35231452423410453,-0.3002813541860435,0.032135229155318926,0.09699282093309645,-0.022920411083628554,0.048152820631365334,-0.06402946847536513
601.0,0.05509132932441857,0.07300168698178935,0.04980783266072726,-0.04309005245115721,0.009669280444315675,-0.32851303317325764,0.15420133514532702,-0.07187022786530275,0.24937712216167796,-0.2229359105727448,-0.24109604592214579,0.03269964324456066,0.054099255936707925,-0.020587384153954547,0.029322393846647997,-0.04886872665356176
602.0,0.015509963459935933,0.030146910201758314,0.04432733012047696,-0.03358100932149317,0.022457386517946043,-0.27381785345017967,0.104193719261317,-0.04911710370898219,0.2032597192605179,-0.10566965101490873,-0.18420860196651087,0.028322369724654118,0.02241543769418249,-0.00845596551604148,0.00101035066497195,-0.02311900904529807
603.0,-0.024448625718588753,0.001408071311257201,0.050023774462026646,-0.019858122736035395,0.03638644019108952,-0.21368953176746167,0.05387214437119621,-0.021441383913573666,0.15182202312727847,-0.02553963280935899,-0.1403304690309344,0.02111120797195295,0.0006693113924710895,0.011105575468915184,-0.03142536287500032,0.00613444249981803
604.0,-0.05071306892027506,-0.010802900685194709,0.06346935139256414,-0.006668748574273099,0.04611114656866217,-0.15388264104248425,0.02046455656979903,0.0010148442678090993,0.10847530380619821,0.004257913627332392,-0.1152940370637062,0.015740373866803836,-0.01344715038684046,0.034161931158473026,-0.06222221395977143,0.03177836533534336
605.0,-0.05324904517705639,-0.009178676438470985,0.08200661301104123,0.001834892347542159,0.04876623796329581,-0.09653968236884979,0.015858581590000094,0.011754907823575612,0.08174651230313847,-0.011380607188012464,-0.10708968459792484,0.016441919370145237,-0.0222353261097665,0.05660278676671758,-0.0859192449218454,0.04953914078380527
606.0,-0.029650938773880867,-3.31422060518572e-05,0.10354133939629939,0.004546753948372109,0.0450866965593438,-0.04096710039256297,0.043031963263548155,0.010642698265269169,0.07232919312812436,-0.05109941352196084,-0.10533495760985384,0.024643363197287108,-0.02753912571040975,0.07488953692760965,-0.09756768984306029,0.05897798894751932
607.0,0.014352394326024927,0.008900042686497718,0.12482254695816809,0.0038114202709279205,0.03833365616137028,0.012536603878248067,0.09553594774859624,0.0021511574727071064,0.07413317361923814,-0.08726319745638038,-0.09607160010591013,0.0384144426600683,-0.030784985382794377,0.08636727648030934,-0.09359014556355545,0.06204541015574807
608.0,0.06725007003427996,0.010402430526951802,0.1412170565724391,0.003792781179459396,0.032171332863782195,0.059748384772047705,0.15895746136265482,-0.00931697094680574,0.07784717809719931,-0.09932745579681825,-0.0700740538598084,0.05345096179694869,-0.033231998737415294,0.089872285306461,-0.07353476092543244,0.06065819007344547
609.0,0.11562801924756753,-0.0006662758774689237,0.1484197490387836,0.008180830577712982,0.028822869977688317,0.09411165368701947,0.21380267349170734,-0.022595899616316292,0.07449019587046696,-0.08202595874962117,-0.028277907761087417,0.06481582702843407,-0.03590582334412447,0.08628381703813372,-0.04173957645590352,0.05539550454100285
610.0,0.14771916275885436,-0.02608856608460485,0.14375022513733535,0.018281974764625165,0.027878773680815417,0.11147506609877693,0.24040865425504812,-0.03888963619089408,0.057048512134487625,-0.04404701678241523,0.01959329486057527,0.06848854942037322,-0.03950156557582091,0.0775116886181476,-0.007500422228676878,0.0458714897969171
611.0,0.15541231285459148,-0.06404492302927194,0.12588172346788715,0.032051650374519014,0.025908296324433252,0.11330642031789079,0.22530138091002005,-0.05890953889822675,0.02036117974008183,-0.0003963565644888108,0.06075721479021193,0.06201023469989964,-0.04512964854618595,0.0638288134807808,0.01717904469788507,0.03168408299536924
612.0,0.13526864230149638,-0.11018476612433219,0.0946684860506395,0.04466670461318927,0.017586725681840134,0.10579283724263469,0.1664889054734438,-0.08156025050279084,-0.038723196588302984,0.0355162606912172,0.0848544297119594,0.044469379126147894,-0.05538186581683569,0.04250407828457844,0.02203143616364035,0.01290685656746904
613.0,0.0895395459103676,-0.15883009533582923,0.052444676558005,0.05078168158720604,-0.0014529475016092936,0.09618042991474926,0.07527180523290314,-0.10483896632376646,-0.1196655811392143,0.057012025004901455,0.08713202989783185,0.01678278103025999,-0.07376356116534957,0.010521038678318155,0.0032751732827461777,-0.009720461557088304
614.0,0.026648573842209027,-0.20326119419751235,0.005311447752116523,0.04740664168297084,-0.031547469097241335,0.08930937810938802,-0.026416068274824712,-0.12689963827828016,-0.2164883469515998,0.06631177944157078,0.0695595645551263,-0.01754727625468262,-0.10194100576278982,-0.030501350135194432,-0.03413361158707778,-0.03434763620197978
615.0,-0.03999477076853257,-0.23591582037259273,-0.038079582500139174,0.035515187801169634,-0.06790400275948208,0.08651584634099091,-0.11270181127397667,-0.1458710708978977,-0.3179365095544951,0.07361798199087956,0.04053168230954904,-0.052336061241677084,-0.13716644948684698,-0.07240117409648589,-0.07830800384595997,-0.057655439308941896
616.0,-0.09470276599921701,-0.2502286533620553,-0.07025982383093345,0.01930694606602893,-0.10218274984238364,0.08688831781529487,-0.16233971672093053,-0.1591154859188437,-0.4092467431504245,0.09282037315055941,0.013369283080993099,-0.08018349834824015,-0.17253760680962849,-0.1039409057000715,-0.11529295219955141,-0.0754769477594225
617.0,-0.12294277590361838,-0.24416232853937972,-0.0883763927808502,0.003936411279469581,-0.12551613991587066,0.08861588161031113,-0.16589086258052388,-0.1635468910589102,-0.47436736442387084,0.13479352420611196,0.002965525787986919,-0.09498006790350577,-0.2000441514145603,-0.1166306678303153,-0.1342673722773387,-0.08464285294288823
618.0,-0.11542981091977376,-0.2230592882749948,-0.09485805972544831,-0.006707013934698928,-0.13145787468688802,0.08865492351472705,-0.1291159784652708,-0.1577244646759844,-0.4991535782352164,0.20070504833271338,0.02013389932166298,-0.09434862034081386,-0.21438825020414431,-0.10866191998595096,-0.13080195315904544,-0.08525108980981153
619.0,-0.0725006514193791,-0.19884494415152684,-0.09534447253202202,-0.0113133464499493,-0.11824265577605444,0.08205233294958535,-0.07140848549782622,-0.14409270667073454,-0.47644640546396916,0.27845923901910363,0.06577080762310163,-0.08102586459214617,-0.2154583585794408,-0.0854581803215261,-0.10761748282167759,-0.0816367423890238
620.0,-0.006248153284976803,-0.1848367712841314,-0.09529786998800731,-0.011289838096033039,-0.08977997099463313,0.06380406843216539,-0.019026884904277827,-0.1284539853312863,-0.41097897052087906,0.3452349010411248,0.12940864214096973,-0.06196173033936156,-0.2076619238615272,-0.05732129475605437,-0.07331499091835728,-0.08039955007058769
621.0,0.06263162891771866,-0.18900007934708113,-0.09696440235219198,-0.009660529338140164,-0.05444807971248616,0.03353356438470597,0.004874825907515748,-0.11625090835881353,-0.319668424706547,0.37651699190232074,0.19475221970647674,-0.0448713171027429,-0.1960781849985369,-0.03509517318590503,-0.0395853109142779,-0.08606765992983509
622.0,0.11286616459228066,-0.2097854525510825,-0.09845514273162081,-0.009270346291126854,-0.02180929183172997,-0.0008321348892669627,-0.010705130675167053,-0.10888624533644561,-0.2256446489493481,0.3573095986707601,0.24862173437971605,-0.03447054252457996,-0.18252603979763002,-0.025575721318095636,-0.017496227226361946,-0.09751451653459742
623.0,0.13102353519068705,-0.23634038100575538,-0.09557691939489713,-0.011307452220388819,0.0009506417911591698,-0.024860046851155605,-0.06012022239658892,-0.10318558218094184,-0.1495047856535723,0.2890079467410399,0.286200293683694,-0.031171811245233112,-0.16500885703258858,-0.02899121786106157,-0.013850300995124376,-0.10793918218503991
624.0,0.11553055386836102,-0.25253232216037147,-0.08487224046260489,-0.014881703522093807,0.011009309865891655,-0.0252078885158678,-0.12309447793202692,-0.09388352304102308,-0.10256854406165447,0.18824747544059311,0.30916899856532304,-0.0324832536195515,-0.1405632121355317,-0.03991649039480594,-0.02886805381051843,-0.10838711441171715
625.0,0.07480321785293295,-0.24388344417913002,-0.06559605226338139,-0.01769130777241892,0.009891294685551708,0.00181075764185054,-0.1735072419516345,-0.0769132310649565,-0.08454595713766927,0.0788676932994285,0.31967283621252424,-0.035181090452363055,-0.1087031833948856,-0.05090658203520976,-0.056127164653262625,-0.09242266112965683
626.0,0.02168017983948603,-0.2050207549388906,-0.039788756638076656,-0.017260730928318924,0.001966929811353277,0.04683773479549679,-0.1914965386808762,-0.051576234674999076,-0.08605746807103504,-0.0184681064432828,0.31533027998483415,-0.036628040924930355,-0.07292700548517249,-0.05651967317761018,-0.08486117214643102,-0.05945672185288634
627.0,-0.03217225137310581,-0.1430224706459037,-0.01122209325954646,-0.012204400257529974,-0.007760465449546681,0.09151197876701685,-0.17184461661248618,-0.020841096339121224,-0.09487533788633704,-0.09374178322464982,0.2884102919580585,-0.035146220393523005,-0.039755804517399324,-0.055499454383640096,-0.10381454165842868,-0.015525499588351302
628.0,-0.0792973721788454,-0.07414664053940849,0.01580057258976744,-0.0031197097033003377,-0.015565873211011804,0.11691615375028357,-0.12380781751386137,0.010033866782474102,-0.10244460437142391,-0.14914524201167786,0.2293905070263436,-0.0301467393476585,-0.016423112636290656,-0.0504645994875694,-0.10519711663665517,0.028729737014071954
629.0,-0.11660578515411288,-0.016409175886258127,0.037380818020597034,0.007249060581094416,-0.019952304377814863,0.11132971800506407,-0.06414332707977818,0.03584216012487779,-0.10688566083094826,-0.1952515670808206,0.1326989226140961,-0.022274897440018104,-0.008321695362577783,-0.046051503585688026,-0.08733789399194002,0.06232226440645058
630.0,-0.14391494378398087,0.017444754820795206,0.050560497775237884,0.014755045521389395,-0.021668951013260922,0.07366340139653543,-0.00903049955919774,0.05382894760351736,-0.1114210168833296,-0.24424396750121505,0.0014839210310170856,-0.013303446255905186,-0.01663788027267849,-0.046774253524884915,-0.05518634618704867,0.07845725358306041
631.0,-0.16226497292003436,0.02317518812206134,0.05362317222535437,0.015406004226169343,-0.022755249193500828,0.011990761857127356,0.03056397915193174,0.06485945786116758,-0.11989239985112725,-0.3028901083977534,-0.15016626409271572,-0.00565173886652631,-0.037065348846955046,-0.05509783801120354,-0.01823314191329522,0.07686540612081148
632.0,-0.17273380997031862,0.0036283008522282603,0.04673978178367255,0.007221891906153241,-0.024701400449420704,-0.06058122670432143,0.04940962106748461,0.07212276962595124,-0.1321570078625418,-0.36789238081550396,-0.2977889454461805,-0.0017423156677283417,-0.06094357243769893,-0.06986703049102715,0.01370606309919673,0.06293572835965054
633.0,-0.1756867242381745,-0.03478589049375514,0.03283586783507795,-0.008664387418895018,-0.026949222050774792,-0.12977432587295004,0.04695458575741679,0.07805423428015751,-0.1421336764666641,-0.42557417080397153,-0.41096454265648863,-0.0034553951224048367,-0.07871217326334894,-0.0858604599935865,0.03489293377937175,0.04466511462645261
634.0,-0.1702528274071462,-0.08409678471963519,0.01732859191631443,-0.028457416208385926,-0.027126903407391212,-0.18233649008160643,0.026880326376097746,0.08216841177225553,-0.14003312687335956,-0.4562910258809381,-0.46211491908507824,-0.011738867518739761,-0.0835533645084984,-0.09551938635254237,0.0459053467679687,0.029367079888753984
635.0,-0.15470350707079167,-0.13492520761488414,0.006085760579948492,-0.047264126060114674,-0.022673530752665007,-0.20697905984949028,-0.00330354390349812,0.08154718825452131,-0.1181376669670894,-0.44232354486654774,-0.4367153832933625,-0.026217265126999255,-0.07308626771352031,-0.09244970377172561,0.05283725146683031,0.021687303736281072
636.0,-0.1285022578103933,-0.1773190337040951,0.0030366589893416644,-0.06061683632636164,-0.01218423940344121,-0.19538316747121112,-0.034249181229358445,0.07323478614543005,-0.07693721022176327,-0.37618228001669357,-0.3395292925656175,-0.044760635071336485,-0.0489268948337194,-0.07433496281428284,0.06410751911985332,0.023348552259151188
637.0,-0.09482688128219845,-0.20285380096762573,0.009058834616834403,-0.06534438210323393,0.004378177756358087,-0.14391289920663397,-0.05794300164464213,0.05689646182702862,-0.026807420942309104,-0.26467378739633235,-0.19294053234927358,-0.0633024547865702,-0.015211105819089507,-0.04339791192469903,0.08601315488574095,0.034010866344592106
638.0,-0.06098871435454568,-0.20576766533438706,0.021938673313953747,-0.060111174448786546,0.025960676862538817,-0.0549550884040407,-0.0697472194775695,0.03634192148376454,0.0173053458956155,-0.12556212580835321,-0.02784191820227513,-0.07630257889666568,0.023304508117165498,-0.0051384134879826895,0.11877024897301491,0.05213766670283762
639.0,-0.03582024865930209,-0.18254808275350554,0.03662810734009276,-0.046058612160070074,0.05045835292840325,0.0630892967232602,-0.06827932858025898,0.018715583505504202,0.0448828489697156,0.021034426987777206,0.12779991668622348,-0.07817776226790912,0.06307387685829094,0.03306077585443635,0.1555706547771654,0.07507810188699841
640.0,-0.025666719317824365,-0.13215580557806805,0.04649247338376404,-0.02698685653940466,0.07482328636741191,0.19636244504425557,-0.05452179877098066,0.011338785233485462,0.05595017540531552,0.16012571032667694,0.2563749838720238,-0.06550311584459949,0.10232663581337138,0.06355733942674359,0.18608337302456773,0.09871854688614873
641.0,-0.03124492253910647,-0.057718745942667696,0.04645771666140315,-0.008040475847773126,0.0958263317724243,0.32608047792510464,-0.03152540801502063,0.018139098830286925,0.06058318968971321,0.28356880316375976,0.3513232319056,-0.038841662355932324,0.13980815837711044,0.08115637148683283,0.20243225053997477,0.11796050850162644
642.0,-0.0467266577187063,0.03226206632163819,0.036497570618508564,0.006656006372380403,0.11110108064375036,0.4307021710670177,-0.004405570413147719,0.038102698280660305,0.07308125815093364,0.38710364436093286,0.41308775492455535,-0.0029302393614140236,0.17281227108540387,0.08583456821252154,0.20313498304154137,0.1286460068631336
643.0,-0.06145282039829956,0.1251993654231401,0.02229922295888695,0.015485935234553196,0.11949744086780428,0.4913416010812195,0.020536796610207454,0.06656328638303814,0.10465202057004688,0.4671722926563738,0.44424926880063453,0.035153944742102886,0.19639893914614015,0.08283596696761093,0.192175139814276,0.1297461445381108
644.0,-0.06381100485581184,0.208039932221588,0.0120263682234967,0.018913072673973984,0.12063891735561837,0.4984694727747313,0.037973218814974424,0.09794978526024922,0.1580530863839133,0.5202350847824422,0.44680295472530207,0.06901833209423015,0.20491506627984668,0.07929687510240857,0.1749422140732322,0.12374901540548848
645.0,-0.045796094144454076,0.2706135886563369,0.011505134549904235,0.01806536508322729,0.11464144297741338,0.45540384255656136,0.045208777789483755,0.12775401479119872,0.2260515792669409,0.5436758241250808,0.4222790545495681,0.09505277010011082,0.19459798620727933,0.07979032691630474,0.15484580559162356,0.11446567456155518
646.0,-0.006232869095087205,0.306238056914681,0.021094772570002453,0.013797588993023479,0.10240630269047968,0.3762326373436211,0.041116976705267365,0.1526622408342638,0.2941067802944853,0.5364337292509325,0.37312058328333886,0.1118082405776906,0.1647702849218814,0.08388268766216136,0.13224657699823128,0.10379459539827156
647.0,0.04879964615703832,0.31107979335932123,0.035738407162426655,0.006718596988634735,0.08575361533382779,0.2801961438890456,0.02394392397668079,0.16967358874191715,0.34594968570013845,0.4992596961624417,0.3032380372394317,0.11787724146719811,0.1175934895693031,0.08689458015437211,0.10521043785682031,0.09025293729267803
648.0,0.10842810250944049,0.2858606835887814,0.04748616793205701,-0.002324014815204797,0.06700184919677966,0.18620647303802784,-0.007739158384631802,0.1756837036994611,0.36915462036982843,0.43547257220651514,0.21748961376444634,0.11139439921059784,0.05836124125891877,0.08297993166937724,0.07172373113788227,0.07076374246938642
649.0,0.16091491832146107,0.23900187785888966,0.04860223014538697,-0.01198610324669917,0.048484441847932415,0.10916231679291387,-0.050929512542585535,0.16837404804913625,0.358129203441804,0.3518190384090277,0.12138009220317329,0.09189834160345761,-0.00408064832347717,0.06844679907719409,0.032592014080321766,0.04412413273545959
650.0,0.1968940799545453,0.18591302052347125,0.03376674275772039,-0.02075533637476649,0.032204422006364364,0.05756708659928247,-0.0963842194641836,0.1480055824344023,0.3140053277266712,0.25791377647506936,0.02154410018986334,0.06209645973273541,-0.05915135878926529,0.043463263316527175,-0.007215346766134215,0.012981607689176895
651.0,0.21080192069650736,0.14264878370075842,0.0013739981423341182,-0.027744743770717437,0.019327235371186077,0.03213727444276085,-0.1326508781790765,0.11830902959005848,0.2429196239214467,0.163853832747535,-0.0739863365082352,0.02730240005452666,-0.09842724778350502,0.01182050045189433,-0.04038442591650494,-0.01740679868324432
652.0,0.2014214332162316,0.11874521731218986,-0.04547127677753124,-0.033247584388953734,0.009573267269997552,0.026031782045821687,-0.1528967950547695,0.08481877581323094,0.15472832262794187,0.07735147432164695,-0.15687907369573303,-0.006904205372705584,-0.11850910743585374,-0.020508207363127022,-0.06111577246679983,-0.0426057523594319
653.0,0.1726545694830767,0.11458830568201173,-0.09883366735640825,-0.03845689464356612,0.0009473158494789224,0.026975314457242085,-0.15864728933535807,0.0516075034047671,0.06260491050600543,0.0017875895327474954,-0.2207651167471281,-0.036451655409983214,-0.12055959471852681,-0.04746792847298897,-0.06828781709687423,-0.061953581447602706
654.0,0.13365347848338469,0.12369826498913723,-0.1482014054612445,-0.044799358476296236,-0.009924337039580861,0.02080661232047772,-0.15760388575969694,0.019498917595050236,-0.018225848455935577,-0.06441596453960236,-0.2632843943966479,-0.05883424746222515,-0.10759509085973355,-0.06523695475957547,-0.065989641130451,-0.07881950844396314
655.0,0.09651074588561877,0.13697300190090922,-0.1849352900965986,-0.05351558446796951,-0.02679796415301639,-0.0040500605710246124,-0.1576469117154262,-0.012609130257426672,-0.07408256454302103,-0.1270165926011486,-0.2865614742120707,-0.07258867449791812,-0.08273298972901455,-0.07367641153633299,-0.061426069508910185,-0.09797973010719116
656.0,0.07178355540736937,0.14680344925865935,-0.2058362439819746,-0.06511336963336647,-0.05224772115056286,-0.05208509056187423,-0.16169261695433415,-0.0450345448720549,-0.09738684199499818,-0.19327493483934063,-0.2958048170673962,-0.07734765723679539,-0.049820152860755904,-0.07571459113821193,-0.06165936750017974,-0.12200914314545719
657.0,0.06479909498750146,0.1503487181022122,-0.2129257438172891,-0.07847937132348907,-0.08599047249330521,-0.11796026379218774,-0.16681663374175634,-0.07600034285341774,-0.08890322217178186,-0.2671424407334908,-0.2968557989270006,-0.0739961834645436,-0.014458223036659326,-0.07489326629302992,-0.07084447386337613,-0.1489998776148881
658.0,0.07513623991500139,0.15076665637811024,-0.21030583883005716,-0.09067067604959904,-0.12400017036393998,-0.18729450937167985,-0.16742758449440093,-0.10237141250479165,-0.0560523306186796,-0.3440285860833846,-0.293914956540097,-0.06412412020329732,0.016892539123585296,-0.0731086265977352,-0.08888417911160346,-0.17263413549209378
659.0,0.09834780094845226,0.15517421140060556,-0.20141178203806157,-0.09812531646704863,-0.15915272310312162,-0.2414420478198929,-0.15932058959340267,-0.12110742960329697,-0.009406134455228414,-0.4092463241558008,-0.2885701887838637,-0.04911217789053738,0.03931642299264887,-0.07038837697586954,-0.11158484492344464,-0.18440677417353032
660.0,0.12754202908948423,0.16988124100180899,-0.18833104992975355,-0.09850764300483275,-0.18325648980723622,-0.2649263295657949,-0.1416137769169254,-0.13053046813296337,0.039775291871285,-0.4431879725322425,-0.2805204905633851,-0.029972821394284567,0.05134246388726666,-0.06632749945556068,-0.13196322059746896,-0.17717669330547153
661.0,0.1543870710022681,0.1951398205537225,-0.17221353293067668,-0.09186001530411143,-0.18952649331636942,-0.2526211921485288,-0.11616410964086989,-0.13143701776545938,0.08135909224607672,-0.4310000061366379,-0.2687690732093582,-0.008503508700573691,0.05523683623524638,-0.06124475428044971,-0.1424247645844192,-0.14854592176435336
662.0,0.17063251972619164,0.22239762478948347,-0.15338882327361777,-0.08031297701609241,-0.17452777582396387,-0.21306969691265554,-0.08589648987615053,-0.12768254355176972,0.10912492171486705,-0.37063586342193117,-0.2517257266695072,0.011221466814806201,0.05583026763519859,-0.0557162428517283,-0.13758912012462216,-0.10239574184270653
663.0,0.17024080934250632,0.23659180688977363,-0.13128089937925608,-0.0666123700288158,-0.1392650964374365,-0.16577772993350248,-0.05331072378252265,-0.12516564095170846,0.12290104291205775,-0.27478117546073455,-0.22681718349806204,0.023063161642033356,0.058545498789371014,-0.048955934742313925,-0.11708260626974795,-0.047972351110549295
664.0,0.15107539437365458,0.22334393986213683,-0.10524053543172127,-0.052692040649202625,-0.08949127488180438,-0.13352493395592716,-0.019627245270677218,-0.12870902319740357,0.1270391911045964,-0.16624562436979973,-0.1915044317486069,0.02185661453591412,0.06749852215534484,-0.03791090487844118,-0.08689450605215651,0.0028620565338008694
665.0,0.11539237026443884,0.17669508297130546,-0.0762731764505796,-0.03928164547042721,-0.03479701129058951,-0.13302977137040006,0.01505284654317523,-0.13852331741095972,0.12593613669433423,-0.06949015395748159,-0.1459177950391608,0.007444145683069074,0.08410013731057282,-0.018412436672047876,-0.05775322372579102,0.03916060149020214
666.0,0.06893999871653492,0.101209856969459,-0.047624488655801864,-0.026141137504818775,0.014082866640305646,-0.16771933334380956,0.05007280930559066,-0.14946361770772965,0.12052801756395735,-0.0025562853346787597,-0.09522280434068846,-0.014206114014126161,0.10583819191432693,0.012434748910624838,-0.04031135450331526,0.053978707052775486
667.0,0.018779006527387825,0.006899239796138656,-0.02267444080601652,-0.012037887967356711,0.048930113231769275,-0.22572446859823259,0.08203751164756524,-0.15414477913720295,0.10817851495450555,0.027046403823753763,-0.04958633150786639,-0.03453054622107474,0.1256484293663225,0.05447035543422906,-0.039420651119143384,0.04592126594779656
668.0,-0.02936216273528462,-0.09754641659820662,-0.001798522566741773,0.0052306334654645134,0.06639155081457719,-0.2844437051425354,0.10478282969514059,-0.14720702419751916,0.08520428914200015,0.021713530464508943,-0.021035333769221325,-0.04777163686427484,0.133490946912311,0.10385106778200426,-0.05133057579560616,0.019077446457146596
669.0,-0.07258746348082523,-0.2073091989678795,0.018456165233814423,0.02771518283585591,0.06740043012104123,-0.31987619597243605,0.11229814180289156,-0.12749635611366472,0.05012430938115617,-0.010073328024718326,-0.018373133700376524,-0.05403694599874645,0.1204781895312138,0.15305202540174628,-0.06610696903516557,-0.017908402690920654
670.0,-0.11004420062226504,-0.31907497700690357,0.04277892483030552,0.05530789319317388,0.05468831742458203,-0.3162755860279324,0.10202272374117281,-0.09779852651661068,0.006025240882761548,-0.058015043415723104,-0.04228430252971951,-0.05843825649493582,0.08333319239890265,0.1917517140798521,-0.0736108343412339,-0.053597653947500684
671.0,-0.14081279468616656,-0.4260045004722983,0.07319111671859051,0.08469406084633001,0.031018452114450912,-0.2718352455827436,0.07616154885443899,-0.0637733760122401,-0.03941528331854637,-0.11169503819701275,-0.08294814997626151,-0.06761548494233835,0.026518239656401044,0.20955189177102404,-0.06867080426522772,-0.07708070802938269
672.0,-0.1627634018468197,-0.5133324291331154,0.10693866842885048,0.11066515864348352,-0.0004566788277909797,-0.1984296808652946,0.04151685821063339,-0.032634943009498554,-0.07668387430806017,-0.15911623661117544,-0.1223013326622517,-0.08577950192834133,-0.039045222149773656,0.20018486270210004,-0.05217995849950848,-0.08209723673572361
673.0,-0.17330479980776525,-0.5594148175070098,0.13794345612198602,0.12894053172827638,-0.03464936169753222,-0.11606541500788632,0.008561178278981584,-0.010801137522377775,-0.09805065720456109,-0.18546332770352053,-0.14099027292333574,-0.11224239288373261,-0.10011673318338025,0.16464811170298205,-0.02843702445458361,-0.06906096196069764
674.0,-0.1711242491920645,-0.5442646603432466,0.16060579656346433,0.13822177431612742,-0.06385008076124549,-0.04487982711693824,-0.011419837219694704,-0.0011141696564494728,-0.09973495538277312,-0.17568289286413596,-0.12619115215819016,-0.14161788784230953,-0.14627948394886206,0.11084171180559407,-0.0016786378184768006,-0.043090289727302465
675.0,-0.15762846513342627,-0.4602941688507377,0.17265870849083706,0.14019667963881327,-0.0791646403361025,0.0017731718774752824,-0.011133770357607983,-0.0018034865306239406,-0.08265535102243377,-0.12046048142619738,-0.07557596036115764,-0.16609594132522668,-0.17344794766487212,0.050316771716570036,0.025708722508007206,-0.009852624500624942
676.0,-0.13699078063922107,-0.3176431583088754,0.17524999470193856,0.13804964849703752,-0.07365025844124448,0.020800935653271964,0.009096520125487924,-0.007945915866505223,-0.05280447328238698,-0.022384238637177707,0.003405053035504499,-0.17824874362543092,-0.1838981832291613,-0.0053837804563763815,0.05291718078654873,0.026881347976139718
677.0,-0.11459421254296011,-0.1418694599040831,0.17124804492427764,0.1347435522856067,-0.04564709760441817,0.018872694594525105,0.041742465930756784,-0.013819245159177394,-0.020814729153896705,0.10100802743197741,0.09650750862569704,-0.17355370535502476,-0.18304222099585885,-0.047441482119379576,0.07931818400467903,0.0641699260592713
678.0,-0.09519102345181107,0.03335691998509664,0.1632198931540151,0.13190583283076363,-0.0006673044424898753,0.00872467435425446,0.0760026452391955,-0.01444139566428176,0.0004141781538559301,0.2202265155401504,0.18625557368589685,-0.1521518022931568,-0.1749316543977886,-0.07150851423734832,0.10314382941278989,0.09759942477465479
679.0,-0.08207301161447854,0.17559311196387617,0.15165295200246953,0.12940337532125848,0.04940332173380407,0.003792665962794191,0.10253790038760487,-0.006131530970449716,-0.00013647908418557272,0.30380279031962953,0.2560346613849293,-0.11878887463604466,-0.15921689674609915,-0.07835195280656448,0.12124783613966104,0.1212677737363293
680.0,-0.07688915768349577,0.2625428463381471,0.13448625508751055,0.1255267098003396,0.09017640371863753,0.01328574573795059,0.11664453521534139,0.013069535963364312,-0.027219591025084963,0.3314987373376117,0.2947270111575812,-0.08029326550513041,-0.1316497413090682,-0.0729618261018403,0.13038398513538868,0.1303955828215025
681.0,-0.07911316155572352,0.2879192041851882,0.10933244231689061,0.11804063923036263,0.11059800690628406,0.03997947109167092,0.11922765142527611,0.04267132660271457,-0.0765614785423093,0.30366157104199704,0.300766861549295,-0.04183636624794387,-0.0877524346095074,-0.06220740457399758,0.12957515343629877,0.12377804086307491
682.0,-0.0851749114927702,0.26240971282058795,0.07713300576220039,0.10580923528491738,0.10781060332926391,0.08131300484059761,0.11595464925188276,0.07940717416283243,-0.1354995552105229,0.24117197794628606,0.2830156943472124,-0.004670074348421043,-0.026774417562171974,-0.05200763077955533,0.12183758814808385,0.10410397773635563
683.0,-0.08841001224387615,0.2098344267537715,0.043405912711030066,0.089615569714671,0.08782918911750683,0.13157721985021847,0.11475914446462089,0.1183418118841788,-0.18781164945226905,0.17561561109811907,0.25621332961532706,0.03293292956678327,0.04660058120953383,-0.045415899610581546,0.11312573308195858,0.07662971187882114
684.0,-0.08087705468893999,0.16044221898132652,0.01548128749882377,0.07134531586177156,0.06175421203680091,0.18277586934837298,0.12238119548784236,0.15515544917503613,-0.22049258952924644,0.13497597190662164,0.23293846435746776,0.07263698276622023,0.12317916188327453,-0.04244705573033167,0.1087537908630146,0.047509992297023095
685.0,-0.05660004912615062,0.14320003577516763,-0.0013126737573329575,0.052630390569511735,0.04066438448776193,0.2245958222805488,0.14181064626775958,0.18789298944225097,-0.22786442410311664,0.13252642566255882,0.2179741197832016,0.1136841376592912,0.19211158301659712,-0.04088801634796909,0.1103788878133561,0.02255806505952987
686.0,-0.014692420114966877,0.17749104385629494,-0.004965585507229489,0.03459423076607798,0.032139210449645385,0.2457199921064308,0.1721075336190049,0.21668714878121295,-0.21063545762665684,0.16349634988631837,0.20859867323618153,0.15278428878066325,0.24441366866307007,-0.03674456235970939,0.11593634497723598,0.006371825419015954
687.0,0.038973362036777245,0.2658173020453757,0.00417860348604537,0.018682844344143926,0.03866378366799333,0.23722351587645313,0.21022169485065648,0.24173985017251048,-0.17235638005009293,0.20906853695899602,0.19848825189512817,0.18561957513072133,0.2750622141141956,-0.024888040143846775,0.1218365391213966,0.001257474089686426
688.0,0.09241614801107101,0.3916542605768078,0.023974185476496015,0.007095472831954412,0.05709202415552997,0.19618433846187205,0.2528967693744531,0.2613355270126077,-0.11760330583644568,0.2447192989489029,0.18126900393887202,0.20840481229153124,0.28242095461455213,-0.0016235220420941171,0.12505807317191128,0.00598129452850871
689.0,0.13069040272978358,0.5249056066085362,0.049763779688215715,0.0019179062117656615,0.07947322898313065,0.12721001948944977,0.2967628056967259,0.27151942636268156,-0.053133841602901646,0.24932074501742177,0.15242923192135382,0.2183884388999809,0.26645596875735295,0.03164544121586262,0.12373151778601675,0.015502955383951918
690.0,0.14063031054569947,0.6324632769996156,0.0742066792016462,0.0035164294296895523,0.09600464153216062,0.041597291979766055,0.33655210576188654,0.2676622470841154,0.011126118200047268,0.21187864143785448,0.11034051297832599,0.2134539691035066,0.2283502247460761,0.06702598082448821,0.11690459977845025,0.022908936009467574
691.0,0.11568248284238045,0.6885467383907142,0.08904900007504667,0.009403027850023577,0.09928158138158405,-0.04491870587911877,0.3635991559324145,0.24668543011622882,0.06430791939125703,0.13449447963826103,0.05689183408495224,0.19206924772864142,0.17204674186427418,0.0928316780256694,0.10473315106845456,0.023071377534210274
692.0,0.05909492945112374,0.6805928321459911,0.08793698514168763,0.014561831464484292,0.0874335464225922,-0.11556824709510702,0.36730935610294446,0.20858747514683432,0.09881059741117913,0.03154230790704233,-0.0027968139033236515,0.15453479178792476,0.10564087066635902,0.09880363149210132,0.08883303013814595,0.015562693068413676
693.0,-0.01614613640661935,0.6100214035483383,0.0685383587459526,0.013405849715284954,0.06429673767661685,-0.1568831685759721,0.34012123669893013,0.15710983069252002,0.11326929136508802,-0.07462571985016297,-0.061991620344178947,0.10510059955531613,0.04045877795351963,0.08091256333629963,0.07176477591600348,0.00469589695958992
694.0,-0.09115422882457598,0.48989756921511685,0.03337333595571304,0.002437889566636036,0.0367746867977311,-0.16242426282153608,0.28277475072968244,0.09989549268293942,0.11262499667458849,-0.1606427287029991,-0.11409936212177156,0.05318355901664833,-0.012121340542961639,0.04353348853083935,0.055718051797052505,-0.003031148160811991
695.0,-0.14769873095225272,0.340871624504199,-0.010637949633219656,-0.017980288327308507,0.011071776428839908,-0.13407766997265955,0.20501167969926096,0.04752950794398922,0.10502574992517032,-0.20970348564017047,-0.15290548309386184,0.011660034793117615,-0.04422749972264054,-0.002022647786029045,0.041147662735876514,-0.0023702600438248998
696.0,-0.17498047188757435,0.18528922526142244,-0.054332536970471614,-0.04397159403402447,-0.010151490693346728,-0.0807597379287437,0.1202515845268207,0.01049104914249145,0.09676029814488638,-0.21640457617603523,-0.1718536206574183,-0.008119885343422744,-0.053949954257551946,-0.04240541078421178,0.025784276280802574,0.00782899640848863
697.0,-0.17323068250667598,0.04073393499473605,-0.08965500008731797,-0.07026320213463098,-0.02819684977430726,-0.015775314213100293,0.03865960455967998,-0.005246448544820506,0.08864980570046072,-0.1863034468524472,-0.1649604954727838,-0.0021445954552299544,-0.0463130680817092,-0.06841137780857887,0.004768357617072153,0.02348770499983307
698.0,-0.15200186697183526,-0.08336092230786997,-0.11210033073296286,-0.0922256658050834,-0.04607586675059667,0.0463059625090467,-0.03546619670458175,-0.001176974798631398,0.07670948509082837,-0.131448451932205,-0.1305518704673529,0.023451291220811427,-0.03199326780856653,-0.07858482451982304,-0.026944681441809493,0.036611484261728965
699.0,-0.12439906022032085,-0.18366554069017113,-0.12095773810083714,-0.10636057931586608,-0.06499952857276144,0.09281924131069479,-0.100875917401083,0.014573327134046162,0.05613489300809034,-0.06595524356319248,-0.07532072349183705,0.054928779054621235,-0.022737441499978552,-0.0774004711564357,-0.07026775670469174,0.03849725429001055
700.0,-0.10079135872901426,-0.2579705971764609,-0.11815348704602394,-0.1097429005347025,-0.08212197406096818,0.11548103956663808,-0.1553115514710398,0.031350950444579896,0.025642275934729154,-0.0038665394364176273,-0.014718700152215495,0.07782341827807013,-0.025076611201242206,-0.06956771091139771,-0.11859285455098222,0.023319120707835185
701.0,-0.08519761224652803,-0.302589901299725,-0.10703314966862264,-0.10022188521412159,-0.09154398136199395,0.11203478015735342,-0.19438002877103988,0.04051834762528631,-0.01010754649403616,0.04212360632144467,0.03182942861416425,0.08408335828272022,-0.0370381049921398,-0.055823436777093546,-0.1586055872931943,-0.009051569584956898
702.0,-0.07567260785675368,-0.3144975059112213,-0.09160998594111082,-0.07838513898948034,-0.08826521535026749,0.08746114519173821,-0.21349625433784938,0.03791086221705709,-0.04152752094961946,0.063195078679628,0.048832758200081545,0.07500862030290824,-0.050910491165462986,-0.034156258804120966,-0.1759482565680021,-0.05190712297727426
703.0,-0.06754535330724956,-0.2958392668120427,-0.07589825229323667,-0.04979589668241645,-0.07205478363015007,0.05351614715547376,-0.21044055153908744,0.023766194714627955,-0.058477804545927554,0.05773577674202636,0.031834243521399234,0.058629113400261744,-0.059580520127540344,-0.004741890830172587,-0.16272449999247138,-0.09334601282371767
704.0,-0.05679238737605606,-0.2571957115305285,-0.06281846997605674,-0.024376594244827215,-0.0479685456180538,0.024309847614720475,-0.18673127648086618,0.001366306122118471,-0.055197518074685085,0.032646991407046404,-0.009935147162725548,0.04413297502094407,-0.061029112224288466,0.026730412603162067,-0.12228703132456656,-0.12060503525670625
705.0,-0.0415373417095385,-0.21713720048308385,-0.052892897156279914,-0.011737542185627435,-0.023295593357678845,0.009026666585954846,-0.14769119551670518,-0.02436936050372198,-0.03269079038246539,0.0005553393746932629,-0.056822362022471845,0.03732432823888219,-0.05807698383659782,0.050835426387093464,-0.06848270190376228,-0.12496234936200792
706.0,-0.021544987968510673,-0.19715739684045425,-0.04351318437657639,-0.015193367865441364,-0.003637272502010129,0.007163268278168064,-0.10181120822653177,-0.048142818146844325,0.0023288188888983814,-0.025705997687507334,-0.08650172424707754,0.039275457562696195,-0.05490191216128366,0.060175348482002504,-0.019666904296193537,-0.10471873860854562
707.0,0.003099983119414777,-0.21347476269049162,-0.029766797413232522,-0.028869018788722865,0.009142747646250806,0.010216762662376163,-0.05941561023112842,-0.06588028809231931,0.04094911409678342,-0.037699745322935345,-0.08283998140724581,0.0475374158596213,-0.053962229351780494,0.05457829198329679,0.009521840540102144,-0.06538641633070064
708.0,0.03278988024666578,-0.2695293458523593,-0.0074466657055505025,-0.04030997401146601,0.016290075880239455,0.008221612569847754,-0.030061655411039057,-0.07650735614194663,0.07595222503356641,-0.03288005589781978,-0.042261110280796974,0.05811651449149253,-0.055393852682954346,0.04134942918176201,0.014277769309070975,-0.017716360938562537
709.0,0.06802428367308706,-0.3530280583681499,0.023101269609973506,-0.037459870705514896,0.020114673965364514,-0.0035886011157186103,-0.019123047598002832,-0.08241944411229928,0.103730827643448,-0.01393187100174702,0.024771095923872728,0.06744067845880253,-0.05782526893673196,0.030117325313352917,0.0006063842674494804,0.025665383126146288
710.0,0.10790622293730263,-0.4394769737813451,0.05528311236980891,-0.016073445306409532,0.02231014137919401,-0.021975171280154554,-0.025600751949618698,-0.08771574565911858,0.12336065700426734,0.012051769150354337,0.097181107800454,0.07411162934149576,-0.05893498946479864,0.02621479812059994,-0.01867504878226569,0.05420914323732213
711.0,0.14833030697251112,-0.5016413622485416,0.07821429651975843,0.016960608427444436,0.02320484040556322,-0.038021362857873706,-0.04307572659263241,-0.09556990592269109,0.1345704610630121,0.03438562871078104,0.14963135691921406,0.07921061115565996,-0.05605801611711666,0.02731975367632525,-0.030506703493803432,0.06261165760788025
712.0,0.1817792498699787,-0.5207031399065158,0.08130035802620506,0.04667919032421003,0.02175157579912773,-0.04257340703277016,-0.06353492720297767,-0.1067013795250131,0.13703238719332386,0.04146338645803393,0.1598760925840143,0.08442532092538958,-0.0474291514266559,0.02519763249493666,-0.0276250934761464,0.05214148007531834
713.0,0.20007764346448165,-0.4926480366143147,0.05959010041493928,0.05779312359048765,0.01639434231253606,-0.031078004517479805,-0.0813543301416148,-0.11933143063851943,0.13118485491080054,0.026234571543037884,0.11637766957222562,0.0898328619386102,-0.03292307123369714,0.011015600776744319,-0.011288564529417903,0.030167992613472104
714.0,0.19866158450655894,-0.42717010729034866,0.01758263429190353,0.042497576306259416,0.006714748648144039,-0.0053592109125575535,-0.09430233324520736,-0.13017373273841823,0.11912672112677454,-0.0082172151106329,0.02487667473548816,0.0936278084611749,-0.013331678268229515,-0.01892602870081218,0.010532929570695734,0.0080573799953791
715.0,0.17918650180730936,-0.34237631755664316,-0.03125516619658445,0.00404616665449165,-0.005354206962262521,0.02774007657857185,-0.1012280677332079,-0.13622657522000206,0.10451617832298873,-0.047893355144744465,-0.08978390697552154,0.09360013955562684,0.010769191637513475,-0.05990529870497182,0.028027919693603458,-0.002840833244594073
716.0,0.14848118576387426,-0.2594939017170735,-0.0699849400801688,-0.0453174741531677,-0.01630358875559053,0.05946188068948059,-0.09985996659318899,-0.13681427482058703,0.09085391336987238,-0.0741303091468192,-0.19071803328259243,0.08833254519050521,0.03892240971192098,-0.09973898994094624,0.03379767431189634,0.003647261841704613
717.0,0.11441739522681195,-0.19826973581390317,-0.08578456017627469,-0.0903132693404248,-0.023603321688279926,0.08229731298864958,-0.088072518377998,-0.13455679712464544,0.07837512302992555,-0.07335868421120577,-0.2444850037992905,0.07692485251912312,0.0691230212089661,-0.12441372372192012,0.023942311722203215,0.024876862073319513
718.0,0.08162695855077301,-0.1716777977389432,-0.0752811273006892,-0.11875897441990407,-0.027496135618433983,0.09216912087734937,-0.06764089017663191,-0.1340179079702506,0.06186269044211065,-0.04360510647790796,-0.23711549912215846,0.05823505055892437,0.09586674018258824,-0.1256792555752135,-0.0026029322846374847,0.05000236698775707
719.0,0.0504474384660481,-0.18073092915480823,-0.04498529725928762,-0.12458746154742148,-0.029925393859945693,0.08944417019263476,-0.046379644998161156,-0.1386038722537371,0.03217923011785653,0.006181091247190534,-0.17971891959380779,0.03127474594292394,0.11007603405838827,-0.10480978768107797,-0.0435926015364143,0.0651866619996677
720.0,0.019728278397068838,-0.212941679580883,-0.007046019835880053,-0.10741746427809112,-0.03161697633788732,0.07888093111747695,-0.03575489468397327,-0.14822758012132706,-0.018449447814725257,0.06200459727501939,-0.09956508236589148,-0.003103505591400761,0.10251989125144764,-0.06942081620757086,-0.09204352242789875,0.06069826138660903
721.0,-0.009466068415405197,-0.24639029299485649,0.026873299211778272,-0.07101764431495415,-0.030328243890643154,0.06829244107663275,-0.04448872891608515,-0.15953389341464339,-0.09055298087232339,0.11099269460546787,-0.024169907972580854,-0.040515084785059274,0.06986027699646095,-0.027373921383876905,-0.13659432982626227,0.03584065371137024
722.0,-0.032785469956764755,-0.2577870065568809,0.04984247326201025,-0.022404724317099844,-0.022005185952101172,0.0653811475015805,-0.07206293770332527,-0.16800545840864684,-0.17479687365198482,0.14456210933758518,0.0300180968544486,-0.07300493502368674,0.018932775458982,0.01605283992954504,-0.16472519445893452,-0.0007917151186099547
723.0,-0.04497794235480108,-0.23190674323575902,0.06008602042051233,0.02894891466779167,-0.0039098683386319995,0.07335047938082014,-0.10724023534804766,-0.17016830832405538,-0.2544423723624187,0.1584992308062868,0.05958488924302932,-0.09175671544947604,-0.03560599209233881,0.056771912789567114,-0.1670316493435401,-0.035242787783946364
724.0,-0.04358178181576935,-0.16927157712963994,0.05892935946419759,0.07288270954123437,0.022614416625427992,0.08820682912480458,-0.13363013717761535,-0.16479161384967292,-0.3115152397880425,0.15170540502979957,0.07003653911355524,-0.09169910309036253,-0.07948493057842083,0.09005707741406915,-0.14033722012402805,-0.05422233505777719
725.0,-0.030899881226065688,-0.08733602627536169,0.04930713445104208,0.10129071892568633,0.05175930072419033,0.10059305226414711,-0.13876568309748685,-0.1528091095836505,-0.3333690779076845,0.12522898834224383,0.07038651306458926,-0.07497672755256535,-0.10600285931496292,0.11130252798022101,-0.08858355038623206,-0.05085811451772386
726.0,-0.012872808394865008,-0.012350383502489504,0.03612870795223615,0.11087764152853778,0.07576734248409217,0.10118620891531097,-0.12018982547318617,-0.13630822884629454,-0.31661053651853116,0.08227944787573667,0.06903600641222607,-0.05048959253229862,-0.11705141582284655,0.11851923668549842,-0.021467207822825553,-0.027615752121684357
727.0,0.003989924480180257,0.03420956361363243,0.026583209552565705,0.10443380918360745,0.0885631402550604,0.08550782523820294,-0.08462274609670188,-0.11752730807622189,-0.2670185641511446,0.02902101498466169,0.07181131200511735,-0.029641752706255246,-0.11955409832933758,0.11346925920153082,0.04800418662187227,0.005048408202446441
728.0,0.01556928237604615,0.046081540555572606,0.0278793570631636,0.08934626274924273,0.08781969973434114,0.05533962647360605,-0.042301483270882026,-0.09856242682587603,-0.19630724157760673,-0.024975165951864275,0.0818079769724147,-0.021136719454041743,-0.12142924155002717,0.10019259304467837,0.10563408191250385,0.033353788717444884
729.0,0.0217010032441491,0.03350813459573492,0.042896636333571825,0.07364630830938654,0.07474407866245372,0.017363285915707342,-0.002179460767590751,-0.08154663813906039,-0.11823420943510171,-0.06821227415086233,0.09990710063437494,-0.02782048503770596,-0.12856444532093192,0.08274642853572381,0.13825005113572567,0.045910793174048205
730.0,0.025765039244030185,0.016174227428763704,0.06725561321739927,0.06188059436349695,0.05291984536522787,-0.019303201175833434,0.028888683300907807,-0.06869958987241662,-0.045925208087130145,-0.09128177583720537,0.12510725116339222,-0.04668170400937447,-0.14226806845141807,0.06402565629079682,0.13742651122880256,0.038273118103815874
731.0,0.03245662705868482,0.013348907574322675,0.09092274552513108,0.053679739161517276,0.027314931818785203,-0.04615726877040099,0.04505155678374038,-0.06176719502344018,0.010099834100476128,-0.0915196432308,0.15463355990912772,-0.0709726621150458,-0.1577068151175429,0.04578041898144056,0.10394885197692007,0.014601399421523362
732.0,0.04494174483183872,0.03647071288742428,0.10371480318341185,0.04611090684329307,0.0034568679974463505,-0.058586898821837735,0.04210698002462007,-0.060624243933526674,0.04444138755578477,-0.07468120241536332,0.18415234661320348,-0.09274913368637167,-0.16527110559419927,0.02935179564302269,0.04938953863664965,-0.014220471211246715
733.0,0.06277274631110591,0.08592652665861852,0.10065747787267063,0.037659282676127226,-0.013575082094828805,-0.05787234868537367,0.02040831902442659,-0.06174145410001022,0.0590518605369525,-0.051892659478396296,0.2081948402482024,-0.10508398954185501,-0.15540625294476398,0.016600372168073616,-0.007960482921381571,-0.03510249975853328
734.0,0.0814180059636524,0.15136612060321913,0.08375745348706837,0.030186063339537248,-0.020377667511352743,-0.05054942326623531,-0.012908758397336994,-0.05822347861014936,0.06297909365065933,-0.03424587948900638,0.22075106276212966,-0.10404573878431253,-0.12415435343894228,0.010131596172031227,-0.05086695412067117,-0.03789730108990022
735.0,0.09403171765847305,0.2151039009598734,0.060123400265845235,0.02744660569626557,-0.016301243534335985,-0.04560304049547063,-0.04518204225641268,-0.04270348635826393,0.06884191300525593,-0.02883537060690461,0.2162645925810951,-0.09027103356499248,-0.07577218160461344,0.012141547657897454,-0.06964041648682691,-0.019316430169438313
736.0,0.09499148648702174,0.25822546422580067,0.03843694678503443,0.032123201483166657,-0.00382153506465318,-0.05142314419167063,-0.0631087573529127,-0.012217534310010802,0.08720861800204337,-0.03781297381801384,0.19122224554069245,-0.06951450298989208,-0.021403559116296978,0.022359370013549817,-0.06409205855895628,0.01544706453545427
737.0,0.08273286331227749,0.2674031701148198,0.025437931235898093,0.04392450933244263,0.012182284664429893,-0.07389529081784382,-0.05902958763549588,0.028148067170648487,0.12106836136006112,-0.059751367447794614,0.14562647562885972,-0.05162251264077725,0.02480688584780675,0.03665470992257545,-0.04125096639653,0.053971061204892576
738.0,0.05969992761697287,0.2395197667191381,0.02323535016847339,0.059319327850845656,0.026026126828717668,-0.11519428806840744,-0.03490703620923449,0.06598413124366827,0.16345737069542332,-0.09183199677687731,0.08300031560897807,-0.04761919047623555,0.05062077709754996,0.04770758666487966,-0.011215653713127728,0.08075398785200516
739.0,0.030342048220807383,0.1824288981417766,0.028386626171100743,0.07242034125340104,0.03303819829577615,-0.172373409576962,-0.0010284818568492228,0.08699550915067333,0.20079577506613033,-0.1309854534663295,0.00892694759302894,-0.06509234127001054,0.050363035123602275,0.04787531890030599,0.01659585207625285,0.08316048294959602
740.0,-0.00019216280798208037,0.11220276264017771,0.033886379942619255,0.0771854623759607,0.031223818366828866,-0.23633676600649342,0.029814446285405832,0.08255313889186255,0.2206635551590826,-0.1727941039406956,-0.0698215904906538,-0.10331653230623765,0.027707315417341487,0.033171081737967394,0.0360695029697362,0.057048205684056795
741.0,-0.026050800871464306,0.04830202747574339,0.033374533999033534,0.07054107025259165,0.02234785513679345,-0.2931466887100476,0.04855033170726269,0.0554669369743155,0.21844841066580145,-0.20987182936975368,-0.144533784189585,-0.1510796328502226,-0.004985545824030572,0.0062927842429554666,0.04585601704385398,0.00950684291148663
742.0,-0.0412534296744752,0.007726046698514809,0.024413802624004208,0.05416173249774797,0.011317701332047908,-0.3287601415998412,0.05262664306668089,0.02026318571987725,0.19799867872842017,-0.23346300720843466,-0.20450154186206657,-0.19000654464424022,-0.03124930633604868,-0.02369578081511941,0.04884722680424976,-0.04334793195028394
743.0,-0.04199116734289276,-0.0007211797567515635,0.00857637736430642,0.033004996707792465,0.0033740551559107617,-0.33505916363382005,0.04481506850094378,-0.003529339991466197,0.16682923816750686,-0.2392420322521891,-0.24034365411443026,-0.20283484148962302,-0.03754623332232507,-0.045721074156852164,0.04921689744706916,-0.0833875649697219
744.0,-0.029207510192889707,0.020503997412611285,-0.010549408534804917,0.011624659667215922,0.0006208320997185617,-0.31268389202871066,0.030251623822454696,-0.0020903057639990786,0.13053602626031918,-0.2330315526051307,-0.2498440098098891,-0.182063422042118,-0.01971725179992655,-0.0527229643782918,0.0488764186639301,-0.09895192468035503
745.0,-0.009083923661295575,0.05962261541170627,-0.02915890433733427,-0.00866183122025298,0.00043720161217624407,-0.2685697457235668,0.013716985325502081,0.02470518549488865,0.09041568961377355,-0.23038961623262483,-0.24169254667710913,-0.13376062250604673,0.014327868407303906,-0.045456130317976844,0.04627547993413816,-0.0898536328549014
746.0,0.009539206974589456,0.10189233051343327,-0.044109676053878506,-0.029431501679637446,-0.0027982423874283913,-0.21120099999821199,-0.0021560081530098076,0.06357242609279513,0.04489200127477438,-0.2481662522313459,-0.23214167853446516,-0.07432633864529437,0.047781718324070924,-0.031523073351795536,0.03850308446806313,-0.0659355638654189
747.0,0.019470175340320896,0.13702485230979003,-0.05342299026786223,-0.05223752926427724,-0.013675801083013008,-0.14807839507767767,-0.016833961454831223,0.09590343729871488,-0.007375220385898532,-0.2930755455300807,-0.23510818108359033,-0.022308300183378076,0.06344231984816534,-0.02045765830308634,0.02467011584122035,-0.04052877019804744
748.0,0.018376758080231488,0.16321071291232375,-0.05683645270328472,-0.07623266757281212,-0.032447627291265345,-0.08620615835884989,-0.029731999636093416,0.10759953249946552,-0.06523385860334317,-0.3556653288712351,-0.25338948260338995,0.009418445985191065,0.053020218438119875,-0.018588688549777434,0.007296920028586078,-0.023397465037312916
749.0,0.008829586668918034,0.18475951993158304,-0.055990649020692417,-0.09849090110720468,-0.05492650873140565,-0.032672457694614215,-0.03859498251646268,0.09463812058967377,-0.12458805268724361,-0.4138245854112862,-0.27799854442352495,0.016707234792164963,0.021022437892393667,-0.026810462890372692,-0.009903017486082353,-0.01743786823977457
750.0,-0.004410164403689258,0.20534021552718904,-0.05362874574930957,-0.115920103281076,-0.07517973320190902,0.006809181994506398,-0.04096912584008014,0.06285481307637003,-0.1793341292228071,-0.44249123072388025,-0.29502733253580093,0.0027746752236410366,-0.019099433421436728,-0.04133822129161973,-0.025871200822314505,-0.020186487886335782
751.0,-0.01758549980723631,0.22283556015584036,-0.052313095945825706,-0.12647999294157908,-0.08867262552798633,0.029805940391201168,-0.03701336546301428,0.023794519461651353,-0.2233872457719867,-0.4234055857261494,-0.29439674498051527,-0.02444505496818483,-0.05289909034864012,-0.056054338082437545,-0.043847544249444245,-0.02800441900200726
752.0,-0.029483967255142518,0.22970961604772694,-0.05365988041515993,-0.1289992442051588,-0.09398120573530405,0.03682914835936233,-0.030257922524153616,-0.010943552631380006,-0.25320508516269213,-0.3515358211018336,-0.275294085981181,-0.05492978779360983,-0.07184794690541457,-0.06530475265931422,-0.0690863954914797,-0.03951687104758536
753.0,-0.04077414520007948,0.21814553770124792,-0.05807058849134147,-0.1225879904311643,-0.09256868954997215,0.029310514312320946,-0.02578862422105358,-0.034316412576423046,-0.2692542451635055,-0.23767862467835574,-0.24611217424499934,-0.07968858088181986,-0.07642299712934228,-0.06608942548858068,-0.1045148042517084,-0.05595155258651904
754.0,-0.05223999107584553,0.18661193871699405,-0.06460542648634099,-0.10687292751809034,-0.08737934837028546,0.008794540469242981,-0.027351788559264876,-0.045272090437881385,-0.27535204649310624,-0.10659835342548003,-0.21969764407771183,-0.0936923839939638,-0.0743644284828375,-0.058933882604138565,-0.1476284058330848,-0.07880889475923253
755.0,-0.0633326972829887,0.14333436958724854,-0.07127100831620561,-0.08301553029529114,-0.08140347006476983,-0.021933885618248914,-0.03467746289094539,-0.046897255868070815,-0.2760885753009675,0.010564268769093764,-0.2062656013821995,-0.09680789251731348,-0.07475221527951469,-0.04744189671872653,-0.19054760848368846,-0.10708128068953919
756.0,-0.07159793711420656,0.10353050440927845,-0.07576794663645921,-0.05424493922510744,-0.07662376875835179,-0.05766476321526279,-0.04229802760760323,-0.04303558175465795,-0.27346740825856153,0.08833587869688436,-0.20712626854914926,-0.09214478321506489,-0.08129638715747506,-0.03674682465339059,-0.22290846065767606,-0.13556524297788083
757.0,-0.07325063668856517,0.08177461227103812,-0.07617589587469765,-0.0251686712794523,-0.07335411728586527,-0.09076837076021227,-0.041102389449768295,-0.035677031937838256,-0.26505425767578616,0.11765385939502743,-0.21284466060964183,-0.08320027444684673,-0.08952618287123155,-0.031263862131433916,-0.23591779583120706,-0.15502308830219838
758.0,-0.06526541419088017,0.08432247818040214,-0.07133474567345455,-0.0004886522165958943,-0.07036180719409793,-0.11238212112195285,-0.022765156074905642,-0.024884693058255445,-0.24577647612376552,0.10887504972495331,-0.20763654891419608,-0.07181518985333413,-0.09007714086381252,-0.03271270010145281,-0.2255075128790421,-0.15499988888474303
759.0,-0.047980638688136346,0.10625759660123668,-0.06093532135919421,0.01608411009637609,-0.06580902577297837,-0.11462196035022604,0.014836485833654758,-0.010845843603780603,-0.21248391753083,0.0856755992707457,-0.17760591665041586,-0.05794327147203001,-0.07545526053992287,-0.039472967596487496,-0.19298289364478807,-0.12870158341942045
760.0,-0.025792082319143612,0.1354668403367954,-0.04524821064379296,0.022648842290309956,-0.05825155569812138,-0.09299017349156034,0.06481595025496274,0.004691704186201011,-0.1674726967800836,0.0740966995481498,-0.11780749343439414,-0.04072704817968051,-0.04513637855304305,-0.0475463927808368,-0.14349864900791207,-0.07703543455678749
761.0,-0.00499454598475766,0.16025797847689013,-0.024954414759154196,0.019781743741659523,-0.04716302566129357,-0.04761834600391234,0.11342873221470266,0.019408889503778115,-0.11810134660761787,0.09235812493294472,-0.03445373414397069,-0.019807522468375555,-0.005979844880771335,-0.052442371498464445,-0.08440565636736223,-0.009204200330920643
762.0,0.009281745452920506,0.17407359918660836,-0.0018505781749420115,0.010685906288070417,-0.033052558212783814,0.01699486327625951,0.1455725345406247,0.0324062688851369,-0.07309590344320215,0.1450508203833292,0.05809303614088506,0.0037524322726754577,0.031612468604654415,-0.05105464734860309,-0.024329735606185433,0.060173150184426795
763.0,0.01477698536448641,0.17442232641889951,0.02016289339890206,0.0001201736277559915,-0.017299295446801304,0.09326042401894442,0.1502657635729695,0.04477966125107394,-0.03832902248243761,0.22290471762213884,0.14310701117854213,0.027259564026056782,0.059609773677308804,-0.04308088719848987,0.028028701524141157,0.11581103716335227
764.0,0.012183181047870665,0.15968304107576026,0.03576956695736373,-0.007869058046082832,-0.0017554149709911632,0.17233024339888878,0.12460800929680045,0.0583946558714556,-0.014518469197206514,0.30754710655229006,0.20700641358347718,0.047082867143966894,0.07717874180426842,-0.031562788440446424,0.06568398531510644,0.14657398491519086
765.0,0.00422388741302906,0.12815497609479076,0.04103867461388031,-0.011912178826868342,0.011791470438388033,0.24543414089217375,0.07557858371718754,0.07413493655433497,0.002104918221528564,0.37907550556402925,0.24312422327374145,0.059784164977449754,0.0910039215838851,-0.021720471148651162,0.08484577594378852,0.1486703736724914
766.0,-0.0058192883450099864,0.07970650220131165,0.03579351051582353,-0.013380799032257777,0.02207449320649963,0.3039756443829602,0.018094356531251996,0.0907566358638473,0.016620056785428366,0.42305539858516966,0.2533999079233769,0.06301902301146517,0.11018912485277835,-0.01829865855226825,0.08567471086607818,0.12618177247835446
767.0,-0.015217352375128956,0.018192162174610078,0.02321733887244533,-0.014669363124702737,0.02852926735655063,0.3399959340479417,-0.03075653438464885,0.10498635225342949,0.03203761461534993,0.43406919235617025,0.24721642566332877,0.05627821728944184,0.139068889509969,-0.023268184187263317,0.07243826909667932,0.08912716584740904
768.0,-0.022026788544481073,-0.04729652234552697,0.00768036034713651,-0.017166068257798154,0.03132407542834472,0.3487255156684924,-0.05840641347932837,0.1130563134994402,0.04847529218279114,0.4152929233548279,0.23698998398610846,0.04165706444107383,0.1730460609221127,-0.0352320221530316,0.05291780616168801,0.05007074895588102
769.0,-0.025325080559089833,-0.10413786896183413,-0.006835574763297231,-0.020345285657717566,0.03131509595167589,0.33125575356940734,-0.06102510321531055,0.11294795478159499,0.0648758808854211,0.375691189542695,0.23224286947082468,0.024086823978981802,0.20045017440697463,-0.05027191357550698,0.03675947047856336,0.020334136390332175
770.0,-0.025947887127692422,-0.14085445747764241,-0.017118443862146615,-0.022467811513975183,0.029677234775857417,0.2940903888610647,-0.04336212129044888,0.10595580510984696,0.08058310253020534,0.3267718740476869,0.23554712926863927,0.010510272481147241,0.20942956932371046,-0.0635008984490346,0.0327012771992833,0.006841647923385227
771.0,-0.02677801962942272,-0.15207987298798883,-0.020923741799226958,-0.02219295638599888,0.027232922630384147,0.24593795313982555,-0.014544394443777853,0.09648350287536228,0.0952034158357927,0.2797425095896835,0.2426491533319879,0.008015418284824757,0.19518009112740792,-0.07078678456354816,0.045260980347893484,0.010465660465484366
772.0,-0.0316664364457157,-0.1409177614191541,-0.01757486471190306,-0.019859776767247157,0.024030780711149117,0.19464582075109574,0.016982906817524505,0.08987574861034132,0.10773707655137228,0.24294249662907955,0.2460299685672842,0.020960808653026394,0.1621957133771165,-0.07005814892100543,0.07248828989222918,0.026119835536549882
773.0,-0.04302511312565836,-0.11791624510140655,-0.008330999020210414,-0.017402574918116146,0.019544862893645827,0.14599476619779958,0.04536900611388851,0.08930840458369668,0.11662503708961353,0.22002258544511347,0.23947429050530647,0.048027292299749995,0.12066342312150875,-0.06159496962713561,0.10654623533017395,0.04445719476253685
774.0,-0.059278208570245204,-0.09712925103691535,0.004079825423466094,-0.016723195911423894,0.013244354992963796,0.10441956859539854,0.06574168716817717,0.09383948506543952,0.12119451919288932,0.21019476434330864,0.22187770771891266,0.08167305755977165,0.08116198301889903,-0.04731773780818469,0.13723450091058867,0.0551297248834328
775.0,-0.07459717333390233,-0.09000868270283136,0.01614822141508209,-0.0179503624640004,0.0051095580103196325,0.07443919970612539,0.07307511547407182,0.09930291735006586,0.12301319656088718,0.21058082118655724,0.19882555301673732,0.11148385529865298,0.05141761630343351,-0.030063146591683826,0.15645263636481893,0.05115876042704264
776.0,-0.08228569260799946,-0.09987062020903785,0.02383944832748939,-0.019495698879583207,-0.004027273645417125,0.06057694524340581,0.06439672172318579,0.10128074814785741,0.1250760920194873,0.21833447800112893,0.18025724690813216,0.1294304340491183,0.035281345831357246,-0.013610131055318227,0.16104907574278093,0.03260935898310119
777.0,-0.07939257085469528,-0.12140745109074888,0.023077357454124963,-0.019647647089922247,-0.01233507354306969,0.065098572178441,0.041713526904299615,0.09745786611780681,0.12927597230636279,0.23019923944550721,0.17463093030543345,0.13330638904346753,0.03288326256027799,-0.002558323467968588,0.15288278386275264,0.007006339209830851
778.0,-0.06862146660397814,-0.14624229985914494,0.011190816671470203,-0.017575245823890695,-0.017356300732824927,0.08579040283811099,0.011501034600291199,0.08806220688878334,0.1348013665866966,0.2400472238839739,0.18314948379059798,0.12661829370312905,0.041645165919528694,-0.0006877746417910041,0.1368501438302499,-0.014417688091954668
779.0,-0.05666236802174361,-0.1695115812546545,-0.011323709407115884,-0.012915046793093677,-0.017114495484230552,0.11600052033667246,-0.019107188676002473,0.07562741375141788,0.13844941763677782,0.2375618319467017,0.19776840917017474,0.11591894523618129,0.05771237421009026,-0.008390249119636367,0.11841455942411716,-0.022594122347224892
780.0,-0.050888762556860825,-0.1916792289785972,-0.040110851905529106,-0.005295728680751545,-0.011328309605819249,0.1467996646273618,-0.04594747620894569,0.06491024988256175,0.1356787079669025,0.2108010460838679,0.2042401725909665,0.10731948538627342,0.07674114467899416,-0.021622449013918302,0.10165863821098399,-0.015107798708129507
781.0,-0.05607590854624642,-0.21502301244767352,-0.06818574023667016,0.004950929012014026,-0.0017752590939774952,0.1699437224785673,-0.06886725461952457,0.061760472565972876,0.12198744615390916,0.1521649943583508,0.1889823202755019,0.10374493257053086,0.09350315334361764,-0.03392180087976702,0.088202058656887,0.0032221353344981845
782.0,-0.07214868299578578,-0.23906439825747353,-0.08861609609032702,0.015483657464840882,0.008444906166482968,0.18050870822144974,-0.09019524502678883,0.07019156794945097,0.09512925405584216,0.06395783146872987,0.14643007372420036,0.1042424817277966,0.10148867665370095,-0.040027586245449685,0.07731311856120927,0.023754860462903246
783.0,-0.0939694975147523,-0.25913857184711375,-0.09705358230855446,0.021741008242556644,0.0163357784597746,0.1781818937865408,-0.11194763118440329,0.08936646036387753,0.0575288281354123,-0.04054098144142593,0.0824675330304052,0.10548460572597647,0.0944834273475401,-0.03811084409232669,0.06754669417995961,0.039074146492246734
784.0,-0.1133208924541988,-0.2689163692332983,-0.09288576053855038,0.01868039198500344,0.02042395902456214,0.16645546424330243,-0.13353948359919243,0.1130184283581697,0.017187749948426936,-0.14147826366613883,0.01146880643197799,0.10414648656264196,0.07011397251357494,-0.02948550715616468,0.059011145165258044,0.0464735975343212
785.0,-0.12224549308788822,-0.264636650735929,-0.07908850122372503,0.003610071360460993,0.021341150844796843,0.14985605609889152,-0.15140687365595346,0.13215143734136317,-0.014185170756220831,-0.21979793058866237,-0.05119664322967003,0.09862417001568435,0.03250164632575062,-0.01718126048805757,0.05416258340172724,0.04817222151135776
786.0,-0.1165285805792539,-0.24745385220658558,-0.06119699659487269,-0.0216340054319446,0.021184313074716427,0.13060582517249164,-0.16051757184156953,0.13954548486935706,-0.02581688555854894,-0.2635803946372393,-0.09616330768381033,0.08947921695492815,-0.008709479474609899,-0.004675185183847949,0.056225916317495135,0.04881173283284919
787.0,-0.09760394234604464,-0.2215203549271772,-0.04535612789074275,-0.050520317383681776,0.022127201087054123,0.10696310657103748,-0.15655749873856176,0.13327585373585635,-0.013218126820587877,-0.2701945171854265,-0.12230942300874736,0.07873708609054676,-0.04263291298195819,0.005336121488925145,0.06662592857805608,0.05193749481559967
788.0,-0.0714901236072852,-0.1894898760214596,-0.03571271935958944,-0.07387493198220837,0.02520290718121499,0.07485242380020155,-0.13767554806587012,0.11709961788276192,0.019544092171451012,-0.24384414042022803,-0.13366545905216354,0.06843504591695734,-0.06200330025374991,0.012194509535512751,0.08346539023181786,0.057555499108069084
789.0,-0.045414271360737384,-0.15011522698250612,-0.03250056302680271,-0.08331482847729163,0.029985118580557614,0.03213021518535127,-0.10525074724101137,0.09778295586533232,0.06256495755017678,-0.1911900647120696,-0.1338135211109495,0.05931360772350635,-0.06573476647175654,0.017643723439354695,0.10211335612600753,0.0625969335203249
790.0,-0.02447125064929736,-0.10066197753645,-0.03236269790247777,-0.07459332054602107,0.0352863408631233,-0.01757948675932036,-0.06370564150324652,0.08157397871964843,0.10538370266429924,-0.11863689168421003,-0.12189875728659184,0.050836104607979195,-0.057760543624708865,0.02474763120270051,0.11737801856181371,0.0639721588947052
791.0,-0.010135017361920901,-0.04191664554780896,-0.030696111048904188,-0.04913479829816118,0.04031247760865639,-0.06484237173275288,-0.019849860959554724,0.0723402507364849,0.14097435027503194,-0.03259553379617136,-0.09309788452169783,0.042766366594654825,-0.04320717571458567,0.036278214511470334,0.12558979642820528,0.06132245708557992
792.0,-0.0007582858233510737,0.019413294269642924,-0.024073725862355653,-0.012961305018927755,0.04530514841124184,-0.09881675133641257,0.018388096157570286,0.07181859250021423,0.16669103430046175,0.05880979675961176,-0.04312745767619747,0.03681780292266623,-0.024932552008695798,0.05357405302810928,0.12537854620654468,0.0569636445796798
793.0,0.006830336176415243,0.07379948566347443,-0.01143859567187174,0.02587847053083286,0.050937461062847994,-0.11320888947299701,0.044640108010218886,0.08003422581184527,0.18270384754500313,0.1446195104514837,0.026445068929279305,0.0362349040711832,-0.0029567466120232256,0.07569242971603748,0.11730493641027698,0.05350829982382525
794.0,0.015600386793196966,0.114857750500337,0.005738967142009381,0.05967496870793932,0.05687496400048574,-0.10961477552775349,0.0573065918007057,0.09432889537665279,0.1899863737177687,0.21161029518393,0.10564443475659109,0.04309641574538574,0.02347018078488827,0.09881455473285465,0.10303879313518345,0.05170783633655285
795.0,0.02714648684103211,0.14292823596930807,0.02396138993972811,0.08254217661982412,0.061072503043784136,-0.09593043273710147,0.060655479495436246,0.10808658031739582,0.1900353752061873,0.2469808811646737,0.17800084165012778,0.05594271425776155,0.0536060739879771,0.11693840337739016,0.08449154075206289,0.05047830578210719
796.0,0.041389133920849974,0.16350566028103303,0.03881521313434538,0.09112511740320949,0.06084243111485764,-0.0811518138207843,0.06271165498174996,0.1113981238312917,0.18626400446734773,0.24241334202141684,0.22611584845198962,0.07005719436964622,0.08471419084970419,0.12428239087376841,0.06318072635395773,0.04876747314191095
797.0,0.05702230938906815,0.182203300768544,0.04650308903243416,0.08495663173320721,0.054737334552957866,-0.07078968889951447,0.07132877601822682,0.09426080722929306,0.1845944936519494,0.1974069809571519,0.23807391108059497,0.07971560222523441,0.11309049734466545,0.11806123705679032,0.039976417594759894,0.04698566229114028
798.0,0.07229843843905238,0.2006142503401922,0.045369855559567775,0.06690254046985011,0.04349411995653808,-0.06651008525086027,0.09032631385519287,0.0508687458501069,0.1913055636251337,0.12004508595428193,0.21156424376124958,0.08041228919162062,0.13493615111222618,0.10003705689331448,0.015201434654588222,0.0463532087716783
799.0,0.08588467728807549,0.21630193607198198,0.03695748042672972,0.04323151684842405,0.029708325960588672,-0.06934509156419573,0.11733212196410722,-0.016912593847751317,0.20923512692290966,0.024927602802410073,0.15402371101003182,0.07041286507411598,0.14628909993270042,0.07634311410209539,-0.010670138407064244,0.04704796334569097
800.0,0.09749834539635302,0.22636281857459892,0.02605576855094312,0.022138610911793186,0.01704807051902934,-0.08218399272979578,0.14473547438881157,-0.09830871770064385,0.23535916559313427,-0.070896052209596,0.07907594470025667,0.051654494089440915,0.14304137695890198,0.05556852673205275,-0.03568872824535983,0.04726261798625655
801.0,0.107631837881865,0.23098535180991958,0.019241999551905063,0.010642912074063279,0.00911551248058996,-0.1085119673467922,0.16357206585726006,-0.17586706151017484,0.26148800225369445,-0.15272010835603117,0.0012200072963969735,0.029064773844504208,0.12204437813192356,0.045400789518907116,-0.05588134756647743,0.044065700341547824
802.0,0.11631781129924576,0.23374407841248648,0.022119745690405365,0.011627963448043765,0.007683498582943974,-0.14853411622072452,0.1680577965054764,-0.23149440151149445,0.27754804068388444,-0.21193497811977513,-0.0683758510824057,0.007756343302904699,0.08316583508408776,0.04930204212981819,-0.06717439344980422,0.03515867052663581
803.0,0.12246162029981894,0.23874897055281086,0.03666386505633693,0.023034306833293456,0.011300374253892489,-0.19581707281461946,0.15828781625261018,-0.25386036534459017,0.27590109600748003,-0.24680954229963784,-0.12305572174830161,-0.010062663003926883,0.03145569901346932,0.06517725899041923,-0.06889693142403104,0.02007639353753261
804.0,0.12492503630296709,0.24759623773997674,0.06040150225587843,0.039561994138852384,0.015849896220280293,-0.2370049395610906,0.1400679331205285,-0.2428418926581255,0.25460735725913736,-0.2598151647011377,-0.15934783168819647,-0.025836380657514937,-0.02241569254506947,0.08661657654632852,-0.06554464736805916,0.00016333249241906876
805.0,0.12411172931937561,0.258407718341771,0.08776689501292757,0.05551704481083988,0.01704894792291608,-0.2560317252794029,0.12210870663705425,-0.20873575209356393,0.2175209917568667,-0.253685518618368,-0.17527918603801368,-0.04275741998236965,-0.06540681344351601,0.10561919018736121,-0.0647313842471174,-0.022314246462167106
806.0,0.12198203588131584,0.26700933559495305,0.1122205222389909,0.06703207389250423,0.01295731378883985,-0.2415090120837657,0.11185785214529907,-0.16745027356271416,0.17115096108648686,-0.2294971252617418,-0.16984100836445917,-0.06324151357438597,-0.08834028384732062,0.11521818434952043,-0.07272730355478982,-0.045121826377740586
807.0,0.1203321757276783,0.26907940764838406,0.12786333244312034,0.0727593046229625,0.004661259749445583,-0.19237779506330338,0.11224183754829213,-0.13413558310481496,0.12085883422229472,-0.18799784656564933,-0.14333045508716077,-0.08753243699765875,-0.09115196692999461,0.1112077782891176,-0.09076473725191479,-0.06647335628614902
808.0,0.1190636999888324,0.2615575313363549,0.13070526088077045,0.07329254151809726,-0.004866160016107204,-0.11769488536583216,0.12112257286587949,-0.11768409503726998,0.06915974729979607,-0.1323829404772314,-0.0978145830781085,-0.11343275484666367,-0.08300332280521039,0.09315252784302318,-0.1143488484777573,-0.08476855615293896
809.0,0.11608968366685075,0.2422655812228874,0.11980042564587645,0.07003278369867943,-0.012438360080233093,-0.03172300513593644,0.1332566994836534,-0.11844476174141702,0.016646563933385136,-0.06978201885292777,-0.03789074176054982,-0.13652300193947833,-0.07683153993857098,0.06451865098386061,-0.13582829203731095,-0.09798377688451755
810.0,0.10892290933696616,0.2092046968402579,0.09734271721350116,0.0640541721577244,-0.015999519150550867,0.05142497274026595,0.14305557276841538,-0.12992550254342858,-0.03607638411042344,-0.01020397188878591,0.02821514945629916,-0.15110521924817152,-0.08244666758572954,0.031200291228784333,-0.1486641622626994,-0.10351167609884056
811.0,0.09648692895441321,0.16177348744208792,0.06724806768252722,0.05549374581806823,-0.015520348373716679,0.12083521754158814,0.14645799625452405,-0.1429102866633025,-0.08716206101302736,0.036499103643387036,0.08854675470224961,-0.15243194860086962,-0.10299994174159204,-0.0009594173867362937,-0.15083125000206016,-0.09926908595615748
812.0,0.0795611311838682,0.10300789825561993,0.03354202581055295,0.04389761493296332,-0.013117077314003056,0.1691071457980322,0.14115698563397244,-0.14972360552627295,-0.1335127047202297,0.06431555040952307,0.1298320735242025,-0.13940916977190265,-0.13584497875280696,-0.02775388400977621,-0.14533006053755482,-0.08576584278236472
813.0,0.05963202997164043,0.03956602672085973,-0.0001224623593662057,0.029233482308198194,-0.011808893655015426,0.19097098905042717,0.12574504352816845,-0.14698429584919304,-0.1717380802896051,0.07386688924979504,0.14219029989099072,-0.1157358952258684,-0.1748329544544172,-0.046600859288857016,-0.1376432280841211,-0.06717930816690647
814.0,0.037559748289141964,-0.021537875529965354,-0.03035796549359078,0.012656364751373331,-0.013268728624114457,0.1824399406413659,0.09912046189444199,-0.1358086580754785,-0.19945289239176522,0.07260803992170592,0.12374031669008716,-0.08838854966330481,-0.21108800165937416,-0.05594905680677649,-0.13198717077706407,-0.04969400593507511
815.0,0.01346615881916217,-0.07669467052471277,-0.05444190929028258,-0.0035921084900978444,-0.01629788007370997,0.14234315353349594,0.060879786717700064,-0.11971334705240308,-0.2161781424000126,0.07132634842099914,0.08211259248778274,-0.06453514770190757,-0.23333290746891663,-0.055172498858024915,-0.12900267609400068,-0.038165610225399556
816.0,-0.012182029817762322,-0.12636847360883655,-0.07108800201426613,-0.01703647772261855,-0.017624845977213616,0.07542306971493723,0.01240429308353155,-0.10226729074727849,-0.22359235437399871,0.07811697050583896,0.031502808573198,-0.04894896126730478,-0.23161050878132905,-0.04509553135357684,-0.12617884296971527,-0.034152979107288296
817.0,-0.037218923839601785,-0.17167294520956325,-0.08071846127616007,-0.02580085011985439,-0.014456094910777848,-0.006141802208520259,-0.04198156126969239,-0.08628514241080547,-0.22517370331508205,0.09369227249725662,-0.013542079668558525,-0.04293851072049809,-0.20417680145057357,-0.028504271749581277,-0.11988774844599573,-0.036677738786773044
818.0,-0.05725048916055661,-0.21001502061575122,-0.0846755667448039,-0.02863714089569922,-0.006243498657476881,-0.08522671394506248,-0.09482448066260019,-0.07385828169861246,-0.2249491501352856,0.1114687346453208,-0.04444110894840516,-0.04444272412189956,-0.16098706977195643,-0.009922861423686409,-0.10707471040567464,-0.044148737834502454
819.0,-0.06679833867857923,-0.23482764997702088,-0.08354969354012033,-0.02454882871575978,0.005858774974502608,-0.1455332571825367,-0.13762347494091123,-0.0657983990855523,-0.2252238507755405,0.12181988394720997,-0.061471136001538404,-0.04907162703293841,-0.11891061315684909,0.005468473527491081,-0.08610419461175875,-0.0554178104186199
820.0,-0.06176884721924286,-0.24064799965370814,-0.07594305577751335,-0.013256517965225536,0.020508032752791932,-0.1773042065688452,-0.16471798394422574,-0.0612528091573551,-0.2244141153155491,0.11683462661448664,-0.07186249029839442,-0.05232174090636151,-0.09241254505081517,0.013379528529126139,-0.05751746261142833,-0.06956356059614838
821.0,-0.04166203613696518,-0.22887834064125545,-0.05924934222416909,0.003470125072980586,0.03646026106983204,-0.17987445227425633,-0.1761356995402917,-0.05898279478166961,-0.21704938909188662,0.09284161327825549,-0.08500125934413795,-0.052209131843276156,-0.08757130152370722,0.01190232211765428,-0.024833596499905845,-0.08524942482717356
822.0,-0.010134529307349562,-0.20856650876295343,-0.03219005033392522,0.021232834874398615,0.05153957638460158,-0.16024361967414918,-0.17710136572203183,-0.05928325906043932,-0.19706934908410634,0.0503555258839126,-0.10770134893894617,-0.050520401753305785,-0.10266015154623301,0.002379779465824106,0.005680241551900298,-0.10041365882980222
823.0,0.026125247874322764,-0.1911157243549159,0.0030347313194250378,0.034437752763388126,0.06226225695570704,-0.1288401368915652,-0.17463029032546562,-0.0638046878805849,-0.16295939715775087,-0.007243666461280826,-0.14117140839984624,-0.051563852186190993,-0.1319065769171397,-0.01090485148356934,0.027309789066195966,-0.11224673011313287
824.0,0.05926334701251973,-0.18275797190186352,0.04080579180429548,0.03901594446698321,0.06535480185982545,-0.09471041901903945,-0.17305353779345936,-0.0726917971047161,-0.12094357269381803,-0.07444911618766782,-0.18060374549768124,-0.05890830186685813,-0.16764969926837076,-0.022366380946264464,0.036559479490745575,-0.11712953175900437
825.0,0.08200158635336384,-0.1804283186449032,0.07426973494871669,0.0343158084910795,0.05986587341793407,-0.06277961832734782,-0.17071807527780733,-0.08191268065181909,-0.0832265887238577,-0.14359936026390585,-0.21820124859822168,-0.07200155260416446,-0.19986653431767235,-0.027523001270324816,0.035526132144622906,-0.11097037843087251
826.0,0.08892884704808093,-0.17449844737500383,0.09782695514393619,0.022812079905180343,0.04763920017541837,-0.034513536139958265,-0.16049840312848723,-0.08397755168661092,-0.062437813230178454,-0.2061549012314732,-0.2482920418001844,-0.08516692524299702,-0.21620266708530295,-0.025030615474306593,0.03072187399659066,-0.09070398874084432
827.0,0.07753471867232524,-0.15634562694668264,0.10821032887722015,0.00828050938879571,0.03175353481062111,-0.010599811583531793,-0.13490882025407244,-0.07209264200635283,-0.0664039147324676,-0.25630119665370227,-0.27083454010163266,-0.0901392828457582,-0.20579720309668478,-0.017143992967338272,0.02902912625137029,-0.05641433588622369
828.0,0.04928790397363948,-0.12442869240713572,0.10423242243352031,-0.006011294805403272,0.014594837599165918,0.007131557325762975,-0.09248798830510767,-0.04472993609057496,-0.09593625369126678,-0.2945896182554462,-0.2908573365230524,-0.0805393012474179,-0.16549034180363512,-0.00838231392667217,0.03386681946515449,-0.012291516057451577
829.0,0.010086431486934824,-0.08439870828599198,0.08636005735500639,-0.018278182855873865,-0.002808096628407751,0.01611988038294946,-0.04019461263123755,-0.007305130003427624,-0.14542205372818995,-0.3283055916577216,-0.3146187678091849,-0.055331368399150274,-0.10285845749855171,-0.0035300324686786933,0.044085918841892426,0.03471138544017692
830.0,-0.03132228778743978,-0.04501109391943104,0.0567584410349494,-0.028317279842109033,-0.019972566315166376,0.014815435975996905,0.01016826800104002,0.030157885513297317,-0.2048624956930494,-0.36734218597862295,-0.3450526603615575,-0.0194474729665867,-0.032790490416939544,-0.0059165566180174045,0.05563300853138848,0.07766536255583609
831.0,-0.0666654919641442,-0.014782689844468327,0.01964763181852099,-0.036765775583677336,-0.03569689304816703,0.003308488930806736,0.047968702908484366,0.05777814145182795,-0.2620163912469513,-0.41728593104121137,-0.3789724072014473,0.018403506239673836,0.029705361139619725,-0.015862271616942782,0.06411513847222741,0.11157950370641086
832.0,-0.09071721584942331,-0.0009928147066818069,-0.01867198090258278,-0.04383545445207731,-0.047742284277703564,-0.01812113055122215,0.06736099319480143,0.07005499943511116,-0.304072577540798,-0.4735655769118263,-0.40727893886574373,0.049405030333844954,0.07513680527127156,-0.029724187945814703,0.06643896235558676,0.13306488202437003
833.0,-0.10148830937355847,-0.008445082958080063,-0.05089691692467235,-0.048510695677265674,-0.05398198725268165,-0.0507388500859799,0.06756050023426197,0.06743370940293661,-0.31957196413945343,-0.5205325401218294,-0.41775974837429924,0.06776877952162336,0.10074581082458701,-0.04099839638564041,0.06110968204886451,0.13921468727428002
834.0,-0.09915950129015343,-0.036731751399969675,-0.07077404659926731,-0.04897918747186772,-0.05392450066062776,-0.09690329928192933,0.05171940723931233,0.055068193882415545,-0.30115606569886255,-0.5365858690482874,-0.39896159439615275,0.07197875172802896,0.10856094265033614,-0.04357118988575087,0.04794562047977646,0.12812412912749457
835.0,-0.08555602565035927,-0.0786555877120038,-0.07477356590284034,-0.04384184963894484,-0.04904650606616028,-0.15698885104763807,0.025345714122932173,0.040260220051890803,-0.24811660675475888,-0.5029420421121605,-0.3437740721278078,0.0644198689369365,0.10341944905544355,-0.034840842538215434,0.02808055779964335,0.10091279367896958
836.0,-0.06421613420693259,-0.12228204310273955,-0.06250571499817503,-0.03303919443056111,-0.041757317856830636,-0.2257712893758548,-0.005760427190291489,0.029960149943385972,-0.16715943843770134,-0.4120406041278578,-0.2522880746667815,0.050318656100722794,0.09221748099652444,-0.016630559689751037,0.004239914184835399,0.06271086211054837
837.0,-0.03996545914942775,-0.1552833545451723,-0.03657161470361778,-0.018116228489533776,-0.034255018474672,-0.2911500577789892,-0.037135112608197386,0.02858181883144279,-0.0709528829420933,-0.2719566233927741,-0.13339522180325664,0.036182140874443824,0.08273203054527484,0.005898922193375878,-0.019701399620568636,0.021131311146470638
838.0,-0.017674584070647318,-0.1682973581964963,-0.002456184922830801,-0.002166451701358862,-0.028252710816181012,-0.3366381455381814,-0.06561294638888275,0.03631275268942722,0.024651866752226016,-0.10473252215838773,-0.0035815179733534644,0.027568022314767716,0.08084761815825402,0.02608642929770012,-0.040231518089962184,-0.016553903666357953
839.0,-0.000899281872367405,-0.1559626665629373,0.032276177415262196,0.01051031033941904,-0.025213179319308405,-0.34670480743767845,-0.0879124463539942,0.04906604190128241,0.10367376351389072,0.060659620213374746,0.11751505098815329,0.02697417849541683,0.08803097001279889,0.03777962302916715,-0.05548815376440937,-0.04540972011214942
840.0,0.00888520687145725,-0.11718415182080882,0.0600567539951239,0.01551037213006167,-0.026236887238338114,-0.31250765995496144,-0.09965552166934921,0.06075465858531819,0.1530125523582766,0.19736069594018357,0.21235377507477055,0.03340749309446866,0.10151537139018242,0.037263215776128865,-0.06513740546689165,-0.06307766138904598
841.0,0.012262726756504687,-0.056054602201805415,0.07565466461314709,0.010147773116687757,-0.03155795342771318,-0.23556578477165707,-0.09619339350911883,0.0664091939876683,0.1654310154708903,0.28814793714500503,0.2691145611644639,0.04409815507951103,0.11702105807547494,0.02434916154124355,-0.06938471326996618,-0.06888828534105387
842.0,0.011305590048322956,0.017883025425166215,0.07728682928583659,-0.005023989382052645,-0.0402972685813172,-0.12793358667874902,-0.07481781910603326,0.06377091720811492,0.14194423938821624,0.32939668472614414,0.28395482128507904,0.056734132863424845,0.1313528062395748,0.0018708097352688208,-0.06829540571587639,-0.06321032394154016
843.0,0.00872143760635035,0.09174330131684622,0.06615268275536232,-0.026072311254265474,-0.05072210422272438,-0.008719812092002295,-0.036978850797474296,0.052781921363316546,0.09222531842194158,0.33039010680456055,0.26257793355220255,0.0700648384144279,0.1427688407601284,-0.02604427663187585,-0.0617886231883814,-0.04790552481297365
844.0,0.006705171390403615,0.15287082008606181,0.045264609850314594,-0.04710952504123541,-0.06064324606083981,0.10158718654230256,0.010725950671382054,0.034537894604842974,0.03163470268320988,0.30803203523016104,0.21964329582937023,0.08266558939374428,0.1500216382652167,-0.055554800111697174,-0.050119101631369144,-0.02732224694011286
845.0,0.005787431555009062,0.19180655639791905,0.018562705527724634,-0.06250756473794171,-0.06772572463074436,0.18633489883717314,0.0576514901105863,0.011175546401429417,-0.02459243027234577,0.27926262492731474,0.17434699412764415,0.091765404661802,0.152189960741145,-0.08360683676689121,-0.034684572663471705,-0.008153512084637186
846.0,0.004668789841929376,0.2037736788922521,-0.009506191139177963,-0.06873100190733267,-0.0699302391449972,0.23553069917531805,0.09228124009266632,-0.01367344042477435,-0.06673292881140498,0.25498497234956213,0.1434619899228767,0.09373839788030087,0.1492231979122786,-0.10755193113423954,-0.018553631839199416,0.002872465668073673
847.0,0.0014850551558941473,0.1892579443032598,-0.034572151458404136,-0.06501056193884883,-0.06622293570843227,0.24640921467460822,0.10637402206322141,-0.03531507843145702,-0.0921269623563488,0.23830439939771111,0.13557927872407027,0.08598253652142085,0.14170930048371225,-0.1246088398978665,-0.005662518942247377,0.0023979835723554467
848.0,-0.004600284685591581,0.15454811386313175,-0.05346951052876872,-0.05298982466497509,-0.057167290636608865,0.22287340005839293,0.09837732917986183,-0.04975466227702803,-0.10254395928676295,0.22691546381444289,0.14930737396206736,0.06886770132606748,0.13004801195573132,-0.13171546129019818,0.001255577463123891,-0.007465450276660585
849.0,-0.012838643953266197,0.11131042084517404,-0.06508401674925335,-0.03593885822540716,-0.04477704933341199,0.1742241887266512,0.0741898164659928,-0.055388169823919385,-0.10002399786320888,0.21683828039507536,0.17517042036112893,0.04645323378417183,0.11458773880624833,-0.1259311920296889,0.0022527787917373115,-0.019885202760614607
850.0,-0.021261625459157368,0.0729784406932995,-0.06975197422470328,-0.01776637428260017,-0.03150938825144321,0.11297453129647726,0.04443873578201722,-0.05313571872804453,-0.08442279388163997,0.20469120514793557,0.19933604298246652,0.025109629510597246,0.09693891097761335,-0.10529117528844063,-0.00017219983080435586,-0.02652396718791678
851.0,-0.026930517539270376,0.04865559006848078,-0.06760520935907875,-0.0017896049636170305,-0.019037351779843694,0.05196236814141112,0.019970546699221266,-0.045355898029816294,-0.05416741361669417,0.18807390950312985,0.20802280771734344,0.010453556588199952,0.08073709536116189,-0.06996286821464301,-0.0027519891083798154,-0.02147716518819163
852.0,-0.026041464496520624,0.03904645605733661,-0.057756815303724174,0.010394232398029333,-0.00766902472002046,0.0016381192706250824,0.00827339913227337,-0.034798029308308866,-0.009182876944390935,0.16568478611238774,0.19230394947640886,0.004533438116537137,0.07029921905590715,-0.023383856698847603,-0.0028301022462627347,-0.0038587905328533517
853.0,-0.015067057528078315,0.03766372957720191,-0.03946506161668053,0.01923887686820577,0.0031816653568836175,-0.031289032037398044,0.011937972000160564,-0.02401379027957601,0.04641583669428587,0.13850053417254105,0.15247467176179622,0.005143600028433803,0.06782206005886789,0.027457635296522776,0.0011956696840825182,0.022133338601723757
854.0,0.006696082260100553,0.03566918000043865,-0.014360993349601623,0.026456766560337703,0.013753573366692213,-0.04321329715991973,0.028612510602597584,-0.014983740766894732,0.10375716581331956,0.11130898224195729,0.09990605186662074,0.0074708197885032515,0.071652830361213,0.07339208783312923,0.009571510624180468,0.04928415203008549
855.0,0.034894954694275906,0.026286814774368443,0.012307723265604413,0.03363955522053881,0.02268896189347905,-0.032082908789616824,0.051727187298687506,-0.00878341977447429,0.15131966666801008,0.09229123892332836,0.05406054810880807,0.0068120566456408,0.07726382299318618,0.10567615518403624,0.020490483484734895,0.07030061398180368
856.0,0.06053861439153228,0.006839994062194759,0.033002000107235245,0.041292442614545816,0.026833664563445204,0.0028626467927158152,0.07201558510657553,-0.005147405697856291,0.17878063275257317,0.08924835375157725,0.0345257913422803,0.0008548243370701087,0.07979422643011085,0.11844789695265955,0.02992442191111731,0.08039362005198113
857.0,0.07339991431805924,-0.020719939920111903,0.04151808915842378,0.04871340152021035,0.022842329076954822,0.05931993286601468,0.08023633436638257,-0.0019249754084413812,0.18048066358074932,0.10418759269290198,0.051609612079270055,-0.009521564215169174,0.07607585528922424,0.1100310848815882,0.033161586908414795,0.07853627005330924
858.0,0.0661338529146346,-0.05035700463294158,0.036420164187785396,0.05430377311649177,0.009830008968316734,0.12997728345278467,0.07041293860767318,0.004982423197529923,0.15661859074987566,0.13009611804777446,0.10060830837688016,-0.02123317924585906,0.0654761416751104,0.08298892892044378,0.02772237197893681,0.06696844880385085
859.0,0.036674928961320165,-0.07444698646156628,0.021600528908497726,0.055991070597896125,-0.008951085015413196,0.20263801236667423,0.04188328243327251,0.020344527953079585,0.11208245919575571,0.15250807008133946,0.1626316414809752,-0.030921494621525984,0.0499045602339352,0.04330103068972666,0.01592828966331745,0.04949219318701562
860.0,-0.011328404630878782,-0.08730913870418282,0.003776798454110573,0.05192295862533462,-0.026689329741962444,0.26246478169532916,-0.0007396868748738789,0.04710667339087971,0.05430323773607965,0.15538454053181625,0.21139305126078534,-0.036337547840317744,0.033034592722932035,-0.000890216171548514,0.005249133155118711,0.02981550948676743
861.0,-0.06903547321754677,-0.08665116755656094,-0.011064660379385569,0.04134042953080228,-0.03564598220510137,0.2952857672250934,-0.049249142007111384,0.08401798391553608,-0.008637087180620524,0.12838381380758418,0.22321373099203182,-0.03668844430941248,0.01861112617986849,-0.04076851248587278,0.005458823143067663,0.010864787570506225
862.0,-0.12380294046069108,-0.0719593704194699,-0.020176920640994835,0.025116197583401046,-0.03076170565568826,0.29167444001613974,-0.09426418877470501,0.12458399403007032,-0.06919437149226204,0.07178594050059127,0.18650796952921422,-0.03264150531097499,0.008635653851281367,-0.06854514360687254,0.023619965919387004,-0.005100680559754441
863.0,-0.16202344553088435,-0.043046238882794394,-0.024265008105469818,0.005609115601252683,-0.012411594063094406,0.2508625485810028,-0.12762902035879814,0.15773867259532337,-0.1205873052830197,-0.0033318749139284046,0.10684334864744989,-0.02636391029794454,0.0028388299546175024,-0.07909215842568007,0.0597970703083873,-0.01643280301326826
864.0,-0.17317459692732368,-0.0016416505027007531,-0.02556072952405618,-0.014081314223867011,0.013465792711289927,0.18210830057790411,-0.14437535282546454,0.1706110506044431,-0.1562780571573533,-0.07901393179801994,0.00518837002584708,-0.02109326897015918,-0.0006164147632834776,-0.07109317499126179,0.10595538593981862,-0.022576549615056223
865.0,-0.15383452978386378,0.04599373497852796,-0.025737652978925163,-0.03098088505211809,0.03800602090169888,0.10220801078707889,-0.14393374872857986,0.1535728246867086,-0.17030063391106642,-0.13582123388043366,-0.08988865810667275,-0.01968849733651851,-0.004712639196176588,-0.047506193735887804,0.14842624059530954,-0.0246136069390604
866.0,-0.10994343365283445,0.08960546408739664,-0.02573049129623953,-0.042705989305380346,0.05326822972822093,0.03017835482391637,-0.1300704178094283,0.10583801216711936,-0.15971117180309854,-0.15802198917432733,-0.15257194558762888,-0.022617826704313327,-0.013624282809954119,-0.01517192716246215,0.1730313539977974,-0.024975870389154595
867.0,-0.05564000936726839,0.11909363916561677,-0.026998940741039083,-0.04761646952933046,0.05540687280305996,-0.01863161469348777,-0.10926596596873571,0.037990317718250406,-0.12737853161824342,-0.13830568044751723,-0.16859557838669234,-0.0270303060153291,-0.031449132793855215,0.01673898839529369,0.17123106486937437,-0.026067037430156384
868.0,-0.00830850960763295,0.12885436576841366,-0.031811819025875744,-0.04513865450338478,0.045821934073294046,-0.0366330222544139,-0.08801718144761024,-0.030890542188675395,-0.0820401630954091,-0.08116086759725004,-0.13960087296491924,-0.028132505563836008,-0.05886522598391943,0.03952757294827805,0.14430980593148918,-0.028664197544035895
869.0,0.018232673416607423,0.11950344886721831,-0.04160673544486309,-0.0361510619247255,0.029849948630541363,-0.025095149257633866,-0.07012278686944419,-0.08024146659847424,-0.03520788537158939,-0.0029144013497309092,-0.0818551351320026,-0.022003069692307087,-0.09025084674808455,0.04822879433532452,0.10243325952690907,-0.03151496800934853
870.0,0.019186735304310063,0.09697016898539944,-0.05510485408043312,-0.02288130564016717,0.013847320289935242,0.007123345224168652,-0.05517681054916315,-0.09568311422852305,0.003324196260943131,0.07296232717404369,-0.01950325998217796,-0.007846677106712541,-0.11495084692061745,0.04354188064312304,0.0586756299671342,-0.03254458683263547
871.0,0.00023679718160686167,0.07003343895533731,-0.06789198238327541,-0.008337623630251258,0.00240387940271118,0.045987917573364435,-0.03926835129739611,-0.07404700473301787,0.029757911520690062,0.12415298298425091,0.02556043200291676,0.011427501753739125,-0.12281309926331478,0.030857650369168287,0.022218223673718875,-0.030338026762454964
872.0,-0.025762336943900267,0.04667036294823518,-0.07355939593633062,0.004248827070484896,-0.0029414806826682824,0.07565656650481961,-0.01795156820165573,-0.02394954792297738,0.048235780855144635,0.1374908113532472,0.042502677676514215,0.030255010695401287,-0.1096568362455634,0.01684462281430962,-0.004771656706235071,-0.024566808072637985
873.0,-0.04479465519386805,0.03021739769318938,-0.0659659356765205,0.011906514942318935,-0.003151703142922615,0.08338322881217843,0.010177530091463643,0.037891923114926986,0.06813082033680036,0.11257232184951191,0.0342775217449848,0.04259961835612567,-0.07885834922530087,0.006066937103369643,-0.025345606332376074,-0.0157532424779232
874.0,-0.0467220069166053,0.018418777746882276,-0.0422035119818659,0.012650395719287198,9.937034765145152e-05,0.0648247800408069,0.04195898396888257,0.0927854433042594,0.09753271560779112,0.06005444527474056,0.013443348003531093,0.044582269625486615,-0.03947064367890094,-0.0002527985532018837,-0.04322684612000641,-0.005198310889095027
875.0,-0.027645063801927022,0.006950461077082997,-0.005126640716517996,0.006382066251094924,0.006127515661217388,0.026028556675032993,0.07130722554528528,0.12626121236523333,0.13744831864880133,-0.0034778730777371416,-0.0056272661592910505,0.036539896506746106,-0.003043976370441497,-0.0034288104765778887,-0.05909668480510888,0.005160263502670093
876.0,0.009442203248601464,-0.006187499414576938,0.03632189784165464,-0.004719605353494252,0.015434274484581047,-0.02034320401678026,0.09238429689551916,0.1320757768814753,0.18060656881287146,-0.0618088285068813,-0.013575986000078538,0.02332936088517239,0.020085119620685515,-0.005873527254488279,-0.0701512706578177,0.013264649153663368
877.0,0.0551257183821152,-0.019974509189924574,0.07002289367147793,-0.01685073167415927,0.028083938036731346,-0.06188198162834287,0.10198118634464433,0.11248068773911332,0.21503071579072364,-0.1042702220533032,-0.008626178243504515,0.012314818089645123,0.024583792227627417,-0.009822719097562502,-0.07268681042772776,0.017424663204382518
878.0,0.09621582303170124,-0.03275510062481712,0.08580557841305565,-0.02598134960320465,0.04164767214282748,-0.09102570755114653,0.10028154023073528,0.07514728535767233,0.2300351408305479,-0.12745707837322823,0.005508101720285321,0.00976428589093141,0.01211719355427152,-0.016255583503003244,-0.06535071412271438,0.016529770882759004
879.0,0.12092363241723873,-0.04409821205900552,0.07999751275628239,-0.029103013432007694,0.051011357340259494,-0.10512611381891232,0.09029324471413196,0.02935875925086388,0.22176398461013777,-0.13312403609323356,0.023776513243274996,0.017466665402639935,-0.010050056014113235,-0.024185018760485625,-0.05035911247107103,0.010320557376346793
880.0,0.12422100926455529,-0.05518701447413041,0.05675579338812504,-0.024683719670131395,0.051030025842492874,-0.10418381324068142,0.07619047657218152,-0.016017814315272202,0.19541899098445806,-0.1247846922682543,0.042625954962344566,0.03150615685559051,-0.03281772512220827,-0.030688536691816693,-0.031881318347638035,-6.343002827162456e-05
881.0,0.10975942205759012,-0.06876856366833792,0.02553452965613522,-0.012543409082068475,0.04016470039726095,-0.08906731290744412,0.061261201247765795,-0.05292151240536689,0.16272384064375967,-0.10573329737292561,0.060179714885145584,0.04406782073596687,-0.048931030760861895,-0.03170309669332081,-0.013568357659872802,-0.011867062076176913
882.0,0.08696573765826615,-0.08795435682625244,-0.003526226293166668,0.0062840348698790524,0.02206961827838066,-0.06120981917861519,0.04700562172673008,-0.07475038355325855,0.13619350936165367,-0.07884523606918457,0.07498397980060396,0.0474471648582291,-0.05510611259860496,-0.023309462835745153,0.0024544188727857407,-0.02165011490790483
883.0,0.06541962055342215,-0.11300126047509258,-0.023657285176239603,0.02948474119563755,0.0038024658658841618,-0.023595658609828873,0.03414315009926021,-0.07811498334450803,0.12359048426134014,-0.04705172223218773,0.08506628094745382,0.03809049308010855,-0.05206563153573476,-0.003527133180020201,0.014944803566063211,-0.026901079928388246
884.0,0.05009826355585648,-0.1386489832324929,-0.0334020247174452,0.05318797420620924,-0.008215877771202598,0.018171042379377254,0.024160130857153555,-0.06457638026096114,0.12514880220521885,-0.013842399488483035,0.08811860683443036,0.01844345344261995,-0.04266714757263465,0.025466118944619365,0.02235966923788391,-0.026904577020838788
885.0,0.04000426391409694,-0.15573108598532123,-0.03602575137398072,0.07176576620218474,-0.011840185530999758,0.05673749252493794,0.01921319922472737,-0.040636111042276525,0.1342781243749998,0.016517179868889103,0.08293709557705237,-0.004390562243149577,-0.02993214035410368,0.05617011581138184,0.022214443947571758,-0.022393473199056775
886.0,0.030230298199915788,-0.15662518489912647,-0.03677040613030044,0.07859768929928121,-0.00992745721311806,0.08627799285878274,0.019914986211681536,-0.015464734141889784,0.14074780103642967,0.03954537830144726,0.07122652633800243,-0.022600444021144556,-0.01688992427097975,0.0777777852747113,0.011802016329332954,-0.014840962828392508
887.0,0.015503650921550271,-0.14014036597359553,-0.039397843458074885,0.06837828970233858,-0.007768333579334413,0.10550464666851703,0.023052057692781184,0.0022700062966800843,0.13466802997427274,0.05174247016190572,0.05745550843677923,-0.03208390353498795,-0.007317242201864621,0.08120612563000393,-0.01002378342356668,-0.006240892185212394
888.0,-0.006900005693044876,-0.11244381812255086,-0.04388256892337828,0.040116232089817135,-0.009238840056494866,0.11714023680971751,0.02190816805328007,0.00672674288774238,0.11006177473055287,0.05154433453026949,0.045546679442932,-0.03441949092943182,-0.005058928993229041,0.06389703279464602,-0.041362958452535875,0.0006903906733676255
889.0,-0.03591732997539149,-0.08394934778641999,-0.04648344500953343,-0.0010091106345216255,-0.014160859695685457,0.1239383451283427,0.009884389315051173,-0.003865323814706375,0.06697885100851343,0.03956735301706688,0.03476876432000749,-0.03499728638298407,-0.012118042186883421,0.03110742431765201,-0.07682311014728282,0.002874526535964092
890.0,-0.06717568092469327,-0.06411017330416317,-0.04232748060703537,-0.044473195148823606,-0.018256306229404672,0.12473658394377839,-0.014892718498813233,-0.026465647302751725,0.011195899513810519,0.018383248009920736,0.018589428558612845,-0.0390019884599928,-0.027577569018137533,-0.006757549510747373,-0.10805123201757659,-0.0013640732595911736
891.0,-0.09457796749863367,-0.0572385767726785,-0.029085319224396236,-0.07807292718703021,-0.015788375275820405,0.1138243619846502,-0.04760476085416056,-0.0536723820045043,-0.04806921843214689,-0.007709392940187732,-0.011946625845185955,-0.04852801486280538,-0.048032947592453766,-0.03874297141757216,-0.12570967347870626,-0.01010738654565658
892.0,-0.11209130979294665,-0.061853975796165674,-0.009222923031032202,-0.09272359675801238,-0.0035014344591311804,0.08442044088731282,-0.07883034444811937,-0.07638820061076006,-0.10080474512245315,-0.032477520847134504,-0.06170708778790123,-0.062468369990977664,-0.06893424932795818,-0.05728967876530054,-0.12310121065992022,-0.01757622116287158
893.0,-0.11510938718237837,-0.07230071505244895,0.010870640243448474,-0.08581031609666714,0.016758833238899734,0.034483634125520767,-0.09864918404236817,-0.08748736691676681,-0.13824736743649368,-0.047644192175491346,-0.12557841920963722,-0.0780045770113898,-0.08642541709647933,-0.059957280030917944,-0.09953235792194925,-0.0166002692629515
894.0,-0.10135344760835775,-0.07971179601091048,0.024345283287439425,-0.06155690238696622,0.03858625594444532,-0.029023332735670666,-0.10002602785236286,-0.08399816782929768,-0.15449824324908812,-0.04458117015718889,-0.18761802195738794,-0.09185712147935046,-0.09887652370618863,-0.04904348657655806,-0.060866305583208345,-0.002011867045428705
895.0,-0.07153042072420601,-0.07336106418039497,0.027547773761046418,-0.02870321159272695,0.05406748874799004,-0.0909956067587769,-0.08062196271984208,-0.06713544636340268,-0.1478437622317813,-0.018087544823927635,-0.226862580255608,-0.10099347249770559,-0.10688909622666493,-0.030048792403256946,-0.017157527656609425,0.02711013210790284
896.0,-0.02965391077917477,-0.04551143148532361,0.021401072084178376,0.0031258398866669526,0.057205070512383445,-0.13397419378473813,-0.043561006239934794,-0.04117366043695304,-0.1213429703148822,0.030356196971043338,-0.22680116874063314,-0.10345526413947563,-0.11183173533120545,-0.009583672648845751,0.020838821780616964,0.06676041792564988
897.0,0.017356527987437458,0.002455433487421231,0.009874692131440594,0.026870236688342347,0.04621851855186028,-0.1452522917472667,0.0027373978374938984,-0.011550046562367874,-0.08236610757721097,0.09244146905127758,-0.18320032758643495,-0.09921428556901546,-0.11442869391413105,0.006923001628605173,0.04524342465078082,0.10866472132713187
898.0,0.060907017309209735,0.059001243966912635,-0.002875906352488994,0.040022590823886664,0.02441897626445846,-0.12202223417378762,0.0463302661585443,0.01773143111930704,-0.04108311591857665,0.15567072845020213,-0.10632198610234113,-0.09009789728744744,-0.11425660215833447,0.017102092007054523,0.05416020835159258,0.1425638326901862
899.0,0.0924182186349709,0.10824450138766545,-0.014559352435352437,0.044261332672775294,-0.0005699211134335318,-0.07283324372164496,0.07522900743839277,0.045982206071250906,-0.008129972256562455,0.20660973474495126,-0.017171424111908293,-0.07836416037063909,-0.10946248699082861,0.02226237642789739,0.052422898172165895,0.15984099003861463
900.0,0.10511307387917519,0.1379150681808096,-0.02508085638539413,0.04303225586613547,-0.01981319364408462,-0.014295176098244043,0.08126509950389896,0.07504320872272473,0.007789380915873481,0.233255660643912,0.05946123078078357,-0.065057928508372,-0.09664492979123826,0.026041273604339006,0.04835248896347022,0.15674234079646931
901.0,0.09592126416816385,0.14431108917235164,-0.035447783661389606,0.03889430787946878,-0.027601353450935166,0.03584862382258518,0.06262111826008057,0.10589134607846343,0.0020024297158570802,0.22681421024763318,0.10219225113664411,-0.049933975858156524,-0.07225007572537952,0.03143575543748221,0.0483984057333613,0.1353939603757339
902.0,0.06719618411387675,0.13216674788963773,-0.04586802589991317,0.03249122750021972,-0.02460819599622535,0.06495165273237123,0.024229925499916725,0.1353265128504205,-0.023805222894038917,0.18406612207789003,0.09916575806021152,-0.03323713340710682,-0.035386147941994205,0.038049785788865545,0.053765076893602146,0.10227869218946672
903.0,0.026997868146680943,0.11026196876955041,-0.054074814986302566,0.023473750528581888,-0.01699101307571274,0.06737198959318873,-0.023965332625253234,0.15580225695202532,-0.05994997571102367,0.11010250551922697,0.05212602015703501,-0.017529940787244753,0.010291056535840896,0.0416942141072187,0.06099945904528239,0.06523653534650496
904.0,-0.012992269915474404,0.08648400260973063,-0.05532164056699961,0.012306193425987707,-0.012045312366576414,0.042985873716420334,-0.07043536786777042,0.15924530084700642,-0.09067061803170368,0.01905539471718518,-0.02342052056123854,-0.007547878731429559,0.05704992244314694,0.037055521791790176,0.06533838664087248,0.03082183607164286
905.0,-0.041121267691221854,0.06622588514078315,-0.044665988857903835,0.0013769130755033876,-0.013769811470457043,-0.004346738764390588,-0.10570883003419364,0.14246610352969877,-0.10039415306556414,-0.0692137384740077,-0.10302608250326188,-0.007815110330923141,0.09513892447515127,0.02183060815752531,0.06429598486357457,0.0033266680998488576
906.0,-0.049245729259373865,0.05353373736182477,-0.020265757017409423,-0.005659621204342982,-0.02128257296888365,-0.06706876889036871,-0.12445320319411039,0.10990527283595534,-0.08070278361063438,-0.13563296555280155,-0.16146535942544585,-0.019647989354769996,0.1156596987488001,-0.0007577959515157332,0.05897254990296676,-0.015101728648513444
907.0,-0.03495608406899629,0.05128057733909814,0.014687724636262403,-0.005880896222193309,-0.030422813081220447,-0.13446573621833077,-0.125684109881047,0.07137759456722892,-0.03339707504766966,-0.16867369278438912,-0.1808339923091063,-0.03978002562232391,0.11421937370858681,-0.023080459474970793,0.05219481443012404,-0.024587792331226613
908.0,-0.002328749416689482,0.05961873318955706,0.05279931881728757,0.0009905664423219796,-0.03668574687221287,-0.19494853550195462,-0.11203762858466448,0.0368210915549499,0.031484094389073375,-0.16861609446630263,-0.155912330362888,-0.06173483108919285,0.09398376145684743,-0.03705817902481005,0.04555418145436034,-0.027685114180651327
909.0,0.03895470218442297,0.0753007347278293,0.08550865533416709,0.011946846708942086,-0.03736030070687271,-0.2391527560083293,-0.08854355170633825,0.01213140622055647,0.10025724339557565,-0.1474885936558503,-0.0954553464402314,-0.0788363997169387,0.06539845610106033,-0.03815597514195701,0.03834934796588273,-0.028329539228433512
910.0,0.07654431336431067,0.09305467991819816,0.10665789058422488,0.021954560456511302,-0.031958733718867656,-0.26143406202072794,-0.06072566539864622,-0.0015976968490700465,0.15987934414482424,-0.12354700749164489,-0.01850404342837786,-0.08635504575224512,0.04165620688769946,-0.026849261814110938,0.029054426611054725,-0.029726503259033445
911.0,0.10004772862549363,0.10799765595301028,0.11487503539473051,0.02675367862594453,-0.02152961079313884,-0.2591087497670537,-0.032586066053142904,-0.005957447923860698,0.200785619234272,-0.11175708461093653,0.05375258595621817,-0.08154738663186037,0.032239913616234225,-0.007168867653345604,0.017433115128909053,-0.03271243482581133
912.0,0.10526377763783008,0.11791915823598526,0.11366909431608939,0.025380388889666452,-0.007870628971270813,-0.23152380223839958,-0.005776525214078072,-0.002443907604497503,0.2184359986205344,-0.11567692377821812,0.10667114840967878,-0.06284114668510225,0.03853944776110412,0.015865422054701917,0.005443787799735538,-0.03553631879564428
913.0,0.0954365860822581,0.12425021691122679,0.10909060684346697,0.02045754882419215,0.007156546086824218,-0.1807607063301741,0.019640278736106218,0.008801547552193022,0.21339390040160316,-0.12654862992023008,0.13606784709498707,-0.02991480898363528,0.05474777567725326,0.03791092065753702,-0.003419764714312783,-0.03482798091526227
914.0,0.07878767140768489,0.13101088669940733,0.10594704916173257,0.016117611279493765,0.02229847921014946,-0.11324620117060546,0.04392256155356927,0.02802712532356113,0.18967053374664908,-0.13044370092387905,0.14567872737783302,0.015183623720666964,0.07350291807784254,0.05553768640381827,-0.005796934488694766,-0.0272973192220547
915.0,0.0639551498964601,0.14259808014730876,0.10479178882375072,0.015205239974761694,0.03696041254361233,-0.04018531390042702,0.06698268081661247,0.053669519166331836,0.15233970494862184,-0.11810248290585187,0.1416923617975452,0.0670001535758337,0.09146134517005786,0.0658515905047505,-0.0004512637098063921,-0.011807466977669621
916.0,0.055805515912620014,0.16150422142480064,0.10196732042401412,0.017583843955869382,0.05033878598700315,0.024803360922734986,0.08820071772875553,0.08085916594807206,0.10632716803848558,-0.08988405665238858,0.129259103530657,0.1169790541807578,0.11025614983974229,0.06656084234194609,0.010387986391219968,0.009033293639524025
917.0,0.053700737283086816,0.18634382923501044,0.09273117972922325,0.020458678812333875,0.0607302568094144,0.07051390777358207,0.10610206109724593,0.10244251571244027,0.057231314324431445,-0.052486369801543344,0.1128811750274116,0.1557304672842572,0.13295133601980136,0.05687744681531106,0.02146812016148189,0.02908865014021341
918.0,0.05302113382881032,0.2114996905136155,0.07497522863667751,0.020381338199506712,0.06603722998253968,0.09249755162395742,0.11817844829955898,0.11250543640063881,0.012564038449777533,-0.011849290117834685,0.09825714069458531,0.1765059635961972,0.1597051493457762,0.03877092645477802,0.02689126157116428,0.04117132394464999
919.0,0.04850912986741682,0.22972126189613737,0.05092228085300785,0.015433651956192439,0.06480811266616861,0.09383650627235993,0.12162261552587936,0.10981502214842605,-0.019405303271851755,0.030210167510007272,0.09160817196588558,0.1780401663422959,0.18617101851617682,0.017466082695997746,0.02300607050677246,0.04036179449056487
920.0,0.03697692831513111,0.2358696995389254,0.026005376759361067,0.00608248016710579,0.056505912132308246,0.0822064232941317,0.11485801207015287,0.09821350480874644,-0.03353173455556318,0.07334421961588161,0.0958984780634444,0.16523851073345086,0.20545302262037793,0.00013884849928862407,0.009817310332015125,0.026046032226318
921.0,0.018308361433868364,0.22871217864005638,0.005975098760221692,-0.005352455380418863,0.04094413063329387,0.06566679295726413,0.09894441944451697,0.0836803165332249,-0.031025948602740085,0.11466723925901963,0.10771837280414577,0.14733082797458638,0.2116547479939748,-0.007010076321580456,-0.009988495070128747,0.0017882503388868896
922.0,-0.004915957240737211,0.21039920987817295,-0.005932249007510463,-0.01565532197474773,0.018123128951444478,0.04998218141045359,0.07801141278540237,0.07053630263490354,-0.01880084222295547,0.1484768900708044,0.11809355456322641,0.13418127674045321,0.20255492721996105,-0.0015631180215616859,-0.03322574114653227,-0.026353395597285712
923.0,-0.028798407813081205,0.18478669413526008,-0.010248958684379283,-0.021701670494490604,-0.010778250496831744,0.038746369279920236,0.05821935113557715,0.05919212761517899,-0.005624869512093188,0.16930160400437938,0.11647394728864531,0.13222309411247263,0.18032857825726276,0.014238187037634674,-0.057401939311698284,-0.051969943599473455
924.0,-0.050036176753231916,0.15519457498378042,-0.010580968870213868,-0.02165840681079316,-0.04232171511405768,0.034809742397611004,0.045440276981686,0.04601786118773844,0.0015674940217891252,0.17407802217751497,0.09527359658680087,0.14165619757416473,0.15017495443868137,0.034647221565502775,-0.08026639898960827,-0.0700229304629056
925.0,-0.06728224039304413,0.1228329025399959,-0.011846154019583983,-0.016025022722228374,-0.07122406762830168,0.04017353526215241,0.0428265784511174,0.02506533551923617,-0.0007847590812113177,0.16145042299673884,0.05312866160971814,0.15609729933659253,0.11724651315945633,0.05236735970430642,-0.09920010832157408,-0.07780128036148597
926.0,-0.08098449134141726,0.08700162837621657,-0.01856415265435885,-0.007701738145362002,-0.09211023577279409,0.053788526739915146,0.04956229059435964,-0.00862035804471087,-0.012785970199446346,0.1302065221092891,-0.004267433030959232,0.16512815328782582,0.08362776379306962,0.06064477646315853,-0.11154959673727355,-0.07515835916563285
927.0,-0.09190240692115413,0.046246149532165805,-0.033553685569917335,-0.0008751155302946457,-0.10109370096723705,0.07000331736143237,0.061315977559634166,-0.05528493290602178,-0.031329468068249544,0.07936891317910505,-0.06638159842148844,0.158988004670873,0.04778018682638247,0.05556040793477609,-0.11510242148110958,-0.06415434949696357
928.0,-0.09962686387932063,-0.00022400025785615285,-0.05676575993094507,0.0006872724428883587,-0.0963783591236945,0.08042388240335152,0.0722674728320516,-0.1088028597800572,-0.05087190877624164,0.010102378763219564,-0.12223640665584891,0.13321120955351448,0.006961388651850955,0.03788629308134835,-0.10791378573028103,-0.048546068564265445
929.0,-0.10234595554733911,-0.0507604101987689,-0.08423240225437009,-0.00486055100105135,-0.07827784092676532,0.07855091848663429,0.0778491949174991,-0.15875901732379274,-0.06527423698730507,-0.07216142726443653,-0.16443048829479276,0.09077773810813775,-0.039395619024661536,0.013139965324892103,-0.08840963703499748,-0.03343814758264087
930.0,-0.09780648908547826,-0.10068474248959065,-0.1080585133783924,-0.016677923654753655,-0.04930575547340172,0.06368562203444673,0.07652603633226117,-0.1948859685093871,-0.07020869378904657,-0.1569421326303067,-0.1905395064345313,0.04097051759616417,-0.08771982962795832,-0.010739148369676182,-0.05682301247490005,-0.024300402589840998
931.0,-0.08452937697236536,-0.14438389649318153,-0.11883584486797229,-0.031413068274567676,-0.014429105815002301,0.04110349841971255,0.0694391852910107,-0.21058171804304124,-0.06509955788796186,-0.23013807902896424,-0.20215142114957332,-0.00409243608183217,-0.13089279904128687,-0.027118462199964666,-0.01700915380826648,-0.024640344448336262
932.0,-0.06280969045935772,-0.1782830199598123,-0.11040833709633263,-0.04444475081301871,0.019225953977402094,0.018704915927638156,0.05873492243260359,-0.20405478895216947,-0.05410895379195992,-0.27784009134605053,-0.2034853989007945,-0.03363235801577722,-0.16097103561889337,-0.034018626064818806,0.023563717418103373,-0.0337528382050844
933.0,-0.03548947807300733,-0.20175566707929246,-0.08414436553182102,-0.051986271645886616,0.04399544968364758,0.0030393248570994656,0.04664757792866111,-0.1781420247574874,-0.04595993257950415,-0.2912144695199012,-0.20044078918921904,-0.04146221552969315,-0.17220932623792112,-0.03524887386674263,0.056333843702172114,-0.0470237631667703
934.0,-0.008186623192016674,-0.21568997511960886,-0.0491286897809989,-0.0528820022487815,0.05412837407933507,-0.002773154420346671,0.03585802688542222,-0.13974931290338696,-0.05213341586050579,-0.2694831558726115,-0.199182573695159,-0.027407103705264155,-0.16276344856991012,-0.03827295548061705,0.07465779344946429,-0.05910594569186816
935.0,0.011539161807366785,-0.22078325148750316,-0.017838238833801656,-0.04882569278197818,0.04750036478863733,0.0013295556052575989,0.029265038072237584,-0.09869382329930458,-0.0831840720572193,-0.21874644964492942,-0.20354682183534076,0.002843361068435661,-0.13523663642976627,-0.04988124774785486,0.07501499128824851,-0.06727290604569282
936.0,0.01641460786508468,-0.21740120297481602,-0.00047642190139421327,-0.04310462921484646,0.025829408726778587,0.014380645189220413,0.027995692568155865,-0.06547193654706013,-0.14375410403859734,-0.14779182383136785,-0.21208621545186057,0.03909456341253477,-0.09666544794618825,-0.07243016641408924,0.05675112615589211,-0.07209504541453238
937.0,0.002652574451231285,-0.20689081897005263,-0.0011635298602888301,-0.038900711622738206,-0.006063663808266623,0.03617729843522352,0.029402215524509723,-0.04808170709465131,-0.2280704916587348,-0.06470558817502887,-0.21692631282160396,0.06940486346756412,-0.057281300776496485,-0.10262195890695013,0.022179759991658606,-0.07530325640627865
938.0,-0.027461537157375537,-0.19251898585582705,-0.016759991941201945,-0.03791268505126809,-0.04133649831308746,0.06684578044494568,0.02753561948272177,-0.0492061318958552,-0.31870769529922416,0.023263367513828598,-0.20650974962842683,0.08380118217299524,-0.02749464821238722,-0.13295885014488615,-0.02272141644358113,-0.07694316143309422
939.0,-0.0654012794989657,-0.1788871395618512,-0.03798613927836967,-0.03977180436331412,-0.07243430910233553,0.10439481414508418,0.016291883730370403,-0.06579478107437427,-0.39075638861947976,0.10791550286590504,-0.1716819200635097,0.0773314576876705,-0.014379278936820067,-0.15485430174880443,-0.06830822149363053,-0.07407199185631497
940.0,-0.09927936501246404,-0.1709211184346888,-0.052942442179310954,-0.04250290540550127,-0.09269080301398172,0.14276400896891736,-0.007031318470651273,-0.0916950446413859,-0.4207803978650487,0.17912339585711703,-0.11130626941996351,0.05090072685049558,-0.019864360836103413,-0.16185431714262705,-0.10294598379318601,-0.06215897673597519
941.0,-0.11867815434476957,-0.17373066858294342,-0.05231670623172827,-0.043577082617569235,-0.09805849476335673,0.17256180072957117,-0.04043989169212571,-0.12116837238366926,-0.3965792401641854,0.22578314269268362,-0.033603280715881506,0.009818810294878199,-0.04146602898386674,-0.151573005865084,-0.11648682251094676,-0.038412477305136646
942.0,-0.1188217926770994,-0.19243910687517082,-0.033777612442265854,-0.04074657064479459,-0.08824733427999977,0.18434061984627062,-0.07877653622911358,-0.1502938011326845,-0.3224959832555348,0.23847305829201298,0.047195390333051764,-0.03843441760176692,-0.07393430568873136,-0.12586736179019425,-0.1044735684319644,-0.004570959840017512
943.0,-0.10144017729843627,-0.22983935874142136,-0.003106097297550928,-0.03247370275081189,-0.06635631021321263,0.17256271862124326,-0.11589537169309029,-0.17575264374246768,-0.21741188779699708,0.21329312901250846,0.11635101550793883,-0.08560860374194675,-0.10994752576288311,-0.08972602355365082,-0.0705037633367561,0.03276321722395582
944.0,-0.0720947530972722,-0.2816797643694966,0.028641161440483162,-0.01825130680668341,-0.036978166524326915,0.13852201495423386,-0.14539771494970552,-0.19320944979634133,-0.10687358097967699,0.15541846740871976,0.1635553416353501,-0.12313463005514802,-0.14047885285763884,-0.049630577790416824,-0.024606709080367144,0.06423830351643776
945.0,-0.03660759091839603,-0.3332787295146875,0.05064670948872224,0.0011014153345243604,-0.004054958037571615,0.09083226150954803,-0.1606558102302034,-0.19742142812967783,-0.013711673755736372,0.07979716910153342,0.18576793331600974,-0.1428761010400793,-0.15639332673401074,-0.011958721731187684,0.021534601228694477,0.08134051154054807
946.0,0.000795304388473742,-0.36239535379267995,0.057517442318096135,0.023321505104195926,0.030078451865486522,0.042403577934057704,-0.15617521151799818,-0.18415849703226184,0.048666479167887126,0.007329995641678519,0.18742514559165904,-0.13916208383560502,-0.15111602010386613,0.018249991737921103,0.0593598551028513,0.08007092935649522
947.0,0.03724930023918222,-0.34907479887495085,0.05122931739022894,0.045045258329335314,0.06416801480605108,0.0046940633336853225,-0.1307510058506127,-0.15262689072434166,0.07859325680742668,-0.042248729493188114,0.17837789019644418,-0.11161921530137091,-0.12324966648137346,0.03817309859986101,0.08560457274794407,0.06267760448344077
948.0,0.069903322325835,-0.2871138687653039,0.03915537435534538,0.06276353123857786,0.09675078700692501,-0.01758910555527009,-0.09048530183360606,-0.10701832833966099,0.08445940030198044,-0.05745087205554635,0.17031920414020138,-0.06702482943206955,-0.07803698778590785,0.04779612406991426,0.10144683781769456,0.036219333740940586
949.0,0.09490183397402634,-0.1891825256894348,0.029581915502162912,0.07388033801602961,0.12509866874436065,-0.02804032992993679,-0.04831050525947608,-0.05600495714485997,0.08000699365387252,-0.038923608881312945,0.17224126579187696,-0.018212437131467266,-0.026360798646476606,0.049776865744725014,0.11011839463539488,0.009216060814688601
950.0,0.10818315399122655,-0.08110983146544144,0.027132962717358627,0.07720553569062286,0.14535656891686213,-0.03533565052774381,-0.018294403862108025,-0.009753550527964526,0.07836957016294625,0.00153519001174206,0.18628268962398392,0.020589365815951582,0.019072478536823673,0.04817101120673578,0.11483665864378212,-0.011176619659977115
951.0,0.10793213079967873,0.010936066252813983,0.03078757965344425,0.0730357299721141,0.15409529504601915,-0.047067604186526224,-0.008102164622599287,0.024051874026037284,0.0876756006173997,0.04625518139647034,0.20647777100439493,0.039851026385749125,0.04854266563674661,0.046706111551584384,0.11758071643902962,-0.020393060751284588
952.0,0.09641773915623468,0.07106423559131095,0.035642015322882706,0.06320187324780908,0.150037266892709,-0.0647492795601071,-0.015796074748096356,0.042612858052912955,0.10972181793272222,0.07809929996703072,0.22126818586095062,0.03818715019784059,0.05824698700855085,0.04772359522999203,0.11817076258166455,-0.016758267550683808
953.0,0.0792104631000489,0.09631003454450383,0.03667751104173487,0.05062459929123555,0.1344128985543101,-0.08406615249737306,-0.03298716991062632,0.047784099344079824,0.1405782778031727,0.08461397207207395,0.21787061115308806,0.020957687007339312,0.049972904973569196,0.051862876090911246,0.11387135699073253,-0.001729687319162601
954.0,0.06209185114782559,0.09308505811443903,0.03160709353479431,0.0378698386623636,0.11002304539582346,-0.10026749234204493,-0.050543136715022405,0.044179684226792464,0.1717635045013262,0.05940166089398359,0.18657978793318727,-0.004001036920727,0.0286955097446587,0.057857850880575996,0.10063395441720653,0.020071015605322817
955.0,0.04788700598818309,0.07155431497580389,0.02140580265788134,0.025535785682178066,0.0802874377052588,-0.1136671529339858,-0.06272271222782602,0.03681906559589331,0.1921990542623474,0.002422497418994269,0.12425251743229376,-0.030214490131233843,-6.760069167274512e-05,0.06249666264030625,0.07593427439892256,0.04184097923400006
956.0,0.03541138841891895,0.040456659964706966,0.009128519004605984,0.012034400511372691,0.04882601976522105,-0.13025150885089942,-0.06864318924564924,0.028995244875643048,0.19145321656022787,-0.07967654349507122,0.036014466477748516,-0.05465939667089724,-0.03228779609657085,0.06155783901050497,0.04123530413309848,0.05666574679307956
957.0,0.02095337907082543,0.004538314612293594,-0.0016140225766735135,-0.0048398134047984865,0.01911214298144368,-0.1568263218327127,-0.07123912494939774,0.0211889558488723,0.1638163877046292,-0.17357569121333177,-0.06566315629349183,-0.07798534497673094,-0.0657956026290769,0.05210138038328947,0.002210533603311338,0.059536567221046256
958.0,0.0010554916102798809,-0.03411965670986093,-0.00756057183196518,-0.02578063624535558,-0.00606596084296048,-0.19443261394900607,-0.07415145593091742,0.011788742490345993,0.11171122872644249,-0.2606605764357219,-0.16379606944718014,-0.102570102490273,-0.0982526238473552,0.035053278592954824,-0.03324618636348315,0.04840081871367098
959.0,-0.024808937232823323,-0.07248918365646824,-0.0061805842376660225,-0.04882662261042956,-0.02502599297852088,-0.23490793233297508,-0.07836630756902953,-0.0006267908290131186,0.04637675302305899,-0.32063332614734863,-0.2400662622391142,-0.12921901878718062,-0.12497233121109962,0.0159044345255533,-0.05798809900114531,0.02458828219875299
960.0,-0.05266950249645772,-0.1038775918573183,0.003834476744834273,-0.0698820942202215,-0.037323439028411544,-0.2628955004876842,-0.08117274901600421,-0.014979445927685868,-0.01528505540470579,-0.3371533554397992,-0.2779379521204389,-0.15494901987325127,-0.1396859841009725,0.002218177904599674,-0.0683668113592736,-0.00707038579246933
961.0,-0.07477230562994433,-0.1187319942019051,0.021848701605295444,-0.08443008213601211,-0.04391428849311711,-0.2620046404236838,-0.07837118467084925,-0.02728174819065689,-0.05654739639752111,-0.3035800632728862,-0.2663539127120636,-0.1736764620577682,-0.13771386304076166,-0.0007095026172538564,-0.06575553098578239,-0.0391720300016144
962.0,-0.08318814908017252,-0.1094366225187021,0.044530317960214345,-0.0892632633165537,-0.04736060093943995,-0.2222456505510477,-0.06786315616073722,-0.03250401985476727,-0.06665583088101884,-0.225863094456131,-0.20375442775541766,-0.17939365912154576,-0.11866475373049702,0.006987404544566866,-0.05607053683602975,-0.06405471646141915
963.0,-0.07457839198537008,-0.07590164061998941,0.06544562756868966,-0.08331079766339576,-0.0511587036514626,-0.14565217335169786,-0.05161813494915632,-0.026879240446921773,-0.0440010994507657,-0.12070906365244427,-0.1005281575714353,-0.16973079452564271,-0.08692564553439364,0.01981209082112951,-0.04721567203275574,-0.07629184303400967
964.0,-0.05268774546553506,-0.027161976869800847,0.07617199278267556,-0.06755076895726914,-0.057694265236985585,-0.047004989753982374,-0.034617766516959546,-0.008885156375043344,0.004299574830096296,-0.009825639621089143,0.022301490443323593,-0.1473586652365591,-0.049712871819274015,0.02987057274538699,-0.04525592155875378,-0.07402813732798988
965.0,-0.02669197283516353,0.02286516246780877,0.06963374983336862,-0.044549437837769115,-0.06629233034532607,0.051459331108795824,-0.021666155834431697,0.0208522132016944,0.06529023588611442,0.08706328924444476,0.1386692161952223,-0.11807302458029251,-0.013850889038499958,0.030677718256713164,-0.050954027453528866,-0.05895616483892492
966.0,-0.006671199535863103,0.06260324911958667,0.04406135493436172,-0.017907400671823216,-0.07335434882367993,0.12857080884569488,-0.01413065264809824,0.059651727772846094,0.12390258621946332,0.1577030047140298,0.2252441316092977,-0.08721614317016399,0.016608539926841265,0.019812649598553077,-0.05874875558209369,-0.035432640129042986
967.0,0.0010556112796759546,0.08762115005891917,0.004864004882437935,0.008432497008805231,-0.07452843315636626,0.17149572751052375,-0.008887904143245267,0.10264913982016324,0.16697518656595892,0.19969111586166646,0.2682426452457566,-0.0575207693459076,0.04078276130734964,-0.0003249701688245337,-0.05938029909156815,-0.009397348718089142
968.0,-0.0033946401947352973,0.1000269545319664,-0.03708493057317023,0.030913259827130727,-0.06710127541100795,0.17912825631149587,-0.0006240571444498467,0.14310602197443947,0.18700673378716087,0.21949646719660146,0.26703866566111056,-0.029690897525641365,0.05973251633185147,-0.023504109552140436,-0.04516975549085912,0.012719509336504693
969.0,-0.013831897406646256,0.10464541744603859,-0.07019830444721431,0.04688989926040227,-0.05125074518902637,0.1610372387127968,0.014109576676867661,0.17368364902218875,0.18384449657250326,0.2284485973517958,0.23300845039501267,-0.0042508722225670535,0.07455866740789642,-0.04204910777236839,-0.015080925865149676,0.025608728942781666
970.0,-0.021294191642492237,0.10603595904438264,-0.0874541225216503,0.05487044013921504,-0.02999690871796206,0.13236737427031264,0.03448410038967803,0.18838412342896937,0.16287216178207695,0.2364652529759293,0.18315027977084744,0.01738083335884358,0.08504271703606019,-0.050023609752496784,0.023541562933002223,0.02692058241172887
971.0,-0.018763612389987777,0.1079389784464037,-0.08907537495541215,0.05462339847964293,-0.008197336685031264,0.10664009311339412,0.056165377120526556,0.18438158823380674,0.13081509596697927,0.24608120964783642,0.1313510353140347,0.03316910754938563,0.08984903487660902,-0.04581593406017598,0.05793871033432812,0.017918151794551963
972.0,-0.004841462134856892,0.11387170404309745,-0.08125154033242017,0.04734999776321543,0.008934974803799563,0.08996670645528575,0.07356468597716706,0.16293706039207542,0.09242110226176767,0.2508234520654148,0.08282224867351431,0.0414911266421983,0.0880512901804009,-0.03241870977337501,0.07592617953044299,0.002582713010531329
973.0,0.015863056690592986,0.12694821200567274,-0.07217687244648552,0.03576054143524315,0.01734838100173045,0.0796970891571368,0.0816116509441962,0.12886615494586323,0.050519722718781246,0.23965925050899065,0.03521839717975829,0.042166397695794076,0.08047896603646804,-0.015222517115158518,0.07128316536538504,-0.013625559201783533
974.0,0.03608793054691335,0.148562779955095,-0.06790649245709492,0.023592287141938385,0.01550652359819189,0.0679682908023436,0.0770257113942263,0.08904670579672064,0.008644707385483681,0.20432084819546623,-0.015463368581852993,0.03691016915393431,0.06968004319561308,0.0009248758405864856,0.04588931619061495,-0.02463717022794174
975.0,0.050660500122331496,0.17692671157919626,-0.07009339865736045,0.014429961936924404,0.005134801513729925,0.04760280444015127,0.05937743724106388,0.05106740368358142,-0.02702656281901551,0.1444373661578329,-0.06954075060121845,0.028846672008182667,0.05867417409521992,0.013561533956044218,0.00813078515334161,-0.02495039846247796
976.0,0.05938105940398959,0.20629099692415828,-0.07625915262686381,0.010379522174672329,-0.009430604512106604,0.01643704714790927,0.031433793450687475,0.022161888322070583,-0.04842101104586404,0.06834496387683568,-0.12241586327757911,0.021166084878683072,0.049350734541605705,0.022641596064111816,-0.03129801408957399,-0.011712611706734708
977.0,0.06666379967733141,0.22757297361784187,-0.08163500569554306,0.011486457621600799,-0.0230944705752363,-0.02220123633836341,-0.001259722435610682,0.007735876959812292,-0.048289587207481194,-0.009639638367839673,-0.16685715442373156,0.0156056880465649,0.04156331220214729,0.029163205379464475,-0.06367796062233677,0.013245954272568364
978.0,0.0784158249550686,0.2311904500728773,-0.08129311643252517,0.016196881103104077,-0.03174388730020228,-0.061895479450439224,-0.03091367152130322,0.009525238563809164,-0.02362993908935094,-0.07455160414988349,-0.19650870447260382,0.011753581797698484,0.033966283056134194,0.033726239116382124,-0.0841716920052492,0.04316604472348613
979.0,0.09780285904500124,0.2120799759470065,-0.07214952648530991,0.02225383912025003,-0.03325485407797984,-0.09585198454764189,-0.04801184074314961,0.024355671207634474,0.02103758902180127,-0.11716401533689012,-0.20926873992179304,0.007817682811708545,0.026187908632387596,0.03618919308056598,-0.09153465272260294,0.06845829849849955
980.0,0.12257592908531698,0.1747309457287779,-0.054373558284381895,0.027405421230237616,-0.028039285900362563,-0.11871618283794506,-0.04252555701040381,0.04435123957113962,0.07251586952759091,-0.13793030467338296,-0.20939235672940515,0.0024286251234310646,0.02029406819975272,0.03634154295869234,-0.08763451358183907,0.0801063256552957
981.0,0.14587570095655386,0.13381246735418972,-0.031292025103960695,0.029863063910638483,-0.01898609806455669,-0.12815038702541556,-0.006814285361583321,0.05891886946616264,0.11222543538943251,-0.14571845155804625,-0.20645025099846184,-0.003965656782616638,0.019929207101488763,0.0345953539725942,-0.07730715009251389,0.07294096487264819
982.0,0.15970686855499686,0.10781590915846337,-0.007714385297275133,0.028700058045349655,-0.010342062578192594,-0.12631959103051524,0.0597367416075672,0.058350300141383475,0.12332301520475551,-0.15237145166431576,-0.21056199153444422,-0.00931382849602233,0.027390950633656704,0.03190775141872893,-0.0672270533037845,0.04772987603176007
983.0,0.15852867773638804,0.1091007103540452,0.012408259981542916,0.02424833150661087,-0.005725196382461892,-0.11966876800639722,0.14670490167851638,0.037916367987164176,0.09771094644006174,-0.166541525988626,-0.22654179905356725,-0.011499487002047221,0.04083293545758087,0.029194133013287184,-0.06309437510642282,0.011177475501299503
984.0,0.14111582058252164,0.1367857218919471,0.027798643253230785,0.018210121988814006,-0.0062863626504707825,-0.11580331384777322,0.23304720044040558,0.0003489313567456621,0.03897668546533803,-0.18960936593614505,-0.2508729777089849,-0.009801867712392814,0.054136069810654254,0.0270175281113373,-0.06659807499359674,-0.026716795172751818
985.0,0.11046426967284768,0.176706424485847,0.0399047083060304,0.0130208104621562,-0.010292993788826397,-0.11916690179575828,0.29354353834658586,-0.04498526152761728,-0.039809824393928175,-0.21513426318525783,-0.2732472276558019,-0.0052268762449087175,0.05979443250982037,0.02552426454216802,-0.07456382319017553,-0.05687236598649167
986.0,0.07243239004724275,0.20856603362376352,0.05089430486122486,0.01048029457069622,-0.01454404284940885,-0.12891194708069545,0.3085624427283987,-0.08596267306038173,-0.12134163363076826,-0.2322257542834906,-0.2815866640682246,0.0002926369211086662,0.05301036879685152,0.024103779215468142,-0.08101707182139833,-0.07417159573462107
987.0,0.033821861696496175,0.21616147337381447,0.06112284637213779,0.010522515649931239,-0.01654241299660189,-0.14052312785334828,0.2718660641132271,-0.1125163427782787,-0.18947134627190118,-0.23151656088614123,-0.2679457248118901,0.00505203656363829,0.034726445874890335,0.021077740707801787,-0.08037398368776466,-0.07752777940186409
988.0,0.0004087924728503511,0.1947136276640682,0.06815118242147204,0.011119772948825227,-0.015888115653800675,-0.14951389254149292,0.19251451759599258,-0.12011437003143492,-0.2333657403136833,-0.21060412847311144,-0.23233418618002524,0.008127656684454277,0.011607096953795514,0.01421439944350579,-0.06961590693680272,-0.0681831689352616
989.0,-0.024524723487622795,0.1518321932123205,0.06802792436138447,0.009457259910989222,-0.014300277307320976,-0.15412613878214068,0.09089648470602715,-0.11085813776919792,-0.24993594904718386,-0.17586415365505786,-0.18281636743071455,0.009044948964999992,-0.00736168516246444,0.002039666173651791,-0.04902481428009221,-0.0487856100178606
990.0,-0.040710491238817315,0.10240617196894103,0.057933404800128124,0.0036418085157695194,-0.014685231470830564,-0.1550067206426646,-0.008462257072482875,-0.09217577614976472,-0.24375912380055656,-0.1395279708640574,-0.13218225732727576,0.007195752011672025,-0.015610609852962521,-0.015154122038386435,-0.021982164821911558,-0.02385681723442512
991.0,-0.05036216574344417,0.060193483294974086,0.03855329030530135,-0.006024704536912217,-0.019773524918791027,-0.15230150431093006,-0.0847360883532332,-0.07361859912032849,-0.22415165081134036,-0.11332917873022252,-0.092319754801786,0.0017121777628400251,-0.01254436256077635,-0.03552666459364867,0.006189708319491893,0.00010639149286743026
992.0,-0.05677758886223412,0.030720898774137587,0.014573532328693553,-0.016905594549238536,-0.03060254199041512,-0.14302267401779462,-0.1269071178256064,-0.06306271165730334,-0.20067774151195197,-0.10199531858678207,-0.06859874760362543,-0.008002506049693527,-0.004337437155613862,-0.056584237592136266,0.030273939346983622,0.01633048302497496
993.0,-0.06263497252697588,0.010201839979386585,-0.007465525470818266,-0.02522460922011243,-0.04541786544076619,-0.12153353699230501,-0.13555335680112773,-0.06402984042823343,-0.17955440021962163,-0.10042298323916037,-0.05788443131776195,-0.021309812589993163,-0.0011976127618689642,-0.07561250601484845,0.047056198232795464,0.020467265567628595
994.0,-0.06878512416361537,-0.009081385628901836,-0.022768062172188363,-0.02809109748192005,-0.059864897541353546,-0.08326515752698141,-0.11956243406188108,-0.07497223613827156,-0.1625039450072463,-0.09619393831866252,-0.05150103686025545,-0.03556630294571208,-0.011734849482137811,-0.08967629657704834,0.0558753780431791,0.012302491916222352
995.0,-0.07397599136249677,-0.032236884715128256,-0.030544999921211912,-0.02509429026544439,-0.06867692737456599,-0.02914184284195283,-0.09040502323769782,-0.09028889590697572,-0.1475593350409194,-0.07552500784473228,-0.04012289689319475,-0.04630006064963286,-0.037388983930934025,-0.09589004405906841,0.05763073677756968,-0.004588207040564709
996.0,-0.07544482348175639,-0.05921637013144145,-0.03325214598234766,-0.018314845315764796,-0.06798876460247093,0.03269329153675545,-0.05776551628594055,-0.10246067805441297,-0.13068640533115683,-0.029223204612736368,-0.017013230201065595,-0.04858114140684126,-0.07089003068200717,-0.09211868731099446,0.05335837813520406,-0.024427357486679475
997.0,-0.07023427629819329,-0.08608551453657544,-0.03394393169373136,-0.010869081359529855,-0.05701312662988903,0.08981185246531331,-0.02819648672335832,-0.10453993932320729,-0.1077151060313113,0.04373045985246285,0.0211153046378806,-0.03919484784750933,-0.10014304198548492,-0.0777551724083939,0.04395585141190683,-0.040638923981897994
998.0,-0.05707007441705239,-0.10733840482543344,-0.033996207200777534,-0.0052177048043467915,-0.03833481165659621,0.13126778429746497,-0.005693337416106502,-0.09230848984299629,-0.07629984557414136,0.13590523161712642,0.07457687584200735,-0.018701133740837806,-0.11460234215725487,-0.05397695118342259,0.03116260749350201,-0.04697800446940082
999.0,-0.03808921819581979,-0.11780370382694134,-0.03240364638957759,-0.00232224517488507,-0.016886294096268475,0.15205458104897057,0.007810565648235746,-0.06555170580984152,-0.03735245553417898,0.23430468298685267,0.14146468802274184,0.00806985489775425,-0.10971110320698085,-0.023231525156538875,0.018081736516279177,-0.0391291184965701
1000.0,-0.018887041925153558,-0.1139131385499986,-0.02668214488096349,-0.0017233034694761336,0.0019607983880750835,0.15409656796678983,0.012741530373787998,-0.02775198438937635,0.004970199641689138,0.32503923473203966,0.21812285608356163,0.03404342853870761,-0.08742750750426687,0.011376211972259631,0.00821328614597662,-0.016358236417667316
1001.0,-0.00595214861695495,-0.09429961846760301,-0.014767147506671406,-0.002022804225130706,0.0146185153151147,0.14451827601301692,0.012093880799333908,0.01579667068919753,0.0453264675083766,0.3974863453772485,0.2994356691130841,0.05346141975480341,-0.05394465462258278,0.04611113455173679,0.004012773853970568,0.017942477344351875
1002.0,-0.0030149759073832393,-0.06004513457932278,0.00314449781132739,-0.0015733164536686126,0.02079589067246862,0.1325522223776605,0.01045866404869844,0.05995089439591389,0.08023962624887743,0.4459469467068017,0.3790401580089326,0.06462647207361369,-0.016555176439508018,0.07648391874475802,0.006143698661387047,0.05705579569720524
1003.0,-0.008985840984447217,-0.015376728491784432,0.023970188412948373,0.0006540010983770526,0.023208616882531934,0.12603744119217483,0.011775181021755048,0.10033036623206924,0.10983140747935786,0.46869464238524666,0.4493192513681812,0.0700945589078725,0.019015671803403366,0.0978985971542242,0.013309308263093117,0.09256931985070659
1004.0,-0.018553464113284686,0.03127326255653871,0.04288618651487551,0.004525022176605079,0.025596161316719167,0.1284181347881464,0.01706718046914261,0.1330624375859779,0.1369066805696231,0.4664810474212099,0.5017097430098478,0.07438193802789697,0.04986411394250953,0.10709156428098314,0.022539088970566567,0.11652208298935486
1005.0,-0.024949265681837276,0.06752702640696108,0.05555745947062828,0.009060433056886698,0.030521761184553693,0.13747208330596689,0.023697051959033252,0.15518539658172636,0.16399938677950307,0.44245028770597217,0.5281747458018463,0.08098034789761216,0.07547139272553213,0.1034021002096435,0.030573273882685374,0.12384218537856137
1006.0,-0.0236841250483025,0.08016371151153949,0.06001804977869095,0.013380759683768166,0.038340817999084405,0.1470317315142491,0.026374332320327112,0.16605206564853717,0.19026246708798258,0.4027797490034971,0.5234151469990054,0.0908468002657065,0.09636371979132896,0.08908200323855167,0.03607960971309059,0.1142298495482664
1007.0,-0.015192075457758556,0.060560307157960125,0.057282441623555315,0.017371574132147904,0.04752255806700484,0.1512982625528565,0.01951133919238248,0.1682622122295398,0.21036784613171167,0.35561157742642235,0.48635674477899876,0.1030773338315933,0.11295770217184903,0.06863064878566387,0.04070302865383074,0.09218849713208609
1008.0,-0.004553838462377778,0.00959420757143477,0.05051013970487806,0.02135306255723933,0.055550908137891285,0.14878935931063228,0.0006664102052689869,0.1665020643308463,0.21657953770680802,0.307402781670594,0.42021878776426247,0.11649402387156109,0.1252700850623568,0.04740306637378252,0.047222136328230684,0.06473412862319214
1009.0,0.001542698655897051,-0.06137853486497327,0.042963793030675525,0.025055323613335595,0.05975408403090574,0.1428392244150169,-0.026604584769680816,0.16454469647192843,0.20312202118771844,0.25881508644439155,0.33177481622640276,0.13023969081827583,0.13326281363893022,0.029636116833816124,0.055886321048508075,0.03810134154970407
1010.0,-0.0014594183146008795,-0.13424550309946134,0.036007959860007745,0.02712757094205672,0.05825278675137437,0.13845801472990865,-0.05340420455237456,0.16268617832752058,0.17027107349418263,0.20342519004110382,0.2304170732259076,0.14288291166325215,0.13684329686439783,0.016656455010304144,0.06270001892542894,0.01581863287070794
1011.0,-0.013810056824192866,-0.19044612220519938,0.02897770088849239,0.026102324929230425,0.051238348082416174,0.13812005046352585,-0.07032052834288646,0.1579754789017484,0.1255243039462782,0.13088529006045768,0.12679297007385126,0.1514103735157025,0.13527439467565516,0.0069250643920820195,0.0622212213168666,-0.0007244216568847992
1012.0,-0.031548952023500824,-0.21718966162679137,0.0211210052917812,0.022172608625274797,0.04178455668811899,0.13947692902060588,-0.07327694602570271,0.14741359039563956,0.08091302225336387,0.033321862851120834,0.0309551850429206,0.15163174441941193,0.12694930211620953,-0.0014463363656851227,0.05271976046159998,-0.010643267306480995
1013.0,-0.04812099869863057,-0.21134228442921832,0.013560618979654803,0.017872787055302545,0.035067965872199604,0.13649946948538594,-0.0659180804947573,0.13158578670199086,0.0478375842873544,-0.08803033336785056,-0.04909845280370996,0.14013689074354832,0.1104153518686068,-0.007891677625613843,0.03885033982752876,-0.012968206684218407
1014.0,-0.056810994425923175,-0.17928135966959935,0.009134511479450949,0.016515474849331704,0.03584582938336308,0.12328241527524138,-0.05647377531612141,0.11552049311942653,0.03213151458657297,-0.21920932898721054,-0.1077903008863974,0.1166116601224769,0.08639232453114139,-0.009402438393367595,0.029312993201767484,-0.0073506427369437735
1015.0,-0.053580416364075976,-0.13293322298614468,0.01011540140128181,0.019560037454923344,0.045502809147036166,0.09794687692090039,-0.05173427067712467,0.10592002166212224,0.03182085853923458,-0.33545756741104027,-0.14165196575322384,0.08484790482242828,0.05917422426033758,-0.00363668681594412,0.03127453870796805,0.005296380714271692
1016.0,-0.039237325689245414,-0.08476758493079688,0.015782783271806045,0.02516810495365871,0.06070205204620793,0.06416258502803902,-0.05325325377582061,0.1069567870983422,0.038701217562948295,-0.40908975182343643,-0.14929814474729527,0.05147317602556037,0.03547361907202009,0.00778730873619755,0.04565740927250382,0.022918082437054864
1017.0,-0.01958053902082606,-0.04475457385834627,0.021811221899219135,0.028821047041636887,0.07451093236857155,0.029629722127994754,-0.05810323440579027,0.11743948533732979,0.04292808328726439,-0.42028228253419875,-0.13223712695054912,0.023010544042064558,0.02065753804648767,0.018752845191003006,0.0662971489142322,0.042468308864953105
1018.0,-0.0031671247362301327,-0.02005947444253833,0.02202229178737444,0.025309482084974504,0.079086067775322,0.0025691826339746416,-0.06228183055309308,0.13060970275069061,0.03804245811710518,-0.3655397159595717,-0.0960611700883061,0.0031017598140369303,0.015097751579813934,0.02136282025508819,0.08286370836651918,0.05978173207551806
1019.0,0.0023327216370438273,-0.015780542476083827,0.011631041864862912,0.011244962158145046,0.06881593420951615,-0.012022601480654687,-0.0636384306211175,0.1365129575168142,0.023515263581253585,-0.25946916245076584,-0.050620721340425175,-0.008487302768969933,0.013730963493898489,0.010024040164630493,0.08548681753910718,0.07017888204534771
1020.0,-0.006510248612135968,-0.03408858545607602,-0.009767589990784475,-0.012768441933316001,0.04313396471678667,-0.01464817543561412,-0.06231282308088521,0.12616234875316262,0.0036073827162727127,-0.1291579126952563,-0.008177803585924489,-0.014774072864772171,0.009323339971415134,-0.01562576415709737,0.06916500092983861,0.07026309944284312
1021.0,-0.027624276629315173,-0.07145809691940425,-0.037332350565641416,-0.04160565436635749,0.007519485217078742,-0.011070505763549414,-0.058961098587895285,0.095825291512005,-0.01639783809951876,-0.004679081046502901,0.019784325879543176,-0.01932623340002287,-0.002880567137255108,-0.05020814399019061,0.036493636669403945,0.059689088643128836
1022.0,-0.05501243251906362,-0.11716271041160631,-0.0629580331428835,-0.06756930364899773,-0.028616224146731425,-0.009334954855792449,-0.05308940999706741,0.04936346767519181,-0.034372876349591824,0.0893016456034388,0.025437080420320068,-0.024168396394330816,-0.0223313032661521,-0.08442015219556608,-0.0026380913084478614,0.041575768888961334
1023.0,-0.08176456026220853,-0.15580256548280802,-0.0789705716501862,-0.08388300747247562,-0.05625096797996682,-0.014777127671127622,-0.043293704924008324,-0.0026471023879799764,-0.05327376974214806,0.13805997325475758,0.006067558267228562,-0.028698536887062556,-0.043916815861483195,-0.10861126829861678,-0.03491049354976855,0.02144179908682322
1024.0,-0.1022178896643918,-0.17306878614294477,-0.08137136202919948,-0.08745049320228929,-0.07054118777751413,-0.02555405806720536,-0.029035484593099126,-0.04691652707122117,-0.07879240178252794,0.13760169680042894,-0.03606515817065915,-0.03011541830980064,-0.061326943419884934,-0.11678788701352115,-0.049609445037291,0.00511808503764781
1025.0,-0.11259813758039101,-0.16156075192690256,-0.07097138203304988,-0.07932800725602997,-0.07198091125305772,-0.03250808448077211,-0.012245771701351634,-0.07315473306795549,-0.11386547504064683,0.09310066129987564,-0.09513743600720168,-0.02533567797774233,-0.07039134676753483,-0.10884383943143068,-0.04368841840283407,-0.003669116462448534
1026.0,-0.11104857643202233,-0.12362749704529391,-0.052122804108960245,-0.06327222714797077,-0.064927389204725,-0.024804605527989635,0.002751503885697819,-0.07893230085260058,-0.15445881739897002,0.01649812183041192,-0.1635692654728455,-0.01327404487129741,-0.07033943303642555,-0.089636984409515,-0.022885942184692983,-0.004772088926505073
1027.0,-0.09768417494789128,-0.07023928540422814,-0.030168576030319586,-0.0436704857353528,-0.05477372076183251,0.0022784685723518943,0.010933674184951201,-0.07077186771336091,-0.19016077116347582,-0.07588205988726693,-0.23306936146671065,0.0041423860639986975,-0.06310721032465035,-0.06586661952629187,0.001836193014302017,-0.0011969149757204527
1028.0,-0.07465999901609432,-0.016923599905577777,-0.00940175046153641,-0.023890063582475227,-0.04507287971868182,0.043263596781667815,0.008659597958871982,-0.06025548626867735,-0.20905850734626694,-0.16598319358637809,-0.29485323740661445,0.02278586155996122,-0.05223500497838856,-0.04315352569420371,0.02044586974184239,0.002729679305350383
1029.0,-0.04604293197770275,0.021679954421604513,0.007531535963318397,-0.0056286016977562525,-0.035888217883695644,0.08461304350285713,-0.00445340076437241,-0.057486323191140394,-0.20362416714882559,-0.23764476001695878,-0.34055732102906255,0.03801910947200361,-0.04218816986371474,-0.024780114586659022,0.028775544087918846,0.0031011887633975556
1030.0,-0.017102083888126167,0.036746034605578404,0.01950152112956523,0.010626608665903314,-0.024467660833863085,0.11060123984017028,-0.024203975761743345,-0.06652779899898548,-0.1742134131020526,-0.28099091393238684,-0.3645959232266861,0.04599554686485262,-0.037368165979177866,-0.011657302327789635,0.029370754404027772,-0.002979425951477483
1031.0,0.007178714701572515,0.027434394198190437,0.026975080271860397,0.0245614893976946,-0.00797223687286094,0.10909669667363353,-0.04242975438210513,-0.08542116972400883,-0.12826027774184154,-0.29565055911666543,-0.36624898329087957,0.04443142266418576,-0.039886255754761006,-0.002691996073679669,0.028524468818387064,-0.017403841409388887
1032.0,0.023851667215923505,-6.522565687411359e-05,0.03188375174157362,0.035314354215716916,0.013788655710310049,0.07572187039228473,-0.05033523431993758,-0.10906741825297162,-0.0761136716547785,-0.2900601529517007,-0.3492921892303178,0.03357406566340624,-0.04727136078241766,0.0042806349621673,0.032223753973311585,-0.04011442084343835
1033.0,0.03291455577437828,-0.034773116598743395,0.03643820435599926,0.041569357713233696,0.037818222419748644,0.016171001176140943,-0.042777988343648626,-0.1318304581207333,-0.026988436277023884,-0.27599264594110035,-0.31917538478364055,0.017043740724542494,-0.05301991734326921,0.010805989048641601,0.04355925122127149,-0.06719391065875403
1034.0,0.036660653851554835,-0.06359422191035931,0.04139755794842759,0.04219409676998377,0.059797787494758024,-0.05437779692371483,-0.020838620677176845,-0.14890826668553733,0.012477121229039085,-0.2612643710063465,-0.2798707278898209,0.0009743781360110246,-0.050710576558777275,0.01656655006456273,0.062092330029929386,-0.09042904420534624
1035.0,0.03804378506304571,-0.07536414869967398,0.045420587401660724,0.03694146149259067,0.07644520356989415,-0.11558834985985526,0.008623835596989645,-0.1571450091559563,0.03804826396918501,-0.24557518681537857,-0.23259258996825588,-0.009025557090948877,-0.03839139904636225,0.0201110666136035,0.08420595704531017,-0.10032515063079579
1036.0,0.039295040184902486,-0.06574432345547614,0.04645137866189983,0.02698749268360022,0.08652794957727776,-0.14874409116644838,0.03604343232953528,-0.15541213474830434,0.048250230292121436,-0.2222383617583615,-0.1771447864323691,-0.01108308153578279,-0.01937953927410654,0.02108589871422997,0.10385210146533787,-0.09102020470876158
1037.0,0.041210592865746146,-0.03948725937274118,0.043967079696022086,0.014974622919035856,0.09041532708460961,-0.1429342063754469,0.053255176901502055,-0.1442761031051706,0.04514406970556823,-0.18412110096900083,-0.11470515327801838,-0.007711195330530673,0.0008706532771035143,0.021600926308578263,0.11397626714251935,-0.06334423071811685
1038.0,0.04259178244010282,-0.007419444779605531,0.03963248854971038,0.0041576442540514486,0.08900451768590631,-0.09791407561659099,0.056456744923496754,-0.12530087076182234,0.033717626542608244,-0.1296128769334175,-0.04972608903579544,-0.003442205308732747,0.018726688385594416,0.02512180401621475,0.10885749634303202,-0.024122202597486934
1039.0,0.03995394468217569,0.019620708615648488,0.035625999949032164,-0.0030737756622785904,0.08256828438702671,-0.02324697285574249,0.04666544914378221,-0.10074690833096739,0.01943198608545701,-0.06534071602308751,0.010200635854445484,-0.0017676377437559959,0.03392018745637432,0.033805535246617294,0.08652347070226156,0.0168017668000243
1040.0,0.028863649422752623,0.035253687550726845,0.03259347882606592,-0.006364223925026675,0.0700886904923318,0.06459497786256056,0.028168702651204407,-0.0738486138342667,0.005640467667617629,-0.004515666077405129,0.055714169986619336,-0.0038377448399943806,0.04802303267269585,0.0465878584315525,0.049515804398273196,0.049384453058278634
1041.0,0.007260909974859183,0.03851682708471596,0.029238113116089703,-0.007508032926205453,0.04993106158013234,0.1456616993045119,0.0062784930299712325,-0.04887272072037462,-0.00737201439564742,0.038191224033443424,0.07751401540654365,-0.009285482695297765,0.061709484738150217,0.059448611967699384,0.0033570417063067824,0.0653314309631124
1042.0,-0.021644212168230335,0.03237989702700531,0.02357995508429431,-0.009435007448608219,0.021734832746040843,0.20021496815085257,-0.014864142894988386,-0.030195736627696552,-0.02154678283573561,0.05239388541737032,0.06882408167163483,-0.017866238848217583,0.07302847177221729,0.06740573591570083,-0.04590442496743423,0.059969579529175705
1043.0,-0.0498087959749095,0.021451240316475786,0.014621887243787247,-0.014603423335962063,-0.01208126833069214,0.21286238136902136,-0.03357880171925614,-0.020802355729389918,-0.03905086722901468,0.03539890380163722,0.028439260938039553,-0.030293093141012247,0.077775735198303,0.06670171323674316,-0.09319766798050916,0.03416623510332712
1044.0,-0.06818947458774698,0.010033720829282517,0.003221472259993324,-0.02357534507629807,-0.046482275453308936,0.1768753575785052,-0.04986706050731125,-0.021225243088961468,-0.05976725940118566,-0.007018117017833632,-0.036305281367817556,-0.047450565821833025,0.07164673183775867,0.05608971498029706,-0.13425796470857587,-0.005227364391092113
1045.0,-0.07120594091237469,0.0010922778977368321,-0.008220690564911875,-0.03436972760045866,-0.07530470408201169,0.09754123328568605,-0.06317037879565901,-0.02940670436764057,-0.07939407170387995,-0.06100759540621012,-0.10793988895115592,-0.06878832532143421,0.05261703631403069,0.03721511696219064,-0.16462715701301808,-0.04762296879082573
1046.0,-0.05887841209898658,-0.003874684689189103,-0.016908605341650923,-0.042893680552185204,-0.09305394558594425,-0.007461525393011639,-0.07114314114550084,-0.04128928129365197,-0.08983500810649186,-0.10630714570442264,-0.16114010070302953,-0.09160070908591689,0.022081103487346983,0.014498958339483227,-0.17945356220925085,-0.08247551583542394
1047.0,-0.03561312105482004,-0.004503984917811094,-0.020936532043340495,-0.04439186359263586,-0.09638189038239381,-0.11234682162943962,-0.07090664691207622,-0.051811919195714595,-0.08265948365247648,-0.12081534346394492,-0.1705554703499178,-0.11187073178743982,-0.015417762874868624,-0.005446554112827539,-0.1748375676590771,-0.1023716970572669
1048.0,-0.007035273686553021,-0.0013696989156835606,-0.019828449865769676,-0.03539051635995828,-0.08492511933227896,-0.1916103223839491,-0.06165542103815653,-0.056320363092140155,-0.05391444126328311,-0.08838235545541236,-0.1215641458555998,-0.12593188827933796,-0.05332494792228272,-0.01531302716014781,-0.14990743428914025,-0.10462491214831372
1049.0,0.022520937787548448,0.003957862453933939,-0.014091168301723835,-0.015378033943029373,-0.06132772280899369,-0.22901489832402722,-0.04586140817699819,-0.05243532721905196,-0.006805151996924052,-0.007241895122661108,-0.018081873470398066,-0.13200433795360836,-0.08458859882019497,-0.009888268526945262,-0.10823698153946823,-0.09166969769014448
1050.0,0.05037625146023799,0.009133906870194006,-0.004828295147876457,0.012393263469797666,-0.030454399733567127,-0.22246849031738464,-0.027417271874753978,-0.04147301259972553,0.04976581017582167,0.10559728029824716,0.11695045029799629,-0.1308529264181216,-0.10311302657466051,0.010616791722097584,-0.05762378127160479,-0.0700842955639574
1051.0,0.07450043935001852,0.011947212271227633,0.005738136498536415,0.04131343768963973,0.001833301991481193,-0.18247440336154605,-0.008497434045002803,-0.027972028487674522,0.10504265774373606,0.21814694823239822,0.24882076602420033,-0.1249855860000661,-0.10502925023760375,0.039044058206986205,-0.00827815256882119,-0.04808186152172237
1052.0,0.09294067797746386,0.011857473841925311,0.013745204981458233,0.06306807705355458,0.029632017556511143,-0.12610277684534796,0.011695412812188053,-0.01750104303260345,0.14931025712550564,0.29547573232573293,0.3432374781018806,-0.11689634484504759,-0.09011854875598906,0.06352707450539122,0.029484531386639538,-0.03238190140786322
1053.0,0.10452730277267247,0.011820020266303992,0.014700721521305892,0.07029436826922904,0.04762808283983569,-0.07042204049051778,0.035679796614545435,-0.014649916900142031,0.17511231686936055,0.3147110845392104,0.37869029763884093,-0.10788387056350934,-0.06313190722120032,0.07267845178990597,0.04739646941545891,-0.025936921883588454
1054.0,0.11008130663748912,0.019051977551584314,0.006002043130673577,0.05958066208165368,0.052279375133487745,-0.0279912396135985,0.06550553788941361,-0.02194583548971684,0.17854509630924886,0.27522455620286546,0.35366144821761725,-0.09825663675003335,-0.03332162723675082,0.06077872311014542,0.04155946085332823,-0.027433172038039817
1055.0,0.11279663874833457,0.04276695144150111,-0.010856669274467844,0.033469139256058746,0.0436617148198531,-0.004964055711135016,0.10077075911446823,-0.038623706595942386,0.1611413279396437,0.1983723397742074,0.2854573289262022,-0.08818294502209996,-0.010840553734947692,0.03035395946052874,0.014483967552176655,-0.03243655827994518
1056.0,0.11714616698862584,0.08882262351539333,-0.03020930201890615,-3.873810907023479e-05,0.026474845966296554,-0.0013487343984707704,0.13739146618065906,-0.05937914484892135,0.13064588747648892,0.1169024549405712,0.20196384738515777,-0.07804491778718552,-0.00169932145265835,-0.00889040830950759,-0.02483643607425746,-0.03540906346556263
1057.0,0.12662682937092848,0.1543160505788165,-0.04457036487156768,-0.03064978311951047,0.008679246384927973,-0.012734036001140854,0.16785626941226195,-0.07528940380080382,0.09912661149366735,0.06022457838008209,0.13115491056155573,-0.06814341962628385,-0.005238512013728851,-0.04411314791249471,-0.0637297206201739,-0.031937275021191085
1058.0,0.14150068288506532,0.22612990488419274,-0.04807834449451862,-0.04996963265071342,-0.0021212994260755265,-0.03264881954419008,0.18361459925056237,-0.07791934107407322,0.07871891946828265,0.04378006784611893,0.09290175930415759,-0.05841995462258382,-0.016135774070902355,-0.06439434072324611,-0.09056263899658729,-0.02063681099995106
1059.0,0.1580521286280226,0.2852057518729849,-0.038944305483235665,-0.054444004384651364,-0.0025403542407911512,-0.05448667179653683,0.17911202293123937,-0.06406857550902223,0.0768612371471483,0.06694461504947347,0.09495781624336071,-0.04851200241398793,-0.028741246332937544,-0.0645590913536673,-0.09923095749867715,-0.0038384103435930923
1060.0,0.17016430941459168,0.3145196352091352,-0.01949728610731501,-0.045588785476976805,0.005304050019262827,-0.07228340361697885,0.15509018188510076,-0.03713182472005115,0.09330043781554802,0.11770131670884183,0.13277716914079457,-0.037975385565264606,-0.03974144833357035,-0.046168398563506276,-0.09097789646471983,0.013706403476882819
1061.0,0.17230640958283133,0.3061595590765956,0.005676265244785208,-0.027896089971152924,0.016123085864242596,-0.08086107353139396,0.11851961661958473,-0.00427196619875476,0.12040390978262418,0.1791342209863084,0.1921546744185844,-0.02676093632582299,-0.047489170382196695,-0.015518223065434777,-0.07224653432382723,0.027491634910912614
1062.0,0.1617513502159537,0.2638138705158888,0.0315424082704758,-0.006459302121033153,0.025189074016901087,-0.07640603427781975,0.07922582069463811,0.027188241298761483,0.14649174576645071,0.23444496869217987,0.2538652744689109,-0.015929405274978707,-0.05009525177357014,0.01957618944465775,-0.050143994154028405,0.03534815985906232
1063.0,0.1388508743135977,0.20044905703747523,0.053314236404076946,0.0141366947890061,0.030367330145409415,-0.05763446373008676,0.045877178749386134,0.05148306551982148,0.1602132300219588,0.2703852941522841,0.2992411756063166,-0.0077228762451623835,-0.045356932991052264,0.051927353507886666,-0.028988431878473022,0.037530687020667634
1064.0,0.1064950344629236,0.13333475780291287,0.06695158949134396,0.030076556238326738,0.031737199462484614,-0.02677450372917908,0.02359678487411019,0.06517695105752384,0.1541806301740905,0.2796056079071522,0.3148519196479678,-0.004203729525154164,-0.03289367995195359,0.07556265710697602,-0.00996922973873751,0.0354147372719811
1065.0,0.06998335053394816,0.07842280895837075,0.07028253313288249,0.03876003566389842,0.030301060370519457,0.010430788654081397,0.013461729575195914,0.06806511962482395,0.1272759243926953,0.26112709297165587,0.29461938880101635,-0.005247856686146078,-0.015881171423447853,0.08583303622664629,0.007038117075422311,0.030526907150190016
1066.0,0.036389191567580845,0.04543753775100545,0.06396343519659482,0.0394223023028588,0.027094121646407756,0.045946010024755186,0.013424959234716361,0.06302265237306687,0.08516084126664208,0.21864932998339517,0.2394594220821469,-0.007857081022153769,-2.648847360060797e-05,0.07987274028762385,0.021603220824094747,0.024468007210303972
1067.0,0.012062517268737671,0.03518243166906407,0.05127695810794859,0.03327401015034647,0.02283857826757554,0.0715122721117772,0.02034719399422073,0.054041249894579264,0.03836193799547674,0.1584629378525585,0.15613729173502305,-0.007869824846255851,0.009538834265646359,0.05747748098879523,0.031893254964162156,0.018832278322833847
1068.0,-0.0006984233499314287,0.04014246180059395,0.03660029809458411,0.02284835435757079,0.01786895897047359,0.08092768504095943,0.031847018426519026,0.04391093253088079,-0.0016426059304084453,0.08865043488673037,0.05659494468048265,-0.002783537070471686,0.010734803385116506,0.021826906773644555,0.03499264798796313,0.014523511917023592
1069.0,-0.005008207373297615,0.04799051489845425,0.022981041052965178,0.010725669842309339,0.012146516489675522,0.07201106559428322,0.04618115445945055,0.03337997756860712,-0.026764220009885077,0.01909953727942995,-0.0428275714151859,0.006798519367963289,0.0045954198681674475,-0.020985474825046656,0.02831485092228802,0.010972264836949812
1070.0,-0.007370655324968141,0.04657457262656128,0.010243460340482154,-0.0016859612147329256,0.005209490878677338,0.04787833496880682,0.06059859433365809,0.022087910578537113,-0.03525744573530312,-0.03901804549445821,-0.12392455786609509,0.01805048649360801,-0.006582452884367267,-0.06380931987224873,0.011524666318961175,0.006171933084604876
1071.0,-0.013862620189119358,0.02844751887158465,-0.004508253296885163,-0.014385485895402615,-0.003956236775344827,0.016776212012850497,0.07046461760689346,0.010038847394319117,-0.03185176811644157,-0.07499522509171645,-0.17161857602191188,0.027744502206402635,-0.021162679098247417,-0.10045009603893679,-0.012323133624377113,-0.0021450867288090015
1072.0,-0.027446577883620586,-0.007067353957360755,-0.024168548552628417,-0.027846604004425065,-0.01683118502351577,-0.01070874772066709,0.07015220587105593,-0.0018843257819860658,-0.024965739367819807,-0.08157085278028198,-0.17984731484141947,0.033388767937139616,-0.03880639021220352,-0.1269208443811283,-0.03750178217193235,-0.01496648833110458
1073.0,-0.04772763569058159,-0.05479370374784273,-0.04921711939828195,-0.04172429366768406,-0.03463860573856395,-0.026655389839686166,0.05506878915504931,-0.012711708343568736,-0.022654383298656267,-0.05809733421775967,-0.15492145824438458,0.03372096169127637,-0.05971199866251204,-0.14214361670445827,-0.05779723558562482,-0.031150314858536404
1074.0,-0.07217019543417148,-0.10634748562546276,-0.07719391166125306,-0.05409742265385622,-0.0570653686491709,-0.02994141632717975,0.02392358376738634,-0.02246602055871481,-0.029352841227453665,-0.012015241813558892,-0.11343349513902287,0.029244439800430448,-0.08306454509117574,-0.14788844199649645,-0.0687148887421929,-0.04764688174128795
1075.0,-0.09743017134642454,-0.1532891589249397,-0.10328290177535926,-0.061789978375354264,-0.08143811844983914,-0.026480959679662894,-0.020042102205193313,-0.03227605807273778,-0.044630014590318436,0.042339017146125146,-0.07537648196123455,0.022425425380797753,-0.10563872854806679,-0.14718938400056042,-0.06877049880255662,-0.06058060571531334
1076.0,-0.1204416678855087,-0.1899786205742703,-0.12136413769597997,-0.061890115769012724,-0.10348572365967532,-0.025653511819574953,-0.0699800903727928,-0.04317519765040337,-0.06425543985287946,0.08698364642889632,-0.05674502869541896,0.0166394444522625,-0.12184011623148308,-0.14188621207273427,-0.05965824695603663,-0.06650096048586064
1077.0,-0.13928403826850125,-0.21490797445519086,-0.1261714297336835,-0.053629035951897705,-0.11939642588100509,-0.03574229281011243,-0.11795480579411839,-0.05446962466225495,-0.08291745279862504,0.10457228494008516,-0.06530754930740351,0.014001522841523081,-0.12595873707767022,-0.13139329181792148,-0.04513637364829351,-0.06314699116519648
1078.0,-0.1535792165315736,-0.22979639542382924,-0.1162864620357812,-0.03903835677258919,-0.12740073102676172,-0.060846570304258725,-0.15734620688608006,-0.06310553286548774,-0.09699202077258175,0.08308987072750186,-0.09973049435212496,0.013577888903603525,-0.11531576024506482,-0.1138124577880577,-0.028852982746931027,-0.049982616307078405
1079.0,-0.16404690828988827,-0.23705421071607458,-0.09566543723276105,-0.021802470509458313,-0.12762226055797427,-0.09922223293298797,-0.18387400892059558,-0.06468656850189593,-0.10574936068070605,0.020546778060500554,-0.15057987572490159,0.01177280887706398,-0.09131952920058573,-0.0882307846380275,-0.012362893910422503,-0.028846667332470377
1080.0,-0.17133963683892392,-0.23689269391276285,-0.0716966556274533,-0.0055956053064731585,-0.12089437066734769,-0.1424143542676332,-0.19487023939850365,-0.05542553220691112,-0.11058690870088249,-0.07146351395312617,-0.20267437907839803,0.00511544356226676,-0.057389503009315626,-0.05627981230809779,0.005060451858299384,-0.004104466897248029
1081.0,-0.1751804684546037,-0.22602888522960546,-0.05102252830163677,0.006714868394891386,-0.10810082811664432,-0.17662349111993247,-0.1879734435999538,-0.03373019532336196,-0.11333203744493336,-0.16812634328857606,-0.23901792715654477,-0.006841505701877777,-0.016629924301417603,-0.022208077197814743,0.0245709965977853,0.018351476990360036
1082.0,-0.17465753209318202,-0.19977603836909055,-0.03673556390788127,0.013254848334153753,-0.09038985858395701,-0.1877385896988019,-0.16175293973504187,-0.0006941903925437776,-0.11494306569713018,-0.2385504497373522,-0.24582078736729693,-0.0211034726998239,0.027797679315015887,0.008235496849471263,0.0455791227363463,0.03314251023295336
1083.0,-0.1690389898831963,-0.15641012236526775,-0.02870293681191466,0.01360436699693207,-0.06939524332677707,-0.16801825988831084,-0.11870975965202663,0.04032301038058829,-0.11499884183596733,-0.2585053784387971,-0.21708416389928295,-0.03311424116155323,0.0708051351649938,0.029752634331156682,0.06518130590586585,0.03778964398178079
1084.0,-0.15809829268130918,-0.0999083447675821,-0.025409514046606678,0.009295385756439383,-0.04716833551551111,-0.12039958048069561,-0.06739095607408382,0.08448986222807277,-0.11172014075931164,-0.22210358623801668,-0.1571002788077877,-0.03874549246262768,0.10515279855785972,0.039624215467520985,0.07931347688435245,0.034135751473157894
1085.0,-0.14213983853562348,-0.03871253474451962,-0.02528527526883793,0.003333400376963573,-0.026295660639444076,-0.05823665353546591,-0.020636153509407763,0.12637373013184236,-0.10248925076888639,-0.14494482211800694,-0.0796904086480198,-0.03534788509571854,0.12358614097489995,0.03877997136560052,0.08437958481536223,0.02763433027330393
1086.0,-0.12208245062331792,0.017941616827820733,-0.027087481108562884,-0.0013538379489270787,-0.009959138833846535,-0.000994935791701817,0.009275985613424019,0.1609705033607758,-0.08488238699036726,-0.056725522574890636,-0.0037532410451098113,-0.02229495574109892,0.12194718767643602,0.031115097215035813,0.07842608795239414,0.02489740949223793
1087.0,-0.09910881252526817,0.06323919169232914,-0.02971531988428915,-0.003277595490854117,-0.0010271858585809619,0.032246961778262036,0.01569200719329096,0.18506028173790282,-0.05766740404314755,0.011836561474828478,0.05354018032148355,-0.001101012878732931,0.10204493296293896,0.021755741539130673,0.061929143202898475,0.03107483982233085
1088.0,-0.07390411528311176,0.09410022598399098,-0.03190329101094507,-0.002361271232448778,-0.00021571202667342794,0.029250896343200678,0.00048757481253736,0.1984005414535609,-0.021135851082123916,0.04054422621626533,0.08267946797116757,0.02526061388085403,0.07294464317805315,0.015517207363089983,0.038494088324110776,0.04809538990681946
1089.0,-0.04661196958922255,0.11080754362093956,-0.032177552986392806,0.0011978901387407976,-0.00476431686579741,-0.011127275611078844,-0.02639910872903761,0.20348107232882687,0.02311061024188884,0.025169380687680834,0.08395835828686653,0.05353852299165987,0.048915103135171105,0.01607223732298527,0.014821820715754877,0.07390383813561256
1090.0,-0.017877453339806313,0.11571079088163405,-0.029102536435678446,0.007803730642609946,-0.009060466656512209,-0.07817389359118515,-0.05094095115304946,0.20336751008170273,0.07263184494044404,-0.02378245006820569,0.06547993885574085,0.0809100523440509,0.04378882644501125,0.025467266245121488,-0.0010588577257296808,0.10282817490291554
1091.0,0.010409637059734038,0.11156867689230487,-0.021646187927204196,0.018186636890886294,-0.007035513343504601,-0.1520252197632148,-0.06121776454392555,0.19933545706397884,0.12502780802353408,-0.08694248997951004,0.03913693214175534,0.10477689893985714,0.06429866939149213,0.0435417155230822,-0.002669421323879252,0.12741758148494153
1092.0,0.036092175654221716,0.10053105713149066,-0.009565758226186336,0.03238135902939568,0.005270854919097058,-0.20909750510573294,-0.05256505043856292,0.1906881746931924,0.1787570973877426,-0.14349079576368673,0.016683621168742443,0.12259761260207336,0.10622855897613283,0.06756440610480968,0.01271710617318166,0.14137130294895514
1093.0,0.058880908601564065,0.08502008249161544,0.00653155762627977,0.049049446785136605,0.028262201379270612,-0.22922512800114747,-0.028060597421331473,0.17695885095607736,0.23250456542793874,-0.1775059893075026,0.006239216170357152,0.13291391008724185,0.15571198788065524,0.092964066629236,0.04318210958665335,0.1419667441484618
1094.0,0.08143843520752983,0.0696556801415954,0.02578091420210844,0.06585029520767895,0.05855897410529295,-0.20247125518996037,0.005724085621917516,0.1601190013263623,0.28266149786645833,-0.1818681865359148,0.00953762848017503,0.13687366534812387,0.1951529977005278,0.11510354991715398,0.08210608038439557,0.1304533795964127
1095.0,0.10783809360518913,0.06123601915112498,0.04770684035348476,0.08048754156901736,0.08975994146011916,-0.1325159638372746,0.04348027146669558,0.1445118095666515,0.32074339299971977,-0.15894602224742205,0.021667300381283883,0.13819271872193975,0.21083955422445613,0.13069390606816586,0.11897978698992973,0.11062651613743077
1096.0,0.14004345458677095,0.06528876556217042,0.07192512697692402,0.09146492128620949,0.1142213826703708,-0.03481131187128813,0.0822112113675278,0.13444778817509193,0.33367857327076655,-0.11802148373283108,0.033983684766114935,0.14088980535401247,0.1984320015463841,0.13795112181279617,0.14173892862322823,0.08714578764726713
1097.0,0.17483552072392763,0.08151821330339376,0.09700841260380293,0.09823507838791615,0.12555831777058782,0.06930535192786101,0.1186962983673124,0.13112962213822396,0.30848564303930004,-0.07107142364176924,0.03836002422112739,0.14639095957798,0.16383920885444261,0.136090146631127,0.14083465550541607,0.06440544454233528
1098.0,0.2036550092220666,0.10252909186291635,0.11969503581755275,0.10103355844534091,0.1207822334637796,0.15965544125891964,0.14738694268280728,0.13091959671805853,0.23943164494575758,-0.029133019242804026,0.030543476542209173,0.1520959327200682,0.1195902495798034,0.12493024117715863,0.11369004879299048,0.045537371855218306
1099.0,0.21593881140286064,0.11769349340333236,0.13533365264403258,0.10025665896211322,0.10093559610363077,0.2228050892722671,0.16181043632485448,0.12626550905462489,0.13311658300091841,3.916954906757495e-05,0.011444149467555575,0.15247307163624274,0.07895074551272778,0.1047049893460275,0.06673714288157573,0.03154588484333001
1100.0,0.2040324424042818,0.11903016315389575,0.13937125948066886,0.09525242733720422,0.07006465363191239,0.25466938602457084,0.15806437234447385,0.10909315207867515,0.007959365404575904,0.013560487811379005,-0.013659945307553009,0.14220302821609992,0.051002320846285046,0.07599573857351535,0.012872345226409412,0.021368172280434333
1101.0,0.16670548468352794,0.10457493655061563,0.12879663564045898,0.08354488970971834,0.033404151679246125,0.25976023929530223,0.13686391431192874,0.0747933182744332,-0.11189320001370943,0.014171285720178674,-0.036991345931350395,0.11936529765540965,0.03879975672624811,0.039931463756001574,-0.03480593812083618,0.012986860838268806
1102.0,0.10948984184425438,0.07797736101547281,0.10269455159094644,0.06187705243511885,-0.0039751563059199,0.24757353778239574,0.10300062530905267,0.02427843853034327,-0.20523724293852022,0.009225757112722107,-0.050357951852787644,0.08643104262814968,0.04006027495729606,-0.001162733620199303,-0.06899894824028237,0.004555839880927219
1103.0,0.042406584838917766,0.046011356962827946,0.06243896199517825,0.02896672630464752,-0.037269790074353784,0.22795205447333747,0.06380895184779484,-0.03684973726264348,-0.2607230416985161,0.007623601028662458,-0.047449543530225076,0.048713033433485126,0.04876886819739747,-0.04290263430271796,-0.08981946243973099,-0.005298344192291341
1104.0,-0.02306645783412433,0.015981704181716586,0.012426167483132447,-0.011912736469597666,-0.06131353710413068,0.2084274779775665,0.028043158293350277,-0.1002364511702242,-0.2787778205405527,0.01594904773810474,-0.026247159191855104,0.01226299358297969,0.057274604410827115,-0.07862169902687594,-0.10137087799354665,-0.017495877225735243
1105.0,-0.07668484757979763,-0.005962286914727157,-0.03934725622350974,-0.05264576470021631,-0.07068690627607684,0.19466416536817346,0.00485519216369312,-0.1558334166746507,-0.2687690439950737,0.03586392535613969,0.009390126792089273,-0.016943181851868494,0.05892962237150978,-0.10069793308913425,-0.10665714252421774,-0.03201782204214213
1106.0,-0.11166043566686436,-0.015594002889246651,-0.08242445830520034,-0.08291838193400859,-0.06123737558995124,0.1916179926401467,0.0019410737925891104,-0.19291950588379106,-0.2440998285190763,0.06407453975840215,0.05032958490684223,-0.03309343905198897,0.05029948185668909,-0.10325238544131463,-0.10492328584755832,-0.04732576474529839
1107.0,-0.12596654196093118,-0.010966993052322469,-0.10676465085738363,-0.09443123756843147,-0.03209838337845536,0.20283281390930846,0.02282261763878372,-0.2029259910944889,-0.21740771497288638,0.09441779146625003,0.08532977671145522,-0.03151489817113314,0.03190425537846336,-0.08461646800410338,-0.09276662992342444,-0.06062296002432117
1108.0,-0.1219867138322666,0.0071931941432813755,-0.10585395707823861,-0.0843921126479264,0.013046466458002942,0.2281082330430078,0.06427226186241866,-0.18343251161611832,-0.19660602908963629,0.12036828807390336,0.10514704533415714,-0.010756378403926013,0.0076724086625033095,-0.04811280250898501,-0.06733515327759776,-0.06893432580148964
1109.0,-0.10465536694299661,0.035037399626556935,-0.07888517911499966,-0.05674457749733329,0.0660345057321175,0.26155995506453134,0.11527314653780688,-0.14076335155405909,-0.1822680777396379,0.13678093859330862,0.10552339031719071,0.025516617399031504,-0.01644544916333088,-0.0012556592710470612,-0.02913618445298006,-0.07036825844766686
1110.0,-0.07916735529588793,0.0655764985105773,-0.03151711961746785,-0.02089990568476953,0.11576147316342181,0.29182421851566526,0.1587781518430177,-0.08919339867709339,-0.16763848092050904,0.1406826529446973,0.08823872459080236,0.06828454502263018,-0.0346334207988716,0.0459499409249765,0.016974537120198384,-0.06515400746746493
1111.0,-0.049355922181648096,0.08987469828036405,0.02536893157533904,0.011441270602472825,0.15100245302345303,0.30498804266838786,0.17662680688578333,-0.04646474947167833,-0.14238672729544763,0.1311632099326362,0.059869704985208314,0.10520046606848586,-0.04342632488045837,0.08350334570175874,0.06265745836281546,-0.05617038772372944
1112.0,-0.017315855587475178,0.0996810695015202,0.07900691213819827,0.030237588215083086,0.16378778381363573,0.2895077071900927,0.15615780090263073,-0.02731575485326356,-0.09879510480331478,0.10875007501187273,0.028324939899120882,0.1243097278289421,-0.0429280604654495,0.10421296247806147,0.09822035449133316,-0.04850633757359103
1113.0,0.015789045729865513,0.09037242229138054,0.11858607802424499,0.030342063080167212,0.15209497156483223,0.241185817522347,0.09553429298916255,-0.03811879949318852,-0.036806476290772557,0.07506940564528955,-0.0007933004050367305,0.11807037085413837,-0.03677276514577007,0.10541918793162967,0.11546423184589953,-0.047636153415912055
1114.0,0.048307234944918044,0.062284983743646015,0.1374446392097489,0.012864258909775755,0.12058049706313877,0.16565374366642344,0.005040869921396425,-0.07520523122985635,0.034778386336700946,0.0328732004272339,-0.025410354220507123,0.08608899841714143,-0.030900832037075367,0.08895281683206953,0.11032932081419537,-0.05666791964194205
1115.0,0.07690771650810872,0.019583760889868,0.13337988196310926,-0.015705668663315648,0.07879969554742795,0.07655682003664668,-0.09640387423147198,-0.1273973145161358,0.10088580260628345,-0.014571870571156756,-0.046045666748313445,0.03532365118317709,-0.03131634451049247,0.060151424792621304,0.08418951574214506,-0.0743169551634062
1116.0,0.09658419725679526,-0.03198686324195502,0.10852051142496193,-0.046179531230932255,0.037593794336850575,-0.010138672918629528,-0.18763727331482002,-0.18109108575981844,0.14479018554101578,-0.06499815884620784,-0.06505305448955638,-0.02251990715270967,-0.04176407606116759,0.026673185131146672,0.0435301940600237,-0.09507466926626333
1117.0,0.10238931866131978,-0.0864228336416652,0.06933492990048296,-0.07003389960163606,0.005257229380018686,-0.08266891148576631,-0.2513166559023855,-0.22513171060078274,0.15296731099615227,-0.11800478552859091,-0.0865616204996421,-0.0752064535573347,-0.0622905708354738,-0.003331487952191146,-0.0015946495923461485,-0.11144610037496333
1118.0,0.09205142046812749,-0.13763206679999718,0.025641110510199135,-0.08214592389338808,-0.014895298824130375,-0.1366561391006612,-0.27787512655908997,-0.25343686644428254,0.11881377125890284,-0.17400737731211072,-0.1154016666413818,-0.11379771398366939,-0.08876752770089819,-0.024045603712961494,-0.04031175118119749,-0.11698564490072945
1119.0,0.0676033671959084,-0.1797255317275352,-0.012303161291176066,-0.08210490400136791,-0.02467797014185216,-0.17316288445141723,-0.26741081514015297,-0.2650733794882365,0.04461517947986817,-0.2320792219594439,-0.1542663310448727,-0.1346884515785041,-0.11365524645047188,-0.03456271549600126,-0.06455127883677286,-0.10882010955086518
1120.0,0.034935497061926446,-0.20781594430362726,-0.03735167627166617,-0.07364352026783783,-0.028887502257524785,-0.19432854581081604,-0.22910359777952716,-0.26258774501544496,-0.05796030982314402,-0.28833015340884627,-0.2008306528284632,-0.1396820954633842,-0.12871354895487733,-0.03899061373180167,-0.07180580843101238,-0.08865482747166671
1121.0,0.0018311471177610786,-0.21889821080754912,-0.04715733948574658,-0.062059955281820685,-0.03184806178949218,-0.20097634024937092,-0.17769448916412803,-0.24971987875298804,-0.1688807285475121,-0.3356934235241746,-0.24700716603865283,-0.13460838044140014,-0.12872370060203792,-0.043241228154788536,-0.06516513292093547,-0.06185922636558101
1122.0,-0.024362800760696274,-0.21291219590179794,-0.043395798214213015,-0.050950496525444616,-0.03475411306592176,-0.1937357539443975,-0.12859004542851762,-0.22971722412415913,-0.2635067916441614,-0.36511084925622167,-0.2808029582257496,-0.12697950087992754,-0.1137592029197458,-0.0506911761637496,-0.05084198074878333,-0.03521628157284611
1123.0,-0.0387593154452162,-0.19388057755165977,-0.030221350872027486,-0.04070568692932227,-0.035774640351903114,-0.17559784558188482,-0.09404840782524727,-0.20487445024185705,-0.31951132391900433,-0.36764801223119453,-0.2898345187052268,-0.12322518343616097,-0.08896641053337286,-0.06030108976678844,-0.03517001560337361,-0.014538321548594392
1124.0,-0.040251638489693466,-0.1699737803757301,-0.01299672194092698,-0.029811364921355152,-0.032635352383618504,-0.15285368746353759,-0.08133731429832267,-0.1769825555863103,-0.32435370900382093,-0.3369503348408835,-0.26538998602895264,-0.12639903513809647,-0.06275385016633063,-0.06841885768738927,-0.02263833426726016,-0.003164607094765351
1125.0,-0.03161330745822693,-0.15121593879228304,0.003105187933206966,-0.017496594711691914,-0.025310512119780956,-0.13299258146951146,-0.09178857942709517,-0.1479377020369151,-0.27932155983954865,-0.2714311134566341,-0.20596434294989963,-0.1352207375986483,-0.04412107924308868,-0.07208702859343151,-0.015282792483058402,-0.001620062491810294
1126.0,-0.018198829548049404,-0.14483678210392772,0.014459097769825666,-0.0054224334043000795,-0.01683165604424928,-0.12063194055147992,-0.11960885616986154,-0.11978529687301667,-0.198434893225451,-0.17560977433297054,-0.11905198003258584,-0.14464982806153248,-0.039343438898835036,-0.07106423148883549,-0.013075147581480213,-0.007973861867283263
1127.0,-0.0058941251966379594,-0.15075840962839743,0.01942548576724395,0.002864305605744786,-0.011925240516662803,-0.11440239204316534,-0.15175514456615133,-0.09400854063940747,-0.10357250826093378,-0.060299183543422105,-0.02009351735400448,-0.14771128193727703,-0.04915676550228774,-0.06758696956655476,-0.014695707895319805,-0.018347294170380623
1128.0,0.0007354983706352199,-0.16096343501772076,0.017881194322431623,0.004218674575440384,-0.014362342270304458,-0.10754651932202948,-0.1714260780085648,-0.07078645220953955,-0.01795464186972786,0.05849219319260978,0.07163807212634571,-0.13826515320952612,-0.06844535050942231,-0.0645789944368006,-0.01822783858486153,-0.027464508504012424
1129.0,-0.0004347936527828283,-0.1638514019242116,0.01074867374877593,-0.0018789583831985608,-0.02451464066912766,-0.0924347563861371,-0.16478404032848148,-0.04923991252262186,0.04043961012542284,0.16221585244131073,0.13862232191189405,-0.11406213343924555,-0.089209417219882,-0.06354479500547985,-0.021727538587421276,-0.029675639127784384
1130.0,-0.008905445427870634,-0.15076527321859087,2.5857013837782326e-05,-0.01277598382698467,-0.0387254741157922,-0.06635059369425421,-0.12720033595598784,-0.02877736722316964,0.06372776503886811,0.23405000851971056,0.16961919855741286,-0.07875124289999991,-0.10503541905501501,-0.0632665912406174,-0.02368888019021472,-0.021044076574080365
1131.0,-0.02219280403161196,-0.12064661995768265,-0.011250352727845053,-0.024061490572145145,-0.05109590606512942,-0.035032850431462,-0.06547535154741757,-0.010397935457705124,0.05527921044569612,0.2639792466670611,0.1618975285904301,-0.0414634456647638,-0.11403368600980056,-0.06023810979780402,-0.023222240736062813,-0.0018221641255307876
1132.0,-0.03677709967722374,-0.08022214669920884,-0.020135735390564645,-0.03206641354549351,-0.056593515834329686,-0.01136910706832397,0.0049911115559393765,0.003362346562587637,0.026605466374925956,0.2527491528121856,0.12125743351739103,-0.013655936468823952,-0.11851414165108827,-0.05117906072502771,-0.019915832777022857,0.02293529527657614
1133.0,-0.049099805868135386,-0.039998200488206306,-0.025819725926305846,-0.035923463547876705,-0.05360155212652834,-0.008844513512457703,0.06637908001262639,0.010049215549976002,-0.008300891970847527,0.2121766874348258,0.05996260581999833,-0.004506054064962424,-0.12220387553257686,-0.03634933359808834,-0.013801294137731363,0.04565565832448721
1134.0,-0.056761688688866205,-0.009033379859955962,-0.030578822747214324,-0.03766912880297481,-0.0446468849291091,-0.033057634708048365,0.10489834910965842,0.009311625379886621,-0.038254285876404635,0.16057033887743238,-0.006978975890398214,-0.017110419182664663,-0.1272447094355317,-0.020884887303889033,-0.005756387923141621,0.059565949080523664
1135.0,-0.05949354465616279,0.008427159042596612,-0.03825648778914306,-0.04019490761089898,-0.03512611526345309,-0.07713646332381417,0.11503501618989359,0.0037421449886214796,-0.05771061912592145,0.11507765024774926,-0.065985332708896,-0.04718288379492133,-0.13262686408490587,-0.012395217769555917,0.0020701266222589968,0.06076910218599878
1136.0,-0.05889429885466733,0.013428113983729626,-0.05160700362449064,-0.04471471148164997,-0.03081475668323762,-0.1246633674934875,0.10034760359217486,-0.0019573565063670494,-0.06679808182400448,0.08532606117435534,-0.10804416400255874,-0.08454024896966739,-0.13439836125646618,-0.016302420900664315,0.006517273929052989,0.04881135532290677
1137.0,-0.05680152197311292,0.010483981742366892,-0.0705988693071413,-0.04973474682183565,-0.0354887443887818,-0.15834933825976003,0.07062354751888589,-0.0027201396961183824,-0.0691032497655353,0.07219108154287883,-0.12942144653842555,-0.11682456499484888,-0.1275189810939043,-0.032381872046407065,0.004474494071543552,0.026568194023350318
1138.0,-0.05366812459642165,0.004652363738970753,-0.09209748884266171,-0.051940392206264306,-0.049473727485235354,-0.1688574153122786,0.036990501772359775,0.005057344085696733,-0.06815129880830291,0.07177667653420917,-0.1295759383197162,-0.13426733502941104,-0.10897799839297029,-0.054689325106856895,-0.005625444601807283,-0.00031236613044789653
1139.0,-0.04850705289738465,-0.0009011756871594799,-0.11072655078469744,-0.047982888503705405,-0.0691997285041935,-0.15822802095707686,0.008050451036281365,0.022164923336364033,-0.06423863481313251,0.08075775941696507,-0.10811583115554871,-0.1332514624501549,-0.08050781984964878,-0.07444393337074144,-0.02249184593808022,-0.02478150657934467
1140.0,-0.04025431623887865,-0.005370022468392178,-0.12100985506680495,-0.036128683224918606,-0.08805359514121099,-0.1362836566630793,-0.011000206179741125,0.04636404604445836,-0.05352655451835015,0.09870929052675882,-0.0638215947628732,-0.11659378265306453,-0.04840667029969194,-0.08391904682303519,-0.041812507200987815,-0.04053612404438201
1141.0,-0.0288513898831149,-0.008859936496982787,-0.11975736857449228,-0.01715754168112851,-0.09868734353198491,-0.11349320035030129,-0.01720689530182519,0.07360923423690358,-0.0299961156000524,0.12608737685060134,0.002715935559115735,-0.09068335498235212,-0.019871055947115218,-0.0792352378242748,-0.05769660850794709,-0.04391458002784265
1142.0,-0.015149961204099324,-0.0109068750353187,-0.10690796702508144,0.005867850267904858,-0.09579407659189582,-0.09534546676134084,-0.009279381632751394,0.10000883055079453,0.010967908342277692,0.1598723415456814,0.08446323782215082,-0.061732173660264296,0.0014715096506338185,-0.060881044891308654,-0.06482669506012656,-0.0345717886661178
1143.0,-0.0004443461892630202,-0.010482865467623021,-0.08467768816935703,0.028867538370250197,-0.07805144755357327,-0.0807396575471903,0.011207089813589543,0.12321599921282375,0.06898699652931496,0.19036929694991517,0.1653474445214654,-0.03344958151244162,0.01713899450930648,-0.032439363829321666,-0.06016169762729109,-0.015316633674168901
1144.0,0.013548219649469288,-0.0070271106709541625,-0.056390477631707736,0.04834582947416289,-0.048742708590909456,-0.06418449509415022,0.038563656044746646,0.14238624190650714,0.13637540616462113,0.2023286722544892,0.22334620493139976,-0.006920316211035807,0.03133016280642141,0.001052309505432279,-0.04379613656971427,0.008242964992881787
1145.0,0.024486521042565813,-0.0012019223243596533,-0.025875841453612967,0.06235714490581742,-0.014975309584818746,-0.04017063882823727,0.0639908832746284,0.15709943254555647,0.19881752400248925,0.18121279893638428,0.23949334437671796,0.01803620794058888,0.046674291067715167,0.03415879943344699,-0.018985255638013506,0.028828596208105586
1146.0,0.029530127273778965,0.005409293853182137,0.0027737239496309777,0.07038985077266445,0.014589788505987,-0.007090434930779542,0.07884329333777546,0.1667709809892747,0.24005034012036922,0.12182043240329281,0.20841119550927506,0.04130750367199612,0.06164789070195932,0.061595611045769036,0.008694507760016542,0.040029755159373924
1147.0,0.02590257541452729,0.01159528794707789,0.025605679648116417,0.0727316766202452,0.032941673701785315,0.03166142806977105,0.07817979564184997,0.1714795960879835,0.24859890723423608,0.03422874993060221,0.14349476535483455,0.06161499458995832,0.07150739658232577,0.0788674901665245,0.03316146208889857,0.03928249396337375
1148.0,0.011656564381760387,0.017732807917634263,0.03947518569756509,0.07006157595364812,0.03733533243319625,0.06981671960905313,0.06277176119093175,0.1730341940788562,0.22268729982385915,-0.05716720186937262,0.07240378763234843,0.07646995149789007,0.0717232957522122,0.08325105668257174,0.050206324711482224,0.029182571080871876
1149.0,-0.013429586701004225,0.025652318320043013,0.04269905210838997,0.06331919681896937,0.02996365415261104,0.1017359605711708,0.0388930403264776,0.17451649039145065,0.17076450007764354,-0.12230978567515158,0.02483391939461268,0.0827956886043043,0.06114034211310551,0.07472423437010767,0.05898364562282809,0.015951219124237966
1150.0,-0.04673339414045787,0.037010234681969165,0.03553038810789782,0.05363174804407176,0.016625175728903176,0.12452120492107348,0.01594459556270714,0.17845815448194596,0.10785275879697166,-0.13827950031373826,0.019186348947149053,0.07804553833604383,0.042780445403323014,0.05622496133007387,0.06143719778249392,0.006185768180859442
1151.0,-0.08198769175467008,0.05142457158416313,0.02047229594277746,0.042367625623489766,0.004311782972041505,0.13765923674346936,0.0027113086463956024,0.1852612020246188,0.04998286919188717,-0.09984711598306348,0.054931230465919856,0.061509484087231565,0.022419046416229223,0.03290415467198394,0.0604274523001106,0.004002094568043982
1152.0,-0.11010460186923757,0.06611510339116741,0.0022734762699603926,0.03141320003952151,-0.0012493391065448863,0.14187646122855302,0.004041064418260876,0.1928158328936762,0.009437796746457068,-0.022048468738183488,0.11464157975920833,0.03543761524619348,0.006539443655067499,0.010671468400809974,0.05836763767559261,0.0096926604197607
1153.0,-0.12223028671520356,0.07763477161247023,-0.012829641679749565,0.023408863071903475,0.0026376845174131375,0.13897702802020392,0.01961752567304802,0.19728918934778797,-0.007649171507779732,0.06669558756466454,0.1743966671017835,0.005429706552979105,0.0006885602270160821,-0.005306693727302391,0.05690362783045284,0.020218245960693895
1154.0,-0.11356302267936494,0.08438192305143614,-0.01876400631815005,0.02140301502695331,0.015008322616579138,0.13214428531587857,0.04506498785032259,0.19480823495293573,-0.0015102766007286286,0.13712684949012496,0.21561615074494875,-0.020748997869364554,0.008024979632754597,-0.011938241653452662,0.056852224054606125,0.03134361200784475
1155.0,-0.08535377712166929,0.08835194035720356,-0.01150213795169779,0.027627217404069062,0.03191544231294844,0.1255287204612649,0.07445193740153445,0.1834584015750657,0.022295132522606453,0.1709735980740062,0.23102022918496481,-0.035960864886824206,0.02819434914174415,-0.009321355185379547,0.05811144420759947,0.04020934170930302
1156.0,-0.04374067709470488,0.09560488416952209,0.009640825185353988,0.04191532145146727,0.04804222292459315,0.1232197956301226,0.10296437854006889,0.1645449772668151,0.054916756575662175,0.16695872329231176,0.22313934113405812,-0.036395175651489045,0.057478191024906755,-0.0008096583582615385,0.059966357778630436,0.04667033661058102
1157.0,0.0037251417263343568,0.11465662350220365,0.04151917013495764,0.06094007838631694,0.05843393837167866,0.12792011561646563,0.1283764218832393,0.14217526510448966,0.08778464748205105,0.13903119333171654,0.19923293820472535,-0.0222855263326542,0.09019479555142873,0.008810154881165946,0.061604621484977126,0.05252498943946968
1158.0,0.051431873602602075,0.1520228446956804,0.07753093758348567,0.07912978817847288,0.05984644722765241,0.13896720389916736,0.15024395579639635,0.12130596329465068,0.11689757649057943,0.1076352308565966,0.16666270309814912,0.003251506682715805,0.12018629890870662,0.01618406320283787,0.062193108028414566,0.05938020015998426
1159.0,0.0964847531130684,0.206792090939441,0.10917180992447573,0.09112912458658683,0.05175786060902444,0.15032180989535837,0.16740351765253728,0.10569787658787921,0.14452522298149642,0.08753697262348796,0.12986081994441717,0.03578633779757169,0.14187868482579766,0.021474217353178306,0.060818250733618684,0.06716491228515682
1160.0,0.13675398660124308,0.2682112268449137,0.12882522234402988,0.09457811909114527,0.03698577149310522,0.15100504916613572,0.17615808740661978,0.0971156512417003,0.17610505409565944,0.07870504703922289,0.08902021887109297,0.07074554640867099,0.1512460920433623,0.028718080897271417,0.05722502433472487,0.07454802270380938
1161.0,0.16875369341353347,0.31867715375497124,0.13281253814331515,0.09130561555163683,0.02125595545537774,0.1297202447641015,0.1711919954016396,0.0955329974741309,0.21475384694517966,0.06677471065631754,0.041531010819300176,0.10411873346737548,0.14674720491439278,0.04414376355327202,0.0529502131999524,0.08035880611090337
1162.0,0.18763623973965268,0.34093067664674814,0.1227259018237342,0.0857421500655419,0.01100918410155554,0.08179398099851455,0.14895985423951424,0.09930372904677645,0.2577833555997823,0.03384561717832538,-0.013766568124884795,0.13255498800728951,0.12990265637354484,0.07216041700223631,0.05101910862084025,0.08431113122236196
1163.0,0.1889694167905046,0.3254964987181622,0.10366295230713576,0.08142554072379041,0.010059210534300759,0.013833351428030716,0.1111770220462644,0.10524669784158934,0.2969281405918535,-0.027522099077586293,-0.07226975213799325,0.15290437968128762,0.10520082315234289,0.11041561792566885,0.053512673131255954,0.08659812222748113
1164.0,0.17059710437057163,0.2741611100917272,0.0805721612813215,0.0781452266715424,0.017369884732040753,-0.057763400262417816,0.06559192173296133,0.10935277973485583,0.32120714852563903,-0.10710055784810903,-0.12309125260467335,0.16185607134865299,0.07921892869299711,0.14787691662691205,0.05893300110510403,0.08723181412093199
1165.0,0.1336770773340093,0.19792442542252212,0.0557549778577819,0.07195127525687879,0.02782377432914113,-0.11437778824868268,0.02304839338887409,0.10801510513414196,0.3210077824169737,-0.18164463801332562,-0.153664597807674,0.15641621016319868,0.058963192764287395,0.1690924489211021,0.061986815087947164,0.08583017904219706
1166.0,0.08301402887209917,0.11167590080952698,0.029104894611039874,0.05791187683151511,0.0353289629357902,-0.1441568446323083,-0.007086556049361206,0.09885061247558084,0.29220695937966285,-0.2277897896173765,-0.1565138854258004,0.13526995946601783,0.049442598593860264,0.16257033656339073,0.05631697227572475,0.08156534046115047
1167.0,0.026777917301681827,0.029456208052602472,-0.00010147101809183827,0.0332729337528608,0.03579899377267256,-0.14668208384001283,-0.02001495930273238,0.08066925821152277,0.2385377538912814,-0.23418055182966627,-0.13331048397281464,0.10018522992092516,0.051275302393267205,0.1271785202138046,0.0383437390781606,0.07292868320594598
1168.0,-0.024689743194293547,-0.03786746409272834,-0.03160379089620489,-0.0009823368237737464,0.028292785494307755,-0.13122078451447186,-0.016198520788642718,0.053174332165607935,0.17050309876886616,-0.2055787700225078,-0.09385289034119122,0.05643818856602653,0.060320312089237875,0.07250948835751966,0.009845446333521857,0.05797269854165494
1169.0,-0.060990900827123995,-0.0833831585851457,-0.06311952074338267,-0.04020623669137654,0.014494173476249546,-0.11065417230083854,-0.0007400507416522062,0.0172429964732947,0.10114577742711456,-0.15807082672855566,-0.05148057915374273,0.01181077506131932,0.07025199331823928,0.014282891878439742,-0.022181409249195257,0.03566607656346392
1170.0,-0.07429862578745834,-0.10464699373042877,-0.08983865812017633,-0.07717464135354406,-0.0024875319454562917,-0.09486197333027085,0.017949277961120187,-0.02429631286982835,0.04098853481988871,-0.10994685476489102,-0.01792658539869687,-0.0256078038327536,0.07593844843238153,-0.03183388424855008,-0.04856566350936204,0.007420488863854054
1171.0,-0.06208807138053243,-0.10418665070456587,-0.10531875176721249,-0.10415729657438053,-0.019379454006478527,-0.08697262819122883,0.0305473106181692,-0.06657996002028575,-0.005375528730827542,-0.07412429205703108,0.00024899255462700363,-0.04999753961221962,0.07488364800194294,-0.05558537539026192,-0.06255305719179424,-0.0228755662666576
1172.0,-0.028961313210911156,-0.0891482993912874,-0.10421434585205056,-0.11561434634566949,-0.03367233449845167,-0.08370602120457862,0.0302564707259012,-0.10407968074304752,-0.039550477951158555,-0.05535344157959986,0.00290357082640579,-0.05952150393175198,0.06670748883695687,-0.0551880437902121,-0.06327585764228497,-0.05050509261483518
1173.0,0.01412277872050378,-0.06876938560710316,-0.08535738280077869,-0.11024047460450388,-0.04372769606382736,-0.07828218853325918,0.016072347833528126,-0.13254131879268333,-0.06662710984514286,-0.05170401276313931,-0.004726138430701867,-0.05611921968690806,0.05237325171735394,-0.036932397461433335,-0.05587927260168449,-0.0716584608317235
1174.0,0.053638503326285364,-0.050142150064649116,-0.0530236616891644,-0.09124826807828167,-0.04816975084974676,-0.06394561871026913,-0.006307768164018408,-0.150156046191213,-0.09144286522418393,-0.05801961084713733,-0.015195699568075484,-0.04353997093796495,0.03390591449052715,-0.011600295038429253,-0.0484145409544867,-0.08397249715111614
1175.0,0.07851529440838881,-0.035532607004922674,-0.015427853471273015,-0.06488428186817614,-0.045602425023411164,-0.037438994293145705,-0.02737831756112546,-0.15775592019255333,-0.1159051233196104,-0.06936350011550085,-0.023344342937787917,-0.025293735462984846,0.01420517492263957,0.010209355770748066,-0.047687851349955124,-0.08635171980891958
1176.0,0.08393846612240338,-0.023904604405616568,0.018713424099216815,-0.038043689296960365,-0.035380772763192736,-0.0016764550018351526,-0.03919115868266493,-0.15825237206983606,-0.13828473835878066,-0.08332927311280147,-0.02968228614299032,-0.0040631078928163675,-0.003376076120792268,0.021583092866698815,-0.05643865022213294,-0.0790656688450819
1177.0,0.07241495751951747,-0.014881625990626113,0.043498876511443976,-0.01606333969610069,-0.01877418951048553,0.034123437734068195,-0.0397595605340026,-0.15510507027149945,-0.154672537037013,-0.10054862883064085,-0.03989382561083303,0.017792073106884045,-0.015568646050100606,0.020601785763175652,-0.07294113610488703,-0.0640872688752587
1178.0,0.05195042207946019,-0.010689386652483505,0.05744225398869207,-0.0015080280982828981,0.0007517770453488459,0.05790697928837037,-0.033736245568028386,-0.15028722591436058,-0.1620910550572705,-0.12296886610274878,-0.06029881344826435,0.038080675224387774,-0.01970244362412922,0.009748930160518648,-0.0925809214157106,-0.04509585464267109
1179.0,0.03218008117249341,-0.014424077349354678,0.06304810616632209,0.0057354110212124165,0.018517119136511995,0.0603783248205075,-0.02934929975783855,-0.1433162593268091,-0.16145609049546344,-0.15031515274474153,-0.09257111757889715,0.0553264451144738,-0.014498820237697293,-0.005634611765983972,-0.11011675578812669,-0.026885763863437846
1180.0,0.019924426222689876,-0.027413556234279556,0.06457182588413883,0.007396575688546639,0.030156642959645943,0.03935902412434043,-0.034061556950746,-0.13218671175136568,-0.15820736661754198,-0.1767739014083073,-0.13148119211515727,0.0690096479544401,-0.0012172354065742386,-0.01933902072423797,-0.12152558278341888,-0.014118000320408232
1181.0,0.01626057854438589,-0.04852922934316369,0.06480935545900468,0.005635825111464994,0.03303777011718126,0.0006477570449508852,-0.051309178232141664,-0.1151310285571298,-0.15990043752982502,-0.19057864854799994,-0.16641567139847008,0.07890516027820856,0.015815312124243384,-0.02671633535753411,-0.12484554028164017,-0.009664412249914576
1182.0,0.016765663400113238,-0.0750889106978184,0.0629723647316182,0.0023215788860334033,0.027308814691600285,-0.044225204659129665,-0.07897845159032237,-0.09164953400821535,-0.1723096031985437,-0.17756900123652153,-0.18481431003614027,0.08425704382370397,0.03023855512944454,-0.026683409716344673,-0.1199354779038116,-0.013443066206944325
1183.0,0.014412706312405764,-0.10368745446181722,0.05549310657570474,-0.0013602548087789479,0.015980897754688844,-0.08189616466820855,-0.10981099883268292,-0.06265863566413442,-0.19679523216200392,-0.12742200785543767,-0.17637221633898956,0.08371784690352042,0.035913350447841295,-0.02161189047021509,-0.10777876052375669,-0.022658216297774803
1184.0,0.0029731160366907607,-0.1305785979567581,0.03935347820731213,-0.005203718972503883,0.0035097004027226115,-0.10168756776250856,-0.13398785023020396,-0.030651032019393277,-0.23050225884487238,-0.039702281208290856,-0.13792021091244006,0.07602826103942908,0.02932902845202892,-0.014932740661024168,-0.09011316241685252,-0.03337975796606791
1185.0,-0.020648086707090535,-0.15215856427077315,0.015209437343987787,-0.01007386557020595,-0.006539604356257438,-0.09943141906597268,-0.1430527256524911,2.4010707399251493e-06,-0.26847424747628273,0.07356646366644816,-0.07697684373852887,0.0607819482577253,0.011214197709694944,-0.00873244741926564,-0.06956117347216224,-0.04235700564900338
1186.0,-0.05548411384973123,-0.16575064983430024,-0.012400007590238295,-0.017560984385883556,-0.013274531165141759,-0.07844871946943381,-0.13328788477876422,0.02351655446285991,-0.30569280851594677,0.19074836464053793,-0.01041680130699589,0.038750520054795574,-0.013400125312430023,-0.0035703184587426956,-0.049925885622883734,-0.047863797938580574
1187.0,-0.09669458050429436,-0.17021315388348954,-0.03764507381669926,-0.028892942871911957,-0.018339574913088443,-0.04650828922178049,-0.10689621890602066,0.0343597311684996,-0.33787464618915214,0.2879150634611394,0.04268494766950558,0.011753971637020643,-0.037011106171311224,5.710939075033421e-05,-0.03581894532044126,-0.049313078714827735
1188.0,-0.13649779083516259,-0.16563870894993685,-0.05607211075021678,-0.04324007781550664,-0.023708128470937895,-0.01075562649044504,-0.07057111397715166,0.029309893208119327,-0.3609319291708999,0.347412507791417,0.07051013292711537,-0.017595345372182464,-0.05272729168518113,0.0009967102440742916,-0.03075939093511734,-0.04641048444602307
1189.0,-0.1658953598181728,-0.15214542405602177,-0.065341581873644,-0.05677135157697553,-0.0291850996754445,0.025580071872988427,-0.0325298094502217,0.008691476973717152,-0.36970959395367725,0.36398554849231496,0.07432548033733456,-0.046204175074891836,-0.05709382039244016,-0.0017662666522592772,-0.0345432221528826,-0.038775351921670906
1190.0,-0.17732603339689915,-0.12902985265806902,-0.06463925354685036,-0.06390783020432127,-0.03195823847380194,0.0628132798454332,0.00026266161712725595,-0.023668780923376813,-0.3573864776929377,0.3457108763063926,0.06661727851927218,-0.07109476703439696,-0.051438928785326084,-0.008314789959697795,-0.042332127914933196,-0.02631180564415769
1191.0,-0.167479937562658,-0.09561059810946271,-0.05427178333551934,-0.06033385898091739,-0.028516387510510652,0.10190307705033468,0.023758394486260936,-0.061372050706228004,-0.31699855009475536,0.3091352078730139,0.06305122275159798,-0.09018821186338777,-0.04133771055684304,-0.017968677322223743,-0.046832318189683635,-0.00996921230639879
1192.0,-0.1387930809522933,-0.05332623859764979,-0.03586797655460354,-0.04567126137894319,-0.017044902040721517,0.1416013458916222,0.037540181832113106,-0.09684519070783335,-0.24492919537992652,0.2711621197897492,0.07405887005222614,-0.10267157345629865,-0.03409768333806622,-0.0295313449088559,-0.04220216914751554,0.0076067433074226525
1193.0,-0.09864755085534994,-0.006938628312588083,-0.012683877907672432,-0.023966645449366712,0.001530574447379539,0.17790992553908733,0.04464016359747608,-0.1230622609733092,-0.14429900319530078,0.24243051397740487,0.1008954692630169,-0.10835143924541321,-0.034888691455504085,-0.040935941982861324,-0.02695575505127616,0.022077187884069982
1194.0,-0.05647664924733309,0.036563987369932355,0.010584686119516682,-0.0017221020598026857,0.0240118759412719,0.2060456442094623,0.049918427980735536,-0.13513308989617734,-0.02600853434501427,0.2254643666078077,0.137065724173149,-0.10623840018365295,-0.04356946058588122,-0.04917967751484489,-0.004262224539397417,0.02867042545457739
1195.0,-0.020170374164353164,0.07031391071548301,0.028898882166132282,0.015175028694340275,0.04589018118316654,0.222860041340399,0.05702651564022248,-0.1311638274029789,0.09328813255868376,0.21653483226502226,0.17282158165071967,-0.09379325749077601,-0.054330375029746816,-0.05145064940090372,0.0197414251295677,0.024437724108246545
1196.0,0.006387688769420551,0.08952277679135714,0.038773951424302094,0.023773180462657344,0.062233854694010785,0.22770226143958439,0.06546819430025468,-0.1124338213166642,0.19536893191797802,0.20792123521946906,0.19931027923078642,-0.06813888379767531,-0.05848173686460755,-0.04664962109075795,0.038249433230974884,0.01003982168329472
1197.0,0.023830191998612364,0.09293674430777284,0.04008713371696793,0.024637229231417448,0.06893073058067303,0.22139342617601332,0.06984270605768829,-0.08325042971267795,0.2653571716101589,0.18948689902542115,0.2102012458984905,-0.028739261646738904,-0.0489070149892011,-0.03574534397940897,0.04623237506911914,-0.01013728082572201
1198.0,0.03617319136026438,0.08370552857867178,0.036525400259133964,0.020849913036217457,0.0643928584705902,0.20445357997684427,0.06224168633459765,-0.05031722056196033,0.29592423951514024,0.15121048115036048,0.20143815080865105,0.020372165079747387,-0.023828981589687763,-0.020848475192132485,0.04268493359472644,-0.029625291407232534
1199.0,0.04836659977238095,0.06821644998361394,0.03385591143311395,0.016215756527000302,0.050649283228871085,0.1764828399218575,0.036846237914823214,-0.021096279152550558,0.28908360073708034,0.08729762836440122,0.17121591241802853,0.07045061130431561,0.012152488935196595,-0.004303587998580074,0.03133209478679015,-0.042687544845814725
1200.0,0.06313902844839442,0.052486229346376215,0.03650097437108817,0.013609089099564674,0.03268198195571667,0.13771712844171852,-0.005842003955665225,-0.0012646826530559577,0.2543742590460084,-0.0004201416213404231,0.12071036471162996,0.1103999860814222,0.05027459386074636,0.011524250210707186,0.018866372416287122,-0.04699262071248523
1201.0,0.07889363527526566,0.038692938017120926,0.04436251404931651,0.014136711994142431,0.01619779319275191,0.09140125365716288,-0.057892147348922646,0.007537873201948845,0.20423494489407387,-0.10209793530045144,0.05450122938774387,0.13069835921455775,0.08166074587072712,0.02417103598781804,0.01186026886654787,-0.04430512798729204
1202.0,0.09038282853348995,0.024832021088130613,0.05218361364619636,0.017174195324744432,0.005215446173672255,0.04436565138400473,-0.1067069416067832,0.008099842875048687,0.1493842441239922,-0.2019569680703226,-0.019472936095611133,0.12691437016555843,0.10049395855256697,0.031065703987387033,0.014266396340926617,-0.03837318058446851
1203.0,0.09196444014207626,0.007511070399926687,0.052232470557600504,0.02101935161435116,0.0008114387950857626,0.004530804767062176,-0.13973568263091724,0.0057264274014528545,0.09682694281019169,-0.2811452188655496,-0.08998601912773359,0.10114574851626988,0.10454282009670593,0.029905168258064847,0.026223659770520963,-0.03154983165055025
1204.0,0.08134685918937504,-0.014559359820301482,0.038855662400897134,0.02393639742750384,0.001592648436861591,-0.02304882908097391,-0.14864943727113894,0.0054661337407936154,0.05076542621761893,-0.32121517889147183,-0.14362397432156393,0.06134486580613563,0.09428986902324368,0.019811055934384307,0.04427833301644772,-0.023004091616514864
1205.0,0.061492716449641174,-0.03872308158713646,0.012299047233540743,0.02509118812869879,0.005423797195198607,-0.03816492244864926,-0.13189302945836273,0.01027144243309205,0.01465629392365629,-0.30897332725316695,-0.16839237683651986,0.01928866325827298,0.07285927660230623,0.0027304277206347937,0.06321691367239488,-0.010026410805654015
1206.0,0.039584182558891325,-0.05908692112612548,-0.020648900576679955,0.024632694094238284,0.01083443159689625,-0.04393816645762213,-0.09517009909043199,0.020212985315912424,-0.00769428264006251,-0.2421889814112466,-0.15910061170905515,-0.012725677866718764,0.04621165375029963,-0.016373584142188924,0.07854144429488978,0.008700730408098425
1207.0,0.023617896183037362,-0.0692036963870412,-0.05022126385246127,0.0227848687358575,0.016768824277447712,-0.04413058936853986,-0.049175223916956924,0.03205139614938819,-0.013136106705654522,-0.13350931257606252,-0.12116001525166059,-0.02620683860500326,0.02148414377474364,-0.03130876473366589,0.08777471060256506,0.03060858574831128
1208.0,0.018519100081941096,-0.06554322249630937,-0.06932057669091174,0.018892486601665925,0.021420139399612136,-0.04214560083353709,-0.005353849589930869,0.03987764836977494,-0.0015157802398247258,-0.009278954851864444,-0.06948943464504269,-0.020042846176758937,0.003497284971960185,-0.03758295962068793,0.09040476991784395,0.049788271840134166
1209.0,0.023906273770073976,-0.05029960195946508,-0.07683286235772752,0.011626393326078118,0.022106121856575546,-0.04134971487368514,0.027720420168382817,0.03802370853642315,0.02277665102952796,0.09777002767629751,-0.02261582976484282,-0.0010443384543997217,-0.008074951396409721,-0.03468095196574405,0.08765470437743658,0.06044621362774391
1210.0,0.034463018417529266,-0.031383347175847676,-0.07637532271266705,0.00045666854271986923,0.01666788454949984,-0.04446071884719782,0.046092181548976756,0.024992748531678804,0.05138581532927164,0.1594080310111569,0.004554488573103913,0.019299991714825195,-0.0183015131975802,-0.02628807460069533,0.08207978971710012,0.06060521292036442
1211.0,0.042505378782390434,-0.018453183948918404,-0.07261363515917886,-0.012897462894296326,0.004994319880973359,-0.051692309965615045,0.05089978080579728,0.005051405401166456,0.0744683995089272,0.16182648909129518,0.005743561141090883,0.030374666310356655,-0.03296410924421156,-0.018413058959675176,0.07616579248500267,0.05312238835714419
1212.0,0.041649382174859834,-0.017244158627866102,-0.06848303760188645,-0.024581662159263197,-0.010659507214760557,-0.059855729397488934,0.04725024449980462,-0.01425881750069119,0.08400577934016362,0.11038228142172171,-0.01554736797967823,0.027382642652331066,-0.053699445167651565,-0.016584374714689824,0.07060360771191146,0.04340180214786483
1213.0,0.029878909834400384,-0.026227434628493213,-0.06445481935073147,-0.030544300615551717,-0.026677753349749884,-0.06414421240883957,0.04076656083854809,-0.026757020960896143,0.07618515206379382,0.026952677753197832,-0.04886679380418799,0.013012790144133937,-0.07634312419830193,-0.023565726673470695,0.06389177526379371,0.035810609696375846
1214.0,0.01024180944893037,-0.0376749853312753,-0.0591842995814008,-0.028849130068704338,-0.03966491646619977,-0.06156069621475023,0.033494257565723703,-0.03075538237601345,0.05136195037767677,-0.05914726802596603,-0.0822422680553537,-0.004993577739359424,-0.09375148473079502,-0.03838985925305259,0.05355787090219936,0.03140009139753023
1215.0,-0.011281071037310226,-0.04234575208321851,-0.050948753440185124,-0.020608341734099204,-0.0476813503922656,-0.05316056083971907,0.022415696563946753,-0.02889075696086105,0.012163842167190835,-0.12255025757915837,-0.10730317815931982,-0.01877605752870869,-0.10060356198241283,-0.05664989122049607,0.0378520320331444,0.02791356821923511
1216.0,-0.02948226656946125,-0.03529520710273172,-0.0395239547060179,-0.00916055401394426,-0.05064776390747033,-0.04347803202906228,0.002115484507599765,-0.02574393582024978,-0.03815299540022073,-0.15020453506196618,-0.12138081762398013,-0.024722604608175394,-0.09679901814840279,-0.07179663432070453,0.01690408272924914,0.0213924213183717
1217.0,-0.04299724807015129,-0.019442715877918338,-0.02729062510378784,0.001633082186966386,-0.04996240200646854,-0.038005875229703924,-0.030072399639594547,-0.0251039695217452,-0.09563696876157933,-0.1433491484639679,-0.12605097097938806,-0.02485645574204674,-0.0877060749986336,-0.07738098906831968,-0.006860295832806668,0.008529852340472233
1218.0,-0.05460928158791995,-0.00428921389071,-0.01804599652659165,0.009071981190778313,-0.04745813087840444,-0.04037675021270808,-0.07019985884693232,-0.028178743853661804,-0.1542644535937835,-0.11374440241594047,-0.12404188517442352,-0.024963603349503063,-0.0815089160732796,-0.06956124790342515,-0.028808339948032665,-0.010961766451507537
1219.0,-0.06829679524539922,-0.0002383368912585532,-0.014083251487302377,0.012598944791066094,-0.04411005258495116,-0.050372886836656805,-0.10797868438227762,-0.033818894819680805,-0.20507300378207952,-0.0776371229717775,-0.11734128578234808,-0.030987086260206003,-0.08515724420111885,-0.04858017414463116,-0.042892840505886036,-0.03325294580858377
1220.0,-0.08509800890538509,-0.012306418849233572,-0.01438273347589303,0.013419728855720842,-0.03956774814483133,-0.06396054887050485,-0.1308585345304672,-0.04066488174095328,-0.2373959397874579,-0.050320948108621456,-0.10765021498422503,-0.04590433904151776,-0.10078792071719075,-0.018786068632821836,-0.04381991232744164,-0.05160918780629378
1221.0,-0.10098118704254673,-0.037386411885229516,-0.015694621134090002,0.012871829117108003,-0.03306883014178251,-0.07597163290619152,-0.12923768681579362,-0.049131194899702114,-0.24217134120809156,-0.04204971215237249,-0.09741918426097172,-0.06873075834614997,-0.12445918848207298,0.012322269776376403,-0.029943896094395888,-0.05940908217066225
1222.0,-0.1084082626623036,-0.06615497006869392,-0.015110662628812298,0.010880835296078922,-0.024680349937372174,-0.08367924472230186,-0.10020056645123368,-0.06114566643094698,-0.21579685796056536,-0.055518813538901056,-0.08918614016760375,-0.09552175510391694,-0.14822833088950355,0.035978923607423566,-0.004495139456539518,-0.05324469874709525
1223.0,-0.10062027823321933,-0.08744961857108856,-0.011618820761876042,0.005892675656490743,-0.015566423241909263,-0.08811023624131437,-0.04868190717101303,-0.07792670444357151,-0.162337369624352,-0.08574880343870553,-0.08363729683133515,-0.12095329786664874,-0.16445376728778405,0.045087469345810025,0.026097945824151658,-0.034484578689614596
1224.0,-0.075887025002658,-0.09244118161517413,-0.005841407952940957,-0.003618942302298831,-0.0073018096594933395,-0.09203726196294383,0.013727845954347982,-0.09801393372097894,-0.09243553995320229,-0.1228478635699261,-0.07888825541415292,-0.13966392873657874,-0.16948148930478196,0.03731095405127797,0.05508410425436419,-0.008690737098972943
1225.0,-0.039039643510738256,-0.07745096482225702,0.001032778962710773,-0.017239666863210188,-0.001002494896263237,-0.09701022759677658,0.07200946623820166,-0.11739674796931059,-0.019363948412354837,-0.15645937744748398,-0.07222736287583575,-0.1475406037998692,-0.16468008707035117,0.016600864209633474,0.07713188835512651,0.016597691101801034
1226.0,0.0006662225424350083,-0.04501735116530027,0.007817743494624807,-0.031736865450709285,0.0031597294307859278,-0.10222449810269252,0.1127580798276202,-0.13152707593448756,0.04533800514725044,-0.17936008734923517,-0.06276893369450288,-0.14279342380291657,-0.15500357852363797,-0.008087983286044771,0.08861329128944019,0.03456755566218859
1227.0,0.033952647478830096,-0.0025119649514115856,0.013091697974768666,-0.04190559865210046,0.005797758194478268,-0.10542327571044931,0.12938542635934397,-0.13735140823968084,0.09437934325512308,-0.18852164301450708,-0.05246432931577775,-0.1260980591845353,-0.14630949982719693,-0.026577526661399127,0.08760668177399707,0.04109428599123231
1228.0,0.05532980827328712,0.041254713418905437,0.01498741413138486,-0.042728963891906356,0.0076482805119247686,-0.10450430136341966,0.12410744421304878,-0.13386514076038222,0.12494542732819847,-0.18424487271095416,-0.04473051064505331,-0.09977435230614697,-0.14245060472622378,-0.03176917750769396,0.07442727899536528,0.03518163695572033
1229.0,0.06409794202661274,0.07909117771322703,0.01165187401874944,-0.03188694858795755,0.008876592046192252,-0.09893309266436105,0.10500281047009453,-0.12136685685568162,0.137615551718902,-0.16871200490109092,-0.04198078692789058,-0.06695996096130329,-0.1432477870058404,-0.022306714803363735,0.05215840771346929,0.018110551507066832
1230.0,0.06252663110439816,0.10648474206600719,0.0019644791859867923,-0.011574304551823535,0.008754379250991333,-0.09023993120977064,0.08088861648760348,-0.10058481617924625,0.13503299121527876,-0.14448859159221467,-0.04355015462242646,-0.031569459789604924,-0.1445882330510144,-0.0027183915464910344,0.02587619247828852,-0.007584663054195112
1231.0,0.053208495651080975,0.12133118066104454,-0.01402026915133895,0.011544420822366433,0.006066551361020261,-0.08105559132982779,0.058362430405255704,-0.07259782456126705,0.12085189384091638,-0.11372801945383973,-0.045193403864824545,0.001241065891538306,-0.14073857943032958,0.01872006508451777,0.0004032642801256502,-0.03842023821013208
1232.0,0.03780086983918528,0.12341786540645867,-0.034850469637431256,0.028849742671475435,0.00023992007030705734,-0.07327366340157244,0.041911548252673146,-0.039624062752031695,0.09911958573361246,-0.07922068896540331,-0.041004351866199676,0.025129616620734416,-0.12746365136360308,0.03354349428543607,-0.02169880815177086,-0.06986525969420683
1233.0,0.017539815856229466,0.11372560515982905,-0.057486182881394884,0.03356613718463364,-0.007795189718209962,-0.0670806295436776,0.03438944437918501,-0.005691265971687624,0.07403338676965082,-0.04650996553408643,-0.027064370024199084,0.0338814396732586,-0.10441193703097022,0.03641997701184611,-0.04026315571484701,-0.0968316646094192
1234.0,-0.005784842903938537,0.09378143956922151,-0.07724789511317769,0.02355557717443445,-0.016022844332230855,-0.062084154901469936,0.0360793740993014,0.024201401760581772,0.04998541333573496,-0.023976753955702118,-0.004188063582329869,0.02381452334496736,-0.07568152966630674,0.026587949504299248,-0.05580947589255069,-0.114847291926396
1235.0,-0.02950297155215846,0.06597579508078417,-0.08834362999011118,0.0018272443965224074,-0.022535402993612667,-0.05918385230879677,0.04392051643218918,0.04645812336080728,0.03166017761171704,-0.019035805692035043,0.022614659754797907,-0.0037876022694925313,-0.047949807114865926,0.007360493928921352,-0.06738572512307082,-0.12103984614026503
1236.0,-0.05055638871852409,0.03492723841636559,-0.08546972850067704,-0.024942040331829965,-0.026138405614376144,-0.06031563892597915,0.05307812329056756,0.06091105686228911,0.02340626440139035,-0.03260400996114011,0.04756476748505516,-0.041799637330992165,-0.026985314981316667,-0.015187488474712584,-0.07177114983621233,-0.11444157306202349
1237.0,-0.06644879572281248,0.0083483628619587,-0.06632207845324499,-0.04897759736661093,-0.026077263659531454,-0.06581435264552798,0.060238328272904235,0.07073468550736087,0.02753670412240907,-0.05607447917728428,0.06773024681073876,-0.07894282970811119,-0.014670023364885442,-0.033831981258280595,-0.06499497359466265,-0.09581863830841708
1238.0,-0.07604638710717909,-0.004419410215391049,-0.03375828647194412,-0.0642182218109803,-0.0219489541092177,-0.07281490095973087,0.06563313393598773,0.08037434746012898,0.04277657128712915,-0.07348867469457634,0.08433153851946756,-0.10359335922310739,-0.00828666175163265,-0.042253175109675266,-0.04547844578627973,-0.06747498366394243
1239.0,-0.07972812855707485,0.0035377611166111313,0.004188046981676358,-0.06843753624477925,-0.01441601291889435,-0.07731052833608683,0.07151044982102489,0.0928577065718421,0.06443672232416008,-0.06871651767722535,0.1010000680703688,-0.10817441278949369,-0.002564901900764817,-0.037197286288378276,-0.016842447859986592,-0.03342315637235036
1240.0,-0.07878967572923139,0.03198055486142114,0.03736110786065765,-0.063549565296925,-0.005742553159719838,-0.07771886146652827,0.07796315685944745,0.10798183802482451,0.08649914377128612,-0.03460380028057179,0.12025611126752317,-0.09209425829454389,0.006677659028216683,-0.01974518267137199,0.011935113457491087,0.00046306121242130555
1241.0,-0.07444003727539057,0.07152907311599116,0.05828934686684521,-0.05384139291803999,0.0009917287906955983,-0.07557486810068681,0.0799953352989207,0.12254839794398996,0.10442320750239274,0.0212054505351174,0.14062299791747165,-0.061511181825255015,0.02006175791554891,0.00505212725157905,0.03005118545142888,0.027570566261858085
1242.0,-0.06707655254020525,0.10703274848585533,0.06563564849033822,-0.043626712898729096,0.003509382260570368,-0.07273770637753638,0.06919731985033774,0.13275577267509714,0.11707910092222205,0.07831921599892831,0.15635785641003544,-0.026096425953289794,0.03522155527274454,0.029890927636131197,0.0302846895018016,0.04338155461812186
1243.0,-0.05641447681808194,0.12499579202003078,0.06382140958700243,-0.03599858340879686,0.0013285402070806953,-0.06901926929352387,0.03923160189629266,0.13714322529562228,0.12667226067408063,0.11335248042201057,0.1603177836159369,0.005050577852571113,0.04911134849520176,0.047394412715588134,0.012735827113133969,0.04819071133594439
1244.0,-0.042179233779158165,0.12008719396925069,0.059171488825045304,-0.03263943125782744,-0.004367272010451019,-0.06283247230288558,-0.009205754959191547,0.13770416856334441,0.1367570477363034,0.11196862623052274,0.14856768410877197,0.026343211791971424,0.05953675554618551,0.05208066103336792,-0.015174032168107589,0.04714783074076813
1245.0,-0.024348134014050414,0.09658519019892155,0.055697787633198916,-0.03364742147732506,-0.01126729919133511,-0.05295781662795902,-0.06757954540926585,0.13814234811166723,0.14983375770839447,0.07609784672452487,0.12361994854864342,0.036873355659228196,0.06551443156963377,0.04181755377482924,-0.0418672000926087,0.04733458326789927
1246.0,-0.0026385170955720975,0.06468388848773139,0.05377661841497175,-0.037044388525288796,-0.016345071667180834,-0.038789194368682146,-0.12287782441382325,0.14079023102149205,0.16614986642816298,0.022316942606152045,0.09372336191761142,0.03976002316701151,0.0676589864668058,0.018611853185335207,-0.05623150677455381,0.054073801625801964
1247.0,0.023689210986283193,0.0349075138606361,0.05200990935317317,-0.03866675135032118,-0.01649699446083325,-0.01926837675690564,-0.1624512589002961,0.14505309839824565,0.18396775961248207,-0.0268737513208771,0.06866925353581974,0.03989694242102246,0.06872262435612088,-0.011516639312816988,-0.05195604189626474,0.06876608871369405
1248.0,0.05465448775452748,0.014262476188613088,0.049665645812826835,-0.0334193341317382,-0.009763802550475266,0.007491693410887231,-0.17797924139128204,0.14868315361628023,0.20040839285964204,-0.05330822049649842,0.05493142584065156,0.04116045501566213,0.07305034895414297,-0.04003016684735368,-0.029869911150029023,0.08899700308440597
1249.0,0.08754737025469865,0.0054194186746647005,0.04736541225713559,-0.01789827379170422,0.0034533458379292182,0.04270107669912478,-0.1677825103478914,0.1501455586811204,0.2120808103098695,-0.049833937797851204,0.05278367958691539,0.044723394549194634,0.08450515145768817,-0.058648138340881915,0.00274693137282735,0.1099968097826804
1250.0,0.11605933341098991,0.00792130781875916,0.04605653184882349,0.0072554304683634975,0.020184664644057278,0.08447959648935742,-0.13688009738232235,0.1495044310053647,0.21538333446760516,-0.020973780199501295,0.05680346169059282,0.04932031365982615,0.10418221161344864,-0.062084091774019454,0.03538123542108693,0.12602205704919947
1251.0,0.1321372513684213,0.020138914605203426,0.04579408915332698,0.03714148478117329,0.03598378441118611,0.12684897123683753,-0.09433578193054273,0.14755109038264236,0.2067926402146625,0.02188482408904223,0.059691174279357745,0.05286935266959176,0.12952072362031067,-0.04937368868228505,0.05838082281980745,0.13154106050818365
1252.0,0.12985112612786434,0.040705333036283174,0.04547124203986149,0.06467182482086448,0.04685813214961502,0.1613452048325049,-0.049312877336138525,0.14502157416783842,0.1835069710713414,0.06738378664369885,0.05722657584588935,0.054332492826993116,0.15536859367282774,-0.02361806091340358,0.06637048379602635,0.12311186386509643
1253.0,0.10857191535285451,0.06786460898038278,0.04356457933076555,0.08357646109319129,0.05128729559512992,0.18022171874079027,-0.008539207984190146,0.1429922760254476,0.14460100050976302,0.10876578622858718,0.050898535994222234,0.054900914374497886,0.17643309459161316,0.00958557454942402,0.060059088922439864,0.10137628272168607
1254.0,0.07348653509552457,0.09689924625078068,0.039400351571489765,0.09091275449358172,0.051176379433629654,0.17926026403585713,0.023635642521186054,0.14327887467519776,0.09249996003608828,0.14378771159508974,0.04638286124039849,0.05765057941068919,0.1896374557086124,0.04453515680420871,0.04575462791042912,0.07114187355267644
1255.0,0.03384939392165344,0.11868697170088464,0.03412851351860176,0.08798476708911737,0.05062652014209954,0.15889900627596096,0.04398499189067039,0.14719673928729088,0.034104424694045225,0.1712456377952942,0.04924412823074478,0.0654104636336084,0.19479435773039064,0.07700946804513217,0.03231788396934287,0.039041224940759726
1256.0,0.0002978946521725968,0.12235821311677057,0.030403053469011808,0.07911509202060657,0.052967963505461894,0.12363985680963885,0.04999162290944325,0.15327381011936198,-0.019739505924780475,0.18771936620626212,0.060789581075308595,0.07820493359074995,0.1934419881170257,0.10375502416710439,0.02663004216679153,0.01065103268372079
1257.0,-0.01817947431962539,0.10147338216944554,0.030679328359550128,0.06901014141794097,0.05828429694322613,0.08069087655496215,0.040800651060922594,0.15662035651818906,-0.05758535535495983,0.1875315972323467,0.07640532113420166,0.09257090732546071,0.1876894071442006,0.12116665361639944,0.030056553507692044,-0.01095821450034452
1258.0,-0.017291654339766763,0.05976746999791723,0.03553728660960417,0.060409216440487315,0.06325377039732369,0.038828396353629564,0.018753303682160955,0.15140442972683668,-0.07262624031633598,0.16608575126619346,0.08722450555834768,0.1035729461723386,0.18067703753797426,0.12542729092880348,0.03814946033202604,-0.024981286233423303
1259.0,0.0005661543387115911,0.01211449998332622,0.043399890117305544,0.05315027889644156,0.06299045522145551,0.007301990260865456,-0.009422766861309754,0.13439533444253432,-0.06654333020375937,0.12415636208184047,0.08423300137438454,0.10771982207117616,0.17723800580078747,0.11425707140990074,0.04364847072167308,-0.031914433119796
1260.0,0.026864255172138408,-0.020861344299506198,0.05134056287657355,0.04477083725734715,0.05346019812307647,-0.006251051718057106,-0.03297458891447456,0.10651849521111653,-0.04897507272866088,0.07008081225707284,0.06261602643026445,0.10437120764726292,0.18218518313012777,0.0885045916763147,0.04066441263033398,-0.032726888037677565
1261.0,0.05054504402967962,-0.02202829551429816,0.05587130965880442,0.032230858428255224,0.03358957617952522,0.0011396248413290645,-0.04032961267604068,0.07194345337586563,-0.032660855410926726,0.01797168648829243,0.02408106021609506,0.09512682333054288,0.196745459116461,0.052233396647824656,0.027598690393892424,-0.028453126471908965
1262.0,0.06310222655884197,0.014039744428905218,0.05363698721063535,0.013920788191837256,0.0064005949812825065,0.025607256461197606,-0.024606680669660413,0.03640663758381924,-0.0274944111411101,-0.017787471195631264,-0.02407782238575728,0.08240046905261478,0.21640822119892086,0.01147543240489465,0.007441318316473296,-0.02018397862681261
1263.0,0.062110237885286204,0.07806592416116433,0.04266045863264832,-0.009010401859754866,-0.021711396087875756,0.0572649576757913,0.0117279160176927,0.006011085748787746,-0.03716259593998612,-0.029089239162718133,-0.07280611052586419,0.06832040440303634,0.23232812074873316,-0.02726912826600797,-0.01441221830690243,-0.009290767550820405
1264.0,0.05122218175661032,0.1498216810427727,0.023850747277645093,-0.03252396061678459,-0.04354903708667209,0.08418770089856965,0.05663428063465288,-0.013485287774294339,-0.05954862706196789,-0.017817618204409486,-0.11572335305928452,0.05438378975971689,0.2354724942429479,-0.05802261688061653,-0.033157769441992925,0.002354434117911526
1265.0,0.03721342940980552,0.2067162354333411,0.0013362838124128527,-0.0509344358964016,-0.054202259120274356,0.09720285573941417,0.0935765321410202,-0.017482985378737527,-0.08971017228911285,0.005618479434413336,-0.15093906735559462,0.04185978961979918,0.22096618084727337,-0.07614285085158434,-0.046329311013435355,0.012460653848350309
1266.0,0.02613141832683209,0.23245098686589066,-0.019385566871768733,-0.05946337395337905,-0.05304509873747242,0.09271519621969256,0.10911027432544362,-0.0041255175535183436,-0.12354727978796248,0.027965118591156832,-0.17902880017860814,0.03243529823198814,0.1902991928217595,-0.07969052199956964,-0.053794165418982784,0.018876249245190664
1267.0,0.020511624834680334,0.22149961618901354,-0.034484873482505486,-0.0569793988470621,-0.04364720306275674,0.0728483753817474,0.09854182311001003,0.023662939004938398,-0.16000709465884005,0.03973794254935213,-0.19953468990646653,0.028264436790056018,0.15043490696303893,-0.07083104361554385,-0.057085772889587494,0.020353653206784356
1268.0,0.018883779884217418,0.17882462346388414,-0.04361339605352987,-0.04683303417056581,-0.03163475694202878,0.043584667517671226,0.06661371409897263,0.05751058961751509,-0.20006934320052813,0.03943220026437806,-0.20945840153886416,0.031018574564671685,0.11053635262161585,-0.055486482577573173,-0.058713550436600336,0.01703437870174199
1269.0,0.017592168530280772,0.11665340755952058,-0.049146894839063184,-0.03491613230058601,-0.021739669301557376,0.011524044133594513,0.0236415402418004,0.08577856397392766,-0.24314697218658832,0.03343831525964418,-0.20494058308908486,0.04038943673068595,0.0782318891300667,-0.040612526826638726,-0.061072801724112995,0.010512923822150145
1270.0,0.01368823018690749,0.04999992330040913,-0.05374944975987475,-0.026471344100758496,-0.01579506439432613,-0.019150171677263704,-0.019363640243237903,0.09783991101615394,-0.2840809887463159,0.03210621977296165,-0.18426450723865692,0.05318974622056634,0.05731198595637649,-0.030850418569635052,-0.06504850721467713,0.003693750957514741
1271.0,0.007123335467271696,-0.007767169245811185,-0.058177182611870035,-0.023743041551532847,-0.012607556329634572,-0.046837823039729554,-0.053426623230087206,0.0881261808544405,-0.3134055748187104,0.04440066510075036,-0.14932809249117582,0.06407497348562198,0.04745952027121199,-0.026613395998531336,-0.06928054702337968,0.00029265300036735673
1272.0,0.000767291072517863,-0.048102180030128325,-0.06069219132308892,-0.025378224096815408,-0.009418156455047396,-0.06946137036397666,-0.07233835944578407,0.05777423722394993,-0.3209074623605439,0.07345970735415654,-0.1049170392263865,0.06768889428027408,0.04534367436778906,-0.024332261125175503,-0.07089809653560726,0.0033779109587743815
1273.0,-0.0018172784829602222,-0.0687544722110423,-0.058330198010754654,-0.02760852697415171,-0.004122280809965221,-0.08195423387099397,-0.07334616122531673,0.013168634596010748,-0.30057878312946146,0.11418548872866112,-0.05753170490713509,0.06085820153882855,0.046091589739280146,-0.018867124812943472,-0.06765894136065555,0.013198416230666003
1274.0,0.001041084493813008,-0.07392821322379396,-0.049255921466016615,-0.02673363217590388,0.0030319619743768337,-0.0783187639510136,-0.058370578837718845,-0.03734775736898103,-0.2542224197043762,0.15404955461416406,-0.014491677487999137,0.04355907566830475,0.044390118842154026,-0.007261954454317049,-0.060146465662297616,0.02590812355377372
1275.0,0.008145508024814868,-0.07306091143634862,-0.034757496205629936,-0.021542094281303957,0.00974415679296301,-0.05700756362635026,-0.03420191549413631,-0.08627245200007036,-0.19146644392970658,0.17801857369256668,0.018010419174887066,0.01859735770363267,0.03533288491947861,0.008526651438042541,-0.05207599861459714,0.03461199933746491
1276.0,0.01620342628592394,-0.07737510813723407,-0.01934143633818823,-0.013948662979588787,0.0138733382063705,-0.023695445679787958,-0.009889278981815929,-0.12786712698367192,-0.12620104672648302,0.17581701355856047,0.03787898055718919,-0.009147229999603181,0.015998657369724008,0.022239842708451068,-0.04835240783002322,0.03259911097066401
1277.0,0.02154529900850786,-0.09476161359683,-0.008503524852042794,-0.0073707130368231635,0.015449163852203933,0.011877157030919629,0.007966006743666385,-0.15787514223047458,-0.07133609455468126,0.14728569409074038,0.048630215600764456,-0.03364906919237826,-0.012362216302994698,0.027042255628986316,-0.05241892124932991,0.017241553391236106
1278.0,0.02205854142805246,-0.12601518759770466,-0.005768051416014482,-0.004226859946591873,0.016682650084945332,0.04145226898604395,0.018415720998453528,-0.17365376363079724,-0.03410580242808109,0.10253136968330405,0.05780138522122323,-0.04942444262835651,-0.04369707425732952,0.019667430209363478,-0.06424917025028527,-0.007743205336088437
1279.0,0.018245110458409916,-0.1650418088831493,-0.01140124444766239,-0.004499087828367614,0.020096314697323644,0.06089349106280301,0.025294620905201154,-0.17521631909542662,-0.014151565304601725,0.056913963507544706,0.07288655931745244,-0.05382527576486192,-0.0695403436493262,0.002195934911962916,-0.07970837368053123,-0.03363386321599096
1280.0,0.01260093905916366,-0.20243132084265222,-0.0233313046818947,-0.006115702576423785,0.02624363245977832,0.06942004320151049,0.033748271680978825,-0.16604262800923483,-0.005601143148071607,0.024053556597434876,0.09661393057066921,-0.04843481570797804,-0.08286055790662425,-0.019228645871546508,-0.0919750925696884,-0.05116165822236527
1281.0,0.008138028146291594,-0.22979405853065543,-0.0383367183230059,-0.006324271934827185,0.03285280761835939,0.0686657676524942,0.047124339724095424,-0.15234889424595469,-0.0014610733365624474,0.011061747507716022,0.12459623898604817,-0.03825253083115101,-0.08067134079008928,-0.037155476968704124,-0.09456435522436824,-0.05492500118382317
1282.0,0.007427674541091978,-0.24290417127403746,-0.051932643577616545,-0.002794889974461447,0.03636969686673153,0.06299302808334344,0.06538304801323692,-0.1407984310480517,0.0030815818781159687,0.018199692926827986,0.1481465383392655,-0.029018109711842103,-0.0644036191339915,-0.04507290478608177,-0.08398464015963075,-0.04509494182127503
1283.0,0.01215275501769567,-0.24298402381765863,-0.05810785968511408,0.006053337396158847,0.034835529601172616,0.05903175298897274,0.08492196221724772,-0.13583831968114735,0.009875530899104827,0.041586290411592924,0.16090766166360865,-0.02448569048587844,-0.03889742649881872,-0.038606059139613735,-0.060544851021450546,-0.026464146406863873
1284.0,0.02235620250226723,-0.23619477472295458,-0.05107478997655002,0.021192254970452216,0.029641609401429084,0.06242358655556424,0.09962893701795279,-0.13797716838567814,0.018155243147473087,0.07577609428976884,0.1636351678382341,-0.025443649186225173,-0.011421427861596741,-0.016306158531787875,-0.02762953311893353,-0.006276590702796161
1285.0,0.03547785416476609,-0.2316059105227892,-0.02886323770472767,0.042888116363094794,0.024529862259842584,0.07316594456135685,0.10262674778924188,-0.143888571867188,0.024783886942353343,0.11442516043267051,0.1625732065122941,-0.030757134312650525,0.008802733397629438,0.019538823839349014,0.00925757036098091,0.008186063774811344
1286.0,0.04619769888627485,-0.23813288846937822,0.004093566574542921,0.069872462245196,0.022435240189551824,0.08360682124664329,0.08814556383382202,-0.1486566790015597,0.025064218930605075,0.14966354013247013,0.1628477720272345,-0.03913354699952389,0.011900929723846293,0.062424098613468135,0.04285630009278297,0.011731066101752907
1287.0,0.04779607526343355,-0.2613831489801543,0.0380085176096804,0.09829621137424577,0.022534716822659055,0.08170188831903484,0.05352555259138407,-0.14906483052610142,0.01484508172571362,0.1717932446405888,0.16291458975139889,-0.050004892760090056,-0.009157524659738805,0.10228720241125512,0.06454478762355255,0.0025891915035823514
1288.0,0.034753846770510355,-0.3012596326151359,0.062204642620788175,0.12178382883201345,0.0200150377074118,0.05789525663520822,0.0012226811570434845,-0.14533902678831426,-0.006976838403860665,0.17060730614216607,0.15466618872915874,-0.06283905034396915,-0.05443603161537019,0.1279913143541123,0.06641843044251551,-0.017215600647972916
1289.0,0.005679411685767509,-0.35095620119883936,0.07024775526565923,0.1332374377825477,0.009284020691553626,0.011212987971968466,-0.06032995116964405,-0.13985977665903612,-0.036944129450394554,0.13864506776424004,0.1288298963536241,-0.07577527676790798,-0.11583731546881028,0.13133874304812027,0.04542153883466072,-0.042375994066961756
