Time (sec),DMNa,DMNp,SAL,OLF,STR,AUD,VIS,TH,MOp,SSp,SSs,HCa,SUB,CTXsp,BF,HY
0.0,,,,,,,,,,,,,,,,
1.0,,,,,,,,,,,,,,,,
2.0,,,,,,,,,,,,,,,,
3.0,,,,,,,,,,,,,,,,
4.0,,,,,,,,,,,,,,,,
5.0,,,,,,,,,,,,,,,,
6.0,,,,,,,,,,,,,,,,
7.0,,,,,,,,,,,,,,,,
8.0,,,,,,,,,,,,,,,,
9.0,,,,,,,,,,,,,,,,
10.0,,,,,,,,,,,,,,,,
11.0,,,,,,,,,,,,,,,,
12.0,,,,,,,,,,,,,,,,
13.0,,,,,,,,,,,,,,,,
14.0,,,,,,,,,,,,,,,,
15.0,,,,,,,,,,,,,,,,
16.0,,,,,,,,,,,,,,,,
17.0,,,,,,,,,,,,,,,,
18.0,,,,,,,,,,,,,,,,
19.0,,,,,,,,,,,,,,,,
20.0,,,,,,,,,,,,,,,,
21.0,,,,,,,,,,,,,,,,
22.0,,,,,,,,,,,,,,,,
23.0,,,,,,,,,,,,,,,,
24.0,,,,,,,,,,,,,,,,
25.0,,,,,,,,,,,,,,,,
26.0,,,,,,,,,,,,,,,,
27.0,,,,,,,,,,,,,,,,
28.0,,,,,,,,,,,,,,,,
29.0,,,,,,,,,,,,,,,,
30.0,-0.13847130628899704,0.3029337229387694,-0.3745044368061046,-0.2539455984424916,0.00636937978449904,0.1157863360039287,0.3782127422309975,0.10904750483306785,-0.23150839837638124,-0.10944790642653274,0.04180427205334081,0.22172574658352723,0.43076698300733135,-0.08496053634118092,0.28383781616470644,0.020075858028719036
31.0,-0.17870403623766765,0.21087645544851633,-0.3960677576181751,-0.18175607436767371,-0.02047368896447345,0.04746022780324864,0.3863450152544527,0.06871756394001495,-0.2927049546411236,-0.20742079978731864,-0.04407761792089098,0.21847427813517034,0.3695482657926236,-0.037911747175749785,0.24225081643243906,0.03888124292791413
32.0,-0.20122957535725894,0.11110549412955505,-0.4288953417135897,-0.04739545592725677,-0.034182445622786,-0.02467383370745018,0.3946234772764838,0.032916476425581306,-0.30848616937505435,-0.26177616701922807,-0.13247250936147223,0.20717337302173916,0.28660433163326016,0.055139016847505114,0.19001130206004446,0.06552764356729816
33.0,-0.18266999912415338,0.022381580445673437,-0.45043681335348984,0.1656142010277298,-0.022550989750164802,-0.11147123551206199,0.4077433859276988,0.005562659332003705,-0.2617601829083901,-0.2557670097041633,-0.20548911921734136,0.1943080815245946,0.20359788328439127,0.206325124801158,0.14775164289272918,0.09730843755050463
34.0,-0.10861574022937774,-0.03969966911875381,-0.43717843986854066,0.4537984139300134,0.020598542152186,-0.22440896251860662,0.42877309469683383,-0.009589925911736383,-0.14575027508736704,-0.18494804347844032,-0.24400166758619152,0.1841943872527582,0.14454442205216836,0.41141256598450243,0.12984527182071282,0.1292440896423179
35.0,0.01811156796738621,-0.06798664227966018,-0.37343562682190123,0.7844827511684834,0.09194388451275746,-0.3611539031504205,0.45536592965656003,-0.010594115787134487,0.02900333627509194,-0.06119675427841569,-0.23291832366129175,0.1774643070693013,0.12654181232119724,0.6443727684684798,0.13843051037856166,0.15472957959273867
36.0,0.17566659404687265,-0.06566265366398641,-0.25618846868866435,1.0986138764155087,0.17792361389494601,-0.4962744102724761,0.47705024572993815,0.0017611863779164814,0.23282625958338554,0.08897588755288709,-0.168344051320463,0.17310532752898192,0.1540377785248407,0.8618165290738945,0.1635205566125598,0.16719903680087914
37.0,0.33004208086604325,-0.043035077474054995,-0.09469276767187235,1.327119793907153,0.2587379044126118,-0.5872284269118679,0.47720144498564804,0.024637082093253316,0.42366689324964946,0.2328058760223205,-0.06110541354094957,0.17129018966591467,0.21883937242869353,1.0160602868977622,0.18970583962952545,0.1621714282426551
38.0,0.44650471793297003,-0.011368456407353797,0.09173767603382535,1.4139864747241664,0.31567209833460597,-0.5943454940101901,0.4419359599613132,0.05356426205585751,0.5596166872359375,0.34157924902687625,0.06551782133301269,0.17368466442729874,0.3038377645648619,1.0709493375525865,0.20462973001575852,0.1387585085030748
39.0,0.49995056960487827,0.021376799324423167,0.275664040156108,1.3348475412707366,0.33767933478583934,-0.5022588680715478,0.37004171670704356,0.08210595343122361,0.6119087973006384,0.39759259955719456,0.18201603194264898,0.1806593968999691,0.3868161421649265,1.013275795940312,0.20344909868934855,0.10015095449760669
40.0,0.481896891331814,0.05079466488700614,0.42594271139067424,1.1040744401142506,0.32415318413488814,-0.329479070915855,0.27616332327433074,0.10271219042877805,0.5752547659430459,0.3970701117921387,0.26124633228337163,0.18813922768695343,0.4435299469150936,0.8561857213739128,0.1877247483167737,0.05293883642311325
41.0,,,,,,,,,,,,,,,,
42.0,,,,,,,,,,,,,,,,
43.0,,,,,,,,,,,,,,,,
44.0,,,,,,,,,,,,,,,,
45.0,0.09755796132462416,0.1823709976520871,0.2972907201706088,-0.2153668544005958,0.1471596673958414,0.34049307169015663,0.30055446785004575,0.07098843880628629,0.2901536274968321,0.2212809835055774,0.12656608563502392,0.0742526764963231,0.05721311733387772,0.010100359743128463,0.11726249652948646,-0.04204915005268732
46.0,0.16349435023137396,0.2495208085728017,0.2342630631697224,-0.11137835039823535,0.1735775826992994,0.31372998812386704,0.44700605351217426,0.0869880483284313,0.40468142290464965,0.2861578086862045,0.13070419588382481,0.06613513631763737,-0.015109009167660496,0.06624702543426131,0.14922167710462433,-0.00775105991598481
47.0,0.2900668482786015,0.33217558540529524,0.2364417738790926,0.13754804659159744,0.21886398193037968,0.23910994281360906,0.5882030856107966,0.11651405347167038,0.5412494328018916,0.36766610107267506,0.172235377754764,0.0802997425434249,-0.03222715318668813,0.20011467571139607,0.18925225339165053,0.028639739724472153
48.0,0.44290326981887235,0.4124206356661578,0.31120283552011574,0.45944221642717464,0.26481158653210635,0.1335537835529261,0.677576183586084,0.15112100761378938,0.6574852590303248,0.43509709042141465,0.24256221350998378,0.10697192484810761,-0.005516064560470345,0.3656357771320088,0.22256483985020992,0.0515328310542058
49.0,0.5757426833133817,0.46459053156335917,0.4352714813560056,0.7559103284901804,0.2904199131573574,0.022348888724635765,0.6748390841679804,0.17824777540378012,0.7164632386925252,0.46094151666057953,0.3226512894295774,0.1278346782355219,0.03643736296860496,0.5041549329227057,0.23451275478900474,0.05063002053158784
50.0,0.64561775016261,0.4627373197866596,0.5624290444022951,0.9379737518947062,0.279983006886325,-0.06832624377474703,0.5636856536111307,0.18267667996237455,0.6951898350693549,0.42806513474334246,0.38564672470614264,0.12299924881433023,0.06098640431564622,0.5679133600146588,0.2160772597810022,0.02626571641398554
51.0,0.628473170778345,0.39030157055713394,0.6446717167625562,0.9589098471377971,0.23016464762391764,-0.1163646687800457,0.3585868928301468,0.15109863407555385,0.5910255819393194,0.3345768268648564,0.40643553315055886,0.08063153929981638,0.04576805557854584,0.5401097326246824,0.1680464240626811,-0.011322004416657582
52.0,0.5278517918251409,0.2479687689882043,0.6543644516918204,0.8272821460078282,0.15155657591843885,-0.10494137705645833,0.09821533521126287,0.07918963265103009,0.4240130833870582,0.1957783963392646,0.374097075792094,0.0049111849816244404,-0.012118756981452207,0.4386874068310427,0.10081089881939496,-0.04778688608679226
53.0,,,,,,,,,,,,,,,,
54.0,,,,,,,,,,,,,,,,
55.0,,,,,,,,,,,,,,,,
56.0,,,,,,,,,,,,,,,,
57.0,,,,,,,,,,,,,,,,
58.0,,,,,,,,,,,,,,,,
59.0,,,,,,,,,,,,,,,,
60.0,-0.0755045169022356,-0.19516098923957123,-0.2930977407793552,-0.5406860253921867,-0.12436313546288548,0.12788259882775674,-0.5612625658928015,0.10328473984533795,-0.06413361429007755,0.16181716166721857,0.014849800187440167,0.09139389347021874,0.06058343923900535,-0.3238555118777168,-0.14483812946090913,0.04861519665330779
61.0,-0.061020942865114704,-0.06696313767002596,-0.3548693166545849,-0.6123160234325125,-0.13087498407364162,-0.10803297370885938,-0.5402019525208469,0.1633793892633337,-0.0430650315787738,0.19801417066084773,-0.037904271246857905,0.08379156294340698,0.08558015541842724,-0.4294082065338555,-0.1588464682391473,0.00654111549298456
62.0,-0.05420786091250575,0.03597704105930733,-0.37503421070475795,-0.6356123614615177,-0.1348621776743721,-0.3096585688609359,-0.49272632414425543,0.16834760223131098,-0.03461536937816894,0.17718194249552632,-0.10649751588915689,0.047896641854124025,0.07903538254497819,-0.5050636743229042,-0.17562369527659039,-0.047207317567342415
63.0,-0.04994918081433672,0.10164242561848788,-0.3554138459948337,-0.6035135950708195,-0.13517058207438468,-0.42832331801639434,-0.4008350478085219,0.12722195112375628,-0.03184294570138976,0.11510412534911442,-0.1685044676124856,0.001107687459158705,0.05141466437278699,-0.5357460961506322,-0.19052808542379582,-0.0953923673981277
64.0,-0.04067710869208184,0.13200272464581078,-0.301756375659299,-0.5239544828340149,-0.13413479454626756,-0.43728482358149506,-0.2677019311406254,0.06261709000135286,-0.026034569640552233,0.040862831218696286,-0.1980315338585153,-0.03851305613171843,0.01725648858662566,-0.5164014844035321,-0.19975964124602838,-0.12349329851376635
65.0,-0.024151557842915904,0.13633501695884373,-0.2251968057230435,-0.41817382226752947,-0.13729675406330502,-0.3373490760341503,-0.11934117555278095,-0.0012397150314856986,-0.01617692352217854,-0.019061909165412793,-0.1803107841940182,-0.05948594845738482,-0.012786597215427511,-0.45298869265748076,-0.2026208738315926,-0.1252645915121123
66.0,-0.006298507117376487,0.12399621206403381,-0.1428727088788794,-0.3137152519155205,-0.1498514128224783,-0.15689568168577264,0.007562589859705513,-0.04751477787014009,-0.012574904060804642,-0.0516973677041908,-0.12076003914338489,-0.0605125230722078,-0.03555050421266104,-0.3623935764952102,-0.2009028160771822,-0.10450055004919957
67.0,0.002107074679357984,0.10152378212381616,-0.07413604566183934,-0.23389734989899355,-0.17233859143802072,0.05375256734227207,0.08349433018964379,-0.0697969338430104,-0.03086088353045893,-0.05822514068519151,-0.04236797372958932,-0.04862368230487262,-0.05193603485804781,-0.2683285102152866,-0.19653826864364302,-0.07273032138572652
68.0,-0.008814078999934914,0.0730028386488499,-0.03506750107230595,-0.1903322449762885,-0.19986533722005276,0.23387519763583742,0.09905785362349866,-0.0705381592736271,-0.0811743881238106,-0.04844922726298913,0.025197092638707688,-0.03393115437085155,-0.06179341529127921,-0.19445585244290645,-0.19007076048540975,-0.04435771970850236
69.0,-0.04351286879791263,0.04101637819537187,-0.03439037516810254,-0.18250634677953476,-0.2256216829226258,0.32970180806133215,0.06638630518649083,-0.057882637228318046,-0.1603449365387953,-0.03568397251728173,0.05753459097251133,-0.024701941994806256,-0.06365445222854199,-0.15781985387540276,-0.18135330730894453,-0.031568865738095475
70.0,-0.09866965131503394,0.00740946886838482,-0.07036221736559513,-0.2004630002903943,-0.24462324152491133,0.31374985331500455,0.010220748893679285,-0.042203917323153525,-0.2514911539485443,-0.033286641964313995,0.04416031996595837,-0.024655240824541326,-0.05814653630850931,-0.16308315101493373,-0.17133607141200333,-0.040268193867727994
71.0,-0.16291566667215635,-0.025775455373343074,-0.1291791203402026,-0.22642172896794868,-0.2538850623331772,0.1962503480886069,-0.04457032418425296,-0.0318213129525813,-0.3300097771147881,-0.049783353570658995,-0.008071537297404716,-0.03246358479965085,-0.048991324480030816,-0.1988916392358349,-0.1623062691292206,-0.06729275786045684
72.0,-0.21969079661874588,-0.05567883072963087,-0.1885255969098412,-0.23860218180309545,-0.2504474321332035,0.019549678490491745,-0.08231417293255709,-0.02897857248809002,-0.37232655799385983,-0.08325093748372739,-0.0785917921080963,-0.043423032312468045,-0.04048736944178673,-0.24131193575159388,-0.15577378518404383,-0.10036324043789623
73.0,-0.25363602288317105,-0.07910127795596426,-0.22674825719854969,-0.22073449333085282,-0.2313755641204987,-0.16160690666745856,-0.09875039108238325,-0.02918174616744641,-0.36427445858361124,-0.120592958583206,-0.1426715510489411,-0.052664485297365726,-0.03557535116081479,-0.26591885112694613,-0.1503216229368499,-0.12272344237922324
74.0,-0.2571046986964778,-0.09370912111115924,-0.23177637192239414,-0.17167706341194955,-0.1963906946921863,-0.3002691152353838,-0.09666880377707586,-0.024684272754562565,-0.306502314541355,-0.14421111998424976,-0.18142412743595712,-0.057648553328218534,-0.0360590932786811,-0.2607545065448779,-0.141924468790311,-0.12110177568952543
75.0,-0.23250649100057322,-0.09914765288611603,-0.20421400871120898,-0.10656569473848446,-0.15000490503989275,-0.36798582671659774,-0.08065168081924377,-0.00947471371420722,-0.21498862970581298,-0.14166953492167808,-0.18750028835692453,-0.05838977052317254,-0.04309026406727208,-0.23051189829459,-0.1264192428586638,-0.09214271297618755
76.0,-0.18986628415665152,-0.09776162090539643,-0.1548849724177267,-0.04888724870466777,-0.10086733695608421,-0.3570649698953683,-0.056432551205503945,0.017060603675520453,-0.116545458003453,-0.1122971564853553,-0.1656269092177353,-0.05626624100207915,-0.0568704981631288,-0.19097794653155256,-0.10179943483732742,-0.0435631281283757
77.0,-0.1415698114625451,-0.09464769424913168,-0.10023484764440176,-0.01974733718608502,-0.05882513818313101,-0.2796455731957181,-0.03398640972555515,0.049206247818218515,-0.04071300255809817,-0.0677269220862756,-0.12937923636515722,-0.05271370608041306,-0.07575047380647314,-0.1600821764287209,-0.06896317410944044,0.009828556507957288
78.0,-0.09697302516086087,-0.09673092453012641,-0.05768278705232641,-0.02979743874897535,-0.03160562624235804,-0.1655676565189858,-0.028220713377002916,0.0770250311092796,-0.01019190880074798,-0.026697504699307997,-0.09647086950548195,-0.048263431045047746,-0.0952552016131834,-0.15096997992532626,-0.03163878973596456,0.05269970272622522
79.0,-0.06007576363017475,-0.11084149791122418,-0.04088304938994123,-0.07590392136378685,-0.022772710682512583,-0.05681006360084321,-0.053032317766471736,0.0905258018229762,-0.03276966945520929,-0.006979636589100538,-0.08402394130989735,-0.04225178926656187,-0.10880064195131137,-0.1682202913409793,0.003648488925297253,0.07530464399517808
80.0,-0.031501725432025125,-0.14085809103583677,-0.05468852836080849,-0.14247332007399235,-0.031159128181617396,0.004329018447003925,-0.11198539797082509,0.08377750818497617,-0.0981508676608684,-0.01865658722758124,-0.10328531254161889,-0.03352389473435446,-0.11165748692954043,-0.20630021532502787,0.028343028190480214,0.07656555905309295
81.0,-0.012256482221683832,-0.18514950526512722,-0.09166381444620221,-0.20613286218223154,-0.05109558616326206,-0.008797076740974009,-0.19374256953220004,0.05679364567050467,-0.18181670120843765,-0.062139490236616635,-0.15429683020359009,-0.02229043268995449,-0.10657057149811255,-0.2501902971719518,0.034184507284243805,0.06313493918924372
82.0,-0.005595602069640116,-0.23694884126631924,-0.1333703657866069,-0.2426639221977881,-0.07364111923154498,-0.09535997613739919,-0.2769694502270383,0.01433169972860342,-0.25492337295015055,-0.13097572591900503,-0.22444458504223735,-0.012484373744720006,-0.1062618100924185,-0.2796482629333043,0.016079737956117838,0.0455923271514024
83.0,-0.015579913497939676,-0.2883041057383925,-0.15779509568635147,-0.23552075315791718,-0.08938100618738046,-0.2277977191748406,-0.34149039603622255,-0.03703363681956604,-0.2961752362238111,-0.2159933804341763,-0.2944353754900395,-0.012322588325753385,-0.12834141386235406,-0.27786008315669386,-0.025869430920677262,0.03412556309992256
84.0,-0.04373832396731242,-0.3340954193986946,-0.14993836661592105,-0.1830897633215712,-0.09185325392901904,-0.36577268658517936,-0.37707809717294777,-0.0911478120958104,-0.30005561728825125,-0.30729485374683585,-0.34882115719205997,-0.03115379972477579,-0.18374374345389463,-0.2408039297525624,-0.08533774252401442,0.03541039868814595
85.0,-0.08627663358425393,-0.37140735218084503,-0.10905791549583123,-0.09958675021381465,-0.07946888520060273,-0.47461201168507083,-0.3832439434576303,-0.1426720660681263,-0.27658381591966996,-0.39348673594336137,-0.3822284855349381,-0.07377671722373948,-0.26634373406134165,-0.17994420189399124,-0.14963881092610526,0.05087374426283149
86.0,,,,,,,,,,,,,,,,
87.0,,,,,,,,,,,,,,,,
88.0,,,,,,,,,,,,,,,,
89.0,,,,,,,,,,,,,,,,
90.0,-0.17316448004752705,-0.09385955696783313,0.03978231057877673,0.07558236929565289,0.0678437819399735,-0.5546973677303791,-0.11317301855798804,-0.18289800487442115,-0.13427541532004572,-0.2518211914591549,-0.26230947564449614,-0.2624512170835849,-0.2198737864755168,-0.025002283967898248,-0.03221103389075561,0.098845658981893
91.0,-0.1376184751979697,0.058911887484543034,-0.003635037431306797,0.007526489314565244,0.08066178462896531,-0.5780964670805953,-0.06619117767313625,-0.1340777186812309,-0.10134422310051669,-0.09361717533461301,-0.18350556067059035,-0.21884256929187568,-0.09842330590042121,-0.041256745676426516,0.06954329814048762,0.0674590828292319
92.0,-0.09522564296569716,0.1853108125619137,-0.05362429910093526,-0.06548178343788875,0.08277396066201373,-0.6069616938584815,-0.04214049450233109,-0.07969710454005202,-0.06568139873182259,0.06030434016308359,-0.10015531435152399,-0.16058528074769618,-0.002017526092380117,-0.05806217658812894,0.15251153914006715,0.03488163580103358
93.0,-0.05469886982336496,0.2565715520440823,-0.09932061428263901,-0.12147188443936845,0.07634746814382339,-0.6217436958697025,-0.03359563596825495,-0.031216736312071912,-0.03495284839274743,0.18069110792233817,-0.024592019158519853,-0.10410123816157126,0.049791391916550666,-0.06707735062291803,0.20258693108209466,0.012092284833821704
94.0,-0.025121382387393688,0.26160489422612493,-0.13602303839876914,-0.15107440870811287,0.06332670625957192,-0.6012193082707382,-0.0271856292389095,0.002064242987580751,-0.018418262878727946,0.24709973197615157,0.03229183559104308,-0.06218772097019191,0.05660046577408982,-0.0660004413010456,0.21665064101032913,0.004214433984044621
95.0,-0.014106061403718355,0.20851305810079723,-0.16426054479692836,-0.16198636732010438,0.04373994040400321,-0.53053220577482,-0.012302445874724212,0.015335226159594413,-0.02419243046807731,0.25148836243504946,0.06322244126174528,-0.041316128340550325,0.032983857320292936,-0.06162073205910522,0.19850857390272172,0.0077295215147843675
96.0,-0.024452977561293755,0.12010291171659807,-0.1861891830698448,-0.17333229305898296,0.01648975155292624,-0.4067504368132647,0.012412048292220201,0.008970414348124482,-0.057185981818042464,0.19809414971418002,0.06517908997135756,-0.04074635800201945,0.0001723881386327887,-0.06741283553905518,0.15461848716028345,0.012750556010088265
97.0,-0.05127481082189845,0.02601859948499244,-0.20070259988795414,-0.20238633757857116,-0.01767869215907867,-0.23908446960669577,0.04073910642335861,-0.012395154066955318,-0.11668781866557758,0.10061902517252791,0.040334560039820805,-0.05322190739452517,-0.022213127761642137,-0.09435712734579373,0.09299519611472769,0.008947920447362175
98.0,-0.08195809272222444,-0.04645971166084569,-0.20030052356491626,-0.2515403078737258,-0.05409620001927699,-0.045061806916440156,0.06758294696535642,-0.041935631709421196,-0.1935264686468454,-0.02171691243564581,-0.0017975207170878203,-0.06761472140966537,-0.022342121024521613,-0.14027211556581543,0.02404829013136943,-0.008790114860446015
99.0,-0.09886211161983113,-0.08043427670673986,-0.17187763878141857,-0.3038076374341282,-0.08514813114218932,0.1535592835857898,0.09598993303116567,-0.07260788264620431,-0.2683131243919903,-0.14745862685939312,-0.04290786377058992,-0.07287662123610547,0.0008047863436785104,-0.1862491118439902,-0.03951638511733886,-0.03839333528685522
100.0,-0.0830734915277865,-0.0735148518244257,-0.10047913197116805,-0.329608018082791,-0.10294071460681807,0.3349351444029939,0.13532118295371162,-0.09794992792416923,-0.3126856066650381,-0.2549567319286605,-0.058161249814911976,-0.061391762394186054,0.03843998704236273,-0.20372223263970646,-0.08498541482182118,-0.07322566056923113
101.0,-0.018957982982794806,-0.036319054469702836,0.025243454447547272,-0.3015701049997302,-0.10138703334257838,0.4836603587934633,0.19234055009589285,-0.11218509829777773,-0.2959954701852876,-0.3246561013213603,-0.023514887263744583,-0.030449660340942503,0.07689331749376588,-0.1687613899096318,-0.10324842370233342,-0.10686992886716273
102.0,0.09947925326450799,0.014074741288517384,0.2054705738027231,-0.21017498735083545,-0.07754182443489693,0.5959808520570616,0.2632974275827571,-0.11081540810684559,-0.1983001905082676,-0.3430102170306838,0.07407765323253475,0.017540137552480226,0.10443147331190039,-0.07628828757147904,-0.0918701717589948,-0.13577452271063584
103.0,0.2619752981371613,0.06202634217336007,0.4213329611146206,-0.07104252630566006,-0.03289918424322034,0.6758330324998912,0.33353048695873033,-0.09187608825943773,-0.023882903527675636,-0.3066935728815834,0.22869323076829465,0.07487678516964962,0.1161163796389556,0.05437267295104396,-0.05579935625122751,-0.1576248253092497
104.0,0.44022175760211246,0.0976801385790952,0.6332233375726191,0.08146686251329868,0.025756499110022427,0.7226760924937704,0.3839840367831751,-0.057425641258660655,0.19475303697117743,-0.2245701036390621,0.41411654537196463,0.12860948178902204,0.11359409733427756,0.18706815509933322,-0.005010816837845417,-0.16801208314721253
105.0,0.5945406772423545,0.11595913902174138,0.7906939114368291,0.21007526460986847,0.0870969581789015,0.7235179557562154,0.39822892584623626,-0.014539766805713172,0.40640106415074195,-0.11642395225022188,0.5895818511184354,0.16260043191490478,0.10087138897104372,0.284844290979064,0.04936423216785032,-0.15987416704060708
106.0,0.686985244218891,0.1133206672973774,0.851164195761377,0.2898949321990639,0.1381503092036315,0.6593781379775706,0.36537507512844675,0.025855118683279887,0.5589058710009941,-0.00850200301710877,0.7102415876211964,0.16306043276653673,0.08062360322180198,0.3246851594571762,0.0978294639167012,-0.127184075592533
107.0,0.6947900212778716,0.08691070100316942,0.797584554891938,0.31587578159707386,0.16855445875417804,0.5225031079134087,0.2803864821625948,0.05325830175103205,0.616978054580819,0.07383797630153198,0.740129131156148,0.12587223078909954,0.0543636173328677,0.3042647399594161,0.13335158264511665,-0.07017232516254965
108.0,0.6182567799006898,0.03747108368559751,0.6453772194946124,0.3005585151211475,0.1742752841290899,0.3303398941757606,0.1451377453272533,0.06314208782752796,0.5735975271830186,0.11468511639082762,0.6649681595695927,0.0609655693305938,0.025413981254224675,0.23963516925823583,0.1513591043540765,0.001944926715654363
109.0,0.4799233709638251,-0.027226031989200924,0.4357318581041922,0.26506710467910016,0.15885928815540806,0.1251918067422491,-0.029594643884112887,0.060095791461112845,0.4512762517520255,0.11394800950720962,0.49995640451677326,-0.010057045552798358,0.0006256483160086326,0.15684102260420843,0.15015874928005385,0.0728188648713161
110.0,0.31553826703773974,-0.09298171668081946,0.21984571348535498,0.2291070557299655,0.1312917592469803,-0.040455800689987595,-0.22356380427806838,0.05572796467885477,0.2932925218066938,0.08771299564573626,0.28700068863167993,-0.06249430682023211,-0.01209781370917449,0.08222146232469359,0.13175952674940034,0.12447289672245669
111.0,0.1611712538469637,-0.14444360680873952,0.041299318261727704,0.20480004647717537,0.10152089565077999,-0.1245587238520771,-0.4094837390499978,0.06217595315349047,0.14839527523749238,0.060701322873097825,0.07995647092689548,-0.07871771915409503,-0.008909966911443856,0.035098790164667,0.10214579131440216,0.1439970507764396
112.0,0.04236316107563771,-0.17014090438606821,-0.07738755973052489,0.19562031068372518,0.07661890724421687,-0.11205866904068439,-0.5573753619281233,0.0861249967433975,0.05413752803161553,0.053926670432126726,-0.07606216642369246,-0.0542583236071377,0.007655570007746589,0.024094311389227477,0.0702722939958782,0.12907115414319312
113.0,-0.03144639597996932,-0.16304888370388682,-0.13937391248264228,0.198525670576675,0.05980505033225109,-0.02055938739451643,-0.6384510449917313,0.1269768339879664,0.02504941004433964,0.07487865869007602,-0.1604329540862327,0.0025571648832098262,0.03219220687880254,0.04662369208296931,0.04560654211872598,0.08971287621859673
114.0,-0.06735199967794848,-0.11976467820276912,-0.16795925197229186,0.206197273293816,0.05136267480652034,0.1069604940193218,-0.6287654549079619,0.17741268816261063,0.05053909550572752,0.11544186037531975,-0.1803257877017497,0.07469663273010091,0.06118080114679711,0.0906836804823467,0.0346049548803406,0.04405249552578008
115.0,-0.08444473695514092,-0.044169628801447466,-0.19435845379040975,0.20822611867652613,0.04936395526966117,0.22077115357610552,-0.516468853724729,0.22403898854283752,0.10227107292757602,0.15698028140344245,-0.16209603996932104,0.14088373740462912,0.09223420832875774,0.1386099781139986,0.03780082681642273,0.00960938569963294
116.0,-0.1043985713765782,0.046721231838309674,-0.24335161454969012,0.1936555975518037,0.050369244373373416,0.28741672174539257,-0.3122860542960933,0.25013597916927305,0.14668429323393167,0.17951657424863096,-0.1361620598203725,0.1806170061222019,0.11903515159950735,0.17310791944568202,0.049818012692051425,-0.004407042008379452
117.0,-0.14066214628709964,0.12475106509951914,-0.32090727921802265,0.15695409385189432,0.05111557950219482,0.3043295932323466,-0.053114236361047465,0.24238757457949342,0.15788939089254356,0.17162916256960098,-0.1222345612311562,0.18077420953677337,0.13029329048438484,0.18449959326652318,0.06266951633432284,0.0007706988067752497
118.0,-0.1925503784499209,0.16378537018648648,-0.41009429267133723,0.10384141008676274,0.05011387310865793,0.29676802178374295,0.20887571948143524,0.19810758586076227,0.1262403639182187,0.1362335963047376,-0.12236762781221147,0.14153420465290856,0.11664752897206462,0.17510657751431677,0.06989108531439268,0.016438818346904863
119.0,-0.24797024599293863,0.15421913457185427,-0.4798593231176187,0.05020926725026776,0.04745951827145835,0.3008976173244632,0.4245319506407054,0.12761055936063256,0.059018751751351385,0.08853379269283343,-0.12519709751366717,0.07738401787921202,0.0794601917262761,0.15667784457383072,0.06876992181292498,0.031053203733970216
120.0,-0.2922808061933185,0.10780454845621155,-0.5023170631550238,0.012476437467043099,0.04334080725625542,0.3448793583269718,0.5609979527359658,0.05035704376802566,-0.025950281259751785,0.047915487890447736,-0.11652609355105992,0.01163694913910884,0.03284537165076077,0.14166507300342993,0.06015405885704482,0.03429885164925775
121.0,-0.31674011998374363,0.05099864569708797,-0.46791971145446853,-0.004548514665502348,0.03695983095522513,0.43741610557214405,0.6054672001819907,-0.012671624957089199,-0.10920835540174025,0.02941981391079514,-0.08798570811528647,-0.03276921473756401,-0.003447110746353913,0.13371716033227543,0.047023657124241655,0.020200707509741015
122.0,-0.32152632985159746,0.011444303040336078,-0.3901129620764959,-0.013576145270876907,0.026494340662971717,0.567258393404457,0.5617575430571308,-0.046837248558564096,-0.17652811117048137,0.03905747864162705,-0.03934391151117148,-0.04177274535074353,-0.015541388238814954,0.12336590972433487,0.03277279682988236,-0.011006131759593439
123.0,-0.31291789763353145,0.004604113150357261,-0.29788355211857637,-0.03861892077312232,0.009954176357214404,0.7098347075798056,0.44485947531798126,-0.04870468693506851,-0.2209826719995849,0.07352203642254088,0.02404073965888744,-0.014729937764762615,-0.0033557368509913757,0.09281736920836751,0.019712334469482246,-0.05272460194726254
124.0,-0.2979431040287497,0.028348733831167428,-0.22145006308520074,-0.09815865170548037,-0.013079629009422163,0.8327459121285772,0.2796109362806494,-0.02641226826474828,-0.24079963535403962,0.12224727481509058,0.09387069277341026,0.036511433884262284,0.02105327532135956,0.028760055875011646,0.008716279181342153,-0.0937415847489916
125.0,-0.2809910372001466,0.06799619420640035,-0.17962416866173503,-0.1893789393548572,-0.039926379287194703,0.8992697942248924,0.10322299037289825,0.0037676363910909053,-0.2373319981178785,0.1696868276175653,0.15935801453579282,0.09314579182654652,0.04281171880254624,-0.06514782750038348,0.0004124283341612794,-0.1217930807542702
126.0,-0.26429088141232965,0.10556094136607272,-0.1744743274063975,-0.28720922695604845,-0.06548400099293995,0.8780622925527021,-0.037917873026051936,0.023168720809220635,-0.21643747550085884,0.19783927545342617,0.20815478956465125,0.13623871898353865,0.05214324482045866,-0.16631323951362814,-0.003603372217753944,-0.12839804011406508
127.0,-0.2494531778369508,0.12645242885646626,-0.19287540190795746,-0.358785696915434,-0.08462658458274738,0.7597905416115536,-0.10288329083421904,0.017259701393454622,-0.19029926881053436,0.19099812566650332,0.23046756942726668,0.1521795154039774,0.04530429475951473,-0.24346297666913783,-0.0011696133217418182,-0.11301707453452664
128.0,-0.2365467215087756,0.12350641170478768,-0.2120183240783679,-0.3798240260107905,-0.09321541148187851,0.5672493388571321,-0.07398838550241593,-0.01871502344383132,-0.17385719381731632,0.1431710676564393,0.22398992635196685,0.1365782082810551,0.022519559572785557,-0.2706688639247068,0.009104982690094424,-0.08351656772857158
129.0,-0.22197532296139622,0.09936637712945706,-0.20762317075189923,-0.3415583229920314,-0.08706991668440366,0.34737578789808266,0.035293356181219725,-0.07724576942265401,-0.17589063120769122,0.06381136877912744,0.19458045416497,0.09613035551852259,-0.011623120303503152,-0.2362690638108569,0.02705008507156305,-0.05186210877090472
130.0,-0.19955013475531927,0.06473161094569918,-0.16366999009195068,-0.24926349290172986,-0.062258841569391196,0.15019949606744282,0.18761287576564897,-0.1411898149874912,-0.1921047113356238,-0.02413992997698417,0.15130852527831248,0.04656713517765362,-0.04664986876127277,-0.14460092231873786,0.05055550395964968,-0.027777859220568857
131.0,-0.16611709219387863,0.0322126197102578,-0.08026461986821715,-0.11918222441260108,-0.01886408116469616,0.010678922686874637,0.3405173489594714,-0.1910656238851259,-0.2071237935474396,-0.09453400268334824,0.10012826636617386,0.0064632324248248,-0.06841119493788292,-0.013189978796113323,0.07490780850915267,-0.014473557375778358
132.0,-0.12782106373967883,0.010553647770270338,0.023994857241411524,0.02310993662765385,0.03492387304373591,-0.056062269318710924,0.4659155050132684,-0.21334870627223973,-0.20509353785128503,-0.1303208855497684,0.04172342154224125,-0.010196429988548727,-0.06582332821340416,0.13131004081625672,0.09292028764528171,-0.008836601128870655
133.0,-0.10086166645447453,0.0028620847615976265,0.11747652796085443,0.1458494591693351,0.08397967167669798,-0.04914582207375304,0.5570743917593346,-0.20491889758019835,-0.18117998210883074,-0.12995954740273907,-0.02459161023805906,0.0012100981538059356,-0.0372269991542014,0.25750762386322135,0.09802614125448618,-0.0055955548576256935
134.0,-0.1040009569984482,0.00774492429368622,0.1687445258422202,0.21999399624280772,0.1138580068630554,0.023182233254153025,0.6205744908281768,-0.17183540261676655,-0.1445711861417118,-0.10460007374113972,-0.09469654692543786,0.0356753355023954,0.008715333803484162,0.3366707828631524,0.08949976173302356,-0.0020082846234353944
135.0,-0.14688752411700368,0.021074286772211813,0.16198152634469906,0.2318152807202068,0.11899812153509447,0.14257563929648806,0.6643964163942166,-0.12511758168223294,-0.11032304915540364,-0.06905737504047214,-0.15785303463471645,0.08178977107878302,0.057775241347385264,0.3538679273743836,0.07495197182767184,0.0008261851337151661
136.0,-0.22189917486515381,0.03816010809600966,0.10509024959964501,0.19005514842226126,0.10471680953273961,0.2793669473251504,0.6914553204308361,-0.07644869912010985,-0.08693065117495093,-0.032728443152400734,-0.20115616878048292,0.12651642342350367,0.0971793934485067,0.3161137840188796,0.0669163171501306,0.00043742295360819184
137.0,-0.30487097690364906,0.056357846234796186,0.024939893547403044,0.12135774859880079,0.08217625552136099,0.39829682781519105,0.6982832522952345,-0.034418335088996825,-0.06943934586908966,0.004293315213024759,-0.21519122195769053,0.15956850990832352,0.12118711129945613,0.24948279661942957,0.07594975379345813,-0.004059845217010305
138.0,-0.3643848417038159,0.07628224869179889,-0.04683173569970566,0.057576874316544485,0.06100586777507742,0.46816953209128387,0.6768391186638271,-0.0020663739008095617,-0.04232879134839386,0.04812926902726347,-0.19651773642859158,0.17543029268987045,0.13264575822427244,0.18608193529854042,0.10486179295359065,-0.011405612055236094
139.0,-0.3740850995695627,0.10021347214476214,-0.0877492437753927,0.02359237743322611,0.0447403377861578,0.467560718690466,0.6185859472493814,0.022757628973775517,0.0109415997568785,0.10359782502425585,-0.14804844030237588,0.17269805112128347,0.14015992362957463,0.14989104460799987,0.14666784275657738,-0.01966304922676317
140.0,-0.32180496310072537,0.12890441350619103,-0.090088101019981,0.031052081960282436,0.031032979044491843,0.38431662117417,0.5185580839385533,0.04414096136135974,0.09750920014002125,0.16734753891045714,-0.07971070781555104,0.1524506456536735,0.15264941838421892,0.1490397644585235,0.18648206669025555,-0.027662640473711184
141.0,-0.21297291827419618,0.15894094292040153,-0.0576901188996441,0.07788107452110568,0.015167525940375362,0.2129863427786019,0.3776716672438614,0.06397292864496376,0.20841651529261077,0.2261409748490886,-0.00862297490612847,0.11723057339878065,0.1738236514254679,0.1756308365401086,0.20631167657799707,-0.03517748905479347
142.0,-0.06870966381140554,0.18182662312779196,0.0008088951424737905,0.15085922103529653,-0.00582197935715531,-0.04364045551397065,0.20373443606068356,0.0797637051950745,0.31888040792833316,0.26160325863681705,0.04411346606055781,0.07078898118698695,0.19883542393124862,0.21080199408618014,0.19111157114036084,-0.04181364882277671
143.0,0.08059007251011703,0.18495966374808295,0.07682724323766171,0.22932859823566867,-0.030704115565224406,-0.3663936522193492,0.01101118872650307,0.08606513785623174,0.39675208015643776,0.25855284085712205,0.06067274469692184,0.01761398357668486,0.21428585625121396,0.23244321036177906,0.1341368805094524,-0.045871378919121276
144.0,0.20486093416171186,0.1547252281012938,0.16162373421576262,0.2893984184348589,-0.05480880200391121,-0.7120229968155626,-0.1838912513736306,0.07862279758498068,0.41638494522089003,0.21217261877322302,0.034083328224869064,-0.03838172706855799,0.20195342499394628,0.2222848650060094,0.03962961063009006,-0.04513658586720147
145.0,0.2841621572701421,0.08293625651326657,0.242565135582395,0.30926617911466314,-0.07357286628936069,-1.0191618903816233,-0.3691921198270509,0.05863768256539339,0.3713129993805676,0.13131003643753428,-0.028809638960653614,-0.0943839276410429,0.1471391410851746,0.17000491762125233,-0.07811091661942104,-0.039251215269368755
146.0,,,,,,,,,,,,,,,,
147.0,,,,,,,,,,,,,,,,
148.0,,,,,,,,,,,,,,,,
149.0,,,,,,,,,,,,,,,,
150.0,,,,,,,,,,,,,,,,
151.0,,,,,,,,,,,,,,,,
152.0,0.2427902937828862,-0.03886917633164188,0.16859683357294436,-0.014292710776033439,0.06703007193206284,-0.5456198503441123,-0.9362170537928736,0.15823601031792817,0.2506149915179154,0.20061529896990363,0.01872734267354657,-0.08938665088245351,-0.10736887733004172,-0.17453139338960094,-0.04776286575917769,0.059149345221720606
153.0,0.2520276417096074,0.05859582671205876,0.15919667139200633,0.05014197280260906,0.11893049476683258,-0.41376702325783615,-0.7694159581948642,0.16979369520871287,0.36472610308840897,0.28870412749649726,0.1378820041467708,-0.05546221267980472,-0.02652647321550997,-0.06962803457736105,0.057600535933091536,0.06837932625165413
154.0,0.26338570404907535,0.12458171140394987,0.1713781436421542,0.10629037488846715,0.14892873933376372,-0.3232581120582054,-0.5391171276511547,0.15923541617055142,0.4658455384008721,0.35011799476709515,0.24912639011329438,-0.031456064908535294,0.04004778594654744,0.02047287746669087,0.11266452847676794,0.06683704194166566
155.0,0.2844450151471882,0.15688006168305946,0.21064714109195057,0.13082016246549993,0.1507179280321503,-0.24508669382310677,-0.2886325411749356,0.13515118520040015,0.5338041476248298,0.38272336083626657,0.3479553928495575,-0.012894297403526859,0.08624837767329092,0.06859424569468214,0.10623381772680901,0.05852402229179419
156.0,0.32334329253253585,0.1679167455627121,0.2797845458566103,0.11812536046992934,0.13025072733075432,-0.14356997315680986,-0.06875011263202188,0.11245181921895119,0.5528446860973297,0.39060510085292094,0.4344825999718281,0.008111457922031648,0.11548383507164556,0.06685407476118471,0.049522838703988076,0.054161924139773804
157.0,0.3769342533628343,0.17224126940844836,0.37131817598037703,0.08295360163624876,0.10170438312330272,-0.0007275066875483881,0.08284404499427,0.10303248933126698,0.5127002162631207,0.3761723552659241,0.5033870091757626,0.037211291438703525,0.13355783434912724,0.029730803294955997,-0.029589801685387548,0.06651446433550987
158.0,0.42532042525562913,0.17470045720775954,0.46269943561300314,0.052732518050284116,0.07931462206318206,0.1646739717598282,0.15490303125857804,0.10673382111865629,0.4117428953078171,0.3342767254780878,0.5367003462410193,0.07182195511886705,0.14100763052578044,-0.012436536171604833,-0.09823266191805133,0.10263019159035247
159.0,0.44024485332478264,0.16783315484326813,0.5209449302216704,0.05277136656042631,0.0706533545921188,0.2985977335540289,0.16149321595954325,0.10970286187135227,0.26226999568273957,0.2549963517998381,0.5089162861589903,0.09925347716279574,0.13046457292417812,-0.02755890255456124,-0.13097325127904913,0.15704248758696845
160.0,0.4031953015207849,0.14038920624253717,0.5159874644034783,0.09236824422848523,0.07468410965867654,0.339287992493193,0.1311189952786336,0.0926945196284015,0.09254075042503188,0.13458060886708367,0.4033758216200867,0.10273103520115534,0.09198570773752475,0.002593107589673701,-0.1184351086543651,0.21117578725622257
161.0,0.31922443594645183,0.09089019433464017,0.435059225573277,0.16017442821152705,0.08469299261178764,0.2573525488115905,0.09592693894147775,0.04494275962824757,-0.060583770078558426,-0.014866620699767333,0.22825205225130193,0.07311568796053355,0.023253136276639635,0.07357106010968781,-0.06835423884461926,0.2416692697629717
162.0,0.21524337008342223,0.035290338497215384,0.2905538179184671,0.23135122213354886,0.09344927612581037,0.07952585486601074,0.08444563255292149,-0.02622130753776035,-0.16595771242040794,-0.1660158454210755,0.020321195016057246,0.017764644681915784,-0.06291079561745958,0.16183905051379927,0.0006123405758321185,0.23330120696452575
163.0,0.12474372614267412,0.0005926565339424015,0.11698509730576408,0.2802322816349502,0.09647055295599352,-0.12324855487581371,0.11351115928441152,-0.0981920591308324,-0.20985440704106703,-0.28721171632162484,-0.16738316423712749,-0.041189917671192164,-0.14015785210005685,0.23746005276510818,0.06725014596567758,0.1872099256000891
164.0,0.07089242156503225,0.007699224184322955,-0.04316731104325785,0.2892601497975565,0.09142656250473186,-0.2740086632301701,0.17921064224563402,-0.14651462251663924,-0.19899945424487236,-0.3562465915556234,-0.2882292750130369,-0.07876990943204865,-0.17999856819433982,0.27578520542217594,0.11390187120980101,0.11897217597304166
165.0,0.05841101382260079,0.05720288548513954,-0.1575667300617041,0.2521733298522728,0.076155267402009,-0.32776351544647686,0.2568851003500819,-0.15837217169345902,-0.15536695773132125,-0.3691117752611637,-0.3219382528334228,-0.08082392222555514,-0.16619631720802652,0.2631447600512625,0.1297865013716631,0.04972823670856352
166.0,0.07605472822034473,0.1292174409232922,-0.21503822900718192,0.17502337156460043,0.04886310459613801,-0.2882610376237938,0.3157325647436311,-0.13695312958874742,-0.10613676323116014,-0.3398316552963857,-0.28007206925845335,-0.04987817015802322,-0.10220504403886035,0.19916289764852,0.11252298131086934,-0.0027180591066668595
167.0,0.10464358518014928,0.1953528005904643,-0.22486142699114792,0.07461256563301168,0.010605770794442073,-0.19771236454954572,0.3363734319486819,-0.09585029408099245,-0.07386922724633563,-0.2925124110607434,-0.19579803457498393,-0.0005563997123586612,-0.007689357016748959,0.09651469313890822,0.06807726313016343,-0.028982464297908978
168.0,0.1250850718211013,0.23237802521762085,-0.20836722968642635,-0.028359041300407638,-0.03318852632463349,-0.10976993545065138,0.3154959331158654,-0.049733556565351215,-0.07099848047809217,-0.2502292386587881,-0.10677443035159272,0.04974760497958714,0.09085640321499862,-0.02414071115272032,0.008501118971464036,-0.029592375870240734
169.0,0.12411550208106677,0.22989097282268453,-0.18863377010585403,-0.11823035943854657,-0.07472572848046875,-0.06503642973115496,0.2574557003984883,-0.008445322078499892,-0.09861557161313309,-0.22613121593086638,-0.04124379911341725,0.08770767731334173,0.16903046886634998,-0.14219070586018284,-0.05271913538889664,-0.013842648651515372
170.0,0.09710981938380224,0.1910819684950375,-0.18193551742537323,-0.18855786353101128,-0.10814575232367481,-0.08109622544465146,0.16605352236143547,0.02310737284051781,-0.14766600026176513,-0.22046656925021668,-0.011894523344125647,0.10612393737068074,0.21097275236605764,-0.24260519348899895,-0.10581585492626289,0.004035978340432983
171.0,0.047383592638687924,0.12849215802993857,-0.19349536789198277,-0.23963853956598313,-0.13249884148158517,-0.15441514770306144,0.04470175456516236,0.04195244304247636,-0.2023463390859134,-0.2242440911623837,-0.0173044719496299,0.10317280435929298,0.21274612211284213,-0.31699192406896926,-0.1473878585279254,0.010648704009377995
172.0,-0.01694930031828797,0.05676299308058306,-0.21858771259419288,-0.27359728398629685,-0.15136043913526348,-0.26668118087585313,-0.09858339245732105,0.04470827285618828,-0.24591338020992914,-0.22686932450146374,-0.048777343855440615,0.08077244886552357,0.18109974529424813,-0.3626705887485172,-0.179403414183968,-0.0013593744723925274
173.0,-0.08615527172069552,-0.014333765036516254,-0.24690532633228546,-0.2915597834263758,-0.16979207234527643,-0.39180472954022294,-0.24806260198776903,0.02799884144549502,-0.26689971301816556,-0.22270072873062371,-0.09781786414816844,0.04268912647294152,0.12806425414546704,-0.38171339115874153,-0.2057997104626045,-0.030732550015039904
174.0,-0.15106125582276098,-0.08250312958775571,-0.2669846230346819,-0.2939680946859683,-0.19061677285514603,-0.5020034783202912,-0.38203557740675004,-0.008586418634781552,-0.26238245249933606,-0.21258639260737228,-0.1585417599462832,-0.006954866348723587,0.0650003813729561,-0.37945286335791995,-0.22864079043140548,-0.06817148289012284
175.0,-0.2048850060805891,-0.15004143130074385,-0.27008544896856757,-0.28266951863431156,-0.21222719578437935,-0.5727323990051002,-0.4788321919544564,-0.0596463934375261,-0.23690874008802235,-0.2008730893851392,-0.22456835232307887,-0.06415197284682667,-0.000862615674356448,-0.36221204981712335,-0.24588687234679465,-0.0999759871474489
176.0,-0.24514764225739952,-0.21874932807652556,-0.2544056415255823,-0.26293118307029895,-0.22948121802133212,-0.5875857617294817,-0.523764641784545,-0.11444905243620594,-0.19908989096659732,-0.19162329089357408,-0.2862499766720015,-0.12494883237814808,-0.06754274436853157,-0.33565583885446393,-0.2524366829985773,-0.11374834585511646
177.0,-0.2745292106111694,-0.28675831488569625,-0.2273344914870735,-0.2430944597788002,-0.23706526269205822,-0.5428499570457321,-0.5127850467958146,-0.16107859714724287,-0.1587567731482025,-0.18680812492650892,-0.33267205450916126,-0.18550613912991062,-0.13787697029530377,-0.30433850108241345,-0.24403300965625097,-0.10355362368299227
178.0,-0.29842316948714054,-0.34788722247781406,-0.2011379781686523,-0.23006876424272749,-0.2324490744673014,-0.44877414514415603,-0.4509864568710093,-0.19098692420112426,-0.12530460546949207,-0.18607565176255053,-0.35584265962066286,-0.2413910708453778,-0.2159122429162772,-0.27062138596247537,-0.2209266631713266,-0.07195632799622316
179.0,-0.3190969437578278,-0.39160404596190135,-0.18302171245517515,-0.22332561667890144,-0.21589760340742697,-0.32431691700407383,-0.34888126748710896,-0.2005015716856801,-0.10630385252975402,-0.1862568671217507,-0.3518378267017954,-0.28528849344739626,-0.2991046188012236,-0.23266338621341387,-0.18789661297331214,-0.028438346991500035
180.0,-0.33091365273660045,-0.40472084234170863,-0.16881152594101206,-0.21447372873662196,-0.18825725122319298,-0.18661342606745907,-0.2217036805322816,-0.18915726007023964,-0.10601462908735702,-0.18065953938666796,-0.31881741303088224,-0.3055602469086506,-0.37180322547831735,-0.18554835044274492,-0.15054195604434412,0.014241681077769169
181.0,-0.322381295643307,-0.3792986048427302,-0.14831613486469172,-0.19584341539372846,-0.15004985048264421,-0.04266736889775314,-0.09248320230597545,-0.15767715746832633,-0.12410042078115559,-0.16074822315144832,-0.25705627206535164,-0.2898822945659371,-0.4091775333944054,-0.12819298765903162,-0.11180557934465994,0.043991197406457246
182.0,-0.2856796219568467,-0.3245647412998821,-0.1184018604750551,-0.17109780859095947,-0.10365837369417606,0.11024321317227798,0.008424422689872339,-0.10815858748250244,-0.15513369362394266,-0.12148545666124734,-0.17290884877320228,-0.23388499092242618,-0.3926276799777315,-0.07045352100859162,-0.07222753156151844,0.052818100049734834
183.0,-0.22628281182750365,-0.26951038255697723,-0.08990627682742347,-0.1550714680475615,-0.05534081777180472,0.27672067056434785,0.05507532812639877,-0.04587275169525755,-0.18944819070243923,-0.06667282682451504,-0.08122909035397326,-0.14774038585859373,-0.32434460444240376,-0.030377587729854584,-0.032390713992855376,0.0393648517635192
184.0,-0.16336922632132722,-0.24744498240080687,-0.08000754780048352,-0.15963969380050974,-0.013249559625189871,0.45427115289000275,0.043865917586170686,0.02039577248515226,-0.2157540992889422,-0.008959840843855338,-0.0013463709724759888,-0.053487373676513905,-0.22718061383909544,-0.02038929452788918,0.006102421593458062,0.00964678203222413
185.0,-0.12005064845309786,-0.27319980988504766,-0.0977974573615302,-0.17986535965108394,0.01681045604435391,0.628895819700298,0.0011675632830522556,0.08067715528858517,-0.22582997139796923,0.03594004643971004,0.050383378643543315,0.02563999922093687,-0.13007669361740007,-0.03546500114042007,0.0414228896162455,-0.025147479007111805
186.0,-0.11107354039891669,-0.3317851095249756,-0.1368800702572721,-0.19554047106168324,0.03364764819686096,0.7771884369696475,-0.028590999914794028,0.12652197676690577,-0.21939064913135925,0.05637013011264569,0.06561253819811025,0.07593432050965054,-0.051836873331291555,-0.05553402017482531,0.07222900205864889,-0.05322293417507055
187.0,-0.13528052467065482,-0.38601790416668297,-0.17843860221647923,-0.18511067704719494,0.040206811120746075,0.8729487019913137,-0.0063957050647518434,0.15225004730308367,-0.20434867327599202,0.0493165446114665,0.04558220551522489,0.0975213960243379,0.005380637911216298,-0.05850445293167423,0.09791182291539241,-0.06651052113576805
188.0,-0.1755021797238525,-0.3970995246049896,-0.1991916281761254,-0.13814247663352278,0.04185737790997901,0.8950236688144488,0.08143290063195475,0.15579528875451443,-0.1902955904520197,0.021507383042994304,0.0011587610956692743,0.1009013790018156,0.050514225109633715,-0.032115933247538433,0.11879447231498375,-0.06289720684803927
189.0,-0.20543133348761866,-0.345532156486026,-0.18060182173799813,-0.059066909775877814,0.04429303475024828,0.8340323841380053,0.21668692025568548,0.14001563574864578,-0.18035051914836783,-0.013028500603550975,-0.049270730715948986,0.09902200814851457,0.09191870979280614,0.021402273573627305,0.13610877826533188,-0.04611911424042701
190.0,-0.2008301212644512,-0.23942222582391498,-0.11752747067207715,0.036352470779098284,0.051682033635965484,0.6969111253211195,0.3581537340021792,0.11243572956778901,-0.16935353197225944,-0.038922365235976225,-0.08569499849481664,0.10052287192734607,0.12926833113239,0.0876938748938208,0.1515285270189706,-0.023425855280065622
191.0,-0.1508332025573287,-0.10686500729989638,-0.022169450517970337,0.12776863112227824,0.06538601780344595,0.5080493467980419,0.46050925545059124,0.08146329433756284,-0.15033121192845694,-0.04696598484978834,-0.09460555722379248,0.10727941244323173,0.1542053465080817,0.14729467824006065,0.16624381451036216,-0.0022223117257465625
192.0,-0.06442346010663101,0.017737334772264256,0.07954445641599875,0.19629718930718015,0.08300209115394759,0.3040033808584833,0.4917307333827497,0.051480389310029205,-0.12256970809519335,-0.03859897460797653,-0.0755160999862163,0.11501528965826519,0.15631073212817617,0.18309186192334898,0.17978169487606221,0.012029531240852815
193.0,0.03224213613514391,0.10425574089537411,0.1575755170225342,0.22830386001493222,0.09863960004830355,0.12104003972568429,0.4410476984766021,0.021789234479062586,-0.09277601530458476,-0.023227200213974286,-0.04180051807154082,0.11559782966282381,0.1291513069881188,0.18502607350013903,0.18939039393923465,0.016207336485847677
194.0,0.10806487068900392,0.1352149642172864,0.1894139706716529,0.21852938837165406,0.10576409975748331,-0.017812779337931416,0.31956899176011505,-0.009074970507830127,-0.06809744707974447,-0.009301973116438768,-0.013145508298388387,0.10147593681554783,0.07499973972651945,0.15272913423582563,0.19079010164844992,0.009777950743046588
195.0,0.14238238905837072,0.11248210933943367,0.1687836335019158,0.17275054258980008,0.1009980184138697,-0.10764904996166814,0.1574845263894093,-0.038207436075391156,-0.04865323288379302,0.0032357327494215516,-0.0032868243063567883,0.07069727707080294,0.006729669774878962,0.09674986450823603,0.17999692064357178,-0.00473432830960617
196.0,0.13352362478508617,0.056116837326285696,0.10699970435191031,0.10645624295884598,0.08537416956339348,-0.15704043058173542,-0.003443221942986567,-0.05839599484159011,-0.027470790209497938,0.02150234837553737,-0.012487773212102567,0.02826802186495015,-0.05647640967149178,0.03584526303453471,0.1550573930643251,-0.02230769405908599
197.0,0.09576030692074013,-0.006317852790243835,0.026780253431291905,0.03835855260680928,0.0625780993226856,-0.1785929118429957,-0.1223250745254882,-0.06354283094397371,0.0028028338955867396,0.05105946502776784,-0.029419612188848688,-0.017155846290278425,-0.0983625137686165,-0.010377281365933076,0.11702225384531051,-0.03728537180493883
198.0,0.04905343544821919,-0.05174734031902264,-0.04690869313577605,-0.016576729821052443,0.03702040853529403,-0.18033199030137345,-0.1714318211596353,-0.05352512550213284,0.043338368174318846,0.08961202102748514,-0.038335703853479626,-0.05712413367638219,-0.1125044205251379,-0.02892239023410035,0.07044493747646173,-0.04522038943909135
199.0,0.009302372771564135,-0.06737364501684313,-0.09446991770537184,-0.050587577884521916,0.013156413135467619,-0.16259133565978887,-0.1434308105216646,-0.03424739036286235,0.08735912915720072,0.12801210879509434,-0.02659088176205337,-0.08492306405938864,-0.10219841058882778,-0.01688701699469392,0.02317236334556467,-0.04397739649978508
200.0,-0.016686142596120633,-0.05101146520138387,-0.10656132284906142,-0.06424117220020074,-0.005268294320837405,-0.12208798922441633,-0.05283435763086374,-0.014289591662166628,0.12285854785092075,0.15492536739907758,0.00928815858762513,-0.09656948462847967,-0.07621932994072803,0.018132864566456124,-0.015686887828828423,-0.03468027339521611
201.0,-0.031100710872785337,-0.009555392059575186,-0.08608116574015844,-0.06649863168825622,-0.01667200227299894,-0.05961664975517009,0.0677599764325465,-0.0013197889891650766,0.1377496357124741,0.16059020918391645,0.06091367168851432,-0.09256932180415516,-0.045146574809269736,0.05937990707392588,-0.03926897623122573,-0.02219979774570687
202.0,-0.041240358951070026,0.043694189291434,-0.046271771179352855,-0.07161838903341618,-0.022494755802288376,0.015205044245069277,0.17692144727669637,0.00027498343226695305,0.12537697922209953,0.1394172167714901,0.11111076084823755,-0.07801953863122768,-0.018746016905420392,0.08594837366849534,-0.04566047837377184,-0.013581168372013359
203.0,-0.05444522178838397,0.09293516347911651,-0.005056140413928904,-0.09207135173261503,-0.026598368755202047,0.08697751289111014,0.23746013799444315,-0.009738885981904716,0.08797735770494661,0.0925482360284223,0.14234148024619878,-0.059470353910265526,-0.0033870685304187077,0.081724534954196,-0.038336307774952574,-0.014497158891471325
204.0,-0.0744823055039752,0.12342254432832302,0.021666743536342202,-0.13162788830489108,-0.033651393874503506,0.14417683048413105,0.22783525489649536,-0.028195933479227914,0.03596023840594587,0.02932502245108833,0.1459142627217864,-0.041246982775465846,-0.0008452240406389591,0.04280607615134271,-0.024679902835243465,-0.026385692196198525
205.0,-0.1003372583466373,0.12372148927538025,0.024097385063040974,-0.1837581901988144,-0.04705275933537277,0.1871707955158161,0.1467673893954078,-0.05064136199283312,-0.017152371210142573,-0.03453738650624474,0.12582418940164597,-0.024708326134728325,-0.009603193860505125,-0.022269487538054047,-0.013293948457040305,-0.046437132930975115
206.0,-0.12734153271774812,0.08779606668632502,-0.001306678107054499,-0.2357691430629514,-0.06703835780479679,0.22644569631707223,0.010766549512911715,-0.07362587741811724,-0.06132470022649684,-0.08240294247884589,0.0945269427579271,-0.010580876425487447,-0.02745867368338807,-0.09861687237602486,-0.01077517798367237,-0.06991991510680294
207.0,-0.1500927179526128,0.017766071647805262,-0.053669936204889135,-0.27512640882342837,-0.09021873566989082,0.2722547374605256,-0.15186780650103002,-0.09571709386325897,-0.09401600209486792,-0.10341059424412276,0.06372414388951535,-0.0017682598810837987,-0.05396380396053082,-0.17213926115137526,-0.019305360294560852,-0.09270651606413231
208.0,-0.1649561525986731,-0.07381954022254769,-0.12898684204482347,-0.2944531291735429,-0.11117717853979417,0.32446072678506777,-0.30670782182345613,-0.11684057519454669,-0.11914779279632505,-0.09687988193702572,0.0366129417923873,-0.0037598339608221477,-0.0908243889336957,-0.23347962301185887,-0.036340534266112154,-0.11220366823265596
209.0,-0.16997227024834086,-0.16466137151458554,-0.21955020882359744,-0.292708512972318,-0.12500445054834722,0.36939951516752684,-0.4173949000199867,-0.13690394011986765,-0.1417855466977398,-0.07210490983892716,0.007135764733802655,-0.02134943543315204,-0.13815003080149701,-0.27696416296333526,-0.05608454353140053,-0.12644000710094372
210.0,-0.16355658517806945,-0.22866897575482734,-0.31229324867550573,-0.2724380883150609,-0.12916688235322618,0.3855662545894206,-0.4514860706295738,-0.1548774671657952,-0.16256087673033945,-0.04409876087886106,-0.03324161657700211,-0.05373247805226926,-0.18903874430656298,-0.29658001433834946,-0.07162000192739096,-0.13287227452083405
211.0,-0.1446814457322533,-0.24622305043814188,-0.38917598658006547,-0.23703706936855254,-0.12400385425284488,0.3571190650446002,-0.39132579661190636,-0.16873121986585796,-0.17665585730353991,-0.02752409445735751,-0.08627173870440172,-0.09235915853551394,-0.22924565344854686,-0.28502636408687093,-0.07723292922383963,-0.12881550912531836
212.0,-0.11345045895299884,-0.21211599218807908,-0.4314261186545376,-0.19069295883397078,-0.11150410087800738,0.2885036339422383,-0.24514788762685494,-0.17561217022891085,-0.1778462700981118,-0.03056369581201677,-0.14159182034427745,-0.12342264502216445,-0.24308075699059964,-0.2383169126287434,-0.07010083504425389,-0.11307742432393207
213.0,-0.0696796048011791,-0.13423722462464516,-0.42475250577130297,-0.13763322683638962,-0.09249114508197172,0.20756756061896334,-0.04634448935252935,-0.17168274752002477,-0.16264645413293832,-0.05073782987663768,-0.1787198378218458,-0.13269427812913395,-0.21874970063191287,-0.159970640662271,-0.05011079795946386,-0.08634857281806185
214.0,-0.01173008242196711,-0.02520491946463202,-0.362143700834333,-0.07847191183304715,-0.06439582998364066,0.1516298469015022,0.1621155612718021,-0.15260270969724443,-0.13030363286960214,-0.07551352388822796,-0.17539146197389563,-0.11025237599382459,-0.1499814785693884,-0.05919171820331761,-0.018769243036729142,-0.05010857778564946
215.0,0.06076823716768737,0.10345157476386156,-0.24531442896978595,-0.008734656556596953,-0.02261334406618956,0.1464726548361516,0.3444976252846288,-0.11569002217191678,-0.08034596687257617,-0.08820532555250689,-0.11796786060422217,-0.05438399936718411,-0.03808483373473243,0.053487910594626396,0.02063957026600254,-0.00670554422760205
216.0,0.1425333436753596,0.240142824991782,-0.08671964914164118,0.07634876089528886,0.03480216487319488,0.19212243844860505,0.47781184689699824,-0.06241280562809373,-0.01233577448874219,-0.07561720078519969,-0.00907662140847203,0.026597632350962578,0.10459876323660744,0.1670559276156346,0.06227493268673392,0.03889247747090126
217.0,0.22193193355413895,0.3698447738175916,0.09011670314205852,0.17504036593058753,0.10312879793470313,0.2615045519765747,0.5492482681214891,0.0008316776304420319,0.07095888734584287,-0.033326184384294674,0.13103439212753049,0.11637430903589718,0.2546824689367624,0.26858731371977435,0.09868192423344216,0.07852159606399468
218.0,0.2848424760480948,0.47422619939563404,0.25498500282821546,0.2764193020327762,0.17112687895449272,0.3120820213201288,0.5540668267022419,0.06408919175001113,0.160237157152715,0.0329483675225855,0.27050287245188426,0.19617595165337398,0.38338618423233584,0.34455323949150346,0.12339475595257439,0.10285244993938895
219.0,0.31976874497523516,0.5364426320891297,0.3784664818372296,0.36243071690589185,0.22507594912754408,0.3062872147686886,0.49547874375584894,0.11661745062470069,0.23955569625812403,0.1092580210600263,0.37605794646503027,0.2511425858212089,0.46497192861046865,0.3847192525618736,0.13313395912568093,0.10454469499517544
220.0,0.32105044091156876,0.5480266200272479,0.4384238557290875,0.41240935492832187,0.25385934633902196,0.2308128219991196,0.3847170602609675,0.14978291002496907,0.2898452336544443,0.17712903550260506,0.422058175488793,0.27451170382771684,0.4843154862638208,0.38450268116480807,0.128591447227485,0.08102676499789366
221.0,0.28876854277361347,0.5135497399944263,0.4239336616467386,0.4096353829957191,0.2524911265047684,0.1038590188796422,0.2413159945004142,0.15923956207514173,0.2946205610847393,0.21815303792313423,0.39610894425399545,0.26841291669559675,0.44146411186567364,0.34456935168540753,0.11417464141504406,0.03631769828818282
222.0,0.22674238388487802,0.44991364893604624,0.33726685313038596,0.34901439614320795,0.22304261095431888,-0.03339689030691737,0.09293671283921855,0.14644656980230894,0.24618388838161137,0.2193074638984252,0.3019144313517554,0.24189721217753277,0.3520924917918064,0.26985665093018424,0.09685611471941381,-0.018758237375725434
223.0,0.14179004809442938,0.38039843986697813,0.193964071567166,0.2416849337699792,0.17317156408116588,-0.13548731133648195,-0.02857592069797752,0.11900594342705528,0.14993661737327355,0.177849556577613,0.15885396831875515,0.20735347458493372,0.243148489617783,0.16978210207585642,0.08378535213039773,-0.0686105602396092
224.0,0.0445484118329592,0.3254601824439605,0.020288149910472102,0.11285295980584388,0.11310825644660034,-0.17186154089547206,-0.09739562512855562,0.08844793419515525,0.024005796840086167,0.10324178667239256,-0.003001587626418524,0.17608210772300006,0.14376143705610753,0.05903386782091107,0.07907894018138618,-0.09729757871940525
225.0,-0.05103686829802495,0.2937475501834761,-0.15235304965060603,-0.00648235656856994,0.0524347873709811,-0.1387832460965497,-0.10615301922881455,0.06539507124302701,-0.10653697888420792,0.0142196023799285,-0.1516301981494372,0.1538768484090165,0.07428349729720882,-0.04361108461706327,0.08159050390207329,-0.0943396463563922
226.0,-0.13043311140154595,0.2790326930836134,-0.29486295179981914,-0.09017631869833234,-0.0019544817451936417,-0.059290238608136495,-0.07019898055212304,0.05467299291359454,-0.2178690756947704,-0.06819513812449335,-0.2621636524663453,0.13871898024461893,0.03939273673846894,-0.11992229485993235,0.08540737916927844,-0.059291149955024734
227.0,-0.18137401653812452,0.26627071472765007,-0.38604019391249744,-0.12519192535484397,-0.04612272650258734,0.029520289617011208,-0.01776728991301463,0.05384328539290029,-0.29316913673479655,-0.1280482120990291,-0.3217159012822287,0.12308060008976277,0.02977935192794479,-0.1578817182523453,0.08300943998981765,-0.0021290707353057853
228.0,-0.1955666923920289,0.24258679998457705,-0.4127825450244096,-0.11344687926700014,-0.078017781436159,0.0964587719296027,0.026535015885374144,0.0560220411529377,-0.3230655299892424,-0.15799114038645948,-0.327183862721175,0.10030991066066862,0.03099338914687363,-0.15443585092740983,0.06935230966562976,0.06098795981892994
229.0,-0.1698281904006307,0.20547422266781576,-0.36693162116023337,-0.06706358971743252,-0.09612704460648472,0.13279684885170295,0.052092274466227266,0.054498158057328945,-0.30236684321367036,-0.15783500208344503,-0.2788507664221488,0.0705136299440496,0.033019607177948024,-0.11426298222509462,0.04459120455647438,0.11401581255280545
230.0,-0.10741448163689231,0.16347695088709077,-0.24491762303109516,-0.001081368824617079,-0.09909089950911176,0.15571707783504343,0.061588527032306155,0.0462337897069472,-0.22794081179462633,-0.13088478319500446,-0.17674953159687354,0.04125167744601478,0.033878898504834075,-0.04649468000136712,0.013847064040306476,0.1461518386243486
231.0,-0.019222041314631424,0.12937106847225444,-0.05287384413492251,0.0718105421184045,-0.08670890796967684,0.19586817656762237,0.06302933808099398,0.032800315252177845,-0.10120639977117021,-0.08183325089993741,-0.02409385773196574,0.02249863938747832,0.03516218671848075,0.03804029116713118,-0.01564159863538992,0.1539068109585394
232.0,0.07719825233162828,0.11053676095315278,0.18685744298818635,0.14293714090792198,-0.06124507549695465,0.2744554444403424,0.061129493059150344,0.018858472250544323,0.06681480660329676,-0.017402993502906004,0.16484605316468842,0.019741838543233168,0.03447179081441393,0.1275769465662415,-0.037827551580693626,0.14006885862839652
233.0,0.16268129276484386,0.10380667583414212,0.43496049667645115,0.2071927824868687,-0.027189714257152886,0.3822277350477094,0.05448191747222962,0.009812774145456034,0.25358069703167724,0.05269777614490765,0.36016477085547305,0.03032676669303238,0.023151915218337878,0.20927073021979578,-0.049297636481398815,0.11129422653526955
234.0,0.22341765292961174,0.09824316266486262,0.6439037271133986,0.26234219661388425,0.011048498745498271,0.47442948175171795,0.04007434052599636,0.010222744011036462,0.4293305642462609,0.11775701728113859,0.5216079540862977,0.0450843848250939,-0.007746238646160612,0.2706807246667278,-0.04831624308095824,0.07639354763793173
235.0,0.25482626154959426,0.08208024432880529,0.7728085891361747,0.3082655188973649,0.051637036515863446,0.4871836299447229,0.019507625448624135,0.02271828607162209,0.5656279271102994,0.17057924832235768,0.6124442035347533,0.0529567004382105,-0.05927456632283178,0.3033346523842935,-0.03358297557974628,0.04543026409265854
236.0,0.2601688388971871,0.048151759529933676,0.8012538862135629,0.34567227400557504,0.09553281586480551,0.3673991619445493,0.0005188023551136152,0.04675487017233437,0.644300481690286,0.21051151331091103,0.6137492921551003,0.04554837197368593,-0.12150231196183241,0.30621775117236666,-0.004959536727178917,0.027966942961431967
237.0,0.2467090045462684,-0.003889795643885036,0.736341240665109,0.3745149575925672,0.14386148275270982,0.10121214554212013,-0.007580258142495881,0.0780699251970155,0.6634428761365191,0.24234895604300244,0.5317618203716452,0.020496303586820433,-0.17630723445943455,0.2867547759336957,0.03459272175480669,0.029679012611876086
238.0,0.2231430839135871,-0.06730347262992421,0.6096454395091444,0.3928030410607337,0.19401764641088481,-0.27243300344307586,-0.0019310313118742872,0.10975608525068375,0.6371766604920585,0.2722891464669309,0.39577898992108274,-0.01691977788192356,-0.20269696842319865,0.25810599461173,0.07809772863229689,0.04906537307755739
239.0,0.19826685267753993,-0.12996761918274338,0.4636004520369573,0.39540881296688435,0.23697063454866685,-0.6698955199273156,0.007179887509764793,0.13420430632906832,0.5873943580509904,0.30330364546685945,0.24736723128663587,-0.055556324955816666,-0.18393893873761524,0.232488139534448,0.11521071623816559,0.07698579820366487
240.0,0.17807467183544587,-0.17968390044616292,0.3321866384939024,0.37175390761652755,0.2580708709829543,-0.9920100914998649,-0.0034292187480152708,0.1449127679715249,0.5308290384209756,0.33159557721622795,0.12392832567425871,-0.08447667452995035,-0.11760203419352656,0.2115452357202766,0.13388052412378665,0.0999310398930725
241.0,0.16173448220241285,-0.21100071412363913,0.22683356779230485,0.3062391760494301,0.24247164849645242,-1.1645828721898916,-0.05871996655603023,0.13821263281531893,0.469760531668641,0.3460385839544263,0.04339420632863985,-0.10011340479444508,-0.02331259462585291,0.18054958245643046,0.12333085470394674,0.10558925222388015
242.0,0.1414970784417533,-0.22663727045518747,0.1386205218359245,0.1886114110076846,0.1836355444758116,-1.1691630566927314,-0.1660700804930396,0.11487655708890057,0.39392952983921514,0.3326058041161441,-0.0005775156245768977,-0.10829529327876304,0.06247017972651468,0.11671340978957616,0.07865851518958336,0.08835864489912588
243.0,0.10879012026604341,-0.23131666972099602,0.05492964047506712,0.02977873242888202,0.08973153999704438,-1.0437010406570013,-0.301785054828701,0.08075503135140873,0.2928215778696642,0.2829155628545084,-0.029237428446719574,-0.11871243971954233,0.10581900498493842,0.009638776639820953,0.005209835467118827,0.052368760137865004
244.0,0.06123509975781128,-0.22544094258451863,-0.025959273062799545,-0.1337229007461311,-0.01761864563392701,-0.8543654872563883,-0.41932140187719946,0.04536728205301515,0.16753310614437042,0.20113979145145008,-0.0629434031505661,-0.13664066087695256,0.09451272323677831,-0.12418295489463059,-0.08070751832567244,0.010259930623022943
245.0,0.0043022906758535965,-0.2057602206217872,-0.09476935809275071,-0.2544977113400353,-0.11245280532365332,-0.6612490103485357,-0.47561104659932124,0.017826406827181524,0.03204876944544422,0.1026666552159809,-0.11057942076192008,-0.15901996139998517,0.04208873967887877,-0.246961911448117,-0.15676180396515121,-0.02237516440474427
246.0,-0.05231850817226996,-0.17124689468029997,-0.1413263074950302,-0.2983129999723265,-0.17572104820291018,-0.4989406379243403,-0.4539125951987261,0.001793333993684671,-0.0948338656853759,0.0050875214443858756,-0.1685416304960063,-0.1773324895504591,-0.024046054787255695,-0.3208481785579931,-0.20347678797125665,-0.034740767034120795
247.0,-0.09928039673810991,-0.12716442668234035,-0.1631251282899667,-0.2615443576136422,-0.2018644956207732,-0.3753268868177814,-0.36848454874336595,-0.006121608160847719,-0.1983281637715253,-0.0798765115298132,-0.2254597623945844,-0.1835133000361749,-0.07903646991652039,-0.3285424648712396,-0.2122846032996381,-0.026410612579122455
248.0,-0.13023119777609626,-0.08345960374581317,-0.1662633409625145,-0.17201901655275542,-0.1977367842445448,-0.2801736497537111,-0.2534752985366414,-0.012199575902982544,-0.27154734993055024,-0.14708401166352256,-0.2680146895917062,-0.17381333020238224,-0.11006400993417306,-0.2797603398483285,-0.18816339468876614,-0.006770744774595427
249.0,-0.14256884439921427,-0.05008179211421199,-0.16022084013335955,-0.0734142464573034,-0.17598511728172503,-0.19577737555950017,-0.14569992154559525,-0.01927764620372382,-0.31417648710664814,-0.19400577485355636,-0.2861552513456749,-0.14916837219034143,-0.11612012224309384,-0.20182131538370063,-0.14556101746069824,0.011273747177812193
250.0,-0.13739586194677253,-0.0340023455743552,-0.15093051127149898,-0.002928492119490612,-0.14756067989693264,-0.10621452988274617,-0.07062422456592535,-0.024133859720571457,-0.32832817314875745,-0.2179187983933736,-0.27623982027461286,-0.1135426367295573,-0.10261874186014575,-0.12272014281705121,-0.10039181346486183,0.01845557341330426
251.0,-0.11921590079248207,-0.03877711266499649,-0.13646319964445244,0.02488581675993293,-0.11736779547454429,-0.0030396732223579477,-0.037519382406979655,-0.020656916820870393,-0.314853748219369,-0.2158123469155777,-0.24007991846851062,-0.07156340828310305,-0.07586037057055055,-0.0572802893641349,-0.06325835164985791,0.01235603708733312
252.0,-0.09482635616499512,-0.06365917717683663,-0.10837379853063826,0.020665398804931047,-0.08467610784999346,0.11310129761444387,-0.04243356607601208,-0.005382493916164245,-0.2728648639105036,-0.18556101969694458,-0.18123542978857038,-0.026156601665051418,-0.039143237149308854,-0.0032873166744026585,-0.03746040209007757,-0.0036885833640189214
253.0,-0.07121550386208118,-0.10106916527936309,-0.05857533006728411,0.010267984800413457,-0.04707451243152569,0.23230724105551045,-0.07239466467319777,0.019446037194308027,-0.20284268550592685,-0.12793040553575385,-0.10374033544764785,0.022503408154973845,0.008723932617168516,0.051440321660660523,-0.02105497206191168,-0.02295780386945864
254.0,-0.05365063497078046,-0.13584699290536595,0.012425741926678554,0.018453475843807014,-0.00468110435841613,0.3359532384048919,-0.10791563714651091,0.04687045845138497,-0.11089902222402472,-0.0494252425435046,-0.015450475127112362,0.07541485048598155,0.07080569735591899,0.11581381587096441,-0.009936355221494005,-0.03739602526840929
255.0,-0.044644368201975086,-0.15025496251045461,0.09166782773196419,0.05414373973276194,0.03837428717355606,0.40232642456891043,-0.1267621636947627,0.06862003336713073,-0.010802486407055223,0.03592562440860475,0.06914550789177124,0.13143438923572046,0.14567514990433533,0.18470454016496143,-0.00019032674598747654,-0.04027203283397856
256.0,-0.043256962352809895,-0.13313175484965017,0.15741625362937062,0.10530994215860494,0.07553617892832802,0.4177580783981989,-0.11093626313140456,0.07874058254723991,0.07845138622123346,0.10894837618093235,0.13256566754501237,0.18526841111008543,0.2224617642857117,0.23861996213400466,0.0104457520082922,-0.029396072508360925
257.0,-0.0451525728638112,-0.08574344374228782,0.18835718860528602,0.14661471779909463,0.10050973854654521,0.38417736413994674,-0.053960412475111005,0.07568631354370611,0.1392770481031597,0.15276212103100112,0.16264013760953033,0.22870105052699938,0.2831571858283774,0.2544643005980562,0.022226120357324644,-0.008646258886373045
258.0,-0.04457852339950027,-0.0192579802640086,0.17258308562264504,0.15381630465756307,0.10921213185783853,0.3163735078045258,0.036209257819066726,0.06183678378020559,0.16283982407128444,0.16126929374163282,0.15822266619571787,0.25375317113038687,0.3114599815322052,0.21908364114689674,0.034116726841718806,0.013666677486922678
259.0,-0.03751930210265082,0.0522753292386951,0.11152470531031197,0.11496717442795899,0.10069616742903062,0.23337281271486138,0.1406351972213199,0.041112895895845304,0.15199286862022243,0.14193468329735268,0.12801285127683387,0.2552081165241699,0.30081196207343275,0.1359885989962156,0.04461071521822129,0.02857549141109313
260.0,-0.02362070616663207,0.11646053035292249,0.018210732973502883,0.03368407016770434,0.07747135787881965,0.15136470256812526,0.2370245633392799,0.016854966635092682,0.11785546062057507,0.11039607936715234,0.08469815095182351,0.23170862334482406,0.2561291587287737,0.022992932888854057,0.051970181298773004,0.030287286592897582
261.0,-0.005537655152978159,0.16329685476987418,-0.08703961200064492,-0.07341136233954602,0.04518120000588485,0.08073824429348019,0.3074039117397761,-0.008443177928333077,0.07336353181729101,0.08184179053669406,0.03973683792508333,0.18629011313933946,0.19061374538899825,-0.09433894637583556,0.054467401591722094,0.018347233951822202
262.0,0.013031175282416384,0.1846960540890901,-0.18109233600786326,-0.1819350795865473,0.011255072035234003,0.02656181194478665,0.3428946388222466,-0.03223205082135325,0.02812684760685137,0.06506495561188066,0.001312211144676143,0.12639120530932252,0.12106122497796293,-0.1893264107747753,0.05115519217950067,-0.002755714661619181
263.0,0.027948735489850534,0.17375481606407128,-0.24381492961144513,-0.2668544120841866,-0.017469016342110514,-0.00918529739458807,0.3447346589003224,-0.0517173395991554,-0.014177515845361359,0.05993438492996858,-0.026672519242492657,0.061885203376752594,0.06214744247897108,-0.24157014874641794,0.04246179253788836,-0.02618578150434174
264.0,0.033258533406511304,0.12416903643274375,-0.26543244888516193,-0.31033227466766183,-0.03726051224431773,-0.02600397838030509,0.32227610663808226,-0.0648490783093209,-0.056046800953083585,0.05688557417777561,-0.04614486304997471,0.0008701798979395343,0.020015493205210618,-0.24456555902604785,0.029760541583003838,-0.04598065368403314
265.0,0.020591999281505975,0.03188777853449222,-0.2504769597819537,-0.30687226106554744,-0.048396624817011305,-0.025359988426031516,0.2892677505415582,-0.07115954461591806,-0.10327964861982157,0.039738089699299484,-0.06399504258179023,-0.053820203004796306,-0.010931889867378775,-0.20809040147517888,0.014452552194943971,-0.059070614008231326
266.0,-0.017855624539990064,-0.09978443947772625,-0.21381796775891454,-0.2631593856014178,-0.053451507896844726,-0.012767751309181384,0.258965180249915,-0.07141465536510463,-0.1593441609312868,-0.006550226563877098,-0.0866015560115609,-0.10392849063743502,-0.0437302983959976,-0.15229789489844686,-0.002334425330823688,-0.06537559175422454
267.0,-0.08361962950163283,-0.25452672621844813,-0.17146271402907676,-0.1937132357622437,-0.05441348148787151,0.0004110148286502837,0.23816907984248506,-0.06678538963076484,-0.22026585152298636,-0.08606002003186658,-0.11393873946802921,-0.15137067799948595,-0.08859754557905856,-0.09787774993828462,-0.019411165685436486,-0.06675763088218455
268.0,-0.16733373228332019,-0.4024909049009701,-0.13332700104572393,-0.11583597265605167,-0.051056658160907105,-0.0018036812117327556,0.22215225555258886,-0.058906132154713776,-0.2736855865021502,-0.18628738385502341,-0.13901438663465615,-0.19442359688988717,-0.14468558472086587,-0.058892421773628155,-0.03514243025223122,-0.06594297063601146
269.0,-0.24890100263831128,-0.5087443810808245,-0.10233097857657156,-0.04659272848335467,-0.041323481815741976,-0.033576462603460096,0.19494776065222125,-0.050725995566081095,-0.3031377041679815,-0.28120057271572835,-0.15275437935918007,-0.22810459218978102,-0.20110072519693606,-0.041352284730464366,-0.04710928013975232,-0.06562979735769744
270.0,-0.3039359650692326,-0.5476225716604889,-0.0780075898891307,-0.0014255473005066516,-0.022947782140873067,-0.09724613511767578,0.13798793651096938,-0.04639225347159505,-0.295711946045845,-0.34206137290833677,-0.14963231568419996,-0.24790606604135698,-0.24582988619823598,-0.04581224497586313,-0.052080702171815825,-0.06742540666757159
271.0,-0.3142394973216204,-0.5136406406566926,-0.05982584589923058,0.008528143841468624,0.004277699435365013,-0.17691596166142343,0.04341837906591692,-0.049216047870620734,-0.24914543606745684,-0.35008588136808216,-0.13014448656205566,-0.2527338725092835,-0.27372225683687135,-0.06945942739138532,-0.04711029239953755,-0.0707721146693547
272.0,-0.2766036290055538,-0.422150112540882,-0.04846121428424133,-0.018701587071808842,0.035943695408041695,-0.24382397034634895,-0.07683975468123164,-0.05966383495709734,-0.17447346918077875,-0.30436191158828635,-0.10042119070789025,-0.24444886658736284,-0.28717123103488645,-0.10547731758225777,-0.0317133102467283,-0.07276951917797389
273.0,-0.20469486984833224,-0.30178683414994506,-0.04646756865197687,-0.07250548801253581,0.06157570970908298,-0.27244909429137454,-0.19284136086912756,-0.07608737859347922,-0.09337751952491186,-0.2222286850986107,-0.07121082859346203,-0.225378603246089,-0.29129613316212033,-0.1421999335833238,-0.009707953757052268,-0.0696079733130624
274.0,-0.12312193553913732,-0.1846693380647746,-0.05734216537698998,-0.13170918226906028,0.06691047295150483,-0.2545113407386275,-0.2685553903470011,-0.09746340588449294,-0.031635407096598046,-0.13312509156006175,-0.05580377352652832,-0.19644071156120918,-0.2888984670408481,-0.16496018410928856,0.010858103803451936,-0.05892060412986568
275.0,-0.05656456682420568,-0.0972444614050424,-0.08072063022100391,-0.17172388401490654,0.04105879707620961,-0.20014917600006996,-0.2776713661479887,-0.1241608976142004,-0.009993676021379292,-0.0680088519151869,-0.06486116887523248,-0.15689124888656839,-0.2780738317249466,-0.16036047300952824,0.02057754962432666,-0.04123377402638014
276.0,-0.018703597764465056,-0.0521711537215318,-0.10733927125953249,-0.17317983396062125,-0.015053497321155709,-0.12930610056170072,-0.21530049230887796,-0.1548084020636631,-0.03494938541170783,-0.04707535511137556,-0.0996896727384776,-0.10534470449509059,-0.2528753549275533,-0.12089874407255534,0.013657344377467986,-0.019528512156464763
277.0,-0.006728233218114939,-0.043574976846694875,-0.12067661360202325,-0.12846995157940896,-0.08578400499684079,-0.06250217082223822,-0.09987440497429907,-0.1828363505135758,-0.09417128427055442,-0.07083958731134567,-0.14919386712878607,-0.041813745056352256,-0.20711050130487713,-0.04805180198655543,-0.008074211541960348,0.0022559528388719215
278.0,-0.004888145182590144,-0.04991246922825582,-0.10600452927919318,-0.044385730045178845,-0.1469325974629969,-0.014921930021396225,0.03460426655367493,-0.19785045172234414,-0.16044844790480184,-0.12042730801840072,-0.19426310234413513,0.02942717129878238,-0.14030246816738443,0.04694159499302694,-0.03558227578595078,0.02042840265084218
279.0,0.005569298585103865,-0.04483826308662686,-0.06013730755404824,0.059684036462767646,-0.17732194835911383,0.006787153991020284,0.15024644651890046,-0.19161319466607285,-0.203494524645566,-0.16792528368099852,-0.217537093047651,0.09800416789275752,-0.06166895682585166,0.14448706226443156,-0.05759295818663645,0.03211803749053738
280.0,0.0367365560119978,-0.010180468560225775,0.005500030575228305,0.15763612795069887,-0.1684909670268366,0.004937015720618683,0.21559756242003386,-0.16302984502030773,-0.20362370225333465,-0.19044431896865818,-0.21196760584629748,0.1496674566718225,0.012464311818354567,0.22084787946627193,-0.06663203313371009,0.03568057284056679
281.0,0.08949316375788786,0.05610903154587278,0.07038735636624627,0.22447576249579249,-0.12765046503303615,-0.011963389669681105,0.21335200418405478,-0.1181964535045696,-0.15980782242083788,-0.17967469950164897,-0.18309886839567907,0.17266096722846383,0.06658618123508825,0.25544070811338276,-0.06239853382395508,0.031136753464258784
282.0,0.15458931789681538,0.14069607803050044,0.11488988007373893,0.2427120110853002,-0.073403540354115,-0.03298618110117771,0.14503453841219457,-0.06655225632653472,-0.08871452122347923,-0.1426787650886654,-0.14446988929127663,0.16380639429855368,0.09276314671247059,0.23828551670676812,-0.05076520512614732,0.020449758302647857
283.0,0.21724349179501656,0.22328862145894296,0.12848343246241567,0.20555285305480991,-0.026834463038841214,-0.04691894529312412,0.030151809894854782,-0.016229650092009756,-0.01652539652219175,-0.09487887458013707,-0.10907087148303346,0.12974049686004605,0.09192890818984097,0.17316250793471213,-0.03928645502578079,0.0074067279159892
284.0,0.26284822166276467,0.28716443951830495,0.11196992199001246,0.11758284612617075,-0.0026075618656825777,-0.043947295269432966,-0.10204392274468962,0.028802797241694957,0.032308005331740115,-0.050108130703294514,-0.08242379545820717,0.08303512676689338,0.07080682969539266,0.07515136201375387,-0.03246438587514277,-0.0033293840329213105
285.0,0.2823174683428323,0.32537742221005816,0.07399446215931944,-0.005952425467355921,-0.004318143709011914,-0.01979094899219523,-0.2246335673686593,0.06847069358837457,0.04483663343131848,-0.013905605782373653,-0.062009946612555794,0.03661394633159882,0.03806461663537382,-0.0349229350305562,-0.030010531762377113,-0.008114426160788142
286.0,0.27585966199375084,0.34045314904635166,0.026032806634332883,-0.14124176543429792,-0.02519427746183271,0.01903034516059959,-0.32078030189906753,0.10365105019706468,0.02411687260272072,0.016121880437908277,-0.04258178974619236,-0.00022751090121994394,0.0024228537397201063,-0.13597055843317715,-0.028658024441241256,-0.006081282609180252
287.0,0.2531506383978239,0.33983794686052926,-0.02055462517596239,-0.25999707878883443,-0.0523246229008509,0.054118875133745234,-0.38267993537855927,0.13287207339978516,-0.012936116207986953,0.0443879565835788,-0.022339813872246636,-0.02344666101098388,-0.027452472910330084,-0.21060647065280838,-0.02529735996522639,0.0007696894637041772
288.0,0.2286550592887105,0.3304342155512166,-0.055434068113122126,-0.33583062274543185,-0.07190378840249266,0.06163498087496269,-0.40658338513457976,0.1516937576150049,-0.04281076856289547,0.07172174829560657,-0.004631510359242126,-0.03443957584347778,-0.043900288424361764,-0.24815489925454415,-0.018797410366996097,0.009328147037939685
289.0,0.214176110915769,0.3146212257647849,-0.070274369399095,-0.35227416392573285,-0.07395007336088347,0.024143722761917952,-0.3918314052128306,0.1556355884555297,-0.04483742705574335,0.09449400697537873,0.006259143687529605,-0.03918257576561855,-0.043331374673580975,-0.24766919997295977,-0.01018348805989724,0.01732978717690228
290.0,0.2133595343600345,0.28937807600376186,-0.06082278591459432,-0.30949712028397414,-0.05551899899557939,-0.05838604829323043,-0.34471842790678253,0.14402134868252317,-0.009413765793156533,0.10744697772072791,0.01107190702978908,-0.045792545816130466,-0.02869445657331362,-0.21954312448311286,-0.0024692325399149465,0.023807152954033354
291.0,0.2213851978465084,0.24865279787997938,-0.02928606978618099,-0.22499894399033468,-0.0212788117189578,-0.16536179731597445,-0.28088907574897093,0.12125026785318038,0.05831812489777027,0.1063653525313157,0.0167463068740949,-0.06086878266774933,-0.008110447637992726,-0.1823344985404615,-0.00014697592886224386,0.028258159848889575
292.0,0.22850504145233527,0.1866098800424741,0.014379636669318907,-0.12651537097572854,0.01858195134310441,-0.26356729683440655,-0.22179971582654948,0.09424232634935828,0.14056951460372213,0.08842419462950897,0.03007853220530364,-0.0868764522073226,0.009114946978342161,-0.15470254583468784,-0.007574614568397219,0.029996174381458192
293.0,0.22383641518495784,0.09934036448857086,0.05305892647217477,-0.041641096778225924,0.051323021961466875,-0.3234088469890933,-0.1871593854187471,0.06780862814853798,0.2129886219660012,0.05105213753936628,0.048227720034252464,-0.12243624698819858,0.015128224164648265,-0.1479285452329781,-0.02720238472980237,0.0281330956712268
294.0,0.19794053194698644,-0.01419803705157954,0.06522555625533034,0.009269904116860541,0.06410544801753199,-0.33389130197013756,-0.18749939184498532,0.0413256612435515,0.2520164004986373,-0.008147971394001204,0.05483492240863394,-0.16429774182662576,0.0037465287579687557,-0.16425333850924512,-0.059147539597355456,0.021572335469254914
295.0,0.1446468813503025,-0.14972415625240038,0.030948225329600766,0.015161877343632819,0.046750879682559136,-0.30525287953435615,-0.21917614644085426,0.009171162245183415,0.24165086727295645,-0.08849430667653982,0.027782469999611,-0.20816875259627315,-0.029110912187535736,-0.19994158131170167,-0.10163488161178216,0.008999912626329001
296.0,0.062286630218341715,-0.293931337602847,-0.05839891188517904,-0.02549475837146024,-0.004020513721075911,-0.2564547909134918,-0.26329330833246556,-0.035294360475108214,0.1784480549894454,-0.1815597382594032,-0.04487123152248668,-0.24796070196024453,-0.08293536401923633,-0.248199119195853,-0.1508718630323111,-0.010490292954989959
297.0,-0.0452237634018801,-0.4227361044818409,-0.19078267936465698,-0.10323743147768819,-0.08036669337147401,-0.19784417151443806,-0.29015280233715884,-0.09442767226792657,0.0735470052544761,-0.26914519835053136,-0.15250245335911053,-0.27549171646577203,-0.14943994840478847,-0.2989323794856657,-0.20033953983823868,-0.035757685027729816
298.0,-0.16681238833420245,-0.5041073185191899,-0.33122613506491616,-0.19482406435358535,-0.16260519306481439,-0.12439748291985735,-0.2685939385958691,-0.16198795536070099,-0.04924560353544491,-0.3271838680164959,-0.2624228365387683,-0.28129589351806467,-0.21081974811024962,-0.33524045798327384,-0.2402858384983312,-0.06113253899277168
299.0,-0.28364582827806506,-0.5061048595473334,-0.43016917622869155,-0.26309764401947927,-0.2239600656733967,-0.025262370355988377,-0.17730791179171226,-0.22196574700699329,-0.15908847839567153,-0.33405803156385033,-0.3324030666038994,-0.2556390403712208,-0.24139710294338781,-0.3306869460631542,-0.25808212911783895,-0.07509319607838706
300.0,-0.3725058624223987,-0.41031848257617165,-0.44195359243246674,-0.26700819066097525,-0.24006034035259502,0.10053022000101874,-0.01658930585994497,-0.2529949235359763,-0.22667860137795842,-0.2790544279759272,-0.3280828461113134,-0.19117293792759316,-0.21603256736387286,-0.2561916015999472,-0.24113452987147102,-0.0638492455651517
301.0,-0.41359898744024803,-0.22677527468194986,-0.34750016753008633,-0.18341564870832694,-0.19994876526141916,0.23680368659212678,0.18270067581064361,-0.23806419351473795,-0.23413284174527596,-0.167281371508242,-0.23787397168266278,-0.0889872769242487,-0.12490796539585063,-0.0994866928240679,-0.18310455221255192,-0.02012862762588071
302.0,-0.3985432624043536,0.0016277338444758353,-0.16721736997619935,-0.02666399987409997,-0.1124078365268913,0.3557236158040402,0.36300872385288724,-0.1738731309635643,-0.1817243736682804,-0.018705543362450564,-0.07840144569202934,0.036126876275333786,0.016042822971848093,0.1165040414345271,-0.08949812157517759,0.04936286098581682
303.0,-0.33328229244276086,0.2136491641016157,0.04726065851059293,0.1530808100582918,-0.002496455237613759,0.4295416148069838,0.4628621958295696,-0.07332056305040856,-0.08716121615060389,0.13809933248677983,0.11240246180761172,0.15813158733116048,0.17010857218184008,0.335184594011931,0.02255932643552082,0.12494597803195358
304.0,-0.23470980866959032,0.3553449180434999,0.23706474006603706,0.2950279570564941,0.09999076652482744,0.4401301884084017,0.4472369026563728,0.0399583852110742,0.02178453294773257,0.27373996702796016,0.2894136324235765,0.2500129835754904,0.2970745641131341,0.4905589598204894,0.1306480122130881,0.1831399213368188
305.0,-0.12361487255501469,0.4010882545912632,0.35980446254678394,0.3588908235330077,0.17302862635178684,0.3829674270900052,0.3257027784599651,0.14105155055776536,0.11704033313145197,0.36462044721608244,0.41429446886037946,0.29486125392236606,0.3701223585382352,0.5384673621553884,0.21551609265609853,0.20741596066133855
306.0,-0.017334856080207413,0.3609276357020064,0.4022938774608909,0.34200433543047004,0.209347463931435,0.2674768042082426,0.14802892067313483,0.2122743598515633,0.17881435279390648,0.3981783975004166,0.46579801427711737,0.29131471361389666,0.38358584529512363,0.47562630091485597,0.26728608349358307,0.1945464109860353
307.0,0.07467705862831495,0.27307777720035287,0.3799409239043073,0.2751766774366471,0.2155544620487676,0.11489943878217836,-0.019129859856158393,0.2473266888321466,0.2007865587726714,0.37611441857139616,0.4445679230796678,0.25151198538606684,0.35050240844448133,0.33741131467053215,0.2867892795149674,0.15431829998998456
308.0,0.1501446246663714,0.1851314865998928,0.3245449158772248,0.20246538882649615,0.20517046742288544,-0.046606677942787667,-0.12255622043262746,0.25045797644407597,0.19051127448304597,0.3142473177998472,0.37076364113275123,0.19370549452388297,0.2934239151037561,0.17784471027212848,0.2821136978373058,0.10320884065997761
309.0,0.2091362638705708,0.13285179280715054,0.26613800724198283,0.15636140732542692,0.1898603381483065,-0.18770521383834587,-0.14493070359429475,0.23228723431687442,0.16448855412107008,0.23824022125776467,0.27492310381948404,0.13418857341968748,0.23337912028196714,0.04385699510486618,0.26264500555440967,0.055487507775478555
310.0,0.2493293722148934,0.12717861028034602,0.2188681144731203,0.1423670325743784,0.173674858448627,-0.28253289280535293,-0.10725040742527538,0.20432967352338482,0.1394063098907334,0.17485644239114598,0.18548474394450243,0.08275347066786838,0.18154084009323668,-0.041803240957522914,0.23390142082150772,0.017488809183816283
311.0,0.2651304849446782,0.15409872881394487,0.17967546506562151,0.14250635397451183,0.15340789315211223,-0.3124578934667762,-0.05011303681090655,0.17416117118269617,0.12417031862435458,0.14042266718314605,0.11879825596602037,0.0424890136003505,0.13692725431259423,-0.08107413401916277,0.1960949203692965,-0.011486214817795617
312.0,0.25083899168229506,0.18398252523243094,0.13880492209146417,0.13377497350416204,0.12410511323895342,-0.269348395911414,-0.007991922784374059,0.1435101996909662,0.11749987307799564,0.13266931862477557,0.07684902195283697,0.012078574167607043,0.09083709753174454,-0.08863853986982322,0.14687619076531677,-0.03402991017267137
313.0,0.20486279345669473,0.18448885712446278,0.0914653805847254,0.1058959950928855,0.0848311896659656,-0.15898713710177953,0.005174808731258395,0.11019219963465529,0.1111566340017302,0.13277089217324192,0.0524982500301347,-0.011136263162394635,0.03500558707090445,-0.0791149141861726,0.0855906279982296,-0.05066788810586691
314.0,0.13159964201712723,0.13305256917115543,0.04112299786345284,0.06544867193880759,0.04033835711817187,-0.004184607825096841,-0.005115557413281783,0.071418508898729,0.09478340908109875,0.11703592836310361,0.03648941099895752,-0.028647044777994016,-0.031574799889830266,-0.06167744527519452,0.016000776071652244,-0.05995546613881341
315.0,0.040119274459513056,0.02602874392926462,-0.0052124064493538885,0.026750552139224525,-0.0012080881264944438,0.15613282533979198,-0.020948415294397293,0.025200382375980164,0.05964330810735954,0.07008180589543281,0.021264484520978472,-0.040282145954677336,-0.10093342167425365,-0.04178570018166269,-0.05318139302551569,-0.06120366019716029
316.0,-0.0584337154669107,-0.11860834350067563,-0.04270856742863614,-0.00037447655206213537,-0.031569891142348275,0.27546891971884546,-0.019604820736320798,-0.02976068730587982,0.0018059000482625648,-0.007679229547307442,0.0018562651537272592,-0.04571556692673215,-0.15982942281972887,-0.024674306164262312,-0.10942265597743918,-0.056641679849120025
317.0,-0.1527046958342471,-0.2667649971085634,-0.07032241416542453,-0.016294592049391366,-0.04503031480292348,0.3151615684170221,0.015448911821342762,-0.09258177581945497,-0.07452669263831703,-0.09972725117170517,-0.023432805853197763,-0.045864617271327845,-0.1961084722644389,-0.016185666292734532,-0.1396241445995733,-0.05093718360460161
318.0,-0.23193701880459303,-0.38011742724739767,-0.08874748066724798,-0.027820172969556786,-0.039995078139200065,0.2609408713095635,0.08293789985513592,-0.15667239997908355,-0.15517165406055422,-0.17917534347958072,-0.05183160607032717,-0.042363133228002565,-0.2035120314129243,-0.019796228446473035,-0.13554479088416502,-0.048370220613207164
319.0,-0.28673747011083417,-0.4290991595190631,-0.09871279912783433,-0.03957519620001998,-0.019766335192937235,0.1320065764252,0.1621553643597916,-0.20815836754813258,-0.21886691528446714,-0.2192049808154586,-0.0762863966351824,-0.03557029744606553,-0.18190646323940562,-0.03196695808237428,-0.09876274528577277,-0.04990758775481464
320.0,-0.3113823862580304,-0.40202850229967707,-0.10290108167325494,-0.049100232502518174,0.007454158427347064,-0.02332543853595915,0.2262652725158486,-0.2303411884252195,-0.24656787116590786,-0.20523827770315373,-0.0890543086206724,-0.023432062115564735,-0.13482349376375535,-0.04111469946458732,-0.04151925907682339,-0.05243384494292994
321.0,-0.3077227465902889,-0.30838783191791047,-0.10905292089951926,-0.0502163038269815,0.030207047968061163,-0.14431307010749658,0.26185050234926655,-0.2131182664886857,-0.2326047059483666,-0.14312442789151017,-0.08672447179986893,-0.003024530366616064,-0.06914519177011462,-0.033752884419329734,0.017927503123247302,-0.050695372988232616
322.0,-0.2870314693317043,-0.17527345043738085,-0.12708006830822377,-0.03945689310470249,0.03839275496813912,-0.18057818894677719,0.27922511225718605,-0.1605592121144268,-0.18845400820218136,-0.05738563651858153,-0.07107814053772528,0.02640659998941277,0.003554107395599545,-0.002722302855596181,0.06338014087767926,-0.04077964186719187
323.0,-0.26548872973882237,-0.03747129339336648,-0.15891362190744748,-0.017545938051016195,0.029290803455600894,-0.11179886473606415,0.3039412968944244,-0.08999935824386128,-0.1352620094242502,0.020660468833178024,-0.04467874500765404,0.06196605829975996,0.06887567506689214,0.050835332711802864,0.08764820196341333,-0.023041497225585548
324.0,-0.25498680351648545,0.07442040063114336,-0.1909224589804484,0.014140027949429455,0.009942144896342485,0.04555033266389112,0.35479668578699314,-0.02293724207176075,-0.09161031393973436,0.06755933087264497,-0.007182050722451071,0.09826431168658212,0.1147407399388571,0.12142514233425097,0.09421070708225751,-0.0025447924676970358
325.0,-0.2566526669389965,0.14236753781236847,-0.19868824178875055,0.05574320989044768,-0.007063456716572543,0.2472584542320427,0.4257583464694378,0.025411165657744192,-0.06553060775995054,0.0766508131665704,0.04315659111723736,0.12956393441746172,0.13531013753078197,0.20195297414396893,0.0930504906927448,0.013251583412864731
326.0,-0.26176699739628023,0.16307846958473873,-0.16234294927250353,0.10626834539637338,-0.011418176505487104,0.4389163338638162,0.4860080663844433,0.05100321566379084,-0.054122793945543535,0.05750535233634457,0.10457442876882198,0.1512475252007771,0.13142448123607064,0.2824758779151259,0.0935918040403747,0.017764703771749442
327.0,-0.2578595645732068,0.1442878835645289,-0.08128650614059275,0.15905313279790143,-0.0007595881125923064,0.5735395541197805,0.4971231877434305,0.05857051475401374,-0.04863628063768585,0.027566545171999118,0.16804577379420224,0.16043325242792136,0.10844439769403735,0.34876728806430024,0.09904953237815797,0.007571159314037897
328.0,-0.23516264074436122,0.09861870325118946,0.02267958021056632,0.20095171801785486,0.019376186421648227,0.6260828288804253,0.43528570846468134,0.05549619629289955,-0.04064812261835888,0.0020738072839391383,0.2189038299824196,0.1562926556027059,0.07317138686740841,0.3850891392730158,0.10583856558065448,-0.01677389799027939
329.0,-0.19029587043866683,0.039754038311216384,0.11596129026382002,0.21755927194680014,0.04037193313478289,0.6013766765144869,0.30572108375508994,0.047260835005861465,-0.02541910813636247,-0.010856605288038978,0.24438706043035682,0.14040635407792074,0.03192088905923414,0.3807213081620501,0.10804911655243532,-0.05103799438668694
330.0,-0.12646205209007963,-0.017811408767252374,0.16929572986122013,0.20072703099317424,0.05584343020303633,0.530109276546069,0.1418157155718284,0.037143899502946734,-0.0018105027973209843,-0.008401533634445258,0.24132462249321368,0.11693245539838767,-0.008854687735657741,0.3348609497048374,0.10276502391760703,-0.0883986639836993
331.0,-0.05137498499599714,-0.058664612478854204,0.16925196446457388,0.15260196597358483,0.06372485452957144,0.45354565028613836,-0.009613143179807063,0.028124487466854222,0.02828199035049928,0.010298270677680922,0.21704065410880613,0.09199161542894103,-0.04095052098013566,0.25584414550502965,0.09218107581064268,-0.12096721359874855
332.0,0.02493963793679785,-0.06952828376014122,0.12133564341212001,0.08423250974330042,0.06500177327032561,0.406211888367248,-0.10691404242136243,0.02281254206180869,0.05888539825423329,0.0434176568608786,0.18303361308685775,0.07201176642859838,-0.05535001271033439,0.1568421398614907,0.08217436023397162,-0.14151955570178837
333.0,0.09145656597059743,-0.04507617562894326,0.04601600881905545,0.010885988090800769,0.06157840933389982,0.4058202109824744,-0.12671228611222599,0.020699523749281704,0.07929262801454372,0.08279660743043561,0.1471457595164414,0.06156074443815008,-0.046542852330720794,0.052529246758687594,0.07919581242439641,-0.14532669425610176
334.0,0.13779698633406431,0.007840394027083768,-0.030013615026315086,-0.05260428544395298,0.05523381140659908,0.45166187911888755,-0.06949360242148438,0.016463674267806018,0.07685651357271645,0.11338853934453012,0.10990165044243438,0.061606273486925586,-0.016631499628891256,-0.041885440864040537,0.08690134562435614,-0.13158527694275815
335.0,0.15705793056003106,0.0714640399554593,-0.08429281636288169,-0.09445997835219333,0.047426476126820986,0.5275376380533716,0.04164913686300772,0.002130961088361575,0.04302414991376184,0.11868124119673815,0.06635131142172072,0.06906548969329546,0.024381417224704296,-0.1109800031070769,0.10348801698516932,-0.10363458703320935
336.0,0.14810145371810907,0.1235748044607098,-0.10653674332489632,-0.10723583330562866,0.038795825637290456,0.6084447866646453,0.1701288162259729,-0.028221483856735244,-0.020679766034207545,0.08866615004338624,0.011254782702473308,0.07843055531975594,0.06253249005234916,-0.14115245902438162,0.12138019118705991,-0.06765616884138806
337.0,0.11563033460039351,0.14591723691363478,-0.10066904921631581,-0.08940644425084991,0.028500585773592158,0.671783056128442,0.28118386298947035,-0.07402120505549892,-0.10025549444872345,0.025367506971246807,-0.05530556450026065,0.08544939318782824,0.08649784645268299,-0.12470301243911522,0.13047232602898665,-0.030434239624284497
338.0,0.06838083788741271,0.1312439627733222,-0.08101362522337001,-0.04703534971428174,0.014518995279324223,0.7074307518098797,0.3553309405782201,-0.126329542637016,-0.17249994410559674,-0.05665456145585581,-0.12498475680123518,0.09036793042630005,0.09328766432123528,-0.06346393254591334,0.12346602900707732,0.002575148162653133
339.0,0.01612246570837321,0.08606609662090997,-0.06603139252890726,0.005894798058082779,-0.004951765140407235,0.7181141295601476,0.3912866013520886,-0.17052094450576288,-0.21365238566565967,-0.13509464512224692,-0.1835252777266166,0.09707673134911712,0.08807945135371002,0.030024401666105285,0.09982771834598159,0.02769526022735639
340.0,-0.03347232641309294,0.028555508282973693,-0.07277210229940781,0.04944863839058788,-0.029852424926179826,0.7100186349415814,0.39847870507488625,-0.19290891155701012,-0.20958397079512722,-0.1876907875618771,-0.217397978912694,0.10842199755658827,0.07789319840725747,0.13365709995073488,0.06610030243273272,0.04228452976719256
341.0,-0.07580703167854451,-0.015528960587405704,-0.11197989375157259,0.06301925213990811,-0.05685539542819223,0.6825114436889917,0.38780739818575244,-0.18656445567945323,-0.16130083654057636,-0.1985893463339862,-0.21935348985694678,0.12288793553695987,0.06585449251498748,0.22001371292481225,0.03332565977589069,0.04453698224259533
342.0,-0.10740043908331744,-0.017014781919701,-0.1827255382337574,0.03382421834804907,-0.07855839093583954,0.6243646675527041,0.3669141134574443,-0.1517634957870482,-0.08238283586196639,-0.16061172475312116,-0.18867706401420517,0.13614292817247395,0.05152582919872072,0.2646157766107592,0.013713056351867979,0.034802984198803955
343.0,-0.1234236595381998,0.05011165036817139,-0.26841782393149194,-0.03483636212690711,-0.08437278744858458,0.5175265227357067,0.33830205820012993,-0.09184204578388133,0.008606150212663952,-0.07513741959511516,-0.1282670607923215,0.14474933949492255,0.034781769509190395,0.25513666826758097,0.017314003207603988,0.017292340327780143
344.0,-0.11723677744937785,0.19764936736603136,-0.33775270050155654,-0.12059541337008041,-0.0640321506819864,0.34698117436407466,0.29721559928098445,-0.009558347429501589,0.09517649463258415,0.047352079361420614,-0.04336870952748019,0.14782269137189458,0.017813869004625536,0.19664540827116975,0.04810763040302552,0.00011500555425344453
345.0,-0.08210847990790691,0.41040528179089253,-0.3521917351361236,-0.18760649187259532,-0.013253943646226044,0.1142579467778133,0.23031013534535744,0.09179742501317663,0.16665461077674934,0.18593899031526243,0.056810460229120625,0.14605061263159544,0.003804024869289164,0.11041163045713955,0.09975542081207892,-0.007394993909284893
346.0,-0.014454582191995375,0.6384669296084474,-0.279793998557138,-0.2006745144728031,0.060259171607243124,-0.15251608067916672,0.11879958675013376,0.20272354015477678,0.21803932894419498,0.3093405360273089,0.1562307582298335,0.13922501447933686,-0.006525412088711831,0.025784514301821666,0.1529650880300167,0.0007637269451393931
347.0,0.08202895033520237,0.8033996002553003,-0.11308459699854868,-0.14288276716871132,0.13399898793403672,-0.40290341371750454,-0.05242146022257182,0.3024260029241101,0.24620682367510174,0.37997455620108367,0.23027191854093865,0.12311322358445118,-0.01883797638555178,-0.03326901128746266,0.17780056095529095,0.02343443078833404
348.0,0.19353439410465045,0.825247135123687,0.11805832693805865,-0.026224049304307474,0.17615335687086228,-0.5864758479923594,-0.284203533695259,0.36214432549757214,0.24619338578663885,0.36536235076877016,0.2500601734807284,0.08855950518658541,-0.04553406405741487,-0.059881445547498066,0.1445487589348407,0.052472254364334614
349.0,0.29856193163019845,0.663753654971886,0.35198576918315677,0.11396443967490535,0.16093298822754468,-0.6794474043604937,-0.5565917320542277,0.35966588885443385,0.21361411208390016,0.2563801503530366,0.1962912919186214,0.02675279246177384,-0.09808381035605132,-0.06459079382387349,0.04131024628851697,0.0778062404620963
350.0,,,,,,,,,,,,,,,,
351.0,,,,,,,,,,,,,,,,
352.0,,,,,,,,,,,,,,,,
353.0,,,,,,,,,,,,,,,,
354.0,,,,,,,,,,,,,,,,
355.0,0.3796083156691754,-0.5795962023825642,0.1725347062469158,0.13037735668354297,-0.1875521180011141,-0.5144624600277288,-0.5077956235039279,0.05976817237842205,0.1306073134912212,-0.015419348075890488,-0.1679790309249293,-0.2514461347917029,-0.054073732464347664,-0.1023313056283256,-0.3006780795209524,0.06758920939619084
356.0,0.34692992169262193,-0.4620884617352555,0.0752441500986021,0.013823718116857543,-0.12437114702238625,-0.49181960912135325,-0.16828583585184062,0.09377828712742384,0.2163039267792297,0.1584460811412047,-0.050097473111896176,-0.18752554050932158,0.09755300194972856,-0.10951411478154037,-0.18165867560820023,0.05242520609247241
357.0,0.2942645231302369,-0.35016997198558397,0.005935717950753965,-0.11031676026690858,-0.06438760976781571,-0.48064484840183824,0.1140863584260549,0.1081572360252374,0.2752220016981686,0.2946239463976825,0.04490109340964164,-0.12138028288827096,0.2239906550502559,-0.13315313885915717,-0.08608713646846308,0.03162914448118094
358.0,0.21526696940239276,-0.2862293704758669,-0.047346313480868235,-0.24059552193347641,-0.032081870700234584,-0.4970523491295429,0.2788685167310199,0.08532212011434061,0.27997200418678975,0.3549452678596163,0.08054254452401217,-0.06756657077959238,0.30276456423853026,-0.1880915459292457,-0.0428315357259717,0.0007135107654251406
359.0,0.11383824219427663,-0.2793902006088688,-0.0960539216194692,-0.37677833495909396,-0.03828033352776943,-0.5564528441711645,0.29563897741701234,0.025310568748360397,0.22356013738174482,0.33027667918624204,0.04887553385152252,-0.03045679332047735,0.3328227235309639,-0.28275928112592524,-0.058189407367395835,-0.043902735385302455
360.0,0.005722661795496406,-0.3074176050022568,-0.1438368552227841,-0.5140313826365683,-0.07857157516146797,-0.6572185986424883,0.17020940342969174,-0.05449723525916757,0.12203029604196809,0.24038403443849224,-0.028943287854568008,-0.005675407378390222,0.3289508909097165,-0.4126118587727767,-0.11714865711011319,-0.10104927896883323
361.0,-0.08533978570766505,-0.32890561064794743,-0.18416979067795136,-0.6367922823716692,-0.1354843939056929,-0.7696699131350094,-0.05590591495734665,-0.12629266623009977,0.00847959656159065,0.12466200407553735,-0.11225480127013217,0.015245392853685499,0.31116508800935055,-0.5556029607025222,-0.1912375271284749,-0.16201970751977393
362.0,-0.13431238320601321,-0.30162233968758234,-0.20076457653685528,-0.7145531747023842,-0.18275648134311098,-0.8414178070712572,-0.31537145414677886,-0.16295187868684738,-0.07729540543373309,0.027355819758190226,-0.15552656558507122,0.039072710495912495,0.29433580381168484,-0.671378582873666,-0.24852540779992402,-0.21118334189487953
363.0,-0.12182644695307389,-0.20164044267554132,-0.17037046740863515,-0.7046570829224935,-0.19209365703615428,-0.8187723922502519,-0.5337037171580806,-0.14922133716757635,-0.09976806818264436,-0.018035274917738296,-0.12429914759341851,0.0659151069703412,0.28040046032212895,-0.7080120267561826,-0.2628880219374213,-0.23035489755545208
364.0,-0.04068588321206266,-0.03677353952065085,-0.07101086423882963,-0.5668628952711164,-0.14270359004873723,-0.6712738514872889,-0.6499928443343715,-0.08884843487139553,-0.03849097196345519,-0.00036762942081960986,-0.009131515110018579,0.08701973870365731,0.25545359849721544,-0.6191321806195812,-0.22145767182965326,-0.20533238550913233
365.0,0.09828621567240102,0.1513552685147303,0.10453416540227715,-0.28704502697464274,-0.03136848707239342,-0.4057086527364666,-0.6323405363265322,-0.005023077371259214,0.10217517486820883,0.06505519896536419,0.16743156984462138,0.08662984707480172,0.19466896130811434,-0.3874906709976506,-0.1294365335286695,-0.132558626010748
366.0,0.26332602152782786,0.29997003240639214,0.33723986886792123,0.10211348383068246,0.1215400337412964,-0.06691924338060842,-0.4863127323632942,0.06720336564887229,0.28863699365281686,0.1417190183665847,0.35553800940437646,0.04825372401383952,0.07559130898804407,-0.04339695329309777,-0.010396824555349179,-0.023779514042087533
367.0,0.40618003391634416,0.35148341516722587,0.5807546007821384,0.5189070183267531,0.2751467723299182,0.27037453102481995,-0.2561460334499893,0.09582129206093044,0.46400307964725973,0.18628968916245606,0.4944417494090936,-0.03570046402834544,-0.10457356153416335,0.3351769475396465,0.1001385687143416,0.09458025196051165
368.0,0.47652304509461585,0.2836288239820275,0.7739507100529835,0.8572651364008571,0.3823885682964815,0.5189379215519383,-0.01327926277487177,0.0679028360459621,0.5658675215420784,0.1678438750014878,0.5350610770981132,-0.15495317909945766,-0.31713177213407034,0.6474405625175831,0.1677537026346293,0.19008824057863305
369.0,0.44200768681029684,0.12487926446361007,0.8621802956793311,1.0293318916439882,0.41006171541444836,0.6067487617913955,0.1705898227254263,-0.003785091829990138,0.5506383183800622,0.08222505045958474,0.4586145253445376,-0.279972890355287,-0.5063906932779368,0.8110115502782033,0.17397897504737764,0.2384457264828246
370.0,0.303276934509752,-0.05877951149903587,0.8161876434441492,1.0014251306995354,0.35276407401361476,0.5053790026270969,0.2535152908577115,-0.08891121295510081,0.41281878043525777,-0.04763713347054757,0.2816659421676497,-0.37256205267284626,-0.6132490529447159,0.7963230073830434,0.12461438279189511,0.2343925827155881
371.0,0.09485301929470062,-0.19923484864705382,0.6403297860955794,0.8021561651478468,0.2326087162271362,0.24309406396821429,0.2365167169661957,-0.15634875628164036,0.1885190003366856,-0.18477887746159555,0.046891890565523606,-0.40426863722679246,-0.6058509008186258,0.6333008404522744,0.045853118736366036,0.19150979874991864
372.0,-0.12859017738704642,-0.25870502033171233,0.36926884614674743,0.5017426096299006,0.08688521909653711,-0.10442798693511511,0.15412492028842242,-0.18788887754792016,-0.05910512907943138,-0.2942578622895671,-0.19204176110535034,-0.3709577441708381,-0.4966785387262762,0.3890674165779298,-0.029633883456952035,0.131925013677002
373.0,-0.312881541694476,-0.23729315849278,0.05658630069813896,0.17994460512566743,-0.047499145826505114,-0.4399655652703213,0.054763752630104946,-0.18133982543329075,-0.2651206884147646,-0.352671688520195,-0.3840301793928831,-0.29262180391618214,-0.3328886540252775,0.13500693689524212,-0.0775495490042301,0.07511477265213655
374.0,-0.4217941051480252,-0.1572564725660309,-0.23973090839928232,-0.0977476738936161,-0.14464219797825,-0.6753775809439159,-0.015513749405142064,-0.14438917821430514,-0.38609056629859334,-0.35045736595013227,-0.4910919959691242,-0.19863986173861534,-0.1671750497713532,-0.07572396592724394,-0.08878358689952501,0.03345569140774011
375.0,-0.44538807932908053,-0.04479083062396311,-0.4706021551954082,-0.2895282771109322,-0.1929442868062168,-0.7570249297472403,-0.02435980128277376,-0.08728265484526013,-0.41138916669075926,-0.29209246828402086,-0.4967542308394184,-0.1113496033047647,-0.032359567405476485,-0.2141101663881605,-0.06706418286038168,0.01352329543785991
376.0,-0.39930928749714895,0.07607085552338459,-0.6061250274520302,-0.3792832321364866,-0.19382294761861982,-0.6797259039745402,0.03721570635941627,-0.0207670688255835,-0.3609127634574513,-0.19636381132805075,-0.410767611773649,-0.0403038826927298,0.0632152543837255,-0.2728311885580625,-0.023391934786443025,0.017396217213669123
377.0,-0.3165539110059539,0.18218075277440537,-0.6413700199184741,-0.3770417354324231,-0.158635403601013,-0.48434415202158904,0.15044293667309583,0.042154758102881634,-0.2732204335122723,-0.09333793999374855,-0.2665741541006713,0.013184815612756775,0.12360545417893096,-0.2628789451724856,0.028237277731693582,0.04156574137580949
378.0,-0.2334000501319066,0.2530228026919858,-0.5948775821978868,-0.315033580870095,-0.10430240808651922,-0.23911946591204641,0.27629517512484436,0.08652785582495855,-0.18918039052009175,-0.015241650858153337,-0.11010916646626857,0.05000478958083513,0.15292493198893756,-0.20873295096200611,0.07437595557018195,0.07599040868158233
379.0,-0.17500777268312834,0.27636251730541833,-0.4990914039607758,-0.2353386349355633,-0.047983921696232765,-0.014000135916785957,0.37280963240149256,0.10028543604371778,-0.13683091654419585,0.01570315346805073,0.016272937850164215,0.071135663010462,0.15276396018134622,-0.13972343981928867,0.1059019471424637,0.10620438755323777
380.0,-0.1485073474942383,0.251936827697474,-0.38772754344330357,-0.17331703122838837,-0.0027623713713691065,0.1405758545853838,0.41132381692023423,0.08038527423423088,-0.12370650558275029,-0.004377002021084789,0.08745417356750318,0.07819458342433346,0.1261202133975294,-0.07999176011074989,0.12015196176245088,0.11818784258787617
381.0,-0.14653068295444927,0.19006050590729956,-0.286991986666021,-0.14655120999478247,0.023868974353461445,0.20445340194240294,0.3832138688804566,0.03517355617664119,-0.13962777815443708,-0.06127470125079942,0.10069778241774689,0.0737768918473015,0.08002080681990119,-0.04254182822919337,0.11972720800777097,0.10324536132327747
382.0,-0.1562185243036478,0.1068969344902346,-0.21226343303340245,-0.15404566516139145,0.029540053272682977,0.1862804413622374,0.2973742481411968,-0.01911383300963935,-0.16649042906974734,-0.13080413710574182,0.07098865482507566,0.06118571763533006,0.02431377922666414,-0.02948478418467115,0.1093876706042954,0.06059936496274931
383.0,-0.16617389435007088,0.01928787863099747,-0.167842061625373,-0.1826335511635123,0.01642984262485563,0.11164555912220807,0.17322453084996386,-0.06561336252663384,-0.18815250578786683,-0.18999210420728885,0.01997900061519933,0.04406694150626374,-0.03136274156733755,-0.036069071070067654,0.09325659129407632,-0.0025936748960824103
384.0,-0.16865309282340374,-0.05928499195442506,-0.14928110388451207,-0.21561020962697844,-0.00956256870228772,0.008344771860022849,0.033620816072052494,-0.09404132420936352,-0.19605040279652172,-0.22628006568882533,-0.03550925202124838,0.025378358047720012,-0.08055330272685592,-0.055668541481076916,0.07299613855014658,-0.0731156645222727
385.0,-0.15969968238838658,-0.12078038885079885,-0.14844274499680835,-0.23998900836403922,-0.0409570615070812,-0.10249198145210553,-0.09965988779579221,-0.10461570154880376,-0.19031241532374052,-0.24113886077226485,-0.08919674934459527,0.005932247771341712,-0.12105910000551062,-0.08365337511481998,0.04739332905624654,-0.13500353669885642
386.0,-0.13976720134676757,-0.1621340729916197,-0.158322586761487,-0.24996445755466884,-0.07137183780100372,-0.2068541061818717,-0.20797529353430405,-0.10681887556344827,-0.17763202215130172,-0.2465399774982892,-0.14241317045621046,-0.01539781639703331,-0.15236790030334674,-0.11817413722126029,0.014062009769210881,-0.17393108610626118
387.0,-0.11411206760831984,-0.18305755875103447,-0.17468184918619012,-0.24661151684353783,-0.09700383696470803,-0.2943083581581694,-0.2783151683731169,-0.11356455096161719,-0.1672565308339567,-0.25613351557472247,-0.19646238307709285,-0.039150508724052624,-0.17107510076317872,-0.15831713525693417,-0.027554720140736667,-0.18185457520242315
388.0,-0.09118924452398143,-0.1845508584677065,-0.19543859193611463,-0.23612054430678947,-0.11671890642903883,-0.35669389070907154,-0.3076331513486094,-0.13403124639605968,-0.16712905520096927,-0.2767909797256707,-0.24817346310502392,-0.06307427779731749,-0.16948297677020815,-0.20295760310161273,-0.07421817703810116,-0.1602806315069013
389.0,-0.07893492345147508,-0.16960081620399647,-0.22005438083409673,-0.22732078970476105,-0.13169465999257549,-0.3916637039054438,-0.3050842163060307,-0.16878328567759662,-0.18174512872947382,-0.306129269468975,-0.2923206864906427,-0.08291631571999608,-0.14060010979957177,-0.25141940883669106,-0.11945852722959915,-0.11998807396284195
390.0,-0.08096691695492061,-0.14467057374275066,-0.24882329412451823,-0.22740317986366662,-0.14453084213184578,-0.40673031894873873,-0.28732907029378846,-0.20897232393666038,-0.21120448634398947,-0.33637393776871016,-0.3267819347213692,-0.09552316219684716,-0.08596641068058783,-0.3031922783366456,-0.1558009731610408,-0.07655186966416243
391.0,-0.09528358111981029,-0.11957289310786695,-0.28072068885207213,-0.23746625789253606,-0.15697501060255337,-0.41545176443564097,-0.26865152842566,-0.23944008999104993,-0.25045588218722126,-0.3596214626131844,-0.3534457589719916,-0.10101234425211628,-0.018444187053509566,-0.3556110969601058,-0.17656757335618528,-0.043773144723412864
392.0,-0.11566777210114058,-0.10436005874085158,-0.3102277435542698,-0.2513870624900694,-0.16696743988554863,-0.4247721869171475,-0.2526460044534121,-0.24397755783256175,-0.28922170628728916,-0.36953070116049136,-0.3729630143556198,-0.10157770907836862,0.044017822673455775,-0.40176750501112046,-0.17648671220650622,-0.028308650882733506
393.0,-0.13368578067409767,-0.10383180934449344,-0.32620267905306133,-0.2580789843676283,-0.16773866172874954,-0.4248388373861096,-0.23004462477478213,-0.21062652740882104,-0.3138670201387497,-0.35957856255718296,-0.3793095048577469,-0.09798712586871586,0.08888506301937646,-0.4300169384790934,-0.15248350618208079,-0.027936146115056078
394.0,-0.14067261646338153,-0.11351049511172862,-0.31536335326160986,-0.24499807304137655,-0.15092388349692254,-0.3920696328554175,-0.18387490871300582,-0.13627825534866114,-0.3117056250318624,-0.3227886354601188,-0.36117970380390724,-0.08755682565553387,0.11473747045074362,-0.4253080042134836,-0.10581162774955681,-0.034048499397169814
395.0,-0.1308100554235789,-0.12180915364753078,-0.26860238328531005,-0.20243827666305397,-0.11211431665702748,-0.3033349636661098,-0.1010249063827625,-0.030338956886807305,-0.27633672038836976,-0.2560508006043019,-0.3096808972404644,-0.06598299582742034,0.12795714086635368,-0.3736657241901733,-0.04406306050668706,-0.03679490428740259
396.0,-0.104191232091424,-0.11781418184327429,-0.18600077259181916,-0.1278914562278328,-0.05481918163846361,-0.15090665277217555,0.01576524030822965,0.08476637927161275,-0.21100963202704873,-0.16560716058229302,-0.22586885710120996,-0.031329853421277164,0.13459397125160374,-0.26942914941621066,0.019622869804921842,-0.029957797700996918
397.0,-0.0667528211696152,-0.0981374354698643,-0.07894576124227569,-0.028029812763894307,0.00996848116307653,0.05005068839618051,0.14525252674837044,0.1794212242069592,-0.1278856339759875,-0.06754239005188487,-0.12328177372078974,0.013430168468458547,0.13497376740798522,-0.12104886308184411,0.07086781374711223,-0.013168931542012907
398.0,-0.026324317196799677,-0.067495081311856,0.03091192084636925,0.08266429362078977,0.0682605307226653,0.2652573359831995,0.25790573307972114,0.22852442697562486,-0.04349201602054543,0.018891025144841485,-0.02377427448122788,0.061096136520632456,0.1248753154917161,0.0485816712438498,0.09985046227438586,0.009057654534725198
399.0,0.012128741082779112,-0.03404452394520216,0.1184418462850334,0.18567400202464504,0.10895663420589827,0.45564458424312554,0.3307566656636826,0.2229514692258807,0.02790333169608076,0.08127483756498917,0.05296398611554305,0.1033983082847891,0.1010067837188667,0.20828223009815,0.10518613298329596,0.0302191397084456
400.0,0.0483405328614768,-0.004128405169728978,0.1673193192645505,0.2642276873236873,0.12789976121508,0.5933724949333057,0.3552583061982069,0.1732924798129071,0.08032385310894606,0.12050929238317107,0.10056894377274743,0.13495172111730763,0.06604651540996391,0.329571455565389,0.09349683564623514,0.04501570279473195
401.0,0.08463290868969503,0.020400670495526955,0.17909093224671205,0.30965415087722004,0.1281516814761466,0.6683436419737395,0.3352258886485279,0.10382718501576853,0.11782598220419999,0.14918083568141666,0.1286555997470667,0.15591516749256779,0.03025129549430429,0.3974329876705718,0.07560992623566161,0.05175673034751523
402.0,0.12177295310765077,0.04162525026784363,0.1707932212181116,0.32414017532223643,0.11711585147106955,0.6846873604796504,0.28115717394698736,0.04114465460792059,0.15003154821779552,0.18309735194715543,0.1544964344561892,0.17126709416768665,0.008518778176826738,0.41444064209781784,0.06252472005331612,0.0529828504654179
403.0,0.1560538811602009,0.06258232747967286,0.16398860449088287,0.3174719020523045,0.10284619734421076,0.654797267615843,0.2064254489897195,0.0035568502245080457,0.18442597849748202,0.2318384088023925,0.19129746696482208,0.18677663730335484,0.013462607964303848,0.3964433401206181,0.06262817130585334,0.053621285445036755
404.0,0.1799269758372381,0.08396080169836644,0.17409774641495696,0.30059588512606744,0.09130375581876146,0.5950420421395095,0.12502454362967128,-0.004169286778288373,0.22102428128852722,0.2937442827415589,0.24170797525215174,0.20454456832647128,0.04799498898278032,0.3639908059933931,0.07936289882843574,0.0574953082174495
405.0,0.18560222844082186,0.10268364324848543,0.2051531661642894,0.28040644881522114,0.0850229986742993,0.5229214348686525,0.049342772204472696,0.010836713339744968,0.25234098599451527,0.35658189300462234,0.2986761349627963,0.22095161679954406,0.10212390302465138,0.3343312419366838,0.10917606928649513,0.0643249539438479
406.0,0.16876887259524814,0.11257958934497811,0.24979676098178832,0.25772984917501474,0.08294838941543492,0.4546256887891599,-0.011244360233724549,0.03592978528099043,0.2672989013013812,0.40184450240585706,0.35028605793911566,0.22779973699681802,0.1560603778218372,0.31576435645730533,0.1412132833945587,0.06911420820752329
407.0,0.13008895030979184,0.10585549436356734,0.2923883916272435,0.22856642037936564,0.08096328042669898,0.40212191861192853,-0.050231244643928294,0.059827965166093657,0.2563167979468841,0.4107872292183748,0.38445674047971007,0.21594231943096806,0.1879503693215002,0.30505716983933256,0.16028338621270966,0.06443295763571615
408.0,0.07463344164734513,0.07508125226907925,0.31438177584380494,0.18802617104730598,0.07315282495873049,0.3703440206205973,-0.0637408559256917,0.07695345880224043,0.21601477878002953,0.37133507629659884,0.39191837909554317,0.1798504989523992,0.18251294018302666,0.2896250088869806,0.15294829023143608,0.04454948846250181
409.0,0.011029242806964682,0.0165093848880479,0.3021336246610216,0.13538797176390058,0.054238433283698304,0.3559173984109335,-0.051696002382934876,0.08828634337920402,0.15217752449731692,0.2840578127450855,0.3681129712589053,0.12100277447857564,0.13699387647575426,0.2549096639700671,0.11388035869350448,0.009322610295197866
410.0,-0.0493492031441927,-0.0658605257248697,0.2543188439843039,0.07740208534550126,0.02250240616442943,0.34803884640616,-0.019419760002507072,0.09880674945131272,0.07885821302706554,0.16419086301719896,0.3142044018035695,0.048409302262889,0.06220887538892446,0.19356516212867855,0.04854563673932492,-0.03431868605962528
411.0,-0.09453864135145151,-0.15802523211362898,0.18317176746711916,0.027096888488406756,-0.018611565241896465,0.33224322999138073,0.022664732442248505,0.11266107836214057,0.013250633398175948,0.03815427513853557,0.23631852498041364,-0.023786064992029298,-0.021442650105108214,0.11094974581659009,-0.029027075375641892,-0.07453563031401143
412.0,-0.11576531939505458,-0.23788300479239685,0.10760149951883918,-0.0023577054596029988,-0.061444082481695056,0.2973901630853067,0.06209630597197181,0.12874288526119568,-0.030993362249024967,-0.0641861318101835,0.1432818864002234,-0.08038105676430456,-0.09127888576325136,0.02332412778812141,-0.10109264227105622,-0.0998412967458582
413.0,-0.11128863453758231,-0.281833369674541,0.043152951798220776,-0.006150808088167516,-0.09723547345903047,0.2429710707515475,0.08902919347700443,0.13943488570200063,-0.049020228005926425,-0.11905346474278976,0.044787019513903466,-0.10985517793368851,-0.1307703516689037,-0.050421123499250625,-0.15085519346553458,-0.10463634747960578
414.0,-0.08819678343837008,-0.2736498281165025,-0.004277891743423307,0.006884952190438675,-0.11930482893770869,0.18194184413430928,0.1005656270703304,0.13352249433525723,-0.04668557859983671,-0.11702481519482281,-0.04859832597807192,-0.10864306101674091,-0.13603045631134159,-0.09813583828450448,-0.1659140784583164,-0.09121643318706252
415.0,-0.06007470932848755,-0.21077549066996282,-0.03709395172496154,0.018576396194054576,-0.12379829175552175,0.13666762803470248,0.10264826791628506,0.10240126312427156,-0.03726291010164026,-0.06611968230194269,-0.12437492073871627,-0.08237955353434612,-0.11595031942913323,-0.11797998157040115,-0.14067522018033302,-0.06692365793749959
416.0,-0.040192180431363765,-0.10505408187130198,-0.058614419648447776,0.015060117646465166,-0.10813072146780166,0.1294241189187477,0.10767763443917543,0.04660263211271392,-0.03338501520064279,0.012485959695485167,-0.16864908408868184,-0.04219840589030046,-0.08473766254726507,-0.1140183829900845,-0.07785664788873727,-0.03916266773511046
417.0,-0.033523399914557946,0.021208423319185966,-0.06671805451130954,-0.0009079963430483997,-0.07009096765616663,0.17193912781331988,0.1281459651820837,-0.021644676840497035,-0.03945841278856587,0.0939755195989412,-0.16994604737154662,0.0018056518496239815,-0.05237082455782128,-0.0892681614220849,0.011490066974531437,-0.012232906735850336
418.0,-0.03319378410255034,0.142009845856292,-0.05478426347903098,-0.0107132409345636,-0.009586016752900743,0.2593461175606442,0.16974217013314083,-0.08200958845158542,-0.050316542878890876,0.159461519076602,-0.12462813352809719,0.044948391836192855,-0.020202706286216333,-0.04354647673339132,0.11027525380917645,0.012546664178979082
419.0,-0.02509287554163,0.2354313168476416,-0.01898116556523004,0.006027675576845907,0.06828917812713368,0.3713235419465249,0.22862309738264014,-0.11427040578315639,-0.05643082489111302,0.2007336705325467,-0.04060260307283469,0.08715152070792292,0.016177570282487192,0.022348914250835183,0.19972895582428113,0.03485530117342281
420.0,0.0011941272009005604,0.2897428679336712,0.03437935899292928,0.05537033428929775,0.15172036901634295,0.4790260613385955,0.294878270682562,-0.10754357654506229,-0.05109208572196311,0.21872484409244514,0.06283299949869356,0.12870574926252681,0.060173400918333876,0.10112364058475588,0.264249870764276,0.05362069419788582
421.0,0.04264820660258513,0.30582796393696815,0.0871587757751895,0.12272282154471693,0.22407904034363035,0.554304111776758,0.359286536169315,-0.06592439574692961,-0.03446570302829925,0.21885490492884926,0.15969306195109614,0.16688734825016735,0.10871707278658606,0.17753583727064973,0.2950316612769407,0.06660913349115925
422.0,0.0821588525266871,0.29558503090508464,0.11558273073865917,0.17973125974026988,0.26918515018946515,0.5778454032305224,0.4176749102974406,-0.006529061806121282,-0.012027959191471288,0.2078036121395406,0.22576264246330816,0.1960391358858885,0.1519420462196754,0.23241551550203846,0.2915246800763506,0.07140379325510346
423.0,0.09812844696496373,0.2765844024361578,0.10201224662921826,0.19970420497598068,0.2778016465434271,0.5433720380038094,0.4692198188545538,0.04938716394852727,0.010891182586639105,0.19276927151046447,0.24755361629508602,0.2103636021232167,0.1782356962191739,0.2505777955005164,0.26073057234887553,0.0669467913784802
424.0,0.07753042845485285,0.26441847476545927,0.04587141752355625,0.17285763970915613,0.25197535561359224,0.45676580154153745,0.5107066167982707,0.0861744234717033,0.033636293701251437,0.18076623332730524,0.22700257964477694,0.20701936676939506,0.18123393547924094,0.22900217995670435,0.21487816129422077,0.05452330494466283
425.0,0.02412362213790112,0.26635948079340555,-0.03311999228795934,0.11265928077534342,0.20462865036240493,0.332293524529022,0.5328181149353102,0.09866095662260269,0.06037010315466824,0.1763245909373635,0.17923827665317119,0.18772839260952373,0.16396712644230682,0.17985476572172562,0.16815511695974422,0.03779479937055872
426.0,-0.041653034988238274,0.2797597422826919,-0.10222525465111951,0.04913774359037069,0.1542609514392761,0.1892295346543814,0.522193597551313,0.09134349506651897,0.0963269246029561,0.17891668166314184,0.12480515669671247,0.15828985533197754,0.13714729102141168,0.12495057700198145,0.13304132600864377,0.022061734154797112
427.0,-0.09002569258945621,0.2953908375073214,-0.13054132094340895,0.012728762773643909,0.11722338543647506,0.04958785353915691,0.4677928628135084,0.0742205267450223,0.14287395051848467,0.18277168194466106,0.08062371119312237,0.12626990594313708,0.11270886591282595,0.0844777339135237,0.11675606859530098,0.01259035277621917
428.0,-0.09374357049012128,0.3030327022387475,-0.10370022888734945,0.018333537480002896,0.1015604592663441,-0.06505178689823302,0.3678987167874793,0.05745149185106893,0.19433748953099184,0.18027344119608993,0.05455212419883106,0.09796869589987259,0.0973840061942977,0.06739045894319594,0.1190382352255701,0.012077178414590743
429.0,-0.040232659241296855,0.29608905223808685,-0.030083612744744623,0.058818633802174225,0.10544078955283068,-0.1384354561085551,0.2344392622041119,0.04672267679240798,0.23897345796384128,0.1670337467111621,0.04605057051541944,0.07632302067385903,0.09072896135409053,0.06922774095398561,0.13289689823022677,0.01882666010539512
430.0,0.061863977069084884,0.2734972737556607,0.06467450893235505,0.11048637590138753,0.12008581110534014,-0.16305749772848258,0.09228682211849415,0.04145221532869046,0.2640366282159283,0.1450943491803451,0.051307173912345856,0.0609119041686765,0.08780623361746842,0.07743393755453548,0.14844750225209039,0.027620978322585452
431.0,0.1856609189939008,0.23912536038698062,0.1506918424949079,0.14587537358919805,0.13457398680022592,-0.13982375961426666,-0.027744216364187037,0.036726843258839806,0.2615318175974227,0.12193121826668776,0.06833687486416266,0.049468166376371164,0.0831461281691213,0.0797168255371345,0.15738792144798705,0.03288675720044999
432.0,0.29649746711036457,0.19933923908520684,0.20593668701154408,0.14616800995311802,0.13951412576695169,-0.07808690568819567,-0.10191383381323556,0.027257444112720054,0.23092962879967277,0.10538453136316153,0.09758946320287551,0.03882903434446582,0.0728092823941926,0.06997353183843595,0.15462353613055105,0.031441406123382816
433.0,0.3636987566076113,0.15926869717828382,0.22085796213020076,0.10713979721675292,0.12792949877726018,-0.00011987990551975763,-0.12793331596010168,0.010453545931450885,0.17827657753448925,0.097178578755978,0.13699810952833302,0.024319434252193257,0.05397681027842637,0.04873329952434626,0.13579085850889744,0.02312946444125652
434.0,0.3682666999936917,0.1191497123874686,0.19493424109854693,0.03726129412361194,0.09396250284582236,0.05526039705335405,-0.1314415280805807,-0.012859597109093996,0.11311950486522665,0.0893250270595485,0.17573344419523237,-0.0007305032174964818,0.023886914585535938,0.01922836238543118,0.09363532338535122,0.009998866169195977
435.0,0.3049881117383974,0.07278231604018819,0.1300414521872228,-0.049182030155559005,0.03193956082480068,0.040018281898442684,-0.15769034269458299,-0.039480826822367594,0.04418864756364511,0.06640369482550766,0.19320640075816706,-0.043082149121024316,-0.019709549248464346,-0.017328394099483377,0.017928485358237784,-0.0051172783176222075
436.0,0.18122162540716968,0.009491161863861149,0.027234574434540564,-0.1395492911477923,-0.06173448306943879,-0.0826653765305247,-0.25031272358692497,-0.06566795129796205,-0.024535654040875796,0.013000400081752324,0.1663282823601149,-0.1057241434658966,-0.07671301485079017,-0.06417670237963001,-0.09921582618589223,-0.020420211425278563
437.0,0.01572685331343128,-0.08017711409866561,-0.10951996667873858,-0.22690981480930342,-0.18377472167110437,-0.3149443976993164,-0.42664028757310113,-0.08931974104682207,-0.09401812626998232,-0.07714306987792593,0.08201202382036965,-0.18471559342921232,-0.14353520927095867,-0.12749374368204372,-0.255049804203224,-0.036515567824631494
438.0,-0.1618202116297877,-0.196974767655314,-0.26537972873911775,-0.30857237164963996,-0.31920473968125745,-0.6124119480120972,-0.6620772100914617,-0.11116388929280242,-0.16520330083547685,-0.19439412969703532,-0.052200767629046074,-0.2686827581641221,-0.2135630818435438,-0.21104168735147363,-0.42980634915994054,-0.05600541108841429
439.0,,,,,,,,,,,,,,,,
440.0,,,,,,,,,,,,,,,,
441.0,,,,,,,,,,,,,,,,
442.0,,,,,,,,,,,,,,,,
443.0,-0.21981748502649964,-0.4879907611056228,-0.32491752424134657,-0.3815788147380613,-0.33902172413331,-0.6481796098853465,-0.7007129289647525,-0.1703346311449708,-0.23809638465054087,-0.33467998717536296,-0.39954875836027565,-0.2663018065976241,-0.3114892040853402,-0.4660939691949833,-0.4597868378578469,-0.1852154095222915
444.0,-0.07351335874672124,-0.36667918029925145,-0.16128801601107445,-0.27727217307376856,-0.18939290935055186,-0.3263933801087731,-0.411153891409743,-0.14126698466948523,-0.16353935223179256,-0.24416496755570707,-0.3111040233940215,-0.16441956871081406,-0.24160491431691883,-0.35625309589698073,-0.27477359086049064,-0.17476961757115728
445.0,0.0591772339024654,-0.20986809978228926,-0.00483433034908188,-0.14606129611155838,-0.04274076748457736,-0.02597445745475255,-0.13421955565377314,-0.0958637261722679,-0.08183300009325321,-0.16007263936403898,-0.19585905472083961,-0.06280801901963456,-0.1565414133710001,-0.1920968931738773,-0.09864495634206569,-0.13809401374065136
446.0,0.15311928144715484,-0.051232083048667235,0.11680913012395706,-0.010882734145918433,0.07634220568649516,0.20843925103119665,0.0878980325680117,-0.041601041387583956,-0.008915788608889948,-0.09754168445782772,-0.07202948355017144,0.017516347882004252,-0.07642008335885232,-0.004396817245937953,0.039128967313046555,-0.07753207879692672
447.0,0.19666510178397006,0.0799204549748875,0.19304081806275106,0.1066048574709982,0.1542180804773625,0.35846802419975227,0.24070162956440289,0.010938513455894174,0.044453321611191816,-0.05971747685693121,0.04312285082484127,0.06272222172187678,-0.01907867350654307,0.1711443903534412,0.12503939505466566,-0.001546867964898211
448.0,0.19133351356983486,0.16515201688800968,0.22917163165821833,0.19413310158229613,0.1888666514615544,0.4254123745220622,0.33058914640445114,0.050611567952283144,0.07524441473350585,-0.0411700098397605,0.13399748697692748,0.06973882957604384,0.00661142303519671,0.3058405733699994,0.16049459101100896,0.07586798736747892
449.0,0.147903350975956,0.19907850797092427,0.2382546633543146,0.24983242333442476,0.18748091295997849,0.42180420053162826,0.37275064232836164,0.06916491180541823,0.08643444316168868,-0.03344998289762902,0.1881963411100088,0.04607150448110247,0.00408369555964265,0.3834895728291597,0.1570345182492259,0.1382186940462137
450.0,0.0806196523960429,0.18768761079427623,0.2314430857326235,0.2768399227161215,0.16246746469101972,0.36476485915807083,0.38128085136519624,0.06419845087163116,0.08242439046036908,-0.029908561683288874,0.19841690262923206,0.005801501990764895,-0.012657264873756267,0.3998200916041363,0.13022012412194328,0.17247999664735372
451.0,0.0020775911827541488,0.14363678161405033,0.21326161176859335,0.2776093788413104,0.1271861155676532,0.2717072116061457,0.3646637772508928,0.03977992927470156,0.06582910265001599,-0.02818668926083332,0.16438563177421617,-0.03646100744581754,-0.026248603487316353,0.36073061041000554,0.09435010300378302,0.1748072604785013
452.0,-0.07850582893521527,0.08136059561569704,0.1832601222942708,0.25269329931989337,0.09233614903082135,0.15931339314316448,0.3263876741678274,0.004630150938788585,0.03809909237726556,-0.029450489706301756,0.09449489030346814,-0.07034213995134136,-0.02521165479486061,0.28078868266126283,0.05944412933651659,0.15163341502729372
453.0,-0.1531041827525318,0.01472067604499875,0.14085536380257463,0.20365025307608442,0.06397879249083027,0.0453340279863198,0.268790826555438,-0.03062895526706101,0.002287233391251141,-0.03507184153194993,0.005568277565815834,-0.09088585251599374,-0.008951004028243763,0.18012302699438018,0.030675288123815255,0.11554909714872838
454.0,-0.21194902295783144,-0.04398116502415567,0.08984566150713283,0.13639698918812934,0.04368195017764243,-0.05115010253150948,0.19667360040753265,-0.056531263938330696,-0.03528132962297493,-0.043896358297731294,-0.08108606301316944,-0.09708777615126109,0.014592742142662915,0.07926122338199708,0.009457777547023748,0.07933586637814433
455.0,-0.24386555664886128,-0.08640607114682114,0.03976784594545652,0.061565805883340194,0.029915258123921026,-0.11446678852923245,0.1175107721038491,-0.06814124532216832,-0.06618529465085095,-0.052919368731744215,-0.14674623078306626,-0.09037252028432317,0.03534533544029163,-0.006232931195827118,-0.0046829529215424714,0.051601540205356004
456.0,-0.2404109410778974,-0.11116726819830167,0.002354790479852362,-0.008847377667819286,0.019638569116995953,-0.13935393046235417,0.03902380730969403,-0.06713798527287505,-0.08297618426740154,-0.05985632543269636,-0.18132709426373225,-0.07396722828540908,0.04638109116934594,-0.06898101644567733,-0.012037645660394097,0.03530453982928118
457.0,-0.20054737026951525,-0.12394593625157493,-0.014720428518724538,-0.06613252707269725,0.010049464882234568,-0.13406780320894718,-0.032416968191051644,-0.06042207873077649,-0.08136188001926153,-0.0635345700132398,-0.18412507041831322,-0.052387161484135594,0.04598376097465745,-0.10943351639889469,-0.011296366366967566,0.02872760517840801
458.0,-0.1321860314583594,-0.13353734687364313,-0.01161992505745681,-0.10770162296026417,0.00046152096648003076,-0.11552081588109699,-0.09124687431832273,-0.055571314431167834,-0.060382024828055186,-0.06173360959269796,-0.15978180316087368,-0.030664040576177533,0.036767907628975,-0.13297318907434422,9.65069225607407e-05,0.027628584044576993
459.0,-0.049711330044146955,-0.14620570844922784,0.005072133609252965,-0.13679328235249255,-0.006840785892058953,-0.09814449899111242,-0.13190969058374097,-0.055898367370031336,-0.022276733476936265,-0.05025583247437643,-0.11394694878123639,-0.013336226600957058,0.023128255822121364,-0.14706167763729797,0.023598017073231385,0.027424450909821117
460.0,0.03070469550612159,-0.16192607073040913,0.026684377397649124,-0.15928657470046967,-0.008130478690671432,-0.08501497854577139,-0.14977708345326798,-0.058073460237492915,0.026912389467768527,-0.025468539389707896,-0.05218678581793396,-0.0029129983375686284,0.009151239412981549,-0.15912489987095177,0.05659217174461514,0.02499072500223714
461.0,0.09567101751827099,-0.1747612623372172,0.04605020952386926,-0.1788026622440232,-0.0015340693262861954,-0.06936110215821753,-0.14316847491377477,-0.054081820708642134,0.07742638946796705,0.011571171835558842,0.017720946953401838,0.0014545621074959862,-0.0019239142820506381,-0.1738098839535378,0.09129433920497396,0.019714787860263976
462.0,0.13738621118890915,-0.1770224423794975,0.05953249976237215,-0.19266565570293648,0.010873848165201658,-0.044085225012809606,-0.11431203391479532,-0.036634128454157734,0.11817284897582625,0.05326071517583498,0.08354370339298495,0.0034853768136992778,-0.0076133418681195,-0.18959273562095555,0.11736212790220872,0.013075550038531033
463.0,0.1541660041752152,-0.16443250422560204,0.06827512966229868,-0.19176482566214026,0.024202272436946757,-0.009322883579272023,-0.06887136103330076,-0.004245560374924206,0.1408077141868832,0.08827728721597017,0.13051701211447386,0.0074791747844818665,-0.006464778410501517,-0.19749607350160395,0.12686214061991294,0.006885837051483513
464.0,0.14934431690122446,-0.13900470881660085,0.07773663586811898,-0.16529678446479637,0.033534134975835315,0.027470078978948695,-0.01545616216741302,0.03761782789642151,0.14290573812261828,0.10749249709152134,0.1470499828245692,0.016070093401339507,0.00145071134380856,-0.18448877132323785,0.11791591163588205,0.0018194061056856993
465.0,0.12944318200118202,-0.10815884154611104,0.09429326433794431,-0.1078623434392903,0.035676265113068165,0.056237011878185215,0.03480324062441269,0.07969811454173271,0.12828914486125884,0.10860169262710988,0.12976019909971892,0.029455092319863586,0.01470442604525106,-0.14032298030883733,0.09510619642894777,-0.0024461281509557974
466.0,0.10229245491614923,-0.08059083534627808,0.12057908388038022,-0.02447235093393414,0.029508907309315584,0.06870151784955619,0.06986260771581203,0.11383077704700231,0.10484037321944452,0.09661309555990538,0.08486330307503036,0.04604701512365557,0.03190925256726987,-0.06365048842871499,0.06748262118994333,-0.006051231868118895
467.0,0.0754902004861112,-0.06097996036669876,0.1527286331617765,0.06940662501077051,0.01616088532708419,0.06004559907309665,0.0796702050992724,0.13618970786204426,0.08111106752213174,0.08076854897476624,0.026071200523131322,0.06355345867529548,0.05304347852577928,0.035568379547948836,0.04508585045979003,-0.008425099969472834
468.0,0.05491390577309484,-0.047222107109018266,0.18105383611497688,0.1526686682728945,-0.0007512579900730702,0.029498972305139873,0.05953655029795372,0.1470854354563814,0.06304694314872486,0.07018181636649347,-0.02983271802425319,0.07958291447776147,0.07814431711609231,0.13795311883939518,0.034559359683976706,-0.009117980291642009
469.0,0.04307647049330156,-0.03236642165594157,0.19369285135466652,0.20631802915013905,-0.015787641212124587,-0.018333047262385924,0.012963461674679485,0.14849936494571112,0.05236638683896672,0.07054151985964612,-0.06804615199012651,0.09177710192396052,0.10382785841181255,0.22046932041427106,0.03598296265828789,-0.008747439688527906
470.0,0.03795394391919148,-0.009017194758811723,0.18146933166574955,0.2204605683287889,-0.023980643034124838,-0.07334640128217612,-0.04815863923231701,0.14193630939545268,0.0472258888409103,0.08316474184501874,-0.07955358374400437,0.0978168981833726,0.12177370385283455,0.2640516199165527,0.04340098010771334,-0.008708784316946815
471.0,0.03315596087794067,0.02715542869566133,0.14161005059998982,0.1962216839488212,-0.023965143726172863,-0.12264261452970782,-0.1076975848298581,0.12754587036466372,0.043921630519292626,0.10566892709379339,-0.06302658080773549,0.09530408989236602,0.12143275840294093,0.25923981266072665,0.048503315264410055,-0.010351410838337556
472.0,0.02042020733543445,0.07613845517102397,0.07958342008652645,0.14247253391921516,-0.01928629808892532,-0.15339915184618103,-0.1516606405873549,0.10431871537691574,0.03861938305685014,0.13310336803371134,-0.02445281809514006,0.08216606707260944,0.09543546725527721,0.20782843207175272,0.044700889892558146,-0.014629711485423021
473.0,-0.005269358848360457,0.1347855509972034,0.00970241942200593,0.07217517554515411,-0.01581586625564837,-0.1548544807497845,-0.17236461102491488,0.07194912926884575,0.02952458608349842,0.15953196082619622,0.026155763401169402,0.05867992545699854,0.045480036818289556,0.12212420905438845,0.029950668433729802,-0.021597031113735017
474.0,-0.040454578518693454,0.1989878095856225,-0.04701281581255077,0.0013230812266741014,-0.016911317446977728,-0.12224770498691129,-0.16862078820246104,0.03389478073003226,0.018848247531163775,0.17962709292367138,0.07925167316931235,0.030048239864920598,-0.014362055209839353,0.023287028748710168,0.007775824439008821,-0.02957513998380007
475.0,-0.07222644427612739,0.26377726648564376,-0.06993982479351489,-0.05200807000441094,-0.02036557662168152,-0.06199927322542166,-0.14339434906049914,-0.0014051471026166914,0.012505440344526218,0.18908435079173685,0.12790885340972863,0.006421320195915527,-0.06094549970365184,-0.06243699363142118,-0.014220069528610733,-0.03537365085695655
476.0,-0.0833692302911468,0.32118626176804715,-0.04869689974019121,-0.07194755703909866,-0.01961889825621501,0.006919827648273731,-0.10099440923854545,-0.02338368558226799,0.017071095465701954,0.18404460259391694,0.16686338787679073,-0.001026793141189622,-0.07211992299815044,-0.11111368111906053,-0.02799132983596582,-0.035920120629786785
477.0,-0.06095930491663265,0.3595089427435476,0.01043571851126752,-0.05154524154417352,-0.00818569170399959,0.05791058716312399,-0.04565276114885521,-0.02455219560323278,0.03598972531669917,0.16114330327147597,0.19117041589651046,0.014327096621214185,-0.03747687974599502,-0.11028348888473513,-0.0285312683196448,-0.02972784623984883
478.0,-0.0035639869124970153,0.3668301646415121,0.08623986779864475,0.002974606314955889,0.016040030937554104,0.06697613829860574,0.01763082911007727,-0.004278887506749526,0.06729582634102071,0.1192136994460871,0.19703566107921283,0.051215454997214874,0.03708073903078647,-0.06442743797615587,-0.014955780453516681,-0.017050959510310566
479.0,0.07656700273147228,0.3372610205892241,0.15133957167704057,0.07361376026646367,0.048981982442622654,0.025247197018315452,0.08153501144352343,0.030792398090206653,0.10341299864918066,0.061801531818272824,0.18389177894270087,0.1010667411677138,0.13191208241664285,0.006979480077033884,0.010320345482620369,0.00046384491416196063
480.0,0.15742847459403084,0.27520581242742875,0.1819695491585857,0.1362979110245757,0.08119401469833569,-0.053194081697779956,0.13708700048476893,0.06888076733320433,0.13257809415228405,-0.0017838874300696002,0.154526057688323,0.15101804517673176,0.2196797263181249,0.07712990831106956,0.04211060051980074,0.019513783498527146
481.0,0.21580229166651563,0.19449818338165586,0.16444675729752092,0.16870708385053898,0.1010803213757289,-0.1351280550281991,0.1774263017611486,0.09657585140682823,0.1421648966805356,-0.05849910787255314,0.11327920281873329,0.18771564910050387,0.27289773971147285,0.12166491742463259,0.07261732050436288,0.035026894779491544
482.0,0.23621984420564357,0.11319755395185778,0.09892405367000238,0.15870257997081036,0.10016030209204074,-0.18277084031773377,0.20128753947354025,0.10339107959291921,0.12415186119107226,-0.09577554347237612,0.06598775855413176,0.20167067324903715,0.27314440822466934,0.12758233325454799,0.09317380166109349,0.04166814659250373
483.0,0.2162483680912288,0.04713847584529696,0.0006399742207796176,0.10988989324245693,0.07772038517801147,-0.17142202208982457,0.2118298723792872,0.08627916591618849,0.08067218901524248,-0.10545955536506597,0.02179484673677192,0.19096587728102052,0.2190963165992738,0.09751261323120648,0.09732592697445117,0.036369797267055755
484.0,0.16702164033520242,0.005354781632516724,-0.10392860783104277,0.04056703273277035,0.04108210946816076,-0.10138607009147578,0.21166767277464624,0.05154569581010423,0.025479053925524905,-0.0860997045471632,-0.008062116615072038,0.1617524033896577,0.12794445977663813,0.04689895726218212,0.08246279985970521,0.01974211331824765
485.0,0.10904752308017458,-0.011264164916073656,-0.18669040224723726,-0.024074628225045608,0.0007482935734900703,0.002107512366263845,0.19943837716629947,0.012302649587223135,-0.021597559907253493,-0.04406039686976646,-0.016422260210097673,0.12487412936796471,0.028216438177600885,-0.003956780434135777,0.04870407327616251,-0.004629920338066
486.0,0.06359265311919614,-0.008970977159172513,-0.22934816106455902,-0.06271946200880286,-0.035869419449134965,0.1013670299464503,0.17069999113116555,-0.017705203489281826,-0.045322879765601204,0.006033944339508668,-0.006840167575656966,0.09100675277258793,-0.05231088661790551,-0.03846772306710412,-0.002958595067028048,-0.032141931625590744
487.0,0.04321695643773189,0.0011803144235780832,-0.23050535471501546,-0.06602659145986098,-0.06709357318333804,0.16463385249232984,0.12152609985641134,-0.030657167179503272,-0.04428047254584235,0.04310013203696976,0.00521349998334791,0.06715240019858885,-0.09728527043387498,-0.049167773505131934,-0.07019792889188914,-0.058698537042801216
488.0,0.04722206591094103,0.007021044136351052,-0.2041425839024614,-0.03790451033511331,-0.09428612093697211,0.18077254632668788,0.05230003776448462,-0.027881684571960212,-0.03196039520956345,0.04609907568473305,-0.0006302276529442797,0.05545185936970771,-0.10592986233697325,-0.03806670032150628,-0.14605374930947398,-0.0807948235451551
489.0,0.06451057226122374,-8.101427338963045e-05,-0.17038313050357373,0.009265893685889951,-0.11716248261151471,0.16309083952698777,-0.029741543759441533,-0.018041233584801857,-0.02820610590472884,0.0042715035793868756,-0.036994525376306306,0.0538946724665494,-0.08951665015025606,-0.012816976845109079,-0.21640737284479022,-0.0950834609613478
490.0,0.08111970801595024,-0.02119014521258951,-0.14472087533154837,0.06114063081034018,-0.13180236806690823,0.14156331436689698,-0.10977687073265859,-0.011599892295896664,-0.046205029857199986,-0.0748978721558299,-0.09865237399092043,0.0586677482776685,-0.06300395788287719,0.018201486836003224,-0.26255250756469484,-0.09912461321591551
491.0,0.08753175856142173,-0.04857879122126024,-0.13186474946750174,0.10626778349515435,-0.13257432510762585,0.14806266421037564,-0.16734277822208982,-0.014658566204947281,-0.08354405781380145,-0.16647598077251877,-0.16296062241262177,0.06742360286302868,-0.03646362005109214,0.04917291836960572,-0.2687213925996478,-0.09301834310031032
492.0,0.08217995098499489,-0.06866985844361106,-0.12668253464536852,0.1376788856537328,-0.11578872018359355,0.20055189708978355,-0.18255089172905273,-0.025251984449561594,-0.12346734696471984,-0.23852913163135273,-0.20146871730504987,0.08112812918113228,-0.010581268614275241,0.07715202973858283,-0.22966090727484714,-0.07982796517838968
493.0,0.07037027449815361,-0.06809050096921032,-0.12112986746970088,0.1510708376129496,-0.08252663899242654,0.2921300958125489,-0.14539511504799596,-0.03413317942323208,-0.14550605638234773,-0.2665414296426503,-0.19557962941556106,0.10254440678517161,0.02176336592682747,0.09928073133725583,-0.15332210397531468,-0.06391119670896225
494.0,0.06046623467570617,-0.039751323985184585,-0.11228611516575623,0.14238065202536623,-0.03905787054894062,0.3903264843339127,-0.06225463089311388,-0.02981028451987922,-0.13774591575223627,-0.24366604331780714,-0.14680404616050427,0.13239303818681955,0.069333334084842,0.10956349086672071,-0.05755200544806796,-0.04857543144914759
495.0,0.05978581835191755,0.01378916276468008,-0.10558434863016122,0.1084397791863407,0.005393850457260768,0.44848289150360493,0.04565354444340961,-0.004868197564959407,-0.10230000086064629,-0.18125423372242655,-0.07592498819741483,0.1661222174056539,0.13551399705120035,0.09933021765980976,0.03658395757278502,-0.03468993097110585
496.0,0.07150648363126226,0.08058133833407193,-0.11133313185815155,0.05082397353037796,0.04205301087497952,0.42507384982594787,0.1512726055288436,0.04000120230011375,-0.0519713999864944,-0.1004653379148543,-0.012463081227650047,0.19339539144015352,0.21377442177931358,0.06223647678940734,0.1111225549817815,-0.02038770245582413
497.0,0.09321862635238948,0.1425870904578644,-0.1370213246438868,-0.020317607399417407,0.06505121026626427,0.3023442092795494,0.23255579609788984,0.0956171625984546,-0.0028513791887257544,-0.021950769043940013,0.018690380676028236,0.20069967211639986,0.2874658783166029,0.00024155103052577337,0.1551266135538242,-0.0015405364422941238
498.0,0.11726587087698041,0.1805110540773766,-0.1797959696676205,-0.08599814893212171,0.07194230282892575,0.09584555765509123,0.2780062131823126,0.1465474536275678,0.03171610231409308,0.03941975206934717,0.006539940597051882,0.17605334587170124,0.3341123396807891,-0.07392186702393237,0.1661775173806079,0.026314145672899424
499.0,0.13243653306776207,0.17862936158554282,-0.22411784266185578,-0.12411065249132894,0.06290815487950242,-0.1490510488656129,0.2835967002384725,0.1749592856258449,0.044399141922637025,0.0743082426905923,-0.043477731147780446,0.11385005295343652,0.3324232481597746,-0.14052692240155398,0.14957747067969931,0.06424885310177249
500.0,0.12748029424425875,0.1296447330994035,-0.24787805210807337,-0.12021459003796336,0.04012104923397742,-0.3726610131764792,0.2467542233975341,0.16658219284248524,0.03545364516920179,0.07777694037724772,-0.1128632942884255,0.018177658560513493,0.2700710952847224,-0.1823226182016845,0.11533756544579914,0.10670528652049355
501.0,0.09673056250430893,0.03980700003005187,-0.23455057030021598,-0.07708571788452483,0.008071160384983303,-0.5222230199713908,0.1673991352663524,0.11819976394398497,0.012386852139183707,0.050485329529903894,-0.1776396958530329,-0.09621072594868546,0.15094550955277877,-0.19416686277025336,0.07418262241452855,0.14241859577101032
502.0,0.04444787316668656,-0.06890077200679064,-0.1825885955826994,-0.014954454082046112,-0.025868258328102876,-0.5675113286976385,0.057049943845233334,0.04213489948620148,-0.013485998274029583,0.0009420776419970845,-0.21695584061675652,-0.20612899997126619,-0.0015196610227588576,-0.18498877590674787,0.03439191763208876,0.16027385748051562
503.0,-0.017026683986398145,-0.1644168382987266,-0.10446534788060241,0.039467354704123554,-0.052282572850443125,-0.5041879002414936,-0.055811977037543876,-0.03742396346877327,-0.03283963275857529,-0.05495326146604463,-0.21875876109686151,-0.2860310476074656,-0.14978002640527982,-0.16994296353935492,0.0004602698325430256,0.15593551397481328
504.0,-0.07506525781762091,-0.2177969776306219,-0.01802889525013681,0.0672894383582762,-0.06289717813154738,-0.35083122490824487,-0.1347432153506134,-0.09575945639336189,-0.04350759820942053,-0.09932003450540675,-0.1820606750327095,-0.31675569052911423,-0.25635917662001884,-0.1599739539381222,-0.026443891958716936,0.13373787187894348
505.0,-0.12430349198453339,-0.21639158666882458,0.06028188719289264,0.06400997640873819,-0.05485796318057263,-0.14693887749712578,-0.15390896661959297,-0.11971164320475532,-0.05182566161694669,-0.12001032841270648,-0.11783567642289582,-0.293546924471383,-0.29954433160032345,-0.1578091211811571,-0.046801071013056424,0.10267824233100258
506.0,-0.16857570943723196,-0.1682926134145512,0.11590118913696525,0.03483632069998614,-0.033112504262580215,0.05154191143839615,-0.11092520675640274,-0.11282948416718228,-0.06889975595418137,-0.11490269428706092,-0.047712987157185346,-0.22908311653231883,-0.28130540609757904,-0.16177026739548586,-0.06073727795877459,0.07049244190572639
507.0,-0.21712840059888702,-0.09556452941069322,0.13464012213246523,-0.014479631446921899,-0.008510457596870953,0.18597627228139657,-0.025021372400390905,-0.09117286290992484,-0.10366470257597764,-0.09005335072738563,0.0023933431579049327,-0.14877990394754168,-0.2228947841210409,-0.1714083534450153,-0.06683088712650014,0.04032973884957614
508.0,-0.27757427155938696,-0.0216424132312242,0.10585622422205958,-0.08147870598203673,0.008080651500904316,0.21613905450207693,0.07518560716456477,-0.07342905011382148,-0.1562188525558221,-0.05404411256893224,0.013286834704844958,-0.07969524124236212,-0.15147719900040763,-0.1883807384903943,-0.06253453200862873,0.01162252939817701
509.0,-0.34817235284054626,0.038703343718015565,0.031016831681093836,-0.16200294327218098,0.012287078769378764,0.1378972559351682,0.16459562740868477,-0.07110318804219172,-0.21433640387825836,-0.01263514715207998,-0.01723640807355803,-0.03887076263975655,-0.08646403469049783,-0.21121763524923398,-0.045936140810706516,-0.016300935373530775
510.0,-0.41353435756090146,0.081718143892007,-0.069810477847697,-0.242483392231915,0.008732426488948212,-0.013226486128285342,0.22883345019530152,-0.0832531557719706,-0.2553981852188787,0.03293652351493065,-0.07205125200620296,-0.027832752431445514,-0.033317657034288836,-0.22942270360904773,-0.017731952204202664,-0.041176578968070816
511.0,-0.4479639940096413,0.11016433608169936,-0.16171361094360331,-0.2988657462881324,0.007352607435541137,-0.174726741699925,0.2642672682458649,-0.09798766436660711,-0.25479472815760235,0.08253564611985201,-0.12333029148833362,-0.03558436895163015,0.013128310001809428,-0.22416645029240545,0.017662334681602162,-0.05793824929578302
512.0,-0.4261985112771697,0.12687657929745425,-0.20886104705905006,-0.3050824986622758,0.0160515425025513,-0.27971844715645383,0.2728131927430459,-0.09975362841682457,-0.19835099566405648,0.13095415058401563,-0.1471694182573989,-0.046670956427101624,0.05981473751200325,-0.1768958627000361,0.052320216883742963,-0.06144275715724464
513.0,-0.33657701588758954,0.13100491119640179,-0.19064432484408225,-0.24542491536290195,0.03481411957709052,-0.2816976742229414,0.25579549121454875,-0.07833302230259599,-0.0926132226383518,0.16488403920713654,-0.13518090674830643,-0.049109657387351575,0.10739306355737462,-0.08005260267946834,0.07658017034940484,-0.04924439069632163
514.0,-0.19070858279117664,0.11827925166172058,-0.11093413093395874,-0.12381448199534839,0.05509352927434066,-0.17402178277675281,0.21098145950182556,-0.0349977345308399,0.03354013789282302,0.16740748457787605,-0.096887852305045,-0.03927430253004763,0.147168521312032,0.05653348107103809,0.0827847009022613,-0.02307474160930167
515.0,-0.024739944339000255,0.08387855583568175,0.004138018025347899,0.0327972196941955,0.06492787277721834,0.004824777918033398,0.1342949929810396,0.017004269672939446,0.1389051434565035,0.12829858346092401,-0.05236968260355175,-0.02291210627874948,0.16382336180564938,0.20580796027805084,0.06998382272758588,0.010825597557661328
516.0,0.1112226484691335,0.025965590567657716,0.1180805333993571,0.17887091454226298,0.056622879891715744,0.1862384278163381,0.02519668367990214,0.058065404296471494,0.18817631854615666,0.053321238210990794,-0.019751041591031082,-0.011785814766894087,0.14236018287444333,0.33015965754110954,0.04598835392452808,0.042701843323300466
517.0,0.17381784155273974,-0.05143581485792853,0.19950414050992824,0.2655035554611314,0.03196987097107336,0.302640398561069,-0.1072789714185458,0.07133731380557592,0.16870137934489013,-0.03454059487510861,-0.005245320389435509,-0.016912288473039543,0.07605189116505287,0.394179571393718,0.02393873919703686,0.06221475576331803
518.0,0.14671071250134618,-0.13723083310642506,0.23408711045850703,0.2620903434060126,0.0019882514645310533,0.31931367615902173,-0.24255677525756927,0.05046745859568279,0.09543930320694344,-0.10400159059130877,-0.0014579514980895304,-0.042335111564954814,-0.028441697760624197,0.3794643807102936,0.015792560820724985,0.06251936990058887
519.0,0.04742191697622864,-0.2146455791740528,0.2277716327579641,0.17061204489394216,-0.01795599979874481,0.24833604560741687,-0.3535069221289768,0.0018901281802238086,0.0015088934561962428,-0.12955401227985167,0.006633388859670633,-0.0833758986013272,-0.15114243478692044,0.2928140308108215,0.027886850229240787,0.04296147809171594
520.0,-0.0827937696558961,-0.2657285186995513,0.2000435272387581,0.023003879428339154,-0.015045939612202885,0.13591787468291455,-0.41647299872286453,-0.058895795787371634,-0.07870389790380398,-0.10239368902972915,0.03261756988212284,-0.12934495849185293,-0.26383919116826515,0.16198733794187378,0.060236493909238846,0.00869960488965239
521.0,-0.19817699117570953,-0.278483474176364,0.1713397343687024,-0.1344872935496711,0.014732773919701802,0.03233790830626058,-0.42202539721699617,-0.11445650043859412,-0.12390874097604664,-0.0329990157075395,0.08067310420340143,-0.16806056330459454,-0.3387200569768792,0.022376482244019346,0.10724473219287181,-0.03211392851418599
522.0,-0.2660087642662226,-0.2538285916706518,0.1521639571316092,-0.2595612096734942,0.06389092763460785,-0.03458336652167564,-0.38127873264671336,-0.15232827779380798,-0.13157348592462456,0.0541645691421132,0.14190952221167685,-0.19056712178479382,-0.35857570477745954,-0.09626818147252507,0.15808567270724783,-0.07192792910435909
523.0,-0.27528856418740505,-0.20734489764530623,0.14022661261368527,-0.32671148391771987,0.11631011111763313,-0.06678403352564533,-0.32225970703983464,-0.16871933711602347,-0.11448597735751585,0.13020830981802037,0.19745289638848001,-0.19507092366399117,-0.32462621182463747,-0.17625541074424972,0.19801505085618615,-0.10623642059773937
524.0,-0.23493135812297064,-0.16278273656017597,0.12554240828429966,-0.33164034829320527,0.15432530722878335,-0.08448496616970058,-0.2759944067529299,-0.16774478542502502,-0.0920826518253865,0.17190378691396976,0.2274271138175883,-0.18778254966032795,-0.25667018327710317,-0.2115935496051397,0.21241295911841354,-0.1334276291441269
525.0,-0.16519540004361025,-0.14034050492067793,0.09809252671663488,-0.2880552352938801,0.16573391764909415,-0.10788915616756861,-0.2606617827830368,-0.1572999034059231,-0.08141136623789356,0.16905535974033215,0.22086481105613315,-0.17891094314053899,-0.1838111228674924,-0.20516620896613444,0.19245772528944488,-0.15274621228058013
526.0,-0.08835053652758185,-0.14709435921195432,0.05360852618439118,-0.2190442207262272,0.14741958631633295,-0.14457018663995888,-0.2743950354021969,-0.1444468861228257,-0.09088816446751008,0.12648965562169784,0.1808046799192636,-0.17596381944624806,-0.13073903253365904,-0.16604430054738648,0.13913292895996468,-0.16256074094613493
527.0,-0.02254058101043925,-0.17520238555038367,-0.0036222707065228146,-0.14658674037101707,0.1053388598004938,-0.18802045096508782,-0.30024887368780606,-0.13292836264996036,-0.1181952000958192,0.060004281023586015,0.12210033667603123,-0.17938392455272192,-0.10790826314758796,-0.10681445962515708,0.06361192532964172,-0.16014326129456521
528.0,0.02086221921029282,-0.20744171778077902,-0.06113604883242343,-0.08451713985505913,0.051922722819664,-0.22415015235708657,-0.317806843622684,-0.12330540251534887,-0.15255018338418533,-0.010992206590746404,0.06412032134942612,-0.18334152631262762,-0.11050401339723635,-0.041145625394652365,-0.01573129609188388,-0.1427660585593272
529.0,0.037946963982568895,-0.22547270758578125,-0.1023331770902574,-0.03814027183503984,0.0014951542732586072,-0.2391791302537663,-0.31300500737997927,-0.11424647737873765,-0.18003659072241054,-0.06986983282632757,0.023098298530551422,-0.17988926396899893,-0.12452268006481806,0.017641814227255807,-0.07905094724830859,-0.1095731815205691
530.0,0.03206618390803203,-0.2169371308958285,-0.11339365841163564,-0.007913922730422119,-0.035125320835295,-0.22548516609983496,-0.2818210825707003,-0.10346671007996155,-0.18925902659742724,-0.10606911631717017,0.007610778628587264,-0.16312742796928945,-0.13505372382670364,0.05792784133236076,-0.11233787874103285,-0.06335809891718494
531.0,0.01256251665391112,-0.17993267497884888,-0.08990204455926316,0.007908597212145525,-0.054205587227739,-0.18504966227310674,-0.22898343765538334,-0.08842254942066104,-0.1750320052479556,-0.11612726043238229,0.017420946982480756,-0.13182094381307002,-0.1330161952760796,0.07252122780160668,-0.11310334309175847,-0.010967338213730101
532.0,-0.008255751043282104,-0.1240729133704405,-0.03967351264518293,0.013079514452232642,-0.0589897411428207,-0.1295561496118784,-0.16482800946154091,-0.06768574543359465,-0.13954634760382365,-0.10372711800451236,0.044185284921299,-0.09039019921765563,-0.11841291900975559,0.06126069593111139,-0.09094266270126566,0.038086110510808915
533.0,-0.019720044767683763,-0.06711267713695994,0.019125280297326408,0.013017204451673745,-0.05685855173717322,-0.07581657462588405,-0.10194122566442983,-0.04265565718987687,-0.09118931639639159,-0.07858639675369022,0.07326321006849477,-0.04796938345899376,-0.0991340404123856,0.030548206380134574,-0.06273369201372041,0.07377501860916987
534.0,-0.017416016803469644,-0.027686249341363392,0.06320977750162558,0.012619955822382296,-0.05589529284769112,-0.03860966511100211,-0.05182177915618052,-0.018009357628236262,-0.041119463282364974,-0.05339703457153362,0.08712983912913566,-0.015128102725950254,-0.0858135722069404,-0.009768883572239713,-0.04537377249848975,0.08762250932540955
535.0,-0.005236600266958089,-0.017436891904843096,0.07132299206842105,0.013812693886986634,-0.061836402958067416,-0.026223640345800117,-0.02211755217664548,8.687454825376529e-05,0.0013416584760343527,-0.03936928662443729,0.07070427065014394,0.0008145735384927375,-0.08531543656888499,-0.04911286827010358,-0.04915283712001787,0.07488350494346555
536.0,0.007316949846755758,-0.036437504144766236,0.03216935608508918,0.01550674278640947,-0.07561536527787442,-0.04097542071381108,-0.015333905289588294,0.007315370847672973,0.03255214752148589,-0.04225067431672361,0.017487982279072552,-0.000498088149956114,-0.09651232868071642,-0.07745097058186656,-0.07384332721869469,0.036694590634142064
537.0,0.01191219413653269,-0.073701594332104,-0.049145278232926616,0.016302401962373935,-0.09239641592577323,-0.08093262599688009,-0.02925975980611485,0.004072069371360158,0.056427957688204765,-0.06016141693131608,-0.06577833935867967,-0.011968877809042067,-0.11067956476668635,-0.08669863958352507,-0.10877014894922354,-0.019055384467836545
538.0,0.00761456801497637,-0.11199865346260518,-0.15056067480323604,0.017280804678906154,-0.10342309191036249,-0.1385510333549892,-0.05828909943296935,-0.00418897367197251,0.0831183616904562,-0.08376302977739361,-0.1585979829864851,-0.02226444266639315,-0.11577859739496679,-0.0729990598012975,-0.13696391868955807,-0.07913075919477071
539.0,0.001157399713711016,-0.13448106606332041,-0.24150306819732914,0.022206035166266753,-0.10073381146039512,-0.19755688725216689,-0.09417679509641289,-0.009666025642546948,0.12247488577130156,-0.09955088989456846,-0.232307618830008,-0.021110581560184322,-0.1020930349500473,-0.0383704075976842,-0.142240803351941,-0.12830836164159587
540.0,0.0006880885582745711,-0.1303765599022562,-0.29691469258948044,0.03449235707474861,-0.082555743266952,-0.23402280743812298,-0.12607935064514608,-0.006617665885685378,0.17423836439393947,-0.09608597399420718,-0.2612244412328174,-0.004068186558409341,-0.06709013313441686,0.009214729454603391,-0.1166618410902721,-0.15376135332806584
541.0,0.008821778341060214,-0.09800175415284777,-0.30877995570733946,0.052163410688074695,-0.0559108070653618,-0.22587117475208351,-0.14197478922806558,0.00521323863406803,0.2232267196312911,-0.06995515957754382,-0.23504506341384795,0.025411418503722426,-0.01767863246516677,0.056080622850185204,-0.06476197793448832,-0.14952171136921022
542.0,0.021264833354458373,-0.044106947405518834,-0.2887285429038852,0.06492544779704461,-0.03393053877362167,-0.16690343483700087,-0.1325901936829304,0.02088244599196009,0.24595404425640813,-0.02733981448945524,-0.1653366873468157,0.057950934389776075,0.032200818173555856,0.08423994178564163,-0.002297090412197102,-0.11901645178296548
543.0,0.03160222733809867,0.020401981538746717,-0.2591057492960517,0.05903707122845992,-0.028534716381443778,-0.07328113906117874,-0.09507748427500785,0.034426509725920346,0.2249889250865472,0.019494295061880277,-0.07996008998034188,0.0836894797268867,0.06876498435103484,0.07809533950017089,0.04955599124502662,-0.07308946269404965
544.0,0.0384015887847411,0.08591260045352506,-0.2351346025297538,0.0297535162443791,-0.04264687984648496,0.026574331913986258,-0.0325862648962419,0.043566252768037876,0.16094114240073729,0.05776595528812985,-0.006253395778772507,0.09789027832515526,0.0866616091363352,0.03589395467183694,0.071978577222292,-0.023974249735222244
545.0,0.05015294201024669,0.14706241569012735,-0.20874321819095665,-0.00815906901833914,-0.0668881338908553,0.11262428476461935,0.05014582944806637,0.05124690103348392,0.07485648115456857,0.07879186097909169,0.04696764180485605,0.10288590636693842,0.09296754458337758,-0.02292661728200301,0.05610368650794821,0.0204933434235834
546.0,0.08426028586001813,0.20135351975523402,-0.14755536586727372,-0.022300678422932946,-0.08307055045006208,0.1878421764060795,0.15046019662598986,0.06334645705234278,0.0005546257109425724,0.0804209724378803,0.09572816361666313,0.10547124079233638,0.10330458601576027,-0.06250520313377904,0.007870001532344129,0.05876390471436578
547.0,0.15898496581808397,0.2450430676890819,-0.01326210774326335,0.02165022680789312,-0.07310459110792442,0.27571196362197936,0.26638876859001503,0.08427988722311468,-0.028785484495222703,0.06687548484914259,0.1700534250607483,0.11163622520664493,0.1309141713884453,-0.04649315338743776,-0.05330503982798437,0.09343840086716301
548.0,0.2822161831149587,0.271408433973892,0.21138468066119137,0.13961568145790368,-0.028603961455367335,0.4025451091697945,0.39164865294509943,0.11340383870599524,0.006317832074696952,0.046699464363341846,0.2926132353369732,0.12199737121485131,0.17619924658512714,0.04361639679764016,-0.10273247749796287,0.12746408274874405
549.0,0.44378372696426904,0.27550515277228377,0.5049833205364271,0.31756322666798315,0.044513090971102426,0.5752989272033471,0.5124946895267083,0.14531638865908597,0.10464336907789576,0.03055893605569899,0.4607730676622317,0.13177302169265082,0.2262177927570606,0.19845858502841193,-0.12108633692441594,0.16142239203841457
550.0,0.6158152314410432,0.2615134286515142,0.810195325089726,0.5155865131871189,0.12855299209131138,0.7673736825703119,0.6091181362829284,0.17387712059364638,0.24581493932871365,0.028917513830282578,0.6423922583049996,0.13545944133434035,0.2641946639460309,0.38402453709347284,-0.10175162367067012,0.1927858307526073
551.0,0.7606357360309806,0.24370501490327762,1.0532326808093015,0.6829989179700021,0.20108701646759078,0.9215592134746896,0.6601878867731457,0.19565084869328467,0.3980525836492713,0.048115975292298295,0.7858688325403895,0.13104036721649318,0.2790482686431736,0.5542131554138153,-0.05215188445451023,0.21609130864943177
552.0,0.8422267757706463,0.23884826621677296,1.169219309977292,0.7752097743742746,0.24287823716194404,0.9716909503776813,0.6489569837400883,0.20965113083496864,0.5279860847878473,0.0862878351059077,0.8391086551361941,0.11988584840326422,0.26824226261648665,0.665452935678536,0.010735991211440468,0.22372708827450868
553.0,0.8375468131208006,0.25688198540729384,1.1246137136150802,0.7668587567076943,0.2443436647784958,0.8743682818095903,0.569570291219337,0.2149739245104795,0.6102175631492119,0.13336665004635803,0.7710830728074842,0.10455581272090574,0.23654548737952555,0.688873546411145,0.06828912566313312,0.20828055594796124
554.0,0.7450476931281983,0.2962726690266385,0.9297486622860149,0.6589598697182677,0.20857539187301774,0.6343348580820846,0.4311236257150238,0.20977617183858963,0.6345204672240589,0.17632188967028414,0.5877520798236193,0.08813829675333362,0.19426546883203505,0.6181091955621171,0.10737710920882233,0.1665702418346541
555.0,0.5863896112503951,0.3446533756736705,0.6350435218900655,0.47787114563425853,0.1493513574545567,0.30798217402229705,0.25744758768817383,0.19269483907161897,0.6070931434897674,0.2053675438480164,0.3334081540367349,0.07480822185158015,0.15396335337517236,0.4709852692376218,0.12328146392396445,0.10359571199059912
556.0,0.39794723471431154,0.38270178453883497,0.31057061643331646,0.2655372278470264,0.0846924676448296,-0.018756066946189698,0.08235491942482087,0.16474956214525674,0.5442560857937283,0.216448813983274,0.07436065418629664,0.06912761843107036,0.12477000941649409,0.28352271072315594,0.11844801382226422,0.033449659044432346
557.0,0.21531155855442552,0.39029646727906564,0.019240196055764214,0.06487595282344087,0.029296518662074156,-0.2655585609368892,-0.058348003698269986,0.12956136642655586,0.4621914659985182,0.20971159191103295,-0.12752673108936466,0.07394628950610138,0.10766686122675662,0.09757109501525284,0.0995479094661454,-0.024675578870204887
558.0,0.06038287999724395,0.35447867637031016,-0.20134172259552616,-0.09303752743506062,-0.009950481842254713,-0.38574014447182625,-0.13574158689445925,0.09201599682346455,0.3694491624173992,0.18709448961993333,-0.23715819645736874,0.08915906107504146,0.0959667173754286,-0.052427685308630415,0.07470891449966283,-0.054028703296315206
559.0,-0.06144579989223937,0.2768073734400966,-0.3407102430318614,-0.19458327789317933,-0.033385877621522966,-0.3748597402109367,-0.1350989095871842,0.05716818824583873,0.26685426984303323,0.15162659845372192,-0.2538187502087965,0.11268881594638278,0.08127704092441061,-0.1472943073228309,0.0515169964902813,-0.04738984137441604
560.0,-0.15506805388638745,0.17570257617866017,-0.40612391992381885,-0.2407419422695019,-0.0446967212376882,-0.26235795166033704,-0.05993262121755144,0.030293585362143924,0.1538362787363963,0.10831273066577672,-0.20389137419972128,0.14252652374018557,0.060873631417670125,-0.18362617850480847,0.03585251205430658,-0.009876323691357559
561.0,-0.22748154391049258,0.08024297834134876,-0.412481600412654,-0.24036909157652625,-0.047779336570842594,-0.09611643605236661,0.06769371203338086,0.016517609415649448,0.03544976412919763,0.06454260919619752,-0.1258217071377712,0.17716487115744664,0.040668565522490596,-0.1704507209252735,0.030921638313885853,0.04348882510723605
562.0,-0.2832464486749467,0.016654823890368015,-0.3772523710151976,-0.20651556322054118,-0.04647229856859503,0.07275048877157184,0.21080507301871979,0.01803656287899708,-0.07570000347260877,0.028365301848189473,-0.055025259682789845,0.21331679893117758,0.03067898726867745,-0.12608209004347098,0.035869509307343055,0.09348737574925761
563.0,-0.3237732879869763,-0.004707116700355988,-0.31811641801876717,-0.15616816162076946,-0.04503326260999381,0.20209422022690307,0.32661800432877053,0.030620113266894636,-0.1635251124935072,0.005597874650778496,-0.013343288930331505,0.24374006342479074,0.03691619569783482,-0.07419290407703488,0.04517247417901611,0.12336932603364567
564.0,-0.34810158724941426,0.007371393566664514,-0.24970945437656214,-0.10763165176758513,-0.046518574502845494,0.26668978499794416,0.3808371375848668,0.044038349615989,-0.2146998317493318,-0.0014173352962292326,-0.005199479081105135,0.2589696468640698,0.057469997894225494,-0.03637054812267334,0.050657315734575326,0.12464402679776328
565.0,-0.35450881369265225,0.03271695875525312,-0.18139935959297587,-0.07507488511076847,-0.05052393179796085,0.26149003603014526,0.3602716550471902,0.04757013266901369,-0.22381202717428683,0.007106865507457534,-0.021475770936354076,0.2523451555416055,0.08501390839653579,-0.024580302295259843,0.045182868521148487,0.09968775551184482
566.0,-0.34331269384293095,0.050889553031872536,-0.11929466851546516,-0.0660090533508562,-0.05387961685713458,0.2007970231426877,0.27556850473013367,0.03593297245164012,-0.19673995091339452,0.028781480684612035,-0.04889135116272456,0.2239598799524404,0.11090004833532632,-0.03993270347704005,0.024954086120103545,0.059592484325860486
567.0,-0.3192735896633865,0.04874468691413307,-0.06961678857386641,-0.08262488584268501,-0.05398351539161515,0.11353460080436226,0.15432217343273746,0.011174927906063566,-0.15079390414150565,0.057991346286570405,-0.07837782885426821,0.18084695872927437,0.12739741284193307,-0.0771428734564336,-0.010254314394942413,0.01855486194732757
568.0,-0.29111104391169756,0.023416312284352946,-0.03857200497414465,-0.12232906255732379,-0.05101888877873287,0.03394255676972227,0.030983626256257012,-0.019250545855282106,-0.10927848414102818,0.08603089769436355,-0.10728524922568512,0.13410762137382867,0.12929345244069745,-0.12830277124440764,-0.05718532355124565,-0.011883990570980704
569.0,-0.2683378313943948,-0.01861995406029801,-0.029705002019236385,-0.17662056935806236,-0.04733820396780912,-0.011197563206347468,-0.06298270676312699,-0.04612241673616407,-0.09184869407411543,0.10355864697665317,-0.13666168712760618,0.09463100968865734,0.11559485867444898,-0.18363610510545209,-0.1089136855490826,-0.026268728535536374
570.0,-0.25788256198616044,-0.06630861193049793,-0.043136109201105194,-0.23273265711609806,-0.0456989730858802,-0.013233024816477236,-0.10847439718856673,-0.06261021575496,-0.10635703026436666,0.10334252240592598,-0.16824602191669638,0.06887525758310732,0.08957100232155076,-0.23301917183425083,-0.15582548446291467,-0.02608697658010144
571.0,-0.2619685074954939,-0.11020237876604348,-0.07723165994275252,-0.2802476295668917,-0.0482414037465967,0.01755160968080671,-0.1045974247690444,-0.06747458946024745,-0.14708964111946063,0.08210285072108023,-0.20365235425888434,0.056643583136806265,0.0565683808989097,-0.2707143529426347,-0.1888434806159047,-0.018764761253426382
572.0,-0.27758199708746684,-0.14573703554299028,-0.12928225932935075,-0.31774156179912044,-0.05631156732299872,0.06243656859358889,-0.06575205840713529,-0.06519003612484538,-0.1995341631219878,0.04217901532109839,-0.2448092968343016,0.05255807431440789,0.021782969262511276,-0.2993141373340016,-0.20363281100577227,-0.014649309777770642
573.0,-0.2982695269516633,-0.17219999977971315,-0.19379221385164921,-0.35223419762859315,-0.07033965885298744,0.10694635541415205,-0.010730599501302078,-0.06248293646495368,-0.24800128760751505,-0.007482602810786089,-0.2935870429509334,0.05050211490658384,-0.010358749123189988,-0.3273718315845428,-0.20251010194381325,-0.021992192266256472
574.0,-0.3179545897838052,-0.19040533537720913,-0.26130059003915757,-0.3915777105993112,-0.08942480694312996,0.1451136301994922,0.04716062561239596,-0.06372943767549694,-0.28210397691310707,-0.05335983569896294,-0.349955714400276,0.047588141019566196,-0.03642111078380756,-0.3619061421734182,-0.1921249007661524,-0.0424721318902673
575.0,-0.33400519332778833,-0.20175958132029012,-0.3204621217686343,-0.43739947519364636,-0.11090062664127452,0.17399270823849458,0.101464620159178,-0.06869416339568128,-0.2998318707500202,-0.08293789932712807,-0.41009051729396495,0.044747776195468734,-0.0548617177115726,-0.4024905563092243,-0.17885376476032586,-0.0708385211047546
576.0,-0.3468910132867634,-0.20769973880679948,-0.36218943578451523,-0.4837309838946051,-0.13031735137469888,0.18497061474943643,0.14760811812412086,-0.07365426005399639,-0.3065269474987605,-0.09053499774496493,-0.4663886254177013,0.044443702937641154,-0.0659300547557071,-0.44083972747990663,-0.16538109279466948,-0.09899446315504239
577.0,-0.3566152983056698,-0.20805118761968652,-0.38267907744863133,-0.5199718011737865,-0.14231945516329492,0.15900266863464846,0.17835513717177526,-0.07397699205514201,-0.31062067957662237,-0.0795290400342964,-0.5097190391776506,0.04807945639031668,-0.06959923029565322,-0.46480168703298314,-0.1501465072810156,-0.12097044623580086
578.0,-0.3585172808388787,-0.1997263129957726,-0.38342621698879764,-0.5352134702167036,-0.14266333547055227,0.06999847651099095,0.18256215683888471,-0.0662135493229229,-0.3184567566272912,-0.06042492415259617,-0.531764790056578,0.05468809164312994,-0.06409238412549469,-0.46421143251428326,-0.12916154397552382,-0.13536459534822626
579.0,-0.3417591709118926,-0.1775691331477607,-0.36850443457439913,-0.521619675495739,-0.130381602651983,-0.10294934581707156,0.14693829286164345,-0.049366446908160735,-0.3306778614285768,-0.04664613364843571,-0.5252140734299027,0.06095156892236925,-0.04703826966107409,-0.43541674715137146,-0.09855387879789555,-0.14468914534592336
580.0,-0.2927813174247765,-0.13708653768368773,-0.34098746542152464,-0.47474600642753545,-0.10814712743412477,-0.3584745984208319,0.06151553682483958,-0.02558871683376451,-0.3418088209768376,-0.049761153792580226,-0.48289315003755173,0.06251093568021464,-0.017682788329293646,-0.3810699208712377,-0.05645571844786679,-0.15273269211997836
581.0,-0.2030192496591246,-0.07827050297760837,-0.30066125602798416,-0.3916744635855985,-0.08035431176949603,-0.659528262419006,-0.07118346304845513,-0.00044113481835477954,-0.34340067844652206,-0.07549418634637806,-0.3992232722059378,0.05638910297276455,0.02170068115242133,-0.3053480957881794,-0.00422005825139487,-0.16111612455669086
582.0,-0.07655278429102948,-0.009487145821830254,-0.24425953069080725,-0.2715846966702793,-0.050923044474002296,-0.9331553250487142,-0.22832086777884186,0.017663395865713964,-0.32924564560591163,-0.12209644132201307,-0.27489347467359904,0.04288993020684903,0.06491074517156897,-0.20967381960001244,0.05258847288571275,-0.16661283601361362
583.0,,,,,,,,,,,,,,,,
584.0,,,,,,,,,,,,,,,,
585.0,,,,,,,,,,,,,,,,
586.0,,,,,,,,,,,,,,,,
587.0,,,,,,,,,,,,,,,,
588.0,,,,,,,,,,,,,,,,
589.0,,,,,,,,,,,,,,,,
590.0,,,,,,,,,,,,,,,,
591.0,,,,,,,,,,,,,,,,
592.0,,,,,,,,,,,,,,,,
593.0,,,,,,,,,,,,,,,,
594.0,,,,,,,,,,,,,,,,
595.0,,,,,,,,,,,,,,,,
596.0,,,,,,,,,,,,,,,,
597.0,,,,,,,,,,,,,,,,
598.0,-0.2301734873949556,-0.31179335241721895,0.026105285435165132,0.017543458827514877,-0.007849207337091043,-0.12093764655547652,-0.32977891576223667,-0.28406753847540583,-0.17310304636975007,-0.24792635509111208,-0.22703890956175574,-0.38397242089960565,-0.3894562156167522,-0.038546900869329936,-0.052168039135510165,0.03908221221969782
599.0,,,,,,,,,,,,,,,,
600.0,,,,,,,,,,,,,,,,
601.0,,,,,,,,,,,,,,,,
602.0,,,,,,,,,,,,,,,,
603.0,,,,,,,,,,,,,,,,
604.0,-0.08722270406224295,0.26153903457457706,-0.14522887982708474,0.021992488438068895,0.010450279440743263,0.19343351758042993,-0.05525326412929705,0.13511454565901104,-0.12629432405838953,-0.006770982194733052,0.13141508991736556,0.1843978194153038,0.2945715751437459,0.10749970874384371,0.05327363015240487,-0.08067610001420564
605.0,0.07536328361003299,0.29307924562481913,-0.12736060918859843,-0.05037283536536855,0.09294694264223602,0.37559463784396135,-0.02820085734825824,0.2057142557312412,0.050988308778573146,0.2709124241074028,0.26146446750183855,0.26089864705843535,0.33458590995575954,0.08463387831357498,0.1255925435557424,-0.13622441530426818
606.0,0.26367417286783357,0.311417235401519,-0.06976684500543662,-0.13206008661593463,0.17685813170383372,0.5692840901769394,0.020888576299760275,0.2599645752990957,0.2649976983882849,0.547229889353901,0.3792032953085778,0.3118309372921255,0.33684545309027375,0.0667416421883405,0.17930011198710152,-0.1760603898665941
607.0,0.4603046384127633,0.34262395814206464,0.030390843111922708,-0.17404572314686298,0.24951443131344683,0.718971715236409,0.11448769539838595,0.3049838595907819,0.4990225797597807,0.7896014455965458,0.4739326838666211,0.3496694801610369,0.3364499955329765,0.08159137544095452,0.20474025146933414,-0.18302126245414296
608.0,0.6412656261795354,0.4019265741995012,0.16562705317232942,-0.1275244505270603,0.303344669526122,0.7713379211412275,0.261201044125127,0.34378000405065107,0.719171100282916,0.9674062743991909,0.5369739326980305,0.3885225122992136,0.36931320608688095,0.15444852749787757,0.20524993221415003,-0.14669972610709467
609.0,0.7764594770444438,0.48203626262627775,0.311645931488692,0.02233684777381451,0.33432782865465316,0.6974640476449843,0.44257281456894515,0.3702931564842421,0.8766697373284923,1.0529946460160804,0.5606820736972671,0.43329268784303926,0.4492945087626432,0.2868227109155069,0.19229582195869163,-0.07051361338352799
610.0,0.8348453076427168,0.5563586798841286,0.43340793797440735,0.2380995569041988,0.3396154712200976,0.5108326349986866,0.6168556541567763,0.37139918365465746,0.9232652566355589,1.0274527433717573,0.542231178623046,0.4754832404564972,0.5587985790279205,0.4455883486306737,0.17705961335813641,0.027407010441693674
611.0,0.7934700174221008,0.5954958908899948,0.5038196691938042,0.44487281206435536,0.3172926597926959,0.26913739739616477,0.7430232797925099,0.33478499114188315,0.8314965255962545,0.8870190902093564,0.48863952812055206,0.4988447463606773,0.6607190935343603,0.5747464321932447,0.1647960806224104,0.12126824593901113
612.0,0.6474082194366717,0.583765706927959,0.5198080139994036,0.5694358339900094,0.26836721064359853,0.05494649526692223,0.8070096429143008,0.2569860262127327,0.6084190533767597,0.6460503533004024,0.4158810592805446,0.48971712099627307,0.7209323200706643,0.6239481845467316,0.15372562112820692,0.1884218126546479
613.0,0.41613192761117823,0.5240404583321892,0.5010168615252095,0.5759480919305686,0.19894336816746505,-0.056447109657509716,0.8281642754904618,0.1461621282114983,0.2961477251430889,0.33629767089344287,0.3411405007013066,0.4443891121913915,0.7233436978055524,0.5744394084040595,0.13717105337145513,0.2170083753725642
614.0,0.14238313033742386,0.4319232933274772,0.473705799385278,0.4777733131602814,0.1209231111410878,-0.024521915425310712,0.8417112814499627,0.02032692910318272,-0.03935787436677707,0.0041284034848716915,0.27623358869371073,0.37081700048271365,0.6708279966184805,0.447096965016513,0.1082979205998103,0.20744174127695617
615.0,,,,,,,,,,,,,,,,
616.0,,,,,,,,,,,,,,,,
617.0,,,,,,,,,,,,,,,,
618.0,,,,,,,,,,,,,,,,
619.0,,,,,,,,,,,,,,,,
620.0,,,,,,,,,,,,,,,,
621.0,0.06879607485932392,-0.17254115116759225,0.09630166263711726,0.239850206069661,0.03535275835459996,0.6544063662595375,0.18404401528779812,-0.014077253740746564,0.2501666585677323,-0.0017769932478887984,0.1042785046387022,-0.15618390812988542,-0.4373267130972161,0.22092511358836348,-0.05509949085874469,0.013684554463917071
622.0,0.18936955190562973,-0.15717054608160608,0.055621731976413465,0.2484343840379254,0.048951390203642,0.4635842344109728,0.03086635872071331,0.04014815904196586,0.4441498354984146,0.2028131881138935,0.14145002544552887,-0.18577834891320838,-0.5220385674673274,0.20102122620426002,-0.01957854852229318,0.03964422471082144
623.0,0.22893627845436784,-0.0730557818160066,0.056355939820025826,0.19967491760596304,0.05134577975656747,0.3061498829727198,-0.0018922300208704785,0.07401397174229715,0.5321055963348743,0.3318291918168107,0.19857612723158147,-0.1631730683450971,-0.48252194754231653,0.11992881035672237,0.018762735754958088,0.07361107197886582
624.0,0.1782337505665955,0.07224862174556523,0.08268129583537843,0.09976337843188726,0.03884172241418329,0.21307324323550378,0.07822643966174093,0.08782818188019052,0.4919664830336778,0.35983584474281727,0.2535572063193468,-0.08499530487184351,-0.3119054164374758,-0.009872464880769257,0.050678571161243066,0.10433688226538895
625.0,0.057244256954929226,0.24950167076957364,0.10657921492331991,-0.03088442565909514,0.010251172931478878,0.1841644886279836,0.21520356438929727,0.08838804871892769,0.336262738226166,0.29047751109147646,0.2808950837841503,0.03430294518044593,-0.04420953647436628,-0.16006832851053684,0.0685990664412965,0.11976212463634324
626.0,,,,,,,,,,,,,,,,
627.0,,,,,,,,,,,,,,,,
628.0,,,,,,,,,,,,,,,,
629.0,,,,,,,,,,,,,,,,
630.0,-0.21147835404399826,0.30462069012085274,-0.3593375536377252,-0.4425445903599398,-0.18613519862702116,-0.004716273557236345,-0.2223789227596541,0.10198993643476684,-0.3055874216770629,-0.20296869639051426,-0.18408109043214024,0.23105266091482377,0.4492719806138255,-0.5080775062206455,-0.07651796142512955,-0.0838233676519965
631.0,-0.10889906577298625,0.1363510733666268,-0.49022100144395064,-0.48817385759938187,-0.1911037784011002,-0.1276705556441674,-0.453668133096602,0.09539131376132232,-0.19690264571443938,-0.14163213051856777,-0.2621702422291792,0.12699812238635463,0.22824718127298482,-0.5349322533353726,-0.10604208425153565,-0.12648157721702008
632.0,-0.014797978761748558,-0.013442671427786289,-0.5861588299345751,-0.553584381025898,-0.18346310840583402,-0.23346695445574875,-0.6097202257396411,0.07759258739487072,-0.06419268708498345,-0.04592844358037261,-0.2871416134586596,0.021734274778927077,0.0007283054445775065,-0.5760581226468264,-0.12089077131368997,-0.15391416062840507
633.0,0.039141584506366484,-0.11975585053252746,-0.6406718019673628,-0.6315502884659175,-0.16871562531892648,-0.3080003357866004,-0.67331369260063,0.04907683003016248,0.04905797362563962,0.051940348681454716,-0.2672977148001435,-0.06318559582700549,-0.1790055289176646,-0.6232025942335068,-0.12303729103583583,-0.16766834596835825
634.0,0.038956216417781526,-0.18013180331874915,-0.656493116279158,-0.699085071310489,-0.1524052193664942,-0.3571061924085247,-0.6615227118348596,0.011828774861991298,0.11549502731287621,0.12329497215215535,-0.22638088187886943,-0.1196012664151212,-0.2830470746297604,-0.6584854974833122,-0.11794021779795524,-0.17310259377911105
635.0,-0.010539386289531178,-0.2096687104452615,-0.6429611002361019,-0.7289427904497626,-0.13838556810821606,-0.4001297839982506,-0.6110884122361475,-0.029607320771451315,0.12873004881275055,0.15060423717558324,-0.1926718517590949,-0.15071886918610594,-0.31160629032716985,-0.6642136453504994,-0.11151283961904353,-0.17662160337217866
636.0,-0.09078503258454901,-0.2289861765285216,-0.6128679690930436,-0.703752525771554,-0.12811775979331969,-0.4574092764901805,-0.5589299184448591,-0.06805643381540519,0.09988909911030709,0.1311087530675482,-0.187908319673009,-0.16545912752767353,-0.28552578170908793,-0.6318510799372531,-0.10754378287980017,-0.18259942752329106
637.0,-0.17731164812245534,-0.25249516593430427,-0.5789867039617089,-0.6250230629844699,-0.12112893592103788,-0.5405169291752097,-0.5275649248620291,-0.09679145833380454,0.048492292713453296,0.07483795677969926,-0.221173132333407,-0.17360451115547257,-0.2352929055099715,-0.5657613701966108,-0.10685362102828426,-0.1917617808997934
638.0,-0.2478361374907734,-0.2831022256471546,-0.5504215890532893,-0.5122991587564865,-0.11624301833648787,-0.6490865767838236,-0.5204617953321309,-0.11358429409229114,-0.0073231104922167585,-0.0015488463564099096,-0.28844463775532103,-0.18311603158112827,-0.1905298784999448,-0.48039292067694006,-0.10820724781792494,-0.20137719191682055
639.0,-0.28851467393187924,-0.31478364692738336,-0.5300569309054435,-0.39359670007392306,-0.11298585000438209,-0.771334293662552,-0.5261556262787126,-0.12218171806014623,-0.05672264257984776,-0.08143223048601878,-0.3758586495717806,-0.19870539827588682,-0.17216191506145556,-0.3929426063001485,-0.1098935485303845,-0.2066720567546862
640.0,-0.296728216773876,-0.33943034019136215,-0.5143977333216878,-0.29302281310903994,-0.11223106323123132,-0.8858937749021403,-0.5268903513577652,-0.13007056254871793,-0.09642109390747265,-0.1523006050707548,-0.4644760919290617,-0.22103498612383973,-0.1880185578397914,-0.315772798414757,-0.11079185718442072,-0.203047515579054
641.0,-0.279860211469333,-0.3533677700547521,-0.4958759297143449,-0.22222205153074587,-0.11561283630103579,-0.9670870362148639,-0.5081821301427963,-0.14415770973299522,-0.12711724982184858,-0.20686528731529502,-0.535300469018842,-0.24707096737967035,-0.23228900796779897,-0.2526537261275023,-0.11079598711613993,-0.18828923312669227
642.0,-0.2506352138397861,-0.3607487893249207,-0.46646702254104433,-0.17872266844479448,-0.12417761099281718,-0.9940739384234968,-0.46591294700454805,-0.16695038809791668,-0.1499662551177281,-0.2426049670890683,-0.573657407615737,-0.27198714840142796,-0.28959885061822915,-0.19977680320526564,-0.11099009809519306,-0.16335503689556952
643.0,-0.22076097208579734,-0.37161108523602365,-0.420342394489777,-0.1499277692532348,-0.1368710608654637,-0.9581597000701078,-0.407177418866546,-0.1950939600467229,-0.1650506625264497,-0.2603061383271412,-0.5713890821013436,-0.2915312450894197,-0.34264941612048383,-0.14930071325782454,-0.11334544712277135,-0.13134725113714127
644.0,-0.1958210027880143,-0.3943295482458156,-0.3542791923276865,-0.12017240829690846,-0.14974176364217304,-0.8628065119541178,-0.34435593320737945,-0.22063450071845142,-0.17157664148360738,-0.2619033006756475,-0.5264479491820572,-0.30319251176559237,-0.37930762551698605,-0.09352700952416576,-0.11972696978365818,-0.09604453079875838
645.0,-0.17412389040355222,-0.42759836058857714,-0.2672244728455312,-0.07825084652951786,-0.15725567659391643,-0.7182532573985544,-0.2872476270839668,-0.23406864527273344,-0.1693213612341301,-0.2491881261827737,-0.44198169019783995,-0.3058848838624415,-0.3951600555252419,-0.029080630472146388,-0.1308119790951325,-0.061277161774618095
646.0,-0.1496783803692124,-0.4589696690150294,-0.16042456722733675,-0.021981140176102865,-0.15543784571242267,-0.5370952410271586,-0.23943059077078888,-0.22789929716969548,-0.15984356000018493,-0.22442409202678315,-0.3265600397736022,-0.299113652596548,-0.3913938853702834,0.04076069484023967,-0.1453260106566456,-0.030946646774649512
647.0,-0.1165860095822717,-0.4712174752081706,-0.03797445399358887,0.042563802029740146,-0.14397066320032556,-0.33448982917287373,-0.20093684336189405,-0.19956167901802013,-0.14535710494402762,-0.19147282993958048,-0.19442577440301545,-0.2824104844544855,-0.37117838584986595,0.10762476991384742,-0.1592731258594742,-0.008891635646546782
648.0,-0.0717289269394814,-0.45132932942509313,0.09212169461120892,0.10584869643087245,-0.12515090706014126,-0.13095274000927565,-0.17340741995370165,-0.15229258941434995,-0.12624641826635374,-0.1553861329549149,-0.06377570180519174,-0.2552275171240635,-0.3372772861200436,0.16235765081748224,-0.165453755799211,0.0019763210688790414
649.0,-0.0147531062718612,-0.39616448507697344,0.21674543253384218,0.1603912360483123,-0.1010669233119067,0.04763779211343744,-0.16135135322448707,-0.09296444443087849,-0.10049724945735075,-0.12021697780739501,0.04724811420466948,-0.2170682726694319,-0.29106808350413393,0.19934952922328567,-0.1547891702710545,0.001564445406948438
650.0,0.05307357573724074,-0.31262143922349234,0.31836105764781075,0.20448755503596372,-0.07193195095281711,0.17532172234443563,-0.16754016850234105,-0.028580349374837395,-0.06564541816615116,-0.08679340680424141,0.12471178014152705,-0.16783366060031646,-0.23254916644716622,0.21954612358022035,-0.1202622805693892,-0.005289938437588164
651.0,0.12852140235266216,-0.21447480557063325,0.37894655714056097,0.2421726637835631,-0.0368842586000215,0.2334353562986833,-0.1876918215029032,0.03478492357030363,-0.021058926067247786,-0.0527246832414706,0.16069771567667077,-0.10918084115879408,-0.16232740165158355,0.23089606173490587,-0.06162646039060787,-0.008864282870339532
652.0,0.2042112545315678,-0.11888230536038848,0.3863805511722752,0.2786926607091549,0.0039103125616765985,0.21665791827554967,-0.21063421680408115,0.08974202004911493,0.030892511748967687,-0.014985372331643149,0.15384660770846265,-0.04675597379244718,-0.0854057474761432,0.24466691554053294,0.0124445855086531,0.0014096857284747572
653.0,0.26819169051490854,-0.04254884699220888,0.34085131714098843,0.31468032727306255,0.047999071345413015,0.13699909293734333,-0.22399210498789773,0.12644730591461711,0.08507075173306046,0.027408317627202396,0.11141928018735237,0.009565568945051539,-0.012700121891626316,0.26900581961575704,0.08659615262451913,0.030632776867749466
654.0,0.30857318794282235,0.003982897642163883,0.2572407487445785,0.344421151923396,0.0912163369304882,0.023302668701455226,-0.21988984103098663,0.13634541023683122,0.13545474105807578,0.07306768923498468,0.05090073391888561,0.049897119412334226,0.043517570233699183,0.3041717863584384,0.14447798754133975,0.07457746107672822
655.0,0.32048323389199374,0.022000372434384737,0.16091936914790542,0.3597120448833667,0.12925256604340704,-0.08677275325339229,-0.19625152302252513,0.11788892167820662,0.17797747465358893,0.11968417749324056,-0.003717295868856458,0.07046343732952821,0.0773586653148045,0.34246883719243887,0.17510944771235387,0.12131179973154119
656.0,0.3087939108798801,0.024740549430602204,0.07900097764322843,0.35500459010621144,0.1587285842482788,-0.1594110955249743,-0.15456378889255865,0.0784127609487401,0.21180425057577515,0.1647382205754967,-0.03082961090478494,0.07584450837495074,0.09283189855847013,0.3719319458273821,0.17668041849331148,0.1567965032860017
657.0,0.2839286542076372,0.029382507510222984,0.031072299485721367,0.3292719254008642,0.17696094001587193,-0.17483371101408368,-0.09764865028077552,0.03085981619151802,0.23696439768487199,0.20423269578705466,-0.020137119452717733,0.07510988776815958,0.09990243222099399,0.38100611157962816,0.1555769924562291,0.17078040182287493
658.0,0.25471337646452175,0.046087401248580656,0.02286915895757464,0.28498728325380773,0.1810522066795754,-0.13110279873497296,-0.029244847907386042,-0.011419231965365366,0.25025054812960934,0.23121163840842573,0.023329892568440116,0.07564916637631364,0.10681562121835181,0.3626091431962105,0.1215830656108273,0.1603669179540077
659.0,0.2245625699572276,0.07286258669653722,0.04621630831874585,0.2274999683816788,0.16814761061218497,-0.04258369431585432,0.0452642763829414,-0.038624965223713725,0.2446065155523192,0.23713878397873925,0.08260188895589661,0.08004181434553939,0.11483587071525633,0.3171005544603857,0.0832825591633987,0.13040698102480258
660.0,0.1934995401265776,0.09988990011023935,0.08578706028523508,0.1659731122120531,0.13782317194423846,0.0648761345568171,0.11853798799456418,-0.046122341810652646,0.21435019182635207,0.21685721508479813,0.1380992574097184,0.08768640387555982,0.1193194743795748,0.2534588937788658,0.04688064555139931,0.09128152972322788
661.0,0.16254079982923234,0.11849034500354894,0.12805787919659853,0.11356096718304735,0.09489527149673652,0.16203216310025711,0.18254201204328555,-0.03435171409146668,0.16192207556867078,0.17386547336664718,0.17716613977634174,0.09831923263240824,0.1157172700112021,0.18756785732284226,0.017858307714894727,0.05535966986885345
662.0,0.13535423814486627,0.1268092660578078,0.16668395788743776,0.08389103535206341,0.04968027317436593,0.22726017340289698,0.23124912719291776,-0.008121328676158496,0.09982232023347568,0.12134281108704649,0.19834541133819159,0.113128918189361,0.10433664813883252,0.13689022179981322,0.0023709597324764325,0.03320211082872049
663.0,0.1163927979455744,0.1292392958289603,0.20243076127017967,0.08470922645212357,0.014695320345260592,0.2557084735648468,0.2630623174497821,0.024824402531752335,0.04620687560939665,0.0774270887152149,0.2092060684683412,0.13245465976393633,0.08981532225599265,0.11296823627738324,0.006120400410631984,0.030356068727950474
664.0,0.10856154534786988,0.13275927422103007,0.23945103161093706,0.11369999164310704,-0.00024283488601270804,0.25977390761957997,0.2806267216437716,0.05658284803195915,0.017527146458402507,0.05742752276565468,0.2200419153605143,0.153326682247122,0.07787004052135783,0.11614146638634479,0.03135287408271547,0.046009141455630384
665.0,0.11234829441522914,0.14360951027619315,0.2806722575919154,0.15985959332386523,0.008182234539008086,0.25985499937746526,0.28777116815121495,0.08219377359677339,0.021739037707173545,0.06694244891300813,0.2368804415285015,0.16983271925379476,0.07290454956721981,0.13630769248649266,0.07450816704696672,0.0743807414790074
666.0,0.1257108678204432,0.16481665543346144,0.32445270466152487,0.20855210368754265,0.03541109255327455,0.27181636238729245,0.28664654931841316,0.10086598807975769,0.05403679553781471,0.09871878107871758,0.25683184031021045,0.1757189308960774,0.07628601731006848,0.1587800144436243,0.12610444201230944,0.1078285171670449
667.0,0.1436573097546653,0.19444792225475527,0.36355385140602414,0.24640915793499316,0.07037313358046553,0.2988328150772632,0.27770834102034053,0.11435368310623434,0.09725554847578609,0.134772460233207,0.2679838575688619,0.16705611118405184,0.0850544404458922,0.17074574372931414,0.1728290120176712,0.13932813062668095
668.0,0.15780570379356304,0.22539088478521163,0.38694354263063874,0.26430149605012787,0.09968255130241999,0.3314753125708751,0.2617461955236678,0.12362233723578014,0.12865552799954189,0.15380052721068835,0.2551031375149831,0.1437467414237916,0.09276236281662689,0.1652798733523973,0.20142516214752912,0.1630966823147278
669.0,0.15770880147693106,0.24753573603887707,0.3843443038880494,0.25895225068903965,0.1133799554023983,0.35496889483873956,0.2416772424641049,0.12655115541970313,0.1307016481172603,0.14133912879297264,0.20960383795534218,0.10967444189520241,0.09255291416787241,0.14307716858477057,0.20343762981807964,0.17449685693830813
670.0,0.13517340288495558,0.2519347068512797,0.3514952615928768,0.23365744608118624,0.10897424014912367,0.35826526841782136,0.222200533850139,0.11919612247032568,0.09891921816507866,0.09717279084196552,0.13787192424855763,0.0717491919436872,0.08033462604251414,0.11215528220057171,0.17867926648213941,0.1708452824955105
671.0,0.08934436153288029,0.23480393228456872,0.29305161209347574,0.1972412162580514,0.09139435688122644,0.3389403362941596,0.20710007507600897,0.09985351322242014,0.041496212144153354,0.0348236635174796,0.06120771974509121,0.038127118321841416,0.056437253455229645,0.0846661543900313,0.13548122101612506,0.1527455214107048
672.0,0.028244219699071288,0.1990421729594384,0.22149754363262997,0.16090661981859447,0.06967819965359037,0.30215058321194443,0.1969378896743911,0.071926340289958,-0.02765110923762297,-0.026662250231758333,0.006050839436624404,0.01571266272456049,0.025384665973814925,0.07168025433758948,0.08751068527766326,0.12427770405207066
673.0,-0.034658804988836285,0.15273883448184558,0.15243209238837271,0.134096943940055,0.05262703198384166,0.25660777955128505,0.18967807758043517,0.04292522685568315,-0.0960137125365045,-0.07280715118428936,-0.009911912214606751,0.0074997926061317775,-0.006083439533452797,0.07878972105160244,0.04819316583433378,0.09149880171172947
674.0,-0.08590576611694771,0.10624985992212249,0.09867519567453532,0.12098567062492044,0.04518046171121847,0.2112072811269149,0.1832976379808919,0.02099127415481156,-0.1550650867702699,-0.09913509236853082,0.012893226048536745,0.011337038379463458,-0.03156865042840166,0.104549125985712,0.024937592423523267,0.06032449520807591
675.0,-0.11584795040234488,0.06959444710742273,0.06702506079664762,0.11953439111454775,0.047352678899220436,0.17327744739048825,0.17796222127706182,0.011894080111000615,-0.19842949813464814,-0.1093026737416479,0.057431284330771375,0.021627690936293076,-0.04584375101484246,0.14201179530527966,0.016789123974259423,0.035090491072429605
676.0,-0.11979703676646876,0.050417183183854186,0.058933964166822506,0.12392552674921195,0.05651220823755539,0.14760512214005517,0.1760789598421182,0.017840787931461398,-0.21963515703439818,-0.10868986446533395,0.10157650070990751,0.03325663475446183,-0.04339170928737753,0.18191730035590603,0.017616221998760354,0.01805800344392994
677.0,-0.09753723879188048,0.0522903205146805,0.07239768878071162,0.128570344883093,0.07063538316689588,0.13659157514050804,0.18000458545370138,0.037731950506946034,-0.21294300807633998,-0.09898178353273394,0.13123565822616354,0.044813624534227485,-0.01768158347093754,0.2154315585071011,0.02213835114694355,0.00948221190766771
678.0,-0.0521216417633607,0.07389413411225658,0.10294114387175228,0.13158304121061273,0.08918608007689335,0.1422961263569514,0.18950328723645327,0.06834571482057397,-0.17669335592013513,-0.07711855242232799,0.14611809109020021,0.058934157484568796,0.03623545502750031,0.2365326532411979,0.02973844250874188,0.008258246777166854
679.0,0.011088910372744133,0.10947823820804722,0.14425767780296941,0.13653691488591188,0.11121545592733595,0.16767222686098682,0.20119312312102472,0.10589196868515678,-0.11580048043344998,-0.038152684884530746,0.15579966180260452,0.08005649184689966,0.11754051778290589,0.24481826938708268,0.04367600155338669,0.012923649010358428
680.0,0.08400444041497812,0.14998291834409866,0.18867987685485854,0.15068908335104828,0.13308118418911544,0.21321169046233643,0.20960512873579729,0.14664123667383427,-0.041330043556711375,0.020021765142984586,0.1702647694086107,0.11090942749843864,0.2169311505106083,0.2460648845712852,0.06695374936410581,0.02197033199930534
681.0,0.15448581142630172,0.18407088588018014,0.22684711939100174,0.17910471033605377,0.1481153906249693,0.27119140702476374,0.20854189889876065,0.18586908139299463,0.03197283131342098,0.09211852021552072,0.1914574480666318,0.14907404752795217,0.3162439692154186,0.2475318828858358,0.09765413988830056,0.0331646454591972
682.0,0.20638747771859955,0.19948314648896706,0.24785865769716656,0.21831905166795587,0.1488680247215469,0.3249347856886143,0.19303231698281403,0.2162673824832726,0.08861028798121395,0.1634544096194883,0.21122675123565024,0.18539059063440055,0.3905182433525509,0.25045051776605565,0.1267733174747546,0.04296914651796678
683.0,0.22237339021627608,0.1856392402549925,0.24244192071970996,0.25471923600587154,0.13065456982838247,0.3567784818231673,0.16282477006454485,0.22766124537749058,0.11548640440830855,0.21256280651617546,0.21715608982833676,0.20561303526214628,0.41322698993966767,0.2458620484402897,0.1405603269127379,0.0470147447926372
684.0,0.1884294302762206,0.13704590759494242,0.20841851687343008,0.2690351991042937,0.09381562864230368,0.35961447981491923,0.12615518831036973,0.20903847885391225,0.10516630859511156,0.21808948145350432,0.2019002591257642,0.19511900446183808,0.3645347573426311,0.21724474964343823,0.1263703417967489,0.04161948972701547
685.0,0.09792976562343574,0.05565488549922227,0.15327409702588932,0.24330725686668128,0.042758603475374614,0.34273519353015086,0.0994674983213626,0.15265017316380744,0.05745548899559476,0.1665008652409506,0.1679955555926007,0.14499552927767592,0.24000476908493096,0.14761859671158883,0.07821786062606752,0.025410319118227404
686.0,-0.04541986942735819,-0.049036853032722004,0.08991776191306047,0.16618128158080844,-0.01736272173714657,0.32683327347505803,0.0996459699171385,0.05856661988350736,-0.02182295719387418,0.05670599389295163,0.12385043639841233,0.0571420071091844,0.055582405485599486,0.026842188999003567,-0.0010863296268262257,-0.00043385886911255077
687.0,-0.2252039071761273,-0.1613162615908777,0.02827009075933941,0.03647784027839596,-0.08317610579012011,0.3305452717171124,0.1319085953172881,-0.0625041074971257,-0.12264901595962908,-0.09920755844448519,0.07513116341058679,-0.05372117054916862,-0.15369260347111088,-0.14218805203278684,-0.1011882639257054,-0.03344849609485973
688.0,-0.41160555492525647,-0.2612513837977387,-0.030759301772726084,-0.13343525145066104,-0.15240991488529285,0.35622565350276875,0.1821531378653076,-0.1899202191792045,-0.23077848102366552,-0.27730736953179513,0.01964530294817807,-0.16260992906257674,-0.34124458192782453,-0.3391171443978589,-0.20704051087645806,-0.07101507298523217
689.0,,,,,,,,,,,,,,,,
690.0,,,,,,,,,,,,,,,,
691.0,,,,,,,,,,,,,,,,
692.0,,,,,,,,,,,,,,,,
693.0,-0.35601656460276787,-0.2093288612986479,-0.44020665534640285,-0.6078783370194648,-0.30608023499542114,-0.041230834613964436,-0.14326039034943053,-0.29374627401668096,-0.2420150264732456,-0.4381100053081411,-0.42769836581724113,-0.13853122327703798,-0.17840273225963033,-0.6187864258442175,-0.35507003536415743,-0.2430264348344046
694.0,-0.15855237400854863,-0.12898243214800562,-0.4896354365673761,-0.5306527963398546,-0.2555203264623644,-0.22117789455115927,-0.2680851154516028,-0.2124736646145762,-0.10384220737226299,-0.26401976049248455,-0.45011533007648985,-0.07186647934073376,-0.051848951220790175,-0.47511944728188077,-0.2881827388255234,-0.2453180098585992
695.0,0.0170865680417639,-0.04867478130625804,-0.49279551028203716,-0.42510198442659597,-0.18530181164309167,-0.33610905460848034,-0.33001548307930784,-0.12992495325948164,0.035176639661792804,-0.07812633549236268,-0.4052757902262266,-0.011951319203751073,0.05000682516767375,-0.3117986924897847,-0.20635332037379264,-0.22367067928991485
696.0,0.13905275019102012,0.023995901044979,-0.44766174213639537,-0.31649954219358467,-0.1054012007618021,-0.3599430977020149,-0.31850455993011934,-0.06046800874354682,0.14446680134690448,0.08518665700507141,-0.300510038585142,0.039995432332943066,0.1252395983428867,-0.15743702073234778,-0.11828065483111593,-0.18058736961049374
697.0,0.1954508907222496,0.08283042514883736,-0.3648785543495039,-0.22421777960736597,-0.026092772788153612,-0.29858847850510145,-0.24712917415334656,-0.012343099017228526,0.2030155196751335,0.20168752071969606,-0.1618702648708781,0.08383322627430254,0.17654836518133732,-0.033609480331746155,-0.03150449774137404,-0.12518556305801534
698.0,0.19244915515234562,0.12368464341732849,-0.2649028415651089,-0.15801420326870053,0.04232994717876327,-0.18102013319300841,-0.14355433385427338,0.0139426541245578,0.20513412032273964,0.2598463024507845,-0.024937318330326377,0.11767384786198444,0.20557920022358467,0.04760155108579004,0.04538818249033477,-0.06964292272363215
699.0,0.14729177785275485,0.14426005346763532,-0.1718224355555425,-0.11922014564516137,0.09075740942229578,-0.04599642106797874,-0.039261727947317096,0.024064392521549054,0.16151709416863164,0.261049077275426,0.07752380421978002,0.13764682388172675,0.2115947416607902,0.08295376111441867,0.10188147918706598,-0.025376063078244873
700.0,0.08035932498005398,0.14434192575023339,-0.1052473108348084,-0.10549215973407616,0.11369227364423859,0.06975947521200965,0.03822508438983052,0.02631381589288755,0.09471570553006359,0.21808986922311166,0.12661690213682913,0.1399399357014914,0.19369723450934231,0.07573057105562432,0.1281755733341123,-0.0006048469428997488
701.0,0.009001658884829863,0.12676124184163554,-0.07407823411725732,-0.11586872239284814,0.11077062476558334,0.14036784553181203,0.07071424825106751,0.02780314470211155,0.029830332170165477,0.15126614621853096,0.12250780510717502,0.12385725941513326,0.15418660486632585,0.03282470171138211,0.11986773325792946,0.0006210478860216472
702.0,-0.055629848282471285,0.09712490218297906,-0.0760155230371559,-0.15216430302570372,0.08599394080356827,0.15543194674841776,0.05216845428571266,0.03180317018990976,-0.015743529546608938,0.08245563391154448,0.08133844574181556,0.09370874025977839,0.10028927427812952,-0.03735019170940573,0.08098587225973214,-0.021053847498218994
703.0,-0.10830528226007573,0.06158011021480906,-0.10140892547941541,-0.2142420477313667,0.0463560638198202,0.11986791516494312,-0.010354939222235742,0.03718985986370715,-0.03785666009724049,0.02906469332749786,0.02642037192516345,0.05772465083782252,0.042784191907132965,-0.12406053566138552,0.023482492902581326,-0.059226859055760805
704.0,-0.14689065631579384,0.024310691002505,-0.1365193098531415,-0.2918768913625809,0.0015121378774497834,0.05014011486213737,-0.09668179773356377,0.04002253799149381,-0.04343690646063489,-0.00021982703608252406,-0.021045517304851064,0.024356184959583464,-0.007903947780165286,-0.21122942259307348,-0.03609378139331199,-0.10129289505306298
705.0,-0.16920651569905024,-0.013427543213778547,-0.1645427295970815,-0.360999065312886,-0.03688134454627498,-0.031071000962804643,-0.17672721034824806,0.03608247535576621,-0.042988189343890454,-0.00654329742557978,-0.04765973104851796,-0.0015602390230544149,-0.04600974700438543,-0.27677389436198885,-0.08121331286531716,-0.131327284014348
706.0,-0.17151512649781625,-0.052178088035363425,-0.16736871064897565,-0.39002187047457204,-0.05794803376139786,-0.10060930649510381,-0.2205337692984141,0.023099438344913917,-0.04325342822838695,0.0016068057232613956,-0.04841269107593749,-0.020186440994198744,-0.07204960445857027,-0.2976159866903537,-0.09980974263561337,-0.13641236857809488
707.0,-0.14956670182833345,-0.09168540180636978,-0.13082638211903588,-0.3535564453205491,-0.055566780540155854,-0.14034482944429227,-0.21212898728057628,0.002047168573632734,-0.044668697216765946,0.013259417352786138,-0.023856395587737878,-0.03488065888807716,-0.0898899624536826,-0.25836094039255864,-0.08732639209792528,-0.11245204596821241
708.0,-0.102021257306988,-0.1288396926406164,-0.05199603822181055,-0.24455908491585618,-0.031053968631466596,-0.1420861140622958,-0.15715376678414097,-0.022924575276277944,-0.04441671236527422,0.019491964012848813,0.021763452636633932,-0.04870378811729312,-0.10155208345294692,-0.15850547377467802,-0.04760833134815128,-0.06511870890825631
709.0,-0.03399918440038964,-0.15816060888969904,0.0563628093278251,-0.07753587987899721,0.007113459949745434,-0.11159179787273855,-0.07805173425460543,-0.045990969206280985,-0.04123033062278487,0.01575109889420075,0.07893412845201844,-0.06160737171613281,-0.10446307043404017,-0.01398350887474851,0.00859610038905398,-0.005562233710868679
710.0,0.04279078794498586,-0.17397828170224267,0.16885910217815273,0.11751071830972784,0.04675859059005979,-0.06866343932462442,-0.0015420292606005126,-0.061616839213027026,-0.036693907538102144,0.00254913794846669,0.13165398024177744,-0.06974688645871938,-0.09298801460230692,0.14787307781348205,0.06726616238207196,0.055160194804913465
711.0,0.11447440519650608,-0.17183069348743238,0.2575723409027023,0.3052560106967308,0.07718096151419197,-0.03934624488051774,0.05248896366118267,-0.06590179984924888,-0.03179721001239771,-0.014242947110494238,0.16189448048552388,-0.06705949471084502,-0.06225039670373698,0.2973234588395682,0.1157833723116538,0.10893305489010893
712.0,0.17064445314611668,-0.149009051817958,0.3028642701809178,0.4538161615417341,0.09299361671291509,-0.04241388178526113,0.0760361674341077,-0.057327789655798864,-0.023099233296202514,-0.02438266410607744,0.15812465176518634,-0.04872934487535297,-0.012059575592667786,0.4105096942880237,0.1465017279305064,0.15037961824828927
713.0,0.2069823422076135,-0.10561390897164367,0.29881536258915065,0.5400519068235783,0.09440847284991459,-0.0786040669478482,0.07251305451471517,-0.037208680524625934,-0.003602476314291732,-0.01697374563080687,0.12105295217814073,-0.01517809862196076,0.050302162139208545,0.4737806661819536,0.15739859820358973,0.17585485151922273
714.0,0.22442190275073295,-0.045048174572594545,0.2530497128153607,0.553470780437572,0.0850180403878936,-0.13020472900831118,0.053471290249793045,-0.00927441444129633,0.03189454595011298,0.014649790860279501,0.0627463528724747,0.026369124671762067,0.11077528782999548,0.4845393558631369,0.1503468172014356,0.1835130943835484
715.0,0.2270362221058296,0.027515946388189223,0.18355824512410013,0.5001075973784878,0.06973796821954874,-0.17225479134778604,0.0343913245742467,0.02186844564287506,0.08183025214694467,0.06991000774579309,0.0005101828145187814,0.06469123480564447,0.15421535372255188,0.4504538409036528,0.1293249107251305,0.1744570770212118
716.0,0.21974944118939604,0.1066351982519604,0.11333199360616876,0.40318317752392085,0.054016293903838386,-0.1888073192800577,0.029132206037399237,0.052197781876240266,0.13725403658900676,0.14054066414987004,-0.05054356076278602,0.08992236907818915,0.17159979762796448,0.3871298402045242,0.10006097511874454,0.15324538019450945
717.0,0.20641542807891736,0.18593645327264416,0.06326698101462082,0.2970237422492742,0.04375009422416087,-0.18325168055693297,0.04358160557908765,0.07903979544197054,0.18612150913108663,0.2126121258197739,-0.08199775060413295,0.09792775363633276,0.16364903439456407,0.31385059263961995,0.07050488790203203,0.12652723617734907
718.0,0.18955310282705462,0.25716680439820916,0.04587793655773317,0.2154624506960678,0.044909834372538385,-0.1752517133755042,0.0723543582124585,0.10212384827624615,0.21983847791385183,0.27150984255025606,-0.09190440892882103,0.09188001792526908,0.14003040543619213,0.24828587312008074,0.05019749911073061,0.10086958088030268
719.0,0.1716006404857019,0.3109248426161695,0.06243698283384145,0.17945866419633102,0.0617515480112982,-0.18697481374195235,0.10118417797109841,0.12457653503999265,0.23712819119063103,0.3076624200151499,-0.08220469068053789,0.08056118517815006,0.1155622418560746,0.2017755822684323,0.04733870816618407,0.08141023771773283
720.0,0.1556364726308897,0.3385171160281063,0.10405985582302069,0.18951888075024528,0.09391416966430657,-0.2292884320026857,0.11340689331503105,0.15171780092213807,0.24235300511240582,0.31910382838468854,-0.0569606811597235,0.07370557538066212,0.10431729020771148,0.17706292301614687,0.06496228234288125,0.07156168267303983
721.0,0.14455915086548432,0.3349616231680824,0.15593209213766906,0.22752128432182872,0.13522637603829188,-0.29731757779581186,0.09755970063486208,0.18745553801978382,0.24060175904801434,0.31033748970156866,-0.02142515140687644,0.0768867106631137,0.11395166208452868,0.17013712347636203,0.09932297269756407,0.07323151542828996
722.0,0.13962867673155058,0.30285531733381077,0.20298467565390235,0.26795376861936665,0.1763661889558521,-0.3765470068665305,0.05295515197661099,0.23075073325552534,0.23398507972751148,0.2898011141640292,0.019102375069135993,0.08945214752896578,0.14318536333044293,0.17546427613470597,0.1420727607689928,0.08700714529679787
723.0,0.13954143233510072,0.25384277777634007,0.23477757705959423,0.29212594031722205,0.20959807203674344,-0.4532332673329739,-0.009898834232706325,0.2743913953078289,0.22171170572332805,0.2672993970489412,0.05991482189824597,0.1065391831141199,0.18322668257043997,0.19091786600331878,0.18461771377382713,0.11181427054002892
724.0,0.14075887189500552,0.2051910595651735,0.24829714088268642,0.2965267439692518,0.23193139796910714,-0.5211922700928445,-0.07427250794332893,0.3067925564890469,0.20367601366335117,0.2515767104245767,0.09676048674365834,0.12301807403248624,0.2223227225543287,0.21877871269586635,0.221525889743081,0.1441686818610886
725.0,0.1393790997682732,0.17327105899993914,0.24797504573806098,0.2907159362220909,0.24489900792275546,-0.5807800939314061,-0.12438586475389077,0.3165487419651386,0.1844177777719013,0.24825537098512557,0.12644768602630999,0.13618604859870348,0.25133692954161974,0.2621649814609729,0.2510545927820395,0.17794576469251372
726.0,0.13378310511641467,0.16760287556600076,0.24214907586391202,0.2877695114353091,0.2518211375933044,-0.63191185668244,-0.15032032039985666,0.298082999254067,0.17308865523379954,0.25831624787647134,0.14832952180620035,0.14540282788614775,0.2667577867657987,0.3194575585745967,0.2731359034179865,0.205713264431248
727.0,0.12562459394251432,0.18766437702220373,0.23712655662835747,0.2945791069338431,0.25452808389173115,-0.6672357022785761,-0.1474956657541679,0.25477704563902226,0.17776770373099487,0.2766428419035198,0.16419351546851801,0.14936904142089508,0.2687533452620636,0.38031070970062913,0.28663751658601583,0.22136995923496128
728.0,0.11682871109540068,0.22244930208673516,0.23245492532946122,0.3068504449878648,0.25109585679157265,-0.6709407709805602,-0.11263414916787794,0.19631960363340467,0.19730516974493065,0.29032089188879506,0.1749583836087701,0.14337966348783093,0.2558709737660781,0.4253659560567572,0.28771123561071876,0.2219046937252891
729.0,0.10403197811991155,0.25219615301432974,0.22040923140100765,0.30962211476954393,0.23560774055058584,-0.6244418302314156,-0.042242215064080345,0.13163254048114506,0.216656382334949,0.27852019522992594,0.17647862582556997,0.11872283577766451,0.22089135626226938,0.43009306932655106,0.27008186588871114,0.206624189676206
730.0,0.07586010835611781,0.25293464376982033,0.18987116712446167,0.2828229704965808,0.2004518147761882,-0.5163724554404849,0.06373397447991612,0.0633441798530692,0.2101760861767309,0.21706266073702837,0.15894055652773884,0.06511155575148132,0.15155699398520256,0.3720628642925207,0.2272896309009178,0.17532337421348027
731.0,0.01723744007609687,0.20434900787021923,0.13226610688687923,0.21014450809995508,0.14031148236476335,-0.35207654461337423,0.19633328046971124,-0.011452215475496092,0.15236881609640923,0.08809817124295029,0.11163837321877015,-0.024533455081096306,0.036639880470999,0.23945576857976722,0.15627804456923358,0.12812247484397157
732.0,-0.08111727262658536,0.0986797378686537,0.04653488529504129,0.0872980391045794,0.05576043015157097,-0.15685164151246503,0.3346640925223446,-0.09530212138169479,0.030487064667125755,-0.10929499549005244,0.029910408707114384,-0.14899341882029457,-0.12541091728845924,0.03752902912073591,0.06077528405630352,0.06725129374837291
733.0,,,,,,,,,,,,,,,,
734.0,,,,,,,,,,,,,,,,
735.0,,,,,,,,,,,,,,,,
736.0,,,,,,,,,,,,,,,,
737.0,,,,,,,,,,,,,,,,
738.0,,,,,,,,,,,,,,,,
739.0,,,,,,,,,,,,,,,,
740.0,,,,,,,,,,,,,,,,
741.0,,,,,,,,,,,,,,,,
742.0,0.2141926183192171,-0.12906478776007516,-0.27481435297756357,-0.22596890918436718,-0.17035159890481863,0.2739465543387973,-0.3030018858737936,0.05772143374835738,0.0775838235520204,-0.006720460798266705,-0.13442056890239865,-0.05790275546477583,-0.07998540972770689,-0.3223153321085036,-0.09212255682472921,-0.09564922859423858
743.0,0.44399725787521666,0.04024807042049465,-0.32765995563345457,-0.15479526094392373,-0.11251723912648232,0.3232672743461086,-0.2936378518317494,0.16627629303838182,0.3274530024944519,0.2918399523716453,-0.006797599429525939,0.12693996484797493,0.162553536641864,-0.18951025805319663,-0.03722585308372042,-0.10393123475681877
744.0,0.5930104317708216,0.16249523251734516,-0.4085950783167811,-0.13614910580389922,-0.07254296681725547,0.341209284776003,-0.2711271424715732,0.2356156374785421,0.5058923670689306,0.5086203278719089,0.0704960832547836,0.2665891058580401,0.3542744254887377,-0.12126464525164019,0.0003586606014901045,-0.12111870766193926
745.0,0.643809332683088,0.2244909970923323,-0.4945641814172811,-0.1595130810392981,-0.05155154134385145,0.321689120096236,-0.24560274859849826,0.2589205661941102,0.5976264027486764,0.6225295854533383,0.09459117706267627,0.34934822899290574,0.4773073078975031,-0.10918880865893833,0.016566437113880006,-0.13835452641459794
746.0,0.6068123109631366,0.23147031556362319,-0.5567748029855258,-0.19921206721458862,-0.04483326304615254,0.2711269150986241,-0.22012108199934416,0.24050574287194368,0.6097102670742085,0.6401743322542364,0.08160895945596333,0.37730590240751133,0.529135586680042,-0.12704737567074043,0.012300321704413208,-0.14762202958226966
747.0,0.5114042820727958,0.2009617756014934,-0.567690222445134,-0.22433252262308467,-0.0446501700401229,0.2033775612160743,-0.19295440898055147,0.19241907741779066,0.5627918422236801,0.5866995954087427,0.056769462170903943,0.362108706520728,0.5188105293834399,-0.14156698074282786,-0.007449305135214556,-0.144219215873921
748.0,0.39252099651345296,0.15342795576206913,-0.5096600355386786,-0.21119279755453244,-0.04397264599886214,0.13320450252727892,-0.16267478902291868,0.12990977626585667,0.4801836026767955,0.49243387086467,0.04218293812208212,0.3190310535775091,0.46192435316542585,-0.12585915571985481,-0.035949135182974476,-0.12803484150034722
749.0,0.27931754243979806,0.10438336250924263,-0.38316469538435377,-0.15361422187880075,-0.0395520362884081,0.07048539268575771,-0.1323071249487838,0.06706284635028474,0.3804075589805661,0.38243180959343387,0.048186264599002805,0.26196756274327987,0.3761641992363543,-0.07075068142558552,-0.06723170326044824,-0.10345067758354265
750.0,0.18888801655924511,0.060927060999854725,-0.20992270224517026,-0.06594562592164455,-0.03274234211138667,0.01793874705095945,-0.10966505962760982,0.013343397552216885,0.27546846801678343,0.2724951661767827,0.07188531289340641,0.2007812905659928,0.27769888786835106,0.011591033706569054,-0.0976924835991512,-0.0777755785956961
751.0,0.12496227077224331,0.022978939254452792,-0.027300553745201784,0.022924964563283436,-0.027800188443097666,-0.025434985549663627,-0.10365739658898358,-0.028126917943719368,0.1728573207299885,0.17079391970586508,0.10247546336606639,0.14113844690375266,0.17838219557504675,0.09392011932467671,-0.12631195266641526,-0.058695233512602384
752.0,0.08052563683646582,-0.012499275871178847,0.1253003953268606,0.08224056797838782,-0.028729385712043812,-0.05812819524380557,-0.11825781340301975,-0.05998520765601895,0.07773275640941793,0.08176435870530167,0.1293278996152491,0.08606560888531559,0.08480344022638012,0.14712489700954773,-0.1532066160597007,-0.05158673693134848
753.0,0.043318773582598426,-0.04698425701116924,0.22205934517708145,0.09339159565055069,-0.03648388450836325,-0.07451954263432874,-0.14831766282110165,-0.08771920521275599,-0.006352220635706207,0.009311792427721075,0.14758572861397526,0.038011173699825235,0.00018903060562491965,0.15420813242745351,-0.17714725998683115,-0.057704931048167235
754.0,0.0023173937920040965,-0.0782961251945987,0.259373836403301,0.05813548353487463,-0.04853649094542238,-0.07077318372740189,-0.18227308789947474,-0.11568184686455607,-0.07765127880306971,-0.04219795983230232,0.15810858218278653,-3.116452705371028e-05,-0.0722433293276792,0.11810127903730992,-0.19440171722118807,-0.07430149148888808
755.0,-0.04737088757843439,-0.10205587660878405,0.2523347210715504,-0.003950055007283183,-0.061187683101454796,-0.05195349251769506,-0.2112281778974661,-0.1445034251540287,-0.136069720261081,-0.0691631120886512,0.16302206741251485,-0.025300356256673748,-0.12783370932535326,0.05903524561332289,-0.20056795814196968,-0.09674342856446849
756.0,-0.10285155791583826,-0.11526997701325162,0.22223361486028187,-0.06682205430854736,-0.07235592813130087,-0.03238962842098707,-0.2364625161656398,-0.17147812228849096,-0.18178946508873642,-0.07104195530372301,0.16119339908515115,-0.037334979592443564,-0.16245266980520115,0.003178012757101261,-0.19360314556212754,-0.12097064839569109
757.0,-0.15541402640974053,-0.11914496676856162,0.1842032190033061,-0.11060967617200751,-0.08226246914129817,-0.028158676183679482,-0.26801517889954196,-0.19296781130662846,-0.21331475498257346,-0.05201852615326125,0.14760031584765163,-0.039208405541770665,-0.17551412596180413,-0.030525788067011967,-0.17469765346621324,-0.14428078794256918
758.0,-0.1954294812822784,-0.11877588639592765,0.14271398714678737,-0.1285607540559276,-0.09186660837045765,-0.047186386961990415,-0.31512944108700625,-0.20650188178815046,-0.22681831917773349,-0.020385593908726525,0.11746888602495081,-0.03614268064088724,-0.17060137179381185,-0.03760099635002297,-0.14654252911122553,-0.1641248764571542
759.0,-0.21815176549462265,-0.11983930154066263,0.09507891343957675,-0.12599783252385077,-0.10124756113713497,-0.08407491637085203,-0.3758607023655827,-0.21136484831944252,-0.21843352212967318,0.014086339158246187,0.0714454884905664,-0.03235189598266807,-0.1534933649446394,-0.02584983923814149,-0.11189362618323992,-0.1766518756615333
760.0,-0.22723081758930305,-0.12528067471088153,0.03774206997071246,-0.11371030594661172,-0.10975946584529478,-0.12334992717119402,-0.4334683405780634,-0.20845424770877838,-0.18920815313978323,0.041895912870125104,0.016328713503517195,-0.029212909654210927,-0.13039656476745046,-0.0069598331075633275,-0.07435649421830585,-0.17710474167601728
761.0,-0.23278675539209123,-0.13473479843061734,-0.02815789832553724,-0.10044069147024377,-0.11710222243757853,-0.14822523017025796,-0.4626229076817963,-0.2002986024957597,-0.14897835275073448,0.053527257223798794,-0.039105978031282435,-0.026054175539914088,-0.10748834107945948,0.011176477497299497,-0.03967124350483202,-0.16240603814646318
762.0,-0.24408779727212226,-0.1459683446606425,-0.09360177177565876,-0.0887314742167427,-0.12328806095998879,-0.14811899655137187,-0.4419723180071811,-0.19052235214914748,-0.11440370110790683,0.040343047311023186,-0.08830916404883074,-0.021466798299563432,-0.08974763069084776,0.026792253227778576,-0.014915863511310922,-0.1339946368220995
763.0,-0.2621146697377876,-0.15589326423487976,-0.1437272607339403,-0.07600448970505215,-0.1274810917577117,-0.12118199234609245,-0.3655861082136883,-0.18183963328897754,-0.10128443546268263,-0.001289023546313848,-0.12807924941155838,-0.013652953579543234,-0.07842327093002452,0.04152920640719622,-0.005613061462964391,-0.09817304351138464
764.0,-0.2782628801273943,-0.1604849513390989,-0.16527881775675,-0.05876825112996514,-0.12723796708411703,-0.07288720190654177,-0.2467711044583692,-0.17367763867231312,-0.11674341270333656,-0.06588523319342443,-0.15755837214422883,-0.0010145969444740625,-0.06986127086174791,0.05658726408669714,-0.012602507023763919,-0.06297305793828235
765.0,-0.2802404526689036,-0.1548137637091152,-0.15396508016467705,-0.03570526612653083,-0.1189300457805297,-0.012925200351547464,-0.11247823225421207,-0.1619246459461318,-0.1565528464962262,-0.13907892120312745,-0.17654773456919476,0.016296071322941464,-0.057832508543087705,0.07145227035204542,-0.03037447696334756,-0.03378441849219087
766.0,-0.2608277465259379,-0.13459020340123715,-0.11606288980718801,-0.008069916881182528,-0.09926515767497937,0.047948947917859315,0.007857509493541486,-0.14175397618161972,-0.2083967130426694,-0.2025403376276753,-0.1839419324884073,0.03535980042362964,-0.03795060648150176,0.08522423441008398,-0.04809407463339973,-0.0111454745796537
767.0,-0.2234079907891163,-0.09948170262818487,-0.06369158418701223,0.020977450026943886,-0.06736285528309242,0.10062574863342753,0.09273290089127853,-0.11148001885202435,-0.25765259923011363,-0.24026997360625799,-0.17699003773482733,0.051521895615874516,-0.010975595764085208,0.09809932724485329,-0.053743766558319785,0.008233894413173296
768.0,-0.18000972947330765,-0.055766707590426366,-0.007451352781440719,0.04748259206581288,-0.026044289097426263,0.14039363249574044,0.13429976400077986,-0.07423940235036403,-0.2913241582967756,-0.24280359555856368,-0.1517680868666369,0.060955751111604166,0.017104927151295236,0.11184789111700272,-0.03981275558067141,0.02884253089349796
769.0,-0.14321702327239572,-0.014641951092412285,0.04822782638303127,0.06890628190559761,0.018808747615738725,0.16861243502127762,0.13876042422565277,-0.03615922721660906,-0.2990844822954466,-0.20857095221369293,-0.10551463807061946,0.0626249410642936,0.03800581315392173,0.12946834185327344,-0.00724007612060841,0.054073784510565964
770.0,-0.11862900343483908,0.013636147857522289,0.10368456757568578,0.08602623572220125,0.06036884552757083,0.1911688592270248,0.1223357181422738,-0.0027811965279594627,-0.27424865723613356,-0.1438031363756762,-0.04076348761881331,0.0582798849088373,0.044955093500411714,0.1537149322273052,0.03494236063614386,0.08481488297342557
771.0,-0.10322286398318482,0.02511126051650977,0.15894325912189292,0.10264677704210491,0.09314884242638713,0.2141225045252474,0.10500096988182024,0.02335478328839927,-0.2164268023248491,-0.06159211734301792,0.03196739001342783,0.05135218968291514,0.035545968976629844,0.1850766987896703,0.07412584436407009,0.11870053531636066
772.0,-0.08916571080103529,0.023567603555957432,0.21081965029115854,0.12397485793736882,0.11461899531747201,0.23964904684752458,0.10480303711021599,0.04289231490249185,-0.1336324731177465,0.02056964018258275,0.09691705971381338,0.04609992745047842,0.013568265623566054,0.2212410186010452,0.10028922559944581,0.15044495724740461
773.0,-0.06942786989108296,0.01860692748378097,0.254964021715821,0.15490248899993103,0.12567141475464685,0.26572401079132074,0.13355643068303286,0.05855214207779778,-0.041085138358595036,0.0849751110384838,0.14083580143111626,0.04707977643552188,-0.010253600168026095,0.258395433149897,0.11051685637749781,0.17385898531351174
774.0,-0.04190884328339501,0.02201105570177645,0.2901290547518075,0.19780107357828253,0.1299841874795796,0.2895762641713586,0.19298134178462464,0.07376527988986055,0.0434323191442983,0.1190789727524196,0.16081288660724674,0.05835749536000642,-0.020251584251401344,0.29273262865614874,0.10967528373448472,0.1849563562390808
775.0,-0.009971318260797307,0.04307352437931345,0.3201495697763816,0.25054317490589034,0.13304110830172466,0.3101693535706811,0.27299137093254333,0.09124555499816063,0.10590756449139124,0.1203204349243321,0.16645542101317537,0.08193543136726354,-0.0020744767178044574,0.3216958015785435,0.10722578907617522,0.18443928471692725
776.0,0.020698653395806413,0.08397489675285931,0.35163485186609483,0.30686705998042474,0.14087693713270497,0.3267590360469699,0.35598114988648755,0.11162415597822546,0.1413417302834637,0.09709462933637793,0.17406101776583502,0.11567879096540848,0.04863371465444771,0.3452374692705595,0.11187468906492111,0.17782611138905746
777.0,0.04610812651089154,0.1380754466509307,0.3887303327672832,0.35873630359715053,0.15784647604060936,0.3371648893950351,0.4255615810716119,0.13306164700583578,0.15470533816615048,0.06438386034661711,0.19653439845169857,0.15264408394732512,0.12139434347848976,0.36550921014901167,0.1269153359115011,0.17257091210174777
778.0,0.06543228118916238,0.19326676320315614,0.42811796869303614,0.39788863486181714,0.18408553944840753,0.33969030832646735,0.4721786974800278,0.15247744742213967,0.15648991554951733,0.036813711180665724,0.2360677894226374,0.1832592951533552,0.19494585586473676,0.3835902008217271,0.14918897123346112,0.17369499452948448
779.0,0.07946986120300609,0.23780748776157726,0.45812088758357705,0.4159623185307702,0.21472536150825788,0.3364177839506165,0.49171072358647927,0.16709044327813052,0.15582051381421952,0.023143487307721682,0.2838557229128824,0.19886628809758555,0.2473690800444425,0.39577724797444347,0.17204276621999884,0.180891865079859
780.0,0.08838651547534358,0.26357095152394217,0.4639208655151185,0.4053783358709938,0.2416995770352953,0.33283388779036854,0.48080893800589136,0.17467318022387135,0.15615872253705207,0.024290858249848283,0.32600878378841386,0.19429751367657722,0.264849737996032,0.39335162646804067,0.18939325992504055,0.18877406447605974
781.0,0.09087650598035885,0.26550558076019537,0.435679310794062,0.36163548714475935,0.25684671510082335,0.33283703480614335,0.4344091765601831,0.17322941615874038,0.1560381375152977,0.03496939157326036,0.35098823030804877,0.16906649257163453,0.24516006364161214,0.3658080922328558,0.19778854023020026,0.18953492131278757
782.0,0.08513135671904905,0.24045138912170408,0.3736386627315117,0.2853539935271739,0.25458798978811076,0.33342808432293625,0.3477029309195164,0.16168166922697794,0.15251242161071418,0.04744655403174294,0.35342807287340927,0.12749531810005021,0.19648540519177046,0.3048205784082336,0.19586489088256906,0.17642168593189875
783.0,0.07067755108835819,0.18777297224585715,0.2877648178509492,0.1835614621552095,0.23349433652107826,0.3237049177781743,0.2215451793329327,0.14139692922274205,0.14336929283449876,0.0550483259563716,0.3330616330623799,0.07770282896043673,0.1334320213873556,0.20825362851774545,0.1828748020655588,0.14691805353981915
784.0,0.049795950258664214,0.11139342061298707,0.19403385317273644,0.07126530231983644,0.19699814846873143,0.2890984582346458,0.06804856587028943,0.11707665944836614,0.12706370271943473,0.05375082869613296,0.29192409963299826,0.029946125029924067,0.0722656118387953,0.08490242164309716,0.1584446950274831,0.10495321968305496
785.0,0.02739484861663541,0.021743070578820457,0.1104604271257451,-0.02769904623904794,0.15345058261395614,0.21893339413440144,-0.08742522643413941,0.09593728271725564,0.10224844264675395,0.04217004883637251,0.23359216692756704,-0.0049936077650944806,0.027202159803175616,-0.041965743310635656,0.1242228304686072,0.061139615400816305
786.0,0.008921189823864454,-0.06367073845640185,0.05433590983209548,-0.08443791286931326,0.11475413830188949,0.11394262841393489,-0.21082034059537605,0.08519663067268657,0.06855388772165477,0.021515896223794663,0.16530669764803463,-0.01761962117802536,0.008273807402186147,-0.1369405448913873,0.08576499558374356,0.02986226526392867
787.0,-0.0021768320935617435,-0.12251675795442162,0.03962491005180205,-0.07576297310601378,0.09250997679259365,-0.010452319582732055,-0.2708029204572689,0.08927714735152623,0.02864594262573257,-0.0036414278970342026,0.10037950835082578,-0.0019447082748512332,0.020347666751534838,-0.1640616233993361,0.0521491816176314,0.023500977429761667
788.0,-0.004884977132701121,-0.1339820394590807,0.07180808370827417,0.0014879202630458381,0.09243891765303348,-0.12762909434427422,-0.2517415947888203,0.10876682326749089,-0.009915066198120645,-0.024757764735237886,0.0564401136271006,0.04219295410885374,0.06263765087866667,-0.10545913293103151,0.03257758809221672,0.04658160731583092
789.0,0.0011636115679054457,-0.08808882373464977,0.14032577594304904,0.12148146001383617,0.11021099039087044,-0.20919916682232245,-0.1592823439959837,0.14128777579649848,-0.03553431384336413,-0.031159008912153976,0.04730618044778287,0.10672649506667288,0.12777550718698621,0.022570367853859085,0.03191503551981666,0.09324733289840703
790.0,0.016829880538561787,0.006963221501534339,0.21496555173209309,0.2344491487400643,0.13184913047990338,-0.23715637786088223,-0.014901361280217018,0.18197435731164388,-0.03745843331251954,-0.015587453437649827,0.07270817971540693,0.1737274365603868,0.20024304066442075,0.16866252016731426,0.04803478446506741,0.14892668786424867
791.0,0.04198534968740909,0.12459125695815826,0.2528342677460729,0.28586381217715867,0.13915129953920624,-0.21363931317823845,0.1541440869684267,0.22222670045920542,-0.012319091459625996,0.019094805603834107,0.11379951881511435,0.21722698104067933,0.2558795254783572,0.2651886796632725,0.07248288115492423,0.19433801580092597
792.0,0.07310566308357938,0.22723429959302402,0.2146171022209984,0.239629929664365,0.11744164022786566,-0.16241282085309083,0.32053319866591884,0.2487843041284888,0.03260341302389187,0.0575255313084093,0.1384254531509541,0.21034288183155025,0.2655860095429764,0.2573110537868204,0.09368238965647889,0.21019799001807984
793.0,0.1031941002327888,0.27843476759187813,0.08253193972705633,0.09385014995797611,0.061928904177684894,-0.11912188770302182,0.4566980206137281,0.2464184497036052,0.08240631302491047,0.07762311693264007,0.11430150321736501,0.13632997428242324,0.2056908905022998,0.12716626237745712,0.10068906792694322,0.18277415138874753
794.0,0.12463993217474038,0.25639314099065047,-0.12760477467688247,-0.11658871504994198,-0.019786079703961172,-0.11334267351428869,0.5344656579427253,0.20481511388322374,0.12146803794569085,0.06252111285842153,0.02515158061606613,-0.001000739968244447,0.07244272151385181,-0.09722186807497361,0.08642815041851518,0.109561310872042
795.0,,,,,,,,,,,,,,,,
796.0,,,,,,,,,,,,,,,,
797.0,,,,,,,,,,,,,,,,
798.0,,,,,,,,,,,,,,,,
799.0,0.13082573774459375,-0.1620470759687699,-0.5571470285228882,-0.35663657046884945,-0.19873916437092468,-0.21480232444765734,-0.08830667772127007,-0.15785606017878379,0.023620575145435085,-0.12555397971795154,-0.4972939251205622,-0.40415923508816837,-0.39148430284056296,-0.5531389492198205,-0.09999209087369453,-0.30393122212778834
800.0,0.1639941355656542,-0.0840254065822297,-0.374777075485843,-0.16343460159039652,-0.13727465786134035,-0.1247832963045106,-0.18721642035604688,-0.1375375031662382,0.003871032604116533,-0.06331166689680526,-0.4284933978782192,-0.2748432800560046,-0.2633917456607204,-0.37015849383097554,-0.07769559956417367,-0.26505723507466916
801.0,0.20706791410729275,0.03704130044925017,-0.16871764523277202,0.04156499406556901,-0.06629504856807586,-0.020439671361873243,-0.2018981641414836,-0.09106056231594464,0.009814699504070726,0.021351489145288623,-0.30846962814267787,-0.12101886260060724,-0.11039465365927434,-0.16182391396345056,-0.031433003020775514,-0.18741456967217784
802.0,0.2452202514620367,0.15896889800634154,0.020727512765646373,0.22263641376437734,-0.001364139384645375,0.07473607548671615,-0.145742919520003,-0.03901974122582006,0.04088765139481224,0.10512415547410202,-0.16326657134865322,0.016680155137979567,0.02556666606385198,0.035206581774891034,0.02142689422123049,-0.09362790815712549
803.0,0.2656754525943691,0.24581055878199948,0.1655668492436803,0.3532249642462623,0.04711746759625635,0.14740379391138897,-0.05222167863980938,0.003403235548133207,0.08940765137552216,0.1694991218436007,-0.018829405208642767,0.1101247628310616,0.11877747909103599,0.195394885883291,0.06125569685117848,-0.006259870460693156
804.0,0.26276304552751995,0.2800489731596303,0.25260847229261796,0.41687428444870084,0.07522191867390453,0.1942739520787281,0.03966774436288581,0.03166819465745337,0.14400566588695018,0.20563476210578086,0.10371877397736506,0.15012115644327811,0.1646565893959012,0.30285208373509864,0.07485005240264488,0.05940680054232318
805.0,0.2377011297095643,0.26510360288821316,0.28233351726847705,0.4075762537582611,0.08456545447524193,0.21757828768295748,0.09812337696676829,0.050386837999101604,0.19306878529535174,0.21422512850196498,0.19074465907803687,0.1454181397367942,0.17556474487858317,0.348819135665917,0.06135810762266521,0.09788696142999898
806.0,0.19537742930464796,0.21891679656407217,0.2650679225034702,0.3301911463167621,0.08001500811681614,0.21972231072257759,0.10542977933196594,0.0673574479278905,0.22768028564660367,0.20224002132221613,0.23716151206691166,0.11596816855830196,0.1715977214746967,0.3309940956600635,0.03192951554603737,0.11139685026725786
807.0,0.1416489654699066,0.16319522227113414,0.21565208602340052,0.2004174719993435,0.06714042305935734,0.19975053406011078,0.05894100765939091,0.08702235323426448,0.24376661960657148,0.17902031561437995,0.24563175412489616,0.08340558568593077,0.17067869284715048,0.25481586079625945,0.00294361269230911,0.10569138539589135
808.0,0.08239353033895784,0.11430030548493221,0.14830535793188346,0.043354232050527984,0.05038480517299815,0.15408494174816956,-0.030989113109567267,0.106828368075782,0.24240579401034268,0.1530744196852466,0.223721714068537,0.06275534119740095,0.18137401598795602,0.13511345161542346,-0.012929730758466266,0.08662479657368491
809.0,0.02307136809783876,0.07944372492161386,0.07380049944865566,-0.1103245068973296,0.03222592875464411,0.08149461385900382,-0.1437744647305901,0.11836748718383569,0.2274647104445875,0.1296602441701528,0.18057647602738,0.05874565313265395,0.20070895192344268,-0.004011105334380522,-0.012440689278274264,0.05872782450269149
810.0,-0.03188263438226795,0.057550780513153287,1.9407026444465606e-06,-0.2304646737195486,0.013327099955245213,-0.012026135852626149,-0.2526376446170759,0.11228637692411243,0.20169081972933753,0.10926050318643797,0.1250991129687273,0.06692970776707545,0.21681668357219494,-0.13265113211457694,-0.001596604282938836,0.02541857881559717
811.0,-0.07882933199615293,0.042095452538760375,-0.06582154590722872,-0.29393415175529936,-0.006229554890226641,-0.11319746619306002,-0.3307799149242306,0.08342231563997489,0.16440389507882777,0.08796674474418081,0.06531032609367643,0.07727232825522963,0.21422313739219043,-0.2217381060590882,0.009313929777382688,-0.010134179198520514
812.0,-0.11391922090317354,0.02470874743085259,-0.11595116797650824,-0.28967594185724194,-0.02530109757661193,-0.20663795623147252,-0.3581575614460898,0.03320378352157049,0.11311311498428102,0.06042244858710821,0.007350435717123094,0.07844744821073336,0.18023915646830252,-0.25087347959983,0.011877867930455758,-0.04451373975648035
813.0,-0.13323396457111145,-0.0003461980246055583,-0.14406371651448935,-0.22166124284641311,-0.04110928476742573,-0.2820099083645381,-0.3269236635697197,-0.03073225852006129,0.047680499992556,0.023729946561266816,-0.04575608795694447,0.062402999464529846,0.11175485546574743,-0.21469210601489247,0.0034000487705968395,-0.07436679615897981
814.0,-0.1348199135643771,-0.03221273153424555,-0.14844855513527772,-0.10863463867412898,-0.05039267726868543,-0.33861707433865657,-0.2443063396962868,-0.09631384092760202,-0.02687058018517238,-0.02048184794917268,-0.09392548192978922,0.028206783196444825,0.019810264812870983,-0.12504160318925506,-0.012648669096560972,-0.0968145842264277
815.0,-0.12110917317955709,-0.06297956960559459,-0.13354277182633015,0.02040269414061717,-0.05154011255319071,-0.3836767871068075,-0.13120598697416308,-0.14985705489658144,-0.10141677119901597,-0.06702645406214046,-0.13778802763777062,-0.01689571266557833,-0.07237085923473448,-0.007631130735284659,-0.02917733685296049,-0.1095737979117695
816.0,-0.09985973863523623,-0.08227279953156669,-0.10863004212478745,0.13336549014278995,-0.046360169741155005,-0.4248128618260849,-0.015791997716828536,-0.18018626147216393,-0.1668385147673648,-0.11007334709876139,-0.17640741075665534,-0.06065145444582167,-0.1393449207495779,0.10526878590778996,-0.040079136297348154,-0.11143711674723467
817.0,-0.0823630572005643,-0.08456954974370216,-0.0847495200681024,0.2024437746332298,-0.03999200740988938,-0.4628428107078986,0.07578940193683024,-0.18294597865919526,-0.2181000153235451,-0.145888662948462,-0.20764816854568782,-0.0919734443015668,-0.16658365247149065,0.18359127736613065,-0.04431288646559742,-0.10293286252023472
818.0,-0.07889049382978774,-0.07451531162314799,-0.07111128050172615,0.21061455361756037,-0.03838520967000923,-0.49055992730829034,0.12746947519180568,-0.16300047341499563,-0.2554837914788686,-0.17368263255189775,-0.2306580034582644,-0.10646207889872389,-0.15822321337161768,0.20798518808253985,-0.04648285769094157,-0.08635681716941103
819.0,-0.09349982208014392,-0.06690521765762836,-0.07219673810582666,0.15556178375831464,-0.04503942828355622,-0.49634909312940384,0.1356097575919647,-0.13341490226568017,-0.28239705331589765,-0.1942241391346905,-0.2466487752503263,-0.10808511518783681,-0.13440838776330613,0.17507709904002144,-0.05376880260741712,-0.06560907592761155
820.0,-0.12141251707084759,-0.08089229662127118,-0.08681748875953763,0.0488461579949447,-0.05958682572105802,-0.4674601552792726,0.1047159224001805,-0.1105467657051101,-0.30142462728062763,-0.2072356836123427,-0.25612869562424584,-0.10635463798375486,-0.1207780219623796,0.09615404108603054,-0.07183661869297185,-0.04628010248885325
821.0,-0.1509517779325844,-0.13069128706748884,-0.10983231683889969,-0.08851394884714196,-0.07897139835670083,-0.3919679670122239,0.04180477932533091,-0.10678223574306765,-0.3114036955921937,-0.20951833576537124,-0.25602777308593944,-0.11065470129216012,-0.13646673171381551,-0.00961238387498072,-0.10229851495676892,-0.03495920825360353
822.0,-0.16941489907577362,-0.21715656962029786,-0.13553157269588012,-0.23071787239354846,-0.09979122418755441,-0.26290192430489273,-0.04455918028334033,-0.12511959951032367,-0.3079826647900558,-0.19601115297804333,-0.24116052191561013,-0.12498758063036916,-0.18572561710143848,-0.12212318328431615,-0.14235976669991032,-0.0370310953459497
823.0,-0.16945533436299048,-0.3240630387078604,-0.15994801053972924,-0.35101791134162086,-0.11974688561149914,-0.08532461061049487,-0.1410032383268281,-0.1589213294086761,-0.2876846371883278,-0.16404664173251765,-0.20941064174889493,-0.14608294164278215,-0.255744747923495,-0.22375658499669526,-0.18561402102243504,-0.05398660311385921
824.0,-0.1519179040249806,-0.42073422288894247,-0.1803105174053306,-0.4256726866275702,-0.1372151603944376,0.11757417276079961,-0.22714203467257305,-0.19579028720231426,-0.2522232019422208,-0.11779324976109865,-0.16588109693304423,-0.16507437318317483,-0.32096011436147925,-0.2995557593408571,-0.22306610305471178,-0.08202359098017466
825.0,-0.12421923068961137,-0.47223630549955403,-0.19367402681129386,-0.4387549014292086,-0.15015779174898822,0.30463549298004183,-0.2789308308648899,-0.22276592325244457,-0.20939654406123348,-0.0692352202827123,-0.12280055915669934,-0.17144403018930424,-0.3528420599390957,-0.33716321154518086,-0.2449547354169052,-0.11308615004569535
826.0,-0.09688555356786945,-0.4562798104491657,-0.19817407481892949,-0.38812700008051126,-0.15652879458193558,0.4278169858194217,-0.2788599815389491,-0.23133711547757443,-0.1701318857064831,-0.03457619349620397,-0.09556377741700377,-0.15858577463236959,-0.33353520355219174,-0.3300260240094299,-0.24433982593485312,-0.13821363685364246
827.0,-0.08007658300475622,-0.3775318526537739,-0.1957554680576614,-0.2898074658000177,-0.15608414545389865,0.4532612278727721,-0.22785762771399695,-0.22039186096798954,-0.14391865418352112,-0.02734765045571741,-0.0962643806741623,-0.12862901778582866,-0.2675505154791418,-0.28305486264084984,-0.2211921010591205,-0.15156674151874328
828.0,-0.0791795984702881,-0.2652499535582692,-0.1912315635810969,-0.17403128517283747,-0.1508838008746883,0.37999607598821833,-0.14784438371290803,-0.19448468192005006,-0.13436095748147042,-0.050918496365084616,-0.12633100635418867,-0.09171367818486931,-0.1810026226726649,-0.21363700101676872,-0.18332427026486842,-0.1524882865272403
829.0,-0.09020739831482943,-0.15343060876649992,-0.18718658622653445,-0.0719385237011454,-0.14313932616621547,0.24123085346918702,-0.07047177497020644,-0.1582702638168959,-0.13651160090629777,-0.09471012896445515,-0.17258731669358024,-0.05898978406637331,-0.10513890336562513,-0.14391189882148028,-0.1422036447702195,-0.1439254148211395
830.0,-0.09971403556090991,-0.061414167831822186,-0.18082645374002382,-0.0025797384957088987,-0.13269502075131256,0.08673757078251183,-0.020978308544123813,-0.11269215947073132,-0.1388328483843727,-0.13800947439159203,-0.21169481570217563,-0.035673126868347546,-0.0569237379150737,-0.09022152112705491,-0.1065860781011636,-0.12864161342426017
831.0,-0.09179965008423513,0.009395851150828255,-0.16614069951013538,0.030905084481883772,-0.11689840825107504,-0.04060113187733494,-0.00781669315673552,-0.057067978073021414,-0.12984130618007836,-0.16025572105099417,-0.22143979975524358,-0.01992281059097742,-0.03260367939960341,-0.0576991153888176,-0.07881895632257926,-0.10660851079600607
832.0,-0.05764552765934051,0.06564218881746484,-0.13769661447351808,0.03749211513456758,-0.0925919427453356,-0.1191681345317824,-0.02097046198065878,0.005616448320306718,-0.10435123780093396,-0.15104221257594813,-0.1905758636433118,-0.006585623008214228,-0.01616614749404647,-0.04107081861605457,-0.055762293298918915,-0.07536172635208423
833.0,-0.0005625361969143279,0.11161272235211245,-0.09231811138230178,0.03275668375322214,-0.05817706607196887,-0.14780153007746633,-0.03740676271529956,0.06625595796461366,-0.06482206382740348,-0.11328578119715961,-0.12113499567184166,0.00859652089464529,0.007557702359659027,-0.02845803176938486,-0.032823881193233186,-0.032504441815988105
834.0,0.06591223843060673,0.1459235659807606,-0.02937130060707838,0.03343053663410746,-0.014805025383719148,-0.1350486773449494,-0.031307034166885316,0.11255357015156175,-0.01880923154626767,-0.05888679808574413,-0.024661287191548274,0.02700872740863996,0.044737317863787256,-0.006507489950030613,-0.007994193831233964,0.021345219397111346
835.0,0.12411585403767929,0.16415528985826747,0.048677612484276676,0.051391681089226864,0.03320218881787804,-0.08977678975057458,0.014450562934562834,0.13484496570715973,0.024347892086375153,-0.0014941181982768377,0.08263066877754474,0.04733810631264421,0.09182870843583188,0.03371581650846965,0.016910312970465354,0.08082108770734754
836.0,0.1587679435114603,0.16260061784840915,0.13538430429995246,0.0891808982188785,0.07883213195801655,-0.020361548330415397,0.10023398836518663,0.13072661759027493,0.056788199492816084,0.048633093042918726,0.1829608606840979,0.06644939554122346,0.13944904920725898,0.0923778268934935,0.03806997122282194,0.13650461662540808
837.0,0.16203496304108,0.14003548771826035,0.21945648495115433,0.14000758570438027,0.11381206710639076,0.060313170802837476,0.2082950714107541,0.10592458798542619,0.07510932530012986,0.08568565516175347,0.2588368234004138,0.07982348628408527,0.1765675093187414,0.16048660186588837,0.052269544093618246,0.17792626017074317
838.0,0.1361424204842798,0.09728683577366125,0.28485980213578277,0.19127347920458798,0.13055182985391803,0.13245331983956343,0.3078730380636781,0.07122577408102049,0.08096165169446887,0.10631438433368506,0.29550234620441995,0.08181870257683045,0.1923215622908916,0.22294011881831216,0.05816784696874199,0.1972671730323809
839.0,0.09221508846926992,0.036178202800596554,0.3143387371508696,0.22838253158342392,0.12440681944586518,0.17474201652721258,0.3648231703177664,0.03740904394968081,0.07844910583948736,0.10741220587170541,0.2852752149911794,0.0670270576752521,0.1762777756129018,0.26279311217858337,0.05619085536241411,0.19177202231442622
840.0,0.045548529361425394,-0.03990955187342804,0.29689487640135237,0.23795168074837256,0.09609994671925726,0.17522610896362797,0.35364155362497607,0.01136237117082127,0.07108314788733154,0.08639660514480622,0.23246484285247151,0.03315118083368332,0.12073218309568515,0.26563060977127223,0.048181303283989806,0.1640501965166125
841.0,0.009607384893186497,-0.12336974868644833,0.23456149838174917,0.21142062232134082,0.052896514309156095,0.13961692433215306,0.26763849689472813,-0.004447700237546292,0.06051163864690652,0.044032442502574806,0.15448275854091995,-0.016147930597527838,0.02664293027409376,0.2238998027801505,0.03713908025830271,0.12099431134572343
842.0,-0.008947408550461897,-0.20004624440966665,0.14274919830514116,0.1486439425167816,0.00678509246006554,0.08913934863372633,0.12171025535977244,-0.010009651992724057,0.046282843200064434,-0.013153584179741185,0.07592026414901731,-0.07053577008729069,-0.0908395558859387,0.14036418962906644,0.026672325953347984,0.07213442425545041
843.0,-0.012460923939456959,-0.2504801723969978,0.043840004317588985,0.0593152116247545,-0.029879841075075828,0.047986626506720906,-0.05355426355850666,-0.006148274882402794,0.026222657406906356,-0.0735521953048507,0.01830392622311691,-0.11541399628547748,-0.20367753131075375,0.028875445572078298,0.02040106947629545,0.027409761622082054
844.0,-0.010208381377969781,-0.25634512118941555,-0.04140832573860287,-0.03946991276343504,-0.04873657476785756,0.02922951507694358,-0.2223654758488282,0.005117149077158392,-0.0012342021426444848,-0.12387154557667977,-0.007631622534523541,-0.13723054758059264,-0.281230747619179,-0.0890518733342358,0.02155522252735089,-0.0056542539696795985
845.0,-0.012578533533738962,-0.2103965813911876,-0.10054023535120928,-0.12929527260345394,-0.04772713589623717,0.028623977372116336,-0.3551089520095899,0.019753134692707522,-0.033181940467927426,-0.15271413132788017,-0.0030367382484244513,-0.12964584445077315,-0.30417073633986214,-0.19163232549998904,0.03199437506480591,-0.024434158631616357
846.0,-0.025166488335648978,-0.12351747966097344,-0.1327097847249134,-0.19750357847640612,-0.030903020734989517,0.029425280032966943,-0.4381986196930508,0.03295165255569753,-0.06076223392548949,-0.15252538086700093,0.022711739970244758,-0.09654029298106291,-0.27251989602393956,-0.2651456404374281,0.05042980114053029,-0.03155966290773784
847.0,-0.046535494044122494,-0.02168366489974101,-0.14743200760304162,-0.24063528214098245,-0.006162852208398684,0.01438443130692056,-0.4768845205186707,0.041967119564070975,-0.0727007447947989,-0.12024442922347911,0.05669354714291,-0.04928737308151357,-0.20239576873296924,-0.307833405613666,0.07155053796665728,-0.03220162503047287
848.0,-0.07010780997580973,0.06646313297766177,-0.15788273226319208,-0.26113998006319905,0.01797288141150371,-0.023158214131628982,-0.48628296849953495,0.04749867801277325,-0.060959429260053925,-0.05779116530542009,0.08668644107434635,-0.00036037517003577655,-0.11526421346637573,-0.3256206175109592,0.0876154097138643,-0.030133352465646242
849.0,-0.0881175690963813,0.12214492398951295,-0.17236743966885382,-0.2605601577284365,0.034915071610546244,-0.07583087203693999,-0.47616426536163764,0.05222730718002433,-0.024227444479201995,0.027289546670960386,0.10408135373494323,0.042050639544998554,-0.02833614346827239,-0.32286205950759117,0.09184988133572385,-0.025784763562407494
850.0,-0.09559428938016809,0.14108525723219115,-0.19069919875465283,-0.2371851451892124,0.04093876329632239,-0.12671321871655092,-0.4429653928183821,0.05810749604430845,0.031045313835736776,0.12167309757251697,0.10433179989819263,0.07527998367641289,0.04845162605699486,-0.2972582092038645,0.08164878087048642,-0.017812024560055536
851.0,-0.09255972922772465,0.1305979028170037,-0.20724757674724978,-0.19144420504982532,0.03500556133132004,-0.1578156226838551,-0.376796307567208,0.06470731437145898,0.09116145644622543,0.2079079031461681,0.08611695220835468,0.09958675432248784,0.10994420257458616,-0.24445148486888915,0.059598818375485856,-0.006729350565682403
852.0,-0.08277865407211982,0.10418225604623384,-0.21558499370359077,-0.1319118530712352,0.018455246062264653,-0.15955539154988282,-0.2766810496209048,0.0696894566524477,0.13870123748001773,0.2685950161375884,0.0514282331364274,0.1148424591425233,0.15290943977812116,-0.1668014164305902,0.031499286572169,0.003021402173145571
853.0,-0.06995019402107269,0.07669419954666766,-0.2103783997977422,-0.07315822396175972,-0.005232293929076058,-0.13761540201762945,-0.15876138520152544,0.07077296519337928,0.15932539048547228,0.2915271147414172,0.006120831084235532,0.11966981392385581,0.17607855541404813,-0.07624949761657594,0.0030275483440556387,0.005199089569278645
854.0,-0.05504530945220311,0.06035156020564705,-0.1878136016434362,-0.02696187440103604,-0.031039378117910948,-0.11129869682339498,-0.04957249194131547,0.06747460784159462,0.14792419248548008,0.2733243040714448,-0.040856779187590994,0.11339440270388382,0.18153221369664954,0.011008426826307056,-0.02207870781967222,-0.0034110347909057366
855.0,-0.03703731230971735,0.06185597972743553,-0.14717160791193468,0.004157857834078983,-0.05357617195844384,-0.10233536051619226,0.028847527838611876,0.06154195700705984,0.11023914526693597,0.22066670049711995,-0.0794413836890614,0.09860314564672239,0.17506593004186483,0.08202451834083825,-0.04139350333847779,-0.019596519920460364
856.0,-0.015337366351554891,0.0812244555851699,-0.09257534074624185,0.026210614129359742,-0.06841680286084088,-0.12230940898444707,0.06972472597486667,0.05608444928014787,0.06030669023557369,0.1490097559104617,-0.10049093715263957,0.0816835279926871,0.16519193980011743,0.13149426018700086,-0.052392074411673574,-0.03441078842737743
857.0,0.00897102469097991,0.11226381333392527,-0.03256047635975443,0.04754636695017859,-0.07284388438531983,-0.16765981764707638,0.08161686181687408,0.05387450420898151,0.01607239750485828,0.07843785429978997,-0.0978066998207321,0.07008761279914383,0.16025224631167856,0.16146005474708974,-0.05196624129673141,-0.03768136360974106
858.0,0.0339852594878717,0.14477482122086036,0.02264851643695126,0.07129588673894349,-0.06548780259882783,-0.2230354693599236,0.0800336899022384,0.05579775234095329,-0.005526649828901115,0.02746174469499874,-0.07023082267507602,0.06787121058898786,0.1636822516458606,0.1767524610192194,-0.036907448085503794,-0.023560252777045963
859.0,0.05875222744031119,0.1687091500498939,0.064889858240298,0.09140677153333174,-0.04539811186159054,-0.267956002550882,0.07817931008696208,0.06062342611525829,0.006762693111565226,0.0070997407668044075,-0.022509566130107437,0.07319531199906168,0.17078059906347867,0.1796718877362217,-0.004977842160030863,0.006735087968520947
860.0,0.08430535463110705,0.1786203164231947,0.0913878903470213,0.09591124680745529,-0.011948327418510839,-0.2829755702544625,0.0826958384832896,0.066077130903952,0.05484493361421641,0.017566857423245492,0.03632003225523052,0.07999475772678821,0.17071345681720465,0.16875508686713012,0.043251481204293736,0.04645948436450633
861.0,0.11273767886623778,0.17518929750079498,0.10574220720957797,0.07536856931236721,0.03372295500303471,-0.2542655631193078,0.09443728154072173,0.06984264396443741,0.1292301535433182,0.04882821478735156,0.09621842690676749,0.08230898193830744,0.15312924931141117,0.1423324765963842,0.10225080353842056,0.08664760483718817
862.0,0.14436750024396075,0.16268727506691427,0.11549503945199396,0.029845769925240545,0.08663990816324241,-0.17605197565780972,0.11051478101039981,0.06952028766955827,0.20995388781562047,0.08482075622466141,0.14919400301142405,0.07787110908691965,0.11463787959019756,0.10292563640733865,0.16057752083731816,0.11816547799239022
863.0,0.17507769118684063,0.14488164404817344,0.12749431609537584,-0.030150449653388343,0.13708072776934216,-0.05136967351492352,0.12467119612623845,0.06227539039386505,0.27177159226931563,0.10955741415772907,0.19070088832503715,0.06878341068957636,0.060670053108337396,0.058633995159681256,0.2024858217456908,0.13240821170626235
864.0,0.19631807040588659,0.12279126701011855,0.14383900794379706,-0.0877247417912439,0.172469591733874,0.10699767536860592,0.12735286437189858,0.04559334290126652,0.2924064514072869,0.11243375430607275,0.21865719438128653,0.0595642049278863,0.0025063259411189304,0.02098320299843576,0.21263080299421266,0.12273138276814705
865.0,0.19838471790089757,0.09578436205388394,0.1613143428994599,-0.1246991616694333,0.1825356884893962,0.2756691216503188,0.10975602923976625,0.019177136370982627,0.26049089983041546,0.09073555207154693,0.2310695124886427,0.05433231013096975,-0.04729505615948424,0.0014500554172374857,0.1830870405023902,0.08783226968931226
866.0,0.17558209283578258,0.06486906199490283,0.17544343229629938,-0.12574990115665907,0.16576447364012126,0.4235525815083783,0.0719269719295645,-0.013573167769917854,0.18056351819207428,0.0494258868554027,0.2256708074888002,0.05493131717270332,-0.07838302354952062,0.008630048332512992,0.11969642956087986,0.03517333332329867
867.0,0.13028543298563547,0.03473393554766628,0.18585096734438,-0.08247810458712071,0.13249477343297844,0.5204254813325768,0.02746517435820498,-0.04588647019609491,0.07361867348935969,-0.000457325954801596,0.20295699013976057,0.06058198586600547,-0.08466340067090013,0.04568129218434981,0.04297267752481627,-0.019284688352318665
868.0,0.0724511016293727,0.012030341552319744,0.1970727445881966,0.002381309526942773,0.10064793090614059,0.5479989718890957,-0.0020203250093135737,-0.06956353825434053,-0.028560205728054722,-0.04438581811814145,0.16845310567335983,0.06827704591292871,-0.06566666690615688,0.10769686547621847,-0.019455426910324928,-0.05653000509216559
869.0,0.014131438166207676,0.002025289505268502,0.21374094557636616,0.11349152031977434,0.08587448878562061,0.5077388962802025,0.0005218742533689259,-0.07735715268149758,-0.09521344116001323,-0.06825798919201999,0.13073773326085805,0.07362884195826097,-0.0270027546148935,0.18151007358726154,-0.04569897078485609,-0.06259820857760104
870.0,-0.036945581297281115,0.007185879824007103,0.2357106460910312,0.227094851576944,0.09330205243644418,0.4208999814878505,0.038294212903105154,-0.06524646438132435,-0.10943749430957063,-0.06319372500245708,0.09794415534926185,0.07291853473989332,0.021250073997530247,0.25029908119515243,-0.02950380114608717,-0.03489879282475216
871.0,-0.07992087079502413,0.027339621544446854,0.2577646159945318,0.3196879589705799,0.1164876327934409,0.31984638081780353,0.1011006951608899,-0.034435088242094854,-0.07490597697869145,-0.02959320014666206,0.0760814077800828,0.06575898584128384,0.06808183047021388,0.3007604756151561,0.01883795135184428,0.016695217267449085
872.0,-0.1182882891050044,0.05942222000391968,0.2729608974197388,0.37643153073489055,0.1430411687131791,0.23495874715955858,0.1732007540284605,0.00803093844822201,-0.013080791437632678,0.022154779526801803,0.0684834503150894,0.05607665172487066,0.10524036422248541,0.3279604838799014,0.07945881502845291,0.07462176908303661
873.0,-0.15514990730473757,0.09709893006555977,0.2768686895427464,0.3951159530622454,0.1621731347258703,0.18452572573953352,0.2414966594758179,0.051113029957909215,0.04762591020471649,0.07601525839958703,0.07542368465320565,0.05015780182027715,0.12923559635512785,0.33564816215574894,0.1322672275306414,0.12147717534425066
874.0,-0.1901993645226977,0.13099661210560676,0.27084184649463017,0.38478244041737364,0.1692677343900651,0.17201604654867356,0.2986730426740673,0.083677857781613,0.0852024916392016,0.11733640091312375,0.0945259797484278,0.05272580890194858,0.14050292297151581,0.33320939240657554,0.16403747981038228,0.1465168073033718
875.0,-0.22022130505463577,0.14946641886595888,0.2621198666103572,0.36055864982922076,0.16562918369689797,0.18843037633807208,0.3408381936262413,0.09871312129856624,0.0920195994962544,0.13754482995366957,0.12138844653329846,0.06328322065564308,0.14007937448611457,0.3309980600251847,0.1713910816302768,0.1481172752510956
876.0,-0.24154242557260902,0.14080041550222563,0.2594002038145229,0.3372108576892453,0.15535577292706673,0.21503083403246737,0.36349003678891895,0.09554322801532912,0.07340551850169402,0.13427998796348048,0.14914873110684518,0.07517868909934633,0.1264634209137575,0.3357020857894616,0.15972427604167894,0.13261975180192162
877.0,-0.25179006662536557,0.09780243525934253,0.2662671276273776,0.32372878070966427,0.14233228774923964,0.22654732523554286,0.36063970351305724,0.0785287075164327,0.04058726902886125,0.10935044861034429,0.16806051132943833,0.0784856379740756,0.09575423478206523,0.3475803778008554,0.13916557898477913,0.11097463053263926
878.0,-0.2500754983563135,0.02282886346180781,0.27765864115773853,0.32036497409613823,0.128641975004412,0.19861913683758892,0.32862888617751856,0.053386353278368076,0.004263611585710075,0.0676127077565206,0.1674892488919448,0.06522910793591036,0.04553593224062496,0.3603588678994672,0.11936141102359267,0.09391328579063624
879.0,-0.23610665952503102,-0.07068555155543117,0.28261307938418645,0.31880578190751707,0.11425316708488868,0.11862002168478242,0.27107670683302465,0.024225089456984424,-0.028938453826390043,0.01675643149929819,0.14030625878584602,0.033761298905676515,-0.02025299814990518,0.36307709409322525,0.1051519627245436,0.08695825954370835
880.0,-0.20900469262307858,-0.16276455923916647,0.2708770149585765,0.3050614873359481,0.09733778874110535,-0.0075028641466203735,0.19990870739206967,-0.0069623692845995015,-0.057871995761816564,-0.03402878513657733,0.08625074827772439,-0.010774420791331438,-0.08966297304911172,0.34250811538575415,0.0946948733309837,0.08767538099202227
881.0,-0.16705886336447354,-0.23535997402255165,0.23787081483424913,0.26407905719397645,0.07464245170098555,-0.15858726021593436,0.13138290163717992,-0.03936527282316421,-0.0860226455730865,-0.07694610757396199,0.010887498127993332,-0.06020618477739552,-0.14626180686422569,0.28576544217520367,0.08045047753837414,0.08678051099334343
882.0,-0.10936489680807827,-0.2788797388500007,0.18568419161411054,0.18599088903770516,0.04213903360025444,-0.3098301682607074,0.0806629479427486,-0.07275945753011875,-0.11799296513351663,-0.10826810439739949,-0.07887150418908907,-0.10788104151046973,-0.17515862930817616,0.18487415428998796,0.05239243708947891,0.07276724853228694
883.0,-0.03890230487445306,-0.29291323966247074,0.12207070737653862,0.07311827232985701,-0.0032678005289282735,-0.4436895463672951,0.05856801663371763,-0.10783526825888945,-0.155062649667042,-0.12881440470025804,-0.17769080596959766,-0.15045868485102065,-0.16771554934715893,0.04414365769173914,0.00243460745280747,0.038024985056508975
884.0,0.03515750360060891,-0.2828119714204514,0.05911263039848952,-0.05632334440394025,-0.06107735480086231,-0.5531575998190206,0.07037098633775142,-0.14655202614492197,-0.1925398198318405,-0.141682199595937,-0.2800262684064122,-0.18691276157983425,-0.12395969012967917,-0.1142543330894727,-0.07108431166040147,-0.016601100048592363
885.0,,,,,,,,,,,,,,,,
886.0,,,,,,,,,,,,,,,,
887.0,,,,,,,,,,,,,,,,
888.0,,,,,,,,,,,,,,,,
889.0,,,,,,,,,,,,,,,,
890.0,,,,,,,,,,,,,,,,
891.0,,,,,,,,,,,,,,,,
892.0,,,,,,,,,,,,,,,,
893.0,0.2713212946388634,0.060601632449882044,-0.10651990747662492,-0.03125917426955066,-0.11330570981356136,0.0009561873297871057,-0.11074505672910451,-0.006386734100910449,0.25944782270453315,0.04320544262917453,0.002634496824667901,-0.06343401484729677,0.011034546438533374,-0.1024902567653456,-0.03757863903564292,-0.18342865155417656
894.0,0.309165580603924,0.13633596597858533,-0.171684418498669,-0.004231940725752406,-0.07959229918475151,0.27333519177356536,-0.16798480703966298,0.09772305483867763,0.22023147248167996,0.06859531246359868,0.10829831622218941,0.011838198198391253,-0.004513216392832995,-0.11583820947746627,0.02100913273757793,-0.1602113539406142
895.0,0.3205715789009624,0.1980890031080995,-0.21688823043320982,0.02098285188434803,-0.05508027639048169,0.5246502129654377,-0.17118196526179963,0.17047235663804014,0.12048692704751257,0.06154930776131575,0.18272418394105785,0.08156774992439653,-0.003099994599674544,-0.12899142094243504,0.04622792871403376,-0.1307900805929012
896.0,0.29924073688496006,0.23652056045048295,-0.23185820859716397,0.034200920559926115,-0.044303463877540895,0.7381829203381142,-0.1330269367698691,0.20264600111668096,-0.02106766792924008,0.017344853494051064,0.22866077136895424,0.14045560850310296,0.007565453638373223,-0.13652168986078575,0.03679435748306917,-0.09709342302662183
897.0,0.2503376427764536,0.24940346534263813,-0.21936958462773196,0.020369846171662116,-0.05092906398979676,0.9052934975626482,-0.08430429800739095,0.198154480932787,-0.1751224886789945,-0.05697045378939382,0.25408955806992184,0.18734348742151474,0.02012779388525761,-0.1425241059351682,-0.00036455122460649607,-0.06288542538510127
898.0,0.188072521664541,0.240486414205225,-0.19085312701859045,-0.030163658462674853,-0.0744235864331319,1.018652338811195,-0.058963405180590865,0.17069283224269902,-0.3075441165309982,-0.14315141313436794,0.2669810410095681,0.22283000820285806,0.03133516321402187,-0.1550229807452978,-0.05219095210100441,-0.03216218879179862
899.0,0.1295572612799919,0.2180721530700187,-0.15971071807760348,-0.11231049364996315,-0.10728058809621677,1.0676317299092344,-0.07681310509676788,0.13780656595919596,-0.3858306929530752,-0.2148741722853876,0.2725149279188532,0.24776920483949302,0.04333916171417356,-0.17744193801553085,-0.10235249835929261,-0.0077559572266972365
900.0,0.08754401492225378,0.1938714592357749,-0.13656770671032487,-0.20410196925018664,-0.13547807089984049,1.0400219394016479,-0.13232509559880115,0.11545159270748036,-0.38684692766800344,-0.24356741855628655,0.2724982940087474,0.26401911645185033,0.06331188340210976,-0.20330309518447712,-0.13442483440990063,0.009512936562004895
901.0,0.06558972161053067,0.18048459659793833,-0.12651810775232042,-0.2728118663748202,-0.14270348984030995,0.9279596278544691,-0.19478371659741855,0.11432513804972708,-0.3043500853808336,-0.2077868125733594,0.265522077307036,0.27525678112265917,0.10096942539033218,-0.2168430998509073,-0.1355274130643072,0.021377071951933935
902.0,0.05785947498397593,0.18659656668998212,-0.12775070413075773,-0.28638705679324317,-0.11651520742669108,0.732976654529833,-0.22031669249919664,0.1379694072294106,-0.15275418910200983,-0.10434047283037745,0.24723256091105256,0.2853663245642688,0.1631007348577206,-0.19883563427115383,-0.09999429507873073,0.03200124582682836
903.0,0.05221194965706669,0.2119485669888937,-0.13270148437481502,-0.2261780308460819,-0.054193131063560426,0.46923755367079434,-0.17132863535021048,0.1817619759324136,0.03492282350833261,0.0443745269186911,0.2112254562098826,0.2946980103317689,0.24622730263474266,-0.135080076595355,-0.03201774346572053,0.04637242927611505
904.0,0.03394245004261884,0.24531573744580448,-0.13234697351161243,-0.09692728508367411,0.033904042775064924,0.16713543782647095,-0.03605966867360015,0.23221169324139526,0.21442059449723214,0.19322104616098681,0.15174176562114586,0.2968496835988005,0.3312666884130112,-0.024512096876861903,0.0540420276588037,0.06718182132846916
905.0,-0.010119984152091518,0.26676921167617734,-0.12224785122697505,0.0691942099245998,0.12587504143094955,-0.12549659947149808,0.1586068693527205,0.2685960270613405,0.3417926953512302,0.289743340820308,0.06791863403202593,0.2790044604463463,0.38505904338066643,0.11513210692697005,0.13685168514678422,0.091647996000595
906.0,-0.08613490177788628,0.2544291496102575,-0.10747842133767696,0.21786059013787845,0.19548794797252644,-0.35286193296456553,0.34905194038342663,0.2700998285039295,0.38725783216405796,0.2970931424910052,-0.03337057223823748,0.22770403054413862,0.3716710972914837,0.2468837755556744,0.1948183741112482,0.11100242294365471
907.0,-0.18735342284678394,0.19586483600538393,-0.10139410313322807,0.29151778444687576,0.22296498103400966,-0.47247992540846306,0.4590899107854065,0.22722404081300449,0.34702100261290225,0.2132709423012059,-0.137439200812846,0.1387376256981568,0.2714806646574056,0.3252313058670974,0.21450196079551662,0.11487817804165838
908.0,-0.29153924241993895,0.09929865117769185,-0.11506797672198064,0.25847597517818555,0.20484267916060064,-0.4740206282014498,0.4391006630630032,0.15015296608376838,0.24717246630385895,0.07549331081248027,-0.2224460271792493,0.02487829546827338,0.09825733487149026,0.31857583124707967,0.1971958727110527,0.09873047251784793
909.0,-0.36632653633257156,-0.005864630067900685,-0.14531862454507322,0.13263693772657098,0.15636445845476013,-0.3800141213953334,0.29327566587700965,0.06633004776214829,0.13450300395421205,-0.05522950573796142,-0.26246218253894743,-0.08629330492455985,-0.10013878042931022,0.22813598326129164,0.15898242277869462,0.06805840649192062
910.0,-0.38315567739468875,-0.08338669406952769,-0.17518821395593792,-0.03484343458272938,0.10257270180790468,-0.23036888540048264,0.07402658463513681,0.006766928983373364,0.05473242640155658,-0.1234994782008205,-0.23787026094829178,-0.16521222759745546,-0.2624263883339754,0.08541889455421756,0.12232596546256498,0.035309091618029885
911.0,-0.33228348059381546,-0.10957511867463163,-0.18746905759691707,-0.18540928674111823,0.06388735433996613,-0.06595364453735147,-0.14850803175284832,-0.010252119137088012,0.029797842279884815,-0.10617244311545439,-0.1489841246073158,-0.19488359769386818,-0.34314574138959086,-0.06818420990546675,0.10442989621231834,0.012329936173084045
912.0,-0.22845591195679824,-0.08362893778148753,-0.17722693348817928,-0.28041563795385344,0.04710927161673472,0.07987971085139185,-0.31751745342043064,0.012777870884399968,0.04997892497259719,-0.019571502562618828,-0.020323509348672966,-0.17713875566091966,-0.33171863210753966,-0.20039939076854962,0.11032570739975146,0.004407708673727954
913.0,-0.10410537497777793,-0.024379008114477563,-0.15350884407400298,-0.310960321166075,0.04620002785717187,0.18465586061790282,-0.40559850087968985,0.05685817905675348,0.08484794757898981,0.09448914711582379,0.10929188591962492,-0.12828134098251895,-0.25251063240335675,-0.29510358437365664,0.13314997044325352,0.00909476243910907
914.0,0.004292151851193896,0.04076740260711754,-0.13252062864370742,-0.2919444127637583,0.0489417376188702,0.23884575202713107,-0.41518202646346847,0.09846372602806805,0.10274079359788005,0.19119128515327044,0.20310811735207887,-0.06918430874044419,-0.1494052043404295,-0.3502590555085861,0.15886924156595641,0.019281222371551963
915.0,0.06910506140052737,0.08701284526811921,-0.1283228093512978,-0.2487217600465253,0.04424734187000368,0.245331377537896,-0.3693983514114982,0.12106058680046064,0.08630580823390809,0.24032222207441295,0.23960622696363443,-0.016502811301211423,-0.0646555735959789,-0.3719545135970945,0.17252607464706268,0.02809061483613297
916.0,0.0792188044807788,0.09944171375055408,-0.14543595219674998,-0.20417635098062512,0.026963866649763493,0.21392805897777464,-0.300212811068308,0.12023089550059694,0.03816201141404845,0.23333726863427756,0.21771852317388873,0.021012251809652573,-0.022520488409166144,-0.3680561494197273,0.16379126242898337,0.03248194595630229
917.0,0.04122364085046811,0.07522181964309102,-0.1768911153405968,-0.1716649903554358,-0.0013437061885168168,0.1530802208214085,-0.23868897212084617,0.1012102259040669,-0.023386282731407047,0.180471831656609,0.15335237882744404,0.041157191767223204,-0.0245671642559014,-0.344789800949743,0.1297272060677191,0.03336494859130614
918.0,-0.02546880821325624,0.021203018330675876,-0.2090035029252323,-0.1546932363113118,-0.035007534183397845,0.06531441111374191,-0.20825148729516701,0.07212548773975404,-0.07513553611362378,0.10184406110942791,0.06995718996313036,0.045058777182613696,-0.05619876407668139,-0.30712216449078505,0.07418191561206403,0.03292791069032342
919.0,-0.09747210292263228,-0.05058820511192891,-0.2294584586091449,-0.15006390321162716,-0.0676650184030763,-0.04893607218608719,-0.21941097633136297,0.0381219716249576,-0.10052287483628004,0.01809769693584534,-0.011412148787931013,0.03520878346036573,-0.09763534005204878,-0.2602666029290997,0.0052918813166789175,0.032079056101561636
920.0,-0.15612460798061242,-0.12659568553139972,-0.2328420249721314,-0.15162081622035087,-0.09441310304294086,-0.18269635122710487,-0.26646512103094894,-0.00029927493382087597,-0.09631166351186658,-0.05524348946171075,-0.07786240034748323,0.015135650638745116,-0.13258755787175205,-0.21014404769552406,-0.06709243585780168,0.029988660001533825
921.0,-0.19198815932214294,-0.19399766372773364,-0.2204000097534897,-0.15350678674619825,-0.11257122737706723,-0.31787937971013513,-0.3292518701777923,-0.0448982368926334,-0.07182559782417114,-0.10905743622571376,-0.12498326998531763,-0.010749715968147378,-0.1523084623234982,-0.1627887546054048,-0.13340474969314323,0.025250310429470256
922.0,-0.2040927884668749,-0.24277980640077276,-0.19590524245317775,-0.1518278943961883,-0.12151486234632626,-0.429689845371659,-0.38110432108102016,-0.09560221534098504,-0.04194154440115548,-0.1393482135927106,-0.15349546680970264,-0.03804247721005972,-0.1560663121446327,-0.12274819288355984,-0.18595407306927375,0.01699134321179824
923.0,-0.19600592486662155,-0.26755582669408756,-0.16202740954454897,-0.14438016762637076,-0.12187278187643782,-0.4964359925310129,-0.3993262063059699,-0.14753379959895704,-0.018351171102501992,-0.14572090908232416,-0.16531003391725427,-0.06330321625047845,-0.1492251982861223,-0.09097023480386873,-0.2200497032637794,0.005060095273183123
924.0,-0.1717144971982096,-0.2678662743458972,-0.11949874476075358,-0.12981066364451532,-0.11463051963720229,-0.5070600484878038,-0.3723263935777752,-0.19131244486494545,-0.004782673525248445,-0.13105435936650256,-0.16149230925844776,-0.08394150261239043,-0.13908818719758193,-0.06433279944541552,-0.23428914498642672,-0.010094574698781148
925.0,-0.1336333666261486,-0.24669695805438097,-0.0680579210808189,-0.1073082090781322,-0.10069798099650759,-0.4620102200716412,-0.30078294925801474,-0.21669077661006297,0.0012980259779521294,-0.10192334342249547,-0.14272246355555193,-0.09730566363295425,-0.12980083086995745,-0.03798079837548048,-0.22996087245422334,-0.02702966315480431
926.0,-0.08347970645174917,-0.20837237931818145,-0.007710219806025876,-0.07648592773689816,-0.08102412816738981,-0.36981192017882,-0.1952661323335821,-0.2171425676408859,0.003343354432954988,-0.06797967395341797,-0.11105687249774747,-0.10040653357158473,-0.11966918399534923,-0.008268019844426556,-0.20995569782305132,-0.042917567969246194
927.0,-0.02474277250581714,-0.15741817615507248,0.059391453363594436,-0.037480076706211576,-0.05708067261288557,-0.24495908956586654,-0.07388215816323226,-0.19261772602933708,0.0017131895966622619,-0.03958387847547804,-0.07155601357778384,-0.0909499012183315,-0.10323737022180475,0.025992847500761678,-0.1777726486915167,-0.05432442772737907
928.0,0.03513267083844077,-0.09969732434664592,0.1260779355360896,0.007717605505706402,-0.03154269223390747,-0.1089270936247656,0.039789211545257594,-0.14960985890230644,-0.00656384876112747,-0.02508526091995684,-0.03314368498655507,-0.06936071077466596,-0.07718530020311326,0.06325143744530287,-0.13714143616130323,-0.05904112916013356
929.0,0.08412181916468313,-0.0452364922297457,0.17844745138091145,0.053262069013423174,-0.008805798153186828,0.010031811310186904,0.12079532983085564,-0.09939359244896619,-0.02537526157296106,-0.029014840144792414,-0.008112028058479433,-0.04094946024686394,-0.04631879253147626,0.09885011935981804,-0.09227610270638219,-0.057479451606812275
930.0,0.10818005020409385,-0.008779381321958567,0.19868013332244813,0.08944668262077893,0.005516336681132508,0.08305840142726247,0.14957177728029075,-0.05491581854691888,-0.056407839698075904,-0.05063143620457313,-0.009025963766417055,-0.01618619859999476,-0.024390786710293995,0.1254110059826568,-0.04806370300461984,-0.052296813585553395
931.0,0.09783729777041479,-0.004092376915682692,0.1728822835664117,0.1059471872102598,0.006845608757246155,0.09129277876727296,0.11870135989788223,-0.02621158450557244,-0.09618676286735428,-0.08229752440859886,-0.04267689383634716,-0.006780252261283898,-0.026367685429094227,0.1349151450383648,-0.009425184511971444,-0.046144917782610366
932.0,0.05513013204910227,-0.034804129064175474,0.09930999852915592,0.0962724073664984,-0.005534367358718566,0.03328944719086999,0.03602217045022918,-0.01619973964892976,-0.13480398594733276,-0.10958522855835798,-0.10443719524302701,-0.018859083535403613,-0.05608336549178233,0.12177460441360981,0.019741904231069238,-0.039284431214275724
933.0,-0.005455050931833894,-0.09041394645920163,-0.009389039165574889,0.06018146403139915,-0.02785876090069864,-0.07657415110427584,-0.0781036824618637,-0.020622736501087084,-0.15915388650771667,-0.11600221575576983,-0.17848771248933154,-0.04882525762708188,-0.10008061286745246,0.08508134621892773,0.03666599229992369,-0.02973864794396673
934.0,-0.0634306450860458,-0.1517639119994018,-0.13121101397286816,0.002745530839363252,-0.054293951853450435,-0.2156183057851213,-0.1984264489276717,-0.0327092649242786,-0.16037914927560887,-0.09153810055036721,-0.24483608695866124,-0.08564413269012626,-0.13475559721099567,0.028914041093971582,0.03885134072561231,-0.016372191232476494
935.0,-0.10093321249298884,-0.2009340086570801,-0.24246061057699506,-0.06839476084134677,-0.07988138298799713,-0.35857337792379984,-0.3031178043185337,-0.04806476767360434,-0.13996640569530142,-0.039308311710592424,-0.2878625086428458,-0.1170159256173087,-0.14151579845680007,-0.038817019657365046,0.024252858235562717,-0.0017801982994253432
936.0,-0.10817751934093102,-0.22789201874743864,-0.32348098968522687,-0.14475503020553696,-0.10133089199499695,-0.4792899639497397,-0.378082219855941,-0.06557986130923256,-0.10915661911866191,0.02498545637007872,-0.3010389150567226,-0.134352628842708,-0.11755470507290695,-0.10762404364528491,-0.006428463056192102,0.008317391682905314
937.0,-0.08495077569628094,-0.23149137303414513,-0.36141773765435353,-0.21635321928258527,-0.1158091654619165,-0.5529559426063935,-0.416412875479203,-0.08470715093420979,-0.08211434400934697,0.08066740989073172,-0.2863695184605018,-0.1345659894866642,-0.07512956147978682,-0.16511080506588008,-0.047277627481107205,0.008918089206511697
938.0,-0.03957586191167696,-0.21720520971227275,-0.3506959963011597,-0.27050778264711883,-0.12003544418769467,-0.5618595162526225,-0.416599404482836,-0.102348094249963,-0.06775705437241436,0.11207141147411978,-0.2501383248371717,-0.11981353895170543,-0.03225745676130609,-0.19842501465735218,-0.08771063275094833,-0.0008211077999387197
939.0,0.014682599091240846,-0.19336670857886845,-0.2916528646056086,-0.2931648682822932,-0.11099267695125979,-0.5015499114065565,-0.3821996378391802,-0.11221919453806152,-0.06508999008612912,0.11501172561812564,-0.19788268502530587,-0.09609043772983132,-0.0025151049907220393,-0.1979120039094976,-0.11651270939524576,-0.01740890020377331
940.0,0.06576134011660369,-0.16620884534007602,-0.18830481561827742,-0.2731605094711558,-0.08722867151069867,-0.38215519421545935,-0.32091260060525695,-0.10749365790085123,-0.06442512798114058,0.0961295519531252,-0.13133584226539322,-0.07055110724799832,0.010282884742717102,-0.16093646249855073,-0.1261781487310416,-0.03512421052197953
941.0,0.108071183053693,-0.13623236847542164,-0.04785626415357908,-0.2070224392190591,-0.04961586188716191,-0.22391091070041477,-0.24085080426843175,-0.08512394726429438,-0.053843246440728604,0.06658567667404776,-0.04906935821998972,-0.04846649143282357,0.011020387584833355,-0.09243935730753032,-0.1144830311396884,-0.04789241115697454
942.0,0.14257804009947642,-0.09975519198188218,0.11649596153408344,-0.10224731072674303,-0.0017324034027783688,-0.05093815497062836,-0.14708731464978397,-0.048737341642046746,-0.02726986483958779,0.03548648265069433,0.04907114249978031,-0.03183033239098753,0.007778999719603547,-0.0026038397050632553,-0.0836249761390525,-0.05060174796429397
943.0,0.17229515428786663,-0.055035107346193386,0.2825474135991502,0.022152207694019915,0.05013399006467274,0.11307420394130728,-0.04313490119486609,-0.007536328890654874,0.010761594982072532,0.0072005073238006895,0.15621916268324515,-0.02029851892812926,0.005692670649466318,0.09504207374401512,-0.039136985411804416,-0.04074860903309309
944.0,0.1980489872513542,-0.007237904698384956,0.42118818198129443,0.13950627083346198,0.09810924412450293,0.24747616184595245,0.06399771349921977,0.02835580005883809,0.046700579848283956,-0.017593877862495916,0.2558418560150355,-0.012866433238267602,0.0039553451728018855,0.18448004666121204,0.010741191920030528,-0.019719408415161146
945.0,0.217471504444996,0.03230601906429991,0.5048741115776082,0.22396879734323208,0.13506973271999187,0.3369337094205745,0.1616119896697579,0.05240205169390001,0.0648699839086503,-0.03970898849381615,0.32552520039158334,-0.008667636315989524,-0.0025710538817093464,0.24962380348166197,0.056520451633980215,0.007728340830477741
946.0,0.22635172129798692,0.051636436534665146,0.5179051189112451,0.2599929049652882,0.15696940714126603,0.37305863857760374,0.2347871732556707,0.06279505326662105,0.0553192407911222,-0.059738666088876534,0.3461963081108889,-0.007175318334615396,-0.019192845970864358,0.27913103390344696,0.09025985609473593,0.035671313597740756
947.0,0.2207428860532641,0.04415064964087905,0.4624332651878952,0.24775029157049128,0.16359630798633976,0.3544522214732076,0.27204429980080164,0.060933224891743576,0.018431205453866364,-0.07665803986151037,0.3113999884025798,-0.008613587815206929,-0.047920979676349604,0.2709765196505006,0.1078397245853909,0.05945428737031632
948.0,0.19887614492823183,0.011449675484061313,0.35718534795484497,0.20203606623086362,0.15724884907208914,0.28607467448629254,0.26980681150494473,0.04968964897029181,-0.035339638570165116,-0.08674552401356775,0.23097658402013765,-0.014249330644701796,-0.08642110392273748,0.23373280615042338,0.10877397753593063,0.0768537151584338
949.0,0.16207622451847545,-0.03757891632467763,0.2304850545255035,0.14599082655918272,0.14073394551561605,0.18049961994624628,0.2354381942681419,0.03219315944707137,-0.08982170901373891,-0.08436235916978965,0.12775735424349927,-0.02578572135030197,-0.1292797837050728,0.18387475000692885,0.09434442996093853,0.0874140635497604
950.0,0.11451302693369511,-0.08981086955587848,0.11201043347308615,0.10322776745618063,0.11679377850918429,0.06084989064838261,0.18816037705162125,0.010954030843545147,-0.12922825249075456,-0.0654754973854526,0.03027349678486293,-0.0437751591968802,-0.17027849050026753,0.14076831661660225,0.06640223770166384,0.0910096544848199
951.0,0.0620649467101977,-0.1319818145550965,0.026428357475120134,0.091167676366828,0.0889524557432141,-0.0400838529711337,0.15481074974027415,-0.012382514514696135,-0.1434567844209326,-0.032170926251172946,-0.03539267605255468,-0.06610129123617535,-0.20428366339164308,0.120952060027725,0.027557822431861233,0.0871657018282825
952.0,0.010382931604706795,-0.15585564388335524,-0.011117719962133534,0.11616434899484264,0.061570477140403486,-0.08936498720411751,0.1590833720302123,-0.036974507337751865,-0.1313913989672796,0.00465086062329371,-0.053786054435282546,-0.08830413544252234,-0.22844497355155816,0.13237407960178435,-0.018338540911623524,0.07540836443278703
953.0,-0.037118310622396615,-0.16241570123452545,0.0019835821654518057,0.17108760270034593,0.03807788358251067,-0.06836621876219291,0.2094761402716995,-0.06323879252245845,-0.1017405769057897,0.026458852888867547,-0.026756372781362118,-0.10643767380940983,-0.24281518288675852,0.17057499039528765,-0.06617011975937674,0.056066074524548544
954.0,-0.08027124225571318,-0.16108820500581664,0.055760643809342404,0.23786030856308057,0.01911325167346482,0.017608587335386665,0.29522665251507935,-0.09365640800958379,-0.07047029726568425,0.013098486750059275,0.025721480655179395,-0.12065489841159516,-0.2501354768026173,0.22047134918183098,-0.10987187644387875,0.03108567483635635
955.0,-0.12188159565727405,-0.1637255815347999,0.13166663462618464,0.2956797399826123,0.0025408630371290884,0.13977750055068058,0.39331826328706226,-0.1325097503829163,-0.05455112036545657,-0.04796229896909342,0.0733021438672075,-0.13645669883853292,-0.25462533578520347,0.26429614596431783,-0.1429438840011165,0.004036443911230627
956.0,-0.16579525327755645,-0.17806445227001835,0.20886474187509874,0.33011605291265456,-0.014908173848667496,0.2538047858764612,0.4789532972734292,-0.18328236757281394,-0.06419308450486826,-0.1536723797759425,0.08795670904548772,-0.1619893006991169,-0.2598802556045042,0.2899633232617992,-0.15922495992690916,-0.021639083027213877
957.0,-0.21282896546336008,-0.20432470253745516,0.2691252256707796,0.3368218116231027,-0.035823956395994956,0.31202835593435013,0.5308081669157292,-0.24455636459090843,-0.09761492458020324,-0.28310870599419957,0.05441000059270708,-0.20268548106324868,-0.2663338724329473,0.2932328860640679,-0.15422463744992884,-0.0450049211452724
958.0,-0.2562568367595407,-0.23446967358329598,0.298777353419823,0.3192886884838674,-0.06067891052352167,0.27982353777913077,0.5317035162672659,-0.30744097845101626,-0.1412238024170531,-0.40239048685308,-0.025572415294896098,-0.256290741723283,-0.26943100819655813,0.27419349069790605,-0.1270067359911829,-0.06767458616007181
959.0,,,,,,,,,,,,,,,,
960.0,,,,,,,,,,,,,,,,
961.0,,,,,,,,,,,,,,,,
962.0,,,,,,,,,,,,,,,,
963.0,0.02338283783467913,0.0028636242930930277,0.04918438079311338,0.17435749285378221,-0.1090764990907425,-0.23878671642602786,-0.10081183580316273,-0.19284096152046093,0.037192491869153604,-0.10309614904514598,-0.2873941047458704,-0.19020396955097896,0.05095646642920513,0.026546022781993455,0.08151190854580306,-0.10572665936412105
964.0,0.13923921483413085,0.10873804391456965,0.012501784098227385,0.16517153701407292,-0.08546075341113545,-0.083256849359283,-0.18062468527038708,-0.07439322053913794,0.13729364349746775,0.051417243627467905,-0.2051730669817678,-0.06545878073417784,0.15801342372760974,-0.00413640687266903,0.0818937072738175,-0.07601550765607061
965.0,0.22142308811513622,0.19630394828023576,0.0003333409175619004,0.15652987534123058,-0.051060785213580165,0.12386498647363263,-0.19594462783934014,0.04674832574257422,0.2158621044317557,0.1720696845863023,-0.10801980221443087,0.06069641943422464,0.23842361638722023,-0.02649457260061678,0.07479260665610876,-0.03890047595291422
966.0,0.25992546797706545,0.2583887758965468,0.012641376572409106,0.1509968360971246,-0.006318342576826274,0.3132912263654416,-0.15332272005819136,0.15654110259804724,0.25953882892151187,0.2471346350552401,-0.01716716783206149,0.16670562137038647,0.2783091632806057,-0.039615050054638,0.07283848840612023,0.001268229220880636
967.0,0.25719461698596935,0.29295768001593847,0.04565611823628432,0.1531446372262519,0.045026666564748095,0.44145165066741604,-0.07061306375739589,0.24259297225218784,0.26378935833245737,0.2769361222828918,0.05684751912855127,0.23740742256761987,0.2702847442715469,-0.03976028699085826,0.08311374537806152,0.0421718014571703
968.0,0.22264062488043065,0.29858348120837247,0.09004356414086938,0.16303622260677916,0.09444856003849177,0.5050740978992473,0.031302261024914506,0.29317650153350416,0.2320727643005209,0.26971030306363625,0.11418274229960894,0.26420586040312877,0.21236453100107153,-0.02472301041013287,0.103981310324803,0.08255739978393778
969.0,0.168549974565595,0.27530334110848165,0.13338132122842852,0.1745039035804078,0.13148928152384995,0.5324523256536446,0.13618720426495118,0.3004276997566646,0.17545043159261428,0.2381903193496716,0.16224633331669636,0.2458800240086269,0.11059426556892335,0.003378686961381885,0.12856424351102264,0.12083617352166447
970.0,0.10818145459351627,0.22954124481357596,0.16651696734822724,0.1795135039397653,0.14905973945560078,0.5605824675139751,0.23701447821786512,0.2659306788470747,0.11093168477305336,0.19597655634254363,0.21048634870645494,0.19097636243755392,-0.016380154139747034,0.03911500061047959,0.1508028853972488,0.15441819201369075
971.0,0.054538692357739935,0.17736359518820913,0.1876394563190808,0.17402901147317018,0.14734232778384013,0.6103764000308483,0.33517388289073713,0.20380432587801914,0.05681064174204435,0.15360560069826373,0.2642035003023276,0.11901674079459379,-0.13688395452831453,0.07623878750942915,0.16902175057267085,0.18026517389241747
972.0,0.019051143787110467,0.14227327142344479,0.20008694188294943,0.16065312291999356,0.13408376971349506,0.6707761077411076,0.43471354512600763,0.13819705106196586,0.02706013575773132,0.11711887872769809,0.31966319739609156,0.05716034093846502,-0.21300905478289464,0.10888086799372836,0.1852165310677215,0.1963923740348079
973.0,0.01025312570232787,0.14870481174279787,0.20701082250733127,0.14628146288371444,0.12152658529224064,0.7004840504596211,0.5340502294563446,0.09612276777275128,0.028517557025030157,0.09114341482390369,0.3648626520102028,0.0326144583606338,-0.21088140249220752,0.13129709567998624,0.20213322524652086,0.2028402130343349
974.0,0.0321436043445672,0.2143965870261879,0.20812455230080235,0.1356649440568217,0.1212968832385369,0.6484651809033857,0.6179549677853947,0.09901190105603677,0.06132445895013366,0.0833982539897745,0.38686887561366656,0.06419862425117268,-0.10930906781434899,0.13738828690597255,0.22114068124465652,0.20074668513483204
975.0,0.08191804090164202,0.3429632744137498,0.1994959568173938,0.1253867974618632,0.13875939979493412,0.4814758285663814,0.6558961547489471,0.15520859632297618,0.11957653571887494,0.10414634366300679,0.37874361438600646,0.15543237455993458,0.09377417341888987,0.12135935974811607,0.241528567602075,0.1903714923642369
976.0,0.14788967032422998,0.5171294840645853,0.17469640581478374,0.1047897971137868,0.1690864114120381,0.20270287522863897,0.6129148823352122,0.2543752930841695,0.19003662453166764,0.1577425755934222,0.33895678715409283,0.2901499490925538,0.3757313462840934,0.08098673420762124,0.2601079187092766,0.17034264169636215
977.0,0.2093455429171332,0.6959452348786296,0.12630260567596008,0.0640551994759375,0.19735965778562428,-0.14533156722044344,0.46959647440681057,0.36631733782720066,0.2506771028162293,0.23149569424884345,0.2659131284232121,0.43304509084592163,0.6860982776921943,0.02165582777857332,0.27061934470067184,0.13870329662019684
978.0,0.24058744655690684,0.8225692580591256,0.047717137185753225,0.0012701648965574327,0.20369287555744617,-0.4922585096251552,0.23929529237523317,0.44827892520461393,0.27369891349983705,0.29254073578058115,0.1565038930767099,0.5385923204728372,0.9518530766656011,-0.04429742097337883,0.2638510960045466,0.09440402069288942
979.0,0.22084081613757792,0.8458617721327742,-0.06322035755586186,-0.07672121406254029,0.17287310473873627,-0.7627487899530766,-0.02842442965270916,0.4619948913424636,0.236245884641062,0.30070105310080086,0.012945717779861145,0.5683428052115748,1.0976637109459335,-0.10360636688129744,0.2304477135389731,0.03884145716369194
980.0,0.14735274368914142,0.7470637951924024,-0.19818433263528387,-0.15642209677614238,0.10486725742528923,-0.9033150757698706,-0.26343335884074004,0.39381410232535613,0.13542619144042864,0.23312878942392806,-0.14759248622703788,0.5091683608418325,1.077753488853573,-0.14679698395180335,0.16705301311864054,-0.022006863992097198
981.0,0.042397567407480526,0.5536147367322863,-0.3347228506478411,-0.22009245150093099,0.018543320186440452,-0.899772473674439,-0.40402759923040105,0.2643984864653031,-0.0031502846749861587,0.10327977895554352,-0.29105718984402823,0.3806492980557924,0.9007322469331526,-0.16791930568218377,0.08196575500690939,-0.0763711465044449
982.0,-0.054460016601229004,0.32885727960421146,-0.4418402141378151,-0.25089871289300303,-0.05635559401141073,-0.7767948557898653,-0.4218564085918321,0.11936715208782475,-0.13343680048917442,-0.042075346351847405,-0.37732844124360304,0.2259107949403218,0.6279594614604279,-0.16352846555718212,-0.005170891764898548,-0.10917670132250178
983.0,-0.10580188799380276,0.14400939178897332,-0.49360102433871983,-0.24090260951739648,-0.09414155764436988,-0.5829790398626961,-0.3282422438000687,0.007024123375097708,-0.21154256814143502,-0.14650072136317763,-0.37757117978071664,0.0925661014170148,0.34541456807495097,-0.1346986959616853,-0.07029575126701072,-0.10809019074826243
984.0,-0.09419139102268591,0.04950222299692604,-0.48108028169419526,-0.1964837657225478,-0.08467333452616414,-0.3712986945423614,-0.16291430553418687,-0.04187863118100452,-0.2178474619126729,-0.17138759951659358,-0.2868050365444701,0.015763633545568465,0.1280698804510894,-0.08961054360971378,-0.0941983285878211,-0.06965376234851318
985.0,-0.02811596539370964,0.05897689129676497,-0.415327717550107,-0.13661758652206324,-0.03552391542312649,-0.18337336968481627,0.02388927639977173,-0.022188963572863395,-0.1639995472839055,-0.11134059350319056,-0.1259797520661709,0.009927162003657043,0.01633042464238298,-0.04272237411399087,-0.06983510432596936,-0.0020146452142868376
986.0,0.0636812510133313,0.14918667712479403,-0.32205926324514783,-0.08498675680082328,0.03362582954941485,-0.04126998442011561,0.18671843144692007,0.04945170978006032,-0.08274994221051765,0.0071444773011883015,0.064594992090844,0.06863291374477365,0.01132440188185518,-0.00983473411236342,-0.005292146756781435,0.07713276614617451
987.0,0.14329803558403095,0.27209463973104414,-0.2318788929428115,-0.060623521727010715,0.0995385725308218,0.053695132016274835,0.29384559025860424,0.1434942296602982,-0.010021863135236142,0.13872903154567692,0.23675190641597849,0.16944365959320376,0.08415618809947628,-0.0010925609312749701,0.07845188470282473,0.14644110462283724
988.0,0.1755121757639462,0.372777288451409,-0.16876464379063671,-0.07138910039746828,0.14310083340812185,0.11690075756734705,0.32990745654136794,0.22578386634280098,0.029831730325499548,0.2363286284637721,0.34836086630266744,0.2807597087519591,0.1902938416226139,-0.01524768420844618,0.15408548621322612,0.18791232578421016
989.0,0.13884495034060662,0.40674657883123244,-0.1405895985064263,-0.11212326485056617,0.15443006657948197,0.171898858423207,0.29432358725088936,0.2651436034990121,0.030496375453751966,0.2668963019899811,0.37672944870338404,0.36900477161596246,0.2827813842308605,-0.039001916746557425,0.1968837175255366,0.19195136029824392
990.0,0.03447533946775015,0.35258278906233215,-0.13764089359514958,-0.16750798474200843,0.1347414708118142,0.23859367669106846,0.19783294342358515,0.24266138627960776,0.0027629422667595467,0.22300372550168218,0.3268567623380474,0.4064258708350982,0.3232427076835231,-0.05369187478214151,0.193452032345769,0.15887650712111545
991.0,-0.11087448584472907,0.2181167945693603,-0.14128391111055283,-0.21870351370904928,0.09467104559295814,0.32287395220058557,0.05940692640225301,0.1606840701267833,-0.030978963920127157,0.1268922957999052,0.22989390708958582,0.37990837722844906,0.29234673119260174,-0.046815399411910215,0.14650158553237508,0.09730257573483987
992.0,-0.2531664850252506,0.03825079726562933,-0.13557929086356033,-0.25072932319032326,0.049514820945466845,0.41531457491090984,-0.09447259356070754,0.04413708611396528,-0.044804014555922915,0.02290162603762407,0.1313894103214319,0.29755561961337723,0.1977516495090462,-0.020204422629470184,0.07222888895886247,0.020728071138710606
993.0,-0.3502568266097426,-0.13757097323616585,-0.11283640931169178,-0.2561963952480811,0.012757836725981816,0.5003298590355743,-0.2305943055978307,-0.07011239151605025,-0.018676220476392832,-0.041817605028274606,0.07393240258167721,0.18694120278120355,0.07262536104780327,0.012711787438443485,-0.008657578840857733,-0.056390134508329186
994.0,-0.38176116240893254,-0.2652115648984599,-0.07281366998475793,-0.23422200327309758,-0.009522701179837171,0.5662383039169058,-0.3160841859311601,-0.15028432364406064,0.05291577546845225,-0.04000164176930083,0.08071627465536259,0.0833509721981679,-0.03869095929769077,0.038406068513253844,-0.08037879058966509,-0.12189969674691353
995.0,-0.3559497001775983,-0.3223232942182179,-0.02006875387872219,-0.18781446482277298,-0.01983409464192275,0.6078089190016356,-0.3308653687707369,-0.1822230530845337,0.15739583813759542,0.02315570397931099,0.147190746196488,0.014995123772527034,-0.1004843213962388,0.05333602578250422,-0.1361959820281326,-0.16785444792108029
996.0,-0.30019792613120316,-0.3111864867814972,0.038707539909688435,-0.12293203052795137,-0.024889215782276743,0.6239187055815734,-0.27555699017751883,-0.17077894130077745,0.2688146956964684,0.11575014458970535,0.24572909359194994,-0.005381693731833115,-0.09824727926864603,0.06514352904696076,-0.17607357081074787,-0.19109416397491996
997.0,-0.24407376371362804,-0.24907311396685616,0.09650813797102847,-0.049360078931282025,-0.02950871048174065,0.6161612753609821,-0.16899633815213327,-0.13178891251172117,0.3585901594819618,0.19847567438515423,0.3402808398156756,0.020333280589414807,-0.03819533940118105,0.0854673637756755,-0.20146020010845328,-0.19275468417460193
998.0,-0.20646305036630375,-0.15694375392663842,0.1461307122200906,0.018641454840679934,-0.03389988293732521,0.5887744919467129,-0.03982378448538234,-0.08176879687333082,0.40618926293217433,0.2441394650136902,0.40173477247016043,0.08113970819775321,0.061288177000991526,0.11990163944470916,-0.21179946533855418,-0.17703032653686726
999.0,-0.19185687677806212,-0.05479727073008239,0.17996955159994904,0.06423639321231063,-0.03561890764664946,0.5470433149488408,0.08090081090568144,-0.03192273281580026,0.40480591173347696,0.24603037316324877,0.4160959675526179,0.1610478759848175,0.1767678717185904,0.16126257804336558,-0.20510925156210283,-0.14967655833235136
1000.0,-0.1940338281709929,0.03660314329350869,0.19075283237607593,0.0733582942044367,-0.03382306167564013,0.4923025103543841,0.16379606133482247,0.011407425778749182,0.3604117484127837,0.21268968916414682,0.3822508823035188,0.23924563421567607,0.2803892318029655,0.1903320504614279,-0.1818307202007628,-0.1166269894253726
1001.0,-0.20241124498530022,0.09302455998123683,0.1723002661906189,0.04176571846106164,-0.03252448029452105,0.41553938908443666,0.18410006934347717,0.042455885737374986,0.2856196993683505,0.15601581011026963,0.30214209274470705,0.28898025451761994,0.3380624540907285,0.18447772664180162,-0.148663338365972,-0.08326109131947465
1002.0,-0.20777682206097178,0.08881928831676733,0.12049063763108979,-0.020604902566169897,-0.0403971649266324,0.2972041632289957,0.12589069455936727,0.052568638781140105,0.19201501555241382,0.0829439201617805,0.17331387740448725,0.28031436458997,0.31340752798860433,0.12972974731710846,-0.11869201475263004,-0.05480906397861533
1003.0,-0.20628196701169116,0.0060048602263325914,0.03641363721981835,-0.09176011848555785,-0.06675940712740926,0.11915202746473327,-0.012179306516338946,0.03090340212428328,0.08539004579372424,-0.004515398266506219,-0.00699541516896384,0.18882714368084086,0.1800556370379061,0.02949151735816134,-0.10694813589657136,-0.03685498524929433
1004.0,-0.20012716978723324,-0.1540799507063268,-0.06926993711812021,-0.14580294628512314,-0.11605585226448224,-0.11728962583420355,-0.2119050381402615,-0.030505584335760026,-0.03286049458768459,-0.10378104675787603,-0.22909822231876584,0.006978783680282489,-0.06352926431834756,-0.0951396977127294,-0.12408043653693672,-0.03409723195076849
1005.0,-0.19328559080145155,-0.3653020678466448,-0.17479819288310705,-0.16366646531787427,-0.18418063472067261,-0.3811017364670951,-0.4359597940263855,-0.12986396990453722,-0.15835378227251054,-0.2058747051053631,-0.46171631700365395,-0.2479970615851469,-0.3856156177000494,-0.2145715290738063,-0.17130218797608657,-0.047651494788714416
1006.0,,,,,,,,,,,,,,,,
1007.0,,,,,,,,,,,,,,,,
1008.0,,,,,,,,,,,,,,,,
1009.0,,,,,,,,,,,,,,,,
1010.0,,,,,,,,,,,,,,,,
1011.0,,,,,,,,,,,,,,,,
1012.0,,,,,,,,,,,,,,,,
1013.0,,,,,,,,,,,,,,,,
1014.0,,,,,,,,,,,,,,,,
1015.0,0.6266426328788984,0.09764922800037525,0.3268633514396956,0.020086741360016078,0.09704927036878386,-0.2750370436947145,-0.28006140305155247,0.22786887674843737,0.41148985837307495,0.2925422128828046,0.21248329279077008,-0.037676769473428746,0.08128056055131375,-0.09874057199167016,0.12094245222928235,-0.02709351020245116
1016.0,0.632388580647087,0.16945522528785992,0.16595893107873824,0.039634267875436266,0.12075601115172695,-0.4171244812624278,-0.1549792999778895,0.2925505153826786,0.45373775642165515,0.2850389266874769,0.13734443366566462,0.12797485329107589,0.2095544529751119,-0.020577330672520898,0.16021276473695412,-0.053735388705447584
1017.0,0.5814218247506829,0.1648312739516821,-0.013284807994035731,0.03257928716925371,0.11049787936497438,-0.5474860036408591,-0.07464830519010496,0.3027375182789678,0.437302486667324,0.2432332616355721,0.036263133937316124,0.22300453257346503,0.2636535616092695,0.01799253245332349,0.16426642225814056,-0.09334687538624316
1018.0,0.4920069258964818,0.10059124486870416,-0.17376556573535068,-0.00707247425992821,0.07695530399628146,-0.6336243419292077,-0.05067474506687792,0.26689067797835553,0.37040085237085696,0.1789500508975721,-0.06384796249053422,0.2546217673808051,0.2606606751940961,0.011341594874898627,0.1434982403587255,-0.13239030390047216
1019.0,0.38748262345250917,0.007968151033141612,-0.2861721106488197,-0.0718254565104137,0.03430186006863986,-0.6611870094482472,-0.08012514166660248,0.20082990153306318,0.27262231745276744,0.10557986827379545,-0.1451424515591381,0.24074673676931269,0.22403473516853226,-0.030443380321930148,0.11094614495568438,-0.15788726980058457
1020.0,0.28626604337916933,-0.08146656770293377,-0.3352476735104439,-0.14228033683035057,-0.0053108641057121216,-0.6337409715801673,-0.14753467594437558,0.12041452055262004,0.167435295304729,0.0334304381535388,-0.20101903970123502,0.2004292108508035,0.17307397218964307,-0.08562978797943849,0.07639353344548708,-0.16169097296189167
1021.0,0.19654747583148,-0.14678805720340152,-0.3231067239360476,-0.19525979774135413,-0.03542661575269765,-0.5677361437550713,-0.2302220484626102,0.037058603055801914,0.0731856609079357,-0.03329369526266101,-0.23398679959054627,0.1476187232882572,0.11773322640808474,-0.12996296871493299,0.04374448454314779,-0.14290804363169388
1022.0,0.1173862411480052,-0.18068237150313304,-0.266821386202647,-0.21528588638478888,-0.055412201907329664,-0.4838615281063669,-0.3056850623075599,-0.04211988184455398,-0.0029161167177528466,-0.09606435083035188,-0.24932517922348615,0.0902025417266508,0.05988200696417973,-0.14723289838787143,0.012604970247467494,-0.10741753269605148
1023.0,0.043821262838577846,-0.1857067945871224,-0.19000621193745107,-0.202698905930396,-0.06769615492491671,-0.3985282022153985,-0.35756460011473634,-0.11209706368382209,-0.06540961135656592,-0.15858033189799833,-0.2489436961185377,0.03216596994437195,-0.002072173339908729,-0.1360005856256455,-0.018155302361433222,-0.06455627294593277
1024.0,-0.028364551223910305,-0.1687630971875519,-0.11370746914784234,-0.17258428849639,-0.07456469410221236,-0.3208707704548713,-0.3750003396609564,-0.16934976576589195,-0.12603177670261717,-0.22239804462569493,-0.23156785240069025,-0.024397355168901503,-0.06896620800938054,-0.10840792205785711,-0.04778140311961656,-0.022816203611681664
1025.0,-0.10095131397667344,-0.13803836970727199,-0.05194449609777036,-0.14497236942760305,-0.07653531397204805,-0.2555932633713934,-0.3457544957868974,-0.21332933520704772,-0.19612513492190314,-0.2841877207837426,-0.19846044916216646,-0.07856190004278318,-0.1388411190461058,-0.08157520200719004,-0.07302551281763632,0.01287505441117146
1026.0,-0.17392121618666564,-0.10261225677503402,-0.012039466759679714,-0.13373550116655286,-0.07275809412125947,-0.20511744148391128,-0.25237838092491566,-0.2468424026333088,-0.27953211172839626,-0.33624698265377123,-0.15702738757648527,-0.1299499604104074,-0.2067771038605759,-0.06760390712481916,-0.08931811152983303,0.04098314468865526
1027.0,-0.24584194907314263,-0.07148579095982824,0.0035974134876277865,-0.1411192698069439,-0.06255605808720878,-0.16710682909995386,-0.07996544195215897,-0.2729954538058638,-0.36950171633795925,-0.36974622898776843,-0.11776694362075034,-0.17685494789060774,-0.26529322753257206,-0.06842794781356493,-0.09295058568015237,0.06155175337135921
1028.0,-0.3126173868010588,-0.05044098826772927,-0.0023298975480207803,-0.15752545513216087,-0.04624304743971424,-0.13242777210043163,0.1675676532487839,-0.29072453351820177,-0.45062625711152254,-0.37845484515174704,-0.0875189923048407,-0.21351370976546905,-0.30418512805426423,-0.07565211810577058,-0.08249907902823651,0.0754436439363017
1029.0,-0.3661142051981449,-0.03937106874940502,-0.019393841506170535,-0.16360857903639278,-0.024078184373206395,-0.088213438019433,0.4550552441176647,-0.2930061121954391,-0.5042452183006207,-0.3608342286193853,-0.06442077918040817,-0.22899030740609305,-0.3106340032957606,-0.07279714083931511,-0.05826920594869886,0.08541078434705897
1030.0,-0.3956959583642216,-0.033234412410966724,-0.029658644306610384,-0.13691467069420635,0.0048523918442060455,-0.022102337145671006,0.7189824528387309,-0.26961343654588127,-0.5156699771524046,-0.3200137740366512,-0.03830146992197598,-0.2103859268947999,-0.2725879782628285,-0.0415942898919499,-0.02129428615213427,0.09653069015046414
1031.0,-0.3933024550380949,-0.02610848279711894,-0.016025121682572994,-0.06502880866846567,0.041317355505582715,0.07547860471242089,0.8880842740798772,-0.21283483461700528,-0.48139537557552625,-0.26257029467867965,0.0026578387823117224,-0.150144689267817,-0.1862344030562135,0.0265211956427128,0.02608671070851502,0.11409648892592864
1032.0,-0.3585522094937103,-0.014563509059732475,0.025643843729585693,0.042445446780344794,0.08324506072551871,0.20583459939772675,0.9127919647301621,-0.12297173758684161,-0.41233361176532346,-0.1967732324544196,0.06262855857485325,-0.053073887679007996,-0.06261828582673723,0.12087910715926327,0.07896621857339511,0.14061180271432147
1033.0,-0.30006920266448406,0.002149017197498275,0.0815864103913088,0.15466596547616207,0.12476446008360978,0.3515835032176863,0.7890977911344688,-0.011224566005333203,-0.32963961821358523,-0.13062088930147897,0.13236953926670555,0.062142590947922544,0.0729730045180236,0.21347021604012353,0.1298716693416471,0.17427429513695816
1034.0,-0.2328020744596694,0.023234604726071122,0.12705640237064406,0.23441422555872418,0.15762262149885178,0.4734057849862331,0.5647595221973821,0.10131078476582885,-0.255525921015568,-0.07121862612366363,0.19081061999446075,0.1685431988013886,0.1896998471370471,0.2723435379807697,0.16993557623974903,0.20899012225985336
1035.0,-0.1731692954583567,0.046221126460433117,0.13973980767037245,0.2558383989731479,0.17349709991112527,0.5270052129447776,0.32258768308030583,0.18919644902991367,-0.20573661562111545,-0.02636218176712789,0.21400772267198845,0.24081702172900998,0.2627090541060585,0.2768891431333084,0.19048761273882756,0.23529001452745332
1036.0,-0.13353656446083093,0.06675911789918401,0.1115533546012791,0.21369343328734006,0.1666044262264822,0.49255775139359675,0.14589053593684984,0.23153544770595424,-0.18674723364055643,-0.0049395417166107096,0.1882575378558075,0.26507337477093307,0.2817291875780454,0.2258033175310059,0.18538273287984094,0.24289822039463288
1037.0,-0.11765317475336907,0.08041546417968291,0.05315503785290911,0.12248104309385371,0.13652739375100664,0.3910928116409423,0.08230936293640295,0.22054707156820805,-0.19535606039039013,-0.012340174743117405,0.12039527235276574,0.24448655799398147,0.2543204433406163,0.13587645917650526,0.15379689819759673,0.2252624771125697
1038.0,-0.11934695033990841,0.08478197332434945,-0.01117976237936172,0.010224487919698174,0.08980878266521813,0.27271643061839523,0.12556843718418723,0.16575054573925102,-0.21949956424157924,-0.04414730911062944,0.037438602559057975,0.19794415280920016,0.20315409809515445,0.03489035372854196,0.1018044943307501,0.18372390772791855
1039.0,-0.126037206592348,0.079386579526841,-0.05552564951774538,-0.08989949215718583,0.03854244590529874,0.18790313694131217,0.22535113302741436,0.09103076223024596,-0.2425571157739143,-0.0857513745287357,-0.025746882638405112,0.15147676316851771,0.1570849491743631,-0.04769078862607028,0.041331639224730814,0.12806340216807527
1040.0,-0.1256020610702664,0.06473274507054086,-0.06403790658319701,-0.14926668977692112,-0.003831592167776599,0.16413731265255818,0.31815351410269566,0.024977489821115126,-0.2510264821930203,-0.11950208011144041,-0.043047607182036214,0.1266725825957774,0.13895042350656342,-0.08974559713595609,-0.013299294415991507,0.07252663072232216
1041.0,-0.11205330098022734,0.042854293008745,-0.0371489807737115,-0.15281786507719242,-0.027606188326436257,0.1985379161945239,0.3583774703279409,-0.010619724272261167,-0.24051427877093062,-0.13322678575524818,-0.008845044287802419,0.13225106712067589,0.1561980837212081,-0.08352009933407548,-0.04971870399095226,0.029682040441585518
1042.0,-0.08675342097365207,0.017927908206965215,0.00858139172533996,-0.10360569342695858,-0.030838657771429464,0.2619130196708007,0.33253687367146156,-0.008368358055734396,-0.21567500794595376,-0.12448203200975656,0.058458206293363735,0.16192008495489013,0.19836921348630157,-0.03864611179807709,-0.061480794813762056,0.00564432590437134
1043.0,-0.056689159599153854,-0.0057901268381109405,0.04618394761669208,-0.02078494824561573,-0.02077578167655052,0.30796269211557503,0.2561335391479877,0.022776045072118185,-0.18547789093983633,-0.10024820464795502,0.12129350332182792,0.19770521206376515,0.24141545987515287,0.02125226414065462,-0.05104348082793085,-0.0014208226318589846
1044.0,-0.03233668389999876,-0.02718813677955066,0.04812907351261374,0.06716191069028395,-0.011353341447958205,0.28768466095940715,0.1617327382882116,0.06072350506342682,-0.15850999385179348,-0.07373111991599707,0.13633514500094854,0.21695806759787126,0.25731863305553965,0.0681313925339436,-0.030053389894062654,0.00026139553159071414
1045.0,-0.024113246377030675,-0.048056617964404746,-0.002975804973485992,0.13037247387439915,-0.016798301930336254,0.16887312299527585,0.08369525375649374,0.07901108633021545,-0.14051573053507235,-0.05848557197702984,0.07327617891275699,0.20145598960232522,0.2262570846118793,0.08044416693248788,-0.014540708223475255,-5.5335018561559344e-05
1046.0,-0.03627200005398975,-0.06779570327918066,-0.10723225357396132,0.14446272209852434,-0.04389364095755512,-0.04625683380297434,0.042694645360703096,0.059728233462252395,-0.13283793029726668,-0.060221215181033565,-0.06905307661755143,0.14620430280733626,0.14657062725579886,0.04953906134262157,-0.016063926482596354,-0.010445208108518903
1047.0,-0.06187279063060261,-0.07785440856927814,-0.24704442268697432,0.0960420287280072,-0.08740309887775673,-0.31646461985731805,0.03611673809835513,0.004410641312528883,-0.13080801341923437,-0.07025169383811689,-0.2580542158408901,0.06404659116830042,0.037638168062954135,-0.020370164567116433,-0.03488217158874428,-0.032244625578845484
1048.0,-0.0840918618227616,-0.06315863932609996,-0.3932833887097731,-0.01207398141383962,-0.13208196748784662,-0.5771251515162716,0.04381165973859656,-0.06524980136243462,-0.12344406253650254,-0.067855676738798,-0.43933842845202004,-0.018350433397595164,-0.06696390036163948,-0.11543148465660796,-0.0608726604769239,-0.05987936057237887
1049.0,-0.08435729278020147,-0.011684156653776829,-0.514793018211686,-0.15686939480568626,-0.16028403605900907,-0.7689666935833847,0.05019243844246369,-0.11897878711457466,-0.09702435408548825,-0.03425983880203456,-0.5611778193413818,-0.07339166924352905,-0.13391930603852958,-0.21473571757396875,-0.08093955906902392,-0.0846134366567564
1050.0,-0.05237606823904452,0.0757489366390003,-0.5872562610515608,-0.2986177398413037,-0.16030972430900947,-0.8587501046448582,0.06180208631779072,-0.1334783901653469,-0.04355520918870194,0.031404840015912386,-0.5960188546314169,-0.08642532754411854,-0.1443161479086876,-0.2937607873191633,-0.08612573035513621,-0.09938308539735748
1051.0,0.007968474020649317,0.1835982780251268,-0.5984880136420817,-0.3963194135417737,-0.13116932885088775,-0.8400966737196524,0.09716682751028162,-0.10150122365477651,0.030544375909406542,0.10858688529467014,-0.5455012468659524,-0.06116870252659293,-0.09946681415353921,-0.332430079934038,-0.07399682351288847,-0.10200104132619033
1052.0,0.0795841926876073,0.2868769689900071,-0.5501648998342518,-0.4273404834914987,-0.08292297620071616,-0.726362061471373,0.15853540638311023,-0.03264576542005962,0.10376411238909417,0.1666998498998981,-0.432495358592662,-0.01617202345193808,-0.018156740472460284,-0.32505016659042213,-0.04790542620228418,-0.09585387773004839
1053.0,0.1385376033733172,0.35816439006725337,-0.4576340163992019,-0.3972185637524031,-0.03365778029598831,-0.5478437344149815,0.21763418179855137,0.05006206000579226,0.1493682058806468,0.18079505227630896,-0.2920214764362513,0.022118206887560457,0.06957752556380623,-0.28393038667023485,-0.01626105157998501,-0.0882755310271978
1054.0,0.16327541786391314,0.3749923038311359,-0.34604960786127437,-0.33314641198027917,-0.003123197405748877,-0.3468998436627722,0.22869999607628175,0.11679487881193294,0.14985948508052366,0.14214384553208514,-0.1627062380081552,0.02790201684442181,0.1305464895651359,-0.23205286711042195,0.009017816527414716,-0.08704045007544213
1055.0,0.14447956870600284,0.3282880024182899,-0.24003523634429144,-0.2656465214436006,-0.003409285059444656,-0.1635566165587643,0.15496973376943327,0.14173639010583916,0.10762160542675937,0.06174393293372485,-0.07414464725283662,-0.01316608842470629,0.13978373340856265,-0.18844877538146407,0.017557831232166393,-0.09632339941237775
1056.0,0.09123035803178241,0.22837238121493336,-0.15169663886348864,-0.21009836048449082,-0.031185662083340344,-0.01880148633218159,-0.009475118055092937,0.1148346521195432,0.045652278739707314,-0.03323238307883704,-0.03434658156891011,-0.09503056879005684,0.09177982793879153,-0.15610310713334202,0.007188460769824772,-0.1145036992840529
1057.0,,,,,,,,,,,,,,,,
1058.0,,,,,,,,,,,,,,,,
1059.0,,,,,,,,,,,,,,,,
1060.0,,,,,,,,,,,,,,,,
1061.0,0.0779179798829696,-0.03203696726749155,0.256969743255095,0.30095279746349657,0.05920004920246087,0.521809294542119,-0.5240691445718904,-0.08073603044698323,0.16220939052054667,0.04550626864727655,0.14144137628119013,-0.16091288532707457,-0.17312254581173275,0.3139484387454435,0.044764795226279123,-0.09182736602333048
1062.0,0.13477341283494176,0.0325743753264696,0.3291296206797317,0.450914642931635,0.14160401355691332,0.5987101232341941,-0.29284660338231694,-0.03141799009783049,0.21207098084267095,0.12778066430098362,0.2196820708664393,-0.054938330374236836,-0.136939025566105,0.44217683054029516,0.10111043740018291,-0.04059093147067196
1063.0,0.16217380416168445,0.07837341748623919,0.3729797370836073,0.5615675568892342,0.2043072759576775,0.654646976095724,0.0026546168175705163,0.018716042377050057,0.22991423101900932,0.18304877611842346,0.279908017205736,0.043457259121643214,-0.09730202106132964,0.5254800773911987,0.15141155404956577,0.016081569380342206
1064.0,0.14608508771235318,0.07765824642431814,0.3838449043416528,0.616565023725025,0.23289710713353187,0.7202126572610854,0.29048038431478135,0.05132239150900524,0.22058660832598964,0.20810320479452948,0.3166371333819665,0.11815169403801534,-0.06619817212762498,0.5540485784660889,0.18256779236617107,0.0692136856376019
1065.0,0.08768208822919665,0.024032622338612575,0.36821432942717475,0.6204012415409871,0.22537372281227086,0.8298523950261703,0.507383213320272,0.06029244471117005,0.1974911251546849,0.21201924235488528,0.3351006277606412,0.16610107860157813,-0.04518635184071185,0.5392334246382046,0.18898194451057085,0.1112490507709119
1066.0,0.001046606297686911,-0.06481178642822956,0.3436610029299657,0.5949087995201353,0.19122415519316485,0.9954616389942939,0.6175051734050729,0.05134294026951721,0.1739300285573561,0.20846122696970248,0.34596324939453005,0.19302281710001362,-0.02749097468905979,0.5073792837434056,0.17453212573757002,0.13816198271864907
1067.0,-0.09193728110345785,-0.15441673246627996,0.33196489971606,0.5673630410783266,0.14619027411796898,1.1917261813441633,0.6188004033268985,0.03625353128190793,0.15846532000382793,0.2082863750919042,0.3589884017780185,0.20696909929940335,-0.003906695149720016,0.48661097368236245,0.14949318279836007,0.1497950741997869
1068.0,-0.16786797796656475,-0.20821400679265817,0.34740393480931125,0.5565565882189983,0.10532607534299443,1.3616080061122717,0.5379837852238821,0.0258870845561941,0.15427272158448713,0.2153307305801615,0.37775241111477437,0.21359647916811117,0.03041849973254503,0.49301034057833093,0.12418839981297401,0.1479739089010215
1069.0,-0.207413482585042,-0.2019703765527473,0.38798375975934946,0.5649858414729998,0.07830834940270104,1.4382921107060598,0.4162814555537864,0.026491253621569084,0.16057424627764666,0.2267862428454221,0.3986330288984301,0.2151002701198763,0.07322040801335927,0.5234649504517256,0.10455965503451359,0.134938982375688
1070.0,-0.1985348882234523,-0.1306830035801255,0.4367259349423205,0.5817647743291315,0.06907537827385624,1.371922709733402,0.2919862605209261,0.040434553005777606,0.1750387442132658,0.23688961931543687,0.4147689431380147,0.21215375762723598,0.1182408056468011,0.5595495705709971,0.09293467761182812,0.11458642762971229
1071.0,-0.1385578218879658,-0.0070911689207372045,0.47254709718534843,0.5932037324156404,0.0781063928121505,1.14848191421667,0.19026698986208665,0.06751796206640841,0.19558575233711384,0.23981219124391778,0.420181936019245,0.2057417604774836,0.1597423112918985,0.5799692327542758,0.09133902906582894,0.0945390623415442
1072.0,-0.03644402824340208,0.14329679624959843,0.4822683346376206,0.5920072798188606,0.103900834913301,0.7952451870676047,0.12382483734117304,0.1037024751619317,0.2201789571710872,0.22954670593741058,0.41020705088381554,0.1964823699542719,0.19339832229583315,0.572422097178587,0.10237857369940548,0.08465127487632697
1073.0,0.08741167984309628,0.28744433122887686,0.4646721962518308,0.5780306852605261,0.14214430683485405,0.374374883807284,0.09690535256760918,0.14005328219186847,0.24587349689768082,0.1999367399403311,0.3809510854501001,0.1828291546717552,0.21471906214338182,0.5365822007118264,0.12648773095559318,0.09152289618768997
1074.0,0.20765110267164114,0.3927675181116806,0.42570387457918946,0.552270766713446,0.18474858742504502,-0.03305407004035026,0.10666588289615435,0.16637583433046813,0.26960263383834193,0.14910915848685175,0.33188324293315324,0.1616025763616329,0.21957999526858588,0.4786500478998419,0.1589273738002447,0.11370574430954125
1075.0,0.3052466320635909,0.44003410856666325,0.3727430805435304,0.5121661120496549,0.22189463906510737,-0.3497200211255793,0.1440424985560624,0.17834219906661833,0.29052483832250015,0.0865832265645907,0.27042032651649023,0.13209166812598833,0.2080713293589328,0.40501889186269036,0.190179439792352,0.14194557888038248
1076.0,0.375258080077697,0.4336376597464858,0.3141543679984025,0.4533461563556296,0.2457948420495443,-0.5251903615743646,0.1960369433532632,0.180958763806887,0.31058240216348304,0.03425660851657956,0.21230028147627325,0.10026982633406618,0.1875007109131912,0.3204440036398419,0.20922125877078068,0.16404072391227492
1077.0,0.42312932920779,0.3966004132920936,0.26031251585026355,0.3746990213478219,0.2515540717102542,-0.5515714276192243,0.24692449641025693,0.18303462099897455,0.3307177381032751,0.014852216035419885,0.1728969315266746,0.07738096771402023,0.16912649802393132,0.22941086718693582,0.20631338827238108,0.17044271506315906
1078.0,0.45312592746239927,0.3518586599416862,0.22015290722684272,0.2808764284275141,0.23530341720080616,-0.46387411416012964,0.2785338841528916,0.18719350221569978,0.3459332218446418,0.03538338122332776,0.15515742013521736,0.07230273606472276,0.1594357476670232,0.13765647288316007,0.17464011187968703,0.1574466892166964
1079.0,0.46181605192836744,0.30843723167143794,0.1960153422006229,0.18122928209546763,0.19491960211789675,-0.3221850274680527,0.2740377241533808,0.18643660626931793,0.34622117238153033,0.08193982724435787,0.1478714096815962,0.08476720564820672,0.15448129523754037,0.053167898512885725,0.11314159973008327,0.12745507683875726
1080.0,0.4427150218174277,0.264159775345627,0.18283541392371364,0.08720928153472789,0.1341009842060728,-0.1852107805995666,0.22534563019654813,0.17114307231064185,0.32454711796296565,0.1308061429628163,0.13750467140119957,0.10563178313826746,0.1434705082918396,-0.014353558998892771,0.029979748123285195,0.08724601036723276
1081.0,0.3950606157640773,0.21640485414239582,0.17129949392372287,0.0086490479386746,0.064083448884924,-0.09169615473745749,0.1379938492653354,0.1385304247583336,0.28405369091374877,0.16369944629904634,0.11995875017869015,0.1225227253870301,0.11757533254241176,-0.05714087434312399,-0.058043084698943585,0.04535152894227715
1082.0,0.3271212996506682,0.16782438394710253,0.15143673216079867,-0.050241963153213644,-0.0002665561064010521,-0.05670560431912864,0.02933168027050003,0.09535121303679031,0.2372430298540438,0.1742009755193318,0.10065742641915865,0.12553753474289772,0.07585880545526738,-0.07397700336696303,-0.13212743263484633,0.009453475329225428
1083.0,0.25225085481765824,0.12444071642384992,0.11576309699642746,-0.0923972789650618,-0.046934156420360376,-0.07745737977180858,-0.07872926563652376,0.05298989924040882,0.19860473799250264,0.16475347308619406,0.08668130157944133,0.11023835046340093,0.025086316767468485,-0.07164445410342282,-0.17966094240955344,-0.0157447802907689
1084.0,0.18296957319785082,0.09128596481635771,0.06201913101576265,-0.12571543429385196,-0.07120287523691195,-0.1416992728958429,-0.1685424684892087,0.02068136550276279,0.17734986337821437,0.1411297239948432,0.08046651276979108,0.07801154737932336,-0.024560106240239243,-0.062480959664457825,-0.19799969288894342,-0.029717050961453696
1085.0,0.12781564173881782,0.06989269098457847,-0.005315723430849632,-0.1587660176197378,-0.07579281879511456,-0.23465976163430854,-0.2327609273986496,0.0019863998239564346,0.17439118436554127,0.1092305250673787,0.0787390393070471,0.0346386779004541,-0.06422828105716641,-0.059912211701922055,-0.19241800439199364,-0.0355988327201655
1086.0,0.09082849927084559,0.05783219891846055,-0.07540454156244589,-0.19663391000868188,-0.06744902289336975,-0.3426982628698798,-0.2743634063269032,-0.004970902238171803,0.1832746398313039,0.07413071027569491,0.0746872417328996,-0.012104092050007568,-0.08886785383712272,-0.07353522748516432,-0.1712024713482173,-0.03798698402501163
1087.0,0.07157950232679992,0.04916782182498123,-0.13358347219102595,-0.23857876578741924,-0.053017739449876825,-0.4537995085847804,-0.30103358187186263,-0.005687428091313475,0.19327987022855816,0.039279554990681434,0.06094044818661781,-0.05473808670527539,-0.09670245743849766,-0.10556722691572762,-0.14180549450325522,-0.04047203909707649
1088.0,0.0653195733969293,0.036075238935284304,-0.16606234340242365,-0.27834351643606503,-0.037722194948865376,-0.5561024425176017,-0.3181486881811026,-0.006949473866235432,0.1930495228615996,0.005357216360556876,0.032535856404489166,-0.0872237417970036,-0.08712859831914317,-0.15065655929145902,-0.1100683421139278,-0.044286295292815143
1089.0,0.06395343700374652,0.01181944049789346,-0.1660107290022906,-0.30701825767947594,-0.025734099351659517,-0.6362932794792646,-0.32538803000116445,-0.014020000729138478,0.1734632993658267,-0.02968688301362169,-0.010959910092074837,-0.10499545137773489,-0.059753569857283174,-0.1991986693337247,-0.08148758544433457,-0.04839946058640365
1090.0,0.058025652596815955,-0.025982271459239682,-0.1385825831852398,-0.31758513036201463,-0.02121198458603998,-0.6805351290262722,-0.3186925596455857,-0.028412102237219683,0.1297259808258628,-0.06817456295882268,-0.06522223037394488,-0.104782658589877,-0.015808953390369668,-0.24207470179115465,-0.06182991153009249,-0.05077116346435745
1091.0,0.039089774261172425,-0.07331676016359728,-0.10138783332558153,-0.3094524158226029,-0.02834160360379988,-0.6789671496178906,-0.2952867477903245,-0.047725916851497026,0.06322677030934933,-0.10915116340202764,-0.12267508090944329,-0.08498118380131345,0.03973678354247885,-0.27457794460912643,-0.0558358730088432,-0.05000447297953751
1092.0,0.001908610204012773,-0.12072263064919879,-0.07832664619892078,-0.29042182305965364,-0.05018890760623263,-0.6310492953830251,-0.25770147031595414,-0.06751929884376023,-0.017676418329302387,-0.14697404604391773,-0.17481031746758863,-0.04700356488084327,0.09739786590111325,-0.2983403030956715,-0.06511855459057601,-0.04624017069433727
1093.0,-0.053281837868524605,-0.15749429595478848,-0.08797370940365652,-0.2735624769030618,-0.08656638668683447,-0.5468956294989016,-0.21296641526638435,-0.08348800645443531,-0.09930856183336875,-0.17330741239100994,-0.21390883685404638,0.003077730364880654,0.14459811167589914,-0.3196413397227317,-0.08656397911657726,-0.04073305258827388
1094.0,-0.11885323575640538,-0.17615121924424607,-0.13162418180360635,-0.2692590673787098,-0.13152280363814334,-0.4420789727289029,-0.1664830962500983,-0.09223236341218581,-0.166137185534812,-0.18059286131129546,-0.232665125291433,0.05458249803637836,0.16959386849675046,-0.3429509193096046,-0.11176608917132898,-0.034778287895973176
1095.0,-0.18051755734145708,-0.1746279283990725,-0.18873871321206104,-0.2775996239020488,-0.17264134860921385,-0.32948370422294865,-0.11636325046134974,-0.09091988756640883,-0.20432164140753836,-0.1652669115727459,-0.22310035373396483,0.0946767248980059,0.1660084754112927,-0.3637333254752277,-0.12833649895211527,-0.02906444891999643
1096.0,-0.22225973449793712,-0.15700130539649348,-0.22441794541709606,-0.28773480605790763,-0.19456409888014542,-0.21481386261252233,-0.05555588098022658,-0.07785110791377664,-0.20504429334791457,-0.13037854449299982,-0.17844000805734808,0.111334688619517,0.1339410504205954,-0.3682088102261549,-0.12386264846186824,-0.023888020768145463
1097.0,-0.23345952917217558,-0.13334627972889582,-0.20533362476639302,-0.28567234080635967,-0.1860542336843933,-0.09824387405683005,0.018463783972651637,-0.054677167420655086,-0.1678730075995699,-0.08617697668421893,-0.09813603688326547,0.09521819868760527,0.07675399032893909,-0.3422293396214006,-0.09151481290066943,-0.019902826659243113
1098.0,-0.2144536365349545,-0.1173195984575893,-0.11579175454491838,-0.2651809994882211,-0.1466195912932288,0.020451041023396718,0.09457647097841962,-0.028506138253527734,-0.10311469839937491,-0.04695854873731461,0.0077918523205139575,0.04118418312458242,-0.001989504744779972,-0.2827392134676702,-0.03454213439839152,-0.0187960091842337
1099.0,-0.17803015604404052,-0.12146706033671893,0.03239518568205217,-0.23441978117199855,-0.08875301552742841,0.13699217297617589,0.14713248835485507,-0.011660345124528137,-0.03171222292024351,-0.025690143154862267,0.11774398720001072,-0.049553198171217304,-0.09780895558255769,-0.2035870972660567,0.032964414400573634,-0.0233749088894448
1100.0,-0.14590995019006409,-0.15236397341057217,0.1999581981107124,-0.21380113013284008,-0.03414253800251465,0.24108659776362945,0.14500764467486785,-0.017928978487642796,0.0184745863588462,-0.029941608257027418,0.2019712418716459,-0.16700242800288265,-0.20245796859567952,-0.13208181967458155,0.08993704651595515,-0.03672989304636325
1101.0,-0.1405255097020316,-0.2073064373190625,0.33236374600780283,-0.22550964112288213,-0.004909775804969336,0.32014273678170807,0.06687470738517447,-0.0556261234213408,0.021035181803338843,-0.06034331187313499,0.23181678554516827,-0.29143196615090855,-0.30210112246790655,-0.09789732595157263,0.11574758204489848,-0.060381142302229705
1102.0,,,,,,,,,,,,,,,,
1103.0,,,,,,,,,,,,,,,,
1104.0,,,,,,,,,,,,,,,,
1105.0,,,,,,,,,,,,,,,,
1106.0,-0.44867214323318255,-0.2878348640498638,-0.2475791625175326,-0.6109310769156296,-0.24030490088845638,0.1691743076999241,-0.7360930670858443,-0.23720006137713845,-0.5173469252040156,-0.22040027679380317,-0.24478367838621456,-0.28126903290661076,-0.17301327609032027,-0.5408265314201127,-0.16961019273005695,-0.13968093381040936
1107.0,-0.45008451309271724,-0.20614967871892026,-0.4034700439932342,-0.6296033495304794,-0.26122951460547866,0.055553856499163744,-0.7661754251994108,-0.16663265591607163,-0.5510083155019495,-0.1743040186602074,-0.2715537687576051,-0.15358636563593803,-0.04246553436426439,-0.6156667123582041,-0.19005153191520033,-0.10849747250583879
1108.0,-0.4195061188443223,-0.11809036112716804,-0.4835806061545013,-0.620073453849921,-0.25628318722766025,-0.04862229486148099,-0.7398086867747067,-0.0784922468617225,-0.5326012531073042,-0.11368813859884971,-0.25055595731375635,-0.03584671989901185,0.05926462969466745,-0.6529954439768895,-0.18159759838891582,-0.06927121672260349
1109.0,-0.37606608936285446,-0.041377001570040234,-0.49284879034423584,-0.5906548937965518,-0.23347861383362467,-0.12631396735896983,-0.6715748782983285,0.0006096945444559709,-0.485905424684713,-0.06377729989488133,-0.20636733352196288,0.05033521110675867,0.10820985993545332,-0.6529211476368086,-0.15659648707291443,-0.03352816727775299
1110.0,-0.3380792666827285,0.012456561921253766,-0.45821724496809657,-0.5452279863616764,-0.20184226534637953,-0.1717647431276884,-0.5737394707690304,0.04838470801188875,-0.4411664154178151,-0.04752617506381099,-0.1686074567725934,0.09440016673932142,0.09787997845221302,-0.6181039149994254,-0.12746662481461335,-0.011965332700064911
1111.0,-0.3126916005565976,0.0394800010509001,-0.4132042783440716,-0.4813409537352852,-0.16701094377509776,-0.19065937417216605,-0.45239882374207985,0.05372852864228078,-0.4213920308389298,-0.07431969777707799,-0.1596284307865,0.09783336725582938,0.040436451684481796,-0.5511199838534612,-0.10142769481351988,-0.010109162678390555
1112.0,-0.29137443562848686,0.04366164116494374,-0.3828851066276867,-0.3914675192568781,-0.12972590649674937,-0.1947005357059164,-0.3078794644972499,0.019778821600598837,-0.4322179454834322,-0.1339368615927608,-0.18700838686886959,0.07252476362381001,-0.03685805725310981,-0.45212018314313107,-0.07953890890867206,-0.025105686852461884
1113.0,-0.2550501216744347,0.03569768624219316,-0.37612599170864935,-0.2678175140237672,-0.08777049633371736,-0.1935650509254015,-0.14009463020578525,-0.03790753061502945,-0.4600154752286988,-0.19984865768002313,-0.2433440994705108,0.03604576810577424,-0.10076924077881863,-0.3195277468010681,-0.05877077684847439,-0.046166274786766236
1114.0,-0.18736149824759754,0.028477806258998047,-0.38684033675162954,-0.11043256211605222,-0.040142197605105664,-0.19036578713114807,0.042702293295274495,-0.09757961755776554,-0.4788530190074623,-0.24055005253381018,-0.3118433076312786,0.0048567785449571245,-0.12525278938282122,-0.15583333114091658,-0.03547465834409215,-0.059334251016776494
1115.0,-0.08736819952823346,0.029307120088921963,-0.4008410352183432,0.06555151389011189,0.009642920105325312,-0.18494795134389577,0.2176030542102785,-0.1393925001158484,-0.46189889454566885,-0.23301040410785015,-0.37378304373777627,-0.011812884704114141,-0.10287294273487918,0.02506772076543652,-0.008869285392419629,-0.05437632277956545
1116.0,0.027838483949385727,0.03442503831065527,-0.40321211162161397,0.23004377157241238,0.054151930706329204,-0.1805451943469245,0.3511580075801264,-0.1518225665690917,-0.3912639930947655,-0.17116470956882482,-0.41391775860706204,-0.014514652442103928,-0.04764261365518634,0.1963685524797735,0.017916887605165088,-0.029749927245737228
1117.0,0.13212717341463556,0.03222994880685703,-0.38294997877200976,0.3483252885234476,0.08633737119177826,-0.18534688699214355,0.4148616832757805,-0.133910284468365,-0.2633650187635574,-0.06576323698743587,-0.4225831433960795,-0.011154323663092368,0.013242596021274476,0.32681005595180346,0.04083369889114311,0.007369248942916663
1118.0,0.2034377490888935,0.01303194797656714,-0.33502907167682544,0.39577887470295664,0.10376631231107343,-0.20767332008303097,0.400377483106681,-0.0933959458297628,-0.09059929348591397,0.061961712643847304,-0.3962621121228766,-0.011230671437732929,0.053822145321523455,0.3943651435914004,0.0591648714589789,0.04528254564020266
1119.0,0.2316734017338293,-0.02400438075867617,-0.26192447233822036,0.36660442861532105,0.10927913043960348,-0.2498224703323719,0.3212158408710954,-0.042674289820399953,0.09965733089361603,0.18725711115110794,-0.3379706513070954,-0.020539902899638564,0.06088477489718469,0.3945020753340068,0.07643033010776544,0.07262796274660532
1120.0,0.218320390148562,-0.07153149164412322,-0.1748185803460781,0.27169608731986356,0.10792102247342501,-0.30398034820322445,0.20174540462630414,0.005481056505045869,0.2698013842885374,0.2864967700720427,-0.2565647914814092,-0.038976661678236595,0.03683218099327293,0.33717379241644324,0.0968870680831368,0.08125459914595452
1121.0,0.17201134590739248,-0.1187606287045729,-0.0915945841678799,0.13113732291147095,0.10283766655371328,-0.35142572612933337,0.06637179695879757,0.041373499065440175,0.3817405421273587,0.34049266245591414,-0.1641470602383307,-0.061248782168133176,-0.004957333640411148,0.23797941122752939,0.12084230656978999,0.06750151544662064
1122.0,0.10488672253491,-0.15550314987605637,-0.029884486483213953,-0.030359115718799737,0.09345663602464739,-0.3672173232843135,-0.06272834383563132,0.0604915141744409,0.40966550933074647,0.33824345879614914,-0.07262206768467881,-0.07911748967946719,-0.04732555542002302,0.11346487448085149,0.1426673116761318,0.033442046453082894
1123.0,0.030155630900527048,-0.17461352421343068,0.0006382523070928922,-0.18462418750586376,0.07712874021999018,-0.3308940560493051,-0.16294876821619939,0.06357713665196549,0.3499954668553497,0.28060926983837814,0.008607596918484195,-0.08443576531547789,-0.07558296872876939,-0.017536076907443982,0.15273260410478998,-0.012499253300690787
1124.0,-0.04069884522892758,-0.17365706035478676,0.0009080727388046537,-0.30381829343920386,0.05237963370864954,-0.23789436211491113,-0.21225397654522463,0.05449313444105483,0.22261650642585698,0.18106789718989236,0.07309188123673364,-0.07242789546963145,-0.08183976361320032,-0.1335476151393545,0.14188160860089905,-0.057823419928716445
1125.0,-0.09986757500531719,-0.1550077702434221,-0.019688779758021666,-0.36757814947959655,0.021385248507502518,-0.10356299601255736,-0.197243726621096,0.037600798143998776,0.06331313597712442,0.06197361685004267,0.1172388579355563,-0.04366650995222144,-0.06632104920176987,-0.2149810469156276,0.10651155436154607,-0.09086931529666867
1126.0,-0.14165758947065882,-0.12308121928328279,-0.046504707779476226,-0.3670843198886409,-0.009412418646319002,0.04307487379589622,-0.12294864096362249,0.016780236428771727,-0.08703162122394979,-0.05134282974877748,0.14048019596832376,-0.003286510056069721,-0.034539827658836834,-0.24893677287556254,0.05196148607825579,-0.10489167364582994
1127.0,-0.15856928575882226,-0.08036755212187931,-0.06281267950600304,-0.30267690027764116,-0.03067274995971488,0.1705962694639939,-0.015350870872247109,-0.003981361370873583,-0.19183891120328625,-0.13540539271352794,0.14488935648288365,0.04184726390891954,0.007385148195924696,-0.229269688786047,-0.008140456650814932,-0.09886728707253854
1128.0,-0.13993096222688403,-0.026346023707533223,-0.053261816012734824,-0.17864353196140662,-0.03269579777419592,0.2544571889377868,0.08819919044020338,-0.01981714384145207,-0.22593707515159747,-0.17207458674527587,0.1343882941653204,0.08550256674333503,0.05441070875910125,-0.15311114733433226,-0.05640476687154699,-0.07556386690004098
1129.0,-0.07629397807106647,0.039077405644844306,-0.006840684455908738,-0.0003661588054975504,-0.00817074415833238,0.28198880226580253,0.15725127555816754,-0.02501913568134711,-0.18009408187219453,-0.15198850239641218,0.11456098707919576,0.12244054330591586,0.09990134471444019,-0.018909353531797523,-0.07762202189991776,-0.0386336967416894
1130.0,0.032128647680653884,0.11053406956287823,0.08048204569918646,0.22313158391576604,0.044630219574614084,0.2551637286636482,0.18416216479081607,-0.014976005653045946,-0.062424062796029835,-0.07805933228270574,0.09215223135464562,0.14763097242125037,0.1328125044839955,0.16995931479890813,-0.06435447517360016,0.009155755295802847
1131.0,0.1686130448010213,0.17455554563461076,0.2023009072264272,0.47247933128976866,0.1185102513926809,0.19142556625630094,0.18633163430325236,0.010112579828242206,0.10316632854823583,0.03257438339600696,0.07265126640875738,0.15588623239671465,0.13915145943375287,0.39703216561703225,-0.020745755655915687,0.06501245145053455
1132.0,0.30112628682434495,0.21124962524435664,0.33918268620179914,0.7143791000248341,0.19677987963665275,0.11937853651359323,0.19420575585013186,0.04297135463869391,0.2820094552094565,0.15102863043244852,0.05747636383146404,0.14241800845810915,0.10759102957031327,0.6278640492625057,0.038050253012874104,0.12360230041535772
1133.0,0.39371181611454154,0.2005758174473034,0.4615316820473321,0.9083892671485235,0.2580859738446035,0.06865045237458352,0.2352656855201076,0.07157529050446726,0.4379594283420872,0.2452241427665032,0.04417454192678661,0.10429811629726202,0.035622127568860046,0.8168770203043637,0.09200671612075803,0.1757599238630076
1134.0,0.4219942310879583,0.13137745583257857,0.53861869479393,1.0213358227809084,0.2845890026495702,0.05843763529665289,0.32229121911342185,0.08479872085533637,0.54375481881826,0.29090450833573117,0.029637679978693786,0.04288759274531941,-0.06717597808024893,0.9242437589129685,0.12475990584695851,0.20976918454368815
1135.0,0.3826857475611296,0.00831281782391044,0.5478991979486835,1.0383602412663766,0.26822604195247385,0.09043994218897722,0.4459337073370641,0.07738838327768427,0.5859274742088622,0.2782208377119606,0.012515151711922804,-0.03355664947453623,-0.17973913962697652,0.9306443899756911,0.12942246483442044,0.21451199017188508
1136.0,0.29232750824717463,-0.1471313038241043,0.4800187345681535,0.9637754497368093,0.21209348201558917,0.1507162141386593,0.5716158085668841,0.051994093624110505,0.5620656383402515,0.21125226926453505,-0.007226551438129582,-0.10912415820419898,-0.27335421760378603,0.8407059375676293,0.10938987111536462,0.18361357965058397
1137.0,0.17872430823924906,-0.3009932793749294,0.3410715085728377,0.8146137231205969,0.1279126305465296,0.2211305232213568,0.6467187556430938,0.018257282626237863,0.47610280096156626,0.1042616252743795,-0.029476379452851923,-0.16334940848380394,-0.31866845862269244,0.6770971854668748,0.07502500818592144,0.11961478373600073
1138.0,0.0710131165936822,-0.41545744607194607,0.15359612177157123,0.613519229859893,0.03179849180175106,0.29199747084042293,0.6213600878110527,-0.010825858726391179,0.33832383422511636,-0.021160029884724756,-0.053342777210577716,-0.17837273354350466,-0.29577330134322805,0.47184397221842544,0.037844006518602785,0.03567312426355068
1139.0,-0.008212724759730505,-0.46171466658406707,-0.0469702406741031,0.38491378557437744,-0.059967486635383246,0.3632717635035087,0.4742303793742885,-0.024562634812419378,0.16924125227170328,-0.13870427061681143,-0.07529899591794643,-0.14741206822859954,-0.2041787635008271,0.25833137843731346,0.004775794471590512,-0.04798969510465249
1140.0,-0.047248601431412414,-0.43199229657320953,-0.22241570729883112,0.1544895822283136,-0.13395015717297015,0.4336685936643814,0.22844627010738175,-0.019252500254451067,3.0012895928911897e-05,-0.22258949887207943,-0.08841633303733507,-0.0794357980832037,-0.06628140332882641,0.065124071513444,-0.02378286321861558,-0.11198009002926156
1141.0,-0.044939166643515736,-0.3409687503612775,-0.3429493224384775,-0.05017199476509106,-0.1805228083885009,0.4922733818301628,-0.052177263406471934,0.001871100563419821,-0.1345334333462961,-0.25463889024576875,-0.08312418160551827,0.004040116266613798,0.08011059316161205,-0.08711558991620968,-0.05043995128211092,-0.14472426710711325
1142.0,-0.006553878164140344,-0.214447240395276,-0.39205406293431005,-0.2008354241100495,-0.19322939739525008,0.5225098451798592,-0.2850505687276882,0.03335456980876151,-0.20677814947851647,-0.22921948359029273,-0.04879589931977895,0.07872944867095899,0.19696816012969592,-0.1855894050535346,-0.07480817335073792,-0.14411383063886715
1143.0,0.060414874281059905,-0.07530310993183956,-0.36497029866873615,-0.27351835438848726,-0.1686855592321017,0.5115059118399135,-0.3987278924039764,0.07209376368684732,-0.20431983792508823,-0.1540727838842206,0.022916292789466452,0.12772151119065778,0.259867741611422,-0.22418155443982368,-0.0904223962865993,-0.11429360277903042
1144.0,0.14774518539565207,0.06321014039039136,-0.26635088709623833,-0.2555373412828021,-0.10829558544488771,0.45489641404425046,-0.3579817673305732,0.11755058305419087,-0.1326766883052187,-0.04773824967620901,0.13240290894529133,0.1466039765853552,0.26364261977054726,-0.20260488558280382,-0.08731554054566475,-0.06142357654414438
1145.0,0.24547786900009286,0.19577584745335735,-0.11019849366983746,-0.15100817951363968,-0.02026330190666083,0.35704350924676703,-0.17480083442240874,0.1682244149079168,-0.012745500771526837,0.06514786692520885,0.26681392764040934,0.14224876190795208,0.21970081323737153,-0.12613720382490123,-0.05828571128889879,0.008221844807550551
1146.0,0.3401197739756276,0.3191103152038068,0.07958098484229227,0.017587015920941473,0.08029231256522937,0.23045475311846597,0.09717970217635846,0.21818350839872794,0.12458022522113131,0.15931354712076232,0.3997786372614478,0.1268622476250559,0.14899739247758567,-0.006672721302057976,-0.004546264779626417,0.08704687290622176
1147.0,0.41470560433815096,0.42590687861629506,0.2711079835858556,0.21206364727563692,0.1737659137061951,0.09412004197127634,0.38077290658602664,0.2569007673284118,0.24511898216064676,0.21443455147787094,0.4987966843400125,0.1107773179217847,0.07460978264556405,0.134588736318813,0.06274321443418043,0.16365461709638296
1148.0,0.45281253351656786,0.5024683475605204,0.42983953216876825,0.38533078136659354,0.2405814595024655,-0.031001624903831022,0.5985341747672351,0.2731733531172243,0.319509440073343,0.22076027221992178,0.5379412674643708,0.09814190022304765,0.015893208592634128,0.2657075157252549,0.12610772452589386,0.22240986568018112
1149.0,0.4450296722400823,0.5331624208143859,0.5261533471495723,0.49267838673206044,0.2667510323827588,-0.12826964742574573,0.694813365762696,0.26098462155221586,0.3316348337988243,0.18288704434988728,0.5089511611088734,0.08755739670534678,-0.015242558352769475,0.3492343193706279,0.16864171184125826,0.2475761070283628
1150.0,0.39367842374076295,0.5102931831251262,0.5442167817326876,0.5060982272515202,0.2483916156944677,-0.18985690470764313,0.6511445456875004,0.22320745201386952,0.2837510930668859,0.11827875605973116,0.42432932491243136,0.07620886248568363,-0.015547417067132686,0.35579001720064973,0.18035421433348175,0.23059110110714193
1151.0,0.31254969948381633,0.44188515383541294,0.48916805161019905,0.42534334091672105,0.19263819500432555,-0.21686059604103813,0.48907004731919823,0.17028505235690605,0.19470014927232243,0.049582941752599315,0.3108365978681468,0.06375382052870372,0.010913670747203482,0.2787278884799156,0.16083821443435317,0.1751221011700619
1152.0,0.22143217393123857,0.34998190994198575,0.38633482781454836,0.2779276616176505,0.11435196956049713,-0.2167731213215825,0.258296977341563,0.11483647900169779,0.0911141916398217,-0.005515531090740513,0.19668534539536284,0.05264700016865263,0.05527080768422255,0.1387945006140796,0.11780923535734435,0.09587647029671516
1153.0,0.1385446057407204,0.26015558373419595,0.27011778187204877,0.10717107336262344,0.0310754461358599,-0.20194129467616717,0.016720310060662023,0.06600854716494198,-0.0034650526302005464,-0.040672749272204135,0.09945680886040406,0.04517702095698259,0.10598856655946981,-0.02465659820631883,0.06347013134094502,0.012530719854627236
1154.0,0.07490598659788587,0.19017306529410394,0.16921380161658656,-0.04416084772822057,-0.04097366115688447,-0.1883879950425024,-0.18698959202388715,0.027212369231917836,-0.07519105689535797,-0.05988818869025281,0.02187498780523767,0.04100210528026578,0.15105162836102878,-0.16913791529805802,0.010809100074845871,-0.056889775528759706
1155.0,0.03244960709866031,0.1451120255446746,0.09741174619375233,-0.146462813619505,-0.0893460298656943,-0.191555694222483,-0.3221660110772955,-0.0019512433639940032,-0.12012230401416367,-0.07121010614177996,-0.042910578826176556,0.037755429402874956,0.18098695144208707,-0.2627011190333505,-0.029404404413445284,-0.10046528397156278
1156.0,0.005808350341297388,0.12038833302283271,0.05350816571648607,-0.18923593408908423,-0.10719157201477235,-0.21971565710528165,-0.37740512499033013,-0.022195742328167057,-0.14062060167718632,-0.08024612550299033,-0.10151888247241644,0.03332876997151703,0.19158495924138128,-0.29192337872268986,-0.05082524055146457,-0.11436961784118824
1157.0,-0.013335080802644277,0.10878114952841324,0.02743995691404135,-0.1808435727685526,-0.09494104969205643,-0.26998504515986865,-0.35801819871732327,-0.03311413179865721,-0.14162166806404286,-0.08721181875791882,-0.15321172039196532,0.027168080719452228,0.18452052394299578,-0.2634450845469126,-0.05273267576463819,-0.10263851244099859
1158.0,-0.0319330711459077,0.10577906369398503,0.007493652441858418,-0.14287798273615784,-0.06092755759347906,-0.3297676213321892,-0.2815080174196587,-0.03481425186375602,-0.12893730858871663,-0.08829076555977752,-0.18962807252174335,0.01977369171282186,0.16540808300597598,-0.19917065888949517,-0.03998203824534971,-0.07483191208768171
1159.0,-0.05375816880227908,0.10985222723702258,-0.014767069115247819,-0.10101126559159873,-0.0194641401806175,-0.3821755489268892,-0.17189683409384565,-0.030391954634869232,-0.10928105929866662,-0.07963476170144687,-0.20049828210841827,0.01149629207271821,0.14020464354538795,-0.12709086469706254,-0.021548868609578574,-0.042277814684513366
1160.0,-0.08014074358937279,0.11867744245746956,-0.04256181086607747,-0.07614306937779199,0.013788310379869433,-0.4128152242856234,-0.0547084715742114,-0.026578215526584313,-0.09032116829105506,-0.061263390013766496,-0.18136353934104457,0.0020080582010708636,0.1119649164528865,-0.07192928786626604,-0.007790913972426861,-0.014413219204771571
1161.0,-0.11135735474745906,0.12585000145859837,-0.07453996116059651,-0.07943813911095934,0.027217066911622505,-0.4153058472188948,0.04656165692664223,-0.03156762250347674,-0.07964825070871571,-0.038522754453037336,-0.13883449403924658,-0.009169408263865177,0.08032043764509109,-0.04939468503774611,-0.007060236207325635,0.0032959494828333105
1162.0,-0.14677715294567595,0.12202899129840715,-0.1071784471251761,-0.11181734170885889,0.016746382326101355,-0.39264161388436714,0.11393907242834113,-0.05081978710234849,-0.08252247768867155,-0.02020468436023963,-0.08992006716199716,-0.02176508494861431,0.044213068586123054,-0.06442277740389495,-0.022814979630813772,0.00943516546743571
1163.0,-0.18346316462468049,0.09996979859993704,-0.13710919391475582,-0.16569502647024734,-0.013860923034398122,-0.3536202793224312,0.13891592940138064,-0.08303366970400167,-0.09920434905005825,-0.01447870771607162,-0.05513260667406377,-0.034226190522515104,0.005543727438316267,-0.11121481694034065,-0.052528170648303556,0.005367813854083135
1164.0,-0.2150561019812788,0.05946129572218421,-0.16179410372400044,-0.22746908939230337,-0.05525690476759183,-0.30705335331171363,0.12440204067004904,-0.11904353879538931,-0.12372798300690331,-0.025037504371309482,-0.04944343183196889,-0.04366171785117492,-0.02933061637941525,-0.1743753184491795,-0.08894189960196017,-0.006329500039111659
1165.0,-0.2332358410201039,0.008847660048796738,-0.179282009109578,-0.2816479591256258,-0.09606754809560955,-0.25791684876122045,0.08234766862939429,-0.14524316979892493,-0.14568567628289875,-0.0492362574165741,-0.07648948151226694,-0.04623853606343424,-0.05145896268685998,-0.23314671394428996,-0.1230143831403395,-0.022795561828596947
1166.0,-0.23191694824636322,-0.03785837724248834,-0.18859544219083502,-0.3169017480947099,-0.12682710492018456,-0.2082650951914652,0.027550340810738018,-0.1504220658592278,-0.15482854630190335,-0.07886246571434365,-0.1282474289900881,-0.03844927191358026,-0.05360729331920932,-0.26950238458995035,-0.1473531296645577,-0.04117144662118176
1167.0,-0.2120213588405244,-0.06726440414659426,-0.1902011324734202,-0.33107402289291205,-0.14315390352831375,-0.1616287566203054,-0.029183258072191434,-0.13214318922478038,-0.14635173367304802,-0.10345560775194629,-0.18849770528449,-0.019280266731355362,-0.03484640660142733,-0.2762348004357053,-0.15892767814070416,-0.05914885949211841
1168.0,-0.18379189321516656,-0.07306756657872164,-0.1851305710456236,-0.3312335326591628,-0.14647373883590042,-0.12529976617333194,-0.08386669928891988,-0.09833237860944197,-0.12357273758286871,-0.11468438359393257,-0.2374816565789158,0.008119164554767305,-0.002624858642432051,-0.25897763089680076,-0.1597835681437897,-0.07587054215424319
1169.0,-0.16404032819228492,-0.05858589916254822,-0.1733818940836912,-0.3283053396956298,-0.14166008026983104,-0.10663548806451757,-0.13574321593224797,-0.06285794889820899,-0.09613177565750641,-0.10908791093133129,-0.2567993226710093,0.03689138536092123,0.029570039264744684,-0.2304272550004078,-0.15507252239859076,-0.09192363642753776
1170.0,-0.16878450821196864,-0.03396978372762317,-0.15384845860092544,-0.3304497193638875,-0.1337057095804242,-0.10689027108755063,-0.18092110272148748,-0.03840223052918558,-0.07544831756009908,-0.08805319595316653,-0.23495004356318244,0.05898970733679465,0.0482194254869925,-0.2021577147363838,-0.14972138934311496,-0.10792808379898162
1171.0,-0.20578598390198705,-0.010920002247038667,-0.12651979395752863,-0.3402832929413738,-0.1262606388592469,-0.11953591033361093,-0.20976343003729014,-0.031470801143027576,-0.0703887446579605,-0.05642620187532124,-0.17262812648362388,0.06828698708155588,0.046085502391515654,-0.18083102116733873,-0.1464204215111538,-0.1230627739094967
1172.0,-0.2713416814699754,0.001400470642906117,-0.09479013870949468,-0.3567134853098315,-0.12201632447607662,-0.1350289421890056,-0.21050558401953032,-0.04164998902693277,-0.0841680622076069,-0.02104132552867741,-0.08439200768144971,0.06285263238435097,0.025098203469143533,-0.169647859526386,-0.14589062020380072,-0.1347947929303487
1173.0,-0.35188050966504303,-0.0017393836780065161,-0.0654820377190704,-0.3776775613632954,-0.12285517853319017,-0.14711812782955547,-0.17615943650885865,-0.06375853902824506,-0.11318203170620772,0.01057241903212938,0.005487535129101358,0.045543332332419216,-0.0053325909154420745,-0.17091565286657817,-0.1477992130312463,-0.13966543220268474
1174.0,-0.4287145487355306,-0.020319771268993134,-0.046881563079447124,-0.4009243328108885,-0.12913057869027925,-0.1549183809499022,-0.11012335578261195,-0.09062411437055871,-0.14939168651373913,0.03065201962940588,0.07065011751013145,0.022581446238688956,-0.0326330635742996,-0.1868680863568478,-0.15103340780343052,-0.1347497003283849
1175.0,-0.48412375749705366,-0.050507793400498595,-0.04607992016122871,-0.42299364808303,-0.1389455285697062,-0.15962184321095793,-0.026985858810206497,-0.11501567165057915,-0.18525576123399282,0.03109185006980473,0.0903884404219578,0.0010625379455911107,-0.04533052871086265,-0.2181864469748791,-0.15391569469443653,-0.11946612865959991
1176.0,-0.5063551568549224,-0.08631452265645749,-0.0655625044367597,-0.43735484135272273,-0.1478740976531077,-0.1590405536138634,0.052299919487539245,-0.1302023704843857,-0.21663566593389075,0.005203996768406006,0.056784268836592856,-0.012688187783627607,-0.03612002601787031,-0.2601918526305476,-0.15479495525180598,-0.09640368794221883
1177.0,-0.4913140309237209,-0.12158661917194717,-0.09985701264411856,-0.4335467026754165,-0.14954471880480102,-0.14444866358609432,0.1077306314209093,-0.13007032105385732,-0.24112099786991784,-0.047881000993436826,-0.020295658690827726,-0.013700836956391512,-0.0042071058844742075,-0.29955559612296406,-0.15232784998894172,-0.06994999426146548
1178.0,-0.44148341382747674,-0.15255239828890566,-0.13559643713419992,-0.40009367693643866,-0.13778740230915903,-0.10253847881759656,0.12603025430360434,-0.11074575983792453,-0.2546358623953495,-0.11965221611029256,-0.1145234739802863,0.0001987782988718441,0.042973614188697266,-0.31679266577799275,-0.14508896253018458,-0.043639160779502036
1179.0,-0.3648124950763808,-0.18000349578132366,-0.156785790794289,-0.3308116221063491,-0.10955477423742616,-0.021742576593445223,0.1042559674810877,-0.0738564104419382,-0.2504145928979624,-0.19295237983309493,-0.1921305696215587,0.02591355538303215,0.09032491422331394,-0.2946996354220454,-0.13084863881038733,-0.018350539307883967
1180.0,-0.27434804501780174,-0.20896511717783128,-0.15171161258399418,-0.22951840560036676,-0.06630035881620451,0.10093862479078587,0.05161610449549234,-0.02839110146837432,-0.22092573038607632,-0.2464716818492509,-0.22396207944403093,0.05446967339966014,0.1194513817831258,-0.22588077326490277,-0.1059381424664954,0.007538228474111995
1181.0,-0.1862998020529815,-0.244962704858516,-0.11605366661377636,-0.10887571254402198,-0.0127576850325612,0.25749411027842906,-0.012453147090420906,0.011714379535064176,-0.1610093594276469,-0.26079504349480137,-0.19432952458952601,0.07422377440322436,0.11549506290043017,-0.11400287237477776,-0.06562211330894488,0.036409838474352925
1182.0,-0.11507669208315395,-0.28843875030336574,-0.05113354200919059,0.015731125416772615,0.045320583170409004,0.4327544291875313,-0.06472347948919852,0.03323963394395226,-0.07134956145918746,-0.22500128067985717,-0.10419692663925971,0.07607849256352744,0.07309981025944158,0.029539156977478748,-0.0065271086508345766,0.06915930798827331
1183.0,-0.06734969893459979,-0.33070438599869956,0.03899771931333285,0.13253097091662414,0.10229404302553947,0.6095535628819818,-0.08644543713164829,0.02896368293072207,0.03836681964419297,-0.14221551815691813,0.02996732786514875,0.057439582672527134,-0.0009161130798368229,0.18876795973571112,0.06960309322873914,0.103510170683289
1184.0,-0.039040719571203676,-0.35538482583976594,0.14767877874408514,0.23504981650687448,0.15212808779183754,0.7680392279004105,-0.07112161282747492,8.851483729043515e-05,0.14895233033073663,-0.030651988266557115,0.17968933310931826,0.02304363721821186,-0.08902991029607493,0.34351718535149967,0.15323207994193935,0.133570854713948
1185.0,,,,,,,,,,,,,,,,
1186.0,,,,,,,,,,,,,,,,
1187.0,,,,,,,,,,,,,,,,
1188.0,,,,,,,,,,,,,,,,
1189.0,0.16397790211168387,-0.11186384081096841,0.2935252919065293,0.24188618675996923,0.0757980932944959,0.48696326538813073,-0.06859227595852657,-0.14065601646451692,0.16502404728687947,0.18462454620795293,0.18278548381704723,-0.13475762692498408,-0.23052519534072627,0.2690664607697286,0.1731966322666961,0.036621302235378135
1190.0,0.21332547443009525,-0.08340934596289028,0.15126661326456198,0.12353111034057006,0.01164417217113946,0.28917205792028683,-0.1256495916254711,-0.1100944320301087,0.10093832717386801,0.14154990685054963,0.051583191598617024,-0.14961549010349234,-0.2117780128197566,0.08926592967585784,0.10177972516390679,-0.007754985479451326
1191.0,0.2415929957138898,-0.0788710186911263,-0.006474321777604729,-0.0004469737300218241,-0.04065811894264351,0.15540891610851262,-0.15561031119663893,-0.0640209134499713,0.045910189878916326,0.09469653713889548,-0.053670408741995905,-0.1573571149975627,-0.19780513843121877,-0.07933315116707312,0.04405198958005858,-0.04221086805351054
1192.0,0.24011760337138657,-0.09085011972769731,-0.1502188141823415,-0.11328315754700659,-0.07340103326441133,0.10823008074832842,-0.14823651384580597,-0.015711878278477056,-0.002194758050324403,0.04934196989267573,-0.11903466797337453,-0.1564736427718367,-0.19408481347904602,-0.21393279084418906,0.010266846241515328,-0.06493637548529707
1193.0,0.20817361132545503,-0.10713454821881593,-0.26208759501599366,-0.20262558714393522,-0.08470866483709336,0.1311294836858097,-0.11139261747208398,0.02140070265709812,-0.04749056166901657,0.011776557717881511,-0.14687235971251097,-0.14519471173742843,-0.20111218741485007,-0.30291242797661017,0.0006283527491138941,-0.07679427000912145
1194.0,0.15482600427979953,-0.112981375248333,-0.3327804957682045,-0.25568797561236545,-0.07613886394195263,0.17884128180933528,-0.06608868215620804,0.040256929947015054,-0.08759185390100618,-0.00672233110266537,-0.14493617195511246,-0.12099435237628699,-0.21239877084049422,-0.33925204747436827,0.008588798982471576,-0.07848835833943402
1195.0,0.0967685238852658,-0.09457457902555592,-0.35494065130774594,-0.25667223048402543,-0.05054999126325208,0.2008190721270681,-0.036344817330366666,0.04447386377475112,-0.11171862071215402,0.007046749142296516,-0.11734916093410823,-0.08095399615660315,-0.21471119500022615,-0.31558563914326354,0.025688586176777328,-0.06940401125369175
1196.0,0.05288957539787345,-0.04342993453244871,-0.321412711134787,-0.19127317687808307,-0.011507627210250273,0.16563022045500128,-0.037942738226786024,0.046609039050747446,-0.1059568750199373,0.060124094240470466,-0.06372792029769067,-0.023818982457429822,-0.19149056408613596,-0.22655214113684266,0.04554992124143151,-0.048804715037837516
1197.0,0.03748648719853406,0.03926665959956408,-0.23192044771365497,-0.05795815774299802,0.03558470006686949,0.0731876284404383,-0.07221491924836729,0.06011764521891376,-0.062403977305814574,0.14571902723777122,0.01347484293623035,0.04650017476562919,-0.1301100215440123,-0.07859713403035379,0.06519950692266427,-0.018231975188469782
1198.0,0.05468678017997984,0.14059501199180918,-0.10207086186617693,0.12188662168617223,0.08229023559834467,-0.050338287509176065,-0.12780223866188112,0.08971594580086219,0.013836916421253405,0.24148560290642979,0.10068020125501208,0.1181177030772924,-0.031448137792656906,0.1011948820558978,0.08389350097965029,0.01684849184276536
1199.0,0.09741261642356866,0.2382103018730566,0.03577920598061379,0.30547274496415844,0.11813817940249091,-0.17016612855935967,-0.1880854988217177,0.12680640791007589,0.10531083634383721,0.3164913073486773,0.17353109847428497,0.1722300418765315,0.08403894093693415,0.2680045237946177,0.10131659667066756,0.04783024388399095
1200.0,0.1522738025902349,0.30790390691900166,0.1436096406153533,0.44451382560776714,0.13428664004166624,-0.260935635909081,-0.23909763948994261,0.1543210444239009,0.19020232566555934,0.34447916568869963,0.20822546210684495,0.18999563116339066,0.18105416086015177,0.37617251218182257,0.116680915315306,0.0666304643150526
1201.0,0.20669638542863097,0.3346927545541233,0.19449464445828143,0.506690517302479,0.12804458888691814,-0.3134463283373419,-0.27316332916059627,0.15872333359495427,0.2516420724285908,0.3161266671453039,0.1956950264885481,0.16284039936888262,0.22625510292481785,0.40061610935373043,0.12919629455691922,0.0705727103500199
1202.0,0.2522344321503042,0.3207169232717198,0.1837234623899197,0.48833988530786476,0.10469897907928456,-0.32966240272530867,-0.287896868641999,0.13944810637124974,0.2819816960991312,0.24230298686483556,0.14687608088150064,0.09872767246829944,0.20698703844668104,0.3478653520120149,0.1389303354946407,0.06476034281940937
1203.0,0.2825931242919596,0.28254281246590746,0.1267977417794945,0.40978906613232574,0.07416409390198589,-0.31500234787293135,-0.2842456657757456,0.10747484527588919,0.2806936106933312,0.1466303931322063,0.0849363358067557,0.018539099370782932,0.13765633763926616,0.2484686488749596,0.14630855029472328,0.05910940712262089
1204.0,0.2912013811647906,0.23989783389860825,0.047722150614185554,0.2988015946457507,0.04498232316829333,-0.27460929300838166,-0.265514827787897,0.07572120393582796,0.25061936012355457,0.054199955299966074,0.03204726549547064,-0.054408170864006,0.05013813853402682,0.1376975432109026,0.1504671058046122,0.061655706062144586
1205.0,0.2727899396026694,0.20626773376711727,-0.03209828551323358,0.1764279482489289,0.020878809869042687,-0.21453882804224497,-0.23593575148719323,0.05085302895749626,0.1974768751406321,-0.015790798959509095,0.0010033256485778826,-0.10340397767433034,-0.022317224401671425,0.03979520793179408,0.14846572246624481,0.07298295356566438
1206.0,0.22741049191439108,0.1870265513314652,-0.09819538437806181,0.0542918958643867,0.0015918657361449163,-0.14618388416846786,-0.19892178019605045,0.03211458915426538,0.13157228735455495,-0.05226221724966629,-0.00552185980684797,-0.12153927263148145,-0.057317206779598624,-0.03574495316426392,0.13614490121414238,0.08533446408968443
1207.0,0.1623999043306767,0.1813673326155911,-0.14227528163100508,-0.059299115824573596,-0.014306077991965717,-0.08970733935062727,-0.15795868884535041,0.0155417638226395,0.06730287128368116,-0.05226410765252003,0.00828836320718195,-0.11062572308763231,-0.04828650139999412,-0.08896548728561486,0.10989878206444323,0.086648189837598
1208.0,0.09057740268195409,0.18348739240218018,-0.16111334365954916,-0.15342190754329016,-0.027344754922432327,-0.0712361681640446,-0.12045289151763457,-0.0012173824626010678,0.018905496055850277,-0.020443485957711394,0.034816692242400665,-0.07885152910903408,-0.0033110945525292885,-0.12319163787270733,0.06858953271569528,0.06734904303949484
1209.0,0.0259908352941185,0.18336730766086565,-0.1576692679981729,-0.21562811145994798,-0.03721171060051784,-0.11322474302857893,-0.09979011037297851,-0.017043091161400372,-0.0054134305801398774,0.03190683154417356,0.06453578572563563,-0.038548494166203054,0.059457046083202215,-0.1428727932261236,0.014839304465008876,0.026256878035523866
1210.0,-0.021059464399954157,0.16954080310876946,-0.14208736296534455,-0.23902150994591354,-0.04413871918809507,-0.22426398463545125,-0.1110995303056579,-0.028955584500063015,-0.007219743538868984,0.08854285703529399,0.08581338635677861,-0.00392556966393172,0.11747986675347757,-0.15449960842745172,-0.04480423023300161,-0.02813692243666124
1211.0,-0.047732730907370416,0.13456773561582663,-0.12822514734239168,-0.22733940114135434,-0.04936537277913541,-0.39565083121914885,-0.16230416137888617,-0.034942540014299715,0.004065223578099752,0.13181841922451457,0.08588625553782729,0.012215303052357603,0.15063917397737175,-0.1657135660198735,-0.1006014776678483,-0.08176688724431942
1212.0,-0.058681510505083904,0.08076901997560906,-0.1266108234812377,-0.19236014816946176,-0.05413354274551368,-0.6049184004041109,-0.24711810804125187,-0.03503705461063849,0.01806749099207333,0.148126670794013,0.055056080524465395,0.003010980461195284,0.14896848903008278,-0.18119182501557216,-0.14144492751583293,-0.12131322407436049
1213.0,-0.06182223574862765,0.02163696189256748,-0.139734479547945,-0.147229829145617,-0.058760930405908705,-0.8195106467260094,-0.34497973160294804,-0.02976226520768952,0.029488371262603105,0.13253308894581523,-0.00794351380080553,-0.028725019369406128,0.11726937617772265,-0.19989871752652905,-0.15828394873673798,-0.13913870896132535
1214.0,-0.06262708367472705,-0.023722120233288135,-0.16246531156642166,-0.10238114431883821,-0.0623812428869282,-0.9966636650342053,-0.4267756131056378,-0.01807562832821438,0.03842886808484264,0.08974011043593315,-0.09323517236526378,-0.0703708717846336,0.07264225687318335,-0.21703351442788282,-0.1477813834508512,-0.13505653671913187
1215.0,-0.06129365943059478,-0.04058552582845771,-0.18567935483918066,-0.065065649444419,-0.06306617887428063,-1.0851025449700749,-0.4626113407872,0.0023050216290661975,0.045768426952749214,0.030761358524370154,-0.1821590824117764,-0.10394194379452495,0.03612274132089669,-0.22798393425820482,-0.113595845068795,-0.11458780312470007
1216.0,-0.0548029266875395,-0.026644270368957487,-0.20039658113415443,-0.03937690015054811,-0.05862250532389982,-1.037043977491397,-0.43033628118281847,0.031857851486802126,0.048404536993420885,-0.03286471367923744,-0.25415537992176496,-0.11334988777055609,0.023261820930742933,-0.2300808207692944,-0.06456666905219886,-0.08522638942002174
1217.0,-0.04131975356926613,0.007290474707473788,-0.20033920202200342,-0.025357964832081505,-0.047725723906108616,-0.829711783455926,-0.324291932286317,0.06633765936143463,0.039174466383335785,-0.09356835137593132,-0.29438336063549264,-0.09099951908292518,0.037958802012512075,-0.2213962535339759,-0.0115434197595728,-0.053504753582321644
1218.0,-0.022726978797204467,0.04346557652058258,-0.1829025222575611,-0.0190456353613026,-0.030490326387387526,-0.4835528178351721,-0.16066246644507576,0.09708816675251615,0.011532760598151571,-0.14821333199550227,-0.29814689171888453,-0.040908150871040196,0.07148440085359578,-0.19945136577808656,0.035180005036150784,-0.024247558849067236
1219.0,-0.003817109175711938,0.06533539210703182,-0.1502558081517875,-0.015355982712749025,-0.008608955525441293,-0.06270298038919017,0.02595667302969305,0.11488665590531832,-0.03573127851475947,-0.19525992154500452,-0.2707951795527619,0.022513444685798932,0.1069102157256092,-0.1628529163254878,0.06749043081607325,-0.0011318850279838592
1220.0,0.010535395759684683,0.06396991707942884,-0.10955455453241063,-0.011761375340308055,0.014677619438934439,0.3454123643558084,0.19636261365964522,0.11464592849004544,-0.09689891723413041,-0.23128691284645936,-0.22352155907243904,0.07961757614467542,0.12740966201189666,-0.11437914685505855,0.08086540321121347,0.013084826241482266
1221.0,0.01856560070903726,0.04129842231208691,-0.06897482090026762,-0.007822902911065242,0.03562667249577382,0.66030034548494,0.32444709898104646,0.09769473004388983,-0.15983913310843303,-0.2495594068768953,-0.1671165706456524,0.11315690104076377,0.12415335636666926,-0.060157503979185456,0.07561271538608247,0.017678471695030926
1222.0,0.023602984655328108,0.008688430985724029,-0.030891088636735124,5.289259905071423e-06,0.05225756549824772,0.8329410281009119,0.40701919534766356,0.07052606341987376,-0.2078901934217914,-0.24257017221759297,-0.10780076490910163,0.11514553789147801,0.0989427642664779,-0.0036488252024066423,0.056910950539882696,0.015622783443475513
1223.0,0.03308715531317748,-0.019365433877661164,0.01147267800800926,0.021535450562754726,0.06591776144670011,0.8559241595032872,0.4585633864977826,0.04145323684561478,-0.224372830429267,-0.2077430336145536,-0.0477275213111701,0.08907864063101666,0.06053491684865975,0.058993954916861276,0.032879461251972185,0.013304354582722123
1224.0,0.05439322717270271,-0.03311089937723004,0.07014203648278787,0.06841815896803337,0.08007317319277531,0.7590477900685059,0.4959804123333296,0.017079752833715475,-0.199291064827658,-0.1519563430983316,0.01168172198196353,0.046500322850818405,0.018356247660922864,0.13584283876705147,0.011284210403099314,0.01707423268065323
1225.0,0.08978771653794225,-0.03210053288721645,0.1533656507306868,0.14546897276744802,0.09660367776458513,0.5948102757253653,0.5264422927131862,2.6924935188087633e-05,-0.13479590933690747,-0.0907249837020755,0.0667177328263165,0.0011088602481095088,-0.021467913042321277,0.23036168194039988,-0.0036217655317053636,0.028938249107088955
1226.0,0.13354814710926227,-0.023870261140629994,0.25716158534256894,0.2455680470729943,0.11263215132461214,0.4202682631006513,0.547145468655248,-0.010709887487952709,-0.04619876406926038,-0.042322160934918716,0.11020896690560214,-0.03521804017482428,-0.05541813772211188,0.33467225470742923,-0.01250031910745812,0.04515523412572609
1227.0,0.172911084043494,-0.018153545442744314,0.3631397570160281,0.35158813346657436,0.12139343399581144,0.28147813551974527,0.5537651856400293,-0.01680133181419479,0.041900753122664926,-0.020970723988397652,0.13251146761846663,-0.05321634367128087,-0.0790220102639699,0.4304182611142206,-0.019309300344459376,0.05918891809765588
1228.0,0.1923772135341202,-0.02078807827180628,0.4437932120432133,0.4418287312188233,0.117051953024816,0.20385376125780086,0.5469785999503847,-0.017769725722759734,0.1024429217724163,-0.03273525116972541,0.12380267320071363,-0.04669889989445575,-0.08544829597555892,0.49537540246185485,-0.027267722732094306,0.06646216702375922
1229.0,0.179462441291079,-0.030983202118162294,0.4714495724840347,0.49445280371404554,0.09920466363082084,0.1889973093557113,0.5308132172586545,-0.011460472317769777,0.11358300957973905,-0.07439333578256212,0.07652301041105714,-0.015377750621267844,-0.06979897737972396,0.5104748602479935,-0.03541704062705788,0.06692064669991352
1230.0,0.1301228252708776,-0.04292110559692172,0.4277151169010955,0.4917207389731563,0.07355345757679498,0.21807309270639363,0.5070244983859233,0.0024285484341080004,0.06616935691378097,-0.1340022572631408,-0.01127320149848441,0.03192919662973013,-0.036050429846978774,0.4655689746124639,-0.038652012738931,0.06415263221219056
1231.0,0.05229763553653211,-0.05043237164369056,0.31317685679222973,0.4267048345052093,0.0491471651123831,0.2620000915012172,0.4735873719485332,0.019305870940172234,-0.030416256954805574,-0.19324277735071402,-0.13023711724342804,0.07842979468664638,0.0008071480044191784,0.3649944053751404,-0.03142401869947169,0.0627351444604009
1232.0,-0.03438597185410695,-0.051949777192919565,0.1544025060031574,0.30997858425828967,0.03438959669963731,0.2960373081519667,0.42938651078124795,0.030465997690918643,-0.1476337663133686,-0.23198686882269753,-0.25430262379234964,0.10632804229258558,0.021192055440393952,0.23066276172498568,-0.012493576347364508,0.06576610935864552
1233.0,-0.1037112378671818,-0.05183159249964244,0.0008659581095061473,0.16998048907102,0.03371056681896198,0.3117725598561542,0.3799468458655071,0.028013215740998673,-0.24561884386086275,-0.2338712462760711,-0.34227447687359563,0.10575443128374443,0.01208445421738114,0.09794855029552116,0.01303314340583882,0.07373928081990226
1234.0,-0.13144717956786311,-0.05650054295772493,-0.09108643804144004,0.04452621692584977,0.046224106005569324,0.3198824483002596,0.3386145216884711,0.010608118592108844,-0.2874325470897485,-0.19130921242430501,-0.3501505645917363,0.0799174093358956,-0.024901765244192894,0.004218023965318071,0.03595065586049532,0.08488519032241022
1235.0,-0.10454537718008458,-0.06916920989322356,-0.08035452985150998,-0.03273809370184243,0.06634933931468114,0.34359077616160855,0.3224548594919955,-0.014748208312201692,-0.25288934816169184,-0.10902462999195053,-0.24962653878793017,0.043332593404995456,-0.07406920470972976,-0.0242397234200846,0.047173443436761726,0.0961596934252387
1236.0,-0.027319814564857842,-0.08796256839771176,0.04186541058378041,-0.04449459476251637,0.08553659838949847,0.40738513930659775,0.34535324547095286,-0.03654261517261266,-0.14584524746334157,-0.004282132929895975,-0.042916413136951694,0.014393226492789594,-0.11408655834840983,0.01938750496088351,0.040866023014313316,0.10423394768109467
1237.0,0.07884696037592298,-0.10777665592318218,0.24875490577308443,0.005353661258322622,0.09513755462156445,0.5239729602320385,0.41045089328651285,-0.045071010573659816,0.007647204669339259,0.09827277279801924,0.2344767762992214,0.006670747564962075,-0.12861569056074992,0.12200282974229931,0.016028163714214276,0.10640227494036501
1238.0,0.18296195254440278,-0.12306962981319754,0.48925577117851726,0.09618373723191523,0.09021477105897117,0.6815385033473862,0.5040888291721461,-0.037015350195155214,0.16920709119261404,0.17597048447360622,0.5242540018973815,0.023289701601550927,-0.11313788759412684,0.25725716510251195,-0.022586413929095828,0.10119102238029813
1239.0,0.2556805388896013,-0.12950582489782866,0.7060973174734319,0.2002795126874839,0.07208461145304096,0.8383985257215567,0.595508920802917,-0.016344543214740805,0.3013306089758812,0.21638191107991134,0.7629011688180155,0.0563642910656047,-0.07517204456823545,0.39433713564188855,-0.06489002320619099,0.0883734984458015
1240.0,0.2790957877289504,-0.12460325540208222,0.8508353987867374,0.29082884851039137,0.04739228516248313,0.9345511979459805,0.6461901674739476,0.007980077415084228,0.3781645622396717,0.2193461055965342,0.8987379980017179,0.09088406416865567,-0.02937559685744164,0.5042411831378526,-0.09885135462810694,0.06862548916810524
1241.0,0.2510827585416748,-0.10887535777433706,0.8927134805075971,0.34600591789493784,0.02423416395513426,0.9185556404831878,0.6261086508495394,0.025783855837769987,0.39075138834272705,0.19286237688356275,0.9042915880958007,0.11083951080155388,0.008436103446331807,0.5635254282196371,-0.11607045793357539,0.043532348548814076
1242.0,0.18372165604765933,-0.08727415073043761,0.8234406672939807,0.3521245333604539,0.008152033801865823,0.7725708907799431,0.5272600962508592,0.029563397381811057,0.347378540563139,0.14809274771437653,0.7827753464303503,0.10535004314183578,0.026110395877977498,0.5584977403465171,-0.1154805758214781,0.016302093328529964
1243.0,0.09840882642171607,-0.06790925121386995,0.6591002597254875,0.3080770106775301,0.0006220535375568417,0.5188667142454609,0.36630790627732196,0.017905594965574007,0.2704101184232098,0.0975808115190074,0.5676957347317906,0.07312842514629043,0.019201202760587743,0.49026672038446906,-0.10189543603747517,-0.007796409187153307
1244.0,0.019779601019786357,-0.0568730806263967,0.436916865602839,0.22756511201831986,0.00018050317710196668,0.2073722724472986,0.17590611244264742,-0.002963158904017582,0.18905378813769208,0.054821366190098406,0.31401841959946236,0.02350503651914537,-0.006489875653535554,0.3759074387922226,-0.0810704869293719,-0.02290573279468136
1245.0,-0.03146413495440871,-0.053880740423149366,0.20473872236329202,0.1338116420709622,0.004038216953661458,-0.10483229146259704,-0.010123042401234201,-0.021598661369454094,0.12836894545447242,0.03123832123343226,0.0813568152920744,-0.02731212570709813,-0.03651296122116686,0.24132138358578983,-0.05621557110836659,-0.02597320729291183
1246.0,-0.04562134109431019,-0.05385417686241323,0.005907830929795262,0.04804224100102997,0.008589535950470007,-0.37206085956828605,-0.1701155435257171,-0.02733855605079352,0.09919534915458067,0.03129255076721387,-0.085184899990247,-0.06350509419414337,-0.05439607219859529,0.10914667410443786,-0.0286266818876421,-0.019779017119469985
1247.0,-0.02720825401135972,-0.05227347528866715,-0.1337284740164338,-0.020007054053151407,0.009492733126937724,-0.5701669748185302,-0.29862944131612396,-0.016174606913140224,0.09500750107124518,0.05004881024343365,-0.1678677767998254,-0.07639673269227065,-0.0500402509696816,-0.009318517735688975,-0.0006191773536638639,-0.01283089900352247
1248.0,0.008331275655412678,-0.047862386930042834,-0.2110284204248555,-0.07334903545142941,0.0025902971545624823,-0.6957353718767566,-0.39974164034437565,0.007284826328782001,0.0973974433898339,0.07530584348767907,-0.1775504351882184,-0.06683879517923451,-0.02422013526192832,-0.1136134558171348,0.02275621583507703,-0.015332404918792019
1249.0,0.04252456074652729,-0.04064899652771515,-0.24193710800927196,-0.12230908019466523,-0.014566952511320102,-0.7587453592457231,-0.477834623960754,0.032759022049853065,0.08671000784055655,0.0929045251534789,-0.1445077926938925,-0.0427171115179464,0.014094561366384135,-0.2084340258053308,0.03483171112677254,-0.033561833154781846
1250.0,0.0613461261803498,-0.02929406707419097,-0.25173678703466257,-0.17719230805061456,-0.04183542892731604,-0.7765051165299169,-0.5346203359567561,0.049890754218456915,0.052081876801930334,0.09254427262975935,-0.10445242977853145,-0.014320000680489801,0.0546775213539736,-0.2976829708722161,0.03004762879605528,-0.06625039171643182
1251.0,0.058658669084783815,-0.011617634806594232,-0.26355861615401927,-0.24193392429995011,-0.07662168761188902,-0.7710719592831802,-0.5716276967425051,0.05260735056619798,-0.004036046788158137,0.07137185197125195,-0.08580377447370188,0.009375916783996862,0.09080205989262685,-0.3803139003915423,0.006270411157552391,-0.10477672822784788
1252.0,0.035663924510764486,0.012367668395172908,-0.29022958528846704,-0.31131841641290614,-0.11446157762584785,-0.765892870961734,-0.5922000804833772,0.04011589909947198,-0.06844993614209692,0.03382085477394701,-0.10223772406154133,0.02264443295249349,0.11891797931223122,-0.44964123114921534,-0.03417447399434834,-0.13673565248036293
1253.0,-0.0017812972205824647,0.03861703931825489,-0.33311924417815925,-0.3744413472072251,-0.14997313699518217,-0.7788696669909898,-0.6007754988856122,0.015592684353977102,-0.12450265113477287,-0.0114007188011749,-0.1522412547098608,0.023720573167041775,0.13582447276914045,-0.4975223879094422,-0.08499281692171126,-0.15141030192132127
1254.0,-0.04629312235989165,0.06013650552445199,-0.38694133960912175,-0.422247750851214,-0.1784495822497173,-0.815782250242369,-0.6010162800789375,-0.01565027205395711,-0.15968507813041874,-0.05479110237944093,-0.2246757162630716,0.014273584642672914,0.13714378805437824,-0.5206269462552354,-0.13793977804150562,-0.14492353524199472
1255.0,-0.0911398807632424,0.06985553937631005,-0.4449777815480464,-0.45211478649438036,-0.1970612408312576,-0.8703338209840554,-0.5939731196581297,-0.04780830838034874,-0.16985807848011586,-0.08827543667245692,-0.3061511332791112,-0.0022946208372054758,0.11912763816800037,-0.5228334051790576,-0.18519159755667183,-0.12202346747496708
1256.0,-0.13112546995062535,0.0640321497907622,-0.5000570061782121,-0.4655304332921605,-0.2042320117699296,-0.9307440445597112,-0.5764056319363269,-0.07562549412564605,-0.15898443955846958,-0.1063278741149297,-0.3851355525369265,-0.02241330555520915,0.08325824292953883,-0.5111577024218955,-0.22009021843379387,-0.09253611141678574
1257.0,-0.16331364046585853,0.04499889836140242,-0.5423553855743688,-0.46244416150190387,-0.19786965524021385,-0.9860748076758,-0.5399107505548233,-0.09463833318942878,-0.13622180616824403,-0.10709595181472267,-0.4513489174690305,-0.042608262437389376,0.04004805974018396,-0.48883385750865577,-0.2357861253139141,-0.06452560597990091
1258.0,-0.18793148693428577,0.021208891146634903,-0.5590728591338145,-0.4386019733995657,-0.17481181306361718,-1.0276158011054313,-0.47253335972687743,-0.10133091963567525,-0.11278727547960138,-0.09331111697239743,-0.49423837764065814,-0.058967553082654674,0.0077168601201692815,-0.4515613659300145,-0.2240636103001323,-0.039496780616721926
1259.0,-0.20784456566593115,0.0036286480435285652,-0.5384767726983031,-0.3883317427749227,-0.13254829657492642,-1.0475570383447363,-0.36437792677090136,-0.09394026629505875,-0.09876502883514368,-0.07128301040112824,-0.5046317842903173,-0.06718412810992287,0.0050337187272035564,-0.3901063409429794,-0.17710287561865415,-0.013023674513387283
1260.0,-0.22554445305828108,0.00020020159462538507,-0.4755273455177847,-0.3100595264671862,-0.07181484333505098,-1.0392064666088547,-0.21618005704305063,-0.0732964814081409,-0.09877848170513524,-0.04716441645509501,-0.4781771212584045,-0.06381171995275911,0.04236259506437896,-0.29763842495688375,-0.09197578605259943,0.020901500727690252
1261.0,-0.23911646260033578,0.011300115714586927,-0.3750707478102859,-0.21023103127238182,0.0020253461462535465,-0.9986566163927778,-0.045705597295050714,-0.0425628194089866,-0.10788094462787307,-0.02218854357892308,-0.4162933817282253,-0.048084908190682354,0.11603361895239858,-0.17721172270902397,0.025245395069735325,0.06543305670707439
1262.0,,,,,,,,,,,,,,,,
1263.0,,,,,,,,,,,,,,,,
1264.0,,,,,,,,,,,,,,,,
1265.0,,,,,,,,,,,,,,,,
1266.0,,,,,,,,,,,,,,,,
1267.0,,,,,,,,,,,,,,,,
1268.0,,,,,,,,,,,,,,,,
1269.0,-0.02313468238950986,-0.1886368778237221,-0.02338242450383561,-0.09936228694150631,0.0017770653611259878,0.8625174536817172,-0.13420653845252498,0.050979895026685394,0.09976498211711905,0.0923090530562683,0.26549394059180026,-0.09134588320619862,-0.26083370923217963,-0.13704495178036366,0.152813260766189,-0.03715441183554118
1270.0,-0.12280801218486416,-0.19979074335169514,-0.13591933087796138,-0.190135932195741,-0.1255309520605135,1.0880074486274502,-0.19924665645854328,0.00023333141476730956,-0.020480232114434546,-0.05873065180858155,0.19395206737725426,-0.11944546420810707,-0.40973620995363264,-0.2623571594500058,-0.0016597321287218103,-0.11721724818591511
1271.0,-0.2582503654220549,-0.21768079762910483,-0.2638922708204169,-0.2806891870950867,-0.25774016305663994,1.204197703399328,-0.24901296664478847,-0.06710516018619879,-0.1763849603008718,-0.23663024798630838,0.07995880234562824,-0.14248904559090905,-0.5255225343959858,-0.38028086385800247,-0.1595805343559879,-0.1792495013766891
1272.0,-0.40618196798080625,-0.25282709466537284,-0.3915237994563414,-0.3671485196282517,-0.3788114108654334,1.2100094823507441,-0.2978422451551479,-0.14485822286810932,-0.3403521643193853,-0.4162459608078118,-0.05481137095197879,-0.1626130151077756,-0.6063905362866712,-0.4893167178608285,-0.30862563516348696,-0.22316238877343086
1273.0,-0.5405025283834276,-0.3002182455365631,-0.5019546370726727,-0.44799003837915163,-0.47196032037853075,1.1263149588408736,-0.3552399671413837,-0.22195172014926165,-0.48560015765206704,-0.5713408072118905,-0.18412498643840003,-0.18096265118078253,-0.6541619248382697,-0.5903346074416507,-0.4362254103176048,-0.2535512467925632
1274.0,-0.6376266234016192,-0.33971809059151986,-0.5789350322797391,-0.5223824693508257,-0.5214811178562554,0.9863538489324601,-0.4177620620314042,-0.28450506496932176,-0.5904480107308715,-0.6769810724324841,-0.2838087372276119,-0.19650040033816235,-0.6688786439649526,-0.6804682992411738,-0.5272765548019319,-0.273654829435291
1275.0,-0.6813353798550442,-0.34537735716755213,-0.6108653712983219,-0.5894411856053983,-0.5168024872883477,0.8236573595190926,-0.46909467710813063,-0.32024264040097106,-0.6412353950977674,-0.7125691472044001,-0.3380347913422212,-0.20600617106320482,-0.6466736562300263,-0.750849656405847,-0.5655821061932589,-0.28203277641609503
1276.0,-0.666386786741759,-0.2978922601867417,-0.5961770629321348,-0.6476519308714892,-0.45726325382769484,0.6626848636287688,-0.4888199745893609,-0.32302022495567784,-0.6351836641559695,-0.6668730691603627,-0.3432265106934777,-0.20459273528986996,-0.5821237284356341,-0.7888860255275522,-0.5391905792663864,-0.27344825121634825
1277.0,-0.60015068036168,-0.19417314244992928,-0.5457153131431046,-0.693039220540982,-0.3548306840887003,0.5147304197067154,-0.4640677290811901,-0.29561694163979796,-0.5821594510620564,-0.5444545967693916,-0.3086130336813302,-0.18689694808590598,-0.47365245940178236,-0.7826642983163536,-0.4474159259948287,-0.2425318911844866
1278.0,-0.5007940549696226,-0.05063810266134561,-0.4785096517581725,-0.7160272716851998,-0.23266157525835254,0.3784289352891091,-0.39677949081571856,-0.24980980633425662,-0.5027937894482248,-0.36968027400676284,-0.25361931122651804,-0.14940157514344538,-0.32898625359586314,-0.724640167536345,-0.3059203082423287,-0.18789856656985407
1279.0,,,,,,,,,,,,,,,,
1280.0,,,,,,,,,,,,,,,,
1281.0,,,,,,,,,,,,,,,,
1282.0,,,,,,,,,,,,,,,,
1283.0,,,,,,,,,,,,,,,,
1284.0,,,,,,,,,,,,,,,,
1285.0,,,,,,,,,,,,,,,,
1286.0,0.6340416455129365,0.12500600353593955,0.5340153409571367,0.6037649223510431,0.10082282768835032,-0.6469325042007693,0.040218781610807525,0.04758438710881051,0.3306031852165157,0.18579495779819005,-0.046693437392341545,0.12076536374934788,0.2631641195412522,0.4075113704089709,0.03570936520880312,-0.025490529113684147
1287.0,0.6645704738237519,0.040235944440765586,0.5537946313229144,0.5260677544618625,0.08295716520730752,-0.5266892724042647,0.030106866632997015,0.09514315781678138,0.403246182871346,0.2078599845164058,-0.004030840487993876,0.06310100715660123,0.2308599016871765,0.2927081705296488,-0.026186056422780477,-0.11508618264398641
1288.0,0.5818865049684561,-0.021331570084247808,0.4590701802852692,0.33780133878070967,0.0549657504408947,-0.3361231026432825,0.042694845324569,0.12902724237323868,0.40016871134475607,0.23963251385213805,0.025836091831626277,0.00897104771405058,0.19518629714125596,0.14319552346567452,-0.06170419481302127,-0.18062094355495897
1289.0,0.41071917619687837,-0.03279725376254804,0.2857070156452108,0.09910150309981462,0.03207489431334318,-0.12345164866690386,0.07873570812629918,0.1540862658117718,0.3298262706527857,0.28180691690850146,0.046671410733320186,-0.021460718840210398,0.1710493395323372,0.010313284408637914,-0.05481385054692371,-0.20143657181560345
